POPULAÇÃO INICIAL:
Individuo 1:
{
  "Posicao": [7 5 7 0 3]
             [2 1 1 2 1],
  "Velocidade": [0. 0. 0. 0. 0.]
                [0. 0. 0. 0. 0.],
  "funcao_objetivo": 0.98851142115399362017452312307107276609829438104104,
  "confiabilidade_total": 0.98851142115399362017452312307107276609829438104104
}
 
Individuo 2:
{
  "Posicao": [5 6 1 7 3]
             [2 1 1 2 1],
  "Velocidade": [0. 0. 0. 0. 0.]
                [0. 0. 0. 0. 0.],
  "funcao_objetivo": 0.98800758057471945759943220553270204940110372632789,
  "confiabilidade_total": 0.98800758057471945759943220553270204940110372632789
}
 
Individuo 3:
{
  "Posicao": [9 5 8 7 8]
             [2 2 1 1 1],
  "Velocidade": [0. 0. 0. 0. 0.]
                [0. 0. 0. 0. 0.],
  "funcao_objetivo": 0.98715469879535842153012876199262275965705584572557,
  "confiabilidade_total": 0.98715469879535842153012876199262275965705584572557
}
 
Individuo 4:
{
  "Posicao": [8 9 8 2 7]
             [1 2 2 1 1],
  "Velocidade": [0. 0. 0. 0. 0.]
                [0. 0. 0. 0. 0.],
  "funcao_objetivo": 0.98549759420883959594802733574192568223508435550575,
  "confiabilidade_total": 0.98549759420883959594802733574192568223508435550575
}
 
Individuo 5:
{
  "Posicao": [0 2 5 0 5]
             [2 1 1 1 1],
  "Velocidade": [0. 0. 0. 0. 0.]
                [0. 0. 0. 0. 0.],
  "funcao_objetivo": 0.97939169416885719102641310451439255570790105307927,
  "confiabilidade_total": 0.97939169416885719102641310451439255570790105307927
}
 
Individuo 6:
{
  "Posicao": [2 0 7 2 1]
             [1 1 2 1 1],
  "Velocidade": [0. 0. 0. 0. 0.]
                [0. 0. 0. 0. 0.],
  "funcao_objetivo": 0.97865807291684062189417045379890107152670063015230,
  "confiabilidade_total": 0.97865807291684062189417045379890107152670063015230
}
 
Individuo 7:
{
  "Posicao": [2 3 1 0 7]
             [1 1 2 1 1],
  "Velocidade": [0. 0. 0. 0. 0.]
                [0. 0. 0. 0. 0.],
  "funcao_objetivo": 0.97854313506895451077649621870211774751033121769140,
  "confiabilidade_total": 0.97854313506895451077649621870211774751033121769140
}
 
Individuo 8:
{
  "Posicao": [8 0 7 8 4]
             [2 1 2 1 1],
  "Velocidade": [0. 0. 0. 0. 0.]
                [0. 0. 0. 0. 0.],
  "funcao_objetivo": 0.97845511744503273585827603528251628680059127542821,
  "confiabilidade_total": 0.97845511744503273585827603528251628680059127542821
}
 
Individuo 9:
{
  "Posicao": [5 5 6 0 8]
             [3 1 1 1 1],
  "Velocidade": [0. 0. 0. 0. 0.]
                [0. 0. 0. 0. 0.],
  "funcao_objetivo": 0.97593898462404917673822575569105669203776138783195,
  "confiabilidade_total": 0.97593898462404917673822575569105669203776138783195
}
 
Individuo 10:
{
  "Posicao": [3 8 5 0 8]
             [1 1 2 1 2],
  "Velocidade": [0. 0. 0. 0. 0.]
                [0. 0. 0. 0. 0.],
  "funcao_objetivo": 0.97564572754574997085311823927069204544283600782491,
  "confiabilidade_total": 0.97564572754574997085311823927069204544283600782491
}
 
Individuo 11:
{
  "Posicao": [8 0 0 5 7]
             [1 1 1 2 1],
  "Velocidade": [0. 0. 0. 0. 0.]
                [0. 0. 0. 0. 0.],
  "funcao_objetivo": 0.97510121798286635348890584945776887460499017776329,
  "confiabilidade_total": 0.97510121798286635348890584945776887460499017776329
}
 
Individuo 12:
{
  "Posicao": [1 5 4 7 8]
             [1 1 1 3 1],
  "Velocidade": [0. 0. 0. 0. 0.]
                [0. 0. 0. 0. 0.],
  "funcao_objetivo": 0.97473633206262092795561602007284090476515377253785,
  "confiabilidade_total": 0.97473633206262092795561602007284090476515377253785
}
 
Individuo 13:
{
  "Posicao": [4 9 0 7 5]
             [1 1 1 2 1],
  "Velocidade": [0. 0. 0. 0. 0.]
                [0. 0. 0. 0. 0.],
  "funcao_objetivo": 0.97384951415517409319485150085324333443699874990085,
  "confiabilidade_total": 0.97384951415517409319485150085324333443699874990085
}
 
Individuo 14:
{
  "Posicao": [7 4 2 1 0]
             [2 1 1 1 1],
  "Velocidade": [0. 0. 0. 0. 0.]
                [0. 0. 0. 0. 0.],
  "funcao_objetivo": 0.97353557120220994226269495195796938337482629001133,
  "confiabilidade_total": 0.97353557120220994226269495195796938337482629001133
}
 
Individuo 15:
{
  "Posicao": [8 7 5 2 2]
             [1 1 3 1 1],
  "Velocidade": [0. 0. 0. 0. 0.]
                [0. 0. 0. 0. 0.],
  "funcao_objetivo": 0.97273299731035290095620699612256308413537854655702,
  "confiabilidade_total": 0.97273299731035290095620699612256308413537854655702
}
 
Individuo 16:
{
  "Posicao": [8 5 3 8 8]
             [1 2 1 2 1],
  "Velocidade": [0. 0. 0. 0. 0.]
                [0. 0. 0. 0. 0.],
  "funcao_objetivo": 0.97033984643712026317320353890262145499623346325764,
  "confiabilidade_total": 0.97033984643712026317320353890262145499623346325764
}
 
Individuo 17:
{
  "Posicao": [7 6 7 3 1]
             [1 1 3 1 1],
  "Velocidade": [0. 0. 0. 0. 0.]
                [0. 0. 0. 0. 0.],
  "funcao_objetivo": 0.97013166652609817975920384740268917514581664626180,
  "confiabilidade_total": 0.97013166652609817975920384740268917514581664626180
}
 
Individuo 18:
{
  "Posicao": [4 0 3 5 5]
             [1 1 1 2 1],
  "Velocidade": [0. 0. 0. 0. 0.]
                [0. 0. 0. 0. 0.],
  "funcao_objetivo": 0.96978730416799348699943757964022430787019516740051,
  "confiabilidade_total": 0.96978730416799348699943757964022430787019516740051
}
 
Individuo 19:
{
  "Posicao": [9 1 1 9 5]
             [2 1 1 1 1],
  "Velocidade": [0. 0. 0. 0. 0.]
                [0. 0. 0. 0. 0.],
  "funcao_objetivo": 0.96847764048341190418470057551960467906899575185455,
  "confiabilidade_total": 0.96847764048341190418470057551960467906899575185455
}
 
Individuo 20:
{
  "Posicao": [5 5 7 8 8]
             [1 2 1 2 1],
  "Velocidade": [0. 0. 0. 0. 0.]
                [0. 0. 0. 0. 0.],
  "funcao_objetivo": 0.96830185515753247904962236626003073823684667142377,
  "confiabilidade_total": 0.96830185515753247904962236626003073823684667142377
}
 
Individuo 21:
{
  "Posicao": [0 3 3 7 7]
             [2 1 1 1 1],
  "Velocidade": [0. 0. 0. 0. 0.]
                [0. 0. 0. 0. 0.],
  "funcao_objetivo": 0.96819892909416197754052187528153301567069129752262,
  "confiabilidade_total": 0.96819892909416197754052187528153301567069129752262
}
 
Individuo 22:
{
  "Posicao": [7 4 5 7 9]
             [1 1 3 1 1],
  "Velocidade": [0. 0. 0. 0. 0.]
                [0. 0. 0. 0. 0.],
  "funcao_objetivo": 0.96722792292993581378905830059250768707481987734946,
  "confiabilidade_total": 0.96722792292993581378905830059250768707481987734946
}
 
Individuo 23:
{
  "Posicao": [8 8 6 2 4]
             [1 1 2 1 1],
  "Velocidade": [0. 0. 0. 0. 0.]
                [0. 0. 0. 0. 0.],
  "funcao_objetivo": 0.96696310315497920078777062820584140163301964023423,
  "confiabilidade_total": 0.96696310315497920078777062820584140163301964023423
}
 
Individuo 24:
{
  "Posicao": [5 5 6 5 2]
             [1 1 1 3 1],
  "Velocidade": [0. 0. 0. 0. 0.]
                [0. 0. 0. 0. 0.],
  "funcao_objetivo": 0.96684599607258533755547823049136771813172811657034,
  "confiabilidade_total": 0.96684599607258533755547823049136771813172811657034
}
 
Individuo 25:
{
  "Posicao": [5 6 4 0 9]
             [1 1 1 2 1],
  "Velocidade": [0. 0. 0. 0. 0.]
                [0. 0. 0. 0. 0.],
  "funcao_objetivo": 0.96677624217924732504442380054657937070807230480658,
  "confiabilidade_total": 0.96677624217924732504442380054657937070807230480658
}
 
Individuo 26:
{
  "Posicao": [7 1 8 5 0]
             [1 3 1 1 1],
  "Velocidade": [0. 0. 0. 0. 0.]
                [0. 0. 0. 0. 0.],
  "funcao_objetivo": 0.96633648912333111078951333204219306552469477297049,
  "confiabilidade_total": 0.96633648912333111078951333204219306552469477297049
}
 
Individuo 27:
{
  "Posicao": [5 8 7 8 5]
             [1 1 1 2 3],
  "Velocidade": [0. 0. 0. 0. 0.]
                [0. 0. 0. 0. 0.],
  "funcao_objetivo": 0.96506668452319058429650432776055902395221047952458,
  "confiabilidade_total": 0.96506668452319058429650432776055902395221047952458
}
 
Individuo 28:
{
  "Posicao": [9 5 3 0 5]
             [1 2 1 1 1],
  "Velocidade": [0. 0. 0. 0. 0.]
                [0. 0. 0. 0. 0.],
  "funcao_objetivo": 0.96465262804394812313223071769620841382049656607086,
  "confiabilidade_total": 0.96465262804394812313223071769620841382049656607086
}
 
Individuo 29:
{
  "Posicao": [0 2 1 1 6]
             [1 1 1 1 1],
  "Velocidade": [0. 0. 0. 0. 0.]
                [0. 0. 0. 0. 0.],
  "funcao_objetivo": 0.96462453555282865921834023010074802498082786596255,
  "confiabilidade_total": 0.96462453555282865921834023010074802498082786596255
}
 
Individuo 30:
{
  "Posicao": [7 5 6 8 5]
             [1 1 3 1 1],
  "Velocidade": [0. 0. 0. 0. 0.]
                [0. 0. 0. 0. 0.],
  "funcao_objetivo": 0.96448056295045112584812543170798561231411778649646,
  "confiabilidade_total": 0.96448056295045112584812543170798561231411778649646
}
 
Individuo 31:
{
  "Posicao": [3 7 7 8 9]
             [1 2 1 1 1],
  "Velocidade": [0. 0. 0. 0. 0.]
                [0. 0. 0. 0. 0.],
  "funcao_objetivo": 0.96362106913575618976524540925362403791843727327974,
  "confiabilidade_total": 0.96362106913575618976524540925362403791843727327974
}
 
Individuo 32:
{
  "Posicao": [2 5 3 8 2]
             [1 1 2 1 1],
  "Velocidade": [0. 0. 0. 0. 0.]
                [0. 0. 0. 0. 0.],
  "funcao_objetivo": 0.96349456497529501721606548791100615775826503305177,
  "confiabilidade_total": 0.96349456497529501721606548791100615775826503305177
}
 
Individuo 33:
{
  "Posicao": [6 4 5 3 7]
             [1 2 1 1 1],
  "Velocidade": [0. 0. 0. 0. 0.]
                [0. 0. 0. 0. 0.],
  "funcao_objetivo": 0.96315355418630164434398909264228305485359683886955,
  "confiabilidade_total": 0.96315355418630164434398909264228305485359683886955
}
 
Individuo 34:
{
  "Posicao": [5 2 8 4 6]
             [1 2 1 1 1],
  "Velocidade": [0. 0. 0. 0. 0.]
                [0. 0. 0. 0. 0.],
  "funcao_objetivo": 0.96276346495393746391440672463119982896977876883659,
  "confiabilidade_total": 0.96276346495393746391440672463119982896977876883659
}
 
Individuo 35:
{
  "Posicao": [6 9 1 6 0]
             [2 1 1 1 1],
  "Velocidade": [0. 0. 0. 0. 0.]
                [0. 0. 0. 0. 0.],
  "funcao_objetivo": 0.96189204121728188090286240270590308386222481709985,
  "confiabilidade_total": 0.96189204121728188090286240270590308386222481709985
}
 
Individuo 36:
{
  "Posicao": [2 8 9 6 5]
             [2 1 1 1 1],
  "Velocidade": [0. 0. 0. 0. 0.]
                [0. 0. 0. 0. 0.],
  "funcao_objetivo": 0.96128037917291496945896552542023359462721296317232,
  "confiabilidade_total": 0.96128037917291496945896552542023359462721296317232
}
 
Individuo 37:
{
  "Posicao": [5 2 9 5 7]
             [1 1 1 2 1],
  "Velocidade": [0. 0. 0. 0. 0.]
                [0. 0. 0. 0. 0.],
  "funcao_objetivo": 0.96000088418312302575982140579828235340531177665020,
  "confiabilidade_total": 0.96000088418312302575982140579828235340531177665020
}
 
Individuo 38:
{
  "Posicao": [7 5 1 0 8]
             [1 1 1 1 2],
  "Velocidade": [0. 0. 0. 0. 0.]
                [0. 0. 0. 0. 0.],
  "funcao_objetivo": 0.95881611400128881991307508431187867171885697173098,
  "confiabilidade_total": 0.95881611400128881991307508431187867171885697173098
}
 
Individuo 39:
{
  "Posicao": [1 3 1 7 7]
             [1 1 1 1 2],
  "Velocidade": [0. 0. 0. 0. 0.]
                [0. 0. 0. 0. 0.],
  "funcao_objetivo": 0.95669953079597211479238543813528234245049910833002,
  "confiabilidade_total": 0.95669953079597211479238543813528234245049910833002
}
 
Individuo 40:
{
  "Posicao": [5 1 2 4 6]
             [1 1 1 1 2],
  "Velocidade": [0. 0. 0. 0. 0.]
                [0. 0. 0. 0. 0.],
  "funcao_objetivo": 0.95604804064524017703907616810112331377953572442966,
  "confiabilidade_total": 0.95604804064524017703907616810112331377953572442966
}
 
Individuo 41:
{
  "Posicao": [1 7 5 1 7]
             [1 1 1 1 2],
  "Velocidade": [0. 0. 0. 0. 0.]
                [0. 0. 0. 0. 0.],
  "funcao_objetivo": 0.95564335300193229591850506032387850104340196575511,
  "confiabilidade_total": 0.95564335300193229591850506032387850104340196575511
}
 
Individuo 42:
{
  "Posicao": [7 0 6 5 5]
             [1 1 1 1 3],
  "Velocidade": [0. 0. 0. 0. 0.]
                [0. 0. 0. 0. 0.],
  "funcao_objetivo": 0.95243553020103030451219519421845565591091973159790,
  "confiabilidade_total": 0.95243553020103030451219519421845565591091973159790
}
 
Individuo 43:
{
  "Posicao": [9 1 1 8 0]
             [1 1 1 1 1],
  "Velocidade": [0. 0. 0. 0. 0.]
                [0. 0. 0. 0. 0.],
  "funcao_objetivo": 0.94972915962641471169522845562823836343155844944340,
  "confiabilidade_total": 0.94972915962641471169522845562823836343155844944340
}
 
Individuo 44:
{
  "Posicao": [8 2 9 1 5]
             [1 1 1 1 3],
  "Velocidade": [0. 0. 0. 0. 0.]
                [0. 0. 0. 0. 0.],
  "funcao_objetivo": 0.94944207019933801665654330947077043986798057795025,
  "confiabilidade_total": 0.94944207019933801665654330947077043986798057795025
}
 
Individuo 45:
{
  "Posicao": [2 8 5 1 6]
             [1 1 1 1 1],
  "Velocidade": [0. 0. 0. 0. 0.]
                [0. 0. 0. 0. 0.],
  "funcao_objetivo": 0.94853740016094265269511258672194392827204539149730,
  "confiabilidade_total": 0.94853740016094265269511258672194392827204539149730
}
 
Individuo 46:
{
  "Posicao": [7 5 2 7 7]
             [1 1 1 1 2],
  "Velocidade": [0. 0. 0. 0. 0.]
                [0. 0. 0. 0. 0.],
  "funcao_objetivo": 0.94668167107477562723523253389618807456810671710369,
  "confiabilidade_total": 0.94668167107477562723523253389618807456810671710369
}
 
Individuo 47:
{
  "Posicao": [6 8 0 9 2]
             [1 1 1 1 1],
  "Velocidade": [0. 0. 0. 0. 0.]
                [0. 0. 0. 0. 0.],
  "funcao_objetivo": 0.94355668931719643940654019877248957102990465499963,
  "confiabilidade_total": 0.94355668931719643940654019877248957102990465499963
}
 
Individuo 48:
{
  "Posicao": [4 6 5 3 1]
             [1 1 1 1 1],
  "Velocidade": [0. 0. 0. 0. 0.]
                [0. 0. 0. 0. 0.],
  "funcao_objetivo": 0.94294649844965782853581224226798381015302908483861,
  "confiabilidade_total": 0.94294649844965782853581224226798381015302908483861
}
 
Individuo 49:
{
  "Posicao": [8 2 9 6 9]
             [1 1 1 1 2],
  "Velocidade": [0. 0. 0. 0. 0.]
                [0. 0. 0. 0. 0.],
  "funcao_objetivo": 0.94264603734275899002545066760424703323774027695868,
  "confiabilidade_total": 0.94264603734275899002545066760424703323774027695868
}
 
Individuo 50:
{
  "Posicao": [8 3 6 9 3]
             [1 1 1 1 1],
  "Velocidade": [0. 0. 0. 0. 0.]
                [0. 0. 0. 0. 0.],
  "funcao_objetivo": 0.93543175608661800553553980117963791934723160289140,
  "confiabilidade_total": 0.93543175608661800553553980117963791934723160289140
}
 
 
GERACAO 1
Populacao antes da execucao:
Individuo 1:
{
  "Posicao": [7 5 7 0 3]
             [2 1 1 2 1],
  "Velocidade": [0. 0. 0. 0. 0.]
                [0. 0. 0. 0. 0.],
  "funcao_objetivo": 0.98851142115399362017452312307107276609829438104104,
  "confiabilidade_total": 0.98851142115399362017452312307107276609829438104104
}
 
Individuo 2:
{
  "Posicao": [5 6 1 7 3]
             [2 1 1 2 1],
  "Velocidade": [0. 0. 0. 0. 0.]
                [0. 0. 0. 0. 0.],
  "funcao_objetivo": 0.98800758057471945759943220553270204940110372632789,
  "confiabilidade_total": 0.98800758057471945759943220553270204940110372632789
}
 
Individuo 3:
{
  "Posicao": [9 5 8 7 8]
             [2 2 1 1 1],
  "Velocidade": [0. 0. 0. 0. 0.]
                [0. 0. 0. 0. 0.],
  "funcao_objetivo": 0.98715469879535842153012876199262275965705584572557,
  "confiabilidade_total": 0.98715469879535842153012876199262275965705584572557
}
 
Individuo 4:
{
  "Posicao": [8 9 8 2 7]
             [1 2 2 1 1],
  "Velocidade": [0. 0. 0. 0. 0.]
                [0. 0. 0. 0. 0.],
  "funcao_objetivo": 0.98549759420883959594802733574192568223508435550575,
  "confiabilidade_total": 0.98549759420883959594802733574192568223508435550575
}
 
Individuo 5:
{
  "Posicao": [0 2 5 0 5]
             [2 1 1 1 1],
  "Velocidade": [0. 0. 0. 0. 0.]
                [0. 0. 0. 0. 0.],
  "funcao_objetivo": 0.97939169416885719102641310451439255570790105307927,
  "confiabilidade_total": 0.97939169416885719102641310451439255570790105307927
}
 
Individuo 6:
{
  "Posicao": [2 0 7 2 1]
             [1 1 2 1 1],
  "Velocidade": [0. 0. 0. 0. 0.]
                [0. 0. 0. 0. 0.],
  "funcao_objetivo": 0.97865807291684062189417045379890107152670063015230,
  "confiabilidade_total": 0.97865807291684062189417045379890107152670063015230
}
 
Individuo 7:
{
  "Posicao": [2 3 1 0 7]
             [1 1 2 1 1],
  "Velocidade": [0. 0. 0. 0. 0.]
                [0. 0. 0. 0. 0.],
  "funcao_objetivo": 0.97854313506895451077649621870211774751033121769140,
  "confiabilidade_total": 0.97854313506895451077649621870211774751033121769140
}
 
Individuo 8:
{
  "Posicao": [8 0 7 8 4]
             [2 1 2 1 1],
  "Velocidade": [0. 0. 0. 0. 0.]
                [0. 0. 0. 0. 0.],
  "funcao_objetivo": 0.97845511744503273585827603528251628680059127542821,
  "confiabilidade_total": 0.97845511744503273585827603528251628680059127542821
}
 
Individuo 9:
{
  "Posicao": [5 5 6 0 8]
             [3 1 1 1 1],
  "Velocidade": [0. 0. 0. 0. 0.]
                [0. 0. 0. 0. 0.],
  "funcao_objetivo": 0.97593898462404917673822575569105669203776138783195,
  "confiabilidade_total": 0.97593898462404917673822575569105669203776138783195
}
 
Individuo 10:
{
  "Posicao": [3 8 5 0 8]
             [1 1 2 1 2],
  "Velocidade": [0. 0. 0. 0. 0.]
                [0. 0. 0. 0. 0.],
  "funcao_objetivo": 0.97564572754574997085311823927069204544283600782491,
  "confiabilidade_total": 0.97564572754574997085311823927069204544283600782491
}
 
Individuo 11:
{
  "Posicao": [8 0 0 5 7]
             [1 1 1 2 1],
  "Velocidade": [0. 0. 0. 0. 0.]
                [0. 0. 0. 0. 0.],
  "funcao_objetivo": 0.97510121798286635348890584945776887460499017776329,
  "confiabilidade_total": 0.97510121798286635348890584945776887460499017776329
}
 
Individuo 12:
{
  "Posicao": [1 5 4 7 8]
             [1 1 1 3 1],
  "Velocidade": [0. 0. 0. 0. 0.]
                [0. 0. 0. 0. 0.],
  "funcao_objetivo": 0.97473633206262092795561602007284090476515377253785,
  "confiabilidade_total": 0.97473633206262092795561602007284090476515377253785
}
 
Individuo 13:
{
  "Posicao": [4 9 0 7 5]
             [1 1 1 2 1],
  "Velocidade": [0. 0. 0. 0. 0.]
                [0. 0. 0. 0. 0.],
  "funcao_objetivo": 0.97384951415517409319485150085324333443699874990085,
  "confiabilidade_total": 0.97384951415517409319485150085324333443699874990085
}
 
Individuo 14:
{
  "Posicao": [7 4 2 1 0]
             [2 1 1 1 1],
  "Velocidade": [0. 0. 0. 0. 0.]
                [0. 0. 0. 0. 0.],
  "funcao_objetivo": 0.97353557120220994226269495195796938337482629001133,
  "confiabilidade_total": 0.97353557120220994226269495195796938337482629001133
}
 
Individuo 15:
{
  "Posicao": [8 7 5 2 2]
             [1 1 3 1 1],
  "Velocidade": [0. 0. 0. 0. 0.]
                [0. 0. 0. 0. 0.],
  "funcao_objetivo": 0.97273299731035290095620699612256308413537854655702,
  "confiabilidade_total": 0.97273299731035290095620699612256308413537854655702
}
 
Individuo 16:
{
  "Posicao": [8 5 3 8 8]
             [1 2 1 2 1],
  "Velocidade": [0. 0. 0. 0. 0.]
                [0. 0. 0. 0. 0.],
  "funcao_objetivo": 0.97033984643712026317320353890262145499623346325764,
  "confiabilidade_total": 0.97033984643712026317320353890262145499623346325764
}
 
Individuo 17:
{
  "Posicao": [7 6 7 3 1]
             [1 1 3 1 1],
  "Velocidade": [0. 0. 0. 0. 0.]
                [0. 0. 0. 0. 0.],
  "funcao_objetivo": 0.97013166652609817975920384740268917514581664626180,
  "confiabilidade_total": 0.97013166652609817975920384740268917514581664626180
}
 
Individuo 18:
{
  "Posicao": [4 0 3 5 5]
             [1 1 1 2 1],
  "Velocidade": [0. 0. 0. 0. 0.]
                [0. 0. 0. 0. 0.],
  "funcao_objetivo": 0.96978730416799348699943757964022430787019516740051,
  "confiabilidade_total": 0.96978730416799348699943757964022430787019516740051
}
 
Individuo 19:
{
  "Posicao": [9 1 1 9 5]
             [2 1 1 1 1],
  "Velocidade": [0. 0. 0. 0. 0.]
                [0. 0. 0. 0. 0.],
  "funcao_objetivo": 0.96847764048341190418470057551960467906899575185455,
  "confiabilidade_total": 0.96847764048341190418470057551960467906899575185455
}
 
Individuo 20:
{
  "Posicao": [5 5 7 8 8]
             [1 2 1 2 1],
  "Velocidade": [0. 0. 0. 0. 0.]
                [0. 0. 0. 0. 0.],
  "funcao_objetivo": 0.96830185515753247904962236626003073823684667142377,
  "confiabilidade_total": 0.96830185515753247904962236626003073823684667142377
}
 
Individuo 21:
{
  "Posicao": [0 3 3 7 7]
             [2 1 1 1 1],
  "Velocidade": [0. 0. 0. 0. 0.]
                [0. 0. 0. 0. 0.],
  "funcao_objetivo": 0.96819892909416197754052187528153301567069129752262,
  "confiabilidade_total": 0.96819892909416197754052187528153301567069129752262
}
 
Individuo 22:
{
  "Posicao": [7 4 5 7 9]
             [1 1 3 1 1],
  "Velocidade": [0. 0. 0. 0. 0.]
                [0. 0. 0. 0. 0.],
  "funcao_objetivo": 0.96722792292993581378905830059250768707481987734946,
  "confiabilidade_total": 0.96722792292993581378905830059250768707481987734946
}
 
Individuo 23:
{
  "Posicao": [8 8 6 2 4]
             [1 1 2 1 1],
  "Velocidade": [0. 0. 0. 0. 0.]
                [0. 0. 0. 0. 0.],
  "funcao_objetivo": 0.96696310315497920078777062820584140163301964023423,
  "confiabilidade_total": 0.96696310315497920078777062820584140163301964023423
}
 
Individuo 24:
{
  "Posicao": [5 5 6 5 2]
             [1 1 1 3 1],
  "Velocidade": [0. 0. 0. 0. 0.]
                [0. 0. 0. 0. 0.],
  "funcao_objetivo": 0.96684599607258533755547823049136771813172811657034,
  "confiabilidade_total": 0.96684599607258533755547823049136771813172811657034
}
 
Individuo 25:
{
  "Posicao": [5 6 4 0 9]
             [1 1 1 2 1],
  "Velocidade": [0. 0. 0. 0. 0.]
                [0. 0. 0. 0. 0.],
  "funcao_objetivo": 0.96677624217924732504442380054657937070807230480658,
  "confiabilidade_total": 0.96677624217924732504442380054657937070807230480658
}
 
Individuo 26:
{
  "Posicao": [7 1 8 5 0]
             [1 3 1 1 1],
  "Velocidade": [0. 0. 0. 0. 0.]
                [0. 0. 0. 0. 0.],
  "funcao_objetivo": 0.96633648912333111078951333204219306552469477297049,
  "confiabilidade_total": 0.96633648912333111078951333204219306552469477297049
}
 
Individuo 27:
{
  "Posicao": [5 8 7 8 5]
             [1 1 1 2 3],
  "Velocidade": [0. 0. 0. 0. 0.]
                [0. 0. 0. 0. 0.],
  "funcao_objetivo": 0.96506668452319058429650432776055902395221047952458,
  "confiabilidade_total": 0.96506668452319058429650432776055902395221047952458
}
 
Individuo 28:
{
  "Posicao": [9 5 3 0 5]
             [1 2 1 1 1],
  "Velocidade": [0. 0. 0. 0. 0.]
                [0. 0. 0. 0. 0.],
  "funcao_objetivo": 0.96465262804394812313223071769620841382049656607086,
  "confiabilidade_total": 0.96465262804394812313223071769620841382049656607086
}
 
Individuo 29:
{
  "Posicao": [0 2 1 1 6]
             [1 1 1 1 1],
  "Velocidade": [0. 0. 0. 0. 0.]
                [0. 0. 0. 0. 0.],
  "funcao_objetivo": 0.96462453555282865921834023010074802498082786596255,
  "confiabilidade_total": 0.96462453555282865921834023010074802498082786596255
}
 
Individuo 30:
{
  "Posicao": [7 5 6 8 5]
             [1 1 3 1 1],
  "Velocidade": [0. 0. 0. 0. 0.]
                [0. 0. 0. 0. 0.],
  "funcao_objetivo": 0.96448056295045112584812543170798561231411778649646,
  "confiabilidade_total": 0.96448056295045112584812543170798561231411778649646
}
 
Individuo 31:
{
  "Posicao": [3 7 7 8 9]
             [1 2 1 1 1],
  "Velocidade": [0. 0. 0. 0. 0.]
                [0. 0. 0. 0. 0.],
  "funcao_objetivo": 0.96362106913575618976524540925362403791843727327974,
  "confiabilidade_total": 0.96362106913575618976524540925362403791843727327974
}
 
Individuo 32:
{
  "Posicao": [2 5 3 8 2]
             [1 1 2 1 1],
  "Velocidade": [0. 0. 0. 0. 0.]
                [0. 0. 0. 0. 0.],
  "funcao_objetivo": 0.96349456497529501721606548791100615775826503305177,
  "confiabilidade_total": 0.96349456497529501721606548791100615775826503305177
}
 
Individuo 33:
{
  "Posicao": [6 4 5 3 7]
             [1 2 1 1 1],
  "Velocidade": [0. 0. 0. 0. 0.]
                [0. 0. 0. 0. 0.],
  "funcao_objetivo": 0.96315355418630164434398909264228305485359683886955,
  "confiabilidade_total": 0.96315355418630164434398909264228305485359683886955
}
 
Individuo 34:
{
  "Posicao": [5 2 8 4 6]
             [1 2 1 1 1],
  "Velocidade": [0. 0. 0. 0. 0.]
                [0. 0. 0. 0. 0.],
  "funcao_objetivo": 0.96276346495393746391440672463119982896977876883659,
  "confiabilidade_total": 0.96276346495393746391440672463119982896977876883659
}
 
Individuo 35:
{
  "Posicao": [6 9 1 6 0]
             [2 1 1 1 1],
  "Velocidade": [0. 0. 0. 0. 0.]
                [0. 0. 0. 0. 0.],
  "funcao_objetivo": 0.96189204121728188090286240270590308386222481709985,
  "confiabilidade_total": 0.96189204121728188090286240270590308386222481709985
}
 
Individuo 36:
{
  "Posicao": [2 8 9 6 5]
             [2 1 1 1 1],
  "Velocidade": [0. 0. 0. 0. 0.]
                [0. 0. 0. 0. 0.],
  "funcao_objetivo": 0.96128037917291496945896552542023359462721296317232,
  "confiabilidade_total": 0.96128037917291496945896552542023359462721296317232
}
 
Individuo 37:
{
  "Posicao": [5 2 9 5 7]
             [1 1 1 2 1],
  "Velocidade": [0. 0. 0. 0. 0.]
                [0. 0. 0. 0. 0.],
  "funcao_objetivo": 0.96000088418312302575982140579828235340531177665020,
  "confiabilidade_total": 0.96000088418312302575982140579828235340531177665020
}
 
Individuo 38:
{
  "Posicao": [7 5 1 0 8]
             [1 1 1 1 2],
  "Velocidade": [0. 0. 0. 0. 0.]
                [0. 0. 0. 0. 0.],
  "funcao_objetivo": 0.95881611400128881991307508431187867171885697173098,
  "confiabilidade_total": 0.95881611400128881991307508431187867171885697173098
}
 
Individuo 39:
{
  "Posicao": [1 3 1 7 7]
             [1 1 1 1 2],
  "Velocidade": [0. 0. 0. 0. 0.]
                [0. 0. 0. 0. 0.],
  "funcao_objetivo": 0.95669953079597211479238543813528234245049910833002,
  "confiabilidade_total": 0.95669953079597211479238543813528234245049910833002
}
 
Individuo 40:
{
  "Posicao": [5 1 2 4 6]
             [1 1 1 1 2],
  "Velocidade": [0. 0. 0. 0. 0.]
                [0. 0. 0. 0. 0.],
  "funcao_objetivo": 0.95604804064524017703907616810112331377953572442966,
  "confiabilidade_total": 0.95604804064524017703907616810112331377953572442966
}
 
Individuo 41:
{
  "Posicao": [1 7 5 1 7]
             [1 1 1 1 2],
  "Velocidade": [0. 0. 0. 0. 0.]
                [0. 0. 0. 0. 0.],
  "funcao_objetivo": 0.95564335300193229591850506032387850104340196575511,
  "confiabilidade_total": 0.95564335300193229591850506032387850104340196575511
}
 
Individuo 42:
{
  "Posicao": [7 0 6 5 5]
             [1 1 1 1 3],
  "Velocidade": [0. 0. 0. 0. 0.]
                [0. 0. 0. 0. 0.],
  "funcao_objetivo": 0.95243553020103030451219519421845565591091973159790,
  "confiabilidade_total": 0.95243553020103030451219519421845565591091973159790
}
 
Individuo 43:
{
  "Posicao": [9 1 1 8 0]
             [1 1 1 1 1],
  "Velocidade": [0. 0. 0. 0. 0.]
                [0. 0. 0. 0. 0.],
  "funcao_objetivo": 0.94972915962641471169522845562823836343155844944340,
  "confiabilidade_total": 0.94972915962641471169522845562823836343155844944340
}
 
Individuo 44:
{
  "Posicao": [8 2 9 1 5]
             [1 1 1 1 3],
  "Velocidade": [0. 0. 0. 0. 0.]
                [0. 0. 0. 0. 0.],
  "funcao_objetivo": 0.94944207019933801665654330947077043986798057795025,
  "confiabilidade_total": 0.94944207019933801665654330947077043986798057795025
}
 
Individuo 45:
{
  "Posicao": [2 8 5 1 6]
             [1 1 1 1 1],
  "Velocidade": [0. 0. 0. 0. 0.]
                [0. 0. 0. 0. 0.],
  "funcao_objetivo": 0.94853740016094265269511258672194392827204539149730,
  "confiabilidade_total": 0.94853740016094265269511258672194392827204539149730
}
 
Individuo 46:
{
  "Posicao": [7 5 2 7 7]
             [1 1 1 1 2],
  "Velocidade": [0. 0. 0. 0. 0.]
                [0. 0. 0. 0. 0.],
  "funcao_objetivo": 0.94668167107477562723523253389618807456810671710369,
  "confiabilidade_total": 0.94668167107477562723523253389618807456810671710369
}
 
Individuo 47:
{
  "Posicao": [6 8 0 9 2]
             [1 1 1 1 1],
  "Velocidade": [0. 0. 0. 0. 0.]
                [0. 0. 0. 0. 0.],
  "funcao_objetivo": 0.94355668931719643940654019877248957102990465499963,
  "confiabilidade_total": 0.94355668931719643940654019877248957102990465499963
}
 
Individuo 48:
{
  "Posicao": [4 6 5 3 1]
             [1 1 1 1 1],
  "Velocidade": [0. 0. 0. 0. 0.]
                [0. 0. 0. 0. 0.],
  "funcao_objetivo": 0.94294649844965782853581224226798381015302908483861,
  "confiabilidade_total": 0.94294649844965782853581224226798381015302908483861
}
 
Individuo 49:
{
  "Posicao": [8 2 9 6 9]
             [1 1 1 1 2],
  "Velocidade": [0. 0. 0. 0. 0.]
                [0. 0. 0. 0. 0.],
  "funcao_objetivo": 0.94264603734275899002545066760424703323774027695868,
  "confiabilidade_total": 0.94264603734275899002545066760424703323774027695868
}
 
Individuo 50:
{
  "Posicao": [8 3 6 9 3]
             [1 1 1 1 1],
  "Velocidade": [0. 0. 0. 0. 0.]
                [0. 0. 0. 0. 0.],
  "funcao_objetivo": 0.93543175608661800553553980117963791934723160289140,
  "confiabilidade_total": 0.93543175608661800553553980117963791934723160289140
}
 
-----------------------------------------
Populacao final da era:
Individuo 1:
{
  "Posicao": [7. 5. 7. 0. 3.]
             [2. 1. 1. 2. 1.],
  "Velocidade": [0. 0. 0. 0. 0.]
                [0. 0. 0. 0. 0.],
  "funcao_objetivo": 0.98851142115399362017452312307107276609829438104104,
  "confiabilidade_total": 0.98851142115399362017452312307107276609829438104104
}
 
Individuo 2:
{
  "Posicao": [8. 5. 9. 0. 3.]
             [2. 1. 1. 2. 1.],
  "Velocidade": [  2.98574644  -1.49287322   8.95723933 -10.45011255   0.        ]
                [0. 0. 0. 0. 0.],
  "funcao_objetivo": 0.94570553309234957615201201857499525204295619254730,
  "confiabilidade_total": 0.98728886642568298573916342657949697013939126258514
}
 
Individuo 3:
{
  "Posicao": [8. 5. 8. 5. 6.]
             [2. 2. 1. 1. 1.],
  "Velocidade": [-0.69469584  0.         -0.34734792 -2.43143543 -1.73673959]
                [ 0.         -0.34734792  0.          0.34734792  0.        ],
  "funcao_objetivo": 0.98802369174468083526305499475883213310171883181079,
  "confiabilidade_total": 0.98802369174468083526305499475883213310171883181079
}
 
Individuo 4:
{
  "Posicao": [7. 4. 7. 0. 2.]
             [2. 1. 1. 2. 1.],
  "Velocidade": [-1.17078209 -4.68312835 -1.17078209 -2.34156418 -4.68312835]
                [ 1.17078209 -1.17078209 -1.17078209  1.17078209  0.        ],
  "funcao_objetivo": 0.90779648260445673750978613090248073284419235769322,
  "confiabilidade_total": 0.98941314927112336049796604418085335645263996902516
}
 
Individuo 5:
{
  "Posicao": [9. 7. 8. 0. 2.]
             [2. 1. 1. 3. 1.],
  "Velocidade": [11.19356  4.79724  3.19816  0.      -3.19816]
                [0.      0.      0.      1.59908 0.     ],
  "funcao_objetivo": 0.53112386863871328309983735177820940903568491217441,
  "confiabilidade_total": 0.98944053530537987758720444414803219429397806402988
}
 
Individuo 6:
{
  "Posicao": [9. 8. 7. 0. 4.]
             [3. 1. 1. 3. 1.],
  "Velocidade": [ 7.71577005  7.71577005  0.         -3.08630802  3.08630802]
                [ 1.54315401  0.         -1.54315401  1.54315401  0.        ],
  "funcao_objetivo": 0.15019269472746544331921661141622504436091362334844,
  "confiabilidade_total": 0.99382602806079867847922862056238269650057731963751
}
 
Individuo 7:
{
  "Posicao": [8. 5. 8. 0. 2.]
             [2. 1. 1. 2. 1.],
  "Velocidade": [ 5.69476831  2.27790732  6.83372197  0.         -4.55581465]
                [ 1.13895366  0.         -1.13895366  1.13895366  0.        ],
  "funcao_objetivo": 0.97384121840818464230602342508498062203288816063254,
  "confiabilidade_total": 0.98834121840818459967345927947896946976543210594504
}
 
Individuo 8:
{
  "Posicao": [7. 5. 7. 0. 3.]
             [2. 1. 1. 2. 1.],
  "Velocidade": [-0.93798727  4.68993634  0.         -7.50389814 -0.93798727]
                [ 0.          0.         -0.93798727  0.93798727  0.        ],
  "funcao_objetivo": 0.98851142115399362017452312307107276609829438104104,
  "confiabilidade_total": 0.98851142115399362017452312307107276609829438104104
}
 
Individuo 9:
{
  "Posicao": [6. 5. 6. 0. 7.]
             [3. 1. 1. 1. 1.],
  "Velocidade": [ 0.53117573  0.          0.26558786  0.         -1.32793932]
                [-0.26558786  0.          0.          0.26558786  0.        ],
  "funcao_objetivo": 0.89916849120286705709563316514545562164516169097585,
  "confiabilidade_total": 0.97608515786953363479642812518291151569814402129812
}
 
Individuo 10:
{
  "Posicao": [7. 5. 7. 0. 3.]
             [2. 1. 1. 2. 1.],
  "Velocidade": [ 4.25973072 -3.19479804  2.12986536  0.         -5.32466341]
                [ 1.06493268  0.         -1.06493268  1.06493268 -1.06493268],
  "funcao_objetivo": 0.98851142115399362017452312307107276609829438104104,
  "confiabilidade_total": 0.98851142115399362017452312307107276609829438104104
}
 
Individuo 11:
{
  "Posicao": [8. 1. 2. 4. 6.]
             [1. 1. 1. 2. 1.],
  "Velocidade": [-0.28767391  1.43836955  2.01371736 -1.43836955 -1.15069564]
                [0.28767391 0.         0.         0.         0.        ],
  "funcao_objetivo": 0.94516069118704587534305435730303302173508147097139,
  "confiabilidade_total": 0.96957735785371247927286827410981218329636195993929
}
 
Individuo 12:
{
  "Posicao": [6. 5. 6. 2. 4.]
             [2. 1. 1. 2. 1.],
  "Velocidade": [ 4.59436935  0.          2.29718467 -5.36009757 -3.82864112]
                [ 0.76572822  0.          0.         -0.76572822  0.        ],
  "funcao_objetivo": 0.78747428027670746884235426411299272478987396870729,
  "confiabilidade_total": 0.98747428027670747994458451036455812902619064961549
}
 
Individuo 13:
{
  "Posicao": [9. 3. 9. 0. 2.]
             [3. 1. 1. 2. 1.],
  "Velocidade": [  4.79751187  -6.3966825   11.19419437 -11.19419437  -3.19834125]
                [1.59917062 0.         0.         0.         0.        ],
  "funcao_objetivo": 0.41903715750791410611632290537749186774779640394623,
  "confiabilidade_total": 0.99303715750791369999674049749522938078333221632416
}
 
Individuo 14:
{
  "Posicao": [7. 5. 6. 0. 3.]
             [2. 1. 1. 2. 1.],
  "Velocidade": [ 0.          0.84037099  4.20185493 -0.84037099  2.52111296]
                [0.         0.         0.         0.84037099 0.        ],
  "funcao_objetivo": 0.94078677514645387361119816544325193070512581884497,
  "confiabilidade_total": 0.98862010847978728181057079266630797327202130376929
}
 
Individuo 15:
{
  "Posicao": [7. 4. 8. 0. 3.]
             [2. 1. 1. 2. 1.],
  "Velocidade": [-1.42829295 -2.8565859   2.8565859  -2.8565859   1.42829295]
                [ 1.42829295  0.         -2.8565859   1.42829295  0.        ],
  "funcao_objetivo": 0.89831047456103968626912790015510630421554224682919,
  "confiabilidade_total": 0.98867714122770625197673863667930867034224348260037
}
 
Individuo 16:
{
  "Posicao": [7. 5. 9. 0. 1.]
             [2. 1. 1. 2. 1.],
  "Velocidade": [ -1.45545462   0.           5.82181849 -11.64363698  -7.27727311]
                [ 1.45545462 -1.45545462  0.          0.          0.        ],
  "funcao_objetivo": 0.94027500708042173432735454758329152950670054224466,
  "confiabilidade_total": 0.98844167374708826892894474697697516289541913238500
}
 
Individuo 17:
{
  "Posicao": [7. 5. 7. 1. 2.]
             [2. 1. 2. 2. 1.],
  "Velocidade": [ 0.         -0.73004991  0.         -2.19014973  1.46009982]
                [ 0.73004991  0.         -1.46009982  0.73004991  0.        ],
  "funcao_objetivo": 0.82351887375094410309896681688850525752215259232823,
  "confiabilidade_total": 0.99561887375094399505206206036827074349431865372960
}
 
Individuo 18:
{
  "Posicao": [9. 8. 9. 0. 2.]
             [3. 1. 1. 2. 1.],
  "Velocidade": [ 4.65222371  7.75370619  6.20296495 -7.75370619 -3.10148247]
                [1.55074124 0.         0.         0.         0.        ],
  "funcao_objetivo": 0.46751056606778023553018307537553674615882487983476,
  "confiabilidade_total": 0.99212723273444657804133249881983111686967464179765
}
 
Individuo 19:
{
  "Posicao": [7. 4. 6. 2. 3.]
             [2. 1. 1. 2. 1.],
  "Velocidade": [-1.53673989  3.07347978  4.61021967 -6.9153295  -1.53673989]
                [0.         0.         0.         0.76836994 0.        ],
  "funcao_objetivo": 0.82402141378220302521931777027992847025090196343994,
  "confiabilidade_total": 0.98802141378220308761385175421372604205900171014404
}
 
Individuo 20:
{
  "Posicao": [5. 5. 7. 7. 8.]
             [1. 2. 1. 2. 1.],
  "Velocidade": [ 0.16532068  0.          0.         -0.66128272 -0.4133017 ]
                [ 0.08266034 -0.08266034  0.          0.          0.        ],
  "funcao_objetivo": 0.96840457583072638379773402947424341659556349256557,
  "confiabilidade_total": 0.96840457583072638379773402947424341659556349256557
}
 
Individuo 21:
{
  "Posicao": [9. 6. 8. 0. 2.]
             [2. 1. 1. 2. 1.],
  "Velocidade": [ 9.06744695  2.59069913  5.18139826 -9.06744695 -5.18139826]
                [0.         0.         0.         1.29534956 0.        ],
  "funcao_objetivo": 0.83518045029121822086186536762296648311015689631834,
  "confiabilidade_total": 0.98769711695788477480943871580519819479953968783750
}
 
Individuo 22:
{
  "Posicao": [7. 5. 6. 2. 5.]
             [2. 1. 2. 2. 1.],
  "Velocidade": [ 0.          0.69242451  1.38484902 -4.84697157 -4.15454706]
                [ 0.69242451  0.         -1.38484902  0.69242451  0.        ],
  "funcao_objetivo": 0.80124386251317145179970165795973200758568027902444,
  "confiabilidade_total": 0.99507719584650469823957959729748011042944172311624
}
 
Individuo 23:
{
  "Posicao": [7. 5. 7. 0. 3.]
             [2. 1. 1. 2. 1.],
  "Velocidade": [-1.13140873 -3.3942262   1.13140873 -2.26281747 -1.13140873]
                [ 1.13140873  0.         -1.13140873  1.13140873  0.        ],
  "funcao_objetivo": 0.98851142115399362017452312307107276609829438104104,
  "confiabilidade_total": 0.98851142115399362017452312307107276609829438104104
}
 
Individuo 24:
{
  "Posicao": [8. 5. 8. 0. 4.]
             [3. 1. 1. 1. 1.],
  "Velocidade": [ 3.12871004  0.          1.56435502 -7.82177509  1.56435502]
                [ 1.56435502  0.          0.         -1.56435502  0.        ],
  "funcao_objetivo": 0.97611987547594162348392944287338195514952281380616,
  "confiabilidade_total": 0.97611987547594162348392944287338195514952281380616
}
 
Individuo 25:
{
  "Posicao": [8. 5. 8. 0. 0.]
             [2. 1. 1. 2. 1.],
  "Velocidade": [ 2.87430984 -1.43715492  4.31146476  0.         -8.62292952]
                [1.43715492 0.         0.         0.         0.        ],
  "funcao_objetivo": 0.98914790546915548637898606318363220708796083357008,
  "confiabilidade_total": 0.98914790546915548637898606318363220708796083357008
}
 
Individuo 26:
{
  "Posicao": [7. 1. 8. 5. 0.]
             [1. 3. 1. 1. 1.],
  "Velocidade": [ 0.          0.10601584 -0.02650396 -0.1325198   0.07951188]
                [ 0.02650396 -0.05300792  0.          0.02650396  0.        ],
  "funcao_objetivo": 0.96633648912333111078951333204219306552469477297049,
  "confiabilidade_total": 0.96633648912333111078951333204219306552469477297049
}
 
Individuo 27:
{
  "Posicao": [5. 8. 7. 7. 5.]
             [1. 1. 1. 2. 3.],
  "Velocidade": [ 0.1715246  -0.2572869   0.         -0.68609839 -0.1715246 ]
                [ 0.0857623  0.         0.         0.        -0.1715246],
  "funcao_objetivo": 0.96541062454912984969932810896781465320823495905134,
  "confiabilidade_total": 0.96541062454912984969932810896781465320823495905134
}
 
Individuo 28:
{
  "Posicao": [7. 5. 8. 0. 3.]
             [2. 1. 1. 2. 1.],
  "Velocidade": [-2.29859447  0.          4.59718894  0.         -2.29859447]
                [ 1.14929724 -1.14929724  0.          1.14929724  0.        ],
  "funcao_objetivo": 0.98570170925060479428791746998177343445721173909914,
  "confiabilidade_total": 0.98820170925060488888238861499706429273945370939981
}
 
Individuo 29:
{
  "Posicao": [7. 5. 7. 0. 3.]
             [2. 1. 1. 2. 1.],
  "Velocidade": [ 6.84350936  2.93293258  5.86586517 -0.97764419 -2.93293258]
                [0.97764419 0.         0.         0.97764419 0.        ],
  "funcao_objetivo": 0.98851142115399362017452312307107276609829438104104,
  "confiabilidade_total": 0.98851142115399362017452312307107276609829438104104
}
 
Individuo 30:
{
  "Posicao": [7. 5. 6. 6. 5.]
             [1. 1. 3. 1. 1.],
  "Velocidade": [ 0.          0.          0.19987468 -1.59899743 -0.39974936]
                [ 0.19987468  0.         -0.39974936  0.19987468  0.        ],
  "funcao_objetivo": 0.93521768825003180335141733385287901840288154905020,
  "confiabilidade_total": 0.96596768825003178556009336423474545811418406789480
}
 
Individuo 31:
{
  "Posicao": [5. 6. 7. 5. 6.]
             [1. 2. 1. 1. 1.],
  "Velocidade": [ 1.69235195 -0.84617598  0.         -3.3847039  -2.53852793]
                [ 0.42308799 -0.42308799  0.          0.42308799  0.        ],
  "funcao_objetivo": 0.96133496263069998528728977413114543750868303950539,
  "confiabilidade_total": 0.96133496263069998528728977413114543750868303950539
}
 
Individuo 32:
{
  "Posicao": [2. 5. 3. 7. 2.]
             [1. 1. 2. 1. 1.],
  "Velocidade": [ 0.3754286   0.          0.30034288 -0.60068576  0.07508572]
                [ 0.07508572  0.         -0.07508572  0.07508572  0.        ],
  "funcao_objetivo": 0.96453986046471760369973007478343534476758453646315,
  "confiabilidade_total": 0.96453986046471760369973007478343534476758453646315
}
 
Individuo 33:
{
  "Posicao": [7. 5. 7. 1. 4.]
             [2. 1. 1. 2. 1.],
  "Velocidade": [ 0.78933734  0.78933734  1.57867468 -2.36801201 -3.15734935]
                [ 0.78933734 -0.78933734  0.          0.78933734  0.        ],
  "funcao_objetivo": 0.98764525150671573867397205470248028250525903459810,
  "confiabilidade_total": 0.98764525150671573867397205470248028250525903459810
}
 
Individuo 34:
{
  "Posicao": [7. 4. 7. 1. 4.]
             [2. 1. 1. 2. 1.],
  "Velocidade": [ 1.56168147  2.3425222  -0.78084073 -3.12336293 -2.3425222 ]
                [ 0.78084073 -0.78084073  0.          0.78084073  0.        ],
  "funcao_objetivo": 0.91592255444487045011030545931408570035105282099091,
  "confiabilidade_total": 0.98817255444487043795336333966862158271228605539642
}
 
Individuo 35:
{
  "Posicao": [6. 7. 4. 3. 1.]
             [2. 1. 1. 1. 1.],
  "Velocidade": [ 0.47793185 -1.9117274   2.8675911  -2.8675911   1.43379555]
                [0.         0.         0.         0.47793185 0.        ],
  "funcao_objetivo": 0.96584825652704416466604934614695392167788690985686,
  "confiabilidade_total": 0.96584825652704416466604934614695392167788690985686
}
 
Individuo 36:
{
  "Posicao": [5. 6. 8. 2. 4.]
             [2. 1. 1. 2. 1.],
  "Velocidade": [ 3.37281343 -2.02368806 -1.34912537 -4.04737612 -1.34912537]
                [0.         0.         0.         0.67456269 0.        ],
  "funcao_objetivo": 0.87647564852197192384056253909630671622067330150417,
  "confiabilidade_total": 0.98705898185530534613976757905885082216769097118190
}
 
Individuo 37:
{
  "Posicao": [8. 7. 6. 0. 1.]
             [3. 1. 1. 2. 1.],
  "Velocidade": [ 3.03510884  4.55266327 -3.03510884 -7.58777211 -6.07021769]
                [1.51755442 0.         0.         0.         0.        ],
  "funcao_objetivo": 0.71307187511430504316464918736480317833026474100258,
  "confiabilidade_total": 0.99328854178097160159197243990954153062900131326821
}
 
Individuo 38:
{
  "Posicao": [7. 5. 9. 0. 2.]
             [2. 1. 1. 2. 1.],
  "Velocidade": [ 0.          0.          7.77227925  0.         -6.47689937]
                [ 1.29537987  0.          0.          1.29537987 -1.29537987],
  "funcao_objetivo": 0.94891764976955127025382570113631717969667935615266,
  "confiabilidade_total": 0.98816764976955121490920792357226363957864070182527
}
 
Individuo 39:
{
  "Posicao": [9. 6. 9. 0. 1.]
             [3. 1. 1. 3. 1.],
  "Velocidade": [  9.21560962   3.07186987   9.21560962 -10.75154456  -6.14373975]
                [ 1.53593494  0.          0.          1.53593494 -1.53593494],
  "funcao_objetivo": 0.090279721656112064419889568069360911052495321534743,
  "confiabilidade_total": 0.99446305498944545883029222944797272155788548877107
}
 
Individuo 40:
{
  "Posicao": [7. 4. 6. 1. 3.]
             [2. 1. 1. 2. 1.],
  "Velocidade": [ 1.67278885  3.3455777   4.18197212 -3.3455777  -2.50918327]
                [ 0.83639442  0.          0.          0.83639442 -0.83639442],
  "funcao_objetivo": 0.90155456330891501217792168464788765530189480817999,
  "confiabilidade_total": 0.98838789664224824684943556295897642965516057050909
}
 
Individuo 41:
{
  "Posicao": [5. 6. 6. 0. 4.]
             [2. 1. 1. 2. 1.],
  "Velocidade": [ 4.10122678 -1.36707559  1.36707559 -0.6835378  -2.73415119]
                [ 0.6835378  0.         0.         0.6835378 -0.6835378],
  "funcao_objetivo": 0.87370108761779932528606892798265920791533584925965,
  "confiabilidade_total": 0.98861775428446592285985602881041717555132503840760
}
 
Individuo 42:
{
  "Posicao": [7. 0. 6. 5. 5.]
             [1. 1. 1. 1. 3.],
  "Velocidade": [ 0.          0.35661587  0.07132317 -0.35661587 -0.14264635]
                [ 0.07132317  0.          0.          0.07132317 -0.14264635],
  "funcao_objetivo": 0.95243553020103030451219519421845565591091973159790,
  "confiabilidade_total": 0.95243553020103030451219519421845565591091973159790
}
 
Individuo 43:
{
  "Posicao": [6. 6. 9. 0. 4.]
             [2. 1. 1. 2. 1.],
  "Velocidade": [ -2.60057266   5.20114531   7.80171797 -10.40229063   3.90085899]
                [1.30028633 0.         0.         1.30028633 0.        ],
  "funcao_objetivo": 0.78637859646475206935537957783357927068572479844276,
  "confiabilidade_total": 0.98764526313141863017245789088396707624632853627387
}
 
Individuo 44:
{
  "Posicao": [6. 7. 6. 0. 2.]
             [3. 1. 1. 3. 1.],
  "Velocidade": [-1.53091649  4.59274946 -3.06183298 -1.53091649 -3.06183298]
                [ 1.53091649  0.          0.          1.53091649 -3.06183298],
  "funcao_objetivo": 0.29212598109182709608950894292446029595124648922656,
  "confiabilidade_total": 0.99494264775849387998092403634598887748110221737597
}
 
Individuo 45:
{
  "Posicao": [2. 8. 5. 1. 6.]
             [1. 1. 1. 1. 1.],
  "Velocidade": [ 0.42570498 -0.25542299  0.17028199 -0.085141   -0.25542299]
                [0.085141 0.       0.       0.085141 0.      ],
  "funcao_objetivo": 0.94853740016094265269511258672194392827204539149730,
  "confiabilidade_total": 0.94853740016094265269511258672194392827204539149730
}
 
Individuo 46:
{
  "Posicao": [7. 5. 8. 0. 3.]
             [2. 1. 1. 2. 1.],
  "Velocidade": [ 0.          0.          5.59750295 -7.83650414 -4.47800236]
                [ 1.11950059  0.          0.          1.11950059 -1.11950059],
  "funcao_objetivo": 0.98570170925060479428791746998177343445721173909914,
  "confiabilidade_total": 0.98820170925060488888238861499706429273945370939981
}
 
Individuo 47:
{
  "Posicao": [7. 6. 6. 2. 3.]
             [2. 1. 1. 2. 1.],
  "Velocidade": [ 0.81220967 -2.43662902  5.68546772 -7.30988707  0.81220967]
                [0.81220967 0.         0.         0.81220967 0.        ],
  "funcao_objetivo": 0.85455682645170301175967425766319791009464280743917,
  "confiabilidade_total": 0.98747349311836983348749003031006138926186578412374
}
 
Individuo 48:
{
  "Posicao": [8. 5. 8. 0. 4.]
             [2. 1. 1. 2. 1.],
  "Velocidade": [ 4.07571908 -1.35857303  2.71714605 -4.07571908  2.71714605]
                [1.35857303 0.         0.         1.35857303 0.        ],
  "funcao_objetivo": 0.96473256410395280648609732684653971078125561373615,
  "confiabilidade_total": 0.98773256410395272976968632524822276750830734866047
}
 
Individuo 49:
{
  "Posicao": [7. 4. 8. 3. 6.]
             [2. 1. 1. 2. 1.],
  "Velocidade": [-0.54943721  1.64831162 -1.09887441 -3.29662324 -3.29662324]
                [ 0.54943721  0.          0.          0.54943721 -0.54943721],
  "funcao_objetivo": 0.89516194416858061557689124930050060887948312813899,
  "confiabilidade_total": 0.98641194416858051621193054534899024096444883401057
}
 
Individuo 50:
{
  "Posicao": [8. 4. 6. 5. 3.]
             [1. 1. 1. 1. 1.],
  "Velocidade": [-0.45479122  0.90958244  0.45479122 -4.09312098  0.        ]
                [0.45479122 0.         0.         0.45479122 0.        ],
  "funcao_objetivo": 0.93760791259015210535130979108230742171345664178488,
  "confiabilidade_total": 0.93760791259015210535130979108230742171345664178488
}
 
-----------------------------------------
-----------------------------------------
-----------------------------------------
-----------------------------------------
GERACAO 2
Populacao antes da execucao:
Individuo 1:
{
  "Posicao": [7. 5. 7. 0. 3.]
             [2. 1. 1. 2. 1.],
  "Velocidade": [0. 0. 0. 0. 0.]
                [0. 0. 0. 0. 0.],
  "funcao_objetivo": 0.98851142115399362017452312307107276609829438104104,
  "confiabilidade_total": 0.98851142115399362017452312307107276609829438104104
}
 
Individuo 2:
{
  "Posicao": [8. 5. 9. 0. 3.]
             [2. 1. 1. 2. 1.],
  "Velocidade": [  2.98574644  -1.49287322   8.95723933 -10.45011255   0.        ]
                [0. 0. 0. 0. 0.],
  "funcao_objetivo": 0.94570553309234957615201201857499525204295619254730,
  "confiabilidade_total": 0.98728886642568298573916342657949697013939126258514
}
 
Individuo 3:
{
  "Posicao": [8. 5. 8. 5. 6.]
             [2. 2. 1. 1. 1.],
  "Velocidade": [-0.69469584  0.         -0.34734792 -2.43143543 -1.73673959]
                [ 0.         -0.34734792  0.          0.34734792  0.        ],
  "funcao_objetivo": 0.98802369174468083526305499475883213310171883181079,
  "confiabilidade_total": 0.98802369174468083526305499475883213310171883181079
}
 
Individuo 4:
{
  "Posicao": [7. 4. 7. 0. 2.]
             [2. 1. 1. 2. 1.],
  "Velocidade": [-1.17078209 -4.68312835 -1.17078209 -2.34156418 -4.68312835]
                [ 1.17078209 -1.17078209 -1.17078209  1.17078209  0.        ],
  "funcao_objetivo": 0.90779648260445673750978613090248073284419235769322,
  "confiabilidade_total": 0.98941314927112336049796604418085335645263996902516
}
 
Individuo 5:
{
  "Posicao": [9. 7. 8. 0. 2.]
             [2. 1. 1. 3. 1.],
  "Velocidade": [11.19356  4.79724  3.19816  0.      -3.19816]
                [0.      0.      0.      1.59908 0.     ],
  "funcao_objetivo": 0.53112386863871328309983735177820940903568491217441,
  "confiabilidade_total": 0.98944053530537987758720444414803219429397806402988
}
 
Individuo 6:
{
  "Posicao": [9. 8. 7. 0. 4.]
             [3. 1. 1. 3. 1.],
  "Velocidade": [ 7.71577005  7.71577005  0.         -3.08630802  3.08630802]
                [ 1.54315401  0.         -1.54315401  1.54315401  0.        ],
  "funcao_objetivo": 0.15019269472746544331921661141622504436091362334844,
  "confiabilidade_total": 0.99382602806079867847922862056238269650057731963751
}
 
Individuo 7:
{
  "Posicao": [8. 5. 8. 0. 2.]
             [2. 1. 1. 2. 1.],
  "Velocidade": [ 5.69476831  2.27790732  6.83372197  0.         -4.55581465]
                [ 1.13895366  0.         -1.13895366  1.13895366  0.        ],
  "funcao_objetivo": 0.97384121840818464230602342508498062203288816063254,
  "confiabilidade_total": 0.98834121840818459967345927947896946976543210594504
}
 
Individuo 8:
{
  "Posicao": [7. 5. 7. 0. 3.]
             [2. 1. 1. 2. 1.],
  "Velocidade": [-0.93798727  4.68993634  0.         -7.50389814 -0.93798727]
                [ 0.          0.         -0.93798727  0.93798727  0.        ],
  "funcao_objetivo": 0.98851142115399362017452312307107276609829438104104,
  "confiabilidade_total": 0.98851142115399362017452312307107276609829438104104
}
 
Individuo 9:
{
  "Posicao": [6. 5. 6. 0. 7.]
             [3. 1. 1. 1. 1.],
  "Velocidade": [ 0.53117573  0.          0.26558786  0.         -1.32793932]
                [-0.26558786  0.          0.          0.26558786  0.        ],
  "funcao_objetivo": 0.89916849120286705709563316514545562164516169097585,
  "confiabilidade_total": 0.97608515786953363479642812518291151569814402129812
}
 
Individuo 10:
{
  "Posicao": [7. 5. 7. 0. 3.]
             [2. 1. 1. 2. 1.],
  "Velocidade": [ 4.25973072 -3.19479804  2.12986536  0.         -5.32466341]
                [ 1.06493268  0.         -1.06493268  1.06493268 -1.06493268],
  "funcao_objetivo": 0.98851142115399362017452312307107276609829438104104,
  "confiabilidade_total": 0.98851142115399362017452312307107276609829438104104
}
 
Individuo 11:
{
  "Posicao": [8. 1. 2. 4. 6.]
             [1. 1. 1. 2. 1.],
  "Velocidade": [-0.28767391  1.43836955  2.01371736 -1.43836955 -1.15069564]
                [0.28767391 0.         0.         0.         0.        ],
  "funcao_objetivo": 0.94516069118704587534305435730303302173508147097139,
  "confiabilidade_total": 0.96957735785371247927286827410981218329636195993929
}
 
Individuo 12:
{
  "Posicao": [6. 5. 6. 2. 4.]
             [2. 1. 1. 2. 1.],
  "Velocidade": [ 4.59436935  0.          2.29718467 -5.36009757 -3.82864112]
                [ 0.76572822  0.          0.         -0.76572822  0.        ],
  "funcao_objetivo": 0.78747428027670746884235426411299272478987396870729,
  "confiabilidade_total": 0.98747428027670747994458451036455812902619064961549
}
 
Individuo 13:
{
  "Posicao": [9. 3. 9. 0. 2.]
             [3. 1. 1. 2. 1.],
  "Velocidade": [  4.79751187  -6.3966825   11.19419437 -11.19419437  -3.19834125]
                [1.59917062 0.         0.         0.         0.        ],
  "funcao_objetivo": 0.41903715750791410611632290537749186774779640394623,
  "confiabilidade_total": 0.99303715750791369999674049749522938078333221632416
}
 
Individuo 14:
{
  "Posicao": [7. 5. 6. 0. 3.]
             [2. 1. 1. 2. 1.],
  "Velocidade": [ 0.          0.84037099  4.20185493 -0.84037099  2.52111296]
                [0.         0.         0.         0.84037099 0.        ],
  "funcao_objetivo": 0.94078677514645387361119816544325193070512581884497,
  "confiabilidade_total": 0.98862010847978728181057079266630797327202130376929
}
 
Individuo 15:
{
  "Posicao": [7. 4. 8. 0. 3.]
             [2. 1. 1. 2. 1.],
  "Velocidade": [-1.42829295 -2.8565859   2.8565859  -2.8565859   1.42829295]
                [ 1.42829295  0.         -2.8565859   1.42829295  0.        ],
  "funcao_objetivo": 0.89831047456103968626912790015510630421554224682919,
  "confiabilidade_total": 0.98867714122770625197673863667930867034224348260037
}
 
Individuo 16:
{
  "Posicao": [7. 5. 9. 0. 1.]
             [2. 1. 1. 2. 1.],
  "Velocidade": [ -1.45545462   0.           5.82181849 -11.64363698  -7.27727311]
                [ 1.45545462 -1.45545462  0.          0.          0.        ],
  "funcao_objetivo": 0.94027500708042173432735454758329152950670054224466,
  "confiabilidade_total": 0.98844167374708826892894474697697516289541913238500
}
 
Individuo 17:
{
  "Posicao": [7. 5. 7. 1. 2.]
             [2. 1. 2. 2. 1.],
  "Velocidade": [ 0.         -0.73004991  0.         -2.19014973  1.46009982]
                [ 0.73004991  0.         -1.46009982  0.73004991  0.        ],
  "funcao_objetivo": 0.82351887375094410309896681688850525752215259232823,
  "confiabilidade_total": 0.99561887375094399505206206036827074349431865372960
}
 
Individuo 18:
{
  "Posicao": [9. 8. 9. 0. 2.]
             [3. 1. 1. 2. 1.],
  "Velocidade": [ 4.65222371  7.75370619  6.20296495 -7.75370619 -3.10148247]
                [1.55074124 0.         0.         0.         0.        ],
  "funcao_objetivo": 0.46751056606778023553018307537553674615882487983476,
  "confiabilidade_total": 0.99212723273444657804133249881983111686967464179765
}
 
Individuo 19:
{
  "Posicao": [7. 4. 6. 2. 3.]
             [2. 1. 1. 2. 1.],
  "Velocidade": [-1.53673989  3.07347978  4.61021967 -6.9153295  -1.53673989]
                [0.         0.         0.         0.76836994 0.        ],
  "funcao_objetivo": 0.82402141378220302521931777027992847025090196343994,
  "confiabilidade_total": 0.98802141378220308761385175421372604205900171014404
}
 
Individuo 20:
{
  "Posicao": [5. 5. 7. 7. 8.]
             [1. 2. 1. 2. 1.],
  "Velocidade": [ 0.16532068  0.          0.         -0.66128272 -0.4133017 ]
                [ 0.08266034 -0.08266034  0.          0.          0.        ],
  "funcao_objetivo": 0.96840457583072638379773402947424341659556349256557,
  "confiabilidade_total": 0.96840457583072638379773402947424341659556349256557
}
 
Individuo 21:
{
  "Posicao": [9. 6. 8. 0. 2.]
             [2. 1. 1. 2. 1.],
  "Velocidade": [ 9.06744695  2.59069913  5.18139826 -9.06744695 -5.18139826]
                [0.         0.         0.         1.29534956 0.        ],
  "funcao_objetivo": 0.83518045029121822086186536762296648311015689631834,
  "confiabilidade_total": 0.98769711695788477480943871580519819479953968783750
}
 
Individuo 22:
{
  "Posicao": [7. 5. 6. 2. 5.]
             [2. 1. 2. 2. 1.],
  "Velocidade": [ 0.          0.69242451  1.38484902 -4.84697157 -4.15454706]
                [ 0.69242451  0.         -1.38484902  0.69242451  0.        ],
  "funcao_objetivo": 0.80124386251317145179970165795973200758568027902444,
  "confiabilidade_total": 0.99507719584650469823957959729748011042944172311624
}
 
Individuo 23:
{
  "Posicao": [7. 5. 7. 0. 3.]
             [2. 1. 1. 2. 1.],
  "Velocidade": [-1.13140873 -3.3942262   1.13140873 -2.26281747 -1.13140873]
                [ 1.13140873  0.         -1.13140873  1.13140873  0.        ],
  "funcao_objetivo": 0.98851142115399362017452312307107276609829438104104,
  "confiabilidade_total": 0.98851142115399362017452312307107276609829438104104
}
 
Individuo 24:
{
  "Posicao": [8. 5. 8. 0. 4.]
             [3. 1. 1. 1. 1.],
  "Velocidade": [ 3.12871004  0.          1.56435502 -7.82177509  1.56435502]
                [ 1.56435502  0.          0.         -1.56435502  0.        ],
  "funcao_objetivo": 0.97611987547594162348392944287338195514952281380616,
  "confiabilidade_total": 0.97611987547594162348392944287338195514952281380616
}
 
Individuo 25:
{
  "Posicao": [8. 5. 8. 0. 0.]
             [2. 1. 1. 2. 1.],
  "Velocidade": [ 2.87430984 -1.43715492  4.31146476  0.         -8.62292952]
                [1.43715492 0.         0.         0.         0.        ],
  "funcao_objetivo": 0.98914790546915548637898606318363220708796083357008,
  "confiabilidade_total": 0.98914790546915548637898606318363220708796083357008
}
 
Individuo 26:
{
  "Posicao": [7. 1. 8. 5. 0.]
             [1. 3. 1. 1. 1.],
  "Velocidade": [ 0.          0.10601584 -0.02650396 -0.1325198   0.07951188]
                [ 0.02650396 -0.05300792  0.          0.02650396  0.        ],
  "funcao_objetivo": 0.96633648912333111078951333204219306552469477297049,
  "confiabilidade_total": 0.96633648912333111078951333204219306552469477297049
}
 
Individuo 27:
{
  "Posicao": [5. 8. 7. 7. 5.]
             [1. 1. 1. 2. 3.],
  "Velocidade": [ 0.1715246  -0.2572869   0.         -0.68609839 -0.1715246 ]
                [ 0.0857623  0.         0.         0.        -0.1715246],
  "funcao_objetivo": 0.96541062454912984969932810896781465320823495905134,
  "confiabilidade_total": 0.96541062454912984969932810896781465320823495905134
}
 
Individuo 28:
{
  "Posicao": [7. 5. 8. 0. 3.]
             [2. 1. 1. 2. 1.],
  "Velocidade": [-2.29859447  0.          4.59718894  0.         -2.29859447]
                [ 1.14929724 -1.14929724  0.          1.14929724  0.        ],
  "funcao_objetivo": 0.98570170925060479428791746998177343445721173909914,
  "confiabilidade_total": 0.98820170925060488888238861499706429273945370939981
}
 
Individuo 29:
{
  "Posicao": [7. 5. 7. 0. 3.]
             [2. 1. 1. 2. 1.],
  "Velocidade": [ 6.84350936  2.93293258  5.86586517 -0.97764419 -2.93293258]
                [0.97764419 0.         0.         0.97764419 0.        ],
  "funcao_objetivo": 0.98851142115399362017452312307107276609829438104104,
  "confiabilidade_total": 0.98851142115399362017452312307107276609829438104104
}
 
Individuo 30:
{
  "Posicao": [7. 5. 6. 6. 5.]
             [1. 1. 3. 1. 1.],
  "Velocidade": [ 0.          0.          0.19987468 -1.59899743 -0.39974936]
                [ 0.19987468  0.         -0.39974936  0.19987468  0.        ],
  "funcao_objetivo": 0.93521768825003180335141733385287901840288154905020,
  "confiabilidade_total": 0.96596768825003178556009336423474545811418406789480
}
 
Individuo 31:
{
  "Posicao": [5. 6. 7. 5. 6.]
             [1. 2. 1. 1. 1.],
  "Velocidade": [ 1.69235195 -0.84617598  0.         -3.3847039  -2.53852793]
                [ 0.42308799 -0.42308799  0.          0.42308799  0.        ],
  "funcao_objetivo": 0.96133496263069998528728977413114543750868303950539,
  "confiabilidade_total": 0.96133496263069998528728977413114543750868303950539
}
 
Individuo 32:
{
  "Posicao": [2. 5. 3. 7. 2.]
             [1. 1. 2. 1. 1.],
  "Velocidade": [ 0.3754286   0.          0.30034288 -0.60068576  0.07508572]
                [ 0.07508572  0.         -0.07508572  0.07508572  0.        ],
  "funcao_objetivo": 0.96453986046471760369973007478343534476758453646315,
  "confiabilidade_total": 0.96453986046471760369973007478343534476758453646315
}
 
Individuo 33:
{
  "Posicao": [7. 5. 7. 1. 4.]
             [2. 1. 1. 2. 1.],
  "Velocidade": [ 0.78933734  0.78933734  1.57867468 -2.36801201 -3.15734935]
                [ 0.78933734 -0.78933734  0.          0.78933734  0.        ],
  "funcao_objetivo": 0.98764525150671573867397205470248028250525903459810,
  "confiabilidade_total": 0.98764525150671573867397205470248028250525903459810
}
 
Individuo 34:
{
  "Posicao": [7. 4. 7. 1. 4.]
             [2. 1. 1. 2. 1.],
  "Velocidade": [ 1.56168147  2.3425222  -0.78084073 -3.12336293 -2.3425222 ]
                [ 0.78084073 -0.78084073  0.          0.78084073  0.        ],
  "funcao_objetivo": 0.91592255444487045011030545931408570035105282099091,
  "confiabilidade_total": 0.98817255444487043795336333966862158271228605539642
}
 
Individuo 35:
{
  "Posicao": [6. 7. 4. 3. 1.]
             [2. 1. 1. 1. 1.],
  "Velocidade": [ 0.47793185 -1.9117274   2.8675911  -2.8675911   1.43379555]
                [0.         0.         0.         0.47793185 0.        ],
  "funcao_objetivo": 0.96584825652704416466604934614695392167788690985686,
  "confiabilidade_total": 0.96584825652704416466604934614695392167788690985686
}
 
Individuo 36:
{
  "Posicao": [5. 6. 8. 2. 4.]
             [2. 1. 1. 2. 1.],
  "Velocidade": [ 3.37281343 -2.02368806 -1.34912537 -4.04737612 -1.34912537]
                [0.         0.         0.         0.67456269 0.        ],
  "funcao_objetivo": 0.87647564852197192384056253909630671622067330150417,
  "confiabilidade_total": 0.98705898185530534613976757905885082216769097118190
}
 
Individuo 37:
{
  "Posicao": [8. 7. 6. 0. 1.]
             [3. 1. 1. 2. 1.],
  "Velocidade": [ 3.03510884  4.55266327 -3.03510884 -7.58777211 -6.07021769]
                [1.51755442 0.         0.         0.         0.        ],
  "funcao_objetivo": 0.71307187511430504316464918736480317833026474100258,
  "confiabilidade_total": 0.99328854178097160159197243990954153062900131326821
}
 
Individuo 38:
{
  "Posicao": [7. 5. 9. 0. 2.]
             [2. 1. 1. 2. 1.],
  "Velocidade": [ 0.          0.          7.77227925  0.         -6.47689937]
                [ 1.29537987  0.          0.          1.29537987 -1.29537987],
  "funcao_objetivo": 0.94891764976955127025382570113631717969667935615266,
  "confiabilidade_total": 0.98816764976955121490920792357226363957864070182527
}
 
Individuo 39:
{
  "Posicao": [9. 6. 9. 0. 1.]
             [3. 1. 1. 3. 1.],
  "Velocidade": [  9.21560962   3.07186987   9.21560962 -10.75154456  -6.14373975]
                [ 1.53593494  0.          0.          1.53593494 -1.53593494],
  "funcao_objetivo": 0.090279721656112064419889568069360911052495321534743,
  "confiabilidade_total": 0.99446305498944545883029222944797272155788548877107
}
 
Individuo 40:
{
  "Posicao": [7. 4. 6. 1. 3.]
             [2. 1. 1. 2. 1.],
  "Velocidade": [ 1.67278885  3.3455777   4.18197212 -3.3455777  -2.50918327]
                [ 0.83639442  0.          0.          0.83639442 -0.83639442],
  "funcao_objetivo": 0.90155456330891501217792168464788765530189480817999,
  "confiabilidade_total": 0.98838789664224824684943556295897642965516057050909
}
 
Individuo 41:
{
  "Posicao": [5. 6. 6. 0. 4.]
             [2. 1. 1. 2. 1.],
  "Velocidade": [ 4.10122678 -1.36707559  1.36707559 -0.6835378  -2.73415119]
                [ 0.6835378  0.         0.         0.6835378 -0.6835378],
  "funcao_objetivo": 0.87370108761779932528606892798265920791533584925965,
  "confiabilidade_total": 0.98861775428446592285985602881041717555132503840760
}
 
Individuo 42:
{
  "Posicao": [7. 0. 6. 5. 5.]
             [1. 1. 1. 1. 3.],
  "Velocidade": [ 0.          0.35661587  0.07132317 -0.35661587 -0.14264635]
                [ 0.07132317  0.          0.          0.07132317 -0.14264635],
  "funcao_objetivo": 0.95243553020103030451219519421845565591091973159790,
  "confiabilidade_total": 0.95243553020103030451219519421845565591091973159790
}
 
Individuo 43:
{
  "Posicao": [6. 6. 9. 0. 4.]
             [2. 1. 1. 2. 1.],
  "Velocidade": [ -2.60057266   5.20114531   7.80171797 -10.40229063   3.90085899]
                [1.30028633 0.         0.         1.30028633 0.        ],
  "funcao_objetivo": 0.78637859646475206935537957783357927068572479844276,
  "confiabilidade_total": 0.98764526313141863017245789088396707624632853627387
}
 
Individuo 44:
{
  "Posicao": [6. 7. 6. 0. 2.]
             [3. 1. 1. 3. 1.],
  "Velocidade": [-1.53091649  4.59274946 -3.06183298 -1.53091649 -3.06183298]
                [ 1.53091649  0.          0.          1.53091649 -3.06183298],
  "funcao_objetivo": 0.29212598109182709608950894292446029595124648922656,
  "confiabilidade_total": 0.99494264775849387998092403634598887748110221737597
}
 
Individuo 45:
{
  "Posicao": [2. 8. 5. 1. 6.]
             [1. 1. 1. 1. 1.],
  "Velocidade": [ 0.42570498 -0.25542299  0.17028199 -0.085141   -0.25542299]
                [0.085141 0.       0.       0.085141 0.      ],
  "funcao_objetivo": 0.94853740016094265269511258672194392827204539149730,
  "confiabilidade_total": 0.94853740016094265269511258672194392827204539149730
}
 
Individuo 46:
{
  "Posicao": [7. 5. 8. 0. 3.]
             [2. 1. 1. 2. 1.],
  "Velocidade": [ 0.          0.          5.59750295 -7.83650414 -4.47800236]
                [ 1.11950059  0.          0.          1.11950059 -1.11950059],
  "funcao_objetivo": 0.98570170925060479428791746998177343445721173909914,
  "confiabilidade_total": 0.98820170925060488888238861499706429273945370939981
}
 
Individuo 47:
{
  "Posicao": [7. 6. 6. 2. 3.]
             [2. 1. 1. 2. 1.],
  "Velocidade": [ 0.81220967 -2.43662902  5.68546772 -7.30988707  0.81220967]
                [0.81220967 0.         0.         0.81220967 0.        ],
  "funcao_objetivo": 0.85455682645170301175967425766319791009464280743917,
  "confiabilidade_total": 0.98747349311836983348749003031006138926186578412374
}
 
Individuo 48:
{
  "Posicao": [8. 5. 8. 0. 4.]
             [2. 1. 1. 2. 1.],
  "Velocidade": [ 4.07571908 -1.35857303  2.71714605 -4.07571908  2.71714605]
                [1.35857303 0.         0.         1.35857303 0.        ],
  "funcao_objetivo": 0.96473256410395280648609732684653971078125561373615,
  "confiabilidade_total": 0.98773256410395272976968632524822276750830734866047
}
 
Individuo 49:
{
  "Posicao": [7. 4. 8. 3. 6.]
             [2. 1. 1. 2. 1.],
  "Velocidade": [-0.54943721  1.64831162 -1.09887441 -3.29662324 -3.29662324]
                [ 0.54943721  0.          0.          0.54943721 -0.54943721],
  "funcao_objetivo": 0.89516194416858061557689124930050060887948312813899,
  "confiabilidade_total": 0.98641194416858051621193054534899024096444883401057
}
 
Individuo 50:
{
  "Posicao": [8. 4. 6. 5. 3.]
             [1. 1. 1. 1. 1.],
  "Velocidade": [-0.45479122  0.90958244  0.45479122 -4.09312098  0.        ]
                [0.45479122 0.         0.         0.45479122 0.        ],
  "funcao_objetivo": 0.93760791259015210535130979108230742171345664178488,
  "confiabilidade_total": 0.93760791259015210535130979108230742171345664178488
}
 
-----------------------------------------
Populacao final da era:
Individuo 1:
{
  "Posicao": [8. 5. 8. 0. 0.]
             [2. 1. 1. 2. 1.],
  "Velocidade": [ 0.83564089  0.          0.83564089  0.         -2.50692266]
                [0. 0. 0. 0. 0.],
  "funcao_objetivo": 0.98914790546915548637898606318363220708796083357008,
  "confiabilidade_total": 0.98914790546915548637898606318363220708796083357008
}
 
Individuo 2:
{
  "Posicao": [7. 5. 5. 0. 0.]
             [2. 1. 1. 2. 1.],
  "Velocidade": [-1.311214   -0.05557683 -3.735208    0.3890378  -3.67180095]
                [0. 0. 0. 0. 0.],
  "funcao_objetivo": 0.98986407718699797537953210595854234046542847566448,
  "confiabilidade_total": 0.98986407718699797537953210595854234046542847566448
}
 
Individuo 3:
{
  "Posicao": [7. 5. 8. 2. 3.]
             [2. 1. 1. 2. 1.],
  "Velocidade": [-0.68774888  0.         -0.34387444 -3.44698998 -2.96721489]
                [ 0.         -0.55184822  0.          0.55184822  0.        ],
  "funcao_objetivo": 0.94356140230280676878546241326410685727355380642899,
  "confiabilidade_total": 0.98706140230280675884896634286895582048205037701615
}
 
Individuo 4:
{
  "Posicao": [7. 2. 7. 1. 0.]
             [3. 2. 2. 3. 1.],
  "Velocidade": [ 0.00505221 -1.58999968  0.00505221  1.37706308 -3.67075093]
                [0.68853154 0.68853154 0.68853154 0.68853154 0.        ],
  "funcao_objetivo": -0.12548588516777509647217911988158895734180225799934,
  "confiabilidade_total": 0.99974744816555843320779686182609573837887034942253
}
 
Individuo 5:
{
  "Posicao": [8. 4. 7. 0. 1.]
             [2. 1. 1. 1. 1.],
  "Velocidade": [-0.83631583 -2.87924933 -0.57398242  0.         -0.82093316]
                [ 0.          0.          0.         -1.60780913  0.        ],
  "funcao_objetivo": 0.97409630968703099901982933785348238329595002235867,
  "confiabilidade_total": 0.97409630968703099901982933785348238329595002235867
}
 
Individuo 6:
{
  "Posicao": [2. 0. 8. 1. 0.]
             [1. 1. 1. 1. 1.],
  "Velocidade": [ -6.53231584 -11.09115983   1.36469075   0.60348004  -7.89170553]
                [-3.49589326  0.          0.30174002 -3.49589326  0.        ],
  "funcao_objetivo": 0.95899219889835464438863105080465284804586594528774,
  "confiabilidade_total": 0.95899219889835464438863105080465284804586594528774
}
 
Individuo 7:
{
  "Posicao": [0. 3. 0. 0. 8.]
             [1. 1. 2. 1. 1.],
  "Velocidade": [-8.21580214 -2.362746   -9.39717514  0.          6.1345308 ]
                [-1.181373  0.        1.181373 -1.181373  0.      ],
  "funcao_objetivo": 0.97990766912511012416674358133580036357547433452123,
  "confiabilidade_total": 0.97990766912511012416674358133580036357547433452123
}
 
Individuo 8:
{
  "Posicao": [6. 9. 7. 7. 2.]
             [2. 1. 2. 3. 1.],
  "Velocidade": [-0.90027402  4.64303698  0.02833337  7.42885916 -1.01360751]
                [0.        0.        0.9286074 0.9286074 0.       ],
  "funcao_objetivo": 0.46914139665196824700285121536621018955844791641928,
  "confiabilidade_total": 0.99742472998530140746705812773183580199617298355795
}
 
Individuo 9:
{
  "Posicao": [8. 5. 9. 0. 0.]
             [1. 1. 1. 3. 1.],
  "Velocidade": [  1.93841804   0.           3.44820425   0.         -10.69039466]
                [-1.85556812  0.          0.          1.85556812  0.        ],
  "funcao_objetivo": 0.83121104496435591993380143492209586377739008800957,
  "confiabilidade_total": 0.96344437829768935868651169982945989880262907879326
}
 
Individuo 10:
{
  "Posicao": [9. 2. 9. 0. 0.]
             [3. 1. 2. 3. 2.],
  "Velocidade": [ 5.41721106 -3.16285006  3.30864435  0.         -8.87164971]
                [1.05428335 0.         1.05428335 1.05428335 1.05428335],
  "funcao_objetivo": -0.59145405638054984112738387389092918606216569969096,
  "confiabilidade_total": 0.99952927695278324179884699865376364318912366798482
}
 
Individuo 11:
{
  "Posicao": [8. 6. 9. 0. 0.]
             [2. 1. 1. 2. 1.],
  "Velocidade": [-0.28479717  5.20432316  7.65000987 -5.20432316 -6.82377094]
                [1.23691964 0.         0.         0.         0.        ],
  "funcao_objetivo": 0.86674983960144990188818840465701053560569243449361,
  "confiabilidade_total": 0.98864983960144992411485335765264447488679842967183
}
 
Individuo 12:
{
  "Posicao": [2. 5. 5. 5. 6.]
             [1. 1. 1. 3. 1.],
  "Velocidade": [-3.70763549  0.         -0.83764945  2.94956455  2.43336985]
                [-0.95666201  0.          0.          0.95666201  0.        ],
  "funcao_objetivo": 0.97156921690669981740083562474990303489653889175505,
  "confiabilidade_total": 0.97156921690669981740083562474990303489653889175505
}
 
Individuo 13:
{
  "Posicao": [8. 5. 9. 4. 0.]
             [2. 1. 1. 2. 1.],
  "Velocidade": [-1.1346799   1.50060152  1.26291966  4.19579923 -2.14566378]
                [-1.34970065  0.          0.          0.          0.        ],
  "funcao_objetivo": 0.90256353072149077131326726244463563000320501852034,
  "confiabilidade_total": 0.98648019738815738298688677601188166101931639242171
}
 
Individuo 14:
{
  "Posicao": [7. 6. 9. 1. 3.]
             [2. 1. 1. 3. 1.],
  "Velocidade": [0.35672906 0.51742085 3.61510878 0.51742085 0.48207538]
                [0.         0.         0.         0.51742085 0.        ],
  "funcao_objetivo": 0.63543397875610379292715840452010743994885670729551,
  "confiabilidade_total": 0.98930064542277059440450620800411562178903805800352
}
 
Individuo 15:
{
  "Posicao": [7. 6. 6. 0. 2.]
             [2. 1. 1. 2. 1.],
  "Velocidade": [ 0.43109197  1.993643   -1.63682153  0.14854101 -1.14473492]
                [-0.0742705   0.          0.14854101 -0.0742705   0.        ],
  "funcao_objetivo": 0.89233211252145209901900795906275169586588828298185,
  "confiabilidade_total": 0.98908211252145197678345294783301659522404162618253
}
 
Individuo 16:
{
  "Posicao": [8. 5. 7. 2. 1.]
             [2. 1. 1. 2. 1.],
  "Velocidade": [ 0.80911865  0.         -2.42500584  2.02546074  0.04722076]
                [0.25318259 0.25318259 0.         0.         0.        ],
  "funcao_objetivo": 0.97442036296462286557106479685306573004914145382241,
  "confiabilidade_total": 0.98775369629795615118793771765102525309180538566903
}
 
Individuo 17:
{
  "Posicao": [9. 6. 9. 0. 0.]
             [1. 1. 1. 1. 1.],
  "Velocidade": [ 1.53776735  0.8624418   1.53776735 -0.53563315 -3.21522708]
                [-0.8624418   0.         -1.39807495 -0.8624418   0.        ],
  "funcao_objetivo": 0.94266653562481238649256164022435334451783408810318,
  "confiabilidade_total": 0.94266653562481238649256164022435334451783408810318
}
 
Individuo 18:
{
  "Posicao": [9. 9. 9. 6. 0.]
             [3. 1. 1. 2. 1.],
  "Velocidade": [ 2.05364403  2.83225479  3.18712672  5.66741342 -2.95181769]
                [-0.18842981  0.          0.          0.          0.        ],
  "funcao_objetivo": 0.42190077172155545428184728606844564688353123416518,
  "confiabilidade_total": 0.98956743838822205152256747950865665239243092288589
}
 
Individuo 19:
{
  "Posicao": [9. 4. 6. 2. 1.]
             [2. 1. 1. 2. 1.],
  "Velocidade": [ 1.87031508  0.16826103  0.06838387  0.15602601 -1.67056077]
                [ 0.          0.          0.         -0.49254806  0.        ],
  "funcao_objetivo": 0.78648226243222443365064697728904284823848374357448,
  "confiabilidade_total": 0.98773226243222447361867586379467830348922379484401
}
 
Individuo 20:
{
  "Posicao": [9. 5. 8. 0. 0.]
             [2. 1. 1. 2. 1.],
  "Velocidade": [  4.27778998   0.           1.37137417 -10.25428908 -11.38016204]
                [ 1.45320791 -1.45320791  0.          0.          0.        ],
  "funcao_objetivo": 0.85497191912966949318796932640047559850240461328587,
  "confiabilidade_total": 0.98850525246300276101074272001873866990531198480687
}
 
Individuo 21:
{
  "Posicao": [9. 6. 9. 6. 0.]
             [2. 1. 1. 3. 1.],
  "Velocidade": [ 4.64884374  0.39791622  3.32870693  6.45554419 -5.50140595]
                [0.        0.        0.        0.9222206 0.       ],
  "funcao_objetivo": 0.50305056918953596947588395653847071155526189524021,
  "confiabilidade_total": 0.98915056918953600153912490771299159898974446970310
}
 
Individuo 22:
{
  "Posicao": [8. 5. 8. 1. 1.]
             [2. 1. 1. 2. 1.],
  "Velocidade": [ 0.92454065 -0.45455047  2.08003109 -0.94732947 -4.17550189]
                [-0.45455047  0.         -1.15549044 -0.45455047  0.        ],
  "funcao_objetivo": 0.98785273397378018932026245051179207609525724288217,
  "confiabilidade_total": 0.98785273397378018932026245051179207609525724288217
}
 
Individuo 23:
{
  "Posicao": [7. 2. 9. 2. 0.]
             [3. 1. 2. 3. 1.],
  "Velocidade": [ 0.05615115 -3.36028394  2.29634044  2.24018929 -4.64883203]
                [1.12009465 0.         1.12009465 1.12009465 0.        ],
  "funcao_objetivo": 0.070075986840990118838776466397862481978912205671997,
  "confiabilidade_total": 0.99894265350765701468508136302017659982778534409973
}
 
Individuo 24:
{
  "Posicao": [9. 5. 9. 8. 1.]
             [3. 1. 1. 1. 1.],
  "Velocidade": [ 3.09742293  0.          1.54871147  7.74355734 -3.43713319]
                [-0.3022503  0.         0.         0.3022503  0.       ],
  "funcao_objetivo": 0.86060471160262698030339546348646583429277865925396,
  "confiabilidade_total": 0.96505471160262701270525443717165946655646889248455
}
 
Individuo 25:
{
  "Posicao": [9. 4. 9. 0. 9.]
             [3. 1. 1. 2. 1.],
  "Velocidade": [ 2.84556674 -1.42278337  4.26835011  0.          8.53670023]
                [1.42278337 0.         0.         0.         0.        ],
  "funcao_objetivo": 0.33645754245262154842709182457212938798699669438261,
  "confiabilidade_total": 0.99139087578595469370344776006561352742944054203886
}
 
Individuo 26:
{
  "Posicao": [7. 2. 8. 3. 0.]
             [1. 2. 1. 1. 1.],
  "Velocidade": [ 0.28205904  1.23319186 -0.02623892 -1.54148982  0.07871676]
                [ 0.30829796 -0.61659593  0.          0.30829796  0.        ],
  "funcao_objetivo": 0.96396574244568751865658358225198242780142503839456,
  "confiabilidade_total": 0.96396574244568751865658358225198242780142503839456
}
 
Individuo 27:
{
  "Posicao": [9. 3. 9. 0. 0.]
             [3. 1. 1. 2. 1.],
  "Velocidade": [  4.72172317  -4.80662784   1.5173046  -11.30036964  -7.75633238]
                [ 1.60220928  0.          0.          0.         -3.20441856],
  "funcao_objetivo": 0.37412000230801851967890997901625282214541741412398,
  "confiabilidade_total": 0.99382000230801815970019647455549615518708535235640
}
 
Individuo 28:
{
  "Posicao": [5. 5. 9. 0. 0.]
             [3. 2. 1. 3. 1.],
  "Velocidade": [-2.19036754  0.          4.55121705  0.         -2.53133148]
                [1.13780426 1.13780426 0.         1.13780426 0.        ],
  "funcao_objetivo": 0.21781022738584656125038236697633844556797542386766,
  "confiabilidade_total": 0.99844356071918001801091009130374156626452007108445
}
 
Individuo 29:
{
  "Posicao": [9. 8. 9. 1. 0.]
             [3. 1. 1. 3. 1.],
  "Velocidade": [ 8.206639    2.90360326  7.23877125  0.96786775 -7.19829745]
                [0.96786775 0.         0.         0.96786775 0.        ],
  "funcao_objetivo": 0.18947014442841176352114753573177762511236974114353,
  "confiabilidade_total": 0.99475347776174533654423039880557365897162267083103
}
 
Individuo 30:
{
  "Posicao": [8. 5. 8. 0. 0.]
             [2. 1. 1. 2. 1.],
  "Velocidade": [ 1.12167222  0.          2.44122036 -7.95414476 -6.00411294]
                [ 1.31954815  0.         -2.63909629  1.31954815  0.        ],
  "funcao_objetivo": 0.98914790546915548637898606318363220708796083357008,
  "confiabilidade_total": 0.98914790546915548637898606318363220708796083357008
}
 
Individuo 31:
{
  "Posicao": [6. 6. 8. 2. 3.]
             [2. 1. 1. 2. 1.],
  "Velocidade": [ 1.17669538 -0.29270226  0.59129086 -2.89840271 -2.65197935]
                [ 1.01014796 -1.01014796  0.          1.01014796  0.        ],
  "funcao_objetivo": 0.80175924037823707573237104026643461213791057009045,
  "confiabilidade_total": 0.98717590704490374980052453776747821496212169069592
}
 
Individuo 32:
{
  "Posicao": [4. 5. 5. 5. 2.]
             [1. 1. 2. 1. 1.],
  "Velocidade": [ 1.84411924  0.          1.52437689 -2.31253132 -0.41648011]
                [ 0.31974235  0.         -0.31974235  0.31974235  0.        ],
  "funcao_objetivo": 0.96316622984488416250185633859344487694929382308017,
  "confiabilidade_total": 0.96316622984488416250185633859344487694929382308017
}
 
Individuo 33:
{
  "Posicao": [9. 6. 9. 0. 0.]
             [3. 2. 1. 3. 1.],
  "Velocidade": [ 2.31802014  0.78144396  3.09946411 -3.88090807 -9.27208058]
                [0.78144396 0.78144396 0.         0.78144396 0.        ],
  "funcao_objetivo": -0.22827835511124849688703767030838804614141248534094,
  "confiabilidade_total": 0.99812164488875188183224048982501102316782213379969
}
 
Individuo 34:
{
  "Posicao": [7. 5. 9. 0. 0.]
             [1. 2. 1. 1. 1.],
  "Velocidade": [ 0.4637331   1.23676543  2.06919183 -0.70161252 -5.83888219]
                [-0.53515291  0.53515291  0.         -0.53515291  0.        ],
  "funcao_objetivo": 0.96248833066116851933742617646913132721183984469267,
  "confiabilidade_total": 0.96248833066116851933742617646913132721183984469267
}
 
Individuo 35:
{
  "Posicao": [7. 5. 7. 0. 2.]
             [2. 1. 1. 2. 1.],
  "Velocidade": [ 0.74963051 -2.16908811  3.39187115 -3.25363216  1.28121861]
                [0.         0.         0.         0.61139152 0.        ],
  "funcao_objetivo": 0.98523237208759069028138043500758744784426021184405,
  "confiabilidade_total": 0.98898237208759071399505035161054042845526787247142
}
 
Individuo 36:
{
  "Posicao": [9. 4. 7. 0. 1.]
             [2. 1. 1. 3. 1.],
  "Velocidade": [ 4.64893875 -2.37706118 -1.2726263  -4.75412236 -3.27112884]
                [0.         0.         0.         0.60480924 0.        ],
  "funcao_objetivo": 0.43470247615970236241433153276328037789161512128908,
  "confiabilidade_total": 0.99035247615970222865466152592442038765247174970705
}
 
Individuo 37:
{
  "Posicao": [4. 0. 9. 4. 9.]
             [1. 1. 1. 2. 1.],
  "Velocidade": [-4.14242662 -7.54937534  4.28696464  4.40007957  8.21258423]
                [-3.33467971  0.          0.          0.          0.        ],
  "funcao_objetivo": 0.89451474861333886449804587105278848798489097851804,
  "confiabilidade_total": 0.96401474861333889847087042458257862494802002209714
}
 
Individuo 38:
{
  "Posicao": [8. 5. 5. 0. 1.]
             [2. 1. 1. 2. 1.],
  "Velocidade": [ 1.26311858  0.         -3.69408826  0.         -1.34422293]
                [0.01673531 0.         0.         0.01673531 0.01673531],
  "funcao_objetivo": 0.98900730473481290374919473279181052190116762411643,
  "confiabilidade_total": 0.98900730473481290374919473279181052190116762411643
}
 
Individuo 39:
{
  "Posicao": [9. 7. 9. 8. 0.]
             [3. 1. 1. 3. 2.],
  "Velocidade": [ 5.05851841  1.00231366  5.05851841  7.80749247 -4.47416419]
                [-0.11304241  0.          0.         -0.11304241  1.11535607],
  "funcao_objetivo": -0.019217569089171533659947399703608764372859438999898,
  "confiabilidade_total": 0.99739909757749485725692589739751076880833105172276
}
 
Individuo 40:
{
  "Posicao": [7. 5. 7. 0. 3.]
             [2. 1. 1. 2. 1.],
  "Velocidade": [-0.14200553  0.55059631  0.54401943 -0.55059631  0.01973066]
                [-0.13542864  0.          0.         -0.13542864  0.13542864],
  "funcao_objetivo": 0.98851142115399362017452312307107276609829438104104,
  "confiabilidade_total": 0.98851142115399362017452312307107276609829438104104
}
 
Individuo 41:
{
  "Posicao": [8. 5. 8. 0. 1.]
             [2. 1. 1. 2. 1.],
  "Velocidade": [ 3.16106878 -1.24204267  1.69573974  0.11164318 -2.82642024]
                [0.11164318 0.         0.         0.11164318 0.11164318],
  "funcao_objetivo": 0.98860038785267018034077179535920672343539945711031,
  "confiabilidade_total": 0.98860038785267018034077179535920672343539945711031
}
 
Individuo 42:
{
  "Posicao": [8. 4. 8. 1. 1.]
             [2. 1. 1. 2. 1.],
  "Velocidade": [ 0.77629774  4.23453842  1.62320542 -4.23453842 -4.02270859]
                [ 0.84690768  0.          0.          0.84690768 -1.69381537],
  "funcao_objetivo": 0.97341044680580127644851557648553617943110253977308,
  "confiabilidade_total": 0.98832711347246787714480493407154691700855579542646
}
 
Individuo 43:
{
  "Posicao": [9. 0. 0. 7. 0.]
             [1. 1. 1. 1. 1.],
  "Velocidade": [  5.68123347  -6.71098738 -10.76403849   7.37538037  -8.23133838]
                [-0.92192255  0.          0.         -0.92192255  0.        ],
  "funcao_objetivo": 0.95733034376245640472035971943580276597624400131687,
  "confiabilidade_total": 0.95733034376245640472035971943580276597624400131687
}
 
Individuo 44:
{
  "Posicao": [7. 8. 6. 1. 0.]
             [3. 1. 1. 3. 3.],
  "Velocidade": [ 1.07361847  1.45653364 -0.27496801  1.34858648 -4.78533621]
                [-0.05397358  0.          0.         -0.05397358  2.69717296],
  "funcao_objetivo": -0.23081652742662887915399101221067528769406282163807,
  "confiabilidade_total": 0.99871680590670437678939601791841280117598570131115
}
 
Individuo 45:
{
  "Posicao": [9. 4. 9. 0. 0.]
             [2. 1. 1. 2. 1.],
  "Velocidade": [ 8.64423069 -4.36426014  4.27997055 -1.45475338 -8.47565152]
                [1.45475338 0.         0.         1.45475338 0.        ],
  "funcao_objetivo": 0.66605054974192592161703402552987943637122011745512,
  "confiabilidade_total": 0.98836721640859272837904342622963275062788820827543
}
 
Individuo 46:
{
  "Posicao": [7. 5. 9. 8. 0.]
             [3. 1. 1. 3. 2.],
  "Velocidade": [ 0.23301919  0.          5.54152793  7.7581391  -5.1322799 ]
                [1.10830559 0.         0.         1.10830559 1.10830559],
  "funcao_objetivo": 0.21655209376784975140512177201542649570862565300223,
  "confiabilidade_total": 0.99770209376784965139623171378132533434788499138114
}
 
Individuo 47:
{
  "Posicao": [7. 7. 1. 8. 0.]
             [1. 1. 1. 1. 1.],
  "Velocidade": [-0.24873866  0.86844565 -5.38856803  6.00827503 -4.94896233]
                [-1.42379457  0.          0.         -1.42379457  0.        ],
  "funcao_objetivo": 0.94390255622221692251931657890706908615059221111196,
  "confiabilidade_total": 0.94390255622221692251931657890706908615059221111196
}
 
Individuo 48:
{
  "Posicao": [9. 4. 9. 4. 5.]
             [3. 1. 1. 3. 1.],
  "Velocidade": [ 4.03496189 -1.3449873   2.68997459  4.03496189  0.70601658]
                [1.3449873 0.        0.        1.3449873 0.       ],
  "funcao_objetivo": 0.088755312124001023772363112363312271374421669875366,
  "confiabilidade_total": 0.99313864545733411860018480888968321396704251948474
}
 
Individuo 49:
{
  "Posicao": [8. 6. 8. 0. 0.]
             [2. 1. 1. 2. 1.],
  "Velocidade": [ 1.25398271  1.59656772 -0.47682356 -4.99106099 -8.55165129]
                [-0.06711927  0.          0.         -0.06711927  0.06711927],
  "funcao_objetivo": 0.94356139791470748439548333708747697830203079965696,
  "confiabilidade_total": 0.98914473124804075875747034574791207280012869623288
}
 
Individuo 50:
{
  "Posicao": [8. 6. 9. 0. 0.]
             [2. 1. 1. 2. 1.],
  "Velocidade": [-0.45024331  1.92641082  2.50209171 -9.18181079 -3.07777261]
                [1.47616751 0.         0.         1.47616751 0.        ],
  "funcao_objetivo": 0.86674983960144990188818840465701053560569243449361,
  "confiabilidade_total": 0.98864983960144992411485335765264447488679842967183
}
 
-----------------------------------------
-----------------------------------------
-----------------------------------------
-----------------------------------------
GERACAO 3
Populacao antes da execucao:
Individuo 1:
{
  "Posicao": [8. 5. 8. 0. 0.]
             [2. 1. 1. 2. 1.],
  "Velocidade": [ 0.83564089  0.          0.83564089  0.         -2.50692266]
                [0. 0. 0. 0. 0.],
  "funcao_objetivo": 0.98914790546915548637898606318363220708796083357008,
  "confiabilidade_total": 0.98914790546915548637898606318363220708796083357008
}
 
Individuo 2:
{
  "Posicao": [7. 5. 5. 0. 0.]
             [2. 1. 1. 2. 1.],
  "Velocidade": [-1.311214   -0.05557683 -3.735208    0.3890378  -3.67180095]
                [0. 0. 0. 0. 0.],
  "funcao_objetivo": 0.98986407718699797537953210595854234046542847566448,
  "confiabilidade_total": 0.98986407718699797537953210595854234046542847566448
}
 
Individuo 3:
{
  "Posicao": [7. 5. 8. 2. 3.]
             [2. 1. 1. 2. 1.],
  "Velocidade": [-0.68774888  0.         -0.34387444 -3.44698998 -2.96721489]
                [ 0.         -0.55184822  0.          0.55184822  0.        ],
  "funcao_objetivo": 0.94356140230280676878546241326410685727355380642899,
  "confiabilidade_total": 0.98706140230280675884896634286895582048205037701615
}
 
Individuo 4:
{
  "Posicao": [7. 2. 7. 1. 0.]
             [3. 2. 2. 3. 1.],
  "Velocidade": [ 0.00505221 -1.58999968  0.00505221  1.37706308 -3.67075093]
                [0.68853154 0.68853154 0.68853154 0.68853154 0.        ],
  "funcao_objetivo": -0.12548588516777509647217911988158895734180225799934,
  "confiabilidade_total": 0.99974744816555843320779686182609573837887034942253
}
 
Individuo 5:
{
  "Posicao": [8. 4. 7. 0. 1.]
             [2. 1. 1. 1. 1.],
  "Velocidade": [-0.83631583 -2.87924933 -0.57398242  0.         -0.82093316]
                [ 0.          0.          0.         -1.60780913  0.        ],
  "funcao_objetivo": 0.97409630968703099901982933785348238329595002235867,
  "confiabilidade_total": 0.97409630968703099901982933785348238329595002235867
}
 
Individuo 6:
{
  "Posicao": [2. 0. 8. 1. 0.]
             [1. 1. 1. 1. 1.],
  "Velocidade": [ -6.53231584 -11.09115983   1.36469075   0.60348004  -7.89170553]
                [-3.49589326  0.          0.30174002 -3.49589326  0.        ],
  "funcao_objetivo": 0.95899219889835464438863105080465284804586594528774,
  "confiabilidade_total": 0.95899219889835464438863105080465284804586594528774
}
 
Individuo 7:
{
  "Posicao": [0. 3. 0. 0. 8.]
             [1. 1. 2. 1. 1.],
  "Velocidade": [-8.21580214 -2.362746   -9.39717514  0.          6.1345308 ]
                [-1.181373  0.        1.181373 -1.181373  0.      ],
  "funcao_objetivo": 0.97990766912511012416674358133580036357547433452123,
  "confiabilidade_total": 0.97990766912511012416674358133580036357547433452123
}
 
Individuo 8:
{
  "Posicao": [6. 9. 7. 7. 2.]
             [2. 1. 2. 3. 1.],
  "Velocidade": [-0.90027402  4.64303698  0.02833337  7.42885916 -1.01360751]
                [0.        0.        0.9286074 0.9286074 0.       ],
  "funcao_objetivo": 0.46914139665196824700285121536621018955844791641928,
  "confiabilidade_total": 0.99742472998530140746705812773183580199617298355795
}
 
Individuo 9:
{
  "Posicao": [8. 5. 9. 0. 0.]
             [1. 1. 1. 3. 1.],
  "Velocidade": [  1.93841804   0.           3.44820425   0.         -10.69039466]
                [-1.85556812  0.          0.          1.85556812  0.        ],
  "funcao_objetivo": 0.83121104496435591993380143492209586377739008800957,
  "confiabilidade_total": 0.96344437829768935868651169982945989880262907879326
}
 
Individuo 10:
{
  "Posicao": [9. 2. 9. 0. 0.]
             [3. 1. 2. 3. 2.],
  "Velocidade": [ 5.41721106 -3.16285006  3.30864435  0.         -8.87164971]
                [1.05428335 0.         1.05428335 1.05428335 1.05428335],
  "funcao_objetivo": -0.59145405638054984112738387389092918606216569969096,
  "confiabilidade_total": 0.99952927695278324179884699865376364318912366798482
}
 
Individuo 11:
{
  "Posicao": [8. 6. 9. 0. 0.]
             [2. 1. 1. 2. 1.],
  "Velocidade": [-0.28479717  5.20432316  7.65000987 -5.20432316 -6.82377094]
                [1.23691964 0.         0.         0.         0.        ],
  "funcao_objetivo": 0.86674983960144990188818840465701053560569243449361,
  "confiabilidade_total": 0.98864983960144992411485335765264447488679842967183
}
 
Individuo 12:
{
  "Posicao": [2. 5. 5. 5. 6.]
             [1. 1. 1. 3. 1.],
  "Velocidade": [-3.70763549  0.         -0.83764945  2.94956455  2.43336985]
                [-0.95666201  0.          0.          0.95666201  0.        ],
  "funcao_objetivo": 0.97156921690669981740083562474990303489653889175505,
  "confiabilidade_total": 0.97156921690669981740083562474990303489653889175505
}
 
Individuo 13:
{
  "Posicao": [8. 5. 9. 4. 0.]
             [2. 1. 1. 2. 1.],
  "Velocidade": [-1.1346799   1.50060152  1.26291966  4.19579923 -2.14566378]
                [-1.34970065  0.          0.          0.          0.        ],
  "funcao_objetivo": 0.90256353072149077131326726244463563000320501852034,
  "confiabilidade_total": 0.98648019738815738298688677601188166101931639242171
}
 
Individuo 14:
{
  "Posicao": [7. 6. 9. 1. 3.]
             [2. 1. 1. 3. 1.],
  "Velocidade": [0.35672906 0.51742085 3.61510878 0.51742085 0.48207538]
                [0.         0.         0.         0.51742085 0.        ],
  "funcao_objetivo": 0.63543397875610379292715840452010743994885670729551,
  "confiabilidade_total": 0.98930064542277059440450620800411562178903805800352
}
 
Individuo 15:
{
  "Posicao": [7. 6. 6. 0. 2.]
             [2. 1. 1. 2. 1.],
  "Velocidade": [ 0.43109197  1.993643   -1.63682153  0.14854101 -1.14473492]
                [-0.0742705   0.          0.14854101 -0.0742705   0.        ],
  "funcao_objetivo": 0.89233211252145209901900795906275169586588828298185,
  "confiabilidade_total": 0.98908211252145197678345294783301659522404162618253
}
 
Individuo 16:
{
  "Posicao": [8. 5. 7. 2. 1.]
             [2. 1. 1. 2. 1.],
  "Velocidade": [ 0.80911865  0.         -2.42500584  2.02546074  0.04722076]
                [0.25318259 0.25318259 0.         0.         0.        ],
  "funcao_objetivo": 0.97442036296462286557106479685306573004914145382241,
  "confiabilidade_total": 0.98775369629795615118793771765102525309180538566903
}
 
Individuo 17:
{
  "Posicao": [9. 6. 9. 0. 0.]
             [1. 1. 1. 1. 1.],
  "Velocidade": [ 1.53776735  0.8624418   1.53776735 -0.53563315 -3.21522708]
                [-0.8624418   0.         -1.39807495 -0.8624418   0.        ],
  "funcao_objetivo": 0.94266653562481238649256164022435334451783408810318,
  "confiabilidade_total": 0.94266653562481238649256164022435334451783408810318
}
 
Individuo 18:
{
  "Posicao": [9. 9. 9. 6. 0.]
             [3. 1. 1. 2. 1.],
  "Velocidade": [ 2.05364403  2.83225479  3.18712672  5.66741342 -2.95181769]
                [-0.18842981  0.          0.          0.          0.        ],
  "funcao_objetivo": 0.42190077172155545428184728606844564688353123416518,
  "confiabilidade_total": 0.98956743838822205152256747950865665239243092288589
}
 
Individuo 19:
{
  "Posicao": [9. 4. 6. 2. 1.]
             [2. 1. 1. 2. 1.],
  "Velocidade": [ 1.87031508  0.16826103  0.06838387  0.15602601 -1.67056077]
                [ 0.          0.          0.         -0.49254806  0.        ],
  "funcao_objetivo": 0.78648226243222443365064697728904284823848374357448,
  "confiabilidade_total": 0.98773226243222447361867586379467830348922379484401
}
 
Individuo 20:
{
  "Posicao": [9. 5. 8. 0. 0.]
             [2. 1. 1. 2. 1.],
  "Velocidade": [  4.27778998   0.           1.37137417 -10.25428908 -11.38016204]
                [ 1.45320791 -1.45320791  0.          0.          0.        ],
  "funcao_objetivo": 0.85497191912966949318796932640047559850240461328587,
  "confiabilidade_total": 0.98850525246300276101074272001873866990531198480687
}
 
Individuo 21:
{
  "Posicao": [9. 6. 9. 6. 0.]
             [2. 1. 1. 3. 1.],
  "Velocidade": [ 4.64884374  0.39791622  3.32870693  6.45554419 -5.50140595]
                [0.        0.        0.        0.9222206 0.       ],
  "funcao_objetivo": 0.50305056918953596947588395653847071155526189524021,
  "confiabilidade_total": 0.98915056918953600153912490771299159898974446970310
}
 
Individuo 22:
{
  "Posicao": [8. 5. 8. 1. 1.]
             [2. 1. 1. 2. 1.],
  "Velocidade": [ 0.92454065 -0.45455047  2.08003109 -0.94732947 -4.17550189]
                [-0.45455047  0.         -1.15549044 -0.45455047  0.        ],
  "funcao_objetivo": 0.98785273397378018932026245051179207609525724288217,
  "confiabilidade_total": 0.98785273397378018932026245051179207609525724288217
}
 
Individuo 23:
{
  "Posicao": [7. 2. 9. 2. 0.]
             [3. 1. 2. 3. 1.],
  "Velocidade": [ 0.05615115 -3.36028394  2.29634044  2.24018929 -4.64883203]
                [1.12009465 0.         1.12009465 1.12009465 0.        ],
  "funcao_objetivo": 0.070075986840990118838776466397862481978912205671997,
  "confiabilidade_total": 0.99894265350765701468508136302017659982778534409973
}
 
Individuo 24:
{
  "Posicao": [9. 5. 9. 8. 1.]
             [3. 1. 1. 1. 1.],
  "Velocidade": [ 3.09742293  0.          1.54871147  7.74355734 -3.43713319]
                [-0.3022503  0.         0.         0.3022503  0.       ],
  "funcao_objetivo": 0.86060471160262698030339546348646583429277865925396,
  "confiabilidade_total": 0.96505471160262701270525443717165946655646889248455
}
 
Individuo 25:
{
  "Posicao": [9. 4. 9. 0. 9.]
             [3. 1. 1. 2. 1.],
  "Velocidade": [ 2.84556674 -1.42278337  4.26835011  0.          8.53670023]
                [1.42278337 0.         0.         0.         0.        ],
  "funcao_objetivo": 0.33645754245262154842709182457212938798699669438261,
  "confiabilidade_total": 0.99139087578595469370344776006561352742944054203886
}
 
Individuo 26:
{
  "Posicao": [7. 2. 8. 3. 0.]
             [1. 2. 1. 1. 1.],
  "Velocidade": [ 0.28205904  1.23319186 -0.02623892 -1.54148982  0.07871676]
                [ 0.30829796 -0.61659593  0.          0.30829796  0.        ],
  "funcao_objetivo": 0.96396574244568751865658358225198242780142503839456,
  "confiabilidade_total": 0.96396574244568751865658358225198242780142503839456
}
 
Individuo 27:
{
  "Posicao": [9. 3. 9. 0. 0.]
             [3. 1. 1. 2. 1.],
  "Velocidade": [  4.72172317  -4.80662784   1.5173046  -11.30036964  -7.75633238]
                [ 1.60220928  0.          0.          0.         -3.20441856],
  "funcao_objetivo": 0.37412000230801851967890997901625282214541741412398,
  "confiabilidade_total": 0.99382000230801815970019647455549615518708535235640
}
 
Individuo 28:
{
  "Posicao": [5. 5. 9. 0. 0.]
             [3. 2. 1. 3. 1.],
  "Velocidade": [-2.19036754  0.          4.55121705  0.         -2.53133148]
                [1.13780426 1.13780426 0.         1.13780426 0.        ],
  "funcao_objetivo": 0.21781022738584656125038236697633844556797542386766,
  "confiabilidade_total": 0.99844356071918001801091009130374156626452007108445
}
 
Individuo 29:
{
  "Posicao": [9. 8. 9. 1. 0.]
             [3. 1. 1. 3. 1.],
  "Velocidade": [ 8.206639    2.90360326  7.23877125  0.96786775 -7.19829745]
                [0.96786775 0.         0.         0.96786775 0.        ],
  "funcao_objetivo": 0.18947014442841176352114753573177762511236974114353,
  "confiabilidade_total": 0.99475347776174533654423039880557365897162267083103
}
 
Individuo 30:
{
  "Posicao": [8. 5. 8. 0. 0.]
             [2. 1. 1. 2. 1.],
  "Velocidade": [ 1.12167222  0.          2.44122036 -7.95414476 -6.00411294]
                [ 1.31954815  0.         -2.63909629  1.31954815  0.        ],
  "funcao_objetivo": 0.98914790546915548637898606318363220708796083357008,
  "confiabilidade_total": 0.98914790546915548637898606318363220708796083357008
}
 
Individuo 31:
{
  "Posicao": [6. 6. 8. 2. 3.]
             [2. 1. 1. 2. 1.],
  "Velocidade": [ 1.17669538 -0.29270226  0.59129086 -2.89840271 -2.65197935]
                [ 1.01014796 -1.01014796  0.          1.01014796  0.        ],
  "funcao_objetivo": 0.80175924037823707573237104026643461213791057009045,
  "confiabilidade_total": 0.98717590704490374980052453776747821496212169069592
}
 
Individuo 32:
{
  "Posicao": [4. 5. 5. 5. 2.]
             [1. 1. 2. 1. 1.],
  "Velocidade": [ 1.84411924  0.          1.52437689 -2.31253132 -0.41648011]
                [ 0.31974235  0.         -0.31974235  0.31974235  0.        ],
  "funcao_objetivo": 0.96316622984488416250185633859344487694929382308017,
  "confiabilidade_total": 0.96316622984488416250185633859344487694929382308017
}
 
Individuo 33:
{
  "Posicao": [9. 6. 9. 0. 0.]
             [3. 2. 1. 3. 1.],
  "Velocidade": [ 2.31802014  0.78144396  3.09946411 -3.88090807 -9.27208058]
                [0.78144396 0.78144396 0.         0.78144396 0.        ],
  "funcao_objetivo": -0.22827835511124849688703767030838804614141248534094,
  "confiabilidade_total": 0.99812164488875188183224048982501102316782213379969
}
 
Individuo 34:
{
  "Posicao": [7. 5. 9. 0. 0.]
             [1. 2. 1. 1. 1.],
  "Velocidade": [ 0.4637331   1.23676543  2.06919183 -0.70161252 -5.83888219]
                [-0.53515291  0.53515291  0.         -0.53515291  0.        ],
  "funcao_objetivo": 0.96248833066116851933742617646913132721183984469267,
  "confiabilidade_total": 0.96248833066116851933742617646913132721183984469267
}
 
Individuo 35:
{
  "Posicao": [7. 5. 7. 0. 2.]
             [2. 1. 1. 2. 1.],
  "Velocidade": [ 0.74963051 -2.16908811  3.39187115 -3.25363216  1.28121861]
                [0.         0.         0.         0.61139152 0.        ],
  "funcao_objetivo": 0.98523237208759069028138043500758744784426021184405,
  "confiabilidade_total": 0.98898237208759071399505035161054042845526787247142
}
 
Individuo 36:
{
  "Posicao": [9. 4. 7. 0. 1.]
             [2. 1. 1. 3. 1.],
  "Velocidade": [ 4.64893875 -2.37706118 -1.2726263  -4.75412236 -3.27112884]
                [0.         0.         0.         0.60480924 0.        ],
  "funcao_objetivo": 0.43470247615970236241433153276328037789161512128908,
  "confiabilidade_total": 0.99035247615970222865466152592442038765247174970705
}
 
Individuo 37:
{
  "Posicao": [4. 0. 9. 4. 9.]
             [1. 1. 1. 2. 1.],
  "Velocidade": [-4.14242662 -7.54937534  4.28696464  4.40007957  8.21258423]
                [-3.33467971  0.          0.          0.          0.        ],
  "funcao_objetivo": 0.89451474861333886449804587105278848798489097851804,
  "confiabilidade_total": 0.96401474861333889847087042458257862494802002209714
}
 
Individuo 38:
{
  "Posicao": [8. 5. 5. 0. 1.]
             [2. 1. 1. 2. 1.],
  "Velocidade": [ 1.26311858  0.         -3.69408826  0.         -1.34422293]
                [0.01673531 0.         0.         0.01673531 0.01673531],
  "funcao_objetivo": 0.98900730473481290374919473279181052190116762411643,
  "confiabilidade_total": 0.98900730473481290374919473279181052190116762411643
}
 
Individuo 39:
{
  "Posicao": [9. 7. 9. 8. 0.]
             [3. 1. 1. 3. 2.],
  "Velocidade": [ 5.05851841  1.00231366  5.05851841  7.80749247 -4.47416419]
                [-0.11304241  0.          0.         -0.11304241  1.11535607],
  "funcao_objetivo": -0.019217569089171533659947399703608764372859438999898,
  "confiabilidade_total": 0.99739909757749485725692589739751076880833105172276
}
 
Individuo 40:
{
  "Posicao": [7. 5. 7. 0. 3.]
             [2. 1. 1. 2. 1.],
  "Velocidade": [-0.14200553  0.55059631  0.54401943 -0.55059631  0.01973066]
                [-0.13542864  0.          0.         -0.13542864  0.13542864],
  "funcao_objetivo": 0.98851142115399362017452312307107276609829438104104,
  "confiabilidade_total": 0.98851142115399362017452312307107276609829438104104
}
 
Individuo 41:
{
  "Posicao": [8. 5. 8. 0. 1.]
             [2. 1. 1. 2. 1.],
  "Velocidade": [ 3.16106878 -1.24204267  1.69573974  0.11164318 -2.82642024]
                [0.11164318 0.         0.         0.11164318 0.11164318],
  "funcao_objetivo": 0.98860038785267018034077179535920672343539945711031,
  "confiabilidade_total": 0.98860038785267018034077179535920672343539945711031
}
 
Individuo 42:
{
  "Posicao": [8. 4. 8. 1. 1.]
             [2. 1. 1. 2. 1.],
  "Velocidade": [ 0.77629774  4.23453842  1.62320542 -4.23453842 -4.02270859]
                [ 0.84690768  0.          0.          0.84690768 -1.69381537],
  "funcao_objetivo": 0.97341044680580127644851557648553617943110253977308,
  "confiabilidade_total": 0.98832711347246787714480493407154691700855579542646
}
 
Individuo 43:
{
  "Posicao": [9. 0. 0. 7. 0.]
             [1. 1. 1. 1. 1.],
  "Velocidade": [  5.68123347  -6.71098738 -10.76403849   7.37538037  -8.23133838]
                [-0.92192255  0.          0.         -0.92192255  0.        ],
  "funcao_objetivo": 0.95733034376245640472035971943580276597624400131687,
  "confiabilidade_total": 0.95733034376245640472035971943580276597624400131687
}
 
Individuo 44:
{
  "Posicao": [7. 8. 6. 1. 0.]
             [3. 1. 1. 3. 3.],
  "Velocidade": [ 1.07361847  1.45653364 -0.27496801  1.34858648 -4.78533621]
                [-0.05397358  0.          0.         -0.05397358  2.69717296],
  "funcao_objetivo": -0.23081652742662887915399101221067528769406282163807,
  "confiabilidade_total": 0.99871680590670437678939601791841280117598570131115
}
 
Individuo 45:
{
  "Posicao": [9. 4. 9. 0. 0.]
             [2. 1. 1. 2. 1.],
  "Velocidade": [ 8.64423069 -4.36426014  4.27997055 -1.45475338 -8.47565152]
                [1.45475338 0.         0.         1.45475338 0.        ],
  "funcao_objetivo": 0.66605054974192592161703402552987943637122011745512,
  "confiabilidade_total": 0.98836721640859272837904342622963275062788820827543
}
 
Individuo 46:
{
  "Posicao": [7. 5. 9. 8. 0.]
             [3. 1. 1. 3. 2.],
  "Velocidade": [ 0.23301919  0.          5.54152793  7.7581391  -5.1322799 ]
                [1.10830559 0.         0.         1.10830559 1.10830559],
  "funcao_objetivo": 0.21655209376784975140512177201542649570862565300223,
  "confiabilidade_total": 0.99770209376784965139623171378132533434788499138114
}
 
Individuo 47:
{
  "Posicao": [7. 7. 1. 8. 0.]
             [1. 1. 1. 1. 1.],
  "Velocidade": [-0.24873866  0.86844565 -5.38856803  6.00827503 -4.94896233]
                [-1.42379457  0.          0.         -1.42379457  0.        ],
  "funcao_objetivo": 0.94390255622221692251931657890706908615059221111196,
  "confiabilidade_total": 0.94390255622221692251931657890706908615059221111196
}
 
Individuo 48:
{
  "Posicao": [9. 4. 9. 4. 5.]
             [3. 1. 1. 3. 1.],
  "Velocidade": [ 4.03496189 -1.3449873   2.68997459  4.03496189  0.70601658]
                [1.3449873 0.        0.        1.3449873 0.       ],
  "funcao_objetivo": 0.088755312124001023772363112363312271374421669875366,
  "confiabilidade_total": 0.99313864545733411860018480888968321396704251948474
}
 
Individuo 49:
{
  "Posicao": [8. 6. 8. 0. 0.]
             [2. 1. 1. 2. 1.],
  "Velocidade": [ 1.25398271  1.59656772 -0.47682356 -4.99106099 -8.55165129]
                [-0.06711927  0.          0.         -0.06711927  0.06711927],
  "funcao_objetivo": 0.94356139791470748439548333708747697830203079965696,
  "confiabilidade_total": 0.98914473124804075875747034574791207280012869623288
}
 
Individuo 50:
{
  "Posicao": [8. 6. 9. 0. 0.]
             [2. 1. 1. 2. 1.],
  "Velocidade": [-0.45024331  1.92641082  2.50209171 -9.18181079 -3.07777261]
                [1.47616751 0.         0.         1.47616751 0.        ],
  "funcao_objetivo": 0.86674983960144990188818840465701053560569243449361,
  "confiabilidade_total": 0.98864983960144992411485335765264447488679842967183
}
 
-----------------------------------------
Populacao final da era:
Individuo 1:
{
  "Posicao": [9. 5. 8. 0. 2.]
             [2. 1. 1. 2. 1.],
  "Velocidade": [0.64234916 0.         0.28902421 0.         2.4570349 ]
                [0. 0. 0. 0. 0.],
  "funcao_objetivo": 0.89986743618165852497979636939014128772955123453980,
  "confiabilidade_total": 0.98770076951499169808944353223629989559244100123292
}
 
Individuo 2:
{
  "Posicao": [6. 5. 1. 0. 4.]
             [2. 1. 1. 2. 1.],
  "Velocidade": [-1.28512084 -0.05447085 -3.66087736  0.38129595  3.59873211]
                [0. 0. 0. 0. 0.],
  "funcao_objetivo": 0.84792684905791775658572977311159546302721793829383,
  "confiabilidade_total": 0.99092684905791771706179009645602262394593055426063
}
 
Individuo 3:
{
  "Posicao": [8. 5. 5. 1. 1.]
             [2. 2. 1. 1. 1.],
  "Velocidade": [ 0.70686461  0.         -3.20494344 -1.14755441 -1.63329754]
                [ 0.          0.84006085  0.         -0.84006085  0.        ],
  "funcao_objetivo": 0.98997089858096528595549804808766451507179489109589,
  "confiabilidade_total": 0.98997089858096528595549804808766451507179489109589
}
 
Individuo 4:
{
  "Posicao": [9. 9. 9. 5. 9.]
             [1. 3. 3. 1. 1.],
  "Velocidade": [ 2.26461491 14.51572827  2.09365204  3.52384133 12.21993966]
                [-3.92997814  0.58934833  0.58934833 -3.92997814  0.        ],
  "funcao_objetivo": 0.11529849364941855073588734078061507038722040865809,
  "confiabilidade_total": 0.99168182698275178722816697947696057103524210665614
}
 
Individuo 5:
{
  "Posicao": [4. 1. 5. 0. 1.]
             [2. 1. 1. 2. 1.],
  "Velocidade": [-4.20919336 -2.94376421 -2.42573557  0.          0.01948179]
                [0.         0.         0.         0.99535924 0.        ],
  "funcao_objetivo": 0.83234764261072579929824821403795221048190300229966,
  "confiabilidade_total": 0.99153097594405911921962481697246738693925593856752
}
 
Individuo 6:
{
  "Posicao": [2. 5. 3. 3. 6.]
             [3. 1. 3. 3. 1.],
  "Velocidade": [-0.32945741  4.7975804  -4.52567548  1.5963874   5.51517092]
                [2.21175192 0.         2.51522507 2.21175192 0.        ],
  "funcao_objetivo": -0.19636339559411548976539615161348823244063911376221,
  "confiabilidade_total": 0.99926993773921789149996589820327013944895210327881
}
 
Individuo 7:
{
  "Posicao": [3. 4. 1. 0. 1.]
             [1. 1. 2. 1. 1.],
  "Velocidade": [ 2.96174256  0.83114414  1.34299261  0.         -6.57503235]
                [ 0.41557207  0.         -0.41557207  0.41557207  0.        ],
  "funcao_objetivo": 0.97435064057033714789423493400476529304627794931303,
  "confiabilidade_total": 0.97826730723700380474005376200806806254890281865965
}
 
Individuo 8:
{
  "Posicao": [7. 5. 4. 0. 0.]
             [2. 1. 1. 2. 1.],
  "Velocidade": [ 1.25550761 -4.00082418 -2.646524   -7.68403839 -2.86701086]
                [ 0.          0.         -1.22773807 -1.22773807  0.        ],
  "funcao_objetivo": 0.90360707685128437794463825627593836217633840145353,
  "confiabilidade_total": 0.99045707685128427744725006720676832302919980587247
}
 
Individuo 9:
{
  "Posicao": [7. 5. 6. 0. 4.]
             [2. 1. 1. 2. 1.],
  "Velocidade": [-1.27920497  0.         -2.54192864  0.          4.43793997]
                [ 0.60544169  0.          0.         -0.60544169  0.        ],
  "funcao_objetivo": 0.92733542856689269630498007259498719040628084339767,
  "confiabilidade_total": 0.98850209523355939185594909659280985042776474156051
}
 
Individuo 10:
{
  "Posicao": [9. 7. 6. 0. 2.]
             [1. 1. 1. 1. 1.],
  "Velocidade": [-0.24876022  5.23734383 -3.36922314  0.          1.93863572]
                [-1.74578128  0.         -1.74578128 -1.74578128 -1.74578128],
  "funcao_objetivo": 0.94492540088933814821772628761953550089444241443642,
  "confiabilidade_total": 0.94492540088933814821772628761953550089444241443642
}
 
Individuo 11:
{
  "Posicao": [6. 1. 0. 2. 3.]
             [2. 1. 1. 2. 1.],
  "Velocidade": [ -1.67742066  -4.77175642 -10.80672305   1.96109503   3.19861514]
                [-0.20006549  0.          0.          0.          0.        ],
  "funcao_objetivo": 0.77549620626004765364997756093562189296814702342812,
  "confiabilidade_total": 0.99232953959338105929583723152081789256068967174355
}
 
Individuo 12:
{
  "Posicao": [3. 5. 4. 3. 3.]
             [1. 1. 1. 3. 1.],
  "Velocidade": [ 1.43399643  0.         -1.34601756 -1.65194443 -3.27644431]
                [ 0.18095302  0.          0.         -0.18095302  0.        ],
  "funcao_objetivo": 0.72807954984870067980960030598997707575186325265703,
  "confiabilidade_total": 0.97166288318203391492520339415112846627458168222246
}
 
Individuo 13:
{
  "Posicao": [0. 9. 0. 7. 6.]
             [1. 1. 1. 2. 1.],
  "Velocidade": [ -9.04421927   7.99824877 -19.06754932   3.3894936    6.05642145]
                [-2.95471891  0.          0.          0.          0.        ],
  "funcao_objetivo": 0.97912086992779353673965865488980064523040914144111,
  "confiabilidade_total": 0.97912086992779353673965865488980064523040914144111
}
 
Individuo 14:
{
  "Posicao": [7. 5. 6. 1. 0.]
             [2. 1. 1. 2. 1.],
  "Velocidade": [ 0.34963015 -1.35039121 -3.29832462 -0.17325362 -3.33435769]
                [ 0.          0.          0.         -1.35039121  0.        ],
  "funcao_objetivo": 0.98911037839608785776379659732896073107853975975241,
  "confiabilidade_total": 0.98911037839608785776379659732896073107853975975241
}
 
Individuo 15:
{
  "Posicao": [8. 8. 3. 2. 0.]
             [1. 1. 3. 1. 1.],
  "Velocidade": [ 1.14785168  2.27452637 -2.73436879  1.59626192 -1.93151784]
                [-0.79813096  0.          1.59626192 -0.79813096  0.        ],
  "funcao_objetivo": 0.81770077979092266666225618405042952428267807317611,
  "confiabilidade_total": 0.97278411312425587868522036000832487399385780645248
}
 
Individuo 16:
{
  "Posicao": [8. 5. 4. 3. 1.]
             [2. 1. 1. 2. 1.],
  "Velocidade": [ 0.40347137  0.         -3.15583985  1.20606245 -0.34326475]
                [0.24814426 0.24814426 0.         0.         0.        ],
  "funcao_objetivo": 0.90403491675495861457502310175336839281299478133258,
  "confiabilidade_total": 0.98770158342162521214881020258112636044898397048053
}
 
Individuo 17:
{
  "Posicao": [6. 6. 5. 5. 1.]
             [1. 1. 3. 1. 1.],
  "Velocidade": [-3.03081233  0.44784278 -3.8256852   5.0896838   1.27969145]
                [0.44784278 0.         2.37285197 0.44784278 0.        ],
  "funcao_objetivo": 0.96706311119377380628112752317375718316077721662394,
  "confiabilidade_total": 0.96706311119377380628112752317375718316077721662394
}
 
Individuo 18:
{
  "Posicao": [4. 0. 4. 9. 4.]
             [1. 1. 1. 2. 1.],
  "Velocidade": [-4.6886436  -9.3220068  -5.05937527  3.71953877  3.63162607]
                [-2.88291986  0.          0.          0.          0.        ],
  "funcao_objetivo": 0.89900033238680855880978394635168103118938287516898,
  "confiabilidade_total": 0.96850033238680859278260849988147116815251191874808
}
 
Individuo 19:
{
  "Posicao": [9. 1. 0. 9. 4.]
             [2. 1. 1. 1. 1.],
  "Velocidade": [ 0.31026882 -3.46851171 -8.0191202   8.88471572  3.46105368]
                [ 0.         0.         0.        -1.9476923  0.       ],
  "funcao_objetivo": 0.96962615875493035348549566117900144171697815938015,
  "confiabilidade_total": 0.96962615875493035348549566117900144171697815938015
}
 
Individuo 20:
{
  "Posicao": [5. 5. 5. 0. 1.]
             [2. 1. 1. 2. 1.],
  "Velocidade": [-3.65300201  0.         -3.03145952  0.29990494  0.67502738]
                [-0.05430146  0.05430146  0.          0.          0.        ],
  "funcao_objetivo": 0.98945937284092570314220863461714950856476505811261,
  "confiabilidade_total": 0.98945937284092570314220863461714950856476505811261
}
 
Individuo 21:
{
  "Posicao": [0. 1. 0. 9. 7.]
             [2. 1. 1. 1. 1.],
  "Velocidade": [-12.14583604  -5.29758856  -8.83388869   5.93919835   7.03772774]
                [ 0.          0.          0.         -3.00805273  0.        ],
  "funcao_objetivo": 0.97242872207375951513815741151466799590274977842923,
  "confiabilidade_total": 0.97242872207375951513815741151466799590274977842923
}
 
Individuo 22:
{
  "Posicao": [7. 5. 6. 0. 0.]
             [2. 1. 2. 2. 1.],
  "Velocidade": [-0.52636171 -0.44550492 -2.25887352 -2.36098161 -5.5249134 ]
                [-0.44550492  0.          1.13249618 -0.44550492  0.        ],
  "funcao_objetivo": 0.66695991936933226485242554311957298337002041552479,
  "confiabilidade_total": 0.99655991936933224118247065811123554153819325182850
}
 
Individuo 23:
{
  "Posicao": [7. 0. 9. 3. 4.]
             [2. 1. 3. 2. 1.],
  "Velocidade": [ 0.05503374 -1.82489312  0.71165189  1.21659541  3.92776498]
                [-0.60829771  0.          0.60829771 -0.60829771  0.        ],
  "funcao_objetivo": 0.19333965991394834214237137162993512335592140762455,
  "confiabilidade_total": 0.99702299324728186933544777817726916852765907852299
}
 
Individuo 24:
{
  "Posicao": [8. 5. 5. 0. 2.]
             [2. 1. 1. 2. 1.],
  "Velocidade": [ -0.86938409   0.          -4.44686134 -15.41354539   1.13822271]
                [-1.32602809  0.          0.          1.32602809  0.        ],
  "funcao_objetivo": 0.97300932106690162196261218944656687880100480998041,
  "confiabilidade_total": 0.98875932106690162554308144386269672166721693957331
}
 
Individuo 25:
{
  "Posicao": [9. 5. 9. 0. 0.]
             [2. 1. 1. 2. 1.],
  "Velocidade": [ -0.21698216   1.30180688   0.5581973    0.         -15.89967191]
                [-1.30180688  0.          0.          0.          0.        ],
  "funcao_objetivo": 0.77812449932255789882125875434617220133390892640775,
  "confiabilidade_total": 0.98797449932255803246990645872251653753068913118070
}
 
Individuo 26:
{
  "Posicao": [7. 4. 5. 3. 0.]
             [2. 3. 1. 2. 1.],
  "Velocidade": [ 0.27644607  1.74925243 -2.93278366  0.31505054  0.0771503 ]
                [1.27118513 0.79311784 0.         1.27118513 0.        ],
  "funcao_objetivo": 0.28250709230147042974162698508099966822172931876447,
  "confiabilidade_total": 0.99472375896813695552839331364613573206569484915998
}
 
Individuo 27:
{
  "Posicao": [6. 8. 3. 1. 1.]
             [1. 1. 1. 2. 1.],
  "Velocidade": [-3.23761782  4.53932283 -5.93412665  1.3810517   0.67738095]
                [-2.36236403  0.          0.          0.          0.37081047],
  "funcao_objetivo": 0.96792017288414277759786767599862958154713006197321,
  "confiabilidade_total": 0.96792017288414277759786767599862958154713006197321
}
 
Individuo 28:
{
  "Posicao": [3. 5. 9. 0. 2.]
             [2. 3. 1. 2. 1.],
  "Velocidade": [-1.67236713  0.          4.04567715  0.          1.94710447]
                [-0.87795591  0.87795591  0.         -0.87795591  0.        ],
  "funcao_objetivo": 0.43337631887146927769424297083808875286387494224281,
  "confiabilidade_total": 0.99535965220480252915232898148154441842245152610512
}
 
Individuo 29:
{
  "Posicao": [9. 5. 9. 0. 3.]
             [2. 1. 1. 2. 1.],
  "Velocidade": [ 4.37708866 -2.65353578  2.26204491 -0.88451193  3.30534885]
                [-0.88451193  0.          0.         -0.88451193  0.        ],
  "funcao_objetivo": 0.80239739653806270088119238345147177090969926636460,
  "confiabilidade_total": 0.98661406320472950711029473233114994576302415650132
}
 
Individuo 30:
{
  "Posicao": [9. 5. 9. 8. 6.]
             [3. 1. 3. 3. 1.],
  "Velocidade": [1.08598382 0.         2.35253871 7.79585728 5.88463109]
                [1.29328914 0.         2.58657828 1.29328914 0.        ],
  "funcao_objetivo": -0.27048207438925287042713295591981072322545888050828,
  "confiabilidade_total": 0.99880125894408055959922433543382290407003519908156
}
 
Individuo 31:
{
  "Posicao": [5. 6. 4. 4. 4.]
             [2. 1. 1. 2. 1.],
  "Velocidade": [-1.19864278 -0.23588319 -3.86934818  1.86311933  1.00516936]
                [-0.16041779  0.16041779  0.         -0.16041779  0.        ],
  "funcao_objetivo": 0.78312750133241874012709064541237224169903084692213,
  "confiabilidade_total": 0.98712750133241889355991264860900612824492737707350
}
 
Individuo 32:
{
  "Posicao": [5. 5. 6. 3. 1.]
             [1. 1. 2. 1. 1.],
  "Velocidade": [ 1.15655804  0.          0.70348318 -1.70877898 -0.50132241]
                [ 0.35994461  0.         -0.35994461  0.35994461  0.        ],
  "funcao_objetivo": 0.96593282200464125010417616745213254052908753699012,
  "confiabilidade_total": 0.96593282200464125010417616745213254052908753699012
}
 
Individuo 33:
{
  "Posicao": [8. 5. 7. 3. 7.]
             [2. 1. 1. 2. 1.],
  "Velocidade": [-0.76295384 -0.75152946 -1.86506619  3.2202581   6.75388656]
                [-0.75152946 -0.75152946  0.         -0.75152946  0.        ],
  "funcao_objetivo": 0.98569112539920789445901801173117334218489522703283,
  "confiabilidade_total": 0.98569112539920789445901801173117334218489522703283
}
 
Individuo 34:
{
  "Posicao": [5. 2. 7. 5. 3.]
             [1. 2. 1. 1. 1.],
  "Velocidade": [-2.28783816 -2.90136066 -1.67269347  4.79703551  2.50434048]
                [ 0.05788086 -0.05788086  0.          0.05788086  0.        ],
  "funcao_objetivo": 0.96362986017300543626223691861808301484986419536093,
  "confiabilidade_total": 0.96362986017300543626223691861808301484986419536093
}
 
Individuo 35:
{
  "Posicao": [8. 3. 9. 3. 2.]
             [2. 1. 1. 3. 1.],
  "Velocidade": [ 0.73471286 -2.12592325  2.02575921  3.18888488 -0.04289135]
                [0.         0.         0.         0.59922483 0.        ],
  "funcao_objetivo": 0.64650740685103647302142832052784610610439592773174,
  "confiabilidade_total": 0.98967407351770288127443414715078501800059491569256
}
 
Individuo 36:
{
  "Posicao": [0. 9. 7. 6. 4.]
             [2. 1. 1. 1. 1.],
  "Velocidade": [-10.56692963   6.15496314   0.24412835   6.41700727   3.07794261]
                [ 0.          0.          0.         -4.19977306  0.        ],
  "funcao_objetivo": 0.96159235117994631466641295620924522766145607319759,
  "confiabilidade_total": 0.96159235117994631466641295620924522766145607319759
}
 
Individuo 37:
{
  "Posicao": [5. 1. 9. 7. 5.]
             [3. 1. 1. 2. 1.],
  "Velocidade": [ 0.53445458  0.98437339  0.98014338  3.26932124 -3.55587302]
                [2.46294192 0.         0.         0.         0.        ],
  "funcao_objetivo": 0.92562165960378796740645219616835048878530514801096,
  "confiabilidade_total": 0.99130499293712141505204888832321841260383380020213
}
 
Individuo 38:
{
  "Posicao": [9. 5. 1. 0. 0.]
             [2. 1. 1. 2. 1.],
  "Velocidade": [ 0.85543039  0.         -3.6205759   0.         -1.70002502]
                [0.01640228 0.         0.         0.01640228 0.01640228],
  "funcao_objetivo": 0.81428377010651594086967691868694152255810378261416,
  "confiabilidade_total": 0.99115043677318266840617128213552411218441603847354
}
 
Individuo 39:
{
  "Posicao": [2. 1. 0. 4. 3.]
             [1. 1. 1. 1. 2.],
  "Velocidade": [-6.62045494 -6.14555354 -9.29798842 -4.17060748  3.40305011]
                [-3.67475344  0.          0.         -3.67475344 -0.24560626],
  "funcao_objetivo": 0.88827381107279311285835146007904777378036907658464,
  "confiabilidade_total": 0.96452381107279291690398761373891838900937965855485
}
 
Individuo 40:
{
  "Posicao": [7. 6. 6. 1. 1.]
             [2. 1. 1. 2. 1.],
  "Velocidade": [-0.13917962  0.53963945 -0.71099731  0.53963945 -1.8469481 ]
                [-0.13273361  0.          0.         -0.13273361  0.13273361],
  "funcao_objetivo": 0.96658219151917260214247389739142533859291946764311,
  "confiabilidade_total": 0.98858219151917272576580768940260611476430570955595
}
 
Individuo 41:
{
  "Posicao": [9. 4. 9. 0. 0.]
             [2. 1. 1. 2. 1.],
  "Velocidade": [ 2.88057165 -1.21732602  1.00921895  0.10942148 -2.98776633]
                [0.10942148 0.         0.         0.10942148 0.10942148],
  "funcao_objetivo": 0.66605054974192592161703402552987943637122011745512,
  "confiabilidade_total": 0.98836721640859272837904342622963275062788820827543
}
 
Individuo 42:
{
  "Posicao": [8. 9. 7. 0. 0.]
             [3. 1. 1. 3. 3.],
  "Velocidade": [ 0.04880153  4.86231899 -0.54524003 -4.86231899 -4.65470458]
                [0.83005422 0.         0.         0.83005422 1.66010844],
  "funcao_objetivo": -0.34399143268691795188278399745450313167501448552736,
  "confiabilidade_total": 0.99874190064641527137563718770997640712331772882811
}
 
Individuo 43:
{
  "Posicao": [9. 3. 7. 9. 8.]
             [1. 1. 1. 1. 1.],
  "Velocidade": [4.23678924 3.24896952 7.22136491 2.56875341 8.06753475]
                [0.23788245 0.         0.         0.23788245 0.        ],
  "funcao_objetivo": 0.93218576230312963658192423774043194622973666011460,
  "confiabilidade_total": 0.93218576230312963658192423774043194622973666011460
}
 
Individuo 44:
{
  "Posicao": [9. 1. 6. 1. 1.]
             [1. 1. 1. 1. 2.],
  "Velocidade": [ 1.7013688  -7.26068383  0.08000305 -0.2760972   1.44453134]
                [-2.94897699  0.          0.         -2.94897699 -0.55219441],
  "funcao_objetivo": 0.95158660227717991900575725577143524656509402847757,
  "confiabilidade_total": 0.95158660227717991900575725577143524656509402847757
}
 
Individuo 45:
{
  "Posicao": [9. 2. 9. 1. 5.]
             [3. 1. 1. 3. 1.],
  "Velocidade": [ 3.93900411 -1.73895568  0.56543611  0.88209881  5.04475619]
                [0.88209881 0.         0.         0.88209881 0.        ],
  "funcao_objetivo": 0.26368861884872055924214834013160976686742512925606,
  "confiabilidade_total": 0.99412195218205399362057988801585703262355534776192
}
 
Individuo 46:
{
  "Posicao": [7. 5. 9. 0. 0.]
             [2. 1. 1. 2. 1.],
  "Velocidade": [ 0.22838211  0.          2.93894233 -8.40879519  0.48381694]
                [-0.91531811  0.          0.         -0.91531811 -0.91531811],
  "funcao_objetivo": 0.90917057283505266957437655928377663721095617283444,
  "confiabilidade_total": 0.98902057283505254551250467254565902757223542202573
}
 
Individuo 47:
{
  "Posicao": [7. 5. 2. 2. 5.]
             [1. 1. 1. 1. 1.],
  "Velocidade": [-0.24378876 -2.06882762  0.55864689 -5.79125448  4.85047798]
                [0.06453454 0.         0.         0.06453454 0.        ],
  "funcao_objetivo": 0.94796503627081488833320881510741741250255907670050,
  "confiabilidade_total": 0.94796503627081488833320881510741741250255907670050
}
 
Individuo 48:
{
  "Posicao": [9. 3. 9. 6. 4.]
             [2. 1. 1. 2. 1.],
  "Velocidade": [ 3.19647617 -0.7726239   1.45307047  1.77227357 -0.7039986 ]
                [-0.7726239  0.         0.        -0.7726239  0.       ],
  "funcao_objetivo": 0.76684602471250903247039698850958127840461922376882,
  "confiabilidade_total": 0.98456269137917554232546291370372098716947031706106
}
 
Individuo 49:
{
  "Posicao": [9. 7. 7. 5. 8.]
             [2. 1. 1. 2. 1.],
  "Velocidade": [ 0.99020579  1.32597337 -1.18380275  4.89173888  8.38147343]
                [-0.0657836  0.         0.        -0.0657836  0.0657836],
  "funcao_objetivo": 0.98387834808903990524700130484498924279239749151047,
  "confiabilidade_total": 0.98387834808903990524700130484498924279239749151047
}
 
Individuo 50:
{
  "Posicao": [6. 6. 5. 8. 2.]
             [3. 1. 1. 3. 1.],
  "Velocidade": [-2.00931592 -0.08427096 -4.42630034  7.98830838  2.41005431]
                [1.2446349 0.        0.        1.2446349 0.       ],
  "funcao_objetivo": 0.55697241542822155929518565160942728760381661946341,
  "confiabilidade_total": 0.99427241542822156744422265235807629431327306325003
}
 
-----------------------------------------
-----------------------------------------
-----------------------------------------
-----------------------------------------
GERACAO 4
Populacao antes da execucao:
Individuo 1:
{
  "Posicao": [9. 5. 8. 0. 2.]
             [2. 1. 1. 2. 1.],
  "Velocidade": [0.64234916 0.         0.28902421 0.         2.4570349 ]
                [0. 0. 0. 0. 0.],
  "funcao_objetivo": 0.89986743618165852497979636939014128772955123453980,
  "confiabilidade_total": 0.98770076951499169808944353223629989559244100123292
}
 
Individuo 2:
{
  "Posicao": [6. 5. 1. 0. 4.]
             [2. 1. 1. 2. 1.],
  "Velocidade": [-1.28512084 -0.05447085 -3.66087736  0.38129595  3.59873211]
                [0. 0. 0. 0. 0.],
  "funcao_objetivo": 0.84792684905791775658572977311159546302721793829383,
  "confiabilidade_total": 0.99092684905791771706179009645602262394593055426063
}
 
Individuo 3:
{
  "Posicao": [8. 5. 5. 1. 1.]
             [2. 2. 1. 1. 1.],
  "Velocidade": [ 0.70686461  0.         -3.20494344 -1.14755441 -1.63329754]
                [ 0.          0.84006085  0.         -0.84006085  0.        ],
  "funcao_objetivo": 0.98997089858096528595549804808766451507179489109589,
  "confiabilidade_total": 0.98997089858096528595549804808766451507179489109589
}
 
Individuo 4:
{
  "Posicao": [9. 9. 9. 5. 9.]
             [1. 3. 3. 1. 1.],
  "Velocidade": [ 2.26461491 14.51572827  2.09365204  3.52384133 12.21993966]
                [-3.92997814  0.58934833  0.58934833 -3.92997814  0.        ],
  "funcao_objetivo": 0.11529849364941855073588734078061507038722040865809,
  "confiabilidade_total": 0.99168182698275178722816697947696057103524210665614
}
 
Individuo 5:
{
  "Posicao": [4. 1. 5. 0. 1.]
             [2. 1. 1. 2. 1.],
  "Velocidade": [-4.20919336 -2.94376421 -2.42573557  0.          0.01948179]
                [0.         0.         0.         0.99535924 0.        ],
  "funcao_objetivo": 0.83234764261072579929824821403795221048190300229966,
  "confiabilidade_total": 0.99153097594405911921962481697246738693925593856752
}
 
Individuo 6:
{
  "Posicao": [2. 5. 3. 3. 6.]
             [3. 1. 3. 3. 1.],
  "Velocidade": [-0.32945741  4.7975804  -4.52567548  1.5963874   5.51517092]
                [2.21175192 0.         2.51522507 2.21175192 0.        ],
  "funcao_objetivo": -0.19636339559411548976539615161348823244063911376221,
  "confiabilidade_total": 0.99926993773921789149996589820327013944895210327881
}
 
Individuo 7:
{
  "Posicao": [3. 4. 1. 0. 1.]
             [1. 1. 2. 1. 1.],
  "Velocidade": [ 2.96174256  0.83114414  1.34299261  0.         -6.57503235]
                [ 0.41557207  0.         -0.41557207  0.41557207  0.        ],
  "funcao_objetivo": 0.97435064057033714789423493400476529304627794931303,
  "confiabilidade_total": 0.97826730723700380474005376200806806254890281865965
}
 
Individuo 8:
{
  "Posicao": [7. 5. 4. 0. 0.]
             [2. 1. 1. 2. 1.],
  "Velocidade": [ 1.25550761 -4.00082418 -2.646524   -7.68403839 -2.86701086]
                [ 0.          0.         -1.22773807 -1.22773807  0.        ],
  "funcao_objetivo": 0.90360707685128437794463825627593836217633840145353,
  "confiabilidade_total": 0.99045707685128427744725006720676832302919980587247
}
 
Individuo 9:
{
  "Posicao": [7. 5. 6. 0. 4.]
             [2. 1. 1. 2. 1.],
  "Velocidade": [-1.27920497  0.         -2.54192864  0.          4.43793997]
                [ 0.60544169  0.          0.         -0.60544169  0.        ],
  "funcao_objetivo": 0.92733542856689269630498007259498719040628084339767,
  "confiabilidade_total": 0.98850209523355939185594909659280985042776474156051
}
 
Individuo 10:
{
  "Posicao": [9. 7. 6. 0. 2.]
             [1. 1. 1. 1. 1.],
  "Velocidade": [-0.24876022  5.23734383 -3.36922314  0.          1.93863572]
                [-1.74578128  0.         -1.74578128 -1.74578128 -1.74578128],
  "funcao_objetivo": 0.94492540088933814821772628761953550089444241443642,
  "confiabilidade_total": 0.94492540088933814821772628761953550089444241443642
}
 
Individuo 11:
{
  "Posicao": [6. 1. 0. 2. 3.]
             [2. 1. 1. 2. 1.],
  "Velocidade": [ -1.67742066  -4.77175642 -10.80672305   1.96109503   3.19861514]
                [-0.20006549  0.          0.          0.          0.        ],
  "funcao_objetivo": 0.77549620626004765364997756093562189296814702342812,
  "confiabilidade_total": 0.99232953959338105929583723152081789256068967174355
}
 
Individuo 12:
{
  "Posicao": [3. 5. 4. 3. 3.]
             [1. 1. 1. 3. 1.],
  "Velocidade": [ 1.43399643  0.         -1.34601756 -1.65194443 -3.27644431]
                [ 0.18095302  0.          0.         -0.18095302  0.        ],
  "funcao_objetivo": 0.72807954984870067980960030598997707575186325265703,
  "confiabilidade_total": 0.97166288318203391492520339415112846627458168222246
}
 
Individuo 13:
{
  "Posicao": [0. 9. 0. 7. 6.]
             [1. 1. 1. 2. 1.],
  "Velocidade": [ -9.04421927   7.99824877 -19.06754932   3.3894936    6.05642145]
                [-2.95471891  0.          0.          0.          0.        ],
  "funcao_objetivo": 0.97912086992779353673965865488980064523040914144111,
  "confiabilidade_total": 0.97912086992779353673965865488980064523040914144111
}
 
Individuo 14:
{
  "Posicao": [7. 5. 6. 1. 0.]
             [2. 1. 1. 2. 1.],
  "Velocidade": [ 0.34963015 -1.35039121 -3.29832462 -0.17325362 -3.33435769]
                [ 0.          0.          0.         -1.35039121  0.        ],
  "funcao_objetivo": 0.98911037839608785776379659732896073107853975975241,
  "confiabilidade_total": 0.98911037839608785776379659732896073107853975975241
}
 
Individuo 15:
{
  "Posicao": [8. 8. 3. 2. 0.]
             [1. 1. 3. 1. 1.],
  "Velocidade": [ 1.14785168  2.27452637 -2.73436879  1.59626192 -1.93151784]
                [-0.79813096  0.          1.59626192 -0.79813096  0.        ],
  "funcao_objetivo": 0.81770077979092266666225618405042952428267807317611,
  "confiabilidade_total": 0.97278411312425587868522036000832487399385780645248
}
 
Individuo 16:
{
  "Posicao": [8. 5. 4. 3. 1.]
             [2. 1. 1. 2. 1.],
  "Velocidade": [ 0.40347137  0.         -3.15583985  1.20606245 -0.34326475]
                [0.24814426 0.24814426 0.         0.         0.        ],
  "funcao_objetivo": 0.90403491675495861457502310175336839281299478133258,
  "confiabilidade_total": 0.98770158342162521214881020258112636044898397048053
}
 
Individuo 17:
{
  "Posicao": [6. 6. 5. 5. 1.]
             [1. 1. 3. 1. 1.],
  "Velocidade": [-3.03081233  0.44784278 -3.8256852   5.0896838   1.27969145]
                [0.44784278 0.         2.37285197 0.44784278 0.        ],
  "funcao_objetivo": 0.96706311119377380628112752317375718316077721662394,
  "confiabilidade_total": 0.96706311119377380628112752317375718316077721662394
}
 
Individuo 18:
{
  "Posicao": [4. 0. 4. 9. 4.]
             [1. 1. 1. 2. 1.],
  "Velocidade": [-4.6886436  -9.3220068  -5.05937527  3.71953877  3.63162607]
                [-2.88291986  0.          0.          0.          0.        ],
  "funcao_objetivo": 0.89900033238680855880978394635168103118938287516898,
  "confiabilidade_total": 0.96850033238680859278260849988147116815251191874808
}
 
Individuo 19:
{
  "Posicao": [9. 1. 0. 9. 4.]
             [2. 1. 1. 1. 1.],
  "Velocidade": [ 0.31026882 -3.46851171 -8.0191202   8.88471572  3.46105368]
                [ 0.         0.         0.        -1.9476923  0.       ],
  "funcao_objetivo": 0.96962615875493035348549566117900144171697815938015,
  "confiabilidade_total": 0.96962615875493035348549566117900144171697815938015
}
 
Individuo 20:
{
  "Posicao": [5. 5. 5. 0. 1.]
             [2. 1. 1. 2. 1.],
  "Velocidade": [-3.65300201  0.         -3.03145952  0.29990494  0.67502738]
                [-0.05430146  0.05430146  0.          0.          0.        ],
  "funcao_objetivo": 0.98945937284092570314220863461714950856476505811261,
  "confiabilidade_total": 0.98945937284092570314220863461714950856476505811261
}
 
Individuo 21:
{
  "Posicao": [0. 1. 0. 9. 7.]
             [2. 1. 1. 1. 1.],
  "Velocidade": [-12.14583604  -5.29758856  -8.83388869   5.93919835   7.03772774]
                [ 0.          0.          0.         -3.00805273  0.        ],
  "funcao_objetivo": 0.97242872207375951513815741151466799590274977842923,
  "confiabilidade_total": 0.97242872207375951513815741151466799590274977842923
}
 
Individuo 22:
{
  "Posicao": [7. 5. 6. 0. 0.]
             [2. 1. 2. 2. 1.],
  "Velocidade": [-0.52636171 -0.44550492 -2.25887352 -2.36098161 -5.5249134 ]
                [-0.44550492  0.          1.13249618 -0.44550492  0.        ],
  "funcao_objetivo": 0.66695991936933226485242554311957298337002041552479,
  "confiabilidade_total": 0.99655991936933224118247065811123554153819325182850
}
 
Individuo 23:
{
  "Posicao": [7. 0. 9. 3. 4.]
             [2. 1. 3. 2. 1.],
  "Velocidade": [ 0.05503374 -1.82489312  0.71165189  1.21659541  3.92776498]
                [-0.60829771  0.          0.60829771 -0.60829771  0.        ],
  "funcao_objetivo": 0.19333965991394834214237137162993512335592140762455,
  "confiabilidade_total": 0.99702299324728186933544777817726916852765907852299
}
 
Individuo 24:
{
  "Posicao": [8. 5. 5. 0. 2.]
             [2. 1. 1. 2. 1.],
  "Velocidade": [ -0.86938409   0.          -4.44686134 -15.41354539   1.13822271]
                [-1.32602809  0.          0.          1.32602809  0.        ],
  "funcao_objetivo": 0.97300932106690162196261218944656687880100480998041,
  "confiabilidade_total": 0.98875932106690162554308144386269672166721693957331
}
 
Individuo 25:
{
  "Posicao": [9. 5. 9. 0. 0.]
             [2. 1. 1. 2. 1.],
  "Velocidade": [ -0.21698216   1.30180688   0.5581973    0.         -15.89967191]
                [-1.30180688  0.          0.          0.          0.        ],
  "funcao_objetivo": 0.77812449932255789882125875434617220133390892640775,
  "confiabilidade_total": 0.98797449932255803246990645872251653753068913118070
}
 
Individuo 26:
{
  "Posicao": [7. 4. 5. 3. 0.]
             [2. 3. 1. 2. 1.],
  "Velocidade": [ 0.27644607  1.74925243 -2.93278366  0.31505054  0.0771503 ]
                [1.27118513 0.79311784 0.         1.27118513 0.        ],
  "funcao_objetivo": 0.28250709230147042974162698508099966822172931876447,
  "confiabilidade_total": 0.99472375896813695552839331364613573206569484915998
}
 
Individuo 27:
{
  "Posicao": [6. 8. 3. 1. 1.]
             [1. 1. 1. 2. 1.],
  "Velocidade": [-3.23761782  4.53932283 -5.93412665  1.3810517   0.67738095]
                [-2.36236403  0.          0.          0.          0.37081047],
  "funcao_objetivo": 0.96792017288414277759786767599862958154713006197321,
  "confiabilidade_total": 0.96792017288414277759786767599862958154713006197321
}
 
Individuo 28:
{
  "Posicao": [3. 5. 9. 0. 2.]
             [2. 3. 1. 2. 1.],
  "Velocidade": [-1.67236713  0.          4.04567715  0.          1.94710447]
                [-0.87795591  0.87795591  0.         -0.87795591  0.        ],
  "funcao_objetivo": 0.43337631887146927769424297083808875286387494224281,
  "confiabilidade_total": 0.99535965220480252915232898148154441842245152610512
}
 
Individuo 29:
{
  "Posicao": [9. 5. 9. 0. 3.]
             [2. 1. 1. 2. 1.],
  "Velocidade": [ 4.37708866 -2.65353578  2.26204491 -0.88451193  3.30534885]
                [-0.88451193  0.          0.         -0.88451193  0.        ],
  "funcao_objetivo": 0.80239739653806270088119238345147177090969926636460,
  "confiabilidade_total": 0.98661406320472950711029473233114994576302415650132
}
 
Individuo 30:
{
  "Posicao": [9. 5. 9. 8. 6.]
             [3. 1. 3. 3. 1.],
  "Velocidade": [1.08598382 0.         2.35253871 7.79585728 5.88463109]
                [1.29328914 0.         2.58657828 1.29328914 0.        ],
  "funcao_objetivo": -0.27048207438925287042713295591981072322545888050828,
  "confiabilidade_total": 0.99880125894408055959922433543382290407003519908156
}
 
Individuo 31:
{
  "Posicao": [5. 6. 4. 4. 4.]
             [2. 1. 1. 2. 1.],
  "Velocidade": [-1.19864278 -0.23588319 -3.86934818  1.86311933  1.00516936]
                [-0.16041779  0.16041779  0.         -0.16041779  0.        ],
  "funcao_objetivo": 0.78312750133241874012709064541237224169903084692213,
  "confiabilidade_total": 0.98712750133241889355991264860900612824492737707350
}
 
Individuo 32:
{
  "Posicao": [5. 5. 6. 3. 1.]
             [1. 1. 2. 1. 1.],
  "Velocidade": [ 1.15655804  0.          0.70348318 -1.70877898 -0.50132241]
                [ 0.35994461  0.         -0.35994461  0.35994461  0.        ],
  "funcao_objetivo": 0.96593282200464125010417616745213254052908753699012,
  "confiabilidade_total": 0.96593282200464125010417616745213254052908753699012
}
 
Individuo 33:
{
  "Posicao": [8. 5. 7. 3. 7.]
             [2. 1. 1. 2. 1.],
  "Velocidade": [-0.76295384 -0.75152946 -1.86506619  3.2202581   6.75388656]
                [-0.75152946 -0.75152946  0.         -0.75152946  0.        ],
  "funcao_objetivo": 0.98569112539920789445901801173117334218489522703283,
  "confiabilidade_total": 0.98569112539920789445901801173117334218489522703283
}
 
Individuo 34:
{
  "Posicao": [5. 2. 7. 5. 3.]
             [1. 2. 1. 1. 1.],
  "Velocidade": [-2.28783816 -2.90136066 -1.67269347  4.79703551  2.50434048]
                [ 0.05788086 -0.05788086  0.          0.05788086  0.        ],
  "funcao_objetivo": 0.96362986017300543626223691861808301484986419536093,
  "confiabilidade_total": 0.96362986017300543626223691861808301484986419536093
}
 
Individuo 35:
{
  "Posicao": [8. 3. 9. 3. 2.]
             [2. 1. 1. 3. 1.],
  "Velocidade": [ 0.73471286 -2.12592325  2.02575921  3.18888488 -0.04289135]
                [0.         0.         0.         0.59922483 0.        ],
  "funcao_objetivo": 0.64650740685103647302142832052784610610439592773174,
  "confiabilidade_total": 0.98967407351770288127443414715078501800059491569256
}
 
Individuo 36:
{
  "Posicao": [0. 9. 7. 6. 4.]
             [2. 1. 1. 1. 1.],
  "Velocidade": [-10.56692963   6.15496314   0.24412835   6.41700727   3.07794261]
                [ 0.          0.          0.         -4.19977306  0.        ],
  "funcao_objetivo": 0.96159235117994631466641295620924522766145607319759,
  "confiabilidade_total": 0.96159235117994631466641295620924522766145607319759
}
 
Individuo 37:
{
  "Posicao": [5. 1. 9. 7. 5.]
             [3. 1. 1. 2. 1.],
  "Velocidade": [ 0.53445458  0.98437339  0.98014338  3.26932124 -3.55587302]
                [2.46294192 0.         0.         0.         0.        ],
  "funcao_objetivo": 0.92562165960378796740645219616835048878530514801096,
  "confiabilidade_total": 0.99130499293712141505204888832321841260383380020213
}
 
Individuo 38:
{
  "Posicao": [9. 5. 1. 0. 0.]
             [2. 1. 1. 2. 1.],
  "Velocidade": [ 0.85543039  0.         -3.6205759   0.         -1.70002502]
                [0.01640228 0.         0.         0.01640228 0.01640228],
  "funcao_objetivo": 0.81428377010651594086967691868694152255810378261416,
  "confiabilidade_total": 0.99115043677318266840617128213552411218441603847354
}
 
Individuo 39:
{
  "Posicao": [2. 1. 0. 4. 3.]
             [1. 1. 1. 1. 2.],
  "Velocidade": [-6.62045494 -6.14555354 -9.29798842 -4.17060748  3.40305011]
                [-3.67475344  0.          0.         -3.67475344 -0.24560626],
  "funcao_objetivo": 0.88827381107279311285835146007904777378036907658464,
  "confiabilidade_total": 0.96452381107279291690398761373891838900937965855485
}
 
Individuo 40:
{
  "Posicao": [7. 6. 6. 1. 1.]
             [2. 1. 1. 2. 1.],
  "Velocidade": [-0.13917962  0.53963945 -0.71099731  0.53963945 -1.8469481 ]
                [-0.13273361  0.          0.         -0.13273361  0.13273361],
  "funcao_objetivo": 0.96658219151917260214247389739142533859291946764311,
  "confiabilidade_total": 0.98858219151917272576580768940260611476430570955595
}
 
Individuo 41:
{
  "Posicao": [9. 4. 9. 0. 0.]
             [2. 1. 1. 2. 1.],
  "Velocidade": [ 2.88057165 -1.21732602  1.00921895  0.10942148 -2.98776633]
                [0.10942148 0.         0.         0.10942148 0.10942148],
  "funcao_objetivo": 0.66605054974192592161703402552987943637122011745512,
  "confiabilidade_total": 0.98836721640859272837904342622963275062788820827543
}
 
Individuo 42:
{
  "Posicao": [8. 9. 7. 0. 0.]
             [3. 1. 1. 3. 3.],
  "Velocidade": [ 0.04880153  4.86231899 -0.54524003 -4.86231899 -4.65470458]
                [0.83005422 0.         0.         0.83005422 1.66010844],
  "funcao_objetivo": -0.34399143268691795188278399745450313167501448552736,
  "confiabilidade_total": 0.99874190064641527137563718770997640712331772882811
}
 
Individuo 43:
{
  "Posicao": [9. 3. 7. 9. 8.]
             [1. 1. 1. 1. 1.],
  "Velocidade": [4.23678924 3.24896952 7.22136491 2.56875341 8.06753475]
                [0.23788245 0.         0.         0.23788245 0.        ],
  "funcao_objetivo": 0.93218576230312963658192423774043194622973666011460,
  "confiabilidade_total": 0.93218576230312963658192423774043194622973666011460
}
 
Individuo 44:
{
  "Posicao": [9. 1. 6. 1. 1.]
             [1. 1. 1. 1. 2.],
  "Velocidade": [ 1.7013688  -7.26068383  0.08000305 -0.2760972   1.44453134]
                [-2.94897699  0.          0.         -2.94897699 -0.55219441],
  "funcao_objetivo": 0.95158660227717991900575725577143524656509402847757,
  "confiabilidade_total": 0.95158660227717991900575725577143524656509402847757
}
 
Individuo 45:
{
  "Posicao": [9. 2. 9. 1. 5.]
             [3. 1. 1. 3. 1.],
  "Velocidade": [ 3.93900411 -1.73895568  0.56543611  0.88209881  5.04475619]
                [0.88209881 0.         0.         0.88209881 0.        ],
  "funcao_objetivo": 0.26368861884872055924214834013160976686742512925606,
  "confiabilidade_total": 0.99412195218205399362057988801585703262355534776192
}
 
Individuo 46:
{
  "Posicao": [7. 5. 9. 0. 0.]
             [2. 1. 1. 2. 1.],
  "Velocidade": [ 0.22838211  0.          2.93894233 -8.40879519  0.48381694]
                [-0.91531811  0.          0.         -0.91531811 -0.91531811],
  "funcao_objetivo": 0.90917057283505266957437655928377663721095617283444,
  "confiabilidade_total": 0.98902057283505254551250467254565902757223542202573
}
 
Individuo 47:
{
  "Posicao": [7. 5. 2. 2. 5.]
             [1. 1. 1. 1. 1.],
  "Velocidade": [-0.24378876 -2.06882762  0.55864689 -5.79125448  4.85047798]
                [0.06453454 0.         0.         0.06453454 0.        ],
  "funcao_objetivo": 0.94796503627081488833320881510741741250255907670050,
  "confiabilidade_total": 0.94796503627081488833320881510741741250255907670050
}
 
Individuo 48:
{
  "Posicao": [9. 3. 9. 6. 4.]
             [2. 1. 1. 2. 1.],
  "Velocidade": [ 3.19647617 -0.7726239   1.45307047  1.77227357 -0.7039986 ]
                [-0.7726239  0.         0.        -0.7726239  0.       ],
  "funcao_objetivo": 0.76684602471250903247039698850958127840461922376882,
  "confiabilidade_total": 0.98456269137917554232546291370372098716947031706106
}
 
Individuo 49:
{
  "Posicao": [9. 7. 7. 5. 8.]
             [2. 1. 1. 2. 1.],
  "Velocidade": [ 0.99020579  1.32597337 -1.18380275  4.89173888  8.38147343]
                [-0.0657836  0.         0.        -0.0657836  0.0657836],
  "funcao_objetivo": 0.98387834808903990524700130484498924279239749151047,
  "confiabilidade_total": 0.98387834808903990524700130484498924279239749151047
}
 
Individuo 50:
{
  "Posicao": [6. 6. 5. 8. 2.]
             [3. 1. 1. 3. 1.],
  "Velocidade": [-2.00931592 -0.08427096 -4.42630034  7.98830838  2.41005431]
                [1.2446349 0.        0.        1.2446349 0.       ],
  "funcao_objetivo": 0.55697241542822155929518565160942728760381661946341,
  "confiabilidade_total": 0.99427241542822156744422265235807629431327306325003
}
 
-----------------------------------------
Populacao final da era:
Individuo 1:
{
  "Posicao": [7. 5. 6. 1. 0.]
             [2. 2. 1. 1. 1.],
  "Velocidade": [-2.32236049  0.         -1.63628038  0.63890676 -2.86829721]
                [ 0.          0.63890676  0.         -0.63890676  0.        ],
  "funcao_objetivo": 0.99046490767647411007511734153842336437789247444364,
  "confiabilidade_total": 0.99046490767647411007511734153842336437789247444364
}
 
Individuo 2:
{
  "Posicao": [9. 5. 9. 2. 0.]
             [2. 2. 1. 1. 1.],
  "Velocidade": [ 3.01710631 -0.05285301  7.64906597  1.83372596 -6.24561056]
                [ 0.          1.46375488  0.         -1.46375488  0.        ],
  "funcao_objetivo": 0.92442314902823932966219842542094128864163139209184,
  "confiabilidade_total": 0.98850648236157264127216791025537831435257175311479
}
 
Individuo 3:
{
  "Posicao": [9. 5. 2. 0. 0.]
             [2. 3. 1. 2. 1.],
  "Velocidade": [ 0.68587003  0.         -3.10975342 -1.1134709  -1.58478697]
                [0.        0.8151102 0.        0.8151102 0.       ],
  "funcao_objetivo": 0.38044474613999241791652953682457114739155514345926,
  "confiabilidade_total": 0.99499474613999234757279869657465274615025265322488
}
 
Individuo 4:
{
  "Posicao": [9. 9. 7. 1. 9.]
             [3. 1. 1. 3. 1.],
  "Velocidade": [-0.09567382 12.25784577 -1.63162205 -3.9165902   4.53081416]
                [ 3.35656615 -1.72118331 -2.17787102  3.81325386  0.        ],
  "funcao_objetivo": 0.17452470879911687292626436525050570076588951040280,
  "confiabilidade_total": 0.99242470879911683331350684662492033845071159292233
}
 
Individuo 5:
{
  "Posicao": [3. 3. 3. 1. 3.]
             [2. 2. 1. 1. 1.],
  "Velocidade": [-1.32690516  2.25336609 -2.3536888   1.15980306  1.90084445]
                [ 0.          1.15980306  0.         -0.66449231  0.        ],
  "funcao_objetivo": 0.73419157410191795764594558504995935560568942280664,
  "confiabilidade_total": 0.99252490743525131688448282630361196549042834492578
}
 
Individuo 6:
{
  "Posicao": [9. 0. 9. 0. 0.]
             [1. 3. 1. 1. 1.],
  "Velocidade": [  8.70528117  -5.51607057   6.75398582  -3.4935763  -12.34058768]
                [-3.42656144  1.50415889 -2.60202902 -4.93072033  0.        ],
  "funcao_objetivo": 0.64996824205077971472898135786240571311716074645260,
  "confiabilidade_total": 0.96268490871744621875537640377447358465794558226803
}
 
Individuo 7:
{
  "Posicao": [8. 5. 5. 1. 1.]
             [2. 2. 1. 1. 1.],
  "Velocidade": [ 4.56303121  0.80540706  3.84066687  0.84620458 -0.44895636]
                [ 1.24943375  0.84620458 -1.24943375  0.40322916  0.        ],
  "funcao_objetivo": 0.98997089858096528595549804808766451507179489109589,
  "confiabilidade_total": 0.98997089858096528595549804808766451507179489109589
}
 
Individuo 8:
{
  "Posicao": [9. 1. 9. 6. 5.]
             [2. 2. 2. 1. 1.],
  "Velocidade": [ 2.27365695 -3.8819957   5.5146562   6.4003756   5.30071803]
                [ 0.          1.05543917  1.19127302 -2.24671219  0.        ],
  "funcao_objetivo": 0.55659676257759483622959309348298585720397200001344,
  "confiabilidade_total": 0.99491342924426155173126986999487154863811697376833
}
 
Individuo 9:
{
  "Posicao": [4. 5. 3. 1. 9.]
             [3. 2. 1. 1. 1.],
  "Velocidade": [-2.50112377  0.         -3.1031337   0.63670288  6.18925078]
                [ 1.53576714  0.63670288  0.         -2.17247002  0.        ],
  "funcao_objetivo": 0.59420560216365368852524936569732069932635572257962,
  "confiabilidade_total": 0.99488893549698699656030071123875366487320211235013
}
 
Individuo 10:
{
  "Posicao": [5. 8. 4. 0. 5.]
             [2. 1. 3. 1. 3.],
  "Velocidade": [-4.29814101  0.67455359 -1.76646925  0.35046668  3.3837409 ]
                [0.50968812 0.35046668 1.69392983 0.15922144 1.69392983],
  "funcao_objetivo": 0.25120842692601491405106743526886429960509968956246,
  "confiabilidade_total": 0.98042509359268153820359374562286984498283101280465
}
 
Individuo 11:
{
  "Posicao": [9. 1. 4. 5. 7.]
             [1. 2. 1. 1. 1.],
  "Velocidade": [ 2.64147547 -0.49845487  4.21963943  3.29357063  4.12242742]
                [-1.07543825  1.25322263  0.         -1.25322263  0.        ],
  "funcao_objetivo": 0.96278360308596638365905786799070424962575256059987,
  "confiabilidade_total": 0.96278360308596638365905786799070424962575256059987
}
 
Individuo 12:
{
  "Posicao": [1. 5. 3. 9. 9.]
             [1. 1. 1. 3. 1.],
  "Velocidade": [-2.00532511  0.         -1.20764525  5.97773474  6.34583495]
                [ 0.27397278  0.09839424  0.         -0.37236702  0.        ],
  "funcao_objetivo": 0.82104556205546811029284606563435063302517349874291,
  "confiabilidade_total": 0.97487889538880137671673844822491646349430496846947
}
 
Individuo 13:
{
  "Posicao": [3. 9. 9. 1. 4.]
             [2. 3. 1. 1. 1.],
  "Velocidade": [ 3.44323766  1.6512755  10.86445243 -5.87530368 -1.76023193]
                [ 1.33960648  1.52735432  0.         -1.52735432  0.        ],
  "funcao_objetivo": 0.42349062913359812781967017904418946872754282967985,
  "confiabilidade_total": 0.99417396246693139255602356420451735775275416390836
}
 
Individuo 14:
{
  "Posicao": [9. 4. 2. 1. 2.]
             [2. 2. 1. 1. 1.],
  "Velocidade": [ 1.5937567  -1.31028324 -4.454872   -0.16810782  1.98081301]
                [ 0.          1.25451092  0.         -2.56479416  0.        ],
  "funcao_objetivo": 0.75874916707266258173196055714885515278645211363103,
  "confiabilidade_total": 0.99108250040599589012228327057033821126886063719060
}
 
Individuo 15:
{
  "Posicao": [9. 7. 4. 3. 2.]
             [1. 1. 2. 2. 1.],
  "Velocidade": [ 1.11375934 -0.66086296  1.30471991  1.10440334  1.63927738]
                [ 0.32997766  0.44444801 -0.65995533  0.77442567  0.        ],
  "funcao_objetivo": 0.76458174681269401524479940613713890917652125937412,
  "confiabilidade_total": 0.99033174681269404921762395966692904613965030295322
}
 
Individuo 16:
{
  "Posicao": [8. 5. 2. 3. 1.]
             [2. 2. 1. 2. 1.],
  "Velocidade": [ 0.39148787  0.         -1.72644896  0.25489398 -0.33306944]
                [ 0.24077413  0.52285059  0.         -0.28207646  0.        ],
  "funcao_objetivo": 0.79650926863787643199439868352729405678140438510199,
  "confiabilidade_total": 0.99442593530454308940920681165098955325114048434515
}
 
Individuo 17:
{
  "Posicao": [5. 6. 3. 6. 2.]
             [2. 2. 2. 1. 1.],
  "Velocidade": [-0.99421171 -0.16304845 -2.209253    1.04535018  1.24168333]
                [ 1.03213125  0.59758985 -1.1071962   0.4345414   0.        ],
  "funcao_objetivo": 0.68908308976308882912083100714081232560181557479709,
  "confiabilidade_total": 0.99366642309642203514859085012286235702538430038303
}
 
Individuo 18:
{
  "Posicao": [2. 6. 0. 0. 8.]
             [3. 2. 1. 1. 1.],
  "Velocidade": [ -1.93768613   5.78050879  -6.62274651 -11.08059441   3.93155285]
                [ 2.14436924  0.65292502  0.         -0.65292502  0.        ],
  "funcao_objetivo": 0.63475702745657974363120020366715550559928679578191,
  "confiabilidade_total": 0.99600702745657992570777624219282813507488036267644
}
 
Individuo 19:
{
  "Posicao": [9. 0. 7. 9. 7.]
             [2. 1. 1. 3. 1.],
  "Velocidade": [ 0.09446388 -2.53913485  6.74799606  6.96811359  2.73848798]
                [0.         0.20658965 0.         1.88984389 0.        ],
  "funcao_objetivo": 0.47081853966172671164018291661162672210648706559333,
  "confiabilidade_total": 0.99005187299506017492882202573495030049398592118415
}
 
Individuo 20:
{
  "Posicao": [4. 5. 2. 1. 2.]
             [2. 2. 1. 1. 1.],
  "Velocidade": [-1.01254486  0.         -2.94142214  1.13498391  0.65497839]
                [-0.05268865  0.8966751   0.         -0.84398645  0.        ],
  "funcao_objetivo": 0.82107445677746140453409890774993463149651500405813,
  "confiabilidade_total": 0.99207445677746150090145744521352234026774379434133
}
 
Individuo 21:
{
  "Posicao": [6. 0. 5. 9. 9.]
             [2. 2. 1. 3. 1.],
  "Velocidade": [ 6.20247143 -2.34893431  5.08237516  0.18017709  2.64173435]
                [0.         0.69782764 0.         2.91871056 0.        ],
  "funcao_objetivo": 0.20237010433541063056395826803200818729834856773909,
  "confiabilidade_total": 0.99458677100207725516057378823607634884553255821761
}
 
Individuo 22:
{
  "Posicao": [9. 5. 8. 0. 3.]
             [2. 1. 1. 2. 1.],
  "Velocidade": [ 1.76001661 -0.43227298  2.19904998  0.02011325  3.0900731 ]
                [-0.43227298  0.050219   -1.17188493 -0.48249198  0.        ],
  "funcao_objetivo": 0.87931652545907615168288593841417413957683386173096,
  "confiabilidade_total": 0.98721652545907621004731034295865346964715065326538
}
 
Individuo 23:
{
  "Posicao": [8. 3. 7. 2. 6.]
             [1. 2. 2. 1. 1.],
  "Velocidade": [ 0.6007796   3.23123645 -2.40501708 -1.27331532  1.71595992]
                [-0.59023066  0.54738042 -1.41054071 -1.13761107  0.        ],
  "funcao_objetivo": 0.90474550307469423484114958631268242473985307816517,
  "confiabilidade_total": 0.98749550307469429446012600868358864548887365464222
}
 
Individuo 24:
{
  "Posicao": [7. 5. 7. 9. 6.]
             [3. 2. 1. 1. 1.],
  "Velocidade": [-0.84356252  0.          2.16927213 13.71114359  4.18251709]
                [ 0.87470868  1.24460409  0.         -2.11931277  0.        ],
  "funcao_objetivo": 0.85404355737566860279341669708052551349546401175646,
  "confiabilidade_total": 0.99286022404233537147477635313740949122156588706164
}
 
Individuo 25:
{
  "Posicao": [8. 6. 7. 0. 9.]
             [1. 1. 1. 2. 1.],
  "Velocidade": [-1.22751083  1.26314192 -1.60994207  0.3781957  15.04924006]
                [-1.26314192  0.3781957   0.         -0.3781957   0.        ],
  "funcao_objetivo": 0.96261352027333444558799364956539349228537433559487,
  "confiabilidade_total": 0.96261352027333444558799364956539349228537433559487
}
 
Individuo 26:
{
  "Posicao": [8. 6. 3. 3. 1.]
             [3. 3. 1. 2. 1.],
  "Velocidade": [ 0.83863598  1.72187924 -2.29985777 -0.47122853  0.6452595 ]
                [ 1.0514899  -0.1991608   0.          0.48108926  0.        ],
  "funcao_objetivo": 0.15082686908725123482786823999292307650449160564334,
  "confiabilidade_total": 0.99891020242058453500254057118824773585202578533084
}
 
Individuo 27:
{
  "Posicao": [4. 9. 0. 2. 2.]
             [3. 1. 1. 2. 1.],
  "Velocidade": [-2.41237051  3.31087018 -5.02879034  1.34003309  0.65726206]
                [ 1.92765605  0.36454341  0.         -0.36454341  0.35979702],
  "funcao_objetivo": 0.46406235272225238253351910975948387816452405713328,
  "confiabilidade_total": 0.99329568605558544530920208535758549872689864896067
}
 
Individuo 28:
{
  "Posicao": [7. 5. 9. 1. 4.]
             [1. 2. 1. 1. 1.],
  "Velocidade": [3.60840349 0.         0.6300996  0.7227789  1.5707959 ]
                [-0.85187974 -0.67950173  0.         -1.57465864  0.        ],
  "funcao_objetivo": 0.96066253533185631702772005386207341830387793866231,
  "confiabilidade_total": 0.96066253533185631702772005386207341830387793866231
}
 
Individuo 29:
{
  "Posicao": [8. 2. 1. 1. 3.]
             [1. 3. 1. 1. 1.],
  "Velocidade": [-1.24223583 -2.57472311 -7.94201131  0.69094251  0.10880958]
                [-0.85824104  1.54918355  0.         -2.40742459  0.        ],
  "funcao_objetivo": 0.79782166929119695019177723285160273961797278833752,
  "confiabilidade_total": 0.97382166929119699548887663755798958890214484644299
}
 
Individuo 30:
{
  "Posicao": [9. 5. 7. 5. 4.]
             [3. 2. 3. 2. 1.],
  "Velocidade": [-0.3643904   0.         -1.90170544 -2.85855876 -1.8767808 ]
                [-0.16324225  0.922084   -0.3264845  -1.08532625  0.        ],
  "funcao_objetivo": -0.03554152670182203076339067442801495554278173754848,
  "confiabilidade_total": 0.99907513996484437614069417727535875973870477368199
}
 
Individuo 31:
{
  "Posicao": [1. 7. 6. 9. 9.]
             [1. 3. 1. 1. 1.],
  "Velocidade": [-4.34962263  1.43965184  1.853072    8.63237643  9.61891486]
                [-1.97465965  2.12513703  0.         -2.12513703  0.        ],
  "funcao_objetivo": 0.90120975181136295442669222570886268027698819667795,
  "confiabilidade_total": 0.97340975181136294083756240429694662549173657924631
}
 
Individuo 32:
{
  "Posicao": [6. 5. 7. 1. 1.]
             [1. 1. 2. 1. 1.],
  "Velocidade": [ 1.29414587  0.          0.62527611 -1.77265237 -0.48643264]
                [ 0.40656681  0.05731292 -0.40656681  0.34925389  0.        ],
  "funcao_objetivo": 0.97055359773064798320060303541283704157208683880016,
  "confiabilidade_total": 0.97055359773064798320060303541283704157208683880016
}
 
Individuo 33:
{
  "Posicao": [6. 4. 3. 0. 2.]
             [1. 1. 1. 1. 1.],
  "Velocidade": [-2.49287222 -0.72920829 -4.02769292 -2.59856559 -5.35851042]
                [-0.72920829  0.37980224  0.         -1.83821882  0.        ],
  "funcao_objetivo": 0.95281518386422103476466024221778401262104384620096,
  "confiabilidade_total": 0.95281518386422103476466024221778401262104384620096
}
 
Individuo 34:
{
  "Posicao": [3. 0. 5. 9. 5.]
             [1. 2. 1. 1. 1.],
  "Velocidade": [-1.9615616  -2.55686187 -1.79522978  4.31012479  2.25774208]
                [ 0.14227023 -0.05616174  0.          0.05616174  0.        ],
  "funcao_objetivo": 0.96742783973331913083009115989876137000052029870804,
  "confiabilidade_total": 0.96742783973331913083009115989876137000052029870804
}
 
Individuo 35:
{
  "Posicao": [8. 4. 6. 2. 1.]
             [2. 2. 1. 1. 1.],
  "Velocidade": [-0.07088975  1.33322348 -3.25885544 -1.08561379 -0.95583887]
                [ 0.          0.91422144  0.         -2.03079653  0.        ],
  "funcao_objetivo": 0.84440272212133564932940617606907192437100391239605,
  "confiabilidade_total": 0.99031938878800223280336086415734182862687091679058
}
 
Individuo 36:
{
  "Posicao": [5. 9. 6. 9. 5.]
             [2. 2. 1. 3. 1.],
  "Velocidade": [ 4.59702793  3.14412791 -1.17713584  2.69138241  0.86550464]
                [0.         0.70700667 0.         4.0750356  0.        ],
  "funcao_objetivo": 0.36915254255213458729276269313766577280723759886319,
  "confiabilidade_total": 0.99381920921880117964850157822718800045215794798428
}
 
Individuo 37:
{
  "Posicao": [8. 7. 7. 2. 3.]
             [1. 2. 1. 1. 1.],
  "Velocidade": [ 2.68366755  5.7997077  -1.93575025 -5.07353203 -2.42146486]
                [-2.24748308  0.7216956   0.         -0.7216956   0.        ],
  "funcao_objetivo": 0.96184140734509613007147809273664917172366423691792,
  "confiabilidade_total": 0.96184140734509613007147809273664917172366423691792
}
 
Individuo 38:
{
  "Posicao": [6. 5. 9. 1. 2.]
             [2. 2. 1. 1. 1.],
  "Velocidade": [-2.60092326  0.         10.21074487  1.03774006  1.78141394]
                [ 0.01591511  1.03774006  0.         -1.02182495  0.01591511],
  "funcao_objetivo": 0.91699525859538661864213058832020551171427471586528,
  "confiabilidade_total": 0.98982859192871978536799535957171401214128239103618
}
 
Individuo 39:
{
  "Posicao": [0. 0. 4. 0. 8.]
             [3. 2. 1. 3. 1.],
  "Velocidade": [-2.20478144 -0.87734106  3.94328177 -4.02532737  5.02099158]
                [ 2.72037446  0.84523513  0.          3.56560959 -1.08354664],
  "funcao_objetivo": -0.23400590262620769004978357779648331151426373527005,
  "confiabilidade_total": 0.99944409737379246733543239306570785893976153328464
}
 
Individuo 40:
{
  "Posicao": [8. 4. 6. 0. 2.]
             [2. 2. 1. 1. 1.],
  "Velocidade": [ 1.2322249  -2.48636918 -0.41444067 -1.11909844  1.49332821]
                [-0.12879129  1.36727074  0.         -1.49606203  0.12879129],
  "funcao_objetivo": 0.82702061630169123668597163205133462487539760813850,
  "confiabilidade_total": 0.99102061630169104928032507532491060136637203440803
}
 
Individuo 41:
{
  "Posicao": [9. 5. 4. 1. 0.]
             [2. 2. 1. 1. 1.],
  "Velocidade": [ 0.27241615  1.34142942 -4.93519009  1.23678308  0.37642704]
                [ 0.10617156  1.13061153  0.         -1.02443997  0.10617156],
  "funcao_objetivo": 0.90891602448385887195164088628811379629935009701810,
  "confiabilidade_total": 0.98991602448385900634413801716331301457996351941190
}
 
Individuo 42:
{
  "Posicao": [8. 2. 8. 2. 2.]
             [2. 1. 1. 1. 1.],
  "Velocidade": [ 0.04735207 -6.63226416  1.39354347  2.42305233  2.22160427]
                [-1.48945014  0.1240872   0.         -1.61353735 -2.97890029],
  "funcao_objetivo": 0.97252785338473839984617571637924762087984634501719,
  "confiabilidade_total": 0.97252785338473839984617571637924762087984634501719
}
 
Individuo 43:
{
  "Posicao": [9. 4. 2. 0. 0.]
             [2. 2. 1. 1. 1.],
  "Velocidade": [  3.01447684   1.21283702  -4.82876836  -9.03440261 -10.86763686]
                [1.32729262 1.09647552 0.         0.2308171  0.        ],
  "funcao_objetivo": 0.70816745515206498930190868565175302199556299710104,
  "confiabilidade_total": 0.99178412181873157572905661924293932377829023861715
}
 
Individuo 44:
{
  "Posicao": [9. 0. 6. 1. 2.]
             [3. 1. 1. 3. 1.],
  "Velocidade": [ 1.5504525  -6.64349849 -0.02275706 -0.26789684  1.40162731]
                [ 2.76100549  0.10038394  0.          2.86138943 -0.63617762],
  "funcao_objetivo": 0.20229659892876488713250051633594072635968413350943,
  "confiabilidade_total": 0.99611326559543144653682003055081683423121657369497
}
 
Individuo 45:
{
  "Posicao": [6. 8. 4. 2. 9.]
             [1. 1. 1. 1. 1.],
  "Velocidade": [-3.47274745  5.62738625 -5.31905968  0.85589959  3.88374825]
                [-1.58233147  0.49561982  0.         -2.07795129  0.        ],
  "funcao_objetivo": 0.94262937591044564027852712048547754597327333022640,
  "confiabilidade_total": 0.94262937591044564027852712048547754597327333022640
}
 
Individuo 46:
{
  "Posicao": [8. 5. 9. 8. 3.]
             [1. 1. 1. 1. 2.],
  "Velocidade": [0.59454418 0.         0.71823214 7.78610032 2.76731133]
                [-0.88813225  0.37294525  0.         -1.2610775   0.88813225],
  "funcao_objetivo": 0.93625971944119655529388578838518312038083480997809,
  "confiabilidade_total": 0.93625971944119655529388578838518312038083480997809
}
 
Individuo 47:
{
  "Posicao": [7. 3. 4. 0. 8.]
             [2. 1. 1. 1. 1.],
  "Velocidade": [ 0.23855301 -2.00738137  1.96735751 -6.09434943  2.80600994]
                [0.5377188 0.475101  0.        0.0626178 0.       ],
  "funcao_objetivo": 0.97449071527785551423624313784221267207338334275806,
  "confiabilidade_total": 0.97449071527785551423624313784221267207338334275806
}
 
Individuo 48:
{
  "Posicao": [9. 7. 6. 0. 1.]
             [1. 2. 1. 1. 1.],
  "Velocidade": [  0.68536192   4.08267522  -2.99429356 -12.11474211  -2.67111981]
                [-0.7496762   0.66267689  0.         -1.41235309  0.        ],
  "funcao_objetivo": 0.96226130172169572301516833834241409887044719813192,
  "confiabilidade_total": 0.96226130172169572301516833834241409887044719813192
}
 
Individuo 49:
{
  "Posicao": [9. 6. 3. 5. 8.]
             [2. 2. 1. 1. 1.],
  "Velocidade": [-0.2193169  -1.07363455 -3.50886781  0.02599897 -0.12825286]
                [-0.06382976  1.18011259  0.         -1.24394235  0.06382976],
  "funcao_objetivo": 0.91881986029941879369459874501084580276623765367635,
  "confiabilidade_total": 0.98815319363275206833414150982757003237024346727498
}
 
Individuo 50:
{
  "Posicao": [7. 4. 1. 7. 4.]
             [2. 2. 1. 1. 1.],
  "Velocidade": [ 1.33380758 -2.44846289 -3.56986233 -0.84111935  2.14669581]
                [-1.15902686  0.91674994  0.         -2.07577681  0.        ],
  "funcao_objetivo": 0.87860999060603593013403494083539250306708360079036,
  "confiabilidade_total": 0.99084332393936921928419263750291271600795531633602
}
 
-----------------------------------------
-----------------------------------------
-----------------------------------------
-----------------------------------------
GERACAO 5
Populacao antes da execucao:
Individuo 1:
{
  "Posicao": [7. 5. 6. 1. 0.]
             [2. 2. 1. 1. 1.],
  "Velocidade": [-2.32236049  0.         -1.63628038  0.63890676 -2.86829721]
                [ 0.          0.63890676  0.         -0.63890676  0.        ],
  "funcao_objetivo": 0.99046490767647411007511734153842336437789247444364,
  "confiabilidade_total": 0.99046490767647411007511734153842336437789247444364
}
 
Individuo 2:
{
  "Posicao": [9. 5. 9. 2. 0.]
             [2. 2. 1. 1. 1.],
  "Velocidade": [ 3.01710631 -0.05285301  7.64906597  1.83372596 -6.24561056]
                [ 0.          1.46375488  0.         -1.46375488  0.        ],
  "funcao_objetivo": 0.92442314902823932966219842542094128864163139209184,
  "confiabilidade_total": 0.98850648236157264127216791025537831435257175311479
}
 
Individuo 3:
{
  "Posicao": [9. 5. 2. 0. 0.]
             [2. 3. 1. 2. 1.],
  "Velocidade": [ 0.68587003  0.         -3.10975342 -1.1134709  -1.58478697]
                [0.        0.8151102 0.        0.8151102 0.       ],
  "funcao_objetivo": 0.38044474613999241791652953682457114739155514345926,
  "confiabilidade_total": 0.99499474613999234757279869657465274615025265322488
}
 
Individuo 4:
{
  "Posicao": [9. 9. 7. 1. 9.]
             [3. 1. 1. 3. 1.],
  "Velocidade": [-0.09567382 12.25784577 -1.63162205 -3.9165902   4.53081416]
                [ 3.35656615 -1.72118331 -2.17787102  3.81325386  0.        ],
  "funcao_objetivo": 0.17452470879911687292626436525050570076588951040280,
  "confiabilidade_total": 0.99242470879911683331350684662492033845071159292233
}
 
Individuo 5:
{
  "Posicao": [3. 3. 3. 1. 3.]
             [2. 2. 1. 1. 1.],
  "Velocidade": [-1.32690516  2.25336609 -2.3536888   1.15980306  1.90084445]
                [ 0.          1.15980306  0.         -0.66449231  0.        ],
  "funcao_objetivo": 0.73419157410191795764594558504995935560568942280664,
  "confiabilidade_total": 0.99252490743525131688448282630361196549042834492578
}
 
Individuo 6:
{
  "Posicao": [9. 0. 9. 0. 0.]
             [1. 3. 1. 1. 1.],
  "Velocidade": [  8.70528117  -5.51607057   6.75398582  -3.4935763  -12.34058768]
                [-3.42656144  1.50415889 -2.60202902 -4.93072033  0.        ],
  "funcao_objetivo": 0.64996824205077971472898135786240571311716074645260,
  "confiabilidade_total": 0.96268490871744621875537640377447358465794558226803
}
 
Individuo 7:
{
  "Posicao": [8. 5. 5. 1. 1.]
             [2. 2. 1. 1. 1.],
  "Velocidade": [ 4.56303121  0.80540706  3.84066687  0.84620458 -0.44895636]
                [ 1.24943375  0.84620458 -1.24943375  0.40322916  0.        ],
  "funcao_objetivo": 0.98997089858096528595549804808766451507179489109589,
  "confiabilidade_total": 0.98997089858096528595549804808766451507179489109589
}
 
Individuo 8:
{
  "Posicao": [9. 1. 9. 6. 5.]
             [2. 2. 2. 1. 1.],
  "Velocidade": [ 2.27365695 -3.8819957   5.5146562   6.4003756   5.30071803]
                [ 0.          1.05543917  1.19127302 -2.24671219  0.        ],
  "funcao_objetivo": 0.55659676257759483622959309348298585720397200001344,
  "confiabilidade_total": 0.99491342924426155173126986999487154863811697376833
}
 
Individuo 9:
{
  "Posicao": [4. 5. 3. 1. 9.]
             [3. 2. 1. 1. 1.],
  "Velocidade": [-2.50112377  0.         -3.1031337   0.63670288  6.18925078]
                [ 1.53576714  0.63670288  0.         -2.17247002  0.        ],
  "funcao_objetivo": 0.59420560216365368852524936569732069932635572257962,
  "confiabilidade_total": 0.99488893549698699656030071123875366487320211235013
}
 
Individuo 10:
{
  "Posicao": [5. 8. 4. 0. 5.]
             [2. 1. 3. 1. 3.],
  "Velocidade": [-4.29814101  0.67455359 -1.76646925  0.35046668  3.3837409 ]
                [0.50968812 0.35046668 1.69392983 0.15922144 1.69392983],
  "funcao_objetivo": 0.25120842692601491405106743526886429960509968956246,
  "confiabilidade_total": 0.98042509359268153820359374562286984498283101280465
}
 
Individuo 11:
{
  "Posicao": [9. 1. 4. 5. 7.]
             [1. 2. 1. 1. 1.],
  "Velocidade": [ 2.64147547 -0.49845487  4.21963943  3.29357063  4.12242742]
                [-1.07543825  1.25322263  0.         -1.25322263  0.        ],
  "funcao_objetivo": 0.96278360308596638365905786799070424962575256059987,
  "confiabilidade_total": 0.96278360308596638365905786799070424962575256059987
}
 
Individuo 12:
{
  "Posicao": [1. 5. 3. 9. 9.]
             [1. 1. 1. 3. 1.],
  "Velocidade": [-2.00532511  0.         -1.20764525  5.97773474  6.34583495]
                [ 0.27397278  0.09839424  0.         -0.37236702  0.        ],
  "funcao_objetivo": 0.82104556205546811029284606563435063302517349874291,
  "confiabilidade_total": 0.97487889538880137671673844822491646349430496846947
}
 
Individuo 13:
{
  "Posicao": [3. 9. 9. 1. 4.]
             [2. 3. 1. 1. 1.],
  "Velocidade": [ 3.44323766  1.6512755  10.86445243 -5.87530368 -1.76023193]
                [ 1.33960648  1.52735432  0.         -1.52735432  0.        ],
  "funcao_objetivo": 0.42349062913359812781967017904418946872754282967985,
  "confiabilidade_total": 0.99417396246693139255602356420451735775275416390836
}
 
Individuo 14:
{
  "Posicao": [9. 4. 2. 1. 2.]
             [2. 2. 1. 1. 1.],
  "Velocidade": [ 1.5937567  -1.31028324 -4.454872   -0.16810782  1.98081301]
                [ 0.          1.25451092  0.         -2.56479416  0.        ],
  "funcao_objetivo": 0.75874916707266258173196055714885515278645211363103,
  "confiabilidade_total": 0.99108250040599589012228327057033821126886063719060
}
 
Individuo 15:
{
  "Posicao": [9. 7. 4. 3. 2.]
             [1. 1. 2. 2. 1.],
  "Velocidade": [ 1.11375934 -0.66086296  1.30471991  1.10440334  1.63927738]
                [ 0.32997766  0.44444801 -0.65995533  0.77442567  0.        ],
  "funcao_objetivo": 0.76458174681269401524479940613713890917652125937412,
  "confiabilidade_total": 0.99033174681269404921762395966692904613965030295322
}
 
Individuo 16:
{
  "Posicao": [8. 5. 2. 3. 1.]
             [2. 2. 1. 2. 1.],
  "Velocidade": [ 0.39148787  0.         -1.72644896  0.25489398 -0.33306944]
                [ 0.24077413  0.52285059  0.         -0.28207646  0.        ],
  "funcao_objetivo": 0.79650926863787643199439868352729405678140438510199,
  "confiabilidade_total": 0.99442593530454308940920681165098955325114048434515
}
 
Individuo 17:
{
  "Posicao": [5. 6. 3. 6. 2.]
             [2. 2. 2. 1. 1.],
  "Velocidade": [-0.99421171 -0.16304845 -2.209253    1.04535018  1.24168333]
                [ 1.03213125  0.59758985 -1.1071962   0.4345414   0.        ],
  "funcao_objetivo": 0.68908308976308882912083100714081232560181557479709,
  "confiabilidade_total": 0.99366642309642203514859085012286235702538430038303
}
 
Individuo 18:
{
  "Posicao": [2. 6. 0. 0. 8.]
             [3. 2. 1. 1. 1.],
  "Velocidade": [ -1.93768613   5.78050879  -6.62274651 -11.08059441   3.93155285]
                [ 2.14436924  0.65292502  0.         -0.65292502  0.        ],
  "funcao_objetivo": 0.63475702745657974363120020366715550559928679578191,
  "confiabilidade_total": 0.99600702745657992570777624219282813507488036267644
}
 
Individuo 19:
{
  "Posicao": [9. 0. 7. 9. 7.]
             [2. 1. 1. 3. 1.],
  "Velocidade": [ 0.09446388 -2.53913485  6.74799606  6.96811359  2.73848798]
                [0.         0.20658965 0.         1.88984389 0.        ],
  "funcao_objetivo": 0.47081853966172671164018291661162672210648706559333,
  "confiabilidade_total": 0.99005187299506017492882202573495030049398592118415
}
 
Individuo 20:
{
  "Posicao": [4. 5. 2. 1. 2.]
             [2. 2. 1. 1. 1.],
  "Velocidade": [-1.01254486  0.         -2.94142214  1.13498391  0.65497839]
                [-0.05268865  0.8966751   0.         -0.84398645  0.        ],
  "funcao_objetivo": 0.82107445677746140453409890774993463149651500405813,
  "confiabilidade_total": 0.99207445677746150090145744521352234026774379434133
}
 
Individuo 21:
{
  "Posicao": [6. 0. 5. 9. 9.]
             [2. 2. 1. 3. 1.],
  "Velocidade": [ 6.20247143 -2.34893431  5.08237516  0.18017709  2.64173435]
                [0.         0.69782764 0.         2.91871056 0.        ],
  "funcao_objetivo": 0.20237010433541063056395826803200818729834856773909,
  "confiabilidade_total": 0.99458677100207725516057378823607634884553255821761
}
 
Individuo 22:
{
  "Posicao": [9. 5. 8. 0. 3.]
             [2. 1. 1. 2. 1.],
  "Velocidade": [ 1.76001661 -0.43227298  2.19904998  0.02011325  3.0900731 ]
                [-0.43227298  0.050219   -1.17188493 -0.48249198  0.        ],
  "funcao_objetivo": 0.87931652545907615168288593841417413957683386173096,
  "confiabilidade_total": 0.98721652545907621004731034295865346964715065326538
}
 
Individuo 23:
{
  "Posicao": [8. 3. 7. 2. 6.]
             [1. 2. 2. 1. 1.],
  "Velocidade": [ 0.6007796   3.23123645 -2.40501708 -1.27331532  1.71595992]
                [-0.59023066  0.54738042 -1.41054071 -1.13761107  0.        ],
  "funcao_objetivo": 0.90474550307469423484114958631268242473985307816517,
  "confiabilidade_total": 0.98749550307469429446012600868358864548887365464222
}
 
Individuo 24:
{
  "Posicao": [7. 5. 7. 9. 6.]
             [3. 2. 1. 1. 1.],
  "Velocidade": [-0.84356252  0.          2.16927213 13.71114359  4.18251709]
                [ 0.87470868  1.24460409  0.         -2.11931277  0.        ],
  "funcao_objetivo": 0.85404355737566860279341669708052551349546401175646,
  "confiabilidade_total": 0.99286022404233537147477635313740949122156588706164
}
 
Individuo 25:
{
  "Posicao": [8. 6. 7. 0. 9.]
             [1. 1. 1. 2. 1.],
  "Velocidade": [-1.22751083  1.26314192 -1.60994207  0.3781957  15.04924006]
                [-1.26314192  0.3781957   0.         -0.3781957   0.        ],
  "funcao_objetivo": 0.96261352027333444558799364956539349228537433559487,
  "confiabilidade_total": 0.96261352027333444558799364956539349228537433559487
}
 
Individuo 26:
{
  "Posicao": [8. 6. 3. 3. 1.]
             [3. 3. 1. 2. 1.],
  "Velocidade": [ 0.83863598  1.72187924 -2.29985777 -0.47122853  0.6452595 ]
                [ 1.0514899  -0.1991608   0.          0.48108926  0.        ],
  "funcao_objetivo": 0.15082686908725123482786823999292307650449160564334,
  "confiabilidade_total": 0.99891020242058453500254057118824773585202578533084
}
 
Individuo 27:
{
  "Posicao": [4. 9. 0. 2. 2.]
             [3. 1. 1. 2. 1.],
  "Velocidade": [-2.41237051  3.31087018 -5.02879034  1.34003309  0.65726206]
                [ 1.92765605  0.36454341  0.         -0.36454341  0.35979702],
  "funcao_objetivo": 0.46406235272225238253351910975948387816452405713328,
  "confiabilidade_total": 0.99329568605558544530920208535758549872689864896067
}
 
Individuo 28:
{
  "Posicao": [7. 5. 9. 1. 4.]
             [1. 2. 1. 1. 1.],
  "Velocidade": [3.60840349 0.         0.6300996  0.7227789  1.5707959 ]
                [-0.85187974 -0.67950173  0.         -1.57465864  0.        ],
  "funcao_objetivo": 0.96066253533185631702772005386207341830387793866231,
  "confiabilidade_total": 0.96066253533185631702772005386207341830387793866231
}
 
Individuo 29:
{
  "Posicao": [8. 2. 1. 1. 3.]
             [1. 3. 1. 1. 1.],
  "Velocidade": [-1.24223583 -2.57472311 -7.94201131  0.69094251  0.10880958]
                [-0.85824104  1.54918355  0.         -2.40742459  0.        ],
  "funcao_objetivo": 0.79782166929119695019177723285160273961797278833752,
  "confiabilidade_total": 0.97382166929119699548887663755798958890214484644299
}
 
Individuo 30:
{
  "Posicao": [9. 5. 7. 5. 4.]
             [3. 2. 3. 2. 1.],
  "Velocidade": [-0.3643904   0.         -1.90170544 -2.85855876 -1.8767808 ]
                [-0.16324225  0.922084   -0.3264845  -1.08532625  0.        ],
  "funcao_objetivo": -0.03554152670182203076339067442801495554278173754848,
  "confiabilidade_total": 0.99907513996484437614069417727535875973870477368199
}
 
Individuo 31:
{
  "Posicao": [1. 7. 6. 9. 9.]
             [1. 3. 1. 1. 1.],
  "Velocidade": [-4.34962263  1.43965184  1.853072    8.63237643  9.61891486]
                [-1.97465965  2.12513703  0.         -2.12513703  0.        ],
  "funcao_objetivo": 0.90120975181136295442669222570886268027698819667795,
  "confiabilidade_total": 0.97340975181136294083756240429694662549173657924631
}
 
Individuo 32:
{
  "Posicao": [6. 5. 7. 1. 1.]
             [1. 1. 2. 1. 1.],
  "Velocidade": [ 1.29414587  0.          0.62527611 -1.77265237 -0.48643264]
                [ 0.40656681  0.05731292 -0.40656681  0.34925389  0.        ],
  "funcao_objetivo": 0.97055359773064798320060303541283704157208683880016,
  "confiabilidade_total": 0.97055359773064798320060303541283704157208683880016
}
 
Individuo 33:
{
  "Posicao": [6. 4. 3. 0. 2.]
             [1. 1. 1. 1. 1.],
  "Velocidade": [-2.49287222 -0.72920829 -4.02769292 -2.59856559 -5.35851042]
                [-0.72920829  0.37980224  0.         -1.83821882  0.        ],
  "funcao_objetivo": 0.95281518386422103476466024221778401262104384620096,
  "confiabilidade_total": 0.95281518386422103476466024221778401262104384620096
}
 
Individuo 34:
{
  "Posicao": [3. 0. 5. 9. 5.]
             [1. 2. 1. 1. 1.],
  "Velocidade": [-1.9615616  -2.55686187 -1.79522978  4.31012479  2.25774208]
                [ 0.14227023 -0.05616174  0.          0.05616174  0.        ],
  "funcao_objetivo": 0.96742783973331913083009115989876137000052029870804,
  "confiabilidade_total": 0.96742783973331913083009115989876137000052029870804
}
 
Individuo 35:
{
  "Posicao": [8. 4. 6. 2. 1.]
             [2. 2. 1. 1. 1.],
  "Velocidade": [-0.07088975  1.33322348 -3.25885544 -1.08561379 -0.95583887]
                [ 0.          0.91422144  0.         -2.03079653  0.        ],
  "funcao_objetivo": 0.84440272212133564932940617606907192437100391239605,
  "confiabilidade_total": 0.99031938878800223280336086415734182862687091679058
}
 
Individuo 36:
{
  "Posicao": [5. 9. 6. 9. 5.]
             [2. 2. 1. 3. 1.],
  "Velocidade": [ 4.59702793  3.14412791 -1.17713584  2.69138241  0.86550464]
                [0.         0.70700667 0.         4.0750356  0.        ],
  "funcao_objetivo": 0.36915254255213458729276269313766577280723759886319,
  "confiabilidade_total": 0.99381920921880117964850157822718800045215794798428
}
 
Individuo 37:
{
  "Posicao": [8. 7. 7. 2. 3.]
             [1. 2. 1. 1. 1.],
  "Velocidade": [ 2.68366755  5.7997077  -1.93575025 -5.07353203 -2.42146486]
                [-2.24748308  0.7216956   0.         -0.7216956   0.        ],
  "funcao_objetivo": 0.96184140734509613007147809273664917172366423691792,
  "confiabilidade_total": 0.96184140734509613007147809273664917172366423691792
}
 
Individuo 38:
{
  "Posicao": [6. 5. 9. 1. 2.]
             [2. 2. 1. 1. 1.],
  "Velocidade": [-2.60092326  0.         10.21074487  1.03774006  1.78141394]
                [ 0.01591511  1.03774006  0.         -1.02182495  0.01591511],
  "funcao_objetivo": 0.91699525859538661864213058832020551171427471586528,
  "confiabilidade_total": 0.98982859192871978536799535957171401214128239103618
}
 
Individuo 39:
{
  "Posicao": [0. 0. 4. 0. 8.]
             [3. 2. 1. 3. 1.],
  "Velocidade": [-2.20478144 -0.87734106  3.94328177 -4.02532737  5.02099158]
                [ 2.72037446  0.84523513  0.          3.56560959 -1.08354664],
  "funcao_objetivo": -0.23400590262620769004978357779648331151426373527005,
  "confiabilidade_total": 0.99944409737379246733543239306570785893976153328464
}
 
Individuo 40:
{
  "Posicao": [8. 4. 6. 0. 2.]
             [2. 2. 1. 1. 1.],
  "Velocidade": [ 1.2322249  -2.48636918 -0.41444067 -1.11909844  1.49332821]
                [-0.12879129  1.36727074  0.         -1.49606203  0.12879129],
  "funcao_objetivo": 0.82702061630169123668597163205133462487539760813850,
  "confiabilidade_total": 0.99102061630169104928032507532491060136637203440803
}
 
Individuo 41:
{
  "Posicao": [9. 5. 4. 1. 0.]
             [2. 2. 1. 1. 1.],
  "Velocidade": [ 0.27241615  1.34142942 -4.93519009  1.23678308  0.37642704]
                [ 0.10617156  1.13061153  0.         -1.02443997  0.10617156],
  "funcao_objetivo": 0.90891602448385887195164088628811379629935009701810,
  "confiabilidade_total": 0.98991602448385900634413801716331301457996351941190
}
 
Individuo 42:
{
  "Posicao": [8. 2. 8. 2. 2.]
             [2. 1. 1. 1. 1.],
  "Velocidade": [ 0.04735207 -6.63226416  1.39354347  2.42305233  2.22160427]
                [-1.48945014  0.1240872   0.         -1.61353735 -2.97890029],
  "funcao_objetivo": 0.97252785338473839984617571637924762087984634501719,
  "confiabilidade_total": 0.97252785338473839984617571637924762087984634501719
}
 
Individuo 43:
{
  "Posicao": [9. 4. 2. 0. 0.]
             [2. 2. 1. 1. 1.],
  "Velocidade": [  3.01447684   1.21283702  -4.82876836  -9.03440261 -10.86763686]
                [1.32729262 1.09647552 0.         0.2308171  0.        ],
  "funcao_objetivo": 0.70816745515206498930190868565175302199556299710104,
  "confiabilidade_total": 0.99178412181873157572905661924293932377829023861715
}
 
Individuo 44:
{
  "Posicao": [9. 0. 6. 1. 2.]
             [3. 1. 1. 3. 1.],
  "Velocidade": [ 1.5504525  -6.64349849 -0.02275706 -0.26789684  1.40162731]
                [ 2.76100549  0.10038394  0.          2.86138943 -0.63617762],
  "funcao_objetivo": 0.20229659892876488713250051633594072635968413350943,
  "confiabilidade_total": 0.99611326559543144653682003055081683423121657369497
}
 
Individuo 45:
{
  "Posicao": [6. 8. 4. 2. 9.]
             [1. 1. 1. 1. 1.],
  "Velocidade": [-3.47274745  5.62738625 -5.31905968  0.85589959  3.88374825]
                [-1.58233147  0.49561982  0.         -2.07795129  0.        ],
  "funcao_objetivo": 0.94262937591044564027852712048547754597327333022640,
  "confiabilidade_total": 0.94262937591044564027852712048547754597327333022640
}
 
Individuo 46:
{
  "Posicao": [8. 5. 9. 8. 3.]
             [1. 1. 1. 1. 2.],
  "Velocidade": [0.59454418 0.         0.71823214 7.78610032 2.76731133]
                [-0.88813225  0.37294525  0.         -1.2610775   0.88813225],
  "funcao_objetivo": 0.93625971944119655529388578838518312038083480997809,
  "confiabilidade_total": 0.93625971944119655529388578838518312038083480997809
}
 
Individuo 47:
{
  "Posicao": [7. 3. 4. 0. 8.]
             [2. 1. 1. 1. 1.],
  "Velocidade": [ 0.23855301 -2.00738137  1.96735751 -6.09434943  2.80600994]
                [0.5377188 0.475101  0.        0.0626178 0.       ],
  "funcao_objetivo": 0.97449071527785551423624313784221267207338334275806,
  "confiabilidade_total": 0.97449071527785551423624313784221267207338334275806
}
 
Individuo 48:
{
  "Posicao": [9. 7. 6. 0. 1.]
             [1. 2. 1. 1. 1.],
  "Velocidade": [  0.68536192   4.08267522  -2.99429356 -12.11474211  -2.67111981]
                [-0.7496762   0.66267689  0.         -1.41235309  0.        ],
  "funcao_objetivo": 0.96226130172169572301516833834241409887044719813192,
  "confiabilidade_total": 0.96226130172169572301516833834241409887044719813192
}
 
Individuo 49:
{
  "Posicao": [9. 6. 3. 5. 8.]
             [2. 2. 1. 1. 1.],
  "Velocidade": [-0.2193169  -1.07363455 -3.50886781  0.02599897 -0.12825286]
                [-0.06382976  1.18011259  0.         -1.24394235  0.06382976],
  "funcao_objetivo": 0.91881986029941879369459874501084580276623765367635,
  "confiabilidade_total": 0.98815319363275206833414150982757003237024346727498
}
 
Individuo 50:
{
  "Posicao": [7. 4. 1. 7. 4.]
             [2. 2. 1. 1. 1.],
  "Velocidade": [ 1.33380758 -2.44846289 -3.56986233 -0.84111935  2.14669581]
                [-1.15902686  0.91674994  0.         -2.07577681  0.        ],
  "funcao_objetivo": 0.87860999060603593013403494083539250306708360079036,
  "confiabilidade_total": 0.99084332393936921928419263750291271600795531633602
}
 
-----------------------------------------
Populacao final da era:
Individuo 1:
{
  "Posicao": [5. 5. 4. 2. 3.]
             [2. 3. 1. 2. 1.],
  "Velocidade": [-2.23085022  0.         -1.5718044   0.61373128  2.75527485]
                [0.         0.61373128 0.         0.61373128 0.        ],
  "funcao_objetivo": 0.62007342511318656872391487399558174367955600027038,
  "confiabilidade_total": 0.99515675844652005941285823086776873972228442434265
}
 
Individuo 2:
{
  "Posicao": [8. 5. 8. 0. 6.]
             [2. 1. 1. 2. 1.],
  "Velocidade": [-1.17212946 -0.05077039 -0.73495334 -2.25079601  5.99950858]
                [ 0.         -0.57101388  0.          0.57101388  0.        ],
  "funcao_objetivo": 0.98736392809125272618025806240194683677944214916958,
  "confiabilidade_total": 0.98736392809125272618025806240194683677944214916958
}
 
Individuo 3:
{
  "Posicao": [6. 5. 8. 2. 0.]
             [2. 1. 1. 1. 1.],
  "Velocidade": [-2.99119383  0.          6.00360889  1.60079818  0.16840989]
                [ 0.         -1.88740227  0.         -1.88740227  0.        ],
  "funcao_objetivo": 0.96859376063784490415834955248578951790888624686601,
  "confiabilidade_total": 0.96859376063784490415834955248578951790888624686601
}
 
Individuo 4:
{
  "Posicao": [5. 9. 5. 0. 0.]
             [3. 2. 2. 2. 1.],
  "Velocidade": [-3.68470203  6.70042857 -1.78033837 -2.70666736 -9.17632573]
                [-0.15548535  0.67083403  1.03646066 -0.98539525  0.        ],
  "funcao_objetivo": 0.21738589502501359123890374784448930367725834322685,
  "confiabilidade_total": 0.99931922835834673829161652273822390779751285982841
}
 
Individuo 5:
{
  "Posicao": [4. 7. 3. 2. 3.]
             [2. 3. 1. 2. 1.],
  "Velocidade": [ 1.44254682  3.59207877  0.36275925  0.97626022 -0.24639186]
                [0.         0.97626022 0.         0.63830866 0.        ],
  "funcao_objetivo": 0.34292915652991445314124429655492206227370565490241,
  "confiabilidade_total": 0.99591248986324789644586896242542791303583448485846
}
 
Individuo 6:
{
  "Posicao": [9. 5. 9. 2. 9.]
             [3. 3. 3. 3. 1.],
  "Velocidade": [ 4.51658453  4.61073539  5.05492617  2.19818179 11.34425045]
                [ 3.15394524 -0.28715537  1.98942986  4.73643027  0.        ],
  "funcao_objetivo": -0.84978270005102189093245511765269147715652407701485,
  "confiabilidade_total": 0.99993396661564467371211707279292350151454983655937
}
 
Individuo 7:
{
  "Posicao": [9. 6. 9. 2. 0.]
             [3. 3. 2. 1. 1.],
  "Velocidade": [ 3.96365477  0.77367081  4.10890407  0.81286075 -0.85084049]
                [1.20020107 0.81286075 1.20020107 0.38734032 0.        ],
  "funcao_objetivo": -0.14353900864776494555314419651385413025651883908727,
  "confiabilidade_total": 0.99897765801890156828762238708459755862916994265101
}
 
Individuo 8:
{
  "Posicao": [4. 9. 6. 0. 0.]
             [2. 1. 1. 1. 1.],
  "Velocidade": [ -4.58459453   9.80829107  -3.00664568 -12.6224636   -6.28283805]
                [ 0.         -0.8351374  -2.23999805  0.30919471  0.        ],
  "funcao_objetivo": 0.91815370867971793660448092196270548177605378517827,
  "confiabilidade_total": 0.97207037534638447306049051717559589909111964592656
}
 
Individuo 9:
{
  "Posicao": [3. 5. 4. 0. 9.]
             [2. 1. 1. 3. 1.],
  "Velocidade": [-0.90250709  0.          0.78655663 -0.52206178  3.71253439]
                [-1.35312299 -0.52206178  0.          2.08686604  0.        ],
  "funcao_objetivo": 0.49684009153526088238958152554548608357352139170323,
  "confiabilidade_total": 0.99114009153526092728700064138681657830518604929600
}
 
Individuo 10:
{
  "Posicao": [5. 3. 7. 1. 2.]
             [2. 2. 1. 2. 1.],
  "Velocidade": [-0.2760476  -5.13112078  3.41676066  1.00212718 -2.59873238]
                [ 0.48960438  1.00212718 -2.22554727  1.41384194 -2.22554727],
  "funcao_objetivo": 0.77037549769957945305886010797079484413743047317829,
  "confiabilidade_total": 0.99404216436624616109983815900162858392477063736286
}
 
Individuo 11:
{
  "Posicao": [7. 3. 3. 3. 3.]
             [1. 1. 1. 2. 1.],
  "Velocidade": [-1.76679216  2.33866044 -1.29393444 -1.58398063 -4.34861269]
                [ 0.15388117 -0.72645658  0.          0.72645658  0.        ],
  "funcao_objetivo": 0.92583493488351546820682691321820663413333211321515,
  "confiabilidade_total": 0.96666826821684884937226889081870091738479648012799
}
 
Individuo 12:
{
  "Posicao": [1. 5. 3. 9. 9.]
             [2. 1. 1. 2. 1.],
  "Velocidade": [-0.25494506  0.         -0.01561177  2.89617252  3.27997405]
                [ 0.54173753  0.37307749  0.         -0.91481502  0.        ],
  "funcao_objetivo": 0.86590003552641357479612076475477833282579914527011,
  "confiabilidade_total": 0.98675003552641356000795007674769321438302532630038
}
 
Individuo 13:
{
  "Posicao": [7. 6. 4. 3. 1.]
             [2. 1. 1. 1. 1.],
  "Velocidade": [ 3.6875022  -2.76374048 -4.7361341   2.29622132 -3.39414938]
                [-0.03651512 -2.26698835  0.          0.1438347   0.        ],
  "funcao_objetivo": 0.96607225501940004905366915158037163268361980860563,
  "confiabilidade_total": 0.96607225501940004905366915158037163268361980860563
}
 
Individuo 14:
{
  "Posicao": [5. 5. 9. 1. 0.]
             [2. 1. 1. 2. 1.],
  "Velocidade": [-3.86223452  1.43794257  6.50704942 -0.1614837  -3.49042977]
                [ 0.         -0.66682914  0.          0.59182371  0.        ],
  "funcao_objetivo": 0.98840668547614311690116341761540507712679454580328,
  "confiabilidade_total": 0.98840668547614311690116341761540507712679454580328
}
 
Individuo 15:
{
  "Posicao": [7. 6. 8. 1. 3.]
             [2. 2. 3. 1. 1.],
  "Velocidade": [-1.8254995  -1.28302056  4.14868103 -1.83448685  0.92648507]
                [ 0.64107435  0.7510341   1.28912447 -1.82736295  0.        ],
  "funcao_objetivo": 0.51411980486561774254532533267075084525819017022622,
  "confiabilidade_total": 0.99553647153228451298083736763538215685363008111489
}
 
Individuo 16:
{
  "Posicao": [7. 5. 9. 0. 0.]
             [2. 1. 1. 1. 1.],
  "Velocidade": [-0.73339006  0.         13.98907149 -4.21599025 -1.42939693]
                [ 0.23128667 -1.73968871  0.         -1.38041327  0.        ],
  "funcao_objetivo": 0.97266374494061795636279465787842200461816738085316,
  "confiabilidade_total": 0.97266374494061795636279465787842200461816738085316
}
 
Individuo 17:
{
  "Posicao": [6. 6. 3. 4. 2.]
             [3. 2. 1. 1. 1.],
  "Velocidade": [ 0.50859773 -0.48517325  0.4765179  -1.84839022  0.13238972]
                [ 0.58819395  0.17077522 -0.98885061  0.41741873  0.        ],
  "funcao_objetivo": 0.58799039942932469899619672605568652753531311706871,
  "confiabilidade_total": 0.99407373276265793966291493734262062017618988708824
}
 
Individuo 18:
{
  "Posicao": [4. 7. 1. 6. 6.]
             [3. 2. 1. 1. 1.],
  "Velocidade": [ 2.10365246  0.65181802  1.16366653  6.47661599 -2.42063228]
                [-0.09318434 -0.1063597   0.          0.1063597   0.        ],
  "funcao_objetivo": 0.56683105817003823004793513353223235216341227570222,
  "confiabilidade_total": 0.99381439150337183344671995035031133201322764435457
}
 
Individuo 19:
{
  "Posicao": [6. 5. 9. 5. 0.]
             [2. 3. 1. 1. 1.],
  "Velocidade": [-2.69831391  4.86556829  2.76348458 -4.46268005 -8.12715051]
                [ 0.          1.59297696  0.         -1.63770353  0.        ],
  "funcao_objetivo": 0.84619613377586301063857017831636992399397776046813,
  "confiabilidade_total": 0.99319613377586289140061733357455748249593660751403
}
 
Individuo 20:
{
  "Posicao": [8. 5. 9. 0. 0.]
             [2. 1. 1. 2. 1.],
  "Velocidade": [ 4.27631968  0.          8.00802194 -1.21069018 -3.63712493]
                [-0.0506125  -1.43960868  0.          1.49022119  0.        ],
  "funcao_objetivo": 0.93143645605174404221268918676059796237596793604565,
  "confiabilidade_total": 0.98865312271841065584585233879124528723978920412732
}
 
Individuo 21:
{
  "Posicao": [8. 1. 7. 8. 9.]
             [2. 2. 1. 2. 1.],
  "Velocidade": [ 2.38771833  0.96084372  1.92941278 -0.91152861  0.0821488 ]
                [ 0.          0.05267599  0.         -1.2972413   0.        ],
  "funcao_objetivo": 0.77907636120327879722701686234745397210780282495651,
  "confiabilidade_total": 0.99337636120327880160129557937057074137691159723434
}
 
Individuo 22:
{
  "Posicao": [9. 5. 9. 1. 3.]
             [2. 2. 2. 1. 1.],
  "Velocidade": [ 0.08651552 -0.4152397   0.66077354  0.89765757  0.48582561]
                [-0.4152397   0.77405272  1.12570799 -1.18929241  0.        ],
  "funcao_objetivo": 0.61458207121524812312986304130576688721464553507981,
  "confiabilidade_total": 0.99426540454858144026874318877348348423527160319505
}
 
Individuo 23:
{
  "Posicao": [6. 9. 3. 0. 0.]
             [3. 1. 1. 1. 1.],
  "Velocidade": [ -2.18191329   8.62195239  -3.6724753   -5.37895567 -10.71539155]
                [ 2.19204656 -0.87098284 -4.11397955  0.30400962  0.        ],
  "funcao_objetivo": 0.79954601615903022293030695666229862269307733930990,
  "confiabilidade_total": 0.97587934949236353709378939813459569137837053694174
}
 
Individuo 24:
{
  "Posicao": [8. 5. 9. 0. 0.]
             [2. 1. 1. 3. 1.],
  "Velocidade": [  1.03093034   0.           2.45026802 -15.19864242  -8.51347259]
                [-0.63453759 -0.64569141  0.          2.03580339  0.        ],
  "funcao_objetivo": 0.60320824407843585980344332999529181829403220338353,
  "confiabilidade_total": 0.99044157741176912258580419181534419617365180177220
}
 
Individuo 25:
{
  "Posicao": [6. 5. 7. 1. 1.]
             [2. 2. 1. 1. 1.],
  "Velocidade": [-1.66044977 -1.27076375 -0.02498662  0.84460104 -7.9009556 ]
                [ 1.27076375  0.84460104  0.         -0.84460104  0.        ],
  "funcao_objetivo": 0.99039087407585115774304631876073399080260461278946,
  "confiabilidade_total": 0.99039087407585115774304631876073399080260461278946
}
 
Individuo 26:
{
  "Posicao": [7. 4. 6. 2. 0.]
             [2. 2. 1. 1. 1.],
  "Velocidade": [-0.73275155 -1.96593669  3.44660413 -1.44771901 -0.91850823]
                [-1.0486912  -1.20924873  0.         -1.0762095   0.        ],
  "funcao_objetivo": 0.83397831207474037556429702709832556177062762961309,
  "confiabilidade_total": 0.99081164540807364465272466878926708925647510275762
}
 
Individuo 27:
{
  "Posicao": [8. 7. 6. 1. 0.]
             [1. 2. 1. 1. 1.],
  "Velocidade": [ 3.92152467 -1.85562857  5.67759221 -1.44886501 -2.87137941]
                [-2.85384492  1.11682621  0.         -1.11682621  0.34561959],
  "funcao_objetivo": 0.96360850518234171042173411493333043945607330232870,
  "confiabilidade_total": 0.96360850518234171042173411493333043945607330232870
}
 
Individuo 28:
{
  "Posicao": [9. 5. 7. 1. 2.]
             [2. 1. 1. 2. 1.],
  "Velocidade": [ 3.466218    0.         -2.10672067 -0.21245534 -1.80483754]
                [ 0.69018758 -1.55948052  0.          0.60585694  0.        ],
  "funcao_objetivo": 0.94869375602136644512281034760581440627719449958271,
  "confiabilidade_total": 0.98727708935469985898432040041716880500461149177021
}
 
Individuo 29:
{
  "Posicao": [5. 6. 6. 0. 3.]
             [2. 1. 1. 1. 1.],
  "Velocidade": [-3.36159488  4.03165556  5.23913461 -1.36294186 -0.32042681]
                [ 1.34388519 -2.70682704  0.          0.28590397  0.        ],
  "funcao_objetivo": 0.97236361531221238180085551340553561063290657349791,
  "confiabilidade_total": 0.97236361531221238180085551340553561063290657349791
}
 
Individuo 30:
{
  "Posicao": [5. 5. 4. 0. 0.]
             [1. 2. 1. 1. 1.],
  "Velocidade": [ -3.90574967   0.          -2.77853917 -11.50953621 -10.01571733]
                [-2.21003215  0.33502332 -4.4200643  -2.54505547  0.        ],
  "funcao_objetivo": 0.96804955773119490587794746563874645581551550244750,
  "confiabilidade_total": 0.96804955773119490587794746563874645581551550244750
}
 
Individuo 31:
{
  "Posicao": [0. 8. 8. 9. 9.]
             [3. 1. 1. 3. 1.],
  "Velocidade": [-3.04075296  1.25985614  2.16419066  7.4158186   8.68608673]
                [ 1.83531635 -1.59572723  0.          2.04139815  0.        ],
  "funcao_objetivo": 0.16736197686297678752943449354169433839377693842214,
  "confiabilidade_total": 0.99267864352964331940022299705268824375924400995534
}
 
Individuo 32:
{
  "Posicao": [8. 5. 7. 0. 0.]
             [2. 1. 1. 1. 1.],
  "Velocidade": [ 1.60593521  0.          0.23785388 -1.70280279 -0.8300491 ]
                [ 0.75333031  0.41783841 -0.75333031  0.33549189  0.        ],
  "funcao_objetivo": 0.97302213104395713034708277856852328591766463449061,
  "confiabilidade_total": 0.97302213104395713034708277856852328591766463449061
}
 
Individuo 33:
{
  "Posicao": [6. 6. 9. 0. 0.]
             [3. 3. 1. 1. 1.],
  "Velocidade": [ 0.4480121   2.14218064  6.16289378  0.34648348 -4.8170186 ]
                [2.14218064 1.70357784 0.         0.26187177 0.        ],
  "funcao_objetivo": 0.26384469948088951532028570399663411625006716826705,
  "confiabilidade_total": 0.99839469948088960706911645901957061685898821929244
}
 
Individuo 34:
{
  "Posicao": [2. 1. 4. 9. 5.]
             [1. 2. 1. 1. 1.],
  "Velocidade": [-0.50058415  0.72650619 -1.37856954  1.37292049  0.43917291]
                [ 0.48258524 -0.05394874  0.          0.05394874  0.        ],
  "funcao_objetivo": 0.97146603368209089332462262766044255289850499175387,
  "confiabilidade_total": 0.97146603368209089332462262766044255289850499175387
}
 
Individuo 35:
{
  "Posicao": [7. 7. 3. 0. 0.]
             [2. 3. 1. 3. 1.],
  "Velocidade": [-1.35563925  2.568232   -3.01082263 -2.45       -1.96647606]
                [0.         0.75857657 0.         1.83115415 0.        ],
  "funcao_objetivo": 0.039317404865735514506472746322311466004175022395166,
  "confiabilidade_total": 0.99535073819906908264457430104541872199944861248306
}
 
Individuo 36:
{
  "Posicao": [5. 9. 6. 1. 1.]
             [2. 1. 1. 3. 1.],
  "Velocidade": [-0.47468647 -0.10209847  0.15959616 -7.53038364 -4.36186684]
                [ 0.         -0.61120037  0.         -0.22740096  0.        ],
  "funcao_objetivo": 0.72381507118873886924532255172433394517251024745571,
  "confiabilidade_total": 0.99069840452207216113773111921599081295975218318569
}
 
Individuo 37:
{
  "Posicao": [9. 9. 4. 0. 0.]
             [2. 3. 1. 2. 1.],
  "Velocidade": [ 1.06521942  2.54577424 -3.37217489 -6.38631554 -6.86415223]
                [0.64622237 0.69325791 0.         0.69325791 0.        ],
  "funcao_objetivo": 0.009250981016431732325914253172959973316491455079315,
  "confiabilidade_total": 0.99420098101643172450994415981185792873412451171994
}
 
Individuo 38:
{
  "Posicao": [9. 5. 6. 0. 0.]
             [2. 1. 1. 2. 1.],
  "Velocidade": [ 2.95809053  0.         -2.64144785 -0.96301728 -3.32223623]
                [ 0.01528799 -0.96301728  0.          0.97830527  0.01528799],
  "funcao_objetivo": 0.81984421583320246939729669280583872293395172373539,
  "confiabilidade_total": 0.98891088249986898739029738850237587300402294413334
}
 
Individuo 39:
{
  "Posicao": [5. 7. 6. 4. 5.]
             [3. 2. 1. 3. 1.],
  "Velocidade": [ 4.9132238   6.5970644   2.3214939   4.39053464 -3.06133042]
                [-0.35556633 -0.24577068  0.         -0.39698368  0.01684959],
  "funcao_objetivo": 0.25667203096980561625580494539591469648174363704370,
  "confiabilidade_total": 0.99818869763647210700393261679111034455589372249292
}
 
Individuo 40:
{
  "Posicao": [7. 3. 6. 0. 1.]
             [2. 3. 1. 2. 1.],
  "Velocidade": [-0.6640297  -0.5406963   0.13831687  0.23627161 -0.65163416]
                [-0.1237164  0.7769679  0.         0.9006843  0.1237164],
  "funcao_objetivo": 0.30010545819828143121511891666446191451251236617783,
  "confiabilidade_total": 0.99478879153161455628541580398009701824485985458115
}
 
Individuo 41:
{
  "Posicao": [6. 6. 6. 1. 2.]
             [2. 2. 1. 1. 1.],
  "Velocidade": [-3.16009123  1.28857175  2.19455947  0.0168788   1.53276441]
                [ 0.10198797 -0.08510917  0.          0.18709714  0.10198797],
  "funcao_objetivo": 0.81596828383271933018810978014943101926595613547210,
  "confiabilidade_total": 0.99038495049938582795284696717561600281745836325530
}
 
Individuo 42:
{
  "Posicao": [6. 2. 6. 2. 0.]
             [1. 3. 1. 2. 3.],
  "Velocidade": [-1.5142674   0.25954503 -1.78087493 -0.20778456 -1.96104837]
                [-1.43075987  1.67895128  0.          0.57435219  2.86151973],
  "funcao_objetivo": -0.021752730806074639462057784103980088718894397295092,
  "confiabilidade_total": 0.97094726919392530409420364395306139614367159696760
}
 
Individuo 43:
{
  "Posicao": [9. 2. 1. 0. 9.]
             [2. 2. 1. 1. 1.],
  "Velocidade": [ 0.19095581 -1.7685205  -1.37198648  0.17434656 10.43940861]
                [ 0.20350795 -0.01821404  0.          0.22172198  0.        ],
  "funcao_objetivo": 0.80149658542963428188802714013004954295184693575542,
  "confiabilidade_total": 0.99242991876296771587788062939549201955970607042950
}
 
Individuo 44:
{
  "Posicao": [9. 4. 6. 1. 1.]
             [2. 1. 1. 2. 2.],
  "Velocidade": [ 1.36325544  4.13389816 -0.02186034 -0.25734064 -0.71226781]
                [-1.2759654   0.15947994  0.         -1.24258851  1.32145268],
  "funcao_objetivo": 0.50617274474491970742130877613966202441413876192793,
  "confiabilidade_total": 0.99098941141158640871213083744954399842579838412031
}
 
Individuo 45:
{
  "Posicao": [2. 9. 1. 2. 5.]
             [2. 2. 1. 3. 1.],
  "Velocidade": [-3.5973379   3.18775605 -3.38069331 -0.16730421 -3.67349824]
                [0.78068506 1.21538666 0.         1.99607172 0.        ],
  "funcao_objetivo": 0.38835104732632987873690094429587687340456281497584,
  "confiabilidade_total": 0.99675104732632976407306696100970937845188413455592
}
 
Individuo 46:
{
  "Posicao": [7. 5. 7. 3. 4.]
             [2. 2. 1. 1. 1.],
  "Velocidade": [-0.98704127  0.         -1.70472796 -4.56771698  1.40351695]
                [ 0.70502174  0.77650014  0.          0.0714784  -0.70502174],
  "funcao_objetivo": 0.98923879941675797235399504660579486083165068106684,
  "confiabilidade_total": 0.98923879941675797235399504660579486083165068106684
}
 
Individuo 47:
{
  "Posicao": [7. 3. 8. 5. 2.]
             [3. 3. 1. 1. 1.],
  "Velocidade": [ 0.22915307  0.33614013  4.15425844  4.72199641 -6.36224871]
                [0.51653053 1.58859146 0.         0.06015041 0.        ],
  "funcao_objetivo": 0.52103813292000835024178802626214989045825313274590,
  "confiabilidade_total": 0.99830479958667460628876829189925289297666858379570
}
 
Individuo 48:
{
  "Posicao": [8. 9. 3. 9. 0.]
             [1. 3. 1. 2. 1.],
  "Velocidade": [-1.25767938  1.92293812 -2.71065025 10.72076933 -3.23398635]
                [0.27929574 0.55373668 0.         1.27387265 0.        ],
  "funcao_objetivo": 0.42580847942225768283908791604535153442492225731506,
  "confiabilidade_total": 0.97179181275559094784189482711571699315180519188537
}
 
Individuo 49:
{
  "Posicao": [8. 6. 8. 4. 5.]
             [2. 1. 1. 2. 1.],
  "Velocidade": [-0.89265759  0.42545952  4.8434892  -1.33899079 -2.85112977]
                [-0.06131461 -0.66416846  0.          0.60285385  0.06131461],
  "funcao_objetivo": 0.93527451542948307219070049238286230694426683958148,
  "confiabilidade_total": 0.98519118209614969529961715958922070432378439481830
}
 
Individuo 50:
{
  "Posicao": [9. 2. 9. 0. 2.]
             [1. 1. 1. 3. 1.],
  "Velocidade": [ 3.04422646 -1.738905    8.45107901 -8.01240045 -2.15318354]
                [-2.8763328  -0.88234988  0.          1.99398292  0.        ],
  "funcao_objetivo": 0.74029397400146142069084146199096866651969017648036,
  "confiabilidade_total": 0.96161064066812813427738352102445932572307052277858
}
 
-----------------------------------------
-----------------------------------------
-----------------------------------------
-----------------------------------------
GERACAO 6
Populacao antes da execucao:
Individuo 1:
{
  "Posicao": [5. 5. 4. 2. 3.]
             [2. 3. 1. 2. 1.],
  "Velocidade": [-2.23085022  0.         -1.5718044   0.61373128  2.75527485]
                [0.         0.61373128 0.         0.61373128 0.        ],
  "funcao_objetivo": 0.62007342511318656872391487399558174367955600027038,
  "confiabilidade_total": 0.99515675844652005941285823086776873972228442434265
}
 
Individuo 2:
{
  "Posicao": [8. 5. 8. 0. 6.]
             [2. 1. 1. 2. 1.],
  "Velocidade": [-1.17212946 -0.05077039 -0.73495334 -2.25079601  5.99950858]
                [ 0.         -0.57101388  0.          0.57101388  0.        ],
  "funcao_objetivo": 0.98736392809125272618025806240194683677944214916958,
  "confiabilidade_total": 0.98736392809125272618025806240194683677944214916958
}
 
Individuo 3:
{
  "Posicao": [6. 5. 8. 2. 0.]
             [2. 1. 1. 1. 1.],
  "Velocidade": [-2.99119383  0.          6.00360889  1.60079818  0.16840989]
                [ 0.         -1.88740227  0.         -1.88740227  0.        ],
  "funcao_objetivo": 0.96859376063784490415834955248578951790888624686601,
  "confiabilidade_total": 0.96859376063784490415834955248578951790888624686601
}
 
Individuo 4:
{
  "Posicao": [5. 9. 5. 0. 0.]
             [3. 2. 2. 2. 1.],
  "Velocidade": [-3.68470203  6.70042857 -1.78033837 -2.70666736 -9.17632573]
                [-0.15548535  0.67083403  1.03646066 -0.98539525  0.        ],
  "funcao_objetivo": 0.21738589502501359123890374784448930367725834322685,
  "confiabilidade_total": 0.99931922835834673829161652273822390779751285982841
}
 
Individuo 5:
{
  "Posicao": [4. 7. 3. 2. 3.]
             [2. 3. 1. 2. 1.],
  "Velocidade": [ 1.44254682  3.59207877  0.36275925  0.97626022 -0.24639186]
                [0.         0.97626022 0.         0.63830866 0.        ],
  "funcao_objetivo": 0.34292915652991445314124429655492206227370565490241,
  "confiabilidade_total": 0.99591248986324789644586896242542791303583448485846
}
 
Individuo 6:
{
  "Posicao": [9. 5. 9. 2. 9.]
             [3. 3. 3. 3. 1.],
  "Velocidade": [ 4.51658453  4.61073539  5.05492617  2.19818179 11.34425045]
                [ 3.15394524 -0.28715537  1.98942986  4.73643027  0.        ],
  "funcao_objetivo": -0.84978270005102189093245511765269147715652407701485,
  "confiabilidade_total": 0.99993396661564467371211707279292350151454983655937
}
 
Individuo 7:
{
  "Posicao": [9. 6. 9. 2. 0.]
             [3. 3. 2. 1. 1.],
  "Velocidade": [ 3.96365477  0.77367081  4.10890407  0.81286075 -0.85084049]
                [1.20020107 0.81286075 1.20020107 0.38734032 0.        ],
  "funcao_objetivo": -0.14353900864776494555314419651385413025651883908727,
  "confiabilidade_total": 0.99897765801890156828762238708459755862916994265101
}
 
Individuo 8:
{
  "Posicao": [4. 9. 6. 0. 0.]
             [2. 1. 1. 1. 1.],
  "Velocidade": [ -4.58459453   9.80829107  -3.00664568 -12.6224636   -6.28283805]
                [ 0.         -0.8351374  -2.23999805  0.30919471  0.        ],
  "funcao_objetivo": 0.91815370867971793660448092196270548177605378517827,
  "confiabilidade_total": 0.97207037534638447306049051717559589909111964592656
}
 
Individuo 9:
{
  "Posicao": [3. 5. 4. 0. 9.]
             [2. 1. 1. 3. 1.],
  "Velocidade": [-0.90250709  0.          0.78655663 -0.52206178  3.71253439]
                [-1.35312299 -0.52206178  0.          2.08686604  0.        ],
  "funcao_objetivo": 0.49684009153526088238958152554548608357352139170323,
  "confiabilidade_total": 0.99114009153526092728700064138681657830518604929600
}
 
Individuo 10:
{
  "Posicao": [5. 3. 7. 1. 2.]
             [2. 2. 1. 2. 1.],
  "Velocidade": [-0.2760476  -5.13112078  3.41676066  1.00212718 -2.59873238]
                [ 0.48960438  1.00212718 -2.22554727  1.41384194 -2.22554727],
  "funcao_objetivo": 0.77037549769957945305886010797079484413743047317829,
  "confiabilidade_total": 0.99404216436624616109983815900162858392477063736286
}
 
Individuo 11:
{
  "Posicao": [7. 3. 3. 3. 3.]
             [1. 1. 1. 2. 1.],
  "Velocidade": [-1.76679216  2.33866044 -1.29393444 -1.58398063 -4.34861269]
                [ 0.15388117 -0.72645658  0.          0.72645658  0.        ],
  "funcao_objetivo": 0.92583493488351546820682691321820663413333211321515,
  "confiabilidade_total": 0.96666826821684884937226889081870091738479648012799
}
 
Individuo 12:
{
  "Posicao": [1. 5. 3. 9. 9.]
             [2. 1. 1. 2. 1.],
  "Velocidade": [-0.25494506  0.         -0.01561177  2.89617252  3.27997405]
                [ 0.54173753  0.37307749  0.         -0.91481502  0.        ],
  "funcao_objetivo": 0.86590003552641357479612076475477833282579914527011,
  "confiabilidade_total": 0.98675003552641356000795007674769321438302532630038
}
 
Individuo 13:
{
  "Posicao": [7. 6. 4. 3. 1.]
             [2. 1. 1. 1. 1.],
  "Velocidade": [ 3.6875022  -2.76374048 -4.7361341   2.29622132 -3.39414938]
                [-0.03651512 -2.26698835  0.          0.1438347   0.        ],
  "funcao_objetivo": 0.96607225501940004905366915158037163268361980860563,
  "confiabilidade_total": 0.96607225501940004905366915158037163268361980860563
}
 
Individuo 14:
{
  "Posicao": [5. 5. 9. 1. 0.]
             [2. 1. 1. 2. 1.],
  "Velocidade": [-3.86223452  1.43794257  6.50704942 -0.1614837  -3.49042977]
                [ 0.         -0.66682914  0.          0.59182371  0.        ],
  "funcao_objetivo": 0.98840668547614311690116341761540507712679454580328,
  "confiabilidade_total": 0.98840668547614311690116341761540507712679454580328
}
 
Individuo 15:
{
  "Posicao": [7. 6. 8. 1. 3.]
             [2. 2. 3. 1. 1.],
  "Velocidade": [-1.8254995  -1.28302056  4.14868103 -1.83448685  0.92648507]
                [ 0.64107435  0.7510341   1.28912447 -1.82736295  0.        ],
  "funcao_objetivo": 0.51411980486561774254532533267075084525819017022622,
  "confiabilidade_total": 0.99553647153228451298083736763538215685363008111489
}
 
Individuo 16:
{
  "Posicao": [7. 5. 9. 0. 0.]
             [2. 1. 1. 1. 1.],
  "Velocidade": [-0.73339006  0.         13.98907149 -4.21599025 -1.42939693]
                [ 0.23128667 -1.73968871  0.         -1.38041327  0.        ],
  "funcao_objetivo": 0.97266374494061795636279465787842200461816738085316,
  "confiabilidade_total": 0.97266374494061795636279465787842200461816738085316
}
 
Individuo 17:
{
  "Posicao": [6. 6. 3. 4. 2.]
             [3. 2. 1. 1. 1.],
  "Velocidade": [ 0.50859773 -0.48517325  0.4765179  -1.84839022  0.13238972]
                [ 0.58819395  0.17077522 -0.98885061  0.41741873  0.        ],
  "funcao_objetivo": 0.58799039942932469899619672605568652753531311706871,
  "confiabilidade_total": 0.99407373276265793966291493734262062017618988708824
}
 
Individuo 18:
{
  "Posicao": [4. 7. 1. 6. 6.]
             [3. 2. 1. 1. 1.],
  "Velocidade": [ 2.10365246  0.65181802  1.16366653  6.47661599 -2.42063228]
                [-0.09318434 -0.1063597   0.          0.1063597   0.        ],
  "funcao_objetivo": 0.56683105817003823004793513353223235216341227570222,
  "confiabilidade_total": 0.99381439150337183344671995035031133201322764435457
}
 
Individuo 19:
{
  "Posicao": [6. 5. 9. 5. 0.]
             [2. 3. 1. 1. 1.],
  "Velocidade": [-2.69831391  4.86556829  2.76348458 -4.46268005 -8.12715051]
                [ 0.          1.59297696  0.         -1.63770353  0.        ],
  "funcao_objetivo": 0.84619613377586301063857017831636992399397776046813,
  "confiabilidade_total": 0.99319613377586289140061733357455748249593660751403
}
 
Individuo 20:
{
  "Posicao": [8. 5. 9. 0. 0.]
             [2. 1. 1. 2. 1.],
  "Velocidade": [ 4.27631968  0.          8.00802194 -1.21069018 -3.63712493]
                [-0.0506125  -1.43960868  0.          1.49022119  0.        ],
  "funcao_objetivo": 0.93143645605174404221268918676059796237596793604565,
  "confiabilidade_total": 0.98865312271841065584585233879124528723978920412732
}
 
Individuo 21:
{
  "Posicao": [8. 1. 7. 8. 9.]
             [2. 2. 1. 2. 1.],
  "Velocidade": [ 2.38771833  0.96084372  1.92941278 -0.91152861  0.0821488 ]
                [ 0.          0.05267599  0.         -1.2972413   0.        ],
  "funcao_objetivo": 0.77907636120327879722701686234745397210780282495651,
  "confiabilidade_total": 0.99337636120327880160129557937057074137691159723434
}
 
Individuo 22:
{
  "Posicao": [9. 5. 9. 1. 3.]
             [2. 2. 2. 1. 1.],
  "Velocidade": [ 0.08651552 -0.4152397   0.66077354  0.89765757  0.48582561]
                [-0.4152397   0.77405272  1.12570799 -1.18929241  0.        ],
  "funcao_objetivo": 0.61458207121524812312986304130576688721464553507981,
  "confiabilidade_total": 0.99426540454858144026874318877348348423527160319505
}
 
Individuo 23:
{
  "Posicao": [6. 9. 3. 0. 0.]
             [3. 1. 1. 1. 1.],
  "Velocidade": [ -2.18191329   8.62195239  -3.6724753   -5.37895567 -10.71539155]
                [ 2.19204656 -0.87098284 -4.11397955  0.30400962  0.        ],
  "funcao_objetivo": 0.79954601615903022293030695666229862269307733930990,
  "confiabilidade_total": 0.97587934949236353709378939813459569137837053694174
}
 
Individuo 24:
{
  "Posicao": [8. 5. 9. 0. 0.]
             [2. 1. 1. 3. 1.],
  "Velocidade": [  1.03093034   0.           2.45026802 -15.19864242  -8.51347259]
                [-0.63453759 -0.64569141  0.          2.03580339  0.        ],
  "funcao_objetivo": 0.60320824407843585980344332999529181829403220338353,
  "confiabilidade_total": 0.99044157741176912258580419181534419617365180177220
}
 
Individuo 25:
{
  "Posicao": [6. 5. 7. 1. 1.]
             [2. 2. 1. 1. 1.],
  "Velocidade": [-1.66044977 -1.27076375 -0.02498662  0.84460104 -7.9009556 ]
                [ 1.27076375  0.84460104  0.         -0.84460104  0.        ],
  "funcao_objetivo": 0.99039087407585115774304631876073399080260461278946,
  "confiabilidade_total": 0.99039087407585115774304631876073399080260461278946
}
 
Individuo 26:
{
  "Posicao": [7. 4. 6. 2. 0.]
             [2. 2. 1. 1. 1.],
  "Velocidade": [-0.73275155 -1.96593669  3.44660413 -1.44771901 -0.91850823]
                [-1.0486912  -1.20924873  0.         -1.0762095   0.        ],
  "funcao_objetivo": 0.83397831207474037556429702709832556177062762961309,
  "confiabilidade_total": 0.99081164540807364465272466878926708925647510275762
}
 
Individuo 27:
{
  "Posicao": [8. 7. 6. 1. 0.]
             [1. 2. 1. 1. 1.],
  "Velocidade": [ 3.92152467 -1.85562857  5.67759221 -1.44886501 -2.87137941]
                [-2.85384492  1.11682621  0.         -1.11682621  0.34561959],
  "funcao_objetivo": 0.96360850518234171042173411493333043945607330232870,
  "confiabilidade_total": 0.96360850518234171042173411493333043945607330232870
}
 
Individuo 28:
{
  "Posicao": [9. 5. 7. 1. 2.]
             [2. 1. 1. 2. 1.],
  "Velocidade": [ 3.466218    0.         -2.10672067 -0.21245534 -1.80483754]
                [ 0.69018758 -1.55948052  0.          0.60585694  0.        ],
  "funcao_objetivo": 0.94869375602136644512281034760581440627719449958271,
  "confiabilidade_total": 0.98727708935469985898432040041716880500461149177021
}
 
Individuo 29:
{
  "Posicao": [5. 6. 6. 0. 3.]
             [2. 1. 1. 1. 1.],
  "Velocidade": [-3.36159488  4.03165556  5.23913461 -1.36294186 -0.32042681]
                [ 1.34388519 -2.70682704  0.          0.28590397  0.        ],
  "funcao_objetivo": 0.97236361531221238180085551340553561063290657349791,
  "confiabilidade_total": 0.97236361531221238180085551340553561063290657349791
}
 
Individuo 30:
{
  "Posicao": [5. 5. 4. 0. 0.]
             [1. 2. 1. 1. 1.],
  "Velocidade": [ -3.90574967   0.          -2.77853917 -11.50953621 -10.01571733]
                [-2.21003215  0.33502332 -4.4200643  -2.54505547  0.        ],
  "funcao_objetivo": 0.96804955773119490587794746563874645581551550244750,
  "confiabilidade_total": 0.96804955773119490587794746563874645581551550244750
}
 
Individuo 31:
{
  "Posicao": [0. 8. 8. 9. 9.]
             [3. 1. 1. 3. 1.],
  "Velocidade": [-3.04075296  1.25985614  2.16419066  7.4158186   8.68608673]
                [ 1.83531635 -1.59572723  0.          2.04139815  0.        ],
  "funcao_objetivo": 0.16736197686297678752943449354169433839377693842214,
  "confiabilidade_total": 0.99267864352964331940022299705268824375924400995534
}
 
Individuo 32:
{
  "Posicao": [8. 5. 7. 0. 0.]
             [2. 1. 1. 1. 1.],
  "Velocidade": [ 1.60593521  0.          0.23785388 -1.70280279 -0.8300491 ]
                [ 0.75333031  0.41783841 -0.75333031  0.33549189  0.        ],
  "funcao_objetivo": 0.97302213104395713034708277856852328591766463449061,
  "confiabilidade_total": 0.97302213104395713034708277856852328591766463449061
}
 
Individuo 33:
{
  "Posicao": [6. 6. 9. 0. 0.]
             [3. 3. 1. 1. 1.],
  "Velocidade": [ 0.4480121   2.14218064  6.16289378  0.34648348 -4.8170186 ]
                [2.14218064 1.70357784 0.         0.26187177 0.        ],
  "funcao_objetivo": 0.26384469948088951532028570399663411625006716826705,
  "confiabilidade_total": 0.99839469948088960706911645901957061685898821929244
}
 
Individuo 34:
{
  "Posicao": [2. 1. 4. 9. 5.]
             [1. 2. 1. 1. 1.],
  "Velocidade": [-0.50058415  0.72650619 -1.37856954  1.37292049  0.43917291]
                [ 0.48258524 -0.05394874  0.          0.05394874  0.        ],
  "funcao_objetivo": 0.97146603368209089332462262766044255289850499175387,
  "confiabilidade_total": 0.97146603368209089332462262766044255289850499175387
}
 
Individuo 35:
{
  "Posicao": [7. 7. 3. 0. 0.]
             [2. 3. 1. 3. 1.],
  "Velocidade": [-1.35563925  2.568232   -3.01082263 -2.45       -1.96647606]
                [0.         0.75857657 0.         1.83115415 0.        ],
  "funcao_objetivo": 0.039317404865735514506472746322311466004175022395166,
  "confiabilidade_total": 0.99535073819906908264457430104541872199944861248306
}
 
Individuo 36:
{
  "Posicao": [5. 9. 6. 1. 1.]
             [2. 1. 1. 3. 1.],
  "Velocidade": [-0.47468647 -0.10209847  0.15959616 -7.53038364 -4.36186684]
                [ 0.         -0.61120037  0.         -0.22740096  0.        ],
  "funcao_objetivo": 0.72381507118873886924532255172433394517251024745571,
  "confiabilidade_total": 0.99069840452207216113773111921599081295975218318569
}
 
Individuo 37:
{
  "Posicao": [9. 9. 4. 0. 0.]
             [2. 3. 1. 2. 1.],
  "Velocidade": [ 1.06521942  2.54577424 -3.37217489 -6.38631554 -6.86415223]
                [0.64622237 0.69325791 0.         0.69325791 0.        ],
  "funcao_objetivo": 0.009250981016431732325914253172959973316491455079315,
  "confiabilidade_total": 0.99420098101643172450994415981185792873412451171994
}
 
Individuo 38:
{
  "Posicao": [9. 5. 6. 0. 0.]
             [2. 1. 1. 2. 1.],
  "Velocidade": [ 2.95809053  0.         -2.64144785 -0.96301728 -3.32223623]
                [ 0.01528799 -0.96301728  0.          0.97830527  0.01528799],
  "funcao_objetivo": 0.81984421583320246939729669280583872293395172373539,
  "confiabilidade_total": 0.98891088249986898739029738850237587300402294413334
}
 
Individuo 39:
{
  "Posicao": [5. 7. 6. 4. 5.]
             [3. 2. 1. 3. 1.],
  "Velocidade": [ 4.9132238   6.5970644   2.3214939   4.39053464 -3.06133042]
                [-0.35556633 -0.24577068  0.         -0.39698368  0.01684959],
  "funcao_objetivo": 0.25667203096980561625580494539591469648174363704370,
  "confiabilidade_total": 0.99818869763647210700393261679111034455589372249292
}
 
Individuo 40:
{
  "Posicao": [7. 3. 6. 0. 1.]
             [2. 3. 1. 2. 1.],
  "Velocidade": [-0.6640297  -0.5406963   0.13831687  0.23627161 -0.65163416]
                [-0.1237164  0.7769679  0.         0.9006843  0.1237164],
  "funcao_objetivo": 0.30010545819828143121511891666446191451251236617783,
  "confiabilidade_total": 0.99478879153161455628541580398009701824485985458115
}
 
Individuo 41:
{
  "Posicao": [6. 6. 6. 1. 2.]
             [2. 2. 1. 1. 1.],
  "Velocidade": [-3.16009123  1.28857175  2.19455947  0.0168788   1.53276441]
                [ 0.10198797 -0.08510917  0.          0.18709714  0.10198797],
  "funcao_objetivo": 0.81596828383271933018810978014943101926595613547210,
  "confiabilidade_total": 0.99038495049938582795284696717561600281745836325530
}
 
Individuo 42:
{
  "Posicao": [6. 2. 6. 2. 0.]
             [1. 3. 1. 2. 3.],
  "Velocidade": [-1.5142674   0.25954503 -1.78087493 -0.20778456 -1.96104837]
                [-1.43075987  1.67895128  0.          0.57435219  2.86151973],
  "funcao_objetivo": -0.021752730806074639462057784103980088718894397295092,
  "confiabilidade_total": 0.97094726919392530409420364395306139614367159696760
}
 
Individuo 43:
{
  "Posicao": [9. 2. 1. 0. 9.]
             [2. 2. 1. 1. 1.],
  "Velocidade": [ 0.19095581 -1.7685205  -1.37198648  0.17434656 10.43940861]
                [ 0.20350795 -0.01821404  0.          0.22172198  0.        ],
  "funcao_objetivo": 0.80149658542963428188802714013004954295184693575542,
  "confiabilidade_total": 0.99242991876296771587788062939549201955970607042950
}
 
Individuo 44:
{
  "Posicao": [9. 4. 6. 1. 1.]
             [2. 1. 1. 2. 2.],
  "Velocidade": [ 1.36325544  4.13389816 -0.02186034 -0.25734064 -0.71226781]
                [-1.2759654   0.15947994  0.         -1.24258851  1.32145268],
  "funcao_objetivo": 0.50617274474491970742130877613966202441413876192793,
  "confiabilidade_total": 0.99098941141158640871213083744954399842579838412031
}
 
Individuo 45:
{
  "Posicao": [2. 9. 1. 2. 5.]
             [2. 2. 1. 3. 1.],
  "Velocidade": [-3.5973379   3.18775605 -3.38069331 -0.16730421 -3.67349824]
                [0.78068506 1.21538666 0.         1.99607172 0.        ],
  "funcao_objetivo": 0.38835104732632987873690094429587687340456281497584,
  "confiabilidade_total": 0.99675104732632976407306696100970937845188413455592
}
 
Individuo 46:
{
  "Posicao": [7. 5. 7. 3. 4.]
             [2. 2. 1. 1. 1.],
  "Velocidade": [-0.98704127  0.         -1.70472796 -4.56771698  1.40351695]
                [ 0.70502174  0.77650014  0.          0.0714784  -0.70502174],
  "funcao_objetivo": 0.98923879941675797235399504660579486083165068106684,
  "confiabilidade_total": 0.98923879941675797235399504660579486083165068106684
}
 
Individuo 47:
{
  "Posicao": [7. 3. 8. 5. 2.]
             [3. 3. 1. 1. 1.],
  "Velocidade": [ 0.22915307  0.33614013  4.15425844  4.72199641 -6.36224871]
                [0.51653053 1.58859146 0.         0.06015041 0.        ],
  "funcao_objetivo": 0.52103813292000835024178802626214989045825313274590,
  "confiabilidade_total": 0.99830479958667460628876829189925289297666858379570
}
 
Individuo 48:
{
  "Posicao": [8. 9. 3. 9. 0.]
             [1. 3. 1. 2. 1.],
  "Velocidade": [-1.25767938  1.92293812 -2.71065025 10.72076933 -3.23398635]
                [0.27929574 0.55373668 0.         1.27387265 0.        ],
  "funcao_objetivo": 0.42580847942225768283908791604535153442492225731506,
  "confiabilidade_total": 0.97179181275559094784189482711571699315180519188537
}
 
Individuo 49:
{
  "Posicao": [8. 6. 8. 4. 5.]
             [2. 1. 1. 2. 1.],
  "Velocidade": [-0.89265759  0.42545952  4.8434892  -1.33899079 -2.85112977]
                [-0.06131461 -0.66416846  0.          0.60285385  0.06131461],
  "funcao_objetivo": 0.93527451542948307219070049238286230694426683958148,
  "confiabilidade_total": 0.98519118209614969529961715958922070432378439481830
}
 
Individuo 50:
{
  "Posicao": [9. 2. 9. 0. 2.]
             [1. 1. 1. 3. 1.],
  "Velocidade": [ 3.04422646 -1.738905    8.45107901 -8.01240045 -2.15318354]
                [-2.8763328  -0.88234988  0.          1.99398292  0.        ],
  "funcao_objetivo": 0.74029397400146142069084146199096866651969017648036,
  "confiabilidade_total": 0.96161064066812813427738352102445932572307052277858
}
 
-----------------------------------------
Populacao final da era:
Individuo 1:
{
  "Posicao": [8. 5. 8. 0. 0.]
             [2. 1. 1. 1. 1.],
  "Velocidade": [ 3.12539612  0.          3.75214214 -2.0398039  -5.25012976]
                [ 0.        -2.0398039  0.        -2.0398039  0.       ],
  "funcao_objetivo": 0.97275672076450077111799105066505053529113783306468,
  "confiabilidade_total": 0.97275672076450077111799105066505053529113783306468
}
 
Individuo 2:
{
  "Posicao": [5. 5. 3. 1. 1.]
             [2. 1. 1. 2. 1.],
  "Velocidade": [-2.83105148 -0.04828214 -5.04929167  1.34173887 -4.59273522]
                [ 0.          0.25571722  0.         -0.25571722  0.        ],
  "funcao_objetivo": 0.98420788449304883209502947212495439566948191267016,
  "confiabilidade_total": 0.98954121782638228841563132294463923722316251140597
}
 
Individuo 3:
{
  "Posicao": [7. 5. 8. 1. 1.]
             [2. 1. 1. 3. 1.],
  "Velocidade": [ 0.60819321  0.          0.05795309 -0.67628729  1.41431447]
                [0.         0.40372965 0.         1.79490078 0.        ],
  "funcao_objetivo": 0.78378607585186447056004504987218328459245118857622,
  "confiabilidade_total": 0.99060274251853110534850793613518848722857389212847
}
 
Individuo 4:
{
  "Posicao": [8. 9. 9. 1. 3.]
             [1. 3. 2. 1. 1.],
  "Velocidade": [2.85740288 3.92519955 4.05672343 1.46309472 3.26229893]
                [-4.18497347  0.63795649  0.37395343 -3.26151047  0.        ],
  "funcao_objetivo": 0.47519008450261400433929390062881326877750180816525,
  "confiabilidade_total": 0.98949008450261395597797894795699436792410634612912
}
 
Individuo 5:
{
  "Posicao": [8. 8. 7. 2. 0.]
             [2. 3. 1. 1. 1.],
  "Velocidade": [ 4.17490046  0.728701    3.78869887 -0.36186252 -3.25092421]
                [ 0.         -0.36186252  0.         -0.57647349  0.        ],
  "funcao_objetivo": 0.83764783070061218969624596901156035784408016155832,
  "confiabilidade_total": 0.99329783070061225577672039470087764385863704632394
}
 
Individuo 6:
{
  "Posicao": [9. 9. 9. 4. 9.]
             [1. 2. 2. 1. 1.],
  "Velocidade": [2.66954187 3.98987579 3.03996593 1.55402785 5.32865854]
                [-2.30499431 -0.96745813 -0.74010814 -3.27350066  0.        ],
  "funcao_objetivo": 0.65625895887829460995791793393095389757427321936315,
  "confiabilidade_total": 0.98247562554496108434135822235134213980409251715368
}
 
Individuo 7:
{
  "Posicao": [9. 5. 6. 1. 0.]
             [2. 2. 1. 1. 1.],
  "Velocidade": [ 0.5946312  -1.29593701 -3.0761593  -1.25866777  0.0794746 ]
                [-0.89031097 -1.25866777 -0.89031097  0.36835679  0.        ],
  "funcao_objetivo": 0.95052792757140621299415239316328044917784896841587,
  "confiabilidade_total": 0.98944459423807289572204548274054506730638710012974
}
 
Individuo 8:
{
  "Posicao": [8. 7. 4. 9. 2.]
             [2. 2. 3. 3. 1.],
  "Velocidade": [ 4.06013911 -1.89913664 -1.62302198 10.43342447  2.26611202]
                [0.         0.77620545 2.13021586 1.53030925 0.        ],
  "funcao_objetivo": -0.33621450184055975129880513441534505739187060951705,
  "confiabilidade_total": 0.99963549815944034160465756621775424525762737632279
}
 
Individuo 9:
{
  "Posicao": [9. 5. 9. 1. 0.]
             [2. 2. 1. 1. 1.],
  "Velocidade": [  6.95282996   0.           5.72779212   0.91918475 -10.28459156]
                [-0.21257452  0.91918475  0.         -2.99519575  0.        ],
  "funcao_objetivo": 0.91478345690581408860370297159363702772114586684846,
  "confiabilidade_total": 0.98878345690581407453162613446977787785161447379731
}
 
Individuo 10:
{
  "Posicao": [9. 5. 9. 0. 0.]
             [2. 1. 3. 2. 3.],
  "Velocidade": [ 6.29626665  1.67914037  1.73123524 -0.80830945 -3.7461865 ]
                [ 0.46560889 -0.80830945  2.11647331 -0.17352053  2.11647331],
  "funcao_objetivo": -0.53478535395397386042129119215198231639214364356283,
  "confiabilidade_total": 0.99773131271269277776445414946400189994029196434732
}
 
Individuo 11:
{
  "Posicao": [8. 0. 0. 4. 5.]
             [2. 2. 1. 1. 1.],
  "Velocidade": [ 0.71308471 -2.51222397 -4.74498923  0.83663048  1.77226953]
                [ 1.36813579  0.53094334  0.         -0.53094334  0.        ],
  "funcao_objetivo": 0.92331648330663706883470327918429528855311226709130,
  "confiabilidade_total": 0.99373314997330364076233851117093717240320992334130
}
 
Individuo 12:
{
  "Posicao": [7. 5. 8. 0. 1.]
             [1. 2. 1. 2. 1.],
  "Velocidade": [ 5.85205692  0.          4.94650523 -9.19997487 -7.93663632]
                [-1.3989113   1.37054417  0.          0.02836713  0.        ],
  "funcao_objetivo": 0.96825401013082783230263548357510172326153418816012,
  "confiabilidade_total": 0.96825401013082783230263548357510172326153418816012
}
 
Individuo 13:
{
  "Posicao": [0. 9. 0. 9. 9.]
             [1. 3. 1. 3. 1.],
  "Velocidade": [-12.24670413   3.60277069 -12.46514231  10.14480954   7.50425297]
                [-2.28522295  1.63545145  0.          2.3872828   0.        ],
  "funcao_objetivo": 0.0085224325495560144092274732296412541322261134700225,
  "confiabilidade_total": 0.98777243254955563515704226127616704541964829364580
}
 
Individuo 14:
{
  "Posicao": [7. 6. 7. 1. 3.]
             [2. 2. 1. 1. 1.],
  "Velocidade": [ 1.58831807  1.36746908 -1.70375775 -0.15356939  3.31936398]
                [ 0.          0.68448746  0.         -0.75581688  0.        ],
  "funcao_objetivo": 0.96724127509601293466094244426859516443737688593890,
  "confiabilidade_total": 0.99007460842934634494198324266381972029858174853350
}
 
Individuo 15:
{
  "Posicao": [7. 5. 3. 1. 0.]
             [1. 1. 1. 3. 1.],
  "Velocidade": [ 0.09345595 -0.98034668 -4.72249847  0.08490908 -5.71749384]
                [-1.21983249 -1.11526186 -1.95344487  1.73780399  0.        ],
  "funcao_objetivo": 0.92415680692865458802249076719967594972801618158775,
  "confiabilidade_total": 0.97082347359532132620602393680350976201695613443809
}
 
Individuo 16:
{
  "Posicao": [8. 5. 9. 0. 0.]
             [2. 2. 1. 1. 1.],
  "Velocidade": [1.0624199  0.         7.15347775 0.38712064 0.4005243 ]
                [0.21995132 0.77767434 0.         0.44710727 0.        ],
  "funcao_objetivo": 0.99008847019864264046721688392217948304308890938881,
  "confiabilidade_total": 0.99008847019864264046721688392217948304308890938881
}
 
Individuo 17:
{
  "Posicao": [7. 5. 7. 0. 1.]
             [2. 2. 1. 1. 1.],
  "Velocidade": [ 1.45102759 -0.92865676  3.85532678 -3.65968056 -1.30871672]
                [-0.90808399 -0.33768885  0.05980168  0.39696106  0.        ],
  "funcao_objetivo": 0.99085053621562377070843600171457573010856388217183,
  "confiabilidade_total": 0.99085053621562377070843600171457573010856388217183
}
 
Individuo 18:
{
  "Posicao": [7. 4. 5. 9. 1.]
             [2. 1. 1. 2. 1.],
  "Velocidade": [ 3.28642778 -3.39659787  4.152395    3.56475482 -5.32506483]
                [-1.41987679 -0.55246418  0.          0.55246418  0.        ],
  "funcao_objetivo": 0.92832735096753300145699649317068776053413150367689,
  "confiabilidade_total": 0.98609401763419956665945575349044390076808033046674
}
 
Individuo 19:
{
  "Posicao": [8. 4. 0. 6. 2.]
             [2. 1. 1. 3. 1.],
  "Velocidade": [  2.14290393  -1.31634521 -11.4988745    0.6939502    1.78538702]
                [ 0.         -1.70820531  0.          1.55743977  0.        ],
  "funcao_objetivo": 0.65922412485396919135969179195509047834014245957644,
  "confiabilidade_total": 0.99347412485396909271637605400993186170046874970705
}
 
Individuo 20:
{
  "Posicao": [9. 5. 9. 1. 3.]
             [2. 2. 1. 3. 1.],
  "Velocidade": [2.15504884 0.         4.1274372  0.58783803 3.00947884]
                [-0.04813199  0.80553724  0.          0.85366923  0.        ],
  "funcao_objetivo": 0.34744997179104048817954091622564437127723527479161,
  "confiabilidade_total": 0.99248330512437389111645640672545841223611665296543
}
 
Individuo 21:
{
  "Posicao": [0. 5. 0. 4. 0.]
             [2. 1. 1. 1. 1.],
  "Velocidade": [-14.9549971    3.99874693 -13.3340355   -4.20878872 -10.97672529]
                [ 0.         -2.00671127  0.         -4.06171772  0.        ],
  "funcao_objetivo": 0.97004775241437214248675710077307602256057660656230,
  "confiabilidade_total": 0.97004775241437214248675710077307602256057660656230
}
 
Individuo 22:
{
  "Posicao": [8. 5. 8. 2. 2.]
             [2. 2. 2. 2. 1.],
  "Velocidade": [-0.85727878 -0.39488882 -0.51390618  0.85366342 -1.21435197]
                [-0.39488882  0.20204439  0.33372399  0.59693321  0.        ],
  "funcao_objetivo": 0.67360922938377088179208067037883481616372225479076,
  "confiabilidade_total": 0.99825922938377084817452748472909477213615534500072
}
 
Individuo 23:
{
  "Posicao": [6. 8. 7. 4. 8.]
             [3. 2. 3. 2. 1.],
  "Velocidade": [ 0.10695343 -0.52833408  3.76247896  3.64257474  8.06271273]
                [-0.09731678  0.64446257  3.91235362  0.9982828   0.        ],
  "funcao_objetivo": -0.11304511844469867143767760197090449043588918490112,
  "confiabilidade_total": 0.99913821488863485220268512577592862538022714810670
}
 
Individuo 24:
{
  "Posicao": [8. 5. 8. 9. 2.]
             [3. 1. 1. 1. 1.],
  "Velocidade": [ 0.36323512  0.         -1.03794452 13.83658833  2.02976021]
                [ 0.91317794  0.00312328  0.         -2.33154375  0.        ],
  "funcao_objetivo": 0.96358892173182734915985136898498642724156845528754,
  "confiabilidade_total": 0.96358892173182734915985136898498642724156845528754
}
 
Individuo 25:
{
  "Posicao": [4. 4. 7. 2. 0.]
             [3. 3. 1. 2. 1.],
  "Velocidade": [-1.55041899 -1.20848368 -0.05241425  0.80320719 -7.54238238]
                [1.20848368 0.80320719 0.         0.80320719 0.        ],
  "funcao_objetivo": -0.19569445397808434368159254684777873088483521462798,
  "confiabilidade_total": 0.99917221268858267739786952749219314674969008444428
}
 
Individuo 26:
{
  "Posicao": [6. 2. 9. 1. 1.]
             [1. 1. 1. 2. 1.],
  "Velocidade": [-0.69683943 -1.95407839  3.47322083 -1.29227422  0.87349219]
                [-1.09506219 -1.05221621  0.          1.02346453  0.        ],
  "funcao_objetivo": 0.96287712198789823397278072279308281381734533260830,
  "confiabilidade_total": 0.96287712198789823397278072279308281381734533260830
}
 
Individuo 27:
{
  "Posicao": [7. 7. 5. 0. 1.]
             [3. 1. 1. 2. 1.],
  "Velocidade": [-0.97628916 -0.08259785 -1.2566623  -1.37785621  0.51198791]
                [ 2.44568868 -1.15657472  0.          1.15657472  0.32868079],
  "funcao_objetivo": 0.74389527916701131834336597709703167461864844989564,
  "confiabilidade_total": 0.99337861250034463919039102681277111665420428943422
}
 
Individuo 28:
{
  "Posicao": [7. 5. 7. 0. 1.]
             [3. 2. 1. 2. 1.],
  "Velocidade": [-2.28856058  0.         -0.46885398 -2.36557598 -0.81068277]
                [ 0.65636152  0.85413381  0.         -0.05275273  0.        ],
  "funcao_objetivo": 0.52280563010491983207915386629475773154175703174955,
  "confiabilidade_total": 0.99813896343825307874107641055753714247024480945951
}
 
Individuo 29:
{
  "Posicao": [7. 7. 9. 0. 0.]
             [3. 3. 1. 3. 1.],
  "Velocidade": [ 1.92561667  1.27283434  6.65626345  0.40881274 -2.96671693]
                [1.27802144 1.68683418 0.         1.9457904  0.        ],
  "funcao_objetivo": -0.25035636709358158198964058982808515608288481049292,
  "confiabilidade_total": 0.99892696623975160822854338249173573970816896147974
}
 
Individuo 30:
{
  "Posicao": [2. 5. 3. 9. 9.]
             [3. 2. 3. 3. 1.],
  "Velocidade": [-2.59324934  0.         -1.45116506 10.49009203  9.52484753]
                [1.57623788 0.24848553 4.20343717 2.35020411 0.        ],
  "funcao_objetivo": -0.54329096154351762134551409885453122229720522281222,
  "confiabilidade_total": 0.99977570512314885412594475369851042954777310970731
}
 
Individuo 31:
{
  "Posicao": [7. 5. 7. 6. 7.]
             [3. 1. 1. 2. 1.],
  "Velocidade": [ 6.77650828 -2.82058631 -0.76664478 -2.93596925 -2.48497353]
                [-0.32238435  0.11331945  0.         -1.320331    0.        ],
  "funcao_objetivo": 0.85078914638390755826791014463714975870896619504585,
  "confiabilidade_total": 0.98928914638390763964725784966112417176116746610298
}
 
Individuo 32:
{
  "Posicao": [9. 5. 7. 1. 1.]
             [3. 2. 2. 1. 1.],
  "Velocidade": [1.3577876  0.         0.05675587 1.44990771 0.78936844]
                [0.71640963 0.56680098 0.71640963 0.31904945 0.        ],
  "funcao_objetivo": 0.42094765588163576865480632347779386030124060360782,
  "confiabilidade_total": 0.99589765588163564648586469372556815208481184689395
}
 
Individuo 33:
{
  "Posicao": [8. 6. 9. 2. 4.]
             [3. 3. 1. 1. 1.],
  "Velocidade": [1.99191317 0.47133436 1.28433049 1.89536045 4.0967201 ]
                [-0.47133436 -0.0668267   0.          0.37009162  0.        ],
  "funcao_objetivo": 0.40749127550069171142170443411921797307153370476709,
  "confiabilidade_total": 0.99804127550069161976169152106629399569650318718896
}
 
Individuo 34:
{
  "Posicao": [6. 5. 4. 3. 1.]
             [2. 2. 1. 1. 1.],
  "Velocidade": [ 3.84041754  4.14407463  0.41558131 -5.60071521 -3.89881901]
                [ 1.32222738 -0.05130472  0.          0.05130472  0.        ],
  "funcao_objetivo": 0.87755441294633189086733789231261762625252196012518,
  "confiabilidade_total": 0.99005441294633189364289545387550897731160113035223
}
 
Individuo 35:
{
  "Posicao": [6. 6. 6. 1. 1.]
             [2. 1. 1. 1. 1.],
  "Velocidade": [-1.28919944 -1.3887824   3.43183664  0.96273369  0.77333757]
                [ 0.         -1.74255476  0.         -1.5413553   0.        ],
  "funcao_objetivo": 0.96989810714778132849961904228487329757407039129944,
  "confiabilidade_total": 0.96989810714778132849961904228487329757407039129944
}
 
Individuo 36:
{
  "Posicao": [0. 3. 8. 3. 1.]
             [2. 2. 1. 1. 1.],
  "Velocidade": [-6.95065697 -5.6024536   2.00215723  2.09059443  0.0267169 ]
                [ 0.          0.79509427  0.         -6.66970128  0.        ],
  "funcao_objetivo": 0.82971304814412165145613658127554492242532483653166,
  "confiabilidade_total": 0.99362971481078822316172720833715549819069615916350
}
 
Individuo 37:
{
  "Posicao": [7. 5. 7. 2. 2.]
             [1. 1. 1. 1. 1.],
  "Velocidade": [-2.07475259 -3.75452534  2.75685478  2.37244429  2.21374964]
                [-0.8234459  -1.60359992  0.         -1.60359992  0.        ],
  "funcao_objetivo": 0.94262806139957313996556327803691860641388643113271,
  "confiabilidade_total": 0.94262806139957313996556327803691860641388643113271
}
 
Individuo 38:
{
  "Posicao": [9. 5. 2. 0. 2.]
             [2. 1. 1. 2. 1.],
  "Velocidade": [-0.21363528  0.         -4.12421925  0.20855919  1.54718497]
                [0.01453873 0.20855919 0.         0.22309792 0.01453873],
  "funcao_objetivo": 0.84381003505117593372697428343115454687650911423743,
  "confiabilidade_total": 0.99006003505117578606731200828533467053349725815833
}
 
Individuo 39:
{
  "Posicao": [9. 9. 7. 6. 0.]
             [1. 2. 1. 1. 1.],
  "Velocidade": [ 6.01781026  3.74369465  1.4673022   1.71303055 -7.45941768]
                [-1.60316402 -0.38180855  0.         -2.61140932  0.16410687],
  "funcao_objetivo": 0.95854768458111918921169280850462251411121578470963,
  "confiabilidade_total": 0.95854768458111918921169280850462251411121578470963
}
 
Individuo 40:
{
  "Posicao": [6. 7. 8. 1. 4.]
             [2. 1. 1. 2. 1.],
  "Velocidade": [-0.63148564  4.10361175  2.06907823  0.59605596  2.88401891]
                [-0.11765306 -3.50755579  0.          0.4851778   0.11765306],
  "funcao_objetivo": 0.91469470685562580133735058785602803501101430111197,
  "confiabilidade_total": 0.98736137352229245853011411105469222339602406673697
}
 
Individuo 41:
{
  "Posicao": [6. 5. 9. 0. 1.]
             [2. 1. 1. 3. 1.],
  "Velocidade": [ 0.16223707 -0.50623109  4.95860897 -1.4197508  -0.56985393]
                [ 0.09698955 -1.51674035  0.          1.6137299   0.09698955],
  "funcao_objetivo": 0.56373571376166565615084363382404258129965228052137,
  "confiabilidade_total": 0.99035238042833221693183969857411279929648798913954
}
 
Individuo 42:
{
  "Posicao": [8. 8. 6. 0. 1.]
             [2. 1. 1. 1. 1.],
  "Velocidade": [ 1.7947886   6.12169814  0.22123171 -2.47502985  0.90752446]
                [ 0.91679041 -1.63817587  0.         -0.77381257 -1.83358082],
  "funcao_objetivo": 0.97161545112040234096154297824016176227956358599533,
  "confiabilidade_total": 0.97161545112040234096154297824016176227956358599533
}
 
Individuo 43:
{
  "Posicao": [7. 0. 3. 9. 0.]
             [1. 1. 1. 1. 1.],
  "Velocidade": [ -1.5569904   -2.1479731    1.50471873  11.79412681 -11.72891007]
                [-1.34347043 -1.55432583  0.          0.2108554   0.        ],
  "funcao_objetivo": 0.94965613017234608473325491864550039323576944058331,
  "confiabilidade_total": 0.94965613017234608473325491864550039323576944058331
}
 
Individuo 44:
{
  "Posicao": [7. 4. 6. 1. 0.]
             [1. 3. 1. 1. 2.],
  "Velocidade": [-1.8790364   0.22081486 -0.02078897 -0.24472838 -2.26509898]
                [-2.97950392  1.73940321  0.         -4.5355022  -0.33105103],
  "funcao_objetivo": 0.43978163618491154322294854792742456965952531779522,
  "confiabilidade_total": 0.96994830285157821817928046512859340482264177287334
}
 
Individuo 45:
{
  "Posicao": [1. 8. 9. 0. 1.]
             [1. 1. 1. 1. 1.],
  "Velocidade": [-0.80421349 -1.17416615  7.85075411 -2.79470364 -3.99804414]
                [-1.36981147 -0.95641456  0.         -3.37295366  0.        ],
  "funcao_objetivo": 0.95243535353275266950492450846789930787471429648281,
  "confiabilidade_total": 0.95243535353275266950492450846789930787471429648281
}
 
Individuo 46:
{
  "Posicao": [6. 5. 5. 0. 4.]
             [3. 3. 1. 1. 2.],
  "Velocidade": [-0.93866643  0.         -1.94667679 -4.99484833  0.03274079]
                [0.67046866 0.73844391 0.         0.06797525 0.67046866],
  "funcao_objetivo": 0.21694150628923752331644307790300771332501592521976,
  "confiabilidade_total": 0.99859150628923747926279346077679618931531133537601
}
 
Individuo 47:
{
  "Posicao": [7. 6. 1. 0. 5.]
             [1. 1. 1. 1. 1.],
  "Velocidade": [  0.21792229   3.36049731  -6.83447759 -11.27147198   2.52519032]
                [-2.96527646 -3.88183335  0.          0.05720244  0.        ],
  "funcao_objetivo": 0.95469130120022248934295783976302035151714903526352,
  "confiabilidade_total": 0.95469130120022248934295783976302035151714903526352
}
 
Individuo 48:
{
  "Posicao": [7. 9. 2. 9. 2.]
             [2. 3. 1. 3. 1.],
  "Velocidade": [-1.45765694  0.10889994 -0.95129029  6.58742239  2.40215921]
                [ 0.69555624 -0.07168311  0.          0.94982385  0.        ],
  "funcao_objetivo": -0.093416636870761423802647210439914269293485251782898,
  "confiabilidade_total": 0.99575002979590530355621146906864327386504593718195
}
 
Individuo 49:
{
  "Posicao": [8. 7. 9. 3. 4.]
             [2. 1. 1. 2. 1.],
  "Velocidade": [ 0.14432948  1.39784574  2.02759949 -1.33697733 -0.78853052]
                [-0.05830959  0.10319341  0.          0.04488382  0.05830959],
  "funcao_objetivo": 0.90368747722593331290175573735176824527105792444009,
  "confiabilidade_total": 0.98510414389259982521041454696750390837213500421304
}
 
Individuo 50:
{
  "Posicao": [9. 3. 9. 3. 1.]
             [3. 2. 1. 3. 1.],
  "Velocidade": [ 1.72742948  0.54881324  4.93220708  2.97605657 -1.41087495]
                [ 2.60265927  0.70640135  0.         -0.17353207  0.        ],
  "funcao_objetivo": -0.14741396020946051691065023906641545969578286341224,
  "confiabilidade_total": 0.99810270645720594408350037237458490502503851720300
}
 
-----------------------------------------
-----------------------------------------
-----------------------------------------
-----------------------------------------
GERACAO 7
Populacao antes da execucao:
Individuo 1:
{
  "Posicao": [8. 5. 8. 0. 0.]
             [2. 1. 1. 1. 1.],
  "Velocidade": [ 3.12539612  0.          3.75214214 -2.0398039  -5.25012976]
                [ 0.        -2.0398039  0.        -2.0398039  0.       ],
  "funcao_objetivo": 0.97275672076450077111799105066505053529113783306468,
  "confiabilidade_total": 0.97275672076450077111799105066505053529113783306468
}
 
Individuo 2:
{
  "Posicao": [5. 5. 3. 1. 1.]
             [2. 1. 1. 2. 1.],
  "Velocidade": [-2.83105148 -0.04828214 -5.04929167  1.34173887 -4.59273522]
                [ 0.          0.25571722  0.         -0.25571722  0.        ],
  "funcao_objetivo": 0.98420788449304883209502947212495439566948191267016,
  "confiabilidade_total": 0.98954121782638228841563132294463923722316251140597
}
 
Individuo 3:
{
  "Posicao": [7. 5. 8. 1. 1.]
             [2. 1. 1. 3. 1.],
  "Velocidade": [ 0.60819321  0.          0.05795309 -0.67628729  1.41431447]
                [0.         0.40372965 0.         1.79490078 0.        ],
  "funcao_objetivo": 0.78378607585186447056004504987218328459245118857622,
  "confiabilidade_total": 0.99060274251853110534850793613518848722857389212847
}
 
Individuo 4:
{
  "Posicao": [8. 9. 9. 1. 3.]
             [1. 3. 2. 1. 1.],
  "Velocidade": [2.85740288 3.92519955 4.05672343 1.46309472 3.26229893]
                [-4.18497347  0.63795649  0.37395343 -3.26151047  0.        ],
  "funcao_objetivo": 0.47519008450261400433929390062881326877750180816525,
  "confiabilidade_total": 0.98949008450261395597797894795699436792410634612912
}
 
Individuo 5:
{
  "Posicao": [8. 8. 7. 2. 0.]
             [2. 3. 1. 1. 1.],
  "Velocidade": [ 4.17490046  0.728701    3.78869887 -0.36186252 -3.25092421]
                [ 0.         -0.36186252  0.         -0.57647349  0.        ],
  "funcao_objetivo": 0.83764783070061218969624596901156035784408016155832,
  "confiabilidade_total": 0.99329783070061225577672039470087764385863704632394
}
 
Individuo 6:
{
  "Posicao": [9. 9. 9. 4. 9.]
             [1. 2. 2. 1. 1.],
  "Velocidade": [2.66954187 3.98987579 3.03996593 1.55402785 5.32865854]
                [-2.30499431 -0.96745813 -0.74010814 -3.27350066  0.        ],
  "funcao_objetivo": 0.65625895887829460995791793393095389757427321936315,
  "confiabilidade_total": 0.98247562554496108434135822235134213980409251715368
}
 
Individuo 7:
{
  "Posicao": [9. 5. 6. 1. 0.]
             [2. 2. 1. 1. 1.],
  "Velocidade": [ 0.5946312  -1.29593701 -3.0761593  -1.25866777  0.0794746 ]
                [-0.89031097 -1.25866777 -0.89031097  0.36835679  0.        ],
  "funcao_objetivo": 0.95052792757140621299415239316328044917784896841587,
  "confiabilidade_total": 0.98944459423807289572204548274054506730638710012974
}
 
Individuo 8:
{
  "Posicao": [8. 7. 4. 9. 2.]
             [2. 2. 3. 3. 1.],
  "Velocidade": [ 4.06013911 -1.89913664 -1.62302198 10.43342447  2.26611202]
                [0.         0.77620545 2.13021586 1.53030925 0.        ],
  "funcao_objetivo": -0.33621450184055975129880513441534505739187060951705,
  "confiabilidade_total": 0.99963549815944034160465756621775424525762737632279
}
 
Individuo 9:
{
  "Posicao": [9. 5. 9. 1. 0.]
             [2. 2. 1. 1. 1.],
  "Velocidade": [  6.95282996   0.           5.72779212   0.91918475 -10.28459156]
                [-0.21257452  0.91918475  0.         -2.99519575  0.        ],
  "funcao_objetivo": 0.91478345690581408860370297159363702772114586684846,
  "confiabilidade_total": 0.98878345690581407453162613446977787785161447379731
}
 
Individuo 10:
{
  "Posicao": [9. 5. 9. 0. 0.]
             [2. 1. 3. 2. 3.],
  "Velocidade": [ 6.29626665  1.67914037  1.73123524 -0.80830945 -3.7461865 ]
                [ 0.46560889 -0.80830945  2.11647331 -0.17352053  2.11647331],
  "funcao_objetivo": -0.53478535395397386042129119215198231639214364356283,
  "confiabilidade_total": 0.99773131271269277776445414946400189994029196434732
}
 
Individuo 11:
{
  "Posicao": [8. 0. 0. 4. 5.]
             [2. 2. 1. 1. 1.],
  "Velocidade": [ 0.71308471 -2.51222397 -4.74498923  0.83663048  1.77226953]
                [ 1.36813579  0.53094334  0.         -0.53094334  0.        ],
  "funcao_objetivo": 0.92331648330663706883470327918429528855311226709130,
  "confiabilidade_total": 0.99373314997330364076233851117093717240320992334130
}
 
Individuo 12:
{
  "Posicao": [7. 5. 8. 0. 1.]
             [1. 2. 1. 2. 1.],
  "Velocidade": [ 5.85205692  0.          4.94650523 -9.19997487 -7.93663632]
                [-1.3989113   1.37054417  0.          0.02836713  0.        ],
  "funcao_objetivo": 0.96825401013082783230263548357510172326153418816012,
  "confiabilidade_total": 0.96825401013082783230263548357510172326153418816012
}
 
Individuo 13:
{
  "Posicao": [0. 9. 0. 9. 9.]
             [1. 3. 1. 3. 1.],
  "Velocidade": [-12.24670413   3.60277069 -12.46514231  10.14480954   7.50425297]
                [-2.28522295  1.63545145  0.          2.3872828   0.        ],
  "funcao_objetivo": 0.0085224325495560144092274732296412541322261134700225,
  "confiabilidade_total": 0.98777243254955563515704226127616704541964829364580
}
 
Individuo 14:
{
  "Posicao": [7. 6. 7. 1. 3.]
             [2. 2. 1. 1. 1.],
  "Velocidade": [ 1.58831807  1.36746908 -1.70375775 -0.15356939  3.31936398]
                [ 0.          0.68448746  0.         -0.75581688  0.        ],
  "funcao_objetivo": 0.96724127509601293466094244426859516443737688593890,
  "confiabilidade_total": 0.99007460842934634494198324266381972029858174853350
}
 
Individuo 15:
{
  "Posicao": [7. 5. 3. 1. 0.]
             [1. 1. 1. 3. 1.],
  "Velocidade": [ 0.09345595 -0.98034668 -4.72249847  0.08490908 -5.71749384]
                [-1.21983249 -1.11526186 -1.95344487  1.73780399  0.        ],
  "funcao_objetivo": 0.92415680692865458802249076719967594972801618158775,
  "confiabilidade_total": 0.97082347359532132620602393680350976201695613443809
}
 
Individuo 16:
{
  "Posicao": [8. 5. 9. 0. 0.]
             [2. 2. 1. 1. 1.],
  "Velocidade": [1.0624199  0.         7.15347775 0.38712064 0.4005243 ]
                [0.21995132 0.77767434 0.         0.44710727 0.        ],
  "funcao_objetivo": 0.99008847019864264046721688392217948304308890938881,
  "confiabilidade_total": 0.99008847019864264046721688392217948304308890938881
}
 
Individuo 17:
{
  "Posicao": [7. 5. 7. 0. 1.]
             [2. 2. 1. 1. 1.],
  "Velocidade": [ 1.45102759 -0.92865676  3.85532678 -3.65968056 -1.30871672]
                [-0.90808399 -0.33768885  0.05980168  0.39696106  0.        ],
  "funcao_objetivo": 0.99085053621562377070843600171457573010856388217183,
  "confiabilidade_total": 0.99085053621562377070843600171457573010856388217183
}
 
Individuo 18:
{
  "Posicao": [7. 4. 5. 9. 1.]
             [2. 1. 1. 2. 1.],
  "Velocidade": [ 3.28642778 -3.39659787  4.152395    3.56475482 -5.32506483]
                [-1.41987679 -0.55246418  0.          0.55246418  0.        ],
  "funcao_objetivo": 0.92832735096753300145699649317068776053413150367689,
  "confiabilidade_total": 0.98609401763419956665945575349044390076808033046674
}
 
Individuo 19:
{
  "Posicao": [8. 4. 0. 6. 2.]
             [2. 1. 1. 3. 1.],
  "Velocidade": [  2.14290393  -1.31634521 -11.4988745    0.6939502    1.78538702]
                [ 0.         -1.70820531  0.          1.55743977  0.        ],
  "funcao_objetivo": 0.65922412485396919135969179195509047834014245957644,
  "confiabilidade_total": 0.99347412485396909271637605400993186170046874970705
}
 
Individuo 20:
{
  "Posicao": [9. 5. 9. 1. 3.]
             [2. 2. 1. 3. 1.],
  "Velocidade": [2.15504884 0.         4.1274372  0.58783803 3.00947884]
                [-0.04813199  0.80553724  0.          0.85366923  0.        ],
  "funcao_objetivo": 0.34744997179104048817954091622564437127723527479161,
  "confiabilidade_total": 0.99248330512437389111645640672545841223611665296543
}
 
Individuo 21:
{
  "Posicao": [0. 5. 0. 4. 0.]
             [2. 1. 1. 1. 1.],
  "Velocidade": [-14.9549971    3.99874693 -13.3340355   -4.20878872 -10.97672529]
                [ 0.         -2.00671127  0.         -4.06171772  0.        ],
  "funcao_objetivo": 0.97004775241437214248675710077307602256057660656230,
  "confiabilidade_total": 0.97004775241437214248675710077307602256057660656230
}
 
Individuo 22:
{
  "Posicao": [8. 5. 8. 2. 2.]
             [2. 2. 2. 2. 1.],
  "Velocidade": [-0.85727878 -0.39488882 -0.51390618  0.85366342 -1.21435197]
                [-0.39488882  0.20204439  0.33372399  0.59693321  0.        ],
  "funcao_objetivo": 0.67360922938377088179208067037883481616372225479076,
  "confiabilidade_total": 0.99825922938377084817452748472909477213615534500072
}
 
Individuo 23:
{
  "Posicao": [6. 8. 7. 4. 8.]
             [3. 2. 3. 2. 1.],
  "Velocidade": [ 0.10695343 -0.52833408  3.76247896  3.64257474  8.06271273]
                [-0.09731678  0.64446257  3.91235362  0.9982828   0.        ],
  "funcao_objetivo": -0.11304511844469867143767760197090449043588918490112,
  "confiabilidade_total": 0.99913821488863485220268512577592862538022714810670
}
 
Individuo 24:
{
  "Posicao": [8. 5. 8. 9. 2.]
             [3. 1. 1. 1. 1.],
  "Velocidade": [ 0.36323512  0.         -1.03794452 13.83658833  2.02976021]
                [ 0.91317794  0.00312328  0.         -2.33154375  0.        ],
  "funcao_objetivo": 0.96358892173182734915985136898498642724156845528754,
  "confiabilidade_total": 0.96358892173182734915985136898498642724156845528754
}
 
Individuo 25:
{
  "Posicao": [4. 4. 7. 2. 0.]
             [3. 3. 1. 2. 1.],
  "Velocidade": [-1.55041899 -1.20848368 -0.05241425  0.80320719 -7.54238238]
                [1.20848368 0.80320719 0.         0.80320719 0.        ],
  "funcao_objetivo": -0.19569445397808434368159254684777873088483521462798,
  "confiabilidade_total": 0.99917221268858267739786952749219314674969008444428
}
 
Individuo 26:
{
  "Posicao": [6. 2. 9. 1. 1.]
             [1. 1. 1. 2. 1.],
  "Velocidade": [-0.69683943 -1.95407839  3.47322083 -1.29227422  0.87349219]
                [-1.09506219 -1.05221621  0.          1.02346453  0.        ],
  "funcao_objetivo": 0.96287712198789823397278072279308281381734533260830,
  "confiabilidade_total": 0.96287712198789823397278072279308281381734533260830
}
 
Individuo 27:
{
  "Posicao": [7. 7. 5. 0. 1.]
             [3. 1. 1. 2. 1.],
  "Velocidade": [-0.97628916 -0.08259785 -1.2566623  -1.37785621  0.51198791]
                [ 2.44568868 -1.15657472  0.          1.15657472  0.32868079],
  "funcao_objetivo": 0.74389527916701131834336597709703167461864844989564,
  "confiabilidade_total": 0.99337861250034463919039102681277111665420428943422
}
 
Individuo 28:
{
  "Posicao": [7. 5. 7. 0. 1.]
             [3. 2. 1. 2. 1.],
  "Velocidade": [-2.28856058  0.         -0.46885398 -2.36557598 -0.81068277]
                [ 0.65636152  0.85413381  0.         -0.05275273  0.        ],
  "funcao_objetivo": 0.52280563010491983207915386629475773154175703174955,
  "confiabilidade_total": 0.99813896343825307874107641055753714247024480945951
}
 
Individuo 29:
{
  "Posicao": [7. 7. 9. 0. 0.]
             [3. 3. 1. 3. 1.],
  "Velocidade": [ 1.92561667  1.27283434  6.65626345  0.40881274 -2.96671693]
                [1.27802144 1.68683418 0.         1.9457904  0.        ],
  "funcao_objetivo": -0.25035636709358158198964058982808515608288481049292,
  "confiabilidade_total": 0.99892696623975160822854338249173573970816896147974
}
 
Individuo 30:
{
  "Posicao": [2. 5. 3. 9. 9.]
             [3. 2. 3. 3. 1.],
  "Velocidade": [-2.59324934  0.         -1.45116506 10.49009203  9.52484753]
                [1.57623788 0.24848553 4.20343717 2.35020411 0.        ],
  "funcao_objetivo": -0.54329096154351762134551409885453122229720522281222,
  "confiabilidade_total": 0.99977570512314885412594475369851042954777310970731
}
 
Individuo 31:
{
  "Posicao": [7. 5. 7. 6. 7.]
             [3. 1. 1. 2. 1.],
  "Velocidade": [ 6.77650828 -2.82058631 -0.76664478 -2.93596925 -2.48497353]
                [-0.32238435  0.11331945  0.         -1.320331    0.        ],
  "funcao_objetivo": 0.85078914638390755826791014463714975870896619504585,
  "confiabilidade_total": 0.98928914638390763964725784966112417176116746610298
}
 
Individuo 32:
{
  "Posicao": [9. 5. 7. 1. 1.]
             [3. 2. 2. 1. 1.],
  "Velocidade": [1.3577876  0.         0.05675587 1.44990771 0.78936844]
                [0.71640963 0.56680098 0.71640963 0.31904945 0.        ],
  "funcao_objetivo": 0.42094765588163576865480632347779386030124060360782,
  "confiabilidade_total": 0.99589765588163564648586469372556815208481184689395
}
 
Individuo 33:
{
  "Posicao": [8. 6. 9. 2. 4.]
             [3. 3. 1. 1. 1.],
  "Velocidade": [1.99191317 0.47133436 1.28433049 1.89536045 4.0967201 ]
                [-0.47133436 -0.0668267   0.          0.37009162  0.        ],
  "funcao_objetivo": 0.40749127550069171142170443411921797307153370476709,
  "confiabilidade_total": 0.99804127550069161976169152106629399569650318718896
}
 
Individuo 34:
{
  "Posicao": [6. 5. 4. 3. 1.]
             [2. 2. 1. 1. 1.],
  "Velocidade": [ 3.84041754  4.14407463  0.41558131 -5.60071521 -3.89881901]
                [ 1.32222738 -0.05130472  0.          0.05130472  0.        ],
  "funcao_objetivo": 0.87755441294633189086733789231261762625252196012518,
  "confiabilidade_total": 0.99005441294633189364289545387550897731160113035223
}
 
Individuo 35:
{
  "Posicao": [6. 6. 6. 1. 1.]
             [2. 1. 1. 1. 1.],
  "Velocidade": [-1.28919944 -1.3887824   3.43183664  0.96273369  0.77333757]
                [ 0.         -1.74255476  0.         -1.5413553   0.        ],
  "funcao_objetivo": 0.96989810714778132849961904228487329757407039129944,
  "confiabilidade_total": 0.96989810714778132849961904228487329757407039129944
}
 
Individuo 36:
{
  "Posicao": [0. 3. 8. 3. 1.]
             [2. 2. 1. 1. 1.],
  "Velocidade": [-6.95065697 -5.6024536   2.00215723  2.09059443  0.0267169 ]
                [ 0.          0.79509427  0.         -6.66970128  0.        ],
  "funcao_objetivo": 0.82971304814412165145613658127554492242532483653166,
  "confiabilidade_total": 0.99362971481078822316172720833715549819069615916350
}
 
Individuo 37:
{
  "Posicao": [7. 5. 7. 2. 2.]
             [1. 1. 1. 1. 1.],
  "Velocidade": [-2.07475259 -3.75452534  2.75685478  2.37244429  2.21374964]
                [-0.8234459  -1.60359992  0.         -1.60359992  0.        ],
  "funcao_objetivo": 0.94262806139957313996556327803691860641388643113271,
  "confiabilidade_total": 0.94262806139957313996556327803691860641388643113271
}
 
Individuo 38:
{
  "Posicao": [9. 5. 2. 0. 2.]
             [2. 1. 1. 2. 1.],
  "Velocidade": [-0.21363528  0.         -4.12421925  0.20855919  1.54718497]
                [0.01453873 0.20855919 0.         0.22309792 0.01453873],
  "funcao_objetivo": 0.84381003505117593372697428343115454687650911423743,
  "confiabilidade_total": 0.99006003505117578606731200828533467053349725815833
}
 
Individuo 39:
{
  "Posicao": [9. 9. 7. 6. 0.]
             [1. 2. 1. 1. 1.],
  "Velocidade": [ 6.01781026  3.74369465  1.4673022   1.71303055 -7.45941768]
                [-1.60316402 -0.38180855  0.         -2.61140932  0.16410687],
  "funcao_objetivo": 0.95854768458111918921169280850462251411121578470963,
  "confiabilidade_total": 0.95854768458111918921169280850462251411121578470963
}
 
Individuo 40:
{
  "Posicao": [6. 7. 8. 1. 4.]
             [2. 1. 1. 2. 1.],
  "Velocidade": [-0.63148564  4.10361175  2.06907823  0.59605596  2.88401891]
                [-0.11765306 -3.50755579  0.          0.4851778   0.11765306],
  "funcao_objetivo": 0.91469470685562580133735058785602803501101430111197,
  "confiabilidade_total": 0.98736137352229245853011411105469222339602406673697
}
 
Individuo 41:
{
  "Posicao": [6. 5. 9. 0. 1.]
             [2. 1. 1. 3. 1.],
  "Velocidade": [ 0.16223707 -0.50623109  4.95860897 -1.4197508  -0.56985393]
                [ 0.09698955 -1.51674035  0.          1.6137299   0.09698955],
  "funcao_objetivo": 0.56373571376166565615084363382404258129965228052137,
  "confiabilidade_total": 0.99035238042833221693183969857411279929648798913954
}
 
Individuo 42:
{
  "Posicao": [8. 8. 6. 0. 1.]
             [2. 1. 1. 1. 1.],
  "Velocidade": [ 1.7947886   6.12169814  0.22123171 -2.47502985  0.90752446]
                [ 0.91679041 -1.63817587  0.         -0.77381257 -1.83358082],
  "funcao_objetivo": 0.97161545112040234096154297824016176227956358599533,
  "confiabilidade_total": 0.97161545112040234096154297824016176227956358599533
}
 
Individuo 43:
{
  "Posicao": [7. 0. 3. 9. 0.]
             [1. 1. 1. 1. 1.],
  "Velocidade": [ -1.5569904   -2.1479731    1.50471873  11.79412681 -11.72891007]
                [-1.34347043 -1.55432583  0.          0.2108554   0.        ],
  "funcao_objetivo": 0.94965613017234608473325491864550039323576944058331,
  "confiabilidade_total": 0.94965613017234608473325491864550039323576944058331
}
 
Individuo 44:
{
  "Posicao": [7. 4. 6. 1. 0.]
             [1. 3. 1. 1. 2.],
  "Velocidade": [-1.8790364   0.22081486 -0.02078897 -0.24472838 -2.26509898]
                [-2.97950392  1.73940321  0.         -4.5355022  -0.33105103],
  "funcao_objetivo": 0.43978163618491154322294854792742456965952531779522,
  "confiabilidade_total": 0.96994830285157821817928046512859340482264177287334
}
 
Individuo 45:
{
  "Posicao": [1. 8. 9. 0. 1.]
             [1. 1. 1. 1. 1.],
  "Velocidade": [-0.80421349 -1.17416615  7.85075411 -2.79470364 -3.99804414]
                [-1.36981147 -0.95641456  0.         -3.37295366  0.        ],
  "funcao_objetivo": 0.95243535353275266950492450846789930787471429648281,
  "confiabilidade_total": 0.95243535353275266950492450846789930787471429648281
}
 
Individuo 46:
{
  "Posicao": [6. 5. 5. 0. 4.]
             [3. 3. 1. 1. 2.],
  "Velocidade": [-0.93866643  0.         -1.94667679 -4.99484833  0.03274079]
                [0.67046866 0.73844391 0.         0.06797525 0.67046866],
  "funcao_objetivo": 0.21694150628923752331644307790300771332501592521976,
  "confiabilidade_total": 0.99859150628923747926279346077679618931531133537601
}
 
Individuo 47:
{
  "Posicao": [7. 6. 1. 0. 5.]
             [1. 1. 1. 1. 1.],
  "Velocidade": [  0.21792229   3.36049731  -6.83447759 -11.27147198   2.52519032]
                [-2.96527646 -3.88183335  0.          0.05720244  0.        ],
  "funcao_objetivo": 0.95469130120022248934295783976302035151714903526352,
  "confiabilidade_total": 0.95469130120022248934295783976302035151714903526352
}
 
Individuo 48:
{
  "Posicao": [7. 9. 2. 9. 2.]
             [2. 3. 1. 3. 1.],
  "Velocidade": [-1.45765694  0.10889994 -0.95129029  6.58742239  2.40215921]
                [ 0.69555624 -0.07168311  0.          0.94982385  0.        ],
  "funcao_objetivo": -0.093416636870761423802647210439914269293485251782898,
  "confiabilidade_total": 0.99575002979590530355621146906864327386504593718195
}
 
Individuo 49:
{
  "Posicao": [8. 7. 9. 3. 4.]
             [2. 1. 1. 2. 1.],
  "Velocidade": [ 0.14432948  1.39784574  2.02759949 -1.33697733 -0.78853052]
                [-0.05830959  0.10319341  0.          0.04488382  0.05830959],
  "funcao_objetivo": 0.90368747722593331290175573735176824527105792444009,
  "confiabilidade_total": 0.98510414389259982521041454696750390837213500421304
}
 
Individuo 50:
{
  "Posicao": [9. 3. 9. 3. 1.]
             [3. 2. 1. 3. 1.],
  "Velocidade": [ 1.72742948  0.54881324  4.93220708  2.97605657 -1.41087495]
                [ 2.60265927  0.70640135  0.         -0.17353207  0.        ],
  "funcao_objetivo": -0.14741396020946051691065023906641545969578286341224,
  "confiabilidade_total": 0.99810270645720594408350037237458490502503851720300
}
 
-----------------------------------------
Populacao final da era:
Individuo 1:
{
  "Posicao": [9. 5. 9. 1. 5.]
             [2. 2. 1. 3. 1.],
  "Velocidade": [1.73702135 0.         1.32453277 0.91787737 4.7399734 ]
                [0.         0.71495782 0.         1.92043488 0.        ],
  "funcao_objetivo": 0.42589471488775360940848238885744510794356543477221,
  "confiabilidade_total": 0.99239471488775366847234729891577305848077017720385
}
 
Individuo 2:
{
  "Posicao": [5. 5. 2. 1. 0.]
             [2. 2. 1. 1. 1.],
  "Velocidade": [-0.05856533 -0.04545667 -1.44264804 -0.04018621 -5.27520256]
                [ 0.          0.59292588  0.         -0.59292588  0.        ],
  "funcao_objetivo": 0.99146879049244419923473163799774749969988489765393,
  "confiabilidade_total": 0.99163545715911083274635130976802384049411058667766
}
 
Individuo 3:
{
  "Posicao": [8. 5. 6. 0. 2.]
             [2. 3. 1. 2. 1.],
  "Velocidade": [ 0.74926855  0.         -1.51262733 -1.67389993  1.331549  ]
                [ 0.          1.59395904  0.         -0.73784771  0.        ],
  "funcao_objetivo": 0.57196204404099182583929791114640650375508329219698,
  "confiabilidade_total": 0.99439537737432500053656399920653896442376634425997
}
 
Individuo 4:
{
  "Posicao": [9. 8. 9. 3. 9.]
             [3. 1. 1. 3. 1.],
  "Velocidade": [ 1.63924629 -0.50826974 -0.33219911  2.37617292  9.16806643]
                [ 2.88912765 -2.49995852 -0.69887207  3.07064736  0.        ],
  "funcao_objetivo": 0.16714798788281666923525133114630736790063090844060,
  "confiabilidade_total": 0.99188132121614965446185603667722463987233348412420
}
 
Individuo 5:
{
  "Posicao": [6. 2. 9. 0. 1.]
             [2. 1. 1. 2. 1.],
  "Velocidade": [-2.36351193 -5.6450325   2.17240661 -3.1668349   1.14154998]
                [ 0.         -2.45104972  0.          0.54273835  0.        ],
  "funcao_objetivo": 0.82456472613682328010703553388246822466903222639092,
  "confiabilidade_total": 0.98973139280348988067842480119814885144882691938408
}
 
Individuo 6:
{
  "Posicao": [0. 0. 7. 0. 0.]
             [2. 1. 1. 3. 1.],
  "Velocidade": [-11.53383311 -15.28141768  -2.12858517  -4.8956187  -14.94578474]
                [ 1.48608022 -2.72214284 -1.38082329  3.08193589  0.        ],
  "funcao_objetivo": 0.41933516669699241392077332709300115490535819120278,
  "confiabilidade_total": 0.99576850003032593356433316618927072519640051908363
}
 
Individuo 7:
{
  "Posicao": [7. 4. 4. 0. 2.]
             [1. 1. 2. 1. 1.],
  "Velocidade": [-1.98360908 -1.22009897 -2.48805235 -2.16885509  1.63442194]
                [-0.83821011 -1.18501072  0.83821011  0.34680061  0.        ],
  "funcao_objetivo": 0.90604435962427026080550645503107648542971812058129,
  "confiabilidade_total": 0.97604435962427030910020802622538599385769568253197
}
 
Individuo 8:
{
  "Posicao": [9. 0. 9. 0. 4.]
             [2. 2. 1. 1. 1.],
  "Velocidade": [  1.24716707  -6.93874605   6.19807693 -13.35549768   1.98892353]
                [ 0.         -0.48461665 -3.14519066 -2.49459215  0.        ],
  "funcao_objetivo": 0.66895129226419254228663846184914751394389159218994,
  "confiabilidade_total": 0.99126795893085923802634540003324678583739287392822
}
 
Individuo 9:
{
  "Posicao": [5. 5. 6. 0. 8.]
             [3. 1. 1. 3. 1.],
  "Velocidade": [-3.84369349  0.         -2.92367688 -2.25606283  7.95227608]
                [ 1.87323071 -1.20797121  0.          2.81991734  0.        ],
  "funcao_objetivo": 0.55482841749977989154509831432511208607279394625675,
  "confiabilidade_total": 0.99381175083311322804626801125555874808155630587589
}
 
Individuo 10:
{
  "Posicao": [9. 7. 8. 1. 0.]
             [2. 2. 2. 2. 2.],
  "Velocidade": [ 3.19144884  1.58087732 -1.10643762  0.76100731  0.12093658]
                [ 0.43836153  0.53268479 -0.74374362 -0.39168865 -0.74374362],
  "funcao_objetivo": 0.036411187676997016378177384683857051237320677490484,
  "confiabilidade_total": 0.99837785434366381949865526461309691290447689697291
}
 
Individuo 11:
{
  "Posicao": [8. 1. 2. 6. 9.]
             [1. 1. 1. 3. 1.],
  "Velocidade": [0.3150103  0.58348502 1.9728996  1.67634504 4.87128387]
                [-1.02598055 -1.81418062  0.          1.81418062  0.        ],
  "funcao_objetivo": 0.85654000392874719378934996396797184464857214280001,
  "confiabilidade_total": 0.97220667059541381978484649519973724712953203507296
}
 
Individuo 12:
{
  "Posicao": [9. 5. 9. 6. 0.]
             [2. 3. 1. 2. 1.],
  "Velocidade": [ 3.2989153   0.          2.4922017   6.08246691 -4.89305874]
                [ 0.62599918  0.92189344  0.         -0.29589426  0.        ],
  "funcao_objetivo": 0.41044642499932897213990153325232605576761059000290,
  "confiabilidade_total": 0.99302975833266198099205220280657450795419506265915
}
 
Individuo 13:
{
  "Posicao": [7. 9. 7. 9. 5.]
             [2. 1. 1. 2. 1.],
  "Velocidade": [ 6.80187498  0.69013489  7.0075302  -0.34827131 -4.06902894]
                [ 1.47604149 -2.95605863  0.         -1.01349831  0.        ],
  "funcao_objetivo": 0.90099729640346563713831771851926974917618047858520,
  "confiabilidade_total": 0.98299729640346566833558471048616853508023035193725
}
 
Individuo 14:
{
  "Posicao": [8. 6. 5. 0. 3.]
             [2. 2. 1. 2. 1.],
  "Velocidade": [ 1.49536994 -0.26639151 -1.74993065 -1.55254249 -0.12843427]
                [0.         0.4985548  0.         0.56571003 0.        ],
  "funcao_objetivo": 0.71216048944571174003929075564303738803319821772492,
  "confiabilidade_total": 0.99349382277904514746150726562848385230355153498566
}
 
Individuo 15:
{
  "Posicao": [9. 8. 3. 3. 1.]
             [2. 2. 3. 1. 1.],
  "Velocidade": [ 2.18180527  3.26465976 -0.01304707  2.11239486  1.13390656]
                [ 1.08708437  0.9886332   2.34850714 -2.67425614  0.        ],
  "funcao_objetivo": 0.30583029744524126347883813733849222915363586555750,
  "confiabilidade_total": 0.99433029744524134763374340392535799326491630684168
}
 
Individuo 16:
{
  "Posicao": [8. 5. 9. 0. 2.]
             [2. 3. 1. 1. 1.],
  "Velocidade": [-0.48175323  0.          3.77085635  0.3644664   1.85908615]
                [0.2070798  0.73216495 0.         0.42094262 0.        ],
  "funcao_objetivo": 0.85981889778790171534075764248063448860767122252607,
  "confiabilidade_total": 0.99301889778790146276224398269595865088040765269422
}
 
Individuo 17:
{
  "Posicao": [8. 4. 9. 3. 0.]
             [1. 2. 1. 1. 1.],
  "Velocidade": [ 1.36611367 -0.8743119   3.62971363  3.4455166  -1.23213081]
                [-0.85494305 -0.31792735  0.0563021   0.37373096  0.        ],
  "funcao_objetivo": 0.93588868927520128055050665326155306803428807342991,
  "confiabilidade_total": 0.96013868927520113208593268526249469988414325798496
}
 
Individuo 18:
{
  "Posicao": [6. 0. 6. 7. 2.]
             [1. 2. 1. 3. 1.],
  "Velocidade": [-1.09150305 -8.76361117  1.1490532  -2.35994635  0.56736992]
                [-2.731989    0.50510301  0.          0.50510301  0.        ],
  "funcao_objetivo": 0.64624433959522929378199750488043689513123203375510,
  "confiabilidade_total": 0.97061100626189573599117453966378859588420559027365
}
 
Individuo 19:
{
  "Posicao": [9. 0. 4. 7. 7.]
             [2. 2. 1. 1. 1.],
  "Velocidade": [ 2.99091465 -6.18483844  3.73746059  0.53565055  4.64037579]
                [ 0.          0.59559832  0.         -4.53109993  0.        ],
  "funcao_objetivo": 0.79763273747302349087760225576289423802049420801707,
  "confiabilidade_total": 0.99124940413969023329108514918857446932347081629344
}
 
Individuo 20:
{
  "Posicao": [7. 5. 9. 0. 3.]
             [2. 2. 1. 2. 1.],
  "Velocidade": [-1.55903217  0.          0.29793231 -0.76080883  0.20487126]
                [-0.04531531  0.27866005  0.         -1.34504342  0.        ],
  "funcao_objetivo": 0.71316512181872510890684611536437721901746033457495,
  "confiabilidade_total": 0.99323178848539196141004413062057999872775315073706
}
 
Individuo 21:
{
  "Posicao": [8. 0. 6. 7. 6.]
             [2. 2. 1. 3. 1.],
  "Velocidade": [ 7.57832921 -4.88294942  6.05222604  3.13197685  5.72787526]
                [0.         0.96049259 0.         3.8240266  0.        ],
  "funcao_objetivo": 0.44413959137548090173395842565414466958279331854380,
  "confiabilidade_total": 0.99418959137548116268077813355093793075318058661021
}
 
Individuo 22:
{
  "Posicao": [7. 5. 7. 1. 0.]
             [2. 2. 1. 2. 1.],
  "Velocidade": [-1.31927521 -0.37177998 -0.99599673 -0.59559661 -2.03042779]
                [-0.37177998 -0.18475447 -0.572945    0.04983651  0.        ],
  "funcao_objetivo": 0.81651695447786381406512955212668214295419023487869,
  "confiabilidade_total": 0.99385028781119735116139533833041252870472238514725
}
 
Individuo 23:
{
  "Posicao": [9. 0. 9. 0. 0.]
             [1. 1. 1. 1. 1.],
  "Velocidade": [  3.76918312 -11.50288182   3.54229925 -11.24454255 -13.77399891]
                [-3.76011041 -1.5505199  -3.65357391 -0.57135653  0.        ],
  "funcao_objetivo": 0.94989451261510848480935346168304711441510451815773,
  "confiabilidade_total": 0.94989451261510848480935346168304711441510451815773
}
 
Individuo 24:
{
  "Posicao": [7. 5. 6. 0. 5.]
             [2. 2. 1. 3. 1.],
  "Velocidade": [-1.14031745  0.         -2.45950026 -9.96136482  2.57258799]
                [-0.6225572   1.48523661  0.          2.19510216  0.        ],
  "funcao_objetivo": 0.50332164194188146579426023288353889952623848707730,
  "confiabilidade_total": 0.99408830860854809465413216764820817630016808302457
}
 
Individuo 25:
{
  "Posicao": [9. 6. 7. 0. 4.]
             [1. 1. 1. 1. 1.],
  "Velocidade": [ 5.89169878  1.77693748 -0.04934697 -3.68048298  4.18630241]
                [-1.77693748 -2.15849726  0.         -2.15849726  0.        ],
  "funcao_objetivo": 0.94403329956598744868958671720376765571481411598966,
  "confiabilidade_total": 0.94403329956598744868958671720376765571481411598966
}
 
Individuo 26:
{
  "Posicao": [8. 2. 8. 5. 0.]
             [1. 3. 1. 1. 1.],
  "Velocidade": [ 2.16583998  0.22361936 -0.77324347  3.96439404 -0.77821345]
                [ 0.19033215  3.4318488   0.         -1.85832893  0.        ],
  "funcao_objetivo": 0.86224299195102536851491146022846255304865657902982,
  "confiabilidade_total": 0.96515965861769198318613314028363124320857345677640
}
 
Individuo 27:
{
  "Posicao": [5. 6. 4. 1. 1.]
             [3. 1. 1. 2. 1.],
  "Velocidade": [-1.62517069 -1.24745285 -0.71944782  0.59121044  0.48202646]
                [-0.04731153  0.15104092  0.          0.15104092  0.30944644],
  "funcao_objetivo": 0.79166227606228806467040044030187718248075763452010,
  "confiabilidade_total": 0.99306227606228801525992472935928535092703024613814
}
 
Individuo 28:
{
  "Posicao": [5. 5. 9. 2. 4.]
             [1. 1. 1. 2. 1.],
  "Velocidade": [-2.15463436  0.          1.66489961  2.22714282  3.4493909 ]
                [-1.79020353 -1.30216629  0.         -0.3515042   0.        ],
  "funcao_objetivo": 0.96047272237683611073858123250075385446454057336671,
  "confiabilidade_total": 0.96047272237683611073858123250075385446454057336671
}
 
Individuo 29:
{
  "Posicao": [9. 6. 9. 0. 0.]
             [3. 2. 1. 3. 1.],
  "Velocidade": [ 1.81292987 -1.21297444  3.8554172   0.38488908  0.36956328]
                [-0.00242954 -0.59604397  0.         -0.39910384  0.        ],
  "funcao_objetivo": -0.22827835511124849688703767030838804614141248534094,
  "confiabilidade_total": 0.99812164488875188183224048982501102316782213379969
}
 
Individuo 30:
{
  "Posicao": [7. 5. 8. 6. 6.]
             [3. 2. 2. 3. 1.],
  "Velocidade": [ 5.01672848  0.          4.70501191 -2.60648279 -2.65166512]
                [-0.09703043 -0.28944584 -1.18352017 -0.03787194  0.        ],
  "funcao_objetivo": 0.076752948042404898759665035458806874776629982106733,
  "confiabilidade_total": 0.99953628137573824307680482575035558136775928508525
}
 
Individuo 31:
{
  "Posicao": [9. 3. 6. 0. 2.]
             [2. 2. 1. 1. 1.],
  "Velocidade": [ 5.76563441 -2.34836921 -0.72178085 -5.75477342 -5.3301699 ]
                [-1.16030418  0.80989532  0.         -1.94627274  0.        ],
  "funcao_objetivo": 0.78935650101288082447272963567103901961408010829141,
  "confiabilidade_total": 0.99052316767954737375181516530448747882209173548868
}
 
Individuo 32:
{
  "Posicao": [8. 5. 7. 1. 1.]
             [2. 2. 1. 1. 1.],
  "Velocidade": [-0.74594366  0.          0.05343453 -0.0460123  -0.0546948 ]
                [-0.73658618 -0.26423764 -0.73658618  0.30037873  0.        ],
  "funcao_objetivo": 0.98989932522762822362138107134599484117730755395063,
  "confiabilidade_total": 0.98989932522762822362138107134599484117730755395063
}
 
Individuo 33:
{
  "Posicao": [7. 4. 5. 1. 7.]
             [1. 1. 1. 3. 1.],
  "Velocidade": [-0.61053308 -2.04212784 -3.76258792 -1.14048424  2.53983458]
                [-2.92963174 -4.5956269   0.          2.39526501  0.        ],
  "funcao_objetivo": 0.95749302735652735286004384565903795808638145459034,
  "confiabilidade_total": 0.96649302735652745626344080168455524179237594139912
}
 
Individuo 34:
{
  "Posicao": [9. 9. 9. 0. 0.]
             [3. 2. 1. 1. 1.],
  "Velocidade": [ 4.94666003  3.78460676  4.73508274 -9.44134751 -3.55370346]
                [ 1.21561152 -0.04830237  0.          0.04830237  0.        ],
  "funcao_objetivo": 0.34625654718403097363780868103561077518189595096336,
  "confiabilidade_total": 0.99418988051736433474152060365952637297833607547508
}
 
Individuo 35:
{
  "Posicao": [6. 3. 9. 0. 3.]
             [2. 2. 1. 1. 1.],
  "Velocidade": [ 0.41227592 -2.93354266  4.85703767 -0.71963695  1.90174301]
                [0.         1.18821016 0.         0.27749438 0.        ],
  "funcao_objetivo": 0.78126430007963364578525298035064049213631377801633,
  "confiabilidade_total": 0.99101430007963355452492035616277286931379066095090
}
 
Individuo 36:
{
  "Posicao": [1. 4. 8. 4. 3.]
             [2. 2. 1. 3. 1.],
  "Velocidade": [1.23237203 1.35902155 0.03879002 0.84147616 2.23106684]
                [0.         0.01326101 0.         6.27939135 0.        ],
  "funcao_objetivo": 0.14867999113376589835271463956242833150605566398443,
  "confiabilidade_total": 0.99631332446709913706544032750908691300134069816412
}
 
Individuo 37:
{
  "Posicao": [6. 4. 9. 2. 4.]
             [2. 2. 1. 3. 1.],
  "Velocidade": [-0.68791716 -1.00396864  2.59552405 -0.48418711  1.9907244 ]
                [0.58364019 1.11456188 0.         1.50975749 0.        ],
  "funcao_objetivo": 0.21347813966265828426564541964972842670833176024065,
  "confiabilidade_total": 0.99376147299599127997275547764212344027911728270159
}
 
Individuo 38:
{
  "Posicao": [7. 5. 2. 0. 3.]
             [2. 2. 1. 2. 1.],
  "Velocidade": [-1.79141655  0.          0.18425523  0.19635434  0.57008451]
                [ 0.01368792  0.90007809  0.         -0.49368148  0.01368792],
  "funcao_objetivo": 0.76189687067398468995059181109908268860403794187135,
  "confiabilidade_total": 0.99496353734065137580931383011928875072721737760133
}
 
Individuo 39:
{
  "Posicao": [9. 9. 8. 2. 6.]
             [2. 2. 1. 3. 1.],
  "Velocidade": [ 3.76478313 -0.27711735  1.3814359  -4.08981307  6.07246079]
                [ 0.55891421 -0.35946517  0.          2.45859004  0.15450336],
  "funcao_objetivo": 0.26882857969352691057186277176985666652430224879490,
  "confiabilidade_total": 0.99257857969352691501275487027048282821882892115818
}
 
Individuo 40:
{
  "Posicao": [8. 7. 8. 0. 2.]
             [2. 3. 1. 1. 1.],
  "Velocidade": [ 1.51195064 -0.34949467 -0.15848576 -1.54530698 -1.94333561]
                [-0.11076802  2.02624398  0.         -0.8192649   0.11076802],
  "funcao_objetivo": 0.81503010154341622761006935035411960671325830440278,
  "confiabilidade_total": 0.99331343487674941027873675522287602762361673335786
}
 
Individuo 41:
{
  "Posicao": [9. 5. 9. 1. 0.]
             [2. 1. 1. 1. 1.],
  "Velocidade": [ 4.32100936 -0.47660653  0.95128297  1.3366672  -0.53650617]
                [ 0.09131373  0.33930376  0.         -2.19785428  0.09131373],
  "funcao_objetivo": 0.96844115548495950209764792407512239792900719693143,
  "confiabilidade_total": 0.96844115548495950209764792407512239792900719693143
}
 
Individuo 42:
{
  "Posicao": [8. 0. 9. 0. 2.]
             [3. 1. 1. 3. 3.],
  "Velocidade": [ 0.17461583 -7.92389153  6.29438866  0.04471078  0.85441627]
                [0.86313997 0.02716805 0.         1.55695152 1.72627995],
  "funcao_objetivo": -0.27058759446843604532422613999788554081036317659845,
  "confiabilidade_total": 0.99874573886489737919542494921497164598391782926093
}
 
Individuo 43:
{
  "Posicao": [9. 5. 6. 4. 9.]
             [1. 1. 1. 1. 1.],
  "Velocidade": [ 1.60776825  5.42598866  2.76480727 -5.37658038  9.55288347]
                [0.2248018  0.02628563 0.         0.19851617 0.        ],
  "funcao_objetivo": 0.93444399991394902678171402868095728611171710077268,
  "confiabilidade_total": 0.93444399991394902678171402868095728611171710077268
}
 
Individuo 44:
{
  "Posicao": [5. 5. 7. 0. 1.]
             [3. 2. 1. 3. 1.],
  "Velocidade": [-1.7494169   1.00467621  0.80669885 -1.05667817  1.29644519]
                [ 1.97887254 -0.79168378  0.          4.27008529 -1.13794922],
  "funcao_objetivo": 0.31452730334690953822028585039149257550058796691695,
  "confiabilidade_total": 0.99847730334690954061836758358183070281563236999312
}
 
Individuo 45:
{
  "Posicao": [9. 2. 9. 3. 0.]
             [1. 2. 1. 3. 1.],
  "Velocidade": [ 8.50759562 -5.73782745  4.30308027  2.631158   -3.76407919]
                [0.25447414 0.64367911 0.         3.17556891 0.        ],
  "funcao_objetivo": 0.48979322836989662018803100621581672318306568979009,
  "confiabilidade_total": 0.96422656170322993821508957338365855254259709237798
}
 
Individuo 46:
{
  "Posicao": [7. 5. 7. 1. 2.]
             [2. 2. 1. 1. 1.],
  "Velocidade": [ 0.87050548  0.          1.67572502  1.05643222 -1.58578072]
                [-1.12300835 -1.059011    0.          0.06399735 -1.12300835],
  "funcao_objetivo": 0.99020075927322675198720382509773202598463172933903,
  "confiabilidade_total": 0.99020075927322675198720382509773202598463172933903
}
 
Individuo 47:
{
  "Posicao": [7. 5. 1. 9. 8.]
             [2. 3. 1. 1. 1.],
  "Velocidade": [ 0.20516951 -0.73962236  0.37660534 10.61186713  3.37321399]
                [1.10290544 3.07313575 0.         0.05385496 0.        ],
  "funcao_objetivo": 0.89949350487358066912989256379024927532429514610391,
  "confiabilidade_total": 0.99432683820691399070411369463546625133732972824197
}
 
Individuo 48:
{
  "Posicao": [7. 3. 9. 2. 6.]
             [3. 1. 1. 2. 1.],
  "Velocidade": [-0.23230758 -5.9498357   7.80988011 -7.41588896  4.16863699]
                [ 0.65485239 -2.72062643  0.         -0.99189362  0.        ],
  "funcao_objetivo": 0.69754134377673910319168997110409762927513496437995,
  "confiabilidade_total": 0.99135801044340585688503879472136831128220932045905
}
 
Individuo 49:
{
  "Posicao": [9. 8. 7. 4. 8.]
             [2. 1. 1. 2. 1.],
  "Velocidade": [ 1.38108407  0.84985822 -1.51382838  0.99857094  4.47150999]
                [-0.05489732  0.33024744  0.         -0.19083567  0.05489732],
  "funcao_objetivo": 0.86869094608473936732028817146551816594945779647521,
  "confiabilidade_total": 0.98427427941807255119909867317569521592157474364929
}
 
Individuo 50:
{
  "Posicao": [7. 7. 6. 7. 4.]
             [1. 1. 1. 1. 1.],
  "Velocidade": [-2.18442465  4.32746198 -3.16730885  4.08595807  2.67180793]
                [-2.45511959 -1.33499649  0.         -5.97420155  0.        ],
  "funcao_objetivo": 0.93546158705052189023306987651115960213789107953751,
  "confiabilidade_total": 0.93546158705052189023306987651115960213789107953751
}
 
-----------------------------------------
-----------------------------------------
-----------------------------------------
-----------------------------------------
GERACAO 8
Populacao antes da execucao:
Individuo 1:
{
  "Posicao": [9. 5. 9. 1. 5.]
             [2. 2. 1. 3. 1.],
  "Velocidade": [1.73702135 0.         1.32453277 0.91787737 4.7399734 ]
                [0.         0.71495782 0.         1.92043488 0.        ],
  "funcao_objetivo": 0.42589471488775360940848238885744510794356543477221,
  "confiabilidade_total": 0.99239471488775366847234729891577305848077017720385
}
 
Individuo 2:
{
  "Posicao": [5. 5. 2. 1. 0.]
             [2. 2. 1. 1. 1.],
  "Velocidade": [-0.05856533 -0.04545667 -1.44264804 -0.04018621 -5.27520256]
                [ 0.          0.59292588  0.         -0.59292588  0.        ],
  "funcao_objetivo": 0.99146879049244419923473163799774749969988489765393,
  "confiabilidade_total": 0.99163545715911083274635130976802384049411058667766
}
 
Individuo 3:
{
  "Posicao": [8. 5. 6. 0. 2.]
             [2. 3. 1. 2. 1.],
  "Velocidade": [ 0.74926855  0.         -1.51262733 -1.67389993  1.331549  ]
                [ 0.          1.59395904  0.         -0.73784771  0.        ],
  "funcao_objetivo": 0.57196204404099182583929791114640650375508329219698,
  "confiabilidade_total": 0.99439537737432500053656399920653896442376634425997
}
 
Individuo 4:
{
  "Posicao": [9. 8. 9. 3. 9.]
             [3. 1. 1. 3. 1.],
  "Velocidade": [ 1.63924629 -0.50826974 -0.33219911  2.37617292  9.16806643]
                [ 2.88912765 -2.49995852 -0.69887207  3.07064736  0.        ],
  "funcao_objetivo": 0.16714798788281666923525133114630736790063090844060,
  "confiabilidade_total": 0.99188132121614965446185603667722463987233348412420
}
 
Individuo 5:
{
  "Posicao": [6. 2. 9. 0. 1.]
             [2. 1. 1. 2. 1.],
  "Velocidade": [-2.36351193 -5.6450325   2.17240661 -3.1668349   1.14154998]
                [ 0.         -2.45104972  0.          0.54273835  0.        ],
  "funcao_objetivo": 0.82456472613682328010703553388246822466903222639092,
  "confiabilidade_total": 0.98973139280348988067842480119814885144882691938408
}
 
Individuo 6:
{
  "Posicao": [0. 0. 7. 0. 0.]
             [2. 1. 1. 3. 1.],
  "Velocidade": [-11.53383311 -15.28141768  -2.12858517  -4.8956187  -14.94578474]
                [ 1.48608022 -2.72214284 -1.38082329  3.08193589  0.        ],
  "funcao_objetivo": 0.41933516669699241392077332709300115490535819120278,
  "confiabilidade_total": 0.99576850003032593356433316618927072519640051908363
}
 
Individuo 7:
{
  "Posicao": [7. 4. 4. 0. 2.]
             [1. 1. 2. 1. 1.],
  "Velocidade": [-1.98360908 -1.22009897 -2.48805235 -2.16885509  1.63442194]
                [-0.83821011 -1.18501072  0.83821011  0.34680061  0.        ],
  "funcao_objetivo": 0.90604435962427026080550645503107648542971812058129,
  "confiabilidade_total": 0.97604435962427030910020802622538599385769568253197
}
 
Individuo 8:
{
  "Posicao": [9. 0. 9. 0. 4.]
             [2. 2. 1. 1. 1.],
  "Velocidade": [  1.24716707  -6.93874605   6.19807693 -13.35549768   1.98892353]
                [ 0.         -0.48461665 -3.14519066 -2.49459215  0.        ],
  "funcao_objetivo": 0.66895129226419254228663846184914751394389159218994,
  "confiabilidade_total": 0.99126795893085923802634540003324678583739287392822
}
 
Individuo 9:
{
  "Posicao": [5. 5. 6. 0. 8.]
             [3. 1. 1. 3. 1.],
  "Velocidade": [-3.84369349  0.         -2.92367688 -2.25606283  7.95227608]
                [ 1.87323071 -1.20797121  0.          2.81991734  0.        ],
  "funcao_objetivo": 0.55482841749977989154509831432511208607279394625675,
  "confiabilidade_total": 0.99381175083311322804626801125555874808155630587589
}
 
Individuo 10:
{
  "Posicao": [9. 7. 8. 1. 0.]
             [2. 2. 2. 2. 2.],
  "Velocidade": [ 3.19144884  1.58087732 -1.10643762  0.76100731  0.12093658]
                [ 0.43836153  0.53268479 -0.74374362 -0.39168865 -0.74374362],
  "funcao_objetivo": 0.036411187676997016378177384683857051237320677490484,
  "confiabilidade_total": 0.99837785434366381949865526461309691290447689697291
}
 
Individuo 11:
{
  "Posicao": [8. 1. 2. 6. 9.]
             [1. 1. 1. 3. 1.],
  "Velocidade": [0.3150103  0.58348502 1.9728996  1.67634504 4.87128387]
                [-1.02598055 -1.81418062  0.          1.81418062  0.        ],
  "funcao_objetivo": 0.85654000392874719378934996396797184464857214280001,
  "confiabilidade_total": 0.97220667059541381978484649519973724712953203507296
}
 
Individuo 12:
{
  "Posicao": [9. 5. 9. 6. 0.]
             [2. 3. 1. 2. 1.],
  "Velocidade": [ 3.2989153   0.          2.4922017   6.08246691 -4.89305874]
                [ 0.62599918  0.92189344  0.         -0.29589426  0.        ],
  "funcao_objetivo": 0.41044642499932897213990153325232605576761059000290,
  "confiabilidade_total": 0.99302975833266198099205220280657450795419506265915
}
 
Individuo 13:
{
  "Posicao": [7. 9. 7. 9. 5.]
             [2. 1. 1. 2. 1.],
  "Velocidade": [ 6.80187498  0.69013489  7.0075302  -0.34827131 -4.06902894]
                [ 1.47604149 -2.95605863  0.         -1.01349831  0.        ],
  "funcao_objetivo": 0.90099729640346563713831771851926974917618047858520,
  "confiabilidade_total": 0.98299729640346566833558471048616853508023035193725
}
 
Individuo 14:
{
  "Posicao": [8. 6. 5. 0. 3.]
             [2. 2. 1. 2. 1.],
  "Velocidade": [ 1.49536994 -0.26639151 -1.74993065 -1.55254249 -0.12843427]
                [0.         0.4985548  0.         0.56571003 0.        ],
  "funcao_objetivo": 0.71216048944571174003929075564303738803319821772492,
  "confiabilidade_total": 0.99349382277904514746150726562848385230355153498566
}
 
Individuo 15:
{
  "Posicao": [9. 8. 3. 3. 1.]
             [2. 2. 3. 1. 1.],
  "Velocidade": [ 2.18180527  3.26465976 -0.01304707  2.11239486  1.13390656]
                [ 1.08708437  0.9886332   2.34850714 -2.67425614  0.        ],
  "funcao_objetivo": 0.30583029744524126347883813733849222915363586555750,
  "confiabilidade_total": 0.99433029744524134763374340392535799326491630684168
}
 
Individuo 16:
{
  "Posicao": [8. 5. 9. 0. 2.]
             [2. 3. 1. 1. 1.],
  "Velocidade": [-0.48175323  0.          3.77085635  0.3644664   1.85908615]
                [0.2070798  0.73216495 0.         0.42094262 0.        ],
  "funcao_objetivo": 0.85981889778790171534075764248063448860767122252607,
  "confiabilidade_total": 0.99301889778790146276224398269595865088040765269422
}
 
Individuo 17:
{
  "Posicao": [8. 4. 9. 3. 0.]
             [1. 2. 1. 1. 1.],
  "Velocidade": [ 1.36611367 -0.8743119   3.62971363  3.4455166  -1.23213081]
                [-0.85494305 -0.31792735  0.0563021   0.37373096  0.        ],
  "funcao_objetivo": 0.93588868927520128055050665326155306803428807342991,
  "confiabilidade_total": 0.96013868927520113208593268526249469988414325798496
}
 
Individuo 18:
{
  "Posicao": [6. 0. 6. 7. 2.]
             [1. 2. 1. 3. 1.],
  "Velocidade": [-1.09150305 -8.76361117  1.1490532  -2.35994635  0.56736992]
                [-2.731989    0.50510301  0.          0.50510301  0.        ],
  "funcao_objetivo": 0.64624433959522929378199750488043689513123203375510,
  "confiabilidade_total": 0.97061100626189573599117453966378859588420559027365
}
 
Individuo 19:
{
  "Posicao": [9. 0. 4. 7. 7.]
             [2. 2. 1. 1. 1.],
  "Velocidade": [ 2.99091465 -6.18483844  3.73746059  0.53565055  4.64037579]
                [ 0.          0.59559832  0.         -4.53109993  0.        ],
  "funcao_objetivo": 0.79763273747302349087760225576289423802049420801707,
  "confiabilidade_total": 0.99124940413969023329108514918857446932347081629344
}
 
Individuo 20:
{
  "Posicao": [7. 5. 9. 0. 3.]
             [2. 2. 1. 2. 1.],
  "Velocidade": [-1.55903217  0.          0.29793231 -0.76080883  0.20487126]
                [-0.04531531  0.27866005  0.         -1.34504342  0.        ],
  "funcao_objetivo": 0.71316512181872510890684611536437721901746033457495,
  "confiabilidade_total": 0.99323178848539196141004413062057999872775315073706
}
 
Individuo 21:
{
  "Posicao": [8. 0. 6. 7. 6.]
             [2. 2. 1. 3. 1.],
  "Velocidade": [ 7.57832921 -4.88294942  6.05222604  3.13197685  5.72787526]
                [0.         0.96049259 0.         3.8240266  0.        ],
  "funcao_objetivo": 0.44413959137548090173395842565414466958279331854380,
  "confiabilidade_total": 0.99418959137548116268077813355093793075318058661021
}
 
Individuo 22:
{
  "Posicao": [7. 5. 7. 1. 0.]
             [2. 2. 1. 2. 1.],
  "Velocidade": [-1.31927521 -0.37177998 -0.99599673 -0.59559661 -2.03042779]
                [-0.37177998 -0.18475447 -0.572945    0.04983651  0.        ],
  "funcao_objetivo": 0.81651695447786381406512955212668214295419023487869,
  "confiabilidade_total": 0.99385028781119735116139533833041252870472238514725
}
 
Individuo 23:
{
  "Posicao": [9. 0. 9. 0. 0.]
             [1. 1. 1. 1. 1.],
  "Velocidade": [  3.76918312 -11.50288182   3.54229925 -11.24454255 -13.77399891]
                [-3.76011041 -1.5505199  -3.65357391 -0.57135653  0.        ],
  "funcao_objetivo": 0.94989451261510848480935346168304711441510451815773,
  "confiabilidade_total": 0.94989451261510848480935346168304711441510451815773
}
 
Individuo 24:
{
  "Posicao": [7. 5. 6. 0. 5.]
             [2. 2. 1. 3. 1.],
  "Velocidade": [-1.14031745  0.         -2.45950026 -9.96136482  2.57258799]
                [-0.6225572   1.48523661  0.          2.19510216  0.        ],
  "funcao_objetivo": 0.50332164194188146579426023288353889952623848707730,
  "confiabilidade_total": 0.99408830860854809465413216764820817630016808302457
}
 
Individuo 25:
{
  "Posicao": [9. 6. 7. 0. 4.]
             [1. 1. 1. 1. 1.],
  "Velocidade": [ 5.89169878  1.77693748 -0.04934697 -3.68048298  4.18630241]
                [-1.77693748 -2.15849726  0.         -2.15849726  0.        ],
  "funcao_objetivo": 0.94403329956598744868958671720376765571481411598966,
  "confiabilidade_total": 0.94403329956598744868958671720376765571481411598966
}
 
Individuo 26:
{
  "Posicao": [8. 2. 8. 5. 0.]
             [1. 3. 1. 1. 1.],
  "Velocidade": [ 2.16583998  0.22361936 -0.77324347  3.96439404 -0.77821345]
                [ 0.19033215  3.4318488   0.         -1.85832893  0.        ],
  "funcao_objetivo": 0.86224299195102536851491146022846255304865657902982,
  "confiabilidade_total": 0.96515965861769198318613314028363124320857345677640
}
 
Individuo 27:
{
  "Posicao": [5. 6. 4. 1. 1.]
             [3. 1. 1. 2. 1.],
  "Velocidade": [-1.62517069 -1.24745285 -0.71944782  0.59121044  0.48202646]
                [-0.04731153  0.15104092  0.          0.15104092  0.30944644],
  "funcao_objetivo": 0.79166227606228806467040044030187718248075763452010,
  "confiabilidade_total": 0.99306227606228801525992472935928535092703024613814
}
 
Individuo 28:
{
  "Posicao": [5. 5. 9. 2. 4.]
             [1. 1. 1. 2. 1.],
  "Velocidade": [-2.15463436  0.          1.66489961  2.22714282  3.4493909 ]
                [-1.79020353 -1.30216629  0.         -0.3515042   0.        ],
  "funcao_objetivo": 0.96047272237683611073858123250075385446454057336671,
  "confiabilidade_total": 0.96047272237683611073858123250075385446454057336671
}
 
Individuo 29:
{
  "Posicao": [9. 6. 9. 0. 0.]
             [3. 2. 1. 3. 1.],
  "Velocidade": [ 1.81292987 -1.21297444  3.8554172   0.38488908  0.36956328]
                [-0.00242954 -0.59604397  0.         -0.39910384  0.        ],
  "funcao_objetivo": -0.22827835511124849688703767030838804614141248534094,
  "confiabilidade_total": 0.99812164488875188183224048982501102316782213379969
}
 
Individuo 30:
{
  "Posicao": [7. 5. 8. 6. 6.]
             [3. 2. 2. 3. 1.],
  "Velocidade": [ 5.01672848  0.          4.70501191 -2.60648279 -2.65166512]
                [-0.09703043 -0.28944584 -1.18352017 -0.03787194  0.        ],
  "funcao_objetivo": 0.076752948042404898759665035458806874776629982106733,
  "confiabilidade_total": 0.99953628137573824307680482575035558136775928508525
}
 
Individuo 31:
{
  "Posicao": [9. 3. 6. 0. 2.]
             [2. 2. 1. 1. 1.],
  "Velocidade": [ 5.76563441 -2.34836921 -0.72178085 -5.75477342 -5.3301699 ]
                [-1.16030418  0.80989532  0.         -1.94627274  0.        ],
  "funcao_objetivo": 0.78935650101288082447272963567103901961408010829141,
  "confiabilidade_total": 0.99052316767954737375181516530448747882209173548868
}
 
Individuo 32:
{
  "Posicao": [8. 5. 7. 1. 1.]
             [2. 2. 1. 1. 1.],
  "Velocidade": [-0.74594366  0.          0.05343453 -0.0460123  -0.0546948 ]
                [-0.73658618 -0.26423764 -0.73658618  0.30037873  0.        ],
  "funcao_objetivo": 0.98989932522762822362138107134599484117730755395063,
  "confiabilidade_total": 0.98989932522762822362138107134599484117730755395063
}
 
Individuo 33:
{
  "Posicao": [7. 4. 5. 1. 7.]
             [1. 1. 1. 3. 1.],
  "Velocidade": [-0.61053308 -2.04212784 -3.76258792 -1.14048424  2.53983458]
                [-2.92963174 -4.5956269   0.          2.39526501  0.        ],
  "funcao_objetivo": 0.95749302735652735286004384565903795808638145459034,
  "confiabilidade_total": 0.96649302735652745626344080168455524179237594139912
}
 
Individuo 34:
{
  "Posicao": [9. 9. 9. 0. 0.]
             [3. 2. 1. 1. 1.],
  "Velocidade": [ 4.94666003  3.78460676  4.73508274 -9.44134751 -3.55370346]
                [ 1.21561152 -0.04830237  0.          0.04830237  0.        ],
  "funcao_objetivo": 0.34625654718403097363780868103561077518189595096336,
  "confiabilidade_total": 0.99418988051736433474152060365952637297833607547508
}
 
Individuo 35:
{
  "Posicao": [6. 3. 9. 0. 3.]
             [2. 2. 1. 1. 1.],
  "Velocidade": [ 0.41227592 -2.93354266  4.85703767 -0.71963695  1.90174301]
                [0.         1.18821016 0.         0.27749438 0.        ],
  "funcao_objetivo": 0.78126430007963364578525298035064049213631377801633,
  "confiabilidade_total": 0.99101430007963355452492035616277286931379066095090
}
 
Individuo 36:
{
  "Posicao": [1. 4. 8. 4. 3.]
             [2. 2. 1. 3. 1.],
  "Velocidade": [1.23237203 1.35902155 0.03879002 0.84147616 2.23106684]
                [0.         0.01326101 0.         6.27939135 0.        ],
  "funcao_objetivo": 0.14867999113376589835271463956242833150605566398443,
  "confiabilidade_total": 0.99631332446709913706544032750908691300134069816412
}
 
Individuo 37:
{
  "Posicao": [6. 4. 9. 2. 4.]
             [2. 2. 1. 3. 1.],
  "Velocidade": [-0.68791716 -1.00396864  2.59552405 -0.48418711  1.9907244 ]
                [0.58364019 1.11456188 0.         1.50975749 0.        ],
  "funcao_objetivo": 0.21347813966265828426564541964972842670833176024065,
  "confiabilidade_total": 0.99376147299599127997275547764212344027911728270159
}
 
Individuo 38:
{
  "Posicao": [7. 5. 2. 0. 3.]
             [2. 2. 1. 2. 1.],
  "Velocidade": [-1.79141655  0.          0.18425523  0.19635434  0.57008451]
                [ 0.01368792  0.90007809  0.         -0.49368148  0.01368792],
  "funcao_objetivo": 0.76189687067398468995059181109908268860403794187135,
  "confiabilidade_total": 0.99496353734065137580931383011928875072721737760133
}
 
Individuo 39:
{
  "Posicao": [9. 9. 8. 2. 6.]
             [2. 2. 1. 3. 1.],
  "Velocidade": [ 3.76478313 -0.27711735  1.3814359  -4.08981307  6.07246079]
                [ 0.55891421 -0.35946517  0.          2.45859004  0.15450336],
  "funcao_objetivo": 0.26882857969352691057186277176985666652430224879490,
  "confiabilidade_total": 0.99257857969352691501275487027048282821882892115818
}
 
Individuo 40:
{
  "Posicao": [8. 7. 8. 0. 2.]
             [2. 3. 1. 1. 1.],
  "Velocidade": [ 1.51195064 -0.34949467 -0.15848576 -1.54530698 -1.94333561]
                [-0.11076802  2.02624398  0.         -0.8192649   0.11076802],
  "funcao_objetivo": 0.81503010154341622761006935035411960671325830440278,
  "confiabilidade_total": 0.99331343487674941027873675522287602762361673335786
}
 
Individuo 41:
{
  "Posicao": [9. 5. 9. 1. 0.]
             [2. 1. 1. 1. 1.],
  "Velocidade": [ 4.32100936 -0.47660653  0.95128297  1.3366672  -0.53650617]
                [ 0.09131373  0.33930376  0.         -2.19785428  0.09131373],
  "funcao_objetivo": 0.96844115548495950209764792407512239792900719693143,
  "confiabilidade_total": 0.96844115548495950209764792407512239792900719693143
}
 
Individuo 42:
{
  "Posicao": [8. 0. 9. 0. 2.]
             [3. 1. 1. 3. 3.],
  "Velocidade": [ 0.17461583 -7.92389153  6.29438866  0.04471078  0.85441627]
                [0.86313997 0.02716805 0.         1.55695152 1.72627995],
  "funcao_objetivo": -0.27058759446843604532422613999788554081036317659845,
  "confiabilidade_total": 0.99874573886489737919542494921497164598391782926093
}
 
Individuo 43:
{
  "Posicao": [9. 5. 6. 4. 9.]
             [1. 1. 1. 1. 1.],
  "Velocidade": [ 1.60776825  5.42598866  2.76480727 -5.37658038  9.55288347]
                [0.2248018  0.02628563 0.         0.19851617 0.        ],
  "funcao_objetivo": 0.93444399991394902678171402868095728611171710077268,
  "confiabilidade_total": 0.93444399991394902678171402868095728611171710077268
}
 
Individuo 44:
{
  "Posicao": [5. 5. 7. 0. 1.]
             [3. 2. 1. 3. 1.],
  "Velocidade": [-1.7494169   1.00467621  0.80669885 -1.05667817  1.29644519]
                [ 1.97887254 -0.79168378  0.          4.27008529 -1.13794922],
  "funcao_objetivo": 0.31452730334690953822028585039149257550058796691695,
  "confiabilidade_total": 0.99847730334690954061836758358183070281563236999312
}
 
Individuo 45:
{
  "Posicao": [9. 2. 9. 3. 0.]
             [1. 2. 1. 3. 1.],
  "Velocidade": [ 8.50759562 -5.73782745  4.30308027  2.631158   -3.76407919]
                [0.25447414 0.64367911 0.         3.17556891 0.        ],
  "funcao_objetivo": 0.48979322836989662018803100621581672318306568979009,
  "confiabilidade_total": 0.96422656170322993821508957338365855254259709237798
}
 
Individuo 46:
{
  "Posicao": [7. 5. 7. 1. 2.]
             [2. 2. 1. 1. 1.],
  "Velocidade": [ 0.87050548  0.          1.67572502  1.05643222 -1.58578072]
                [-1.12300835 -1.059011    0.          0.06399735 -1.12300835],
  "funcao_objetivo": 0.99020075927322675198720382509773202598463172933903,
  "confiabilidade_total": 0.99020075927322675198720382509773202598463172933903
}
 
Individuo 47:
{
  "Posicao": [7. 5. 1. 9. 8.]
             [2. 3. 1. 1. 1.],
  "Velocidade": [ 0.20516951 -0.73962236  0.37660534 10.61186713  3.37321399]
                [1.10290544 3.07313575 0.         0.05385496 0.        ],
  "funcao_objetivo": 0.89949350487358066912989256379024927532429514610391,
  "confiabilidade_total": 0.99432683820691399070411369463546625133732972824197
}
 
Individuo 48:
{
  "Posicao": [7. 3. 9. 2. 6.]
             [3. 1. 1. 2. 1.],
  "Velocidade": [-0.23230758 -5.9498357   7.80988011 -7.41588896  4.16863699]
                [ 0.65485239 -2.72062643  0.         -0.99189362  0.        ],
  "funcao_objetivo": 0.69754134377673910319168997110409762927513496437995,
  "confiabilidade_total": 0.99135801044340585688503879472136831128220932045905
}
 
Individuo 49:
{
  "Posicao": [9. 8. 7. 4. 8.]
             [2. 1. 1. 2. 1.],
  "Velocidade": [ 1.38108407  0.84985822 -1.51382838  0.99857094  4.47150999]
                [-0.05489732  0.33024744  0.         -0.19083567  0.05489732],
  "funcao_objetivo": 0.86869094608473936732028817146551816594945779647521,
  "confiabilidade_total": 0.98427427941807255119909867317569521592157474364929
}
 
Individuo 50:
{
  "Posicao": [7. 7. 6. 7. 4.]
             [1. 1. 1. 1. 1.],
  "Velocidade": [-2.18442465  4.32746198 -3.16730885  4.08595807  2.67180793]
                [-2.45511959 -1.33499649  0.         -5.97420155  0.        ],
  "funcao_objetivo": 0.93546158705052189023306987651115960213789107953751,
  "confiabilidade_total": 0.93546158705052189023306987651115960213789107953751
}
 
-----------------------------------------
Populacao final da era:
Individuo 1:
{
  "Posicao": [5. 5. 2. 2. 0.]
             [2. 3. 1. 1. 1.],
  "Velocidade": [-3.95418349  0.         -7.42373005  0.85552169 -8.02263832]
                [ 0.          0.66638741  0.         -3.18627051  0.        ],
  "funcao_objetivo": 0.83342918934706340284214702653472583787671455511033,
  "confiabilidade_total": 0.99492918934706360179411303936277788179150947698533
}
 
Individuo 2:
{
  "Posicao": [5. 5. 1. 1. 5.]
             [2. 3. 1. 2. 1.],
  "Velocidade": [-0.05458671 -0.04236859 -1.34464225 -0.03745617  4.91683351]
                [0.         0.55264567 0.         0.55264567 0.        ],
  "funcao_objetivo": 0.74593884244251232768122066213967517674273194340083,
  "confiabilidade_total": 0.99603884244251237911785339302317769456958712604854
}
 
Individuo 3:
{
  "Posicao": [4. 5. 0. 2. 0.]
             [2. 1. 1. 1. 1.],
  "Velocidade": [-3.72284902  0.         -9.58560942  2.19434151 -3.98717371]
                [ 0.         -2.26885164  0.         -4.44224791  0.        ],
  "funcao_objetivo": 0.92623156492714292490651631444762036723848573692741,
  "confiabilidade_total": 0.97206489826047625500169915929091379100289337166252
}
 
Individuo 4:
{
  "Posicao": [5. 6. 1. 2. 6.]
             [3. 1. 1. 2. 1.],
  "Velocidade": [-3.55371459 -2.41624514 -8.40156072 -0.85996402 -2.62140488]
                [-0.44623896  0.25885564  0.41643123 -1.28049412  0.        ],
  "funcao_objetivo": 0.76096073740717266940882546131961454355967740129336,
  "confiabilidade_total": 0.99254407074050617142204366936839825192344883989199
}
 
Individuo 5:
{
  "Posicao": [0. 0. 2. 3. 8.]
             [2. 3. 1. 1. 1.],
  "Velocidade": [-12.15367966  -4.19485954  -6.86087572   2.59613719   7.10522077]
                [ 0.          1.92897863  0.         -1.44888764  0.        ],
  "funcao_objetivo": 0.50407431266935626740001695633570981394419022360829,
  "confiabilidade_total": 0.99785764600268950824437085156266895305284806052236
}
 
Individuo 6:
{
  "Posicao": [2. 9. 0. 1. 9.]
             [1. 3. 2. 1. 1.],
  "Velocidade": [ 1.55179049  9.37427833 -6.85298203  0.74025789 11.76570099]
                [-0.77962318  1.5634147   0.87772952 -3.4045291   0.        ],
  "funcao_objetivo": 0.42632252448969271176819566785786829967847297598305,
  "confiabilidade_total": 0.99427252448969266664873194709150649686208198477211
}
 
Individuo 7:
{
  "Posicao": [4. 5. 0. 0. 0.]
             [2. 2. 1. 1. 1.],
  "Velocidade": [-3.33866656  0.92458003 -3.80884066  0.04027733 -1.72227238]
                [ 1.28052541  0.95728458 -1.28052541  0.32324083  0.        ],
  "funcao_objetivo": 0.84548495574282708347466693400763215521622260460330,
  "confiabilidade_total": 0.99356828907616051132498709709595896328139861473514
}
 
Individuo 8:
{
  "Posicao": [9. 4. 9. 9. 5.]
             [2. 1. 3. 3. 1.],
  "Velocidade": [-0.32411774  4.20521833  3.41790321 12.1573464   0.52882684]
                [ 0.         -0.61327348  2.93152323  2.16354381  0.        ],
  "funcao_objetivo": -0.21618628675472363847231598254807019829991121845896,
  "confiabilidade_total": 0.99851371324527636348167654079220531284568051738088
}
 
Individuo 9:
{
  "Posicao": [1. 5. 1. 2. 9.]
             [2. 2. 1. 2. 1.],
  "Velocidade": [-3.58257351  0.         -4.72223106  1.6035047   3.41769468]
                [-1.24668015  0.62661482  0.         -1.30595468  0.        ],
  "funcao_objetivo": 0.74998924970156818106601640529791493448471594419474,
  "confiabilidade_total": 0.99663924970156828286791664830164390862962174978251
}
 
Individuo 10:
{
  "Posicao": [3. 2. 0. 0. 5.]
             [2. 1. 1. 1. 1.],
  "Velocidade": [ -5.73202704  -4.58995297 -10.67106906  -1.00079245   5.24302375]
                [ 0.40858159 -1.21360396 -3.72493463 -1.68669541 -3.72493463],
  "funcao_objetivo": 0.96078882235026108166032958749698339073954142397378,
  "confiabilidade_total": 0.97995548901692772603001717627508953723160542314981
}
 
Individuo 11:
{
  "Posicao": [6. 5. 4. 3. 6.]
             [1. 2. 1. 3. 1.],
  "Velocidade": [-2.32515666  4.01640177  1.80060431 -2.8212818  -3.35421267]
                [ 0.08335864  0.81801261  0.         -0.07404319  0.        ],
  "funcao_objetivo": 0.64148098939838859633278979026584561850807105753359,
  "confiabilidade_total": 0.97231432273172207547541369103640459414503013346132
}
 
Individuo 12:
{
  "Posicao": [1. 5. 4. 9. 5.]
             [1. 1. 1. 3. 1.],
  "Velocidade": [-7.76505911  0.         -5.38008485  5.88993811  5.45426671]
                [-0.6683925  -1.850701    0.          0.76983523  0.        ],
  "funcao_objetivo": 0.89234855731220664486841594212209275262416309741955,
  "confiabilidade_total": 0.97464855731220671241438476031661667199791378406506
}
 
Individuo 13:
{
  "Posicao": [0. 6. 0. 0. 0.]
             [1. 3. 1. 1. 1.],
  "Velocidade": [-10.93884004  -3.47809871 -13.83816808 -12.91529844  -6.77029388]
                [-0.79822676  1.72490244  0.         -1.97498404  0.        ],
  "funcao_objetivo": 0.79465402289765588327412487009943576544887712277688,
  "confiabilidade_total": 0.98632068956432241023772760476723776214189222134866
}
 
Individuo 14:
{
  "Posicao": [6. 3. 3. 1. 0.]
             [2. 1. 1. 2. 1.],
  "Velocidade": [-2.44990714 -2.54115752 -2.43983932  0.84579217 -6.9982988 ]
                [ 0.         -1.05276436  0.         -0.24813449  0.        ],
  "funcao_objetivo": 0.81713233848828269319521002346934295639126891476294,
  "confiabilidade_total": 0.99054900515494938436079810019779728173940772396704
}
 
Individuo 15:
{
  "Posicao": [7. 8. 6. 2. 3.]
             [1. 1. 2. 3. 1.],
  "Velocidade": [-1.95921663 -0.40168878  3.03931237 -0.92743826  2.30849321]
                [-0.78662123 -0.87838415 -1.09248871  2.49258148  0.        ],
  "funcao_objetivo": 0.66792438142957474072816994569808584906523995740264,
  "confiabilidade_total": 0.99384104809624126202963525477758948959773354871123
}
 
Individuo 16:
{
  "Posicao": [8. 5. 9. 0. 2.]
             [2. 3. 1. 1. 1.],
  "Velocidade": [-0.4843594   0.          3.43223875  0.35148447  0.17552874]
                [ 0.19301191 -0.09620494  0.          0.39234603  0.        ],
  "funcao_objetivo": 0.85981889778790171534075764248063448860767122252607,
  "confiabilidade_total": 0.99301889778790146276224398269595865088040765269422
}
 
Individuo 17:
{
  "Posicao": [7. 5. 6. 1. 0.]
             [2. 2. 1. 1. 1.],
  "Velocidade": [-1.48207499  1.11401178 -2.54086142 -2.16210889  0.36727387]
                [ 1.13206481 -0.29632907  0.05247723  0.34834168  0.        ],
  "funcao_objetivo": 0.99046490767647411007511734153842336437789247444364,
  "confiabilidade_total": 0.99046490767647411007511734153842336437789247444364
}
 
Individuo 18:
{
  "Posicao": [0. 6. 0. 0. 8.]
             [3. 1. 1. 1. 1.],
  "Velocidade": [-5.56606538  6.23122311 -6.72059473 -8.68537261  5.99597103]
                [ 2.15898524 -1.60986408  0.         -2.38467815  0.        ],
  "funcao_objetivo": 0.78266774069309909817245188727217591710783446169633,
  "confiabilidade_total": 0.97828440735976563419547450288125528365768397188920
}
 
Individuo 19:
{
  "Posicao": [9. 1. 3. 5. 4.]
             [2. 2. 1. 3. 1.],
  "Velocidade": [-0.0984549   1.32815793 -1.27468253 -2.17243858 -3.21204791]
                [ 0.         -0.2736506   0.          4.22328124  0.        ],
  "funcao_objetivo": 0.41454242539565955541454144485052164105111345064818,
  "confiabilidade_total": 0.99409242539565970378474645575644170326524957430540
}
 
Individuo 20:
{
  "Posicao": [2. 5. 1. 0. 0.]
             [2. 1. 1. 1. 1.],
  "Velocidade": [-5.05292172  0.         -7.55971989  0.49652069 -3.62145131]
                [-0.04223683 -1.3275687   0.         -1.46627121  0.        ],
  "funcao_objetivo": 0.97680430089973290610688473244195522764804038428746,
  "confiabilidade_total": 0.97680430089973290610688473244195522764804038428746
}
 
Individuo 21:
{
  "Posicao": [0. 1. 0. 9. 9.]
             [2. 1. 1. 1. 1.],
  "Velocidade": [-10.5342555    1.24832049  -8.91934254   2.06484062   2.57654643]
                [ 0.         -1.01259929  0.         -1.80812252  0.        ],
  "funcao_objetivo": 0.97222522898534436308592826866501069943027466719673,
  "confiabilidade_total": 0.97222522898534436308592826866501069943027466719673
}
 
Individuo 22:
{
  "Posicao": [6. 5. 2. 0. 0.]
             [2. 1. 2. 1. 1.],
  "Velocidade": [-1.41216078 -0.34652324 -4.76628532 -0.55513496  0.36195936]
                [-0.34652324 -2.42665398  0.53402218 -1.17202952  0.        ],
  "funcao_objetivo": 0.80720074724780851390147836465331016452998019949602,
  "confiabilidade_total": 0.98028408058114168640050286395563267515987254873918
}
 
Individuo 23:
{
  "Posicao": [6. 1. 2. 9. 9.]
             [2. 1. 3. 2. 1.],
  "Velocidade": [-3.47155342  0.85580273 -7.21369745  9.30375732  9.42259636]
                [1.18922056 0.26829473 3.40536964 0.60601528 0.        ],
  "funcao_objetivo": 0.26887709228230786246147163900052918949094178569981,
  "confiabilidade_total": 0.99517709228230772483822550646612443857756020916172
}
 
Individuo 24:
{
  "Posicao": [4. 5. 0. 8. 1.]
             [2. 3. 1. 2. 1.],
  "Velocidade": [-3.45363965  0.         -7.0739935   8.01686286 -4.08585141]
                [-0.43549303  1.23956661  0.         -0.77912349  0.        ],
  "funcao_objetivo": 0.50443902145385429889732812543746153369863927874792,
  "confiabilidade_total": 0.99697235478718767740933707418383168533762395892370
}
 
Individuo 25:
{
  "Posicao": [9. 6. 6. 2. 4.]
             [1. 2. 1. 3. 1.],
  "Velocidade": [ 1.62850652  0.42991586 -0.96611342  2.20414465  0.03896565]
                [0.42991586 0.7855545  0.         2.0118605  0.        ],
  "funcao_objetivo": 0.54713910481025935267283591323933535110798315415246,
  "confiabilidade_total": 0.96722243814359266128520323158584971767511801133019
}
 
Individuo 26:
{
  "Posicao": [4. 4. 0. 4. 1.]
             [2. 1. 1. 3. 1.],
  "Velocidade": [-3.86389515  1.69574383 -8.09062895 -1.21820269  0.72534579]
                [ 1.40572125 -1.97038809  0.          1.732084    0.        ],
  "funcao_objetivo": 0.33626384232610829857915682913011508501770109319504,
  "confiabilidade_total": 0.99451384232610799504418189661231693319680303716477
}
 
Individuo 27:
{
  "Posicao": [4. 4. 1. 2. 0.]
             [1. 2. 1. 1. 1.],
  "Velocidade": [-1.19737289 -1.68127083 -3.29466089  0.55104676 -0.70406789]
                [-1.83223029  1.29412806  0.         -1.01256805  0.2884243 ],
  "funcao_objetivo": 0.87130403117542836070915001629789286855915416251478,
  "confiabilidade_total": 0.97422069784209497538037169635306155871907104026136
}
 
Individuo 28:
{
  "Posicao": [6. 5. 6. 1. 4.]
             [1. 2. 1. 1. 1.],
  "Velocidade": [ 0.58124697  0.         -3.12450018 -0.99674176 -0.01200543]
                [ 0.10924424  0.73062666  0.         -0.8107023   0.        ],
  "funcao_objetivo": 0.96406496472362111517752269557271000492744686209883,
  "confiabilidade_total": 0.96406496472362111517752269557271000492744686209883
}
 
Individuo 29:
{
  "Posicao": [4. 3. 2. 2. 2.]
             [1. 1. 1. 1. 1.],
  "Velocidade": [-5.15274158 -3.1657665  -7.40719079  1.74480206  2.2918614 ]
                [-2.03745954 -1.20468669  0.         -3.7932462   0.        ],
  "funcao_objetivo": 0.95361314306976274159768354106856782080113751299684,
  "confiabilidade_total": 0.95361314306976274159768354106856782080113751299684
}
 
Individuo 30:
{
  "Posicao": [9. 5. 7. 0. 0.]
             [2. 2. 1. 1. 1.],
  "Velocidade": [ 2.99703176  0.         -1.2661656  -8.36879871 -9.35283562]
                [-1.23732378 -0.47474349 -2.25000321 -2.12410822  0.        ],
  "funcao_objetivo": 0.94927429642711365184738299986343999938182450969217,
  "confiabilidade_total": 0.98995762976044702871626187216457847119383432109354
}
 
Individuo 31:
{
  "Posicao": [3. 7. 3. 5. 3.]
             [1. 3. 1. 3. 1.],
  "Velocidade": [-5.53319987  4.45538917 -3.24535342  5.10217912  1.48484712]
                [-2.27212809  0.75487537  0.          1.81405338  0.        ],
  "funcao_objetivo": 0.58656948214536883455166841088246924661136415949066,
  "confiabilidade_total": 0.97621948214536888642128812136978281520343569269379
}
 
Individuo 32:
{
  "Posicao": [3. 5. 0. 1. 0.]
             [1. 2. 2. 1. 1.],
  "Velocidade": [-4.65543274  0.         -6.55046971 -0.04288647 -1.37103396]
                [-0.68654645 -0.24628675  0.68654645  0.2799726   0.        ],
  "funcao_objetivo": 0.90471131994647078484513887689728104213914023985763,
  "confiabilidade_total": 0.99237798661313753862730554248456424738010512938400
}
 
Individuo 33:
{
  "Posicao": [4. 5. 1. 0. 0.]
             [1. 3. 1. 1. 1.],
  "Velocidade": [ -3.12327009   1.10280708  -3.88010386  -1.06300584 -11.75974593]
                [ 0.27559545  3.00631791  0.         -2.05076684  0.        ],
  "funcao_objetivo": 0.92276707725197624223230648095667875515101038502516,
  "confiabilidade_total": 0.97760041058530944154321702495653171701160751866163
}
 
Individuo 34:
{
  "Posicao": [4. 3. 2. 2. 0.]
             [2. 2. 1. 1. 1.],
  "Velocidade": [-4.59186344 -6.25624052 -7.47673335  2.28514506  0.40594639]
                [-1.31290596 -0.04502097  0.          0.04502097  0.        ],
  "funcao_objetivo": 0.68002308604125994576470826923456709350493411485964,
  "confiabilidade_total": 0.99277308604125997374232848978851191218045215074831
}
 
Individuo 35:
{
  "Posicao": [7. 4. 8. 0. 2.]
             [2. 2. 1. 3. 1.],
  "Velocidade": [ 1.33247193  0.84604554 -1.15808666  0.24977583 -0.85954641]
                [ 0.         -0.26168715  0.          1.62781956  0.        ],
  "funcao_objetivo": 0.25546063641533723272531845000610782667329671072096,
  "confiabilidade_total": 0.99409396974867054116005008441259714677265050100417
}
 
Individuo 36:
{
  "Posicao": [4. 9. 0. 6. 4.]
             [2. 1. 1. 3. 1.],
  "Velocidade": [ 3.1705777  12.32137705 -8.02016269  1.77957989  1.06539805]
                [ 0.         -1.99701102  0.         -0.18158801  0.        ],
  "funcao_objetivo": 0.44531594292624336812071138919822578082563723842791,
  "confiabilidade_total": 0.99319927625957672918001439083713511700513209621600
}
 
Individuo 37:
{
  "Posicao": [9. 9. 0. 0. 0.]
             [1. 3. 1. 1. 1.],
  "Velocidade": [  2.61704806   7.15142859 -11.07853861  -1.73123213  -5.53335213]
                [-1.72509416  1.03884451  0.         -5.69085347  0.        ],
  "funcao_objetivo": 0.66138549309686169927929573071439870174612541892166,
  "confiabilidade_total": 0.97670215976352823614608784503859703901793499686355
}
 
Individuo 38:
{
  "Posicao": [5. 5. 7. 1. 0.]
             [2. 1. 1. 1. 1.],
  "Velocidade": [-2.27796474  0.          5.18523003  1.32272083 -6.2300893 ]
                [ 0.01275804 -0.83223244  0.         -1.59984915  0.01275804],
  "funcao_objetivo": 0.97033982914473700490055445080754733999958050620167,
  "confiabilidade_total": 0.97033982914473700490055445080754733999958050620167
}
 
Individuo 39:
{
  "Posicao": [9. 8. 8. 0. 9.]
             [2. 2. 1. 2. 1.],
  "Velocidade": [ 2.50755286 -1.25976251 -0.46147942 -3.07489519  2.67655533]
                [ 0.27408317 -0.33504503  0.         -1.29710826  0.14400723],
  "funcao_objetivo": 0.57327918913112936890021140182233887880234213781520,
  "confiabilidade_total": 0.99226252246446246559320777971897280930666418981716
}
 
Individuo 40:
{
  "Posicao": [4. 1. 0. 0. 0.]
             [2. 1. 1. 1. 1.],
  "Velocidade": [ -4.32784641  -5.61036293 -10.52696881   0.10706175  -3.81117677]
                [-0.10324304 -1.84863042  0.          0.33130827  0.10324304],
  "funcao_objetivo": 0.92835639918600605237165558201705646327794964584120,
  "confiabilidade_total": 0.98177306585267257450578815956542750912816698821791
}
 
Individuo 41:
{
  "Posicao": [9. 5. 7. 1. 0.]
             [2. 2. 1. 2. 1.],
  "Velocidade": [ 1.94963535 -0.44422843 -2.00817532  0.25737407  0.4884283 ]
                [0.08511037 0.58858843 0.         1.06005671 0.08511037],
  "funcao_objetivo": 0.68553824125811632331269255825833122978023711116376,
  "confiabilidade_total": 0.99287157459144978158312359607594724545292082698407
}
 
Individuo 42:
{
  "Posicao": [6. 1. 9. 2. 0.]
             [2. 2. 1. 2. 1.],
  "Velocidade": [-1.73708349  0.86007374  0.16401297  1.94476825 -1.74000203]
                [-1.09859202  0.65860135  0.         -1.08519326 -2.19718403],
  "funcao_objetivo": 0.58617461640973915284774164972756116634060249251703,
  "confiabilidade_total": 0.99387461640973938173132040644983354007650718612055
}
 
Individuo 43:
{
  "Posicao": [7. 3. 0. 0. 0.]
             [2. 2. 1. 1. 1.],
  "Velocidade": [ -1.85088547  -1.6042018   -8.76634286  -3.52645049 -10.62314711]
                [1.0468876  0.86185756 0.         0.18503005 0.        ],
  "funcao_objetivo": 0.86218868115471367005018583724354542112921958072741,
  "confiabilidade_total": 0.99363868115471363275779444008453722829943184955675
}
 
Individuo 44:
{
  "Posicao": [6. 4. 6. 0. 2.]
             [2. 1. 1. 1. 2.],
  "Velocidade": [ 0.60669397 -1.30084096 -0.52254732  0.28255146  1.0653462 ]
                [-0.58278067 -1.29721722  0.         -2.57531525  0.50132683],
  "funcao_objetivo": 0.73126995102977752372383288976760355944798211791170,
  "confiabilidade_total": 0.97743661769644411297094730590668747390673379637850
}
 
Individuo 45:
{
  "Posicao": [0. 9. 9. 0. 1.]
             [1. 1. 1. 1. 1.],
  "Velocidade": [-11.85539752   9.4907443    2.63997999  -5.06488831   1.133151  ]
                [ 0.4330111  -1.77526579  0.         -2.18224498  0.        ],
  "funcao_objetivo": 0.95473900509545316775517252479687326652661436494238,
  "confiabilidade_total": 0.95473900509545316775517252479687326652661436494238
}
 
Individuo 46:
{
  "Posicao": [6. 5. 4. 2. 0.]
             [1. 1. 1. 1. 2.],
  "Velocidade": [-1.15383284  0.         -3.35111685  0.98466387 -3.44325209]
                [-1.04671717 -0.98706746  0.          0.05964971  1.04671717],
  "funcao_objetivo": 0.93530128857592151856613518488500216876724240336884,
  "confiabilidade_total": 0.95005128857592160452515286648774731106692430530060
}
 
Individuo 47:
{
  "Posicao": [4. 3. 5. 1. 0.]
             [3. 3. 1. 1. 1.],
  "Velocidade": [-2.57277873 -2.21855095  4.02678772 -8.04637246 -7.91198462]
                [ 1.02797994 -0.0468163   0.          0.05019634  0.        ],
  "funcao_objetivo": 0.21646634840357578490108581226141659544656852040564,
  "confiabilidade_total": 0.99876634840357566926025556730511134492109397206580
}
 
Individuo 48:
{
  "Posicao": [7. 3. 7. 0. 0.]
             [1. 2. 1. 1. 1.],
  "Velocidade": [ -0.35846318   0.49872902  -2.07110309 -11.90175126  -6.37774886]
                [-2.41181713  1.48109506  0.         -1.97921623  0.        ],
  "funcao_objetivo": 0.96582830259899154315115273414465397906420235885663,
  "confiabilidade_total": 0.96582830259899154315115273414465397906420235885663
}
 
Individuo 49:
{
  "Posicao": [9. 8. 5. 5. 9.]
             [2. 1. 1. 2. 1.],
  "Velocidade": [ 0.85294791  0.24169797 -1.95387785  0.82968976  3.29911412]
                [-0.05116789  0.41639037  0.         -0.28644949  0.05116789],
  "funcao_objetivo": 0.98339718131878977063299356957459306839580366235998,
  "confiabilidade_total": 0.98339718131878977063299356957459306839580366235998
}
 
Individuo 50:
{
  "Posicao": [3. 4. 0. 0. 0.]
             [2. 1. 1. 3. 1.],
  "Velocidade": [-3.71715363 -3.45969487 -9.2204156  -8.50005779 -5.23098846]
                [0.7212627  0.32276522 0.         5.56834625 0.        ],
  "funcao_objetivo": 0.39821476938199307842561592588039084456867678813455,
  "confiabilidade_total": 0.99538143604865978513432634736103673584765895061014
}
 
-----------------------------------------
-----------------------------------------
-----------------------------------------
-----------------------------------------
GERACAO 9
Populacao antes da execucao:
Individuo 1:
{
  "Posicao": [5. 5. 2. 2. 0.]
             [2. 3. 1. 1. 1.],
  "Velocidade": [-3.95418349  0.         -7.42373005  0.85552169 -8.02263832]
                [ 0.          0.66638741  0.         -3.18627051  0.        ],
  "funcao_objetivo": 0.83342918934706340284214702653472583787671455511033,
  "confiabilidade_total": 0.99492918934706360179411303936277788179150947698533
}
 
Individuo 2:
{
  "Posicao": [5. 5. 1. 1. 5.]
             [2. 3. 1. 2. 1.],
  "Velocidade": [-0.05458671 -0.04236859 -1.34464225 -0.03745617  4.91683351]
                [0.         0.55264567 0.         0.55264567 0.        ],
  "funcao_objetivo": 0.74593884244251232768122066213967517674273194340083,
  "confiabilidade_total": 0.99603884244251237911785339302317769456958712604854
}
 
Individuo 3:
{
  "Posicao": [4. 5. 0. 2. 0.]
             [2. 1. 1. 1. 1.],
  "Velocidade": [-3.72284902  0.         -9.58560942  2.19434151 -3.98717371]
                [ 0.         -2.26885164  0.         -4.44224791  0.        ],
  "funcao_objetivo": 0.92623156492714292490651631444762036723848573692741,
  "confiabilidade_total": 0.97206489826047625500169915929091379100289337166252
}
 
Individuo 4:
{
  "Posicao": [5. 6. 1. 2. 6.]
             [3. 1. 1. 2. 1.],
  "Velocidade": [-3.55371459 -2.41624514 -8.40156072 -0.85996402 -2.62140488]
                [-0.44623896  0.25885564  0.41643123 -1.28049412  0.        ],
  "funcao_objetivo": 0.76096073740717266940882546131961454355967740129336,
  "confiabilidade_total": 0.99254407074050617142204366936839825192344883989199
}
 
Individuo 5:
{
  "Posicao": [0. 0. 2. 3. 8.]
             [2. 3. 1. 1. 1.],
  "Velocidade": [-12.15367966  -4.19485954  -6.86087572   2.59613719   7.10522077]
                [ 0.          1.92897863  0.         -1.44888764  0.        ],
  "funcao_objetivo": 0.50407431266935626740001695633570981394419022360829,
  "confiabilidade_total": 0.99785764600268950824437085156266895305284806052236
}
 
Individuo 6:
{
  "Posicao": [2. 9. 0. 1. 9.]
             [1. 3. 2. 1. 1.],
  "Velocidade": [ 1.55179049  9.37427833 -6.85298203  0.74025789 11.76570099]
                [-0.77962318  1.5634147   0.87772952 -3.4045291   0.        ],
  "funcao_objetivo": 0.42632252448969271176819566785786829967847297598305,
  "confiabilidade_total": 0.99427252448969266664873194709150649686208198477211
}
 
Individuo 7:
{
  "Posicao": [4. 5. 0. 0. 0.]
             [2. 2. 1. 1. 1.],
  "Velocidade": [-3.33866656  0.92458003 -3.80884066  0.04027733 -1.72227238]
                [ 1.28052541  0.95728458 -1.28052541  0.32324083  0.        ],
  "funcao_objetivo": 0.84548495574282708347466693400763215521622260460330,
  "confiabilidade_total": 0.99356828907616051132498709709595896328139861473514
}
 
Individuo 8:
{
  "Posicao": [9. 4. 9. 9. 5.]
             [2. 1. 3. 3. 1.],
  "Velocidade": [-0.32411774  4.20521833  3.41790321 12.1573464   0.52882684]
                [ 0.         -0.61327348  2.93152323  2.16354381  0.        ],
  "funcao_objetivo": -0.21618628675472363847231598254807019829991121845896,
  "confiabilidade_total": 0.99851371324527636348167654079220531284568051738088
}
 
Individuo 9:
{
  "Posicao": [1. 5. 1. 2. 9.]
             [2. 2. 1. 2. 1.],
  "Velocidade": [-3.58257351  0.         -4.72223106  1.6035047   3.41769468]
                [-1.24668015  0.62661482  0.         -1.30595468  0.        ],
  "funcao_objetivo": 0.74998924970156818106601640529791493448471594419474,
  "confiabilidade_total": 0.99663924970156828286791664830164390862962174978251
}
 
Individuo 10:
{
  "Posicao": [3. 2. 0. 0. 5.]
             [2. 1. 1. 1. 1.],
  "Velocidade": [ -5.73202704  -4.58995297 -10.67106906  -1.00079245   5.24302375]
                [ 0.40858159 -1.21360396 -3.72493463 -1.68669541 -3.72493463],
  "funcao_objetivo": 0.96078882235026108166032958749698339073954142397378,
  "confiabilidade_total": 0.97995548901692772603001717627508953723160542314981
}
 
Individuo 11:
{
  "Posicao": [6. 5. 4. 3. 6.]
             [1. 2. 1. 3. 1.],
  "Velocidade": [-2.32515666  4.01640177  1.80060431 -2.8212818  -3.35421267]
                [ 0.08335864  0.81801261  0.         -0.07404319  0.        ],
  "funcao_objetivo": 0.64148098939838859633278979026584561850807105753359,
  "confiabilidade_total": 0.97231432273172207547541369103640459414503013346132
}
 
Individuo 12:
{
  "Posicao": [1. 5. 4. 9. 5.]
             [1. 1. 1. 3. 1.],
  "Velocidade": [-7.76505911  0.         -5.38008485  5.88993811  5.45426671]
                [-0.6683925  -1.850701    0.          0.76983523  0.        ],
  "funcao_objetivo": 0.89234855731220664486841594212209275262416309741955,
  "confiabilidade_total": 0.97464855731220671241438476031661667199791378406506
}
 
Individuo 13:
{
  "Posicao": [0. 6. 0. 0. 0.]
             [1. 3. 1. 1. 1.],
  "Velocidade": [-10.93884004  -3.47809871 -13.83816808 -12.91529844  -6.77029388]
                [-0.79822676  1.72490244  0.         -1.97498404  0.        ],
  "funcao_objetivo": 0.79465402289765588327412487009943576544887712277688,
  "confiabilidade_total": 0.98632068956432241023772760476723776214189222134866
}
 
Individuo 14:
{
  "Posicao": [6. 3. 3. 1. 0.]
             [2. 1. 1. 2. 1.],
  "Velocidade": [-2.44990714 -2.54115752 -2.43983932  0.84579217 -6.9982988 ]
                [ 0.         -1.05276436  0.         -0.24813449  0.        ],
  "funcao_objetivo": 0.81713233848828269319521002346934295639126891476294,
  "confiabilidade_total": 0.99054900515494938436079810019779728173940772396704
}
 
Individuo 15:
{
  "Posicao": [7. 8. 6. 2. 3.]
             [1. 1. 2. 3. 1.],
  "Velocidade": [-1.95921663 -0.40168878  3.03931237 -0.92743826  2.30849321]
                [-0.78662123 -0.87838415 -1.09248871  2.49258148  0.        ],
  "funcao_objetivo": 0.66792438142957474072816994569808584906523995740264,
  "confiabilidade_total": 0.99384104809624126202963525477758948959773354871123
}
 
Individuo 16:
{
  "Posicao": [8. 5. 9. 0. 2.]
             [2. 3. 1. 1. 1.],
  "Velocidade": [-0.4843594   0.          3.43223875  0.35148447  0.17552874]
                [ 0.19301191 -0.09620494  0.          0.39234603  0.        ],
  "funcao_objetivo": 0.85981889778790171534075764248063448860767122252607,
  "confiabilidade_total": 0.99301889778790146276224398269595865088040765269422
}
 
Individuo 17:
{
  "Posicao": [7. 5. 6. 1. 0.]
             [2. 2. 1. 1. 1.],
  "Velocidade": [-1.48207499  1.11401178 -2.54086142 -2.16210889  0.36727387]
                [ 1.13206481 -0.29632907  0.05247723  0.34834168  0.        ],
  "funcao_objetivo": 0.99046490767647411007511734153842336437789247444364,
  "confiabilidade_total": 0.99046490767647411007511734153842336437789247444364
}
 
Individuo 18:
{
  "Posicao": [0. 6. 0. 0. 8.]
             [3. 1. 1. 1. 1.],
  "Velocidade": [-5.56606538  6.23122311 -6.72059473 -8.68537261  5.99597103]
                [ 2.15898524 -1.60986408  0.         -2.38467815  0.        ],
  "funcao_objetivo": 0.78266774069309909817245188727217591710783446169633,
  "confiabilidade_total": 0.97828440735976563419547450288125528365768397188920
}
 
Individuo 19:
{
  "Posicao": [9. 1. 3. 5. 4.]
             [2. 2. 1. 3. 1.],
  "Velocidade": [-0.0984549   1.32815793 -1.27468253 -2.17243858 -3.21204791]
                [ 0.         -0.2736506   0.          4.22328124  0.        ],
  "funcao_objetivo": 0.41454242539565955541454144485052164105111345064818,
  "confiabilidade_total": 0.99409242539565970378474645575644170326524957430540
}
 
Individuo 20:
{
  "Posicao": [2. 5. 1. 0. 0.]
             [2. 1. 1. 1. 1.],
  "Velocidade": [-5.05292172  0.         -7.55971989  0.49652069 -3.62145131]
                [-0.04223683 -1.3275687   0.         -1.46627121  0.        ],
  "funcao_objetivo": 0.97680430089973290610688473244195522764804038428746,
  "confiabilidade_total": 0.97680430089973290610688473244195522764804038428746
}
 
Individuo 21:
{
  "Posicao": [0. 1. 0. 9. 9.]
             [2. 1. 1. 1. 1.],
  "Velocidade": [-10.5342555    1.24832049  -8.91934254   2.06484062   2.57654643]
                [ 0.         -1.01259929  0.         -1.80812252  0.        ],
  "funcao_objetivo": 0.97222522898534436308592826866501069943027466719673,
  "confiabilidade_total": 0.97222522898534436308592826866501069943027466719673
}
 
Individuo 22:
{
  "Posicao": [6. 5. 2. 0. 0.]
             [2. 1. 2. 1. 1.],
  "Velocidade": [-1.41216078 -0.34652324 -4.76628532 -0.55513496  0.36195936]
                [-0.34652324 -2.42665398  0.53402218 -1.17202952  0.        ],
  "funcao_objetivo": 0.80720074724780851390147836465331016452998019949602,
  "confiabilidade_total": 0.98028408058114168640050286395563267515987254873918
}
 
Individuo 23:
{
  "Posicao": [6. 1. 2. 9. 9.]
             [2. 1. 3. 2. 1.],
  "Velocidade": [-3.47155342  0.85580273 -7.21369745  9.30375732  9.42259636]
                [1.18922056 0.26829473 3.40536964 0.60601528 0.        ],
  "funcao_objetivo": 0.26887709228230786246147163900052918949094178569981,
  "confiabilidade_total": 0.99517709228230772483822550646612443857756020916172
}
 
Individuo 24:
{
  "Posicao": [4. 5. 0. 8. 1.]
             [2. 3. 1. 2. 1.],
  "Velocidade": [-3.45363965  0.         -7.0739935   8.01686286 -4.08585141]
                [-0.43549303  1.23956661  0.         -0.77912349  0.        ],
  "funcao_objetivo": 0.50443902145385429889732812543746153369863927874792,
  "confiabilidade_total": 0.99697235478718767740933707418383168533762395892370
}
 
Individuo 25:
{
  "Posicao": [9. 6. 6. 2. 4.]
             [1. 2. 1. 3. 1.],
  "Velocidade": [ 1.62850652  0.42991586 -0.96611342  2.20414465  0.03896565]
                [0.42991586 0.7855545  0.         2.0118605  0.        ],
  "funcao_objetivo": 0.54713910481025935267283591323933535110798315415246,
  "confiabilidade_total": 0.96722243814359266128520323158584971767511801133019
}
 
Individuo 26:
{
  "Posicao": [4. 4. 0. 4. 1.]
             [2. 1. 1. 3. 1.],
  "Velocidade": [-3.86389515  1.69574383 -8.09062895 -1.21820269  0.72534579]
                [ 1.40572125 -1.97038809  0.          1.732084    0.        ],
  "funcao_objetivo": 0.33626384232610829857915682913011508501770109319504,
  "confiabilidade_total": 0.99451384232610799504418189661231693319680303716477
}
 
Individuo 27:
{
  "Posicao": [4. 4. 1. 2. 0.]
             [1. 2. 1. 1. 1.],
  "Velocidade": [-1.19737289 -1.68127083 -3.29466089  0.55104676 -0.70406789]
                [-1.83223029  1.29412806  0.         -1.01256805  0.2884243 ],
  "funcao_objetivo": 0.87130403117542836070915001629789286855915416251478,
  "confiabilidade_total": 0.97422069784209497538037169635306155871907104026136
}
 
Individuo 28:
{
  "Posicao": [6. 5. 6. 1. 4.]
             [1. 2. 1. 1. 1.],
  "Velocidade": [ 0.58124697  0.         -3.12450018 -0.99674176 -0.01200543]
                [ 0.10924424  0.73062666  0.         -0.8107023   0.        ],
  "funcao_objetivo": 0.96406496472362111517752269557271000492744686209883,
  "confiabilidade_total": 0.96406496472362111517752269557271000492744686209883
}
 
Individuo 29:
{
  "Posicao": [4. 3. 2. 2. 2.]
             [1. 1. 1. 1. 1.],
  "Velocidade": [-5.15274158 -3.1657665  -7.40719079  1.74480206  2.2918614 ]
                [-2.03745954 -1.20468669  0.         -3.7932462   0.        ],
  "funcao_objetivo": 0.95361314306976274159768354106856782080113751299684,
  "confiabilidade_total": 0.95361314306976274159768354106856782080113751299684
}
 
Individuo 30:
{
  "Posicao": [9. 5. 7. 0. 0.]
             [2. 2. 1. 1. 1.],
  "Velocidade": [ 2.99703176  0.         -1.2661656  -8.36879871 -9.35283562]
                [-1.23732378 -0.47474349 -2.25000321 -2.12410822  0.        ],
  "funcao_objetivo": 0.94927429642711365184738299986343999938182450969217,
  "confiabilidade_total": 0.98995762976044702871626187216457847119383432109354
}
 
Individuo 31:
{
  "Posicao": [3. 7. 3. 5. 3.]
             [1. 3. 1. 3. 1.],
  "Velocidade": [-5.53319987  4.45538917 -3.24535342  5.10217912  1.48484712]
                [-2.27212809  0.75487537  0.          1.81405338  0.        ],
  "funcao_objetivo": 0.58656948214536883455166841088246924661136415949066,
  "confiabilidade_total": 0.97621948214536888642128812136978281520343569269379
}
 
Individuo 32:
{
  "Posicao": [3. 5. 0. 1. 0.]
             [1. 2. 2. 1. 1.],
  "Velocidade": [-4.65543274  0.         -6.55046971 -0.04288647 -1.37103396]
                [-0.68654645 -0.24628675  0.68654645  0.2799726   0.        ],
  "funcao_objetivo": 0.90471131994647078484513887689728104213914023985763,
  "confiabilidade_total": 0.99237798661313753862730554248456424738010512938400
}
 
Individuo 33:
{
  "Posicao": [4. 5. 1. 0. 0.]
             [1. 3. 1. 1. 1.],
  "Velocidade": [ -3.12327009   1.10280708  -3.88010386  -1.06300584 -11.75974593]
                [ 0.27559545  3.00631791  0.         -2.05076684  0.        ],
  "funcao_objetivo": 0.92276707725197624223230648095667875515101038502516,
  "confiabilidade_total": 0.97760041058530944154321702495653171701160751866163
}
 
Individuo 34:
{
  "Posicao": [4. 3. 2. 2. 0.]
             [2. 2. 1. 1. 1.],
  "Velocidade": [-4.59186344 -6.25624052 -7.47673335  2.28514506  0.40594639]
                [-1.31290596 -0.04502097  0.          0.04502097  0.        ],
  "funcao_objetivo": 0.68002308604125994576470826923456709350493411485964,
  "confiabilidade_total": 0.99277308604125997374232848978851191218045215074831
}
 
Individuo 35:
{
  "Posicao": [7. 4. 8. 0. 2.]
             [2. 2. 1. 3. 1.],
  "Velocidade": [ 1.33247193  0.84604554 -1.15808666  0.24977583 -0.85954641]
                [ 0.         -0.26168715  0.          1.62781956  0.        ],
  "funcao_objetivo": 0.25546063641533723272531845000610782667329671072096,
  "confiabilidade_total": 0.99409396974867054116005008441259714677265050100417
}
 
Individuo 36:
{
  "Posicao": [4. 9. 0. 6. 4.]
             [2. 1. 1. 3. 1.],
  "Velocidade": [ 3.1705777  12.32137705 -8.02016269  1.77957989  1.06539805]
                [ 0.         -1.99701102  0.         -0.18158801  0.        ],
  "funcao_objetivo": 0.44531594292624336812071138919822578082563723842791,
  "confiabilidade_total": 0.99319927625957672918001439083713511700513209621600
}
 
Individuo 37:
{
  "Posicao": [9. 9. 0. 0. 0.]
             [1. 3. 1. 1. 1.],
  "Velocidade": [  2.61704806   7.15142859 -11.07853861  -1.73123213  -5.53335213]
                [-1.72509416  1.03884451  0.         -5.69085347  0.        ],
  "funcao_objetivo": 0.66138549309686169927929573071439870174612541892166,
  "confiabilidade_total": 0.97670215976352823614608784503859703901793499686355
}
 
Individuo 38:
{
  "Posicao": [5. 5. 7. 1. 0.]
             [2. 1. 1. 1. 1.],
  "Velocidade": [-2.27796474  0.          5.18523003  1.32272083 -6.2300893 ]
                [ 0.01275804 -0.83223244  0.         -1.59984915  0.01275804],
  "funcao_objetivo": 0.97033982914473700490055445080754733999958050620167,
  "confiabilidade_total": 0.97033982914473700490055445080754733999958050620167
}
 
Individuo 39:
{
  "Posicao": [9. 8. 8. 0. 9.]
             [2. 2. 1. 2. 1.],
  "Velocidade": [ 2.50755286 -1.25976251 -0.46147942 -3.07489519  2.67655533]
                [ 0.27408317 -0.33504503  0.         -1.29710826  0.14400723],
  "funcao_objetivo": 0.57327918913112936890021140182233887880234213781520,
  "confiabilidade_total": 0.99226252246446246559320777971897280930666418981716
}
 
Individuo 40:
{
  "Posicao": [4. 1. 0. 0. 0.]
             [2. 1. 1. 1. 1.],
  "Velocidade": [ -4.32784641  -5.61036293 -10.52696881   0.10706175  -3.81117677]
                [-0.10324304 -1.84863042  0.          0.33130827  0.10324304],
  "funcao_objetivo": 0.92835639918600605237165558201705646327794964584120,
  "confiabilidade_total": 0.98177306585267257450578815956542750912816698821791
}
 
Individuo 41:
{
  "Posicao": [9. 5. 7. 1. 0.]
             [2. 2. 1. 2. 1.],
  "Velocidade": [ 1.94963535 -0.44422843 -2.00817532  0.25737407  0.4884283 ]
                [0.08511037 0.58858843 0.         1.06005671 0.08511037],
  "funcao_objetivo": 0.68553824125811632331269255825833122978023711116376,
  "confiabilidade_total": 0.99287157459144978158312359607594724545292082698407
}
 
Individuo 42:
{
  "Posicao": [6. 1. 9. 2. 0.]
             [2. 2. 1. 2. 1.],
  "Velocidade": [-1.73708349  0.86007374  0.16401297  1.94476825 -1.74000203]
                [-1.09859202  0.65860135  0.         -1.08519326 -2.19718403],
  "funcao_objetivo": 0.58617461640973915284774164972756116634060249251703,
  "confiabilidade_total": 0.99387461640973938173132040644983354007650718612055
}
 
Individuo 43:
{
  "Posicao": [7. 3. 0. 0. 0.]
             [2. 2. 1. 1. 1.],
  "Velocidade": [ -1.85088547  -1.6042018   -8.76634286  -3.52645049 -10.62314711]
                [1.0468876  0.86185756 0.         0.18503005 0.        ],
  "funcao_objetivo": 0.86218868115471367005018583724354542112921958072741,
  "confiabilidade_total": 0.99363868115471363275779444008453722829943184955675
}
 
Individuo 44:
{
  "Posicao": [6. 4. 6. 0. 2.]
             [2. 1. 1. 1. 2.],
  "Velocidade": [ 0.60669397 -1.30084096 -0.52254732  0.28255146  1.0653462 ]
                [-0.58278067 -1.29721722  0.         -2.57531525  0.50132683],
  "funcao_objetivo": 0.73126995102977752372383288976760355944798211791170,
  "confiabilidade_total": 0.97743661769644411297094730590668747390673379637850
}
 
Individuo 45:
{
  "Posicao": [0. 9. 9. 0. 1.]
             [1. 1. 1. 1. 1.],
  "Velocidade": [-11.85539752   9.4907443    2.63997999  -5.06488831   1.133151  ]
                [ 0.4330111  -1.77526579  0.         -2.18224498  0.        ],
  "funcao_objetivo": 0.95473900509545316775517252479687326652661436494238,
  "confiabilidade_total": 0.95473900509545316775517252479687326652661436494238
}
 
Individuo 46:
{
  "Posicao": [6. 5. 4. 2. 0.]
             [1. 1. 1. 1. 2.],
  "Velocidade": [-1.15383284  0.         -3.35111685  0.98466387 -3.44325209]
                [-1.04671717 -0.98706746  0.          0.05964971  1.04671717],
  "funcao_objetivo": 0.93530128857592151856613518488500216876724240336884,
  "confiabilidade_total": 0.95005128857592160452515286648774731106692430530060
}
 
Individuo 47:
{
  "Posicao": [4. 3. 5. 1. 0.]
             [3. 3. 1. 1. 1.],
  "Velocidade": [-2.57277873 -2.21855095  4.02678772 -8.04637246 -7.91198462]
                [ 1.02797994 -0.0468163   0.          0.05019634  0.        ],
  "funcao_objetivo": 0.21646634840357578490108581226141659544656852040564,
  "confiabilidade_total": 0.99876634840357566926025556730511134492109397206580
}
 
Individuo 48:
{
  "Posicao": [7. 3. 7. 0. 0.]
             [1. 2. 1. 1. 1.],
  "Velocidade": [ -0.35846318   0.49872902  -2.07110309 -11.90175126  -6.37774886]
                [-2.41181713  1.48109506  0.         -1.97921623  0.        ],
  "funcao_objetivo": 0.96582830259899154315115273414465397906420235885663,
  "confiabilidade_total": 0.96582830259899154315115273414465397906420235885663
}
 
Individuo 49:
{
  "Posicao": [9. 8. 5. 5. 9.]
             [2. 1. 1. 2. 1.],
  "Velocidade": [ 0.85294791  0.24169797 -1.95387785  0.82968976  3.29911412]
                [-0.05116789  0.41639037  0.         -0.28644949  0.05116789],
  "funcao_objetivo": 0.98339718131878977063299356957459306839580366235998,
  "confiabilidade_total": 0.98339718131878977063299356957459306839580366235998
}
 
Individuo 50:
{
  "Posicao": [3. 4. 0. 0. 0.]
             [2. 1. 1. 3. 1.],
  "Velocidade": [-3.71715363 -3.45969487 -9.2204156  -8.50005779 -5.23098846]
                [0.7212627  0.32276522 0.         5.56834625 0.        ],
  "funcao_objetivo": 0.39821476938199307842561592588039084456867678813455,
  "confiabilidade_total": 0.99538143604865978513432634736103673584765895061014
}
 
-----------------------------------------
Populacao final da era:
Individuo 1:
{
  "Posicao": [4. 5. 1. 1. 7.]
             [2. 2. 1. 3. 1.],
  "Velocidade": [-0.96935461  0.         -1.49151307 -0.67443482  7.40284694]
                [ 0.         -0.84895747  0.          2.94011421  0.        ],
  "funcao_objetivo": 0.40814368829115883442046290703838624199794362601846,
  "confiabilidade_total": 0.99612702162449238652694398617423305427597592887490
}
 
Individuo 2:
{
  "Posicao": [5. 5. 2. 1. 0.]
             [2. 1. 1. 1. 1.],
  "Velocidade": [-0.0503696  -0.03909539  1.29378831 -0.03456248 -8.13576702]
                [ 0.         -2.02459895  0.         -2.02459895  0.        ],
  "funcao_objetivo": 0.97188923942300002485075655673487738366374861683225,
  "confiabilidade_total": 0.97188923942300002485075655673487738366374861683225
}
 
Individuo 3:
{
  "Posicao": [2. 5. 6. 3. 3.]
             [2. 2. 1. 3. 1.],
  "Velocidade": [-1.55402828  0.          6.24305761  1.30401526  3.29234032]
                [0.         1.37276909 0.         4.09906069 0.        ],
  "funcao_objetivo": 0.46645651285719947874207755987107340217349397115157,
  "confiabilidade_total": 0.99595651285719944943218970976694073498961793355391
}
 
Individuo 4:
{
  "Posicao": [7. 9. 5. 1. 4.]
             [1. 3. 3. 1. 1.],
  "Velocidade": [ 1.67914113  2.59896559  3.94666949 -0.92329668 -1.54473328]
                [-3.84707569  2.02139791  2.03703051 -2.9641094   0.        ],
  "funcao_objetivo": 0.42039289805436475512627899902803808310534181817416,
  "confiabilidade_total": 0.99485956472103132509992170767440445580984773858432
}
 
Individuo 5:
{
  "Posicao": [9. 2. 1. 0. 5.]
             [2. 1. 1. 2. 1.],
  "Velocidade": [ 8.90814847  2.16742991 -0.73340766 -4.12449518 -2.73167618]
                [ 0.         -2.41298353  0.          1.33695338  0.        ],
  "funcao_objetivo": 0.85978627675461622986135944151789553585243401131819,
  "confiabilidade_total": 0.99095294342128273778463730386426286428016600213240
}
 
Individuo 6:
{
  "Posicao": [4. 0. 9. 4. 1.]
             [2. 1. 3. 3. 1.],
  "Velocidade": [  1.98904319 -11.02961712   8.77652013   2.78716167  -7.64741316]
                [ 0.53368091 -2.9512649   0.62420801  3.14151116  0.        ],
  "funcao_objetivo": -0.31457827385278275430271565778528047620940874577061,
  "confiabilidade_total": 0.99930505948055064872301767468454608798336316585048
}
 
Individuo 7:
{
  "Posicao": [9. 6. 8. 3. 0.]
             [3. 3. 2. 1. 1.],
  "Velocidade": [5.78919579 0.85315132 8.09786611 2.77968667 0.45325286]
                [1.18159803 0.88332926 1.18159803 0.29826876 0.        ],
  "funcao_objetivo": -0.011040007201241287133994794010595215150856129375022,
  "confiabilidade_total": 0.99890999279875878276564683638926056992099369362302
}
 
Individuo 8:
{
  "Posicao": [3. 9. 4. 1. 0.]
             [2. 1. 1. 2. 1.],
  "Velocidade": [-6.00358074  6.05884106 -4.57191049 -7.71460333 -5.89028389]
                [ 0.          0.10785839 -1.65194882 -0.85585284  0.        ],
  "funcao_objetivo": 0.78499292137213314549812796454235466574123236962493,
  "confiabilidade_total": 0.99007625470546644356337654894988189828386637993987
}
 
Individuo 9:
{
  "Posicao": [7. 5. 4. 0. 1.]
             [2. 1. 1. 1. 1.],
  "Velocidade": [ 6.27774649  0.          3.20795627 -2.20863213 -8.07035527]
                [ 0.14200329 -0.71416529  0.         -3.60094955  0.        ],
  "funcao_objetivo": 0.97354735019730117831133466677810982324004030639969,
  "confiabilidade_total": 0.97354735019730117831133466677810982324004030639969
}
 
Individuo 10:
{
  "Posicao": [2. 1. 2. 1. 7.]
             [2. 2. 3. 2. 3.],
  "Velocidade": [-0.86750409 -0.55600668  2.4717868   0.68142393  1.65891768]
                [0.37701649 0.87779462 3.43716366 0.57199187 3.43716366],
  "funcao_objetivo": -0.41418494952055118396574823943315994910874606636473,
  "confiabilidade_total": 0.99968171714611553202442666791379462011179684135011
}
 
Individuo 11:
{
  "Posicao": [5. 5. 3. 2. 3.]
             [1. 2. 1. 2. 1.],
  "Velocidade": [-0.67078237 -0.06581028 -1.42409265 -1.1626051  -2.5448525 ]
                [ 1.10944625e-01  4.32053909e-04  0.00000000e+00 -8.90759468e-01
  0.00000000e+00],
  "funcao_objetivo": 0.85614166441051383939495519529016315674213856823797,
  "confiabilidade_total": 0.97239166441051398427905990887309168202607125409002
}
 
Individuo 12:
{
  "Posicao": [0. 5. 0. 9. 9.]
             [1. 2. 1. 3. 1.],
  "Velocidade": [-6.26539791  0.         -5.41432934  2.06136768  6.26918885]
                [ 0.39181334  1.48278224  0.         -0.26047678  0.        ],
  "funcao_objetivo": 0.55022285326542137790541716650288458749277028611285,
  "confiabilidade_total": 0.98722285326542148848363041916847601368648442795856
}
 
Individuo 13:
{
  "Posicao": [5. 2. 9. 9. 5.]
             [1. 3. 1. 3. 1.],
  "Velocidade": [ 5.49702816 -3.70081787 10.93040479  9.99968587  5.39140285]
                [ 0.18278618 -0.38701558  0.          1.67976439  0.        ],
  "funcao_objetivo": 0.33784945058741671306335303125450289943705861666856,
  "confiabilidade_total": 0.96776611725408333783760423539859610745202367404160
}
 
Individuo 14:
{
  "Posicao": [4. 6. 4. 2. 6.]
             [2. 1. 1. 1. 1.],
  "Velocidade": [-1.86031177  2.71375846  1.07860432  0.78045024  6.45764308]
                [ 0.          0.09305327  0.         -1.29345078  0.        ],
  "funcao_objetivo": 0.85177290836835760450929130622221748040986342878438,
  "confiabilidade_total": 0.96860624170169101848182366149608753317964358778096
}
 
Individuo 15:
{
  "Posicao": [5. 4. 5. 1. 2.]
             [1. 1. 2. 1. 1.],
  "Velocidade": [-1.51761363 -3.51908356 -0.91555486 -1.42742558 -1.01827752]
                [ 0.15421371  0.23888747 -0.14620819 -1.71029101  0.        ],
  "funcao_objetivo": 0.97209220561182842576610364643862232929418424810445,
  "confiabilidade_total": 0.97209220561182842576610364643862232929418424810445
}
 
Individuo 16:
{
  "Posicao": [7. 5. 9. 1. 1.]
             [2. 2. 1. 1. 1.],
  "Velocidade": [-1.43943924  0.          0.85124868  0.65516349 -1.16554743]
                [ 0.17810071 -0.75253042  0.          0.36203521  0.        ],
  "funcao_objetivo": 0.98975934770463761164438898909451142707191794692313,
  "confiabilidade_total": 0.98975934770463761164438898909451142707191794692313
}
 
Individuo 17:
{
  "Posicao": [4. 6. 2. 0. 2.]
             [3. 2. 1. 1. 1.],
  "Velocidade": [-2.88606044  1.02794846 -3.95142243 -3.42518567  1.76901118]
                [ 1.0446068  -0.27343607  0.04842309  0.32143043  0.        ],
  "funcao_objetivo": 0.50109769541213688893218138208129284211169576314592,
  "confiabilidade_total": 0.99576436207880328949689276317502271157424544957780
}
 
Individuo 18:
{
  "Posicao": [8. 2. 1. 0. 0.]
             [1. 1. 1. 2. 1.],
  "Velocidade": [  8.24562821  -4.04851589   1.06874445   0.41434576 -11.22124956]
                [-2.32768497  0.0951502   0.          0.83083241  0.        ],
  "funcao_objetivo": 0.97389218958124984139290193207556287721287358570000,
  "confiabilidade_total": 0.97389218958124984139290193207556287721287358570000
}
 
Individuo 19:
{
  "Posicao": [4. 7. 0. 6. 0.]
             [2. 1. 1. 1. 1.],
  "Velocidade": [-4.6950901   5.82979204 -7.67269989  0.51839648 -7.56814153]
                [ 0.         -2.03432064  0.         -1.96873233  0.        ],
  "funcao_objetivo": 0.94759865715904704127493980912115071816965158690082,
  "confiabilidade_total": 0.96601532382571365722291796749524942981674488295185
}
 
Individuo 20:
{
  "Posicao": [2. 5. 0. 2. 3.]
             [2. 1. 1. 2. 1.],
  "Velocidade": [ 0.18739208  0.         -4.53039334  1.79859527  3.06545882]
                [-0.03897381  0.11542646  0.          1.07677782  0.        ],
  "funcao_objetivo": 0.75806553345300035408199933180297015726356125204282,
  "confiabilidade_total": 0.99198220011966696020450372224443348616151428549009
}
 
Individuo 21:
{
  "Posicao": [5. 6. 7. 4. 0.]
             [2. 1. 1. 3. 1.],
  "Velocidade": [ 5.41930578  4.59277918  6.50982698 -4.97647541 -9.21125747]
                [0.         0.0741461  0.         1.66843547 0.        ],
  "funcao_objetivo": 0.63771833197886379110217531050012679545861230221037,
  "confiabilidade_total": 0.99123499864553038826517989221657684313785777416472
}
 
Individuo 22:
{
  "Posicao": [7. 5. 7. 1. 2.]
             [2. 3. 1. 1. 1.],
  "Velocidade": [ 1.36171899 -0.31975248  4.83570709  1.43985509  1.87295801]
                [-0.31975248  1.82604108 -1.4593368   0.45747791  0.        ],
  "funcao_objetivo": 0.93148117922210051924755637522488387384150461449678,
  "confiabilidade_total": 0.99373117922210063004781423281550660811994508996065
}
 
Individuo 23:
{
  "Posicao": [2. 4. 0. 9. 9.]
             [3. 2. 1. 2. 1.],
  "Velocidade": [-3.57616003  2.71085763 -6.38767599  4.68890729  4.53325288]
                [ 1.09734697  0.67411507 -2.18170166  0.13264985  0.        ],
  "funcao_objetivo": 0.14478498180319848395055959808491385498374897317083,
  "confiabilidade_total": 0.99833498180319845934801737239144491919607120827826
}
 
Individuo 24:
{
  "Posicao": [8. 5. 8. 0. 1.]
             [3. 1. 1. 1. 1.],
  "Velocidade": [  3.89171877   0.           7.62960289 -11.47912991  -0.11313203]
                [ 1.13180999 -2.86742517  0.         -3.19650188  0.        ],
  "funcao_objetivo": 0.97692861962066366485515043845379403308242377634833,
  "confiabilidade_total": 0.97692861962066366485515043845379403308242377634833
}
 
Individuo 25:
{
  "Posicao": [0. 3. 2. 0. 0.]
             [3. 3. 1. 1. 1.],
  "Velocidade": [-10.66136384  -3.18670212  -4.37729878  -1.54954192 -12.12810424]
                [ 3.98010728  0.72486625  0.         -5.3103758   0.        ],
  "funcao_objetivo": 0.15181481835848596593550526472748805515800662989457,
  "confiabilidade_total": 0.99936481835848588049274128957544070415531345362504
}
 
Individuo 26:
{
  "Posicao": [1. 6. 6. 2. 1.]
             [3. 2. 1. 2. 1.],
  "Velocidade": [-2.99463899  1.83395905  6.22357564 -2.33379046  0.199069  ]
                [ 1.24686694  1.29767029  0.         -0.65779136  0.        ],
  "funcao_objetivo": 0.36490982102271772575933545995950317677967719459076,
  "confiabilidade_total": 0.99847648768938433712209252663170537647717170142670
}
 
Individuo 27:
{
  "Posicao": [7. 9. 2. 0. 1.]
             [2. 2. 1. 2. 1.],
  "Velocidade": [ 2.66181391  5.51518769  0.72655254 -1.60826389  1.00026911]
                [ 1.22388543 -0.45579422  0.          0.71560223  0.26614199],
  "funcao_objetivo": 0.55693538952107301021031241587466129941290579680925,
  "confiabilidade_total": 0.99488538952107293289438098097875982431119643096453
}
 
Individuo 28:
{
  "Posicao": [7. 5. 2. 0. 0.]
             [3. 1. 1. 2. 1.],
  "Velocidade": [ 1.4298559   0.         -3.80501347 -3.1677136  -7.67690175]
                [ 3.70324207 -1.57379356  0.          1.49990419  0.        ],
  "funcao_objetivo": 0.69559493000625911931264131181900744554170917856626,
  "confiabilidade_total": 0.99476159667292592216666566583820973750719379770688
}
 
Individuo 29:
{
  "Posicao": [0. 2. 0. 3. 3.]
             [2. 1. 1. 3. 1.],
  "Velocidade": [-3.83954901 -1.39159447 -6.45915586  0.77004893  0.81067726]
                [1.11525509 0.42197639 0.         3.42503978 0.        ],
  "funcao_objetivo": 0.50403546997538829780962948343999435088616222598793,
  "confiabilidade_total": 0.99593546997538813518416083634706430963259548404457
}
 
Individuo 30:
{
  "Posicao": [6. 5. 2. 7. 9.]
             [1. 1. 3. 2. 1.],
  "Velocidade": [-2.62813133  0.         -5.10207885  6.68589153  8.63027945]
                [-1.14173395 -1.68620119  2.07617853  0.71187543  0.        ],
  "funcao_objetivo": 0.74657753406629149134967795499610393806282870664322,
  "confiabilidade_total": 0.99366086739962486835178359025226119472567431821549
}
 
Individuo 31:
{
  "Posicao": [0. 9. 4. 9. 9.]
             [2. 1. 1. 1. 1.],
  "Velocidade": [-3.05935298  2.06480887  1.28275456  4.59068512  6.25143223]
                [ 1.07340522 -1.65177572  0.         -3.02275778  0.        ],
  "funcao_objetivo": 0.95808627019877954899583353292521882922136592708630,
  "confiabilidade_total": 0.95808627019877954899583353292521882922136592708630
}
 
Individuo 32:
{
  "Posicao": [4. 5. 0. 1. 1.]
             [2. 2. 1. 1. 1.],
  "Velocidade": [ 0.63923359  0.          0.36819779 -0.03957326  0.89451235]
                [ 1.27809469 -0.22725979 -1.27809469  0.25834323  0.        ],
  "funcao_objetivo": 0.88097096945691953555966828414233396651900894465293,
  "confiabilidade_total": 0.99288763612358625536901039619982703479684479060020
}
 
Individuo 33:
{
  "Posicao": [9. 6. 9. 3. 2.]
             [3. 1. 1. 1. 1.],
  "Velocidade": [ 5.28075805  1.01760938 11.31926348  2.69060944  1.86875013]
                [ 3.92579667 -3.14305179  0.          0.35328904  0.        ],
  "funcao_objetivo": 0.76436728824083581791273895959881946063801829481805,
  "confiabilidade_total": 0.96886728824083576362283305542866463392242972517694
}
 
Individuo 34:
{
  "Posicao": [0. 0. 0. 9. 5.]
             [1. 2. 1. 1. 1.],
  "Velocidade": [-5.1225979  -5.71181399 -5.06705673  7.57423402  4.95473314]
                [-2.12750666 -0.04154286  0.          0.04154286  0.        ],
  "funcao_objetivo": 0.98260162534565281994528731014260254296905619628516,
  "confiabilidade_total": 0.98260162534565281994528731014260254296905619628516
}
 
Individuo 35:
{
  "Posicao": [7. 8. 0. 1. 0.]
             [2. 1. 1. 1. 1.],
  "Velocidade": [-0.40305147  3.55689519 -7.92628667  1.04677076 -2.42572476]
                [ 0.         -2.20139015  0.         -2.09044073  0.        ],
  "funcao_objetivo": 0.97194727432598531990565893368843402056184514098317,
  "confiabilidade_total": 0.97194727432598531990565893368843402056184514098317
}
 
Individuo 36:
{
  "Posicao": [5. 9. 1. 4. 2.]
             [2. 2. 1. 1. 1.],
  "Velocidade": [ 0.86134076  8.083998    0.7079055  -2.46476123 -2.3023969 ]
                [ 0.          1.0213595   0.         -3.25313542  0.        ],
  "funcao_objetivo": 0.89920792383378242824816293241286493171258706706084,
  "confiabilidade_total": 0.98970792383378230046149279805734712895258206980742
}
 
Individuo 37:
{
  "Posicao": [9. 9. 1. 1. 1.]
             [2. 2. 1. 3. 1.],
  "Velocidade": [0.11051174 2.98515027 0.55914426 1.27011842 1.17756022]
                [ 1.34309187 -0.59957839  0.          5.25120485  0.        ],
  "funcao_objetivo": 0.17790396732292140598761597151569463431020545885751,
  "confiabilidade_total": 0.99483730065625480617117836094512045501848030016610
}
 
Individuo 38:
{
  "Posicao": [9. 5. 1. 0. 4.]
             [2. 2. 1. 1. 1.],
  "Velocidade": [ 3.53020188  0.         -5.50964755 -0.6568603   3.87138793]
                [0.01177241 0.53996257 0.         0.40114161 0.01177241],
  "funcao_objetivo": 0.91030723381598888947853663320677899969260382671357,
  "confiabilidade_total": 0.99130723381598864570131600113803163617368030567170
}
 
Individuo 39:
{
  "Posicao": [8. 6. 0. 9. 0.]
             [1. 2. 1. 1. 1.],
  "Velocidade": [ -1.26683836  -2.08607878  -7.55869436   8.62899907 -21.44349146]
                [-1.5089537  -0.30916102  0.         -3.85392962  0.13288191],
  "funcao_objetivo": 0.97181325474869745472041421627189505130221669563379,
  "confiabilidade_total": 0.97181325474869745472041421627189505130221669563379
}
 
Individuo 40:
{
  "Posicao": [5. 3. 2. 0. 1.]
             [2. 3. 1. 3. 1.],
  "Velocidade": [1.13686886 2.17274241 2.19350143 0.28973571 1.42267798]
                [-0.09526696  1.51486886  0.          1.95218665  0.09526696],
  "funcao_objetivo": 0.058414940876931893803287691581490222529132024505792,
  "confiabilidade_total": 0.99596494087693172176312779566723271848316873715228
}
 
Individuo 41:
{
  "Posicao": [4. 5. 0. 1. 1.]
             [2. 2. 1. 1. 1.],
  "Velocidade": [-4.52885884 -0.40990942 -9.13579322 -0.04121302  0.7293982 ]
                [ 0.07853514  0.26441328  0.         -0.53413103  0.07853514],
  "funcao_objetivo": 0.88097096945691953555966828414233396651900894465293,
  "confiabilidade_total": 0.99288763612358625536901039619982703479684479060020
}
 
Individuo 42:
{
  "Posicao": [5. 9. 0. 1. 1.]
             [1. 2. 1. 1. 3.],
  "Velocidade": [ -1.16865365  10.24273595 -12.0627203   -0.82198027   0.58866572]
                [-1.01371995 -0.40919103  0.         -2.60094925  2.02743991],
  "funcao_objetivo": 0.56508285909562990160157757611728253780397277749522,
  "confiabilidade_total": 0.97691619242896323064204854756667724816593032754405
}
 
Individuo 43:
{
  "Posicao": [8. 0. 7. 7. 9.]
             [2. 1. 1. 1. 1.],
  "Velocidade": [ 0.55149477 -5.18532477  7.45715277  7.18162419  9.80245263]
                [-0.47965657 -0.65039207  0.          0.17073549  0.        ],
  "funcao_objetivo": 0.97222520075199879242523066881021316893432064890973,
  "confiabilidade_total": 0.97222520075199879242523066881021316893432064890973
}
 
Individuo 44:
{
  "Posicao": [9. 0. 1. 3. 0.]
             [1. 1. 1. 3. 1.],
  "Velocidade": [ 3.54667975 -4.1872002  -4.69490391  2.66058362 -2.46999973]
                [-1.88443699  0.14381877  0.          2.37635848 -0.59058486],
  "funcao_objetivo": 0.77142305387052020078270437005616254549845779103139,
  "confiabilidade_total": 0.97425638720385356103432012128027049851976061028340
}
 
Individuo 45:
{
  "Posicao": [7. 9. 6. 4. 1.]
             [2. 2. 1. 3. 1.],
  "Velocidade": [ 6.9545647   5.56958158 -3.14288912  3.87661072  0.24862098]
                [1.19654679 0.84112899 0.         2.01365497 0.        ],
  "funcao_objetivo": 0.19496714762742605116732831789734674205519674526826,
  "confiabilidade_total": 0.99405048096075919679895562127088097443320272671357
}
 
Individuo 46:
{
  "Posicao": [5. 5. 3. 1. 0.]
             [2. 2. 1. 1. 1.],
  "Velocidade": [-0.56872819  0.         -0.7525584  -1.29091575  0.48176856]
                [ 1.23365639  1.28869785  0.          0.05504145 -1.23365639],
  "funcao_objetivo": 0.99111817229260304632426507523622426102557187749754,
  "confiabilidade_total": 0.99111817229260304632426507523622426102557187749754
}
 
Individuo 47:
{
  "Posicao": [9. 2. 5. 0. 9.]
             [1. 1. 1. 1. 1.],
  "Velocidade": [ 4.86227246 -0.86993744 -0.2660247  -9.64064118 10.42640763]
                [-1.85593999 -5.06359619  0.          0.04631841  0.        ],
  "funcao_objetivo": 0.94759369301356004337299814261891898989379751570106,
  "confiabilidade_total": 0.94759369301356004337299814261891898989379751570106
}
 
Individuo 48:
{
  "Posicao": [6. 4. 5. 9. 6.]
             [3. 3. 1. 3. 1.],
  "Velocidade": [-0.50952331  0.63895286 -2.35798267 10.89290117  5.88503392]
                [2.1361148  1.36667261 0.         1.82631128 0.        ],
  "funcao_objetivo": -0.39786693205095395284631915257021648552528578823914,
  "confiabilidade_total": 0.99901640128237930185361808997869627807029526644835
}
 
Individuo 49:
{
  "Posicao": [8. 5. 6. 4. 7.]
             [2. 2. 1. 1. 1.],
  "Velocidade": [-0.55074492 -2.5857875   0.80464992 -0.57220626 -1.77127009]
                [-0.0472149   0.71867153  0.         -0.59876927  0.0472149 ],
  "funcao_objetivo": 0.98867702698381230611870723300736323587721446821721,
  "confiabilidade_total": 0.98867702698381230611870723300736323587721446821721
}
 
Individuo 50:
{
  "Posicao": [6. 2. 2. 3. 3.]
             [2. 2. 1. 2. 1.],
  "Velocidade": [ 2.60284892 -2.04442538  1.72788621  2.95854023  2.58475487]
                [-0.08182933  1.4458196   0.         -1.34744123  0.        ],
  "funcao_objetivo": 0.53946218920194132887696602068379674448333951536269,
  "confiabilidade_total": 0.99512885586860804868630813274128981276117536130996
}
 
-----------------------------------------
-----------------------------------------
-----------------------------------------
-----------------------------------------
GERACAO 10
Populacao antes da execucao:
Individuo 1:
{
  "Posicao": [4. 5. 1. 1. 7.]
             [2. 2. 1. 3. 1.],
  "Velocidade": [-0.96935461  0.         -1.49151307 -0.67443482  7.40284694]
                [ 0.         -0.84895747  0.          2.94011421  0.        ],
  "funcao_objetivo": 0.40814368829115883442046290703838624199794362601846,
  "confiabilidade_total": 0.99612702162449238652694398617423305427597592887490
}
 
Individuo 2:
{
  "Posicao": [5. 5. 2. 1. 0.]
             [2. 1. 1. 1. 1.],
  "Velocidade": [-0.0503696  -0.03909539  1.29378831 -0.03456248 -8.13576702]
                [ 0.         -2.02459895  0.         -2.02459895  0.        ],
  "funcao_objetivo": 0.97188923942300002485075655673487738366374861683225,
  "confiabilidade_total": 0.97188923942300002485075655673487738366374861683225
}
 
Individuo 3:
{
  "Posicao": [2. 5. 6. 3. 3.]
             [2. 2. 1. 3. 1.],
  "Velocidade": [-1.55402828  0.          6.24305761  1.30401526  3.29234032]
                [0.         1.37276909 0.         4.09906069 0.        ],
  "funcao_objetivo": 0.46645651285719947874207755987107340217349397115157,
  "confiabilidade_total": 0.99595651285719944943218970976694073498961793355391
}
 
Individuo 4:
{
  "Posicao": [7. 9. 5. 1. 4.]
             [1. 3. 3. 1. 1.],
  "Velocidade": [ 1.67914113  2.59896559  3.94666949 -0.92329668 -1.54473328]
                [-3.84707569  2.02139791  2.03703051 -2.9641094   0.        ],
  "funcao_objetivo": 0.42039289805436475512627899902803808310534181817416,
  "confiabilidade_total": 0.99485956472103132509992170767440445580984773858432
}
 
Individuo 5:
{
  "Posicao": [9. 2. 1. 0. 5.]
             [2. 1. 1. 2. 1.],
  "Velocidade": [ 8.90814847  2.16742991 -0.73340766 -4.12449518 -2.73167618]
                [ 0.         -2.41298353  0.          1.33695338  0.        ],
  "funcao_objetivo": 0.85978627675461622986135944151789553585243401131819,
  "confiabilidade_total": 0.99095294342128273778463730386426286428016600213240
}
 
Individuo 6:
{
  "Posicao": [4. 0. 9. 4. 1.]
             [2. 1. 3. 3. 1.],
  "Velocidade": [  1.98904319 -11.02961712   8.77652013   2.78716167  -7.64741316]
                [ 0.53368091 -2.9512649   0.62420801  3.14151116  0.        ],
  "funcao_objetivo": -0.31457827385278275430271565778528047620940874577061,
  "confiabilidade_total": 0.99930505948055064872301767468454608798336316585048
}
 
Individuo 7:
{
  "Posicao": [9. 6. 8. 3. 0.]
             [3. 3. 2. 1. 1.],
  "Velocidade": [5.78919579 0.85315132 8.09786611 2.77968667 0.45325286]
                [1.18159803 0.88332926 1.18159803 0.29826876 0.        ],
  "funcao_objetivo": -0.011040007201241287133994794010595215150856129375022,
  "confiabilidade_total": 0.99890999279875878276564683638926056992099369362302
}
 
Individuo 8:
{
  "Posicao": [3. 9. 4. 1. 0.]
             [2. 1. 1. 2. 1.],
  "Velocidade": [-6.00358074  6.05884106 -4.57191049 -7.71460333 -5.89028389]
                [ 0.          0.10785839 -1.65194882 -0.85585284  0.        ],
  "funcao_objetivo": 0.78499292137213314549812796454235466574123236962493,
  "confiabilidade_total": 0.99007625470546644356337654894988189828386637993987
}
 
Individuo 9:
{
  "Posicao": [7. 5. 4. 0. 1.]
             [2. 1. 1. 1. 1.],
  "Velocidade": [ 6.27774649  0.          3.20795627 -2.20863213 -8.07035527]
                [ 0.14200329 -0.71416529  0.         -3.60094955  0.        ],
  "funcao_objetivo": 0.97354735019730117831133466677810982324004030639969,
  "confiabilidade_total": 0.97354735019730117831133466677810982324004030639969
}
 
Individuo 10:
{
  "Posicao": [2. 1. 2. 1. 7.]
             [2. 2. 3. 2. 3.],
  "Velocidade": [-0.86750409 -0.55600668  2.4717868   0.68142393  1.65891768]
                [0.37701649 0.87779462 3.43716366 0.57199187 3.43716366],
  "funcao_objetivo": -0.41418494952055118396574823943315994910874606636473,
  "confiabilidade_total": 0.99968171714611553202442666791379462011179684135011
}
 
Individuo 11:
{
  "Posicao": [5. 5. 3. 2. 3.]
             [1. 2. 1. 2. 1.],
  "Velocidade": [-0.67078237 -0.06581028 -1.42409265 -1.1626051  -2.5448525 ]
                [ 1.10944625e-01  4.32053909e-04  0.00000000e+00 -8.90759468e-01
  0.00000000e+00],
  "funcao_objetivo": 0.85614166441051383939495519529016315674213856823797,
  "confiabilidade_total": 0.97239166441051398427905990887309168202607125409002
}
 
Individuo 12:
{
  "Posicao": [0. 5. 0. 9. 9.]
             [1. 2. 1. 3. 1.],
  "Velocidade": [-6.26539791  0.         -5.41432934  2.06136768  6.26918885]
                [ 0.39181334  1.48278224  0.         -0.26047678  0.        ],
  "funcao_objetivo": 0.55022285326542137790541716650288458749277028611285,
  "confiabilidade_total": 0.98722285326542148848363041916847601368648442795856
}
 
Individuo 13:
{
  "Posicao": [5. 2. 9. 9. 5.]
             [1. 3. 1. 3. 1.],
  "Velocidade": [ 5.49702816 -3.70081787 10.93040479  9.99968587  5.39140285]
                [ 0.18278618 -0.38701558  0.          1.67976439  0.        ],
  "funcao_objetivo": 0.33784945058741671306335303125450289943705861666856,
  "confiabilidade_total": 0.96776611725408333783760423539859610745202367404160
}
 
Individuo 14:
{
  "Posicao": [4. 6. 4. 2. 6.]
             [2. 1. 1. 1. 1.],
  "Velocidade": [-1.86031177  2.71375846  1.07860432  0.78045024  6.45764308]
                [ 0.          0.09305327  0.         -1.29345078  0.        ],
  "funcao_objetivo": 0.85177290836835760450929130622221748040986342878438,
  "confiabilidade_total": 0.96860624170169101848182366149608753317964358778096
}
 
Individuo 15:
{
  "Posicao": [5. 4. 5. 1. 2.]
             [1. 1. 2. 1. 1.],
  "Velocidade": [-1.51761363 -3.51908356 -0.91555486 -1.42742558 -1.01827752]
                [ 0.15421371  0.23888747 -0.14620819 -1.71029101  0.        ],
  "funcao_objetivo": 0.97209220561182842576610364643862232929418424810445,
  "confiabilidade_total": 0.97209220561182842576610364643862232929418424810445
}
 
Individuo 16:
{
  "Posicao": [7. 5. 9. 1. 1.]
             [2. 2. 1. 1. 1.],
  "Velocidade": [-1.43943924  0.          0.85124868  0.65516349 -1.16554743]
                [ 0.17810071 -0.75253042  0.          0.36203521  0.        ],
  "funcao_objetivo": 0.98975934770463761164438898909451142707191794692313,
  "confiabilidade_total": 0.98975934770463761164438898909451142707191794692313
}
 
Individuo 17:
{
  "Posicao": [4. 6. 2. 0. 2.]
             [3. 2. 1. 1. 1.],
  "Velocidade": [-2.88606044  1.02794846 -3.95142243 -3.42518567  1.76901118]
                [ 1.0446068  -0.27343607  0.04842309  0.32143043  0.        ],
  "funcao_objetivo": 0.50109769541213688893218138208129284211169576314592,
  "confiabilidade_total": 0.99576436207880328949689276317502271157424544957780
}
 
Individuo 18:
{
  "Posicao": [8. 2. 1. 0. 0.]
             [1. 1. 1. 2. 1.],
  "Velocidade": [  8.24562821  -4.04851589   1.06874445   0.41434576 -11.22124956]
                [-2.32768497  0.0951502   0.          0.83083241  0.        ],
  "funcao_objetivo": 0.97389218958124984139290193207556287721287358570000,
  "confiabilidade_total": 0.97389218958124984139290193207556287721287358570000
}
 
Individuo 19:
{
  "Posicao": [4. 7. 0. 6. 0.]
             [2. 1. 1. 1. 1.],
  "Velocidade": [-4.6950901   5.82979204 -7.67269989  0.51839648 -7.56814153]
                [ 0.         -2.03432064  0.         -1.96873233  0.        ],
  "funcao_objetivo": 0.94759865715904704127493980912115071816965158690082,
  "confiabilidade_total": 0.96601532382571365722291796749524942981674488295185
}
 
Individuo 20:
{
  "Posicao": [2. 5. 0. 2. 3.]
             [2. 1. 1. 2. 1.],
  "Velocidade": [ 0.18739208  0.         -4.53039334  1.79859527  3.06545882]
                [-0.03897381  0.11542646  0.          1.07677782  0.        ],
  "funcao_objetivo": 0.75806553345300035408199933180297015726356125204282,
  "confiabilidade_total": 0.99198220011966696020450372224443348616151428549009
}
 
Individuo 21:
{
  "Posicao": [5. 6. 7. 4. 0.]
             [2. 1. 1. 3. 1.],
  "Velocidade": [ 5.41930578  4.59277918  6.50982698 -4.97647541 -9.21125747]
                [0.         0.0741461  0.         1.66843547 0.        ],
  "funcao_objetivo": 0.63771833197886379110217531050012679545861230221037,
  "confiabilidade_total": 0.99123499864553038826517989221657684313785777416472
}
 
Individuo 22:
{
  "Posicao": [7. 5. 7. 1. 2.]
             [2. 3. 1. 1. 1.],
  "Velocidade": [ 1.36171899 -0.31975248  4.83570709  1.43985509  1.87295801]
                [-0.31975248  1.82604108 -1.4593368   0.45747791  0.        ],
  "funcao_objetivo": 0.93148117922210051924755637522488387384150461449678,
  "confiabilidade_total": 0.99373117922210063004781423281550660811994508996065
}
 
Individuo 23:
{
  "Posicao": [2. 4. 0. 9. 9.]
             [3. 2. 1. 2. 1.],
  "Velocidade": [-3.57616003  2.71085763 -6.38767599  4.68890729  4.53325288]
                [ 1.09734697  0.67411507 -2.18170166  0.13264985  0.        ],
  "funcao_objetivo": 0.14478498180319848395055959808491385498374897317083,
  "confiabilidade_total": 0.99833498180319845934801737239144491919607120827826
}
 
Individuo 24:
{
  "Posicao": [8. 5. 8. 0. 1.]
             [3. 1. 1. 1. 1.],
  "Velocidade": [  3.89171877   0.           7.62960289 -11.47912991  -0.11313203]
                [ 1.13180999 -2.86742517  0.         -3.19650188  0.        ],
  "funcao_objetivo": 0.97692861962066366485515043845379403308242377634833,
  "confiabilidade_total": 0.97692861962066366485515043845379403308242377634833
}
 
Individuo 25:
{
  "Posicao": [0. 3. 2. 0. 0.]
             [3. 3. 1. 1. 1.],
  "Velocidade": [-10.66136384  -3.18670212  -4.37729878  -1.54954192 -12.12810424]
                [ 3.98010728  0.72486625  0.         -5.3103758   0.        ],
  "funcao_objetivo": 0.15181481835848596593550526472748805515800662989457,
  "confiabilidade_total": 0.99936481835848588049274128957544070415531345362504
}
 
Individuo 26:
{
  "Posicao": [1. 6. 6. 2. 1.]
             [3. 2. 1. 2. 1.],
  "Velocidade": [-2.99463899  1.83395905  6.22357564 -2.33379046  0.199069  ]
                [ 1.24686694  1.29767029  0.         -0.65779136  0.        ],
  "funcao_objetivo": 0.36490982102271772575933545995950317677967719459076,
  "confiabilidade_total": 0.99847648768938433712209252663170537647717170142670
}
 
Individuo 27:
{
  "Posicao": [7. 9. 2. 0. 1.]
             [2. 2. 1. 2. 1.],
  "Velocidade": [ 2.66181391  5.51518769  0.72655254 -1.60826389  1.00026911]
                [ 1.22388543 -0.45579422  0.          0.71560223  0.26614199],
  "funcao_objetivo": 0.55693538952107301021031241587466129941290579680925,
  "confiabilidade_total": 0.99488538952107293289438098097875982431119643096453
}
 
Individuo 28:
{
  "Posicao": [7. 5. 2. 0. 0.]
             [3. 1. 1. 2. 1.],
  "Velocidade": [ 1.4298559   0.         -3.80501347 -3.1677136  -7.67690175]
                [ 3.70324207 -1.57379356  0.          1.49990419  0.        ],
  "funcao_objetivo": 0.69559493000625911931264131181900744554170917856626,
  "confiabilidade_total": 0.99476159667292592216666566583820973750719379770688
}
 
Individuo 29:
{
  "Posicao": [0. 2. 0. 3. 3.]
             [2. 1. 1. 3. 1.],
  "Velocidade": [-3.83954901 -1.39159447 -6.45915586  0.77004893  0.81067726]
                [1.11525509 0.42197639 0.         3.42503978 0.        ],
  "funcao_objetivo": 0.50403546997538829780962948343999435088616222598793,
  "confiabilidade_total": 0.99593546997538813518416083634706430963259548404457
}
 
Individuo 30:
{
  "Posicao": [6. 5. 2. 7. 9.]
             [1. 1. 3. 2. 1.],
  "Velocidade": [-2.62813133  0.         -5.10207885  6.68589153  8.63027945]
                [-1.14173395 -1.68620119  2.07617853  0.71187543  0.        ],
  "funcao_objetivo": 0.74657753406629149134967795499610393806282870664322,
  "confiabilidade_total": 0.99366086739962486835178359025226119472567431821549
}
 
Individuo 31:
{
  "Posicao": [0. 9. 4. 9. 9.]
             [2. 1. 1. 1. 1.],
  "Velocidade": [-3.05935298  2.06480887  1.28275456  4.59068512  6.25143223]
                [ 1.07340522 -1.65177572  0.         -3.02275778  0.        ],
  "funcao_objetivo": 0.95808627019877954899583353292521882922136592708630,
  "confiabilidade_total": 0.95808627019877954899583353292521882922136592708630
}
 
Individuo 32:
{
  "Posicao": [4. 5. 0. 1. 1.]
             [2. 2. 1. 1. 1.],
  "Velocidade": [ 0.63923359  0.          0.36819779 -0.03957326  0.89451235]
                [ 1.27809469 -0.22725979 -1.27809469  0.25834323  0.        ],
  "funcao_objetivo": 0.88097096945691953555966828414233396651900894465293,
  "confiabilidade_total": 0.99288763612358625536901039619982703479684479060020
}
 
Individuo 33:
{
  "Posicao": [9. 6. 9. 3. 2.]
             [3. 1. 1. 1. 1.],
  "Velocidade": [ 5.28075805  1.01760938 11.31926348  2.69060944  1.86875013]
                [ 3.92579667 -3.14305179  0.          0.35328904  0.        ],
  "funcao_objetivo": 0.76436728824083581791273895959881946063801829481805,
  "confiabilidade_total": 0.96886728824083576362283305542866463392242972517694
}
 
Individuo 34:
{
  "Posicao": [0. 0. 0. 9. 5.]
             [1. 2. 1. 1. 1.],
  "Velocidade": [-5.1225979  -5.71181399 -5.06705673  7.57423402  4.95473314]
                [-2.12750666 -0.04154286  0.          0.04154286  0.        ],
  "funcao_objetivo": 0.98260162534565281994528731014260254296905619628516,
  "confiabilidade_total": 0.98260162534565281994528731014260254296905619628516
}
 
Individuo 35:
{
  "Posicao": [7. 8. 0. 1. 0.]
             [2. 1. 1. 1. 1.],
  "Velocidade": [-0.40305147  3.55689519 -7.92628667  1.04677076 -2.42572476]
                [ 0.         -2.20139015  0.         -2.09044073  0.        ],
  "funcao_objetivo": 0.97194727432598531990565893368843402056184514098317,
  "confiabilidade_total": 0.97194727432598531990565893368843402056184514098317
}
 
Individuo 36:
{
  "Posicao": [5. 9. 1. 4. 2.]
             [2. 2. 1. 1. 1.],
  "Velocidade": [ 0.86134076  8.083998    0.7079055  -2.46476123 -2.3023969 ]
                [ 0.          1.0213595   0.         -3.25313542  0.        ],
  "funcao_objetivo": 0.89920792383378242824816293241286493171258706706084,
  "confiabilidade_total": 0.98970792383378230046149279805734712895258206980742
}
 
Individuo 37:
{
  "Posicao": [9. 9. 1. 1. 1.]
             [2. 2. 1. 3. 1.],
  "Velocidade": [0.11051174 2.98515027 0.55914426 1.27011842 1.17756022]
                [ 1.34309187 -0.59957839  0.          5.25120485  0.        ],
  "funcao_objetivo": 0.17790396732292140598761597151569463431020545885751,
  "confiabilidade_total": 0.99483730065625480617117836094512045501848030016610
}
 
Individuo 38:
{
  "Posicao": [9. 5. 1. 0. 4.]
             [2. 2. 1. 1. 1.],
  "Velocidade": [ 3.53020188  0.         -5.50964755 -0.6568603   3.87138793]
                [0.01177241 0.53996257 0.         0.40114161 0.01177241],
  "funcao_objetivo": 0.91030723381598888947853663320677899969260382671357,
  "confiabilidade_total": 0.99130723381598864570131600113803163617368030567170
}
 
Individuo 39:
{
  "Posicao": [8. 6. 0. 9. 0.]
             [1. 2. 1. 1. 1.],
  "Velocidade": [ -1.26683836  -2.08607878  -7.55869436   8.62899907 -21.44349146]
                [-1.5089537  -0.30916102  0.         -3.85392962  0.13288191],
  "funcao_objetivo": 0.97181325474869745472041421627189505130221669563379,
  "confiabilidade_total": 0.97181325474869745472041421627189505130221669563379
}
 
Individuo 40:
{
  "Posicao": [5. 3. 2. 0. 1.]
             [2. 3. 1. 3. 1.],
  "Velocidade": [1.13686886 2.17274241 2.19350143 0.28973571 1.42267798]
                [-0.09526696  1.51486886  0.          1.95218665  0.09526696],
  "funcao_objetivo": 0.058414940876931893803287691581490222529132024505792,
  "confiabilidade_total": 0.99596494087693172176312779566723271848316873715228
}
 
Individuo 41:
{
  "Posicao": [4. 5. 0. 1. 1.]
             [2. 2. 1. 1. 1.],
  "Velocidade": [-4.52885884 -0.40990942 -9.13579322 -0.04121302  0.7293982 ]
                [ 0.07853514  0.26441328  0.         -0.53413103  0.07853514],
  "funcao_objetivo": 0.88097096945691953555966828414233396651900894465293,
  "confiabilidade_total": 0.99288763612358625536901039619982703479684479060020
}
 
Individuo 42:
{
  "Posicao": [5. 9. 0. 1. 1.]
             [1. 2. 1. 1. 3.],
  "Velocidade": [ -1.16865365  10.24273595 -12.0627203   -0.82198027   0.58866572]
                [-1.01371995 -0.40919103  0.         -2.60094925  2.02743991],
  "funcao_objetivo": 0.56508285909562990160157757611728253780397277749522,
  "confiabilidade_total": 0.97691619242896323064204854756667724816593032754405
}
 
Individuo 43:
{
  "Posicao": [8. 0. 7. 7. 9.]
             [2. 1. 1. 1. 1.],
  "Velocidade": [ 0.55149477 -5.18532477  7.45715277  7.18162419  9.80245263]
                [-0.47965657 -0.65039207  0.          0.17073549  0.        ],
  "funcao_objetivo": 0.97222520075199879242523066881021316893432064890973,
  "confiabilidade_total": 0.97222520075199879242523066881021316893432064890973
}
 
Individuo 44:
{
  "Posicao": [9. 0. 1. 3. 0.]
             [1. 1. 1. 3. 1.],
  "Velocidade": [ 3.54667975 -4.1872002  -4.69490391  2.66058362 -2.46999973]
                [-1.88443699  0.14381877  0.          2.37635848 -0.59058486],
  "funcao_objetivo": 0.77142305387052020078270437005616254549845779103139,
  "confiabilidade_total": 0.97425638720385356103432012128027049851976061028340
}
 
Individuo 45:
{
  "Posicao": [7. 9. 6. 4. 1.]
             [2. 2. 1. 3. 1.],
  "Velocidade": [ 6.9545647   5.56958158 -3.14288912  3.87661072  0.24862098]
                [1.19654679 0.84112899 0.         2.01365497 0.        ],
  "funcao_objetivo": 0.19496714762742605116732831789734674205519674526826,
  "confiabilidade_total": 0.99405048096075919679895562127088097443320272671357
}
 
Individuo 46:
{
  "Posicao": [5. 5. 3. 1. 0.]
             [2. 2. 1. 1. 1.],
  "Velocidade": [-0.56872819  0.         -0.7525584  -1.29091575  0.48176856]
                [ 1.23365639  1.28869785  0.          0.05504145 -1.23365639],
  "funcao_objetivo": 0.99111817229260304632426507523622426102557187749754,
  "confiabilidade_total": 0.99111817229260304632426507523622426102557187749754
}
 
Individuo 47:
{
  "Posicao": [9. 2. 5. 0. 9.]
             [1. 1. 1. 1. 1.],
  "Velocidade": [ 4.86227246 -0.86993744 -0.2660247  -9.64064118 10.42640763]
                [-1.85593999 -5.06359619  0.          0.04631841  0.        ],
  "funcao_objetivo": 0.94759369301356004337299814261891898989379751570106,
  "confiabilidade_total": 0.94759369301356004337299814261891898989379751570106
}
 
Individuo 48:
{
  "Posicao": [6. 4. 5. 9. 6.]
             [3. 3. 1. 3. 1.],
  "Velocidade": [-0.50952331  0.63895286 -2.35798267 10.89290117  5.88503392]
                [2.1361148  1.36667261 0.         1.82631128 0.        ],
  "funcao_objetivo": -0.39786693205095395284631915257021648552528578823914,
  "confiabilidade_total": 0.99901640128237930185361808997869627807029526644835
}
 
Individuo 49:
{
  "Posicao": [8. 5. 6. 4. 7.]
             [2. 2. 1. 1. 1.],
  "Velocidade": [-0.55074492 -2.5857875   0.80464992 -0.57220626 -1.77127009]
                [-0.0472149   0.71867153  0.         -0.59876927  0.0472149 ],
  "funcao_objetivo": 0.98867702698381230611870723300736323587721446821721,
  "confiabilidade_total": 0.98867702698381230611870723300736323587721446821721
}
 
Individuo 50:
{
  "Posicao": [6. 2. 2. 3. 3.]
             [2. 2. 1. 2. 1.],
  "Velocidade": [ 2.60284892 -2.04442538  1.72788621  2.95854023  2.58475487]
                [-0.08182933  1.4458196   0.         -1.34744123  0.        ],
  "funcao_objetivo": 0.53946218920194132887696602068379674448333951536269,
  "confiabilidade_total": 0.99512885586860804868630813274128981276117536130996
}
 
-----------------------------------------
Populacao final da era:
Individuo 1:
{
  "Posicao": [9. 5. 9. 0. 0.]
             [2. 1. 1. 1. 1.],
  "Velocidade": [  5.97800551   0.           9.91991095  -0.61610784 -10.34972198]
                [ 0.         -0.77553729  0.         -2.20339792  0.        ],
  "funcao_objetivo": 0.97159283088511671559092433551627141253875060688818,
  "confiabilidade_total": 0.97159283088511671559092433551627141253875060688818
}
 
Individuo 2:
{
  "Posicao": [5. 5. 3. 1. 7.]
             [2. 1. 1. 3. 1.],
  "Velocidade": [-0.0460135  -0.03571431  1.18189794 -0.03157342  7.43216349]
                [0.         0.49220829 0.         1.84950606 0.        ],
  "funcao_objetivo": 0.84758035968471404471599071430666320499114518380647,
  "confiabilidade_total": 0.99083035968471421011146580783935881460167293763643
}
 
Individuo 3:
{
  "Posicao": [9. 5. 7. 0. 0.]
             [2. 3. 1. 1. 1.],
  "Velocidade": [14.27009791  0.          0.59798625 -4.75015502 -3.64527139]
                [ 0.          1.25404824  0.         -2.19683282  0.        ],
  "funcao_objetivo": 0.72641553787831303393426354879563395205928889161102,
  "confiabilidade_total": 0.99294887121164621171794964531370159510566798096649
}
 
Individuo 4:
{
  "Posicao": [9. 9. 9. 2. 7.]
             [3. 2. 2. 3. 1.],
  "Velocidade": [2.5832483  0.20463201 8.38049833 1.29066043 2.82161521]
                [ 2.97197802 -0.82991798 -1.3580293   2.70776506  0.        ],
  "funcao_objetivo": -0.43902456687532894149992727538028978110676722024289,
  "confiabilidade_total": 0.99945876645800450557945567421574830709570928122195
}
 
Individuo 5:
{
  "Posicao": [6. 8. 4. 2. 0.]
             [2. 2. 1. 1. 1.],
  "Velocidade": [-3.17688522  6.1015304   3.2901961   2.39394888 -9.36467629]
                [ 0.          0.83045348  0.         -0.79910063  0.        ],
  "funcao_objetivo": 0.85738378418986706328011855084534161270108419931792,
  "confiabilidade_total": 0.99030045085653388500793432349220509186830717600249
}
 
Individuo 6:
{
  "Posicao": [6. 8. 9. 5. 0.]
             [2. 3. 3. 1. 1.],
  "Velocidade": [ 1.73607722  8.45490121  5.34320366  1.16849681 -7.31021267]
                [ 0.28496827  2.37186254 -0.28067136 -1.81637003  0.        ],
  "funcao_objetivo": 0.10242886271141594504784875998543242901947242074510,
  "confiabilidade_total": 0.99831219604474908783730512031856591791298133187792
}
 
Individuo 7:
{
  "Posicao": [9. 5. 9. 3. 2.]
             [3. 2. 2. 1. 1.],
  "Velocidade": [ 3.22805227 -0.60278199  2.57276156 -0.22500916  1.57009557]
                [-0.30274026 -0.57521392 -0.30274026  0.27247366  0.        ],
  "funcao_objetivo": 0.29808858266605780063189707432329589734977855388864,
  "confiabilidade_total": 0.99507191599939092219388920382343633334344997112496
}
 
Individuo 8:
{
  "Posicao": [7. 4. 7. 0. 2.]
             [2. 1. 3. 1. 1.],
  "Velocidade": [ 4.38630226 -4.67010638  2.64148913 -9.43152106  1.77141766]
                [ 0.          0.26567318  1.50908374 -0.94897901  0.        ],
  "funcao_objetivo": 0.69791720273448055002740989523923853274443856636984,
  "confiabilidade_total": 0.98215053606781377683854475920421900089839211861594
}
 
Individuo 9:
{
  "Posicao": [5. 5. 9. 1. 9.]
             [3. 2. 1. 3. 1.],
  "Velocidade": [-1.7683436   0.          4.75255841  0.59733898  7.52642126]
                [2.46102453 0.76788226 0.         3.28952952 0.        ],
  "funcao_objetivo": 0.31111124453594591532189609256198990826905942311127,
  "confiabilidade_total": 0.99799457786927931657127258563156600778402066578705
}
 
Individuo 10:
{
  "Posicao": [6. 6. 6. 1. 0.]
             [2. 2. 3. 2. 3.],
  "Velocidade": [ 4.35232055  5.1646068   4.4840302   0.17729045 -7.07586877]
                [ 0.34441107  0.35667847 -0.30364404 -0.45040562 -0.30364404],
  "funcao_objetivo": -0.62106919049088671200044254220452572625912664007424,
  "confiabilidade_total": 0.99938080950911323399830954002786014753542902398826
}
 
Individuo 11:
{
  "Posicao": [5. 3. 1. 2. 2.]
             [1. 2. 1. 1. 1.],
  "Velocidade": [ 0.25191912 -1.50126946 -2.25295811 -0.28470395 -1.43384971]
                [ 0.18868435 -0.28783544  0.         -0.90105866  0.        ],
  "funcao_objetivo": 0.95046559695596354530646493334491428864576180929175,
  "confiabilidade_total": 0.97204893028929690590502537976438366054944952482215
}
 
Individuo 12:
{
  "Posicao": [2. 5. 7. 0. 3.]
             [2. 1. 1. 1. 1.],
  "Velocidade": [  1.65420646   0.           6.56835661 -10.87279586  -5.64998387]
                [ 1.35773837 -1.02415775  0.         -2.23757028  0.        ],
  "funcao_objetivo": 0.97408355272716573126351761865807598904239527809699,
  "confiabilidade_total": 0.97408355272716573126351761865807598904239527809699
}
 
Individuo 13:
{
  "Posicao": [5. 9. 2. 6. 5.]
             [2. 1. 1. 1. 1.],
  "Velocidade": [ 0.32387529  7.01419488 -7.37974336 -2.92581424 -0.49880822]
                [ 1.43967806 -3.50534704  0.         -1.95045667  0.        ],
  "funcao_objetivo": 0.96003209774344107976101701985588957186167828045564,
  "confiabilidade_total": 0.96003209774344107976101701985588957186167828045564
}
 
Individuo 14:
{
  "Posicao": [6. 6. 3. 1. 0.]
             [2. 3. 1. 2. 1.],
  "Velocidade": [ 1.63085283  0.31497768 -1.01046682 -1.45113273 -7.08535654]
                [0.         1.66599713 0.         0.59849348 0.        ],
  "funcao_objetivo": 0.31161192526242134520694819766388694953598734934736,
  "confiabilidade_total": 0.99534525859575467704518119116867614176549670298505
}
 
Individuo 15:
{
  "Posicao": [9. 8. 4. 2. 1.]
             [1. 1. 3. 3. 1.],
  "Velocidade": [ 5.73007012  4.04713388 -1.27269836  1.06816756 -1.22109621]
                [0.28631795 0.36366889 2.09314068 1.56238034 0.        ],
  "funcao_objetivo": 0.24613400340594300663448820307725411631358593518453,
  "confiabilidade_total": 0.99868400340594289232592558767113671429646938855367
}
 
Individuo 16:
{
  "Posicao": [3. 5. 0. 1. 0.]
             [2. 1. 1. 1. 1.],
  "Velocidade": [-3.89582616  0.         -9.27135104  0.3082392  -2.7905804 ]
                [ 0.16269807 -0.68744952  0.          0.33072541  0.        ],
  "funcao_objetivo": 0.97372100874416654751074982917549285962977450417535,
  "confiabilidade_total": 0.97372100874416654751074982917549285962977450417535
}
 
Individuo 17:
{
  "Posicao": [8. 4. 8. 2. 0.]
             [1. 2. 1. 1. 1.],
  "Velocidade": [ 4.41431183 -2.21116875  6.14170851  1.929029   -2.73413236]
                [-2.19595107 -0.24978857  0.04423533  0.29363225  0.        ],
  "funcao_objetivo": 0.96255752244538986182122696172402531269936898248060,
  "confiabilidade_total": 0.96255752244538986182122696172402531269936898248060
}
 
Individuo 18:
{
  "Posicao": [9. 1. 3. 1. 9.]
             [2. 2. 1. 2. 1.],
  "Velocidade": [ 4.68405732 -0.84992283  1.92580525  1.32800076 10.25080501]
                [ 1.17689161  1.03641011  0.         -0.19050902  0.        ],
  "funcao_objetivo": 0.50210338917186485558721446270211905755582582543754,
  "confiabilidade_total": 0.99377005583853146859310160581955293708029520104789
}
 
Individuo 19:
{
  "Posicao": [1. 9. 6. 4. 6.]
             [2. 2. 1. 3. 1.],
  "Velocidade": [-2.50651351  2.69428112  5.77840437 -1.90298659  5.97989772]
                [0.         1.24301734 0.         1.79847094 0.        ],
  "funcao_objetivo": 0.14074169390295122379245660741772119645625344466981,
  "confiabilidade_total": 0.99605836056961811537550508947943419907838097762880
}
 
Individuo 20:
{
  "Posicao": [4. 5. 3. 3. 5.]
             [2. 1. 1. 3. 1.],
  "Velocidade": [1.52652582 0.         2.515009   0.95125999 1.68501742]
                [-0.03560325  0.3172162   0.          0.77188297  0.        ],
  "funcao_objetivo": 0.61157339351118706881488706181701513293360491376619,
  "confiabilidade_total": 0.99124006017785349907806435163368245872830172162752
}
 
Individuo 21:
{
  "Posicao": [5. 4. 1. 2. 1.]
             [2. 2. 1. 1. 1.],
  "Velocidade": [-0.15608003 -1.92248692 -6.25935675 -2.47346852  1.2652495 ]
                [ 0.          1.07909433  0.         -2.54126032  0.        ],
  "funcao_objetivo": 0.85971132440493329379386982064949506401170762726620,
  "confiabilidade_total": 0.99212799107160008732202076781738241641868623444393
}
 
Individuo 22:
{
  "Posicao": [9. 5. 9. 2. 0.]
             [2. 1. 2. 3. 1.],
  "Velocidade": [ 2.19847718 -0.29209941  3.39470757  1.31533246 -1.87996751]
                [-0.29209941 -3.53645623  1.33312934  2.69064914  0.        ],
  "funcao_objetivo": 0.26359172074847803898880148517849927520496470066140,
  "confiabilidade_total": 0.99767505408181140444458766433302851146204096408913
}
 
Individuo 23:
{
  "Posicao": [9. 9. 5. 0. 0.]
             [2. 1. 3. 1. 1.],
  "Velocidade": [  6.52222843   4.94070016   5.08396126 -16.62901075 -14.44297389]
                [-1.46183959 -0.58231296  1.9930221  -1.14497834  0.        ],
  "funcao_objetivo": 0.64732494227086916730718040070122472329359330689517,
  "confiabilidade_total": 0.97885827560420251384476624024308651073198594605533
}
 
Individuo 24:
{
  "Posicao": [8. 5. 9. 9. 0.]
             [3. 3. 1. 3. 1.],
  "Velocidade": [ 0.47061881  0.          0.80070702  9.45820536 -1.13152586]
                [-0.00575014  1.59126455  0.          2.9200596   0.        ],
  "funcao_objetivo": -0.099028855629640009814220839575306931198861237354675,
  "confiabilidade_total": 0.99880447770369331789398250232389993065473831098517
}
 
Individuo 25:
{
  "Posicao": [0. 3. 3. 0. 9.]
             [1. 2. 1. 3. 1.],
  "Velocidade": [ 0.25515222  0.49864568  0.80028679  0.28934325 10.11942746]
                [-1.93102013 -1.0426987   0.          4.85111988  0.        ],
  "funcao_objetivo": 0.41803696246229131392592548682352583181263678933918,
  "confiabilidade_total": 0.98257029579562447883102449768977760594488852884114
}
 
Individuo 26:
{
  "Posicao": [9. 0. 9. 6. 0.]
             [1. 3. 1. 1. 1.],
  "Velocidade": [ 13.84098018 -10.18832052   6.75331509   3.64897437  -2.8595178 ]
                [-4.10791205  3.39101993  0.         -3.64227452  0.        ],
  "funcao_objetivo": 0.68835954012869955359940156267419621209912813912677,
  "confiabilidade_total": 0.96159287346203279839614942556671263511591471444415
}
 
Individuo 27:
{
  "Posicao": [7. 9. 4. 0. 2.]
             [2. 1. 1. 2. 1.],
  "Velocidade": [0.39373833 2.2692361  1.97048446 0.20314358 0.54820888]
                [-0.18872574 -1.72314207  0.          0.28816078  0.2431253 ],
  "funcao_objetivo": 0.84254485913093645187090944047605040780888440468052,
  "confiabilidade_total": 0.98916152579760288192314435561393799092309119560460
}
 
Individuo 28:
{
  "Posicao": [8. 5. 6. 3. 3.]
             [1. 2. 1. 3. 1.],
  "Velocidade": [0.70250188 0.         4.48380184 2.59191294 3.03310852]
                [-1.75450288  1.13583949  0.          1.06834027  0.        ],
  "funcao_objetivo": 0.69672542289436046929806017293286000299685799784743,
  "confiabilidade_total": 0.96889208956102708163781350127519995826714837260329
}
 
Individuo 29:
{
  "Posicao": [7. 5. 4. 0. 4.]
             [3. 1. 1. 1. 1.],
  "Velocidade": [ 6.74276522  3.18017606  4.14512274 -3.67977315  0.53598122]
                [ 1.01880476  0.45367819  0.         -1.57683023  0.        ],
  "funcao_objetivo": 0.93554720966592955329813306421262712166146380278049,
  "confiabilidade_total": 0.97679720966592957605770506902833620034591299864231
}
 
Individuo 30:
{
  "Posicao": [5. 5. 4. 2. 3.]
             [2. 2. 2. 2. 1.],
  "Velocidade": [-0.68216163  0.          1.96723986 -4.5691429  -6.47430184]
                [ 0.55236312  1.04969658 -1.29408865  0.15963319  0.        ],
  "funcao_objetivo": 0.54550321081552456553861128545960730029202498124239,
  "confiabilidade_total": 0.99855321081552456035456364985051697935142986105082
}
 
Individuo 31:
{
  "Posicao": [6. 4. 3. 1. 1.]
             [3. 1. 1. 3. 1.],
  "Velocidade": [ 5.90611246 -4.90958678 -0.57727373 -8.16136518 -7.72489268]
                [0.56836906 0.39613328 0.         2.76134137 0.        ],
  "funcao_objetivo": 0.28820074678991693694525391408445605228877736756752,
  "confiabilidade_total": 0.99583408012325032886875700030271721224523259828041
}
 
Individuo 32:
{
  "Posicao": [9. 5. 9. 1. 2.]
             [3. 2. 2. 1. 1.],
  "Velocidade": [ 5.8035217   0.          9.52245463 -0.03615086  0.60974957]
                [ 1.16756154 -0.20760574  1.16756154  0.236001    0.        ],
  "funcao_objetivo": 0.30489442346969162015356409561343405726935569678985,
  "confiabilidade_total": 0.99582775680302474189319190905359953973080818092071
}
 
Individuo 33:
{
  "Posicao": [7. 4. 9. 1. 4.]
             [2. 3. 1. 3. 1.],
  "Velocidade": [-2.27820693 -1.54686695  0.01407821 -2.49502321  2.36141851]
                [-1.1098123   1.79656745  0.          1.72454173  0.        ],
  "funcao_objetivo": -0.11792539482572657215425771525268810643695319880535,
  "confiabilidade_total": 0.99429127184094000359254472144449227647043739567707
}
 
Individuo 34:
{
  "Posicao": [3. 4. 4. 9. 8.]
             [3. 2. 1. 1. 1.],
  "Velocidade": [3.37883471 3.91709377 4.10854498 4.83799849 3.22548736]
                [ 1.68336467 -0.03795012  0.          0.03795012  0.        ],
  "funcao_objetivo": 0.47967742261053717164969773684294008255044298756601,
  "confiabilidade_total": 0.99409408927720372159491708125148246601263361561777
}
 
Individuo 35:
{
  "Posicao": [6. 8. 2. 1. 1.]
             [2. 3. 1. 2. 1.],
  "Velocidade": [-0.78419309  0.3689523   1.56001958  0.20413152  0.71171816]
                [0.         1.80300856 0.         1.15754204 0.        ],
  "funcao_objetivo": 0.47040853254742223211614757489100399662362991429207,
  "confiabilidade_total": 0.99579186588075546216913367076144156281458793736336
}
 
Individuo 36:
{
  "Posicao": [0. 9. 9. 1. 0.]
             [2. 1. 1. 3. 1.],
  "Velocidade": [-6.59786036  2.56868669 10.71238211 -2.90985657 -1.55748773]
                [ 0.         -0.54391248  0.          2.97179532  0.        ],
  "funcao_objetivo": 0.44586883509869419234979749908995761459388041629443,
  "confiabilidade_total": 0.99355216843202754768034969366305920218743586673388
}
 
Individuo 37:
{
  "Posicao": [7. 9. 8. 3. 4.]
             [2. 1. 1. 1. 1.],
  "Velocidade": [-1.58421994  0.01461941  6.83843858  2.18746761  2.9656112 ]
                [ 0.19974506 -0.5477252   0.         -2.41369024  0.        ],
  "funcao_objetivo": 0.96120529969773932492964679488916590583945192444644,
  "confiabilidade_total": 0.96120529969773932492964679488916590583945192444644
}
 
Individuo 38:
{
  "Posicao": [9. 5. 0. 0. 3.]
             [2. 2. 1. 2. 1.],
  "Velocidade": [ 0.79586871  0.         -0.75817141  0.23731056 -0.84857395]
                [ 0.0107543  -0.48479588  0.          1.34451078  0.0107543 ],
  "funcao_objetivo": 0.58650788478636925187461646500552827284920876620476,
  "confiabilidade_total": 0.99527455145303605770403852502015009315002625582878
}
 
Individuo 39:
{
  "Posicao": [7. 4. 7. 9. 9.]
             [2. 2. 1. 3. 1.],
  "Velocidade": [-1.1737382  -1.91115544  6.89402467  7.83884747 19.5889993 ]
                [ 1.37296873 -0.28242393  0.          3.52063118  0.12138992],
  "funcao_objetivo": 0.19306523572951535186661096578662293934158640191957,
  "confiabilidade_total": 0.99391523572951530266152651439968506776623087213442
}
 
Individuo 40:
{
  "Posicao": [7. 8. 7. 1. 3.]
             [2. 2. 1. 2. 1.],
  "Velocidade": [2.24556779 4.90312507 5.02134757 1.12031304 1.65102488]
                [-0.08702802 -0.67879411  0.         -0.53142199  0.08702802],
  "funcao_objetivo": 0.78351035391487549223829939283640829651934739547525,
  "confiabilidade_total": 0.99351035391487558161125287516150980062169667678628
}
 
Individuo 41:
{
  "Posicao": [4. 5. 0. 0. 2.]
             [2. 1. 1. 1. 1.],
  "Velocidade": [-0.20221434 -0.37445933  0.47575204 -0.98269023  0.51150722]
                [ 0.0717432  -0.70349534  0.          0.45710352  0.0717432 ],
  "funcao_objetivo": 0.93041437105481560802478586214421094349119901295741,
  "confiabilidade_total": 0.97624770438814893811996870698750436725560664769252
}
 
Individuo 42:
{
  "Posicao": [7. 9. 1. 0. 1.]
             [2. 1. 1. 2. 1.],
  "Velocidade": [ 2.02970331  0.46470695  0.89503616 -0.75089315 -0.39475905]
                [ 1.0388942  -1.40623258  0.          1.34358248 -2.07778841],
  "funcao_objetivo": 0.87032842240177747924206849042960318080208706121465,
  "confiabilidade_total": 0.99097842240177736505007929260912721552945183973333
}
 
Individuo 43:
{
  "Posicao": [6. 1. 9. 9. 9.]
             [2. 1. 1. 1. 1.],
  "Velocidade": [-1.60507856  1.22208604  3.2974401   2.34278047  2.62807392]
                [-0.43817455  0.10881514  0.          0.15596982  0.        ],
  "funcao_objetivo": 0.96632351500161484456868252207573489870081661875872,
  "confiabilidade_total": 0.96632351500161484456868252207573489870081661875872
}
 
Individuo 44:
{
  "Posicao": [9. 1. 1. 3. 1.]
             [2. 2. 1. 3. 1.],
  "Velocidade": [ 1.47590118  0.77727542  0.36583357 -0.13701546  1.4136481 ]
                [ 1.2804527   0.57239392  0.         -0.39666003  0.3032298 ],
  "funcao_objetivo": 0.22602873095054784162682123767129111847163683537982,
  "confiabilidade_total": 0.99514539761721423476414058402272373250009066228412
}
 
Individuo 45:
{
  "Posicao": [0. 9. 8. 0. 1.]
             [1. 1. 1. 1. 1.],
  "Velocidade": [-10.25917721   3.53762375   2.36598128  -6.67116275  -0.16045172]
                [-1.1693838  -1.49406408  0.         -3.46053384  0.        ],
  "funcao_objetivo": 0.95599070495023506743854364034851161618407731759994,
  "confiabilidade_total": 0.95599070495023506743854364034851161618407731759994
}
 
Individuo 46:
{
  "Posicao": [4. 5. 2. 0. 0.]
             [3. 3. 1. 1. 2.],
  "Velocidade": [-0.51954302  0.         -1.42334815 -1.1792738   0.44010389]
                [1.12696639 1.17724771 0.         0.05028132 1.12696639],
  "funcao_objetivo": 0.032046602057998072535950432592353934618265088066924,
  "confiabilidade_total": 0.99891326872466466906612789027246475425604050920950
}
 
Individuo 47:
{
  "Posicao": [5. 7. 0. 8. 6.]
             [3. 3. 1. 1. 1.],
  "Velocidade": [-4.37175831  4.8204775  -5.85819851  7.59847567 -3.3409751 ]
                [1.50291453 3.41726613 0.         0.04231267 0.        ],
  "funcao_objetivo": 0.64629134160694749860442480428808782615441634777662,
  "confiabilidade_total": 0.99834134160694730613616125527094997831363036755201
}
 
Individuo 48:
{
  "Posicao": [5. 6. 0. 2. 0.]
             [2. 2. 1. 1. 1.],
  "Velocidade": [-1.42106305  1.53929919 -5.5952013  -7.45758275 -7.24949992]
                [-0.7272149  -0.85578432  0.         -2.54015979  0.        ],
  "funcao_objetivo": 0.88579572350328309863729268189270774517060408055471,
  "confiabilidade_total": 0.99221239016994985519501690904288230147064814030813
}
 
Individuo 49:
{
  "Posicao": [7. 3. 7. 3. 5.]
             [2. 3. 1. 2. 1.],
  "Velocidade": [-0.60962971 -2.36216148  0.59304196 -0.62923501 -1.86662013]
                [-0.04313162  0.65651884  0.          0.54698605  0.04313162],
  "funcao_objetivo": 0.44788576896838382963251432775514053640767113868023,
  "confiabilidade_total": 0.99460243563505048598150835223868575407072083655621
}
 
Individuo 50:
{
  "Posicao": [8. 4. 5. 4. 2.]
             [1. 3. 1. 1. 1.],
  "Velocidade": [ 2.18507104  2.32883934  3.38766793  1.4127178  -0.93063199]
                [-0.52705602  0.86847762  0.         -2.7804977   0.        ],
  "funcao_objetivo": 0.74054087645771397002665513907539708735288784985416,
  "confiabilidade_total": 0.96587420979104724444415329896709000887216732983463
}
 
-----------------------------------------
-----------------------------------------
-----------------------------------------
-----------------------------------------
O algoritmo PSO obteve em 10 geracoes o resultado para a funcao objetivo de 0.99146879049244419923473163799774749969988489765393
Com os seguintes valores para cada variavel de decisao:
T1: 9.0
Q1: 2.0
T2: 5.0
Q2: 1.0
T3: 9.0
Q3: 1.0
T4: 0.0
Q4: 1.0
T5: 0.0
Q5: 1.0


