POPULAÇÃO INICIAL:
Individuo 1:
{
  "Posicao": [7 5 7 0 3]
             [2 1 1 2 1],
  "Velocidade": [0. 0. 0. 0. 0.]
                [0. 0. 0. 0. 0.],
  "funcao_objetivo": 0.98851142115399362017452312307107276609829438104104,
  "confiabilidade_total": 0.98851142115399362017452312307107276609829438104104
}
 
Individuo 2:
{
  "Posicao": [5 6 1 7 3]
             [2 1 1 2 1],
  "Velocidade": [0. 0. 0. 0. 0.]
                [0. 0. 0. 0. 0.],
  "funcao_objetivo": 0.98800758057471945759943220553270204940110372632789,
  "confiabilidade_total": 0.98800758057471945759943220553270204940110372632789
}
 
Individuo 3:
{
  "Posicao": [9 5 8 7 8]
             [2 2 1 1 1],
  "Velocidade": [0. 0. 0. 0. 0.]
                [0. 0. 0. 0. 0.],
  "funcao_objetivo": 0.98715469879535842153012876199262275965705584572557,
  "confiabilidade_total": 0.98715469879535842153012876199262275965705584572557
}
 
Individuo 4:
{
  "Posicao": [8 9 8 2 7]
             [1 2 2 1 1],
  "Velocidade": [0. 0. 0. 0. 0.]
                [0. 0. 0. 0. 0.],
  "funcao_objetivo": 0.98549759420883959594802733574192568223508435550575,
  "confiabilidade_total": 0.98549759420883959594802733574192568223508435550575
}
 
Individuo 5:
{
  "Posicao": [0 2 5 0 5]
             [2 1 1 1 1],
  "Velocidade": [0. 0. 0. 0. 0.]
                [0. 0. 0. 0. 0.],
  "funcao_objetivo": 0.97939169416885719102641310451439255570790105307927,
  "confiabilidade_total": 0.97939169416885719102641310451439255570790105307927
}
 
Individuo 6:
{
  "Posicao": [2 0 7 2 1]
             [1 1 2 1 1],
  "Velocidade": [0. 0. 0. 0. 0.]
                [0. 0. 0. 0. 0.],
  "funcao_objetivo": 0.97865807291684062189417045379890107152670063015230,
  "confiabilidade_total": 0.97865807291684062189417045379890107152670063015230
}
 
Individuo 7:
{
  "Posicao": [2 3 1 0 7]
             [1 1 2 1 1],
  "Velocidade": [0. 0. 0. 0. 0.]
                [0. 0. 0. 0. 0.],
  "funcao_objetivo": 0.97854313506895451077649621870211774751033121769140,
  "confiabilidade_total": 0.97854313506895451077649621870211774751033121769140
}
 
Individuo 8:
{
  "Posicao": [8 0 7 8 4]
             [2 1 2 1 1],
  "Velocidade": [0. 0. 0. 0. 0.]
                [0. 0. 0. 0. 0.],
  "funcao_objetivo": 0.97845511744503273585827603528251628680059127542821,
  "confiabilidade_total": 0.97845511744503273585827603528251628680059127542821
}
 
Individuo 9:
{
  "Posicao": [5 5 6 0 8]
             [3 1 1 1 1],
  "Velocidade": [0. 0. 0. 0. 0.]
                [0. 0. 0. 0. 0.],
  "funcao_objetivo": 0.97593898462404917673822575569105669203776138783195,
  "confiabilidade_total": 0.97593898462404917673822575569105669203776138783195
}
 
Individuo 10:
{
  "Posicao": [3 8 5 0 8]
             [1 1 2 1 2],
  "Velocidade": [0. 0. 0. 0. 0.]
                [0. 0. 0. 0. 0.],
  "funcao_objetivo": 0.97564572754574997085311823927069204544283600782491,
  "confiabilidade_total": 0.97564572754574997085311823927069204544283600782491
}
 
Individuo 11:
{
  "Posicao": [8 0 0 5 7]
             [1 1 1 2 1],
  "Velocidade": [0. 0. 0. 0. 0.]
                [0. 0. 0. 0. 0.],
  "funcao_objetivo": 0.97510121798286635348890584945776887460499017776329,
  "confiabilidade_total": 0.97510121798286635348890584945776887460499017776329
}
 
Individuo 12:
{
  "Posicao": [1 5 4 7 8]
             [1 1 1 3 1],
  "Velocidade": [0. 0. 0. 0. 0.]
                [0. 0. 0. 0. 0.],
  "funcao_objetivo": 0.97473633206262092795561602007284090476515377253785,
  "confiabilidade_total": 0.97473633206262092795561602007284090476515377253785
}
 
Individuo 13:
{
  "Posicao": [4 9 0 7 5]
             [1 1 1 2 1],
  "Velocidade": [0. 0. 0. 0. 0.]
                [0. 0. 0. 0. 0.],
  "funcao_objetivo": 0.97384951415517409319485150085324333443699874990085,
  "confiabilidade_total": 0.97384951415517409319485150085324333443699874990085
}
 
Individuo 14:
{
  "Posicao": [7 4 2 1 0]
             [2 1 1 1 1],
  "Velocidade": [0. 0. 0. 0. 0.]
                [0. 0. 0. 0. 0.],
  "funcao_objetivo": 0.97353557120220994226269495195796938337482629001133,
  "confiabilidade_total": 0.97353557120220994226269495195796938337482629001133
}
 
Individuo 15:
{
  "Posicao": [8 7 5 2 2]
             [1 1 3 1 1],
  "Velocidade": [0. 0. 0. 0. 0.]
                [0. 0. 0. 0. 0.],
  "funcao_objetivo": 0.97273299731035290095620699612256308413537854655702,
  "confiabilidade_total": 0.97273299731035290095620699612256308413537854655702
}
 
Individuo 16:
{
  "Posicao": [8 5 3 8 8]
             [1 2 1 2 1],
  "Velocidade": [0. 0. 0. 0. 0.]
                [0. 0. 0. 0. 0.],
  "funcao_objetivo": 0.97033984643712026317320353890262145499623346325764,
  "confiabilidade_total": 0.97033984643712026317320353890262145499623346325764
}
 
Individuo 17:
{
  "Posicao": [7 6 7 3 1]
             [1 1 3 1 1],
  "Velocidade": [0. 0. 0. 0. 0.]
                [0. 0. 0. 0. 0.],
  "funcao_objetivo": 0.97013166652609817975920384740268917514581664626180,
  "confiabilidade_total": 0.97013166652609817975920384740268917514581664626180
}
 
Individuo 18:
{
  "Posicao": [4 0 3 5 5]
             [1 1 1 2 1],
  "Velocidade": [0. 0. 0. 0. 0.]
                [0. 0. 0. 0. 0.],
  "funcao_objetivo": 0.96978730416799348699943757964022430787019516740051,
  "confiabilidade_total": 0.96978730416799348699943757964022430787019516740051
}
 
Individuo 19:
{
  "Posicao": [9 1 1 9 5]
             [2 1 1 1 1],
  "Velocidade": [0. 0. 0. 0. 0.]
                [0. 0. 0. 0. 0.],
  "funcao_objetivo": 0.96847764048341190418470057551960467906899575185455,
  "confiabilidade_total": 0.96847764048341190418470057551960467906899575185455
}
 
Individuo 20:
{
  "Posicao": [5 5 7 8 8]
             [1 2 1 2 1],
  "Velocidade": [0. 0. 0. 0. 0.]
                [0. 0. 0. 0. 0.],
  "funcao_objetivo": 0.96830185515753247904962236626003073823684667142377,
  "confiabilidade_total": 0.96830185515753247904962236626003073823684667142377
}
 
Individuo 21:
{
  "Posicao": [0 3 3 7 7]
             [2 1 1 1 1],
  "Velocidade": [0. 0. 0. 0. 0.]
                [0. 0. 0. 0. 0.],
  "funcao_objetivo": 0.96819892909416197754052187528153301567069129752262,
  "confiabilidade_total": 0.96819892909416197754052187528153301567069129752262
}
 
Individuo 22:
{
  "Posicao": [7 4 5 7 9]
             [1 1 3 1 1],
  "Velocidade": [0. 0. 0. 0. 0.]
                [0. 0. 0. 0. 0.],
  "funcao_objetivo": 0.96722792292993581378905830059250768707481987734946,
  "confiabilidade_total": 0.96722792292993581378905830059250768707481987734946
}
 
Individuo 23:
{
  "Posicao": [8 8 6 2 4]
             [1 1 2 1 1],
  "Velocidade": [0. 0. 0. 0. 0.]
                [0. 0. 0. 0. 0.],
  "funcao_objetivo": 0.96696310315497920078777062820584140163301964023423,
  "confiabilidade_total": 0.96696310315497920078777062820584140163301964023423
}
 
Individuo 24:
{
  "Posicao": [5 5 6 5 2]
             [1 1 1 3 1],
  "Velocidade": [0. 0. 0. 0. 0.]
                [0. 0. 0. 0. 0.],
  "funcao_objetivo": 0.96684599607258533755547823049136771813172811657034,
  "confiabilidade_total": 0.96684599607258533755547823049136771813172811657034
}
 
Individuo 25:
{
  "Posicao": [5 6 4 0 9]
             [1 1 1 2 1],
  "Velocidade": [0. 0. 0. 0. 0.]
                [0. 0. 0. 0. 0.],
  "funcao_objetivo": 0.96677624217924732504442380054657937070807230480658,
  "confiabilidade_total": 0.96677624217924732504442380054657937070807230480658
}
 
Individuo 26:
{
  "Posicao": [7 1 8 5 0]
             [1 3 1 1 1],
  "Velocidade": [0. 0. 0. 0. 0.]
                [0. 0. 0. 0. 0.],
  "funcao_objetivo": 0.96633648912333111078951333204219306552469477297049,
  "confiabilidade_total": 0.96633648912333111078951333204219306552469477297049
}
 
Individuo 27:
{
  "Posicao": [5 8 7 8 5]
             [1 1 1 2 3],
  "Velocidade": [0. 0. 0. 0. 0.]
                [0. 0. 0. 0. 0.],
  "funcao_objetivo": 0.96506668452319058429650432776055902395221047952458,
  "confiabilidade_total": 0.96506668452319058429650432776055902395221047952458
}
 
Individuo 28:
{
  "Posicao": [9 5 3 0 5]
             [1 2 1 1 1],
  "Velocidade": [0. 0. 0. 0. 0.]
                [0. 0. 0. 0. 0.],
  "funcao_objetivo": 0.96465262804394812313223071769620841382049656607086,
  "confiabilidade_total": 0.96465262804394812313223071769620841382049656607086
}
 
Individuo 29:
{
  "Posicao": [0 2 1 1 6]
             [1 1 1 1 1],
  "Velocidade": [0. 0. 0. 0. 0.]
                [0. 0. 0. 0. 0.],
  "funcao_objetivo": 0.96462453555282865921834023010074802498082786596255,
  "confiabilidade_total": 0.96462453555282865921834023010074802498082786596255
}
 
Individuo 30:
{
  "Posicao": [7 5 6 8 5]
             [1 1 3 1 1],
  "Velocidade": [0. 0. 0. 0. 0.]
                [0. 0. 0. 0. 0.],
  "funcao_objetivo": 0.96448056295045112584812543170798561231411778649646,
  "confiabilidade_total": 0.96448056295045112584812543170798561231411778649646
}
 
Individuo 31:
{
  "Posicao": [3 7 7 8 9]
             [1 2 1 1 1],
  "Velocidade": [0. 0. 0. 0. 0.]
                [0. 0. 0. 0. 0.],
  "funcao_objetivo": 0.96362106913575618976524540925362403791843727327974,
  "confiabilidade_total": 0.96362106913575618976524540925362403791843727327974
}
 
Individuo 32:
{
  "Posicao": [2 5 3 8 2]
             [1 1 2 1 1],
  "Velocidade": [0. 0. 0. 0. 0.]
                [0. 0. 0. 0. 0.],
  "funcao_objetivo": 0.96349456497529501721606548791100615775826503305177,
  "confiabilidade_total": 0.96349456497529501721606548791100615775826503305177
}
 
Individuo 33:
{
  "Posicao": [6 4 5 3 7]
             [1 2 1 1 1],
  "Velocidade": [0. 0. 0. 0. 0.]
                [0. 0. 0. 0. 0.],
  "funcao_objetivo": 0.96315355418630164434398909264228305485359683886955,
  "confiabilidade_total": 0.96315355418630164434398909264228305485359683886955
}
 
Individuo 34:
{
  "Posicao": [5 2 8 4 6]
             [1 2 1 1 1],
  "Velocidade": [0. 0. 0. 0. 0.]
                [0. 0. 0. 0. 0.],
  "funcao_objetivo": 0.96276346495393746391440672463119982896977876883659,
  "confiabilidade_total": 0.96276346495393746391440672463119982896977876883659
}
 
Individuo 35:
{
  "Posicao": [6 9 1 6 0]
             [2 1 1 1 1],
  "Velocidade": [0. 0. 0. 0. 0.]
                [0. 0. 0. 0. 0.],
  "funcao_objetivo": 0.96189204121728188090286240270590308386222481709985,
  "confiabilidade_total": 0.96189204121728188090286240270590308386222481709985
}
 
Individuo 36:
{
  "Posicao": [2 8 9 6 5]
             [2 1 1 1 1],
  "Velocidade": [0. 0. 0. 0. 0.]
                [0. 0. 0. 0. 0.],
  "funcao_objetivo": 0.96128037917291496945896552542023359462721296317232,
  "confiabilidade_total": 0.96128037917291496945896552542023359462721296317232
}
 
Individuo 37:
{
  "Posicao": [5 2 9 5 7]
             [1 1 1 2 1],
  "Velocidade": [0. 0. 0. 0. 0.]
                [0. 0. 0. 0. 0.],
  "funcao_objetivo": 0.96000088418312302575982140579828235340531177665020,
  "confiabilidade_total": 0.96000088418312302575982140579828235340531177665020
}
 
Individuo 38:
{
  "Posicao": [7 5 1 0 8]
             [1 1 1 1 2],
  "Velocidade": [0. 0. 0. 0. 0.]
                [0. 0. 0. 0. 0.],
  "funcao_objetivo": 0.95881611400128881991307508431187867171885697173098,
  "confiabilidade_total": 0.95881611400128881991307508431187867171885697173098
}
 
Individuo 39:
{
  "Posicao": [1 3 1 7 7]
             [1 1 1 1 2],
  "Velocidade": [0. 0. 0. 0. 0.]
                [0. 0. 0. 0. 0.],
  "funcao_objetivo": 0.95669953079597211479238543813528234245049910833002,
  "confiabilidade_total": 0.95669953079597211479238543813528234245049910833002
}
 
Individuo 40:
{
  "Posicao": [5 1 2 4 6]
             [1 1 1 1 2],
  "Velocidade": [0. 0. 0. 0. 0.]
                [0. 0. 0. 0. 0.],
  "funcao_objetivo": 0.95604804064524017703907616810112331377953572442966,
  "confiabilidade_total": 0.95604804064524017703907616810112331377953572442966
}
 
Individuo 41:
{
  "Posicao": [1 7 5 1 7]
             [1 1 1 1 2],
  "Velocidade": [0. 0. 0. 0. 0.]
                [0. 0. 0. 0. 0.],
  "funcao_objetivo": 0.95564335300193229591850506032387850104340196575511,
  "confiabilidade_total": 0.95564335300193229591850506032387850104340196575511
}
 
Individuo 42:
{
  "Posicao": [7 0 6 5 5]
             [1 1 1 1 3],
  "Velocidade": [0. 0. 0. 0. 0.]
                [0. 0. 0. 0. 0.],
  "funcao_objetivo": 0.95243553020103030451219519421845565591091973159790,
  "confiabilidade_total": 0.95243553020103030451219519421845565591091973159790
}
 
Individuo 43:
{
  "Posicao": [9 1 1 8 0]
             [1 1 1 1 1],
  "Velocidade": [0. 0. 0. 0. 0.]
                [0. 0. 0. 0. 0.],
  "funcao_objetivo": 0.94972915962641471169522845562823836343155844944340,
  "confiabilidade_total": 0.94972915962641471169522845562823836343155844944340
}
 
Individuo 44:
{
  "Posicao": [8 2 9 1 5]
             [1 1 1 1 3],
  "Velocidade": [0. 0. 0. 0. 0.]
                [0. 0. 0. 0. 0.],
  "funcao_objetivo": 0.94944207019933801665654330947077043986798057795025,
  "confiabilidade_total": 0.94944207019933801665654330947077043986798057795025
}
 
Individuo 45:
{
  "Posicao": [2 8 5 1 6]
             [1 1 1 1 1],
  "Velocidade": [0. 0. 0. 0. 0.]
                [0. 0. 0. 0. 0.],
  "funcao_objetivo": 0.94853740016094265269511258672194392827204539149730,
  "confiabilidade_total": 0.94853740016094265269511258672194392827204539149730
}
 
Individuo 46:
{
  "Posicao": [7 5 2 7 7]
             [1 1 1 1 2],
  "Velocidade": [0. 0. 0. 0. 0.]
                [0. 0. 0. 0. 0.],
  "funcao_objetivo": 0.94668167107477562723523253389618807456810671710369,
  "confiabilidade_total": 0.94668167107477562723523253389618807456810671710369
}
 
Individuo 47:
{
  "Posicao": [6 8 0 9 2]
             [1 1 1 1 1],
  "Velocidade": [0. 0. 0. 0. 0.]
                [0. 0. 0. 0. 0.],
  "funcao_objetivo": 0.94355668931719643940654019877248957102990465499963,
  "confiabilidade_total": 0.94355668931719643940654019877248957102990465499963
}
 
Individuo 48:
{
  "Posicao": [4 6 5 3 1]
             [1 1 1 1 1],
  "Velocidade": [0. 0. 0. 0. 0.]
                [0. 0. 0. 0. 0.],
  "funcao_objetivo": 0.94294649844965782853581224226798381015302908483861,
  "confiabilidade_total": 0.94294649844965782853581224226798381015302908483861
}
 
Individuo 49:
{
  "Posicao": [8 2 9 6 9]
             [1 1 1 1 2],
  "Velocidade": [0. 0. 0. 0. 0.]
                [0. 0. 0. 0. 0.],
  "funcao_objetivo": 0.94264603734275899002545066760424703323774027695868,
  "confiabilidade_total": 0.94264603734275899002545066760424703323774027695868
}
 
Individuo 50:
{
  "Posicao": [8 3 6 9 3]
             [1 1 1 1 1],
  "Velocidade": [0. 0. 0. 0. 0.]
                [0. 0. 0. 0. 0.],
  "funcao_objetivo": 0.93543175608661800553553980117963791934723160289140,
  "confiabilidade_total": 0.93543175608661800553553980117963791934723160289140
}
 
 
GERACAO 1
Populacao antes da execucao:
Individuo 1:
{
  "Posicao": [7 5 7 0 3]
             [2 1 1 2 1],
  "Velocidade": [0. 0. 0. 0. 0.]
                [0. 0. 0. 0. 0.],
  "funcao_objetivo": 0.98851142115399362017452312307107276609829438104104,
  "confiabilidade_total": 0.98851142115399362017452312307107276609829438104104
}
 
Individuo 2:
{
  "Posicao": [5 6 1 7 3]
             [2 1 1 2 1],
  "Velocidade": [0. 0. 0. 0. 0.]
                [0. 0. 0. 0. 0.],
  "funcao_objetivo": 0.98800758057471945759943220553270204940110372632789,
  "confiabilidade_total": 0.98800758057471945759943220553270204940110372632789
}
 
Individuo 3:
{
  "Posicao": [9 5 8 7 8]
             [2 2 1 1 1],
  "Velocidade": [0. 0. 0. 0. 0.]
                [0. 0. 0. 0. 0.],
  "funcao_objetivo": 0.98715469879535842153012876199262275965705584572557,
  "confiabilidade_total": 0.98715469879535842153012876199262275965705584572557
}
 
Individuo 4:
{
  "Posicao": [8 9 8 2 7]
             [1 2 2 1 1],
  "Velocidade": [0. 0. 0. 0. 0.]
                [0. 0. 0. 0. 0.],
  "funcao_objetivo": 0.98549759420883959594802733574192568223508435550575,
  "confiabilidade_total": 0.98549759420883959594802733574192568223508435550575
}
 
Individuo 5:
{
  "Posicao": [0 2 5 0 5]
             [2 1 1 1 1],
  "Velocidade": [0. 0. 0. 0. 0.]
                [0. 0. 0. 0. 0.],
  "funcao_objetivo": 0.97939169416885719102641310451439255570790105307927,
  "confiabilidade_total": 0.97939169416885719102641310451439255570790105307927
}
 
Individuo 6:
{
  "Posicao": [2 0 7 2 1]
             [1 1 2 1 1],
  "Velocidade": [0. 0. 0. 0. 0.]
                [0. 0. 0. 0. 0.],
  "funcao_objetivo": 0.97865807291684062189417045379890107152670063015230,
  "confiabilidade_total": 0.97865807291684062189417045379890107152670063015230
}
 
Individuo 7:
{
  "Posicao": [2 3 1 0 7]
             [1 1 2 1 1],
  "Velocidade": [0. 0. 0. 0. 0.]
                [0. 0. 0. 0. 0.],
  "funcao_objetivo": 0.97854313506895451077649621870211774751033121769140,
  "confiabilidade_total": 0.97854313506895451077649621870211774751033121769140
}
 
Individuo 8:
{
  "Posicao": [8 0 7 8 4]
             [2 1 2 1 1],
  "Velocidade": [0. 0. 0. 0. 0.]
                [0. 0. 0. 0. 0.],
  "funcao_objetivo": 0.97845511744503273585827603528251628680059127542821,
  "confiabilidade_total": 0.97845511744503273585827603528251628680059127542821
}
 
Individuo 9:
{
  "Posicao": [5 5 6 0 8]
             [3 1 1 1 1],
  "Velocidade": [0. 0. 0. 0. 0.]
                [0. 0. 0. 0. 0.],
  "funcao_objetivo": 0.97593898462404917673822575569105669203776138783195,
  "confiabilidade_total": 0.97593898462404917673822575569105669203776138783195
}
 
Individuo 10:
{
  "Posicao": [3 8 5 0 8]
             [1 1 2 1 2],
  "Velocidade": [0. 0. 0. 0. 0.]
                [0. 0. 0. 0. 0.],
  "funcao_objetivo": 0.97564572754574997085311823927069204544283600782491,
  "confiabilidade_total": 0.97564572754574997085311823927069204544283600782491
}
 
Individuo 11:
{
  "Posicao": [8 0 0 5 7]
             [1 1 1 2 1],
  "Velocidade": [0. 0. 0. 0. 0.]
                [0. 0. 0. 0. 0.],
  "funcao_objetivo": 0.97510121798286635348890584945776887460499017776329,
  "confiabilidade_total": 0.97510121798286635348890584945776887460499017776329
}
 
Individuo 12:
{
  "Posicao": [1 5 4 7 8]
             [1 1 1 3 1],
  "Velocidade": [0. 0. 0. 0. 0.]
                [0. 0. 0. 0. 0.],
  "funcao_objetivo": 0.97473633206262092795561602007284090476515377253785,
  "confiabilidade_total": 0.97473633206262092795561602007284090476515377253785
}
 
Individuo 13:
{
  "Posicao": [4 9 0 7 5]
             [1 1 1 2 1],
  "Velocidade": [0. 0. 0. 0. 0.]
                [0. 0. 0. 0. 0.],
  "funcao_objetivo": 0.97384951415517409319485150085324333443699874990085,
  "confiabilidade_total": 0.97384951415517409319485150085324333443699874990085
}
 
Individuo 14:
{
  "Posicao": [7 4 2 1 0]
             [2 1 1 1 1],
  "Velocidade": [0. 0. 0. 0. 0.]
                [0. 0. 0. 0. 0.],
  "funcao_objetivo": 0.97353557120220994226269495195796938337482629001133,
  "confiabilidade_total": 0.97353557120220994226269495195796938337482629001133
}
 
Individuo 15:
{
  "Posicao": [8 7 5 2 2]
             [1 1 3 1 1],
  "Velocidade": [0. 0. 0. 0. 0.]
                [0. 0. 0. 0. 0.],
  "funcao_objetivo": 0.97273299731035290095620699612256308413537854655702,
  "confiabilidade_total": 0.97273299731035290095620699612256308413537854655702
}
 
Individuo 16:
{
  "Posicao": [8 5 3 8 8]
             [1 2 1 2 1],
  "Velocidade": [0. 0. 0. 0. 0.]
                [0. 0. 0. 0. 0.],
  "funcao_objetivo": 0.97033984643712026317320353890262145499623346325764,
  "confiabilidade_total": 0.97033984643712026317320353890262145499623346325764
}
 
Individuo 17:
{
  "Posicao": [7 6 7 3 1]
             [1 1 3 1 1],
  "Velocidade": [0. 0. 0. 0. 0.]
                [0. 0. 0. 0. 0.],
  "funcao_objetivo": 0.97013166652609817975920384740268917514581664626180,
  "confiabilidade_total": 0.97013166652609817975920384740268917514581664626180
}
 
Individuo 18:
{
  "Posicao": [4 0 3 5 5]
             [1 1 1 2 1],
  "Velocidade": [0. 0. 0. 0. 0.]
                [0. 0. 0. 0. 0.],
  "funcao_objetivo": 0.96978730416799348699943757964022430787019516740051,
  "confiabilidade_total": 0.96978730416799348699943757964022430787019516740051
}
 
Individuo 19:
{
  "Posicao": [9 1 1 9 5]
             [2 1 1 1 1],
  "Velocidade": [0. 0. 0. 0. 0.]
                [0. 0. 0. 0. 0.],
  "funcao_objetivo": 0.96847764048341190418470057551960467906899575185455,
  "confiabilidade_total": 0.96847764048341190418470057551960467906899575185455
}
 
Individuo 20:
{
  "Posicao": [5 5 7 8 8]
             [1 2 1 2 1],
  "Velocidade": [0. 0. 0. 0. 0.]
                [0. 0. 0. 0. 0.],
  "funcao_objetivo": 0.96830185515753247904962236626003073823684667142377,
  "confiabilidade_total": 0.96830185515753247904962236626003073823684667142377
}
 
Individuo 21:
{
  "Posicao": [0 3 3 7 7]
             [2 1 1 1 1],
  "Velocidade": [0. 0. 0. 0. 0.]
                [0. 0. 0. 0. 0.],
  "funcao_objetivo": 0.96819892909416197754052187528153301567069129752262,
  "confiabilidade_total": 0.96819892909416197754052187528153301567069129752262
}
 
Individuo 22:
{
  "Posicao": [7 4 5 7 9]
             [1 1 3 1 1],
  "Velocidade": [0. 0. 0. 0. 0.]
                [0. 0. 0. 0. 0.],
  "funcao_objetivo": 0.96722792292993581378905830059250768707481987734946,
  "confiabilidade_total": 0.96722792292993581378905830059250768707481987734946
}
 
Individuo 23:
{
  "Posicao": [8 8 6 2 4]
             [1 1 2 1 1],
  "Velocidade": [0. 0. 0. 0. 0.]
                [0. 0. 0. 0. 0.],
  "funcao_objetivo": 0.96696310315497920078777062820584140163301964023423,
  "confiabilidade_total": 0.96696310315497920078777062820584140163301964023423
}
 
Individuo 24:
{
  "Posicao": [5 5 6 5 2]
             [1 1 1 3 1],
  "Velocidade": [0. 0. 0. 0. 0.]
                [0. 0. 0. 0. 0.],
  "funcao_objetivo": 0.96684599607258533755547823049136771813172811657034,
  "confiabilidade_total": 0.96684599607258533755547823049136771813172811657034
}
 
Individuo 25:
{
  "Posicao": [5 6 4 0 9]
             [1 1 1 2 1],
  "Velocidade": [0. 0. 0. 0. 0.]
                [0. 0. 0. 0. 0.],
  "funcao_objetivo": 0.96677624217924732504442380054657937070807230480658,
  "confiabilidade_total": 0.96677624217924732504442380054657937070807230480658
}
 
Individuo 26:
{
  "Posicao": [7 1 8 5 0]
             [1 3 1 1 1],
  "Velocidade": [0. 0. 0. 0. 0.]
                [0. 0. 0. 0. 0.],
  "funcao_objetivo": 0.96633648912333111078951333204219306552469477297049,
  "confiabilidade_total": 0.96633648912333111078951333204219306552469477297049
}
 
Individuo 27:
{
  "Posicao": [5 8 7 8 5]
             [1 1 1 2 3],
  "Velocidade": [0. 0. 0. 0. 0.]
                [0. 0. 0. 0. 0.],
  "funcao_objetivo": 0.96506668452319058429650432776055902395221047952458,
  "confiabilidade_total": 0.96506668452319058429650432776055902395221047952458
}
 
Individuo 28:
{
  "Posicao": [9 5 3 0 5]
             [1 2 1 1 1],
  "Velocidade": [0. 0. 0. 0. 0.]
                [0. 0. 0. 0. 0.],
  "funcao_objetivo": 0.96465262804394812313223071769620841382049656607086,
  "confiabilidade_total": 0.96465262804394812313223071769620841382049656607086
}
 
Individuo 29:
{
  "Posicao": [0 2 1 1 6]
             [1 1 1 1 1],
  "Velocidade": [0. 0. 0. 0. 0.]
                [0. 0. 0. 0. 0.],
  "funcao_objetivo": 0.96462453555282865921834023010074802498082786596255,
  "confiabilidade_total": 0.96462453555282865921834023010074802498082786596255
}
 
Individuo 30:
{
  "Posicao": [7 5 6 8 5]
             [1 1 3 1 1],
  "Velocidade": [0. 0. 0. 0. 0.]
                [0. 0. 0. 0. 0.],
  "funcao_objetivo": 0.96448056295045112584812543170798561231411778649646,
  "confiabilidade_total": 0.96448056295045112584812543170798561231411778649646
}
 
Individuo 31:
{
  "Posicao": [3 7 7 8 9]
             [1 2 1 1 1],
  "Velocidade": [0. 0. 0. 0. 0.]
                [0. 0. 0. 0. 0.],
  "funcao_objetivo": 0.96362106913575618976524540925362403791843727327974,
  "confiabilidade_total": 0.96362106913575618976524540925362403791843727327974
}
 
Individuo 32:
{
  "Posicao": [2 5 3 8 2]
             [1 1 2 1 1],
  "Velocidade": [0. 0. 0. 0. 0.]
                [0. 0. 0. 0. 0.],
  "funcao_objetivo": 0.96349456497529501721606548791100615775826503305177,
  "confiabilidade_total": 0.96349456497529501721606548791100615775826503305177
}
 
Individuo 33:
{
  "Posicao": [6 4 5 3 7]
             [1 2 1 1 1],
  "Velocidade": [0. 0. 0. 0. 0.]
                [0. 0. 0. 0. 0.],
  "funcao_objetivo": 0.96315355418630164434398909264228305485359683886955,
  "confiabilidade_total": 0.96315355418630164434398909264228305485359683886955
}
 
Individuo 34:
{
  "Posicao": [5 2 8 4 6]
             [1 2 1 1 1],
  "Velocidade": [0. 0. 0. 0. 0.]
                [0. 0. 0. 0. 0.],
  "funcao_objetivo": 0.96276346495393746391440672463119982896977876883659,
  "confiabilidade_total": 0.96276346495393746391440672463119982896977876883659
}
 
Individuo 35:
{
  "Posicao": [6 9 1 6 0]
             [2 1 1 1 1],
  "Velocidade": [0. 0. 0. 0. 0.]
                [0. 0. 0. 0. 0.],
  "funcao_objetivo": 0.96189204121728188090286240270590308386222481709985,
  "confiabilidade_total": 0.96189204121728188090286240270590308386222481709985
}
 
Individuo 36:
{
  "Posicao": [2 8 9 6 5]
             [2 1 1 1 1],
  "Velocidade": [0. 0. 0. 0. 0.]
                [0. 0. 0. 0. 0.],
  "funcao_objetivo": 0.96128037917291496945896552542023359462721296317232,
  "confiabilidade_total": 0.96128037917291496945896552542023359462721296317232
}
 
Individuo 37:
{
  "Posicao": [5 2 9 5 7]
             [1 1 1 2 1],
  "Velocidade": [0. 0. 0. 0. 0.]
                [0. 0. 0. 0. 0.],
  "funcao_objetivo": 0.96000088418312302575982140579828235340531177665020,
  "confiabilidade_total": 0.96000088418312302575982140579828235340531177665020
}
 
Individuo 38:
{
  "Posicao": [7 5 1 0 8]
             [1 1 1 1 2],
  "Velocidade": [0. 0. 0. 0. 0.]
                [0. 0. 0. 0. 0.],
  "funcao_objetivo": 0.95881611400128881991307508431187867171885697173098,
  "confiabilidade_total": 0.95881611400128881991307508431187867171885697173098
}
 
Individuo 39:
{
  "Posicao": [1 3 1 7 7]
             [1 1 1 1 2],
  "Velocidade": [0. 0. 0. 0. 0.]
                [0. 0. 0. 0. 0.],
  "funcao_objetivo": 0.95669953079597211479238543813528234245049910833002,
  "confiabilidade_total": 0.95669953079597211479238543813528234245049910833002
}
 
Individuo 40:
{
  "Posicao": [5 1 2 4 6]
             [1 1 1 1 2],
  "Velocidade": [0. 0. 0. 0. 0.]
                [0. 0. 0. 0. 0.],
  "funcao_objetivo": 0.95604804064524017703907616810112331377953572442966,
  "confiabilidade_total": 0.95604804064524017703907616810112331377953572442966
}
 
Individuo 41:
{
  "Posicao": [1 7 5 1 7]
             [1 1 1 1 2],
  "Velocidade": [0. 0. 0. 0. 0.]
                [0. 0. 0. 0. 0.],
  "funcao_objetivo": 0.95564335300193229591850506032387850104340196575511,
  "confiabilidade_total": 0.95564335300193229591850506032387850104340196575511
}
 
Individuo 42:
{
  "Posicao": [7 0 6 5 5]
             [1 1 1 1 3],
  "Velocidade": [0. 0. 0. 0. 0.]
                [0. 0. 0. 0. 0.],
  "funcao_objetivo": 0.95243553020103030451219519421845565591091973159790,
  "confiabilidade_total": 0.95243553020103030451219519421845565591091973159790
}
 
Individuo 43:
{
  "Posicao": [9 1 1 8 0]
             [1 1 1 1 1],
  "Velocidade": [0. 0. 0. 0. 0.]
                [0. 0. 0. 0. 0.],
  "funcao_objetivo": 0.94972915962641471169522845562823836343155844944340,
  "confiabilidade_total": 0.94972915962641471169522845562823836343155844944340
}
 
Individuo 44:
{
  "Posicao": [8 2 9 1 5]
             [1 1 1 1 3],
  "Velocidade": [0. 0. 0. 0. 0.]
                [0. 0. 0. 0. 0.],
  "funcao_objetivo": 0.94944207019933801665654330947077043986798057795025,
  "confiabilidade_total": 0.94944207019933801665654330947077043986798057795025
}
 
Individuo 45:
{
  "Posicao": [2 8 5 1 6]
             [1 1 1 1 1],
  "Velocidade": [0. 0. 0. 0. 0.]
                [0. 0. 0. 0. 0.],
  "funcao_objetivo": 0.94853740016094265269511258672194392827204539149730,
  "confiabilidade_total": 0.94853740016094265269511258672194392827204539149730
}
 
Individuo 46:
{
  "Posicao": [7 5 2 7 7]
             [1 1 1 1 2],
  "Velocidade": [0. 0. 0. 0. 0.]
                [0. 0. 0. 0. 0.],
  "funcao_objetivo": 0.94668167107477562723523253389618807456810671710369,
  "confiabilidade_total": 0.94668167107477562723523253389618807456810671710369
}
 
Individuo 47:
{
  "Posicao": [6 8 0 9 2]
             [1 1 1 1 1],
  "Velocidade": [0. 0. 0. 0. 0.]
                [0. 0. 0. 0. 0.],
  "funcao_objetivo": 0.94355668931719643940654019877248957102990465499963,
  "confiabilidade_total": 0.94355668931719643940654019877248957102990465499963
}
 
Individuo 48:
{
  "Posicao": [4 6 5 3 1]
             [1 1 1 1 1],
  "Velocidade": [0. 0. 0. 0. 0.]
                [0. 0. 0. 0. 0.],
  "funcao_objetivo": 0.94294649844965782853581224226798381015302908483861,
  "confiabilidade_total": 0.94294649844965782853581224226798381015302908483861
}
 
Individuo 49:
{
  "Posicao": [8 2 9 6 9]
             [1 1 1 1 2],
  "Velocidade": [0. 0. 0. 0. 0.]
                [0. 0. 0. 0. 0.],
  "funcao_objetivo": 0.94264603734275899002545066760424703323774027695868,
  "confiabilidade_total": 0.94264603734275899002545066760424703323774027695868
}
 
Individuo 50:
{
  "Posicao": [8 3 6 9 3]
             [1 1 1 1 1],
  "Velocidade": [0. 0. 0. 0. 0.]
                [0. 0. 0. 0. 0.],
  "funcao_objetivo": 0.93543175608661800553553980117963791934723160289140,
  "confiabilidade_total": 0.93543175608661800553553980117963791934723160289140
}
 
-----------------------------------------
Populacao final da era:
Individuo 1:
{
  "Posicao": [7. 5. 7. 0. 3.]
             [2. 1. 1. 2. 1.],
  "Velocidade": [0. 0. 0. 0. 0.]
                [0. 0. 0. 0. 0.],
  "funcao_objetivo": 0.98851142115399362017452312307107276609829438104104,
  "confiabilidade_total": 0.98851142115399362017452312307107276609829438104104
}
 
Individuo 2:
{
  "Posicao": [7. 5. 6. 1. 3.]
             [2. 1. 1. 2. 1.],
  "Velocidade": [ 1.59400729 -0.79700365  4.78202188 -5.57902553  0.        ]
                [0. 0. 0. 0. 0.],
  "funcao_objetivo": 0.97620619672539998654369175488939844750670470421786,
  "confiabilidade_total": 0.98787286339206670057987413889607750558165587609286
}
 
Individuo 3:
{
  "Posicao": [6. 5. 6. 0. 0.]
             [2. 1. 1. 3. 1.],
  "Velocidade": [ -3.3348908    0.          -1.6674454  -11.67211781  -8.33722701]
                [ 0.        -1.6674454  0.         1.6674454  0.       ],
  "funcao_objetivo": 0.57424879508760479471491931329900116105045732493293,
  "confiabilidade_total": 0.99176546175427151117138789098852147724892553324592
}
 
Individuo 4:
{
  "Posicao": [6. 3. 6. 0. 1.]
             [3. 1. 1. 3. 1.],
  "Velocidade": [-1.6236698 -6.4946792 -1.6236698 -3.2473396 -6.4946792]
                [ 1.6236698 -1.6236698 -1.6236698  1.6236698  0.       ],
  "funcao_objetivo": 0.24073313748034780058871959345800655379231419143568,
  "confiabilidade_total": 0.99563313748034789930975094312692612826164211807142
}
 
Individuo 5:
{
  "Posicao": [7. 5. 7. 0. 3.]
             [2. 1. 1. 2. 1.],
  "Velocidade": [ 7.02508209  3.01074947  2.00716631  0.         -2.00716631]
                [0.         0.         0.         1.00358316 0.        ],
  "funcao_objetivo": 0.98851142115399362017452312307107276609829438104104,
  "confiabilidade_total": 0.98851142115399362017452312307107276609829438104104
}
 
Individuo 6:
{
  "Posicao": [2. 0. 7. 2. 1.]
             [1. 1. 2. 1. 1.],
  "Velocidade": [ 0.13543218  0.13543218  0.         -0.05417287  0.05417287]
                [ 0.02708644  0.         -0.02708644  0.02708644  0.        ],
  "funcao_objetivo": 0.97865807291684062189417045379890107152670063015230,
  "confiabilidade_total": 0.97865807291684062189417045379890107152670063015230
}
 
Individuo 7:
{
  "Posicao": [3. 4. 3. 0. 6.]
             [1. 1. 2. 1. 1.],
  "Velocidade": [ 1.3084192   0.52336768  1.57010304  0.         -1.04673536]
                [ 0.26168384  0.         -0.26168384  0.26168384  0.        ],
  "funcao_objetivo": 0.88897105263555203540703039452811366205185080911642,
  "confiabilidade_total": 0.97638771930221853916697191453014396389096404459005
}
 
Individuo 8:
{
  "Posicao": [7. 4. 7. 2. 3.]
             [2. 1. 1. 2. 1.],
  "Velocidade": [-0.80688988  4.0344494   0.         -6.45511904 -0.80688988]
                [ 0.          0.         -0.80688988  0.80688988  0.        ],
  "funcao_objetivo": 0.87283347937676350923056589870757944369451434972780,
  "confiabilidade_total": 0.98791681271009686613763478824840331868962676885622
}
 
Individuo 9:
{
  "Posicao": [5. 5. 6. 0. 8.]
             [3. 1. 1. 1. 1.],
  "Velocidade": [ 0.03918757  0.          0.01959379  0.         -0.09796893]
                [-0.01959379  0.          0.          0.01959379  0.        ],
  "funcao_objetivo": 0.97593898462404917673822575569105669203776138783195,
  "confiabilidade_total": 0.97593898462404917673822575569105669203776138783195
}
 
Individuo 10:
{
  "Posicao": [8. 5. 7. 0. 2.]
             [2. 1. 1. 2. 1.],
  "Velocidade": [ 4.64758697 -3.48569023  2.32379348  0.         -5.80948371]
                [ 1.16189674  0.         -1.16189674  1.16189674 -1.16189674],
  "funcao_objetivo": 0.97772988851401906922777631061178062515361096209862,
  "confiabilidade_total": 0.98864655518068575484224926421445224838359143084862
}
 
Individuo 11:
{
  "Posicao": [7. 3. 4. 2. 4.]
             [2. 1. 1. 2. 1.],
  "Velocidade": [-0.63861229  3.19306143  4.470286   -3.19306143 -2.55444914]
                [0.63861229 0.         0.         0.         0.        ],
  "funcao_objetivo": 0.79367743171908594730022555226220831155639575559990,
  "confiabilidade_total": 0.98876076505241925036147774748293997600537227232353
}
 
Individuo 12:
{
  "Posicao": [8. 5. 8. 0. 2.]
             [2. 1. 1. 2. 1.],
  "Velocidade": [ 7.28843211  0.          3.64421605 -8.50317079 -6.07369342]
                [ 1.21473868  0.          0.         -1.21473868  0.        ],
  "funcao_objetivo": 0.97384121840818464230602342508498062203288816063254,
  "confiabilidade_total": 0.98834121840818459967345927947896946976543210594504
}
 
Individuo 13:
{
  "Posicao": [9. 2. 9. 0. 2.]
             [3. 1. 1. 2. 1.],
  "Velocidade": [  4.90876693  -6.54502258  11.45378951 -11.45378951  -3.27251129]
                [1.63625564 0.         0.         0.         0.        ],
  "funcao_objetivo": 0.43972119529160699659756352473490305259702970378877,
  "confiabilidade_total": 0.99365452862494019094577714866030627876399328105928
}
 
Individuo 14:
{
  "Posicao": [7. 5. 7. 0. 3.]
             [2. 1. 1. 2. 1.],
  "Velocidade": [ 0.          1.07546672  5.3773336  -1.07546672  3.22640016]
                [0.         0.         0.         1.07546672 0.        ],
  "funcao_objetivo": 0.98851142115399362017452312307107276609829438104104,
  "confiabilidade_total": 0.98851142115399362017452312307107276609829438104104
}
 
Individuo 15:
{
  "Posicao": [6. 3. 9. 0. 4.]
             [3. 1. 1. 3. 1.],
  "Velocidade": [-1.99363891 -3.98727782  3.98727782 -3.98727782  1.99363891]
                [ 1.99363891  0.         -3.98727782  1.99363891  0.        ],
  "funcao_objetivo": 0.15868272923629316776171123871367204810025715368908,
  "confiabilidade_total": 0.99434939590295983650079421801396425689103626745861
}
 
Individuo 16:
{
  "Posicao": [7. 5. 6. 2. 4.]
             [2. 1. 1. 2. 1.],
  "Velocidade": [-0.7734553   0.          3.09382121 -6.18764243 -3.86727652]
                [ 0.7734553 -0.7734553  0.         0.         0.       ],
  "funcao_objetivo": 0.88519356326112234921395353898722380477498277180832,
  "confiabilidade_total": 0.98736022992778893546346578863838506008992894642990
}
 
Individuo 17:
{
  "Posicao": [7. 6. 7. 3. 1.]
             [1. 1. 3. 1. 1.],
  "Velocidade": [ 0.         -0.1304044   0.         -0.39121319  0.26080879]
                [ 0.1304044   0.         -0.26080879  0.1304044   0.        ],
  "funcao_objetivo": 0.97013166652609817975920384740268917514581664626180,
  "confiabilidade_total": 0.97013166652609817975920384740268917514581664626180
}
 
Individuo 18:
{
  "Posicao": [9. 9. 9. 0. 1.]
             [3. 1. 1. 2. 1.],
  "Velocidade": [ 5.62649818  9.37749696  7.50199757 -9.37749696 -3.75099878]
                [1.87549939 0.         0.         0.         0.        ],
  "funcao_objetivo": 0.37711258343865586866606060654429112301948619679476,
  "confiabilidade_total": 0.99206258343865569875752891791033417658689571217562
}
 
Individuo 19:
{
  "Posicao": [7. 5. 7. 0. 3.]
             [2. 1. 1. 2. 1.],
  "Velocidade": [-2.07718771  4.15437542  6.23156313 -9.34734469 -2.07718771]
                [0.         0.         0.         1.03859385 0.        ],
  "funcao_objetivo": 0.98851142115399362017452312307107276609829438104104,
  "confiabilidade_total": 0.98851142115399362017452312307107276609829438104104
}
 
Individuo 20:
{
  "Posicao": [6. 5. 7. 6. 6.]
             [1. 2. 1. 2. 1.],
  "Velocidade": [ 0.60998488  0.          0.         -2.43993951 -1.52496219]
                [ 0.30499244 -0.30499244  0.          0.          0.        ],
  "funcao_objetivo": 0.93773275178921166745370252984942652718617369327546,
  "confiabilidade_total": 0.96848275178921164966237856023129296689747621212006
}
 
Individuo 21:
{
  "Posicao": [8. 5. 7. 0. 3.]
             [2. 1. 1. 2. 1.],
  "Velocidade": [ 7.51660251  2.14760072  4.29520144 -7.51660251 -4.29520144]
                [0.         0.         0.         1.07380036 0.        ],
  "funcao_objetivo": 0.98209295598547425499673741119429295962093387227973,
  "confiabilidade_total": 0.98817628931880750294929422158381684879189346414527
}
 
Individuo 22:
{
  "Posicao": [7. 5. 7. 0. 3.]
             [2. 1. 1. 2. 1.],
  "Velocidade": [ 0.          1.00438716  2.00877432 -7.03071012 -6.02632296]
                [ 1.00438716  0.         -2.00877432  1.00438716  0.        ],
  "funcao_objetivo": 0.98851142115399362017452312307107276609829438104104,
  "confiabilidade_total": 0.98851142115399362017452312307107276609829438104104
}
 
Individuo 23:
{
  "Posicao": [8. 7. 6. 2. 4.]
             [1. 1. 2. 1. 1.],
  "Velocidade": [-0.20020281 -0.60060843  0.20020281 -0.40040562 -0.20020281]
                [ 0.20020281  0.         -0.20020281  0.20020281  0.        ],
  "funcao_objetivo": 0.96773243057143649128022785954100821850475219447489,
  "confiabilidade_total": 0.96773243057143649128022785954100821850475219447489
}
 
Individuo 24:
{
  "Posicao": [6. 5. 7. 2. 3.]
             [2. 1. 1. 2. 1.],
  "Velocidade": [ 1.02696274  0.          0.51348137 -2.56740686  0.51348137]
                [ 0.51348137  0.          0.         -0.51348137  0.        ],
  "funcao_objetivo": 0.84973520700647865002594027583610974058424413061184,
  "confiabilidade_total": 0.98748520700647866135021512701270645290528714513821
}
 
Individuo 25:
{
  "Posicao": [8. 4. 9. 0. 0.]
             [3. 1. 1. 2. 1.],
  "Velocidade": [ 3.31891196 -1.65945598  4.97836793  0.         -9.95673587]
                [1.65945598 0.         0.         0.         0.        ],
  "funcao_objetivo": 0.56918819744634589806109655438358026466428360510229,
  "confiabilidade_total": 0.99387153077967925516800558835693231693564972448705
}
 
Individuo 26:
{
  "Posicao": [7. 9. 6. 0. 6.]
             [3. 1. 1. 3. 1.],
  "Velocidade": [ 0.          7.84772298 -1.96193074 -9.80965372  5.88579223]
                [ 1.96193074 -3.92386149  0.          1.96193074  0.        ],
  "funcao_objetivo": 0.29208287513579743133762127726435828952817688480495,
  "confiabilidade_total": 0.99346620846913078995443362472792323677568207279323
}
 
Individuo 27:
{
  "Posicao": [6. 7. 7. 4. 4.]
             [1. 1. 1. 2. 2.],
  "Velocidade": [ 0.89577193 -1.34365789  0.         -3.58308771 -0.89577193]
                [ 0.44788596  0.          0.          0.         -0.89577193],
  "funcao_objetivo": 0.77149771346078128185667669624644813360393954540507,
  "confiabilidade_total": 0.96583104679411455649621946106317236320794535900370
}
 
Individuo 28:
{
  "Posicao": [6. 5. 8. 0. 2.]
             [2. 1. 1. 2. 1.],
  "Velocidade": [-2.55594903  0.          5.11189805  0.         -2.55594903]
                [ 1.27797451 -1.27797451  0.          1.27797451  0.        ],
  "funcao_objetivo": 0.88364036593966317237150474363897474587389494994337,
  "confiabilidade_total": 0.98880703260632963638546198206040090054699446776564
}
 
Individuo 29:
{
  "Posicao": [9. 6. 9. 0. 2.]
             [2. 1. 1. 2. 1.],
  "Velocidade": [ 9.17720599  3.93308828  7.86617656 -1.31102943 -3.93308828]
                [1.31102943 0.         0.         1.31102943 0.        ],
  "funcao_objetivo": 0.75828813040941722960876500272097315258515789431292,
  "confiabilidade_total": 0.98712146374275029896807051434625305785966827791888
}
 
Individuo 30:
{
  "Posicao": [7. 5. 8. 0. 1.]
             [3. 1. 1. 3. 1.],
  "Velocidade": [  0.           0.           1.96761841 -15.74094731  -3.93523683]
                [ 1.96761841  0.         -3.93523683  1.96761841  0.        ],
  "funcao_objetivo": 0.42683175484606574891058788145083154076307414187263,
  "confiabilidade_total": 0.99501508817939890040419275484519230657785533083748
}
 
Individuo 31:
{
  "Posicao": [9. 4. 7. 0. 0.]
             [3. 1. 1. 3. 1.],
  "Velocidade": [  6.77804513  -3.38902257   0.         -13.55609027 -10.1670677 ]
                [ 1.69451128 -1.69451128  0.          1.69451128  0.        ],
  "funcao_objetivo": 0.077053809536808150156772005117405832769919023850479,
  "confiabilidade_total": 0.99570380953680817227241465565052411800866185221962
}
 
Individuo 32:
{
  "Posicao": [5. 5. 6. 2. 3.]
             [2. 1. 1. 2. 1.],
  "Velocidade": [ 3.45466954  0.          2.76373563 -5.52747127  0.69093391]
                [ 0.69093391  0.         -0.69093391  0.69093391  0.        ],
  "funcao_objetivo": 0.88909805948065141231837444945952577806521915829256,
  "confiabilidade_total": 0.98759805948065136102607071177729361049343609249666
}
 
Individuo 33:
{
  "Posicao": [7. 5. 7. 0. 2.]
             [2. 1. 1. 2. 1.],
  "Velocidade": [ 1.16799237  1.16799237  2.33598474 -3.50397711 -4.67196948]
                [ 1.16799237 -1.16799237  0.          1.16799237  0.        ],
  "funcao_objetivo": 0.98523237208759069028138043500758744784426021184405,
  "confiabilidade_total": 0.98898237208759071399505035161054042845526787247142
}
 
Individuo 34:
{
  "Posicao": [8. 7. 6. 0. 1.]
             [3. 1. 1. 3. 1.],
  "Velocidade": [ 3.13806359  4.70709539 -1.5690318  -6.27612718 -4.70709539]
                [ 1.5690318 -1.5690318  0.         1.5690318  0.       ],
  "funcao_objetivo": 0.38485170751524598303695399214681914627824008776131,
  "confiabilidade_total": 0.99508504084857933286079998457914429337058246447030
}
 
Individuo 35:
{
  "Posicao": [8. 3. 9. 0. 5.]
             [2. 1. 1. 3. 1.],
  "Velocidade": [ 1.61829119 -6.47316475  9.70974713 -9.70974713  4.85487356]
                [0.         0.         0.         1.61829119 0.        ],
  "funcao_objetivo": 0.62749391112953988641512343539774794838737351570481,
  "confiabilidade_total": 0.98909391112953980790015113390667740962814194832200
}
 
Individuo 36:
{
  "Posicao": [7. 5. 7. 0. 3.]
             [2. 1. 1. 2. 1.],
  "Velocidade": [ 5.31382165 -3.18829299 -2.12552866 -6.37658598 -2.12552866]
                [0.         0.         0.         1.06276433 0.        ],
  "funcao_objetivo": 0.98851142115399362017452312307107276609829438104104,
  "confiabilidade_total": 0.98851142115399362017452312307107276609829438104104
}
 
Individuo 37:
{
  "Posicao": [5. 2. 9. 4. 7.]
             [1. 1. 1. 2. 1.],
  "Velocidade": [ 0.21476268  0.32214401 -0.21476268 -0.53690669 -0.42952535]
                [0.10738134 0.         0.         0.         0.        ],
  "funcao_objetivo": 0.96061329924388384338854821542948069645421088745115,
  "confiabilidade_total": 0.96061329924388384338854821542948069645421088745115
}
 
Individuo 38:
{
  "Posicao": [7. 5. 7. 0. 3.]
             [2. 1. 1. 2. 1.],
  "Velocidade": [ 0.          0.          5.61322681  0.         -4.677689  ]
                [ 0.9355378  0.         0.         0.9355378 -0.9355378],
  "funcao_objetivo": 0.98851142115399362017452312307107276609829438104104,
  "confiabilidade_total": 0.98851142115399362017452312307107276609829438104104
}
 
Individuo 39:
{
  "Posicao": [2. 3. 2. 6. 6.]
             [1. 1. 1. 1. 2.],
  "Velocidade": [ 1.15753288  0.38584429  1.15753288 -1.35045502 -0.77168858]
                [ 0.19292215  0.          0.          0.19292215 -0.19292215],
  "funcao_objetivo": 0.89077048646187784747667256098708713357684744048505,
  "confiabilidade_total": 0.95468715312854441363114806492291500722406042266278
}
 
Individuo 40:
{
  "Posicao": [5. 2. 3. 3. 5.]
             [1. 1. 1. 1. 2.],
  "Velocidade": [ 0.41937401  0.83874802  1.04843502 -0.83874802 -0.62906101]
                [ 0.209687  0.        0.        0.209687 -0.209687],
  "funcao_objetivo": 0.95243894760958694152941852433560855491852020936987,
  "confiabilidade_total": 0.95243894760958694152941852433560855491852020936987
}
 
Individuo 41:
{
  "Posicao": [3. 6. 6. 1. 6.]
             [1. 1. 1. 1. 2.],
  "Velocidade": [ 1.69365117 -0.56455039  0.56455039 -0.28227519 -1.12910078]
                [ 0.28227519  0.          0.          0.28227519 -0.28227519],
  "funcao_objetivo": 0.94886878214734560425521029131112901095216409202272,
  "confiabilidade_total": 0.95161878214734547182295068828972180935702533360178
}
 
Individuo 42:
{
  "Posicao": [7. 6. 7. 0. 3.]
             [2. 1. 1. 2. 1.],
  "Velocidade": [ 0.          5.68517033  1.13703407 -5.68517033 -2.27406813]
                [ 1.13703407  0.          0.          1.13703407 -2.27406813],
  "funcao_objetivo": 0.93460754426755660246711677211927249285446820908152,
  "confiabilidade_total": 0.98850754426755660593101260894976089897619901352488
}
 
Individuo 43:
{
  "Posicao": [8. 3. 4. 4. 2.]
             [2. 1. 1. 2. 1.],
  "Velocidade": [-1.00568565  2.01137131  3.01705696 -4.02274261  1.50852848]
                [0.50284283 0.         0.         0.50284283 0.        ],
  "funcao_objetivo": 0.77725354107690881854018241160903712929033397376358,
  "confiabilidade_total": 0.98800354107690875592360382275020824939750789344131
}
 
Individuo 44:
{
  "Posicao": [7. 6. 7. 0. 3.]
             [2. 1. 1. 2. 1.],
  "Velocidade": [-1.2070682   3.62120461 -2.41413641 -1.2070682  -2.41413641]
                [ 1.2070682   0.          0.          1.2070682  -2.41413641],
  "funcao_objetivo": 0.93460754426755660246711677211927249285446820908152,
  "confiabilidade_total": 0.98850754426755660593101260894976089897619901352488
}
 
Individuo 45:
{
  "Posicao": [8. 4. 8. 0. 2.]
             [2. 1. 1. 2. 1.],
  "Velocidade": [ 6.26126853 -3.75676112  2.50450741 -1.25225371 -3.75676112]
                [1.25225371 0.         0.         1.25225371 0.        ],
  "funcao_objetivo": 0.89911392737905476945418908149358554774727922951760,
  "confiabilidade_total": 0.98878059404572135847925889270763815412130457436623
}
 
Individuo 46:
{
  "Posicao": [7. 5. 4. 4. 5.]
             [1. 1. 1. 1. 2.],
  "Velocidade": [ 0.          0.          2.3320449  -3.26486287 -1.86563592]
                [ 0.46640898  0.          0.          0.46640898 -0.46640898],
  "funcao_objetivo": 0.94562994016300678160289276811177415426135032100178,
  "confiabilidade_total": 0.94562994016300678160289276811177415426135032100178
}
 
Individuo 47:
{
  "Posicao": [6. 7. 3. 5. 2.]
             [1. 1. 1. 1. 1.],
  "Velocidade": [ 0.41176322 -1.23528966  2.88234253 -3.70586897  0.41176322]
                [0.41176322 0.         0.         0.41176322 0.        ],
  "funcao_objetivo": 0.94003380033833827400232475749771747579231372820192,
  "confiabilidade_total": 0.94003380033833827400232475749771747579231372820192
}
 
Individuo 48:
{
  "Posicao": [6. 5. 6. 1. 2.]
             [2. 1. 1. 2. 1.],
  "Velocidade": [ 1.5945929  -0.53153097  1.06306193 -1.5945929   1.06306193]
                [0.53153097 0.         0.         0.53153097 0.        ],
  "funcao_objetivo": 0.87411869114606253318909861062360983473759948441598,
  "confiabilidade_total": 0.98845202447939586167445806976042627488774120041940
}
 
Individuo 49:
{
  "Posicao": [7. 5. 7. 0. 3.]
             [2. 1. 1. 2. 1.],
  "Velocidade": [-0.97278598  2.91835794 -1.94557196 -5.83671589 -5.83671589]
                [ 0.97278598  0.          0.          0.97278598 -0.97278598],
  "funcao_objetivo": 0.98851142115399362017452312307107276609829438104104,
  "confiabilidade_total": 0.98851142115399362017452312307107276609829438104104
}
 
Individuo 50:
{
  "Posicao": [7. 5. 7. 0. 3.]
             [2. 1. 1. 2. 1.],
  "Velocidade": [ -1.14936366   2.29872732   1.14936366 -10.34427294   0.        ]
                [1.14936366 0.         0.         1.14936366 0.        ],
  "funcao_objetivo": 0.98851142115399362017452312307107276609829438104104,
  "confiabilidade_total": 0.98851142115399362017452312307107276609829438104104
}
 
-----------------------------------------
-----------------------------------------
-----------------------------------------
-----------------------------------------
GERACAO 2
Populacao antes da execucao:
Individuo 1:
{
  "Posicao": [7. 5. 7. 0. 3.]
             [2. 1. 1. 2. 1.],
  "Velocidade": [0. 0. 0. 0. 0.]
                [0. 0. 0. 0. 0.],
  "funcao_objetivo": 0.98851142115399362017452312307107276609829438104104,
  "confiabilidade_total": 0.98851142115399362017452312307107276609829438104104
}
 
Individuo 2:
{
  "Posicao": [7. 5. 6. 1. 3.]
             [2. 1. 1. 2. 1.],
  "Velocidade": [ 1.59400729 -0.79700365  4.78202188 -5.57902553  0.        ]
                [0. 0. 0. 0. 0.],
  "funcao_objetivo": 0.97620619672539998654369175488939844750670470421786,
  "confiabilidade_total": 0.98787286339206670057987413889607750558165587609286
}
 
Individuo 3:
{
  "Posicao": [6. 5. 6. 0. 0.]
             [2. 1. 1. 3. 1.],
  "Velocidade": [ -3.3348908    0.          -1.6674454  -11.67211781  -8.33722701]
                [ 0.        -1.6674454  0.         1.6674454  0.       ],
  "funcao_objetivo": 0.57424879508760479471491931329900116105045732493293,
  "confiabilidade_total": 0.99176546175427151117138789098852147724892553324592
}
 
Individuo 4:
{
  "Posicao": [6. 3. 6. 0. 1.]
             [3. 1. 1. 3. 1.],
  "Velocidade": [-1.6236698 -6.4946792 -1.6236698 -3.2473396 -6.4946792]
                [ 1.6236698 -1.6236698 -1.6236698  1.6236698  0.       ],
  "funcao_objetivo": 0.24073313748034780058871959345800655379231419143568,
  "confiabilidade_total": 0.99563313748034789930975094312692612826164211807142
}
 
Individuo 5:
{
  "Posicao": [7. 5. 7. 0. 3.]
             [2. 1. 1. 2. 1.],
  "Velocidade": [ 7.02508209  3.01074947  2.00716631  0.         -2.00716631]
                [0.         0.         0.         1.00358316 0.        ],
  "funcao_objetivo": 0.98851142115399362017452312307107276609829438104104,
  "confiabilidade_total": 0.98851142115399362017452312307107276609829438104104
}
 
Individuo 6:
{
  "Posicao": [2. 0. 7. 2. 1.]
             [1. 1. 2. 1. 1.],
  "Velocidade": [ 0.13543218  0.13543218  0.         -0.05417287  0.05417287]
                [ 0.02708644  0.         -0.02708644  0.02708644  0.        ],
  "funcao_objetivo": 0.97865807291684062189417045379890107152670063015230,
  "confiabilidade_total": 0.97865807291684062189417045379890107152670063015230
}
 
Individuo 7:
{
  "Posicao": [3. 4. 3. 0. 6.]
             [1. 1. 2. 1. 1.],
  "Velocidade": [ 1.3084192   0.52336768  1.57010304  0.         -1.04673536]
                [ 0.26168384  0.         -0.26168384  0.26168384  0.        ],
  "funcao_objetivo": 0.88897105263555203540703039452811366205185080911642,
  "confiabilidade_total": 0.97638771930221853916697191453014396389096404459005
}
 
Individuo 8:
{
  "Posicao": [7. 4. 7. 2. 3.]
             [2. 1. 1. 2. 1.],
  "Velocidade": [-0.80688988  4.0344494   0.         -6.45511904 -0.80688988]
                [ 0.          0.         -0.80688988  0.80688988  0.        ],
  "funcao_objetivo": 0.87283347937676350923056589870757944369451434972780,
  "confiabilidade_total": 0.98791681271009686613763478824840331868962676885622
}
 
Individuo 9:
{
  "Posicao": [5. 5. 6. 0. 8.]
             [3. 1. 1. 1. 1.],
  "Velocidade": [ 0.03918757  0.          0.01959379  0.         -0.09796893]
                [-0.01959379  0.          0.          0.01959379  0.        ],
  "funcao_objetivo": 0.97593898462404917673822575569105669203776138783195,
  "confiabilidade_total": 0.97593898462404917673822575569105669203776138783195
}
 
Individuo 10:
{
  "Posicao": [8. 5. 7. 0. 2.]
             [2. 1. 1. 2. 1.],
  "Velocidade": [ 4.64758697 -3.48569023  2.32379348  0.         -5.80948371]
                [ 1.16189674  0.         -1.16189674  1.16189674 -1.16189674],
  "funcao_objetivo": 0.97772988851401906922777631061178062515361096209862,
  "confiabilidade_total": 0.98864655518068575484224926421445224838359143084862
}
 
Individuo 11:
{
  "Posicao": [7. 3. 4. 2. 4.]
             [2. 1. 1. 2. 1.],
  "Velocidade": [-0.63861229  3.19306143  4.470286   -3.19306143 -2.55444914]
                [0.63861229 0.         0.         0.         0.        ],
  "funcao_objetivo": 0.79367743171908594730022555226220831155639575559990,
  "confiabilidade_total": 0.98876076505241925036147774748293997600537227232353
}
 
Individuo 12:
{
  "Posicao": [8. 5. 8. 0. 2.]
             [2. 1. 1. 2. 1.],
  "Velocidade": [ 7.28843211  0.          3.64421605 -8.50317079 -6.07369342]
                [ 1.21473868  0.          0.         -1.21473868  0.        ],
  "funcao_objetivo": 0.97384121840818464230602342508498062203288816063254,
  "confiabilidade_total": 0.98834121840818459967345927947896946976543210594504
}
 
Individuo 13:
{
  "Posicao": [9. 2. 9. 0. 2.]
             [3. 1. 1. 2. 1.],
  "Velocidade": [  4.90876693  -6.54502258  11.45378951 -11.45378951  -3.27251129]
                [1.63625564 0.         0.         0.         0.        ],
  "funcao_objetivo": 0.43972119529160699659756352473490305259702970378877,
  "confiabilidade_total": 0.99365452862494019094577714866030627876399328105928
}
 
Individuo 14:
{
  "Posicao": [7. 5. 7. 0. 3.]
             [2. 1. 1. 2. 1.],
  "Velocidade": [ 0.          1.07546672  5.3773336  -1.07546672  3.22640016]
                [0.         0.         0.         1.07546672 0.        ],
  "funcao_objetivo": 0.98851142115399362017452312307107276609829438104104,
  "confiabilidade_total": 0.98851142115399362017452312307107276609829438104104
}
 
Individuo 15:
{
  "Posicao": [6. 3. 9. 0. 4.]
             [3. 1. 1. 3. 1.],
  "Velocidade": [-1.99363891 -3.98727782  3.98727782 -3.98727782  1.99363891]
                [ 1.99363891  0.         -3.98727782  1.99363891  0.        ],
  "funcao_objetivo": 0.15868272923629316776171123871367204810025715368908,
  "confiabilidade_total": 0.99434939590295983650079421801396425689103626745861
}
 
Individuo 16:
{
  "Posicao": [7. 5. 6. 2. 4.]
             [2. 1. 1. 2. 1.],
  "Velocidade": [-0.7734553   0.          3.09382121 -6.18764243 -3.86727652]
                [ 0.7734553 -0.7734553  0.         0.         0.       ],
  "funcao_objetivo": 0.88519356326112234921395353898722380477498277180832,
  "confiabilidade_total": 0.98736022992778893546346578863838506008992894642990
}
 
Individuo 17:
{
  "Posicao": [7. 6. 7. 3. 1.]
             [1. 1. 3. 1. 1.],
  "Velocidade": [ 0.         -0.1304044   0.         -0.39121319  0.26080879]
                [ 0.1304044   0.         -0.26080879  0.1304044   0.        ],
  "funcao_objetivo": 0.97013166652609817975920384740268917514581664626180,
  "confiabilidade_total": 0.97013166652609817975920384740268917514581664626180
}
 
Individuo 18:
{
  "Posicao": [9. 9. 9. 0. 1.]
             [3. 1. 1. 2. 1.],
  "Velocidade": [ 5.62649818  9.37749696  7.50199757 -9.37749696 -3.75099878]
                [1.87549939 0.         0.         0.         0.        ],
  "funcao_objetivo": 0.37711258343865586866606060654429112301948619679476,
  "confiabilidade_total": 0.99206258343865569875752891791033417658689571217562
}
 
Individuo 19:
{
  "Posicao": [7. 5. 7. 0. 3.]
             [2. 1. 1. 2. 1.],
  "Velocidade": [-2.07718771  4.15437542  6.23156313 -9.34734469 -2.07718771]
                [0.         0.         0.         1.03859385 0.        ],
  "funcao_objetivo": 0.98851142115399362017452312307107276609829438104104,
  "confiabilidade_total": 0.98851142115399362017452312307107276609829438104104
}
 
Individuo 20:
{
  "Posicao": [6. 5. 7. 6. 6.]
             [1. 2. 1. 2. 1.],
  "Velocidade": [ 0.60998488  0.          0.         -2.43993951 -1.52496219]
                [ 0.30499244 -0.30499244  0.          0.          0.        ],
  "funcao_objetivo": 0.93773275178921166745370252984942652718617369327546,
  "confiabilidade_total": 0.96848275178921164966237856023129296689747621212006
}
 
Individuo 21:
{
  "Posicao": [8. 5. 7. 0. 3.]
             [2. 1. 1. 2. 1.],
  "Velocidade": [ 7.51660251  2.14760072  4.29520144 -7.51660251 -4.29520144]
                [0.         0.         0.         1.07380036 0.        ],
  "funcao_objetivo": 0.98209295598547425499673741119429295962093387227973,
  "confiabilidade_total": 0.98817628931880750294929422158381684879189346414527
}
 
Individuo 22:
{
  "Posicao": [7. 5. 7. 0. 3.]
             [2. 1. 1. 2. 1.],
  "Velocidade": [ 0.          1.00438716  2.00877432 -7.03071012 -6.02632296]
                [ 1.00438716  0.         -2.00877432  1.00438716  0.        ],
  "funcao_objetivo": 0.98851142115399362017452312307107276609829438104104,
  "confiabilidade_total": 0.98851142115399362017452312307107276609829438104104
}
 
Individuo 23:
{
  "Posicao": [8. 7. 6. 2. 4.]
             [1. 1. 2. 1. 1.],
  "Velocidade": [-0.20020281 -0.60060843  0.20020281 -0.40040562 -0.20020281]
                [ 0.20020281  0.         -0.20020281  0.20020281  0.        ],
  "funcao_objetivo": 0.96773243057143649128022785954100821850475219447489,
  "confiabilidade_total": 0.96773243057143649128022785954100821850475219447489
}
 
Individuo 24:
{
  "Posicao": [6. 5. 7. 2. 3.]
             [2. 1. 1. 2. 1.],
  "Velocidade": [ 1.02696274  0.          0.51348137 -2.56740686  0.51348137]
                [ 0.51348137  0.          0.         -0.51348137  0.        ],
  "funcao_objetivo": 0.84973520700647865002594027583610974058424413061184,
  "confiabilidade_total": 0.98748520700647866135021512701270645290528714513821
}
 
Individuo 25:
{
  "Posicao": [8. 4. 9. 0. 0.]
             [3. 1. 1. 2. 1.],
  "Velocidade": [ 3.31891196 -1.65945598  4.97836793  0.         -9.95673587]
                [1.65945598 0.         0.         0.         0.        ],
  "funcao_objetivo": 0.56918819744634589806109655438358026466428360510229,
  "confiabilidade_total": 0.99387153077967925516800558835693231693564972448705
}
 
Individuo 26:
{
  "Posicao": [7. 9. 6. 0. 6.]
             [3. 1. 1. 3. 1.],
  "Velocidade": [ 0.          7.84772298 -1.96193074 -9.80965372  5.88579223]
                [ 1.96193074 -3.92386149  0.          1.96193074  0.        ],
  "funcao_objetivo": 0.29208287513579743133762127726435828952817688480495,
  "confiabilidade_total": 0.99346620846913078995443362472792323677568207279323
}
 
Individuo 27:
{
  "Posicao": [6. 7. 7. 4. 4.]
             [1. 1. 1. 2. 2.],
  "Velocidade": [ 0.89577193 -1.34365789  0.         -3.58308771 -0.89577193]
                [ 0.44788596  0.          0.          0.         -0.89577193],
  "funcao_objetivo": 0.77149771346078128185667669624644813360393954540507,
  "confiabilidade_total": 0.96583104679411455649621946106317236320794535900370
}
 
Individuo 28:
{
  "Posicao": [6. 5. 8. 0. 2.]
             [2. 1. 1. 2. 1.],
  "Velocidade": [-2.55594903  0.          5.11189805  0.         -2.55594903]
                [ 1.27797451 -1.27797451  0.          1.27797451  0.        ],
  "funcao_objetivo": 0.88364036593966317237150474363897474587389494994337,
  "confiabilidade_total": 0.98880703260632963638546198206040090054699446776564
}
 
Individuo 29:
{
  "Posicao": [9. 6. 9. 0. 2.]
             [2. 1. 1. 2. 1.],
  "Velocidade": [ 9.17720599  3.93308828  7.86617656 -1.31102943 -3.93308828]
                [1.31102943 0.         0.         1.31102943 0.        ],
  "funcao_objetivo": 0.75828813040941722960876500272097315258515789431292,
  "confiabilidade_total": 0.98712146374275029896807051434625305785966827791888
}
 
Individuo 30:
{
  "Posicao": [7. 5. 8. 0. 1.]
             [3. 1. 1. 3. 1.],
  "Velocidade": [  0.           0.           1.96761841 -15.74094731  -3.93523683]
                [ 1.96761841  0.         -3.93523683  1.96761841  0.        ],
  "funcao_objetivo": 0.42683175484606574891058788145083154076307414187263,
  "confiabilidade_total": 0.99501508817939890040419275484519230657785533083748
}
 
Individuo 31:
{
  "Posicao": [9. 4. 7. 0. 0.]
             [3. 1. 1. 3. 1.],
  "Velocidade": [  6.77804513  -3.38902257   0.         -13.55609027 -10.1670677 ]
                [ 1.69451128 -1.69451128  0.          1.69451128  0.        ],
  "funcao_objetivo": 0.077053809536808150156772005117405832769919023850479,
  "confiabilidade_total": 0.99570380953680817227241465565052411800866185221962
}
 
Individuo 32:
{
  "Posicao": [5. 5. 6. 2. 3.]
             [2. 1. 1. 2. 1.],
  "Velocidade": [ 3.45466954  0.          2.76373563 -5.52747127  0.69093391]
                [ 0.69093391  0.         -0.69093391  0.69093391  0.        ],
  "funcao_objetivo": 0.88909805948065141231837444945952577806521915829256,
  "confiabilidade_total": 0.98759805948065136102607071177729361049343609249666
}
 
Individuo 33:
{
  "Posicao": [7. 5. 7. 0. 2.]
             [2. 1. 1. 2. 1.],
  "Velocidade": [ 1.16799237  1.16799237  2.33598474 -3.50397711 -4.67196948]
                [ 1.16799237 -1.16799237  0.          1.16799237  0.        ],
  "funcao_objetivo": 0.98523237208759069028138043500758744784426021184405,
  "confiabilidade_total": 0.98898237208759071399505035161054042845526787247142
}
 
Individuo 34:
{
  "Posicao": [8. 7. 6. 0. 1.]
             [3. 1. 1. 3. 1.],
  "Velocidade": [ 3.13806359  4.70709539 -1.5690318  -6.27612718 -4.70709539]
                [ 1.5690318 -1.5690318  0.         1.5690318  0.       ],
  "funcao_objetivo": 0.38485170751524598303695399214681914627824008776131,
  "confiabilidade_total": 0.99508504084857933286079998457914429337058246447030
}
 
Individuo 35:
{
  "Posicao": [8. 3. 9. 0. 5.]
             [2. 1. 1. 3. 1.],
  "Velocidade": [ 1.61829119 -6.47316475  9.70974713 -9.70974713  4.85487356]
                [0.         0.         0.         1.61829119 0.        ],
  "funcao_objetivo": 0.62749391112953988641512343539774794838737351570481,
  "confiabilidade_total": 0.98909391112953980790015113390667740962814194832200
}
 
Individuo 36:
{
  "Posicao": [7. 5. 7. 0. 3.]
             [2. 1. 1. 2. 1.],
  "Velocidade": [ 5.31382165 -3.18829299 -2.12552866 -6.37658598 -2.12552866]
                [0.         0.         0.         1.06276433 0.        ],
  "funcao_objetivo": 0.98851142115399362017452312307107276609829438104104,
  "confiabilidade_total": 0.98851142115399362017452312307107276609829438104104
}
 
Individuo 37:
{
  "Posicao": [5. 2. 9. 4. 7.]
             [1. 1. 1. 2. 1.],
  "Velocidade": [ 0.21476268  0.32214401 -0.21476268 -0.53690669 -0.42952535]
                [0.10738134 0.         0.         0.         0.        ],
  "funcao_objetivo": 0.96061329924388384338854821542948069645421088745115,
  "confiabilidade_total": 0.96061329924388384338854821542948069645421088745115
}
 
Individuo 38:
{
  "Posicao": [7. 5. 7. 0. 3.]
             [2. 1. 1. 2. 1.],
  "Velocidade": [ 0.          0.          5.61322681  0.         -4.677689  ]
                [ 0.9355378  0.         0.         0.9355378 -0.9355378],
  "funcao_objetivo": 0.98851142115399362017452312307107276609829438104104,
  "confiabilidade_total": 0.98851142115399362017452312307107276609829438104104
}
 
Individuo 39:
{
  "Posicao": [2. 3. 2. 6. 6.]
             [1. 1. 1. 1. 2.],
  "Velocidade": [ 1.15753288  0.38584429  1.15753288 -1.35045502 -0.77168858]
                [ 0.19292215  0.          0.          0.19292215 -0.19292215],
  "funcao_objetivo": 0.89077048646187784747667256098708713357684744048505,
  "confiabilidade_total": 0.95468715312854441363114806492291500722406042266278
}
 
Individuo 40:
{
  "Posicao": [5. 2. 3. 3. 5.]
             [1. 1. 1. 1. 2.],
  "Velocidade": [ 0.41937401  0.83874802  1.04843502 -0.83874802 -0.62906101]
                [ 0.209687  0.        0.        0.209687 -0.209687],
  "funcao_objetivo": 0.95243894760958694152941852433560855491852020936987,
  "confiabilidade_total": 0.95243894760958694152941852433560855491852020936987
}
 
Individuo 41:
{
  "Posicao": [3. 6. 6. 1. 6.]
             [1. 1. 1. 1. 2.],
  "Velocidade": [ 1.69365117 -0.56455039  0.56455039 -0.28227519 -1.12910078]
                [ 0.28227519  0.          0.          0.28227519 -0.28227519],
  "funcao_objetivo": 0.94886878214734560425521029131112901095216409202272,
  "confiabilidade_total": 0.95161878214734547182295068828972180935702533360178
}
 
Individuo 42:
{
  "Posicao": [7. 6. 7. 0. 3.]
             [2. 1. 1. 2. 1.],
  "Velocidade": [ 0.          5.68517033  1.13703407 -5.68517033 -2.27406813]
                [ 1.13703407  0.          0.          1.13703407 -2.27406813],
  "funcao_objetivo": 0.93460754426755660246711677211927249285446820908152,
  "confiabilidade_total": 0.98850754426755660593101260894976089897619901352488
}
 
Individuo 43:
{
  "Posicao": [8. 3. 4. 4. 2.]
             [2. 1. 1. 2. 1.],
  "Velocidade": [-1.00568565  2.01137131  3.01705696 -4.02274261  1.50852848]
                [0.50284283 0.         0.         0.50284283 0.        ],
  "funcao_objetivo": 0.77725354107690881854018241160903712929033397376358,
  "confiabilidade_total": 0.98800354107690875592360382275020824939750789344131
}
 
Individuo 44:
{
  "Posicao": [7. 6. 7. 0. 3.]
             [2. 1. 1. 2. 1.],
  "Velocidade": [-1.2070682   3.62120461 -2.41413641 -1.2070682  -2.41413641]
                [ 1.2070682   0.          0.          1.2070682  -2.41413641],
  "funcao_objetivo": 0.93460754426755660246711677211927249285446820908152,
  "confiabilidade_total": 0.98850754426755660593101260894976089897619901352488
}
 
Individuo 45:
{
  "Posicao": [8. 4. 8. 0. 2.]
             [2. 1. 1. 2. 1.],
  "Velocidade": [ 6.26126853 -3.75676112  2.50450741 -1.25225371 -3.75676112]
                [1.25225371 0.         0.         1.25225371 0.        ],
  "funcao_objetivo": 0.89911392737905476945418908149358554774727922951760,
  "confiabilidade_total": 0.98878059404572135847925889270763815412130457436623
}
 
Individuo 46:
{
  "Posicao": [7. 5. 4. 4. 5.]
             [1. 1. 1. 1. 2.],
  "Velocidade": [ 0.          0.          2.3320449  -3.26486287 -1.86563592]
                [ 0.46640898  0.          0.          0.46640898 -0.46640898],
  "funcao_objetivo": 0.94562994016300678160289276811177415426135032100178,
  "confiabilidade_total": 0.94562994016300678160289276811177415426135032100178
}
 
Individuo 47:
{
  "Posicao": [6. 7. 3. 5. 2.]
             [1. 1. 1. 1. 1.],
  "Velocidade": [ 0.41176322 -1.23528966  2.88234253 -3.70586897  0.41176322]
                [0.41176322 0.         0.         0.41176322 0.        ],
  "funcao_objetivo": 0.94003380033833827400232475749771747579231372820192,
  "confiabilidade_total": 0.94003380033833827400232475749771747579231372820192
}
 
Individuo 48:
{
  "Posicao": [6. 5. 6. 1. 2.]
             [2. 1. 1. 2. 1.],
  "Velocidade": [ 1.5945929  -0.53153097  1.06306193 -1.5945929   1.06306193]
                [0.53153097 0.         0.         0.53153097 0.        ],
  "funcao_objetivo": 0.87411869114606253318909861062360983473759948441598,
  "confiabilidade_total": 0.98845202447939586167445806976042627488774120041940
}
 
Individuo 49:
{
  "Posicao": [7. 5. 7. 0. 3.]
             [2. 1. 1. 2. 1.],
  "Velocidade": [-0.97278598  2.91835794 -1.94557196 -5.83671589 -5.83671589]
                [ 0.97278598  0.          0.          0.97278598 -0.97278598],
  "funcao_objetivo": 0.98851142115399362017452312307107276609829438104104,
  "confiabilidade_total": 0.98851142115399362017452312307107276609829438104104
}
 
Individuo 50:
{
  "Posicao": [7. 5. 7. 0. 3.]
             [2. 1. 1. 2. 1.],
  "Velocidade": [ -1.14936366   2.29872732   1.14936366 -10.34427294   0.        ]
                [1.14936366 0.         0.         1.14936366 0.        ],
  "funcao_objetivo": 0.98851142115399362017452312307107276609829438104104,
  "confiabilidade_total": 0.98851142115399362017452312307107276609829438104104
}
 
-----------------------------------------
Populacao final da era:
Individuo 1:
{
  "Posicao": [7. 5. 7. 0. 3.]
             [2. 1. 1. 2. 1.],
  "Velocidade": [0. 0. 0. 0. 0.]
                [0. 0. 0. 0. 0.],
  "funcao_objetivo": 0.98851142115399362017452312307107276609829438104104,
  "confiabilidade_total": 0.98851142115399362017452312307107276609829438104104
}
 
Individuo 2:
{
  "Posicao": [9. 4. 9. 0. 3.]
             [2. 1. 1. 2. 1.],
  "Velocidade": [ 1.54045613 -0.77022807  5.87827937 -6.64850744  0.        ]
                [0. 0. 0. 0. 0.],
  "funcao_objetivo": 0.69042228663472445170831678293103884816755267517200,
  "confiabilidade_total": 0.98710561996805790329520521250521249048997374908557
}
 
Individuo 3:
{
  "Posicao": [6. 5. 7. 8. 0.]
             [2. 2. 1. 2. 1.],
  "Velocidade": [-0.38322751  0.          0.77498985  8.10752158  0.00853483]
                [ 0.          1.15821737  0.         -0.77498985  0.        ],
  "funcao_objetivo": 0.85439695447050681256650800460390691086716172796055,
  "confiabilidade_total": 0.99349695447050697358215326599035996850646255117222
}
 
Individuo 4:
{
  "Posicao": [8. 7. 8. 0. 5.]
             [1. 1. 1. 1. 1.],
  "Velocidade": [2.21736437 4.34570435 2.21736437 0.0890244  4.34570435]
                [-2.21736437  0.0445122   0.0445122  -2.21736437  0.        ],
  "funcao_objetivo": 0.94402532572534612366140450562752729943458263514487,
  "confiabilidade_total": 0.94402532572534612366140450562752729943458263514487
}
 
Individuo 5:
{
  "Posicao": [9. 8. 9. 0. 1.]
             [2. 1. 1. 3. 1.],
  "Velocidade": [ 6.95483127  2.98064197  1.98709465  0.         -1.98709465]
                [0.         0.         0.         0.99354732 0.        ],
  "funcao_objetivo": 0.45166355025964509182399881073765919867671115571734,
  "confiabilidade_total": 0.98899688359297850457528583892385705698049647981402
}
 
Individuo 6:
{
  "Posicao": [5. 3. 7. 1. 2.]
             [2. 1. 1. 2. 1.],
  "Velocidade": [ 2.62348698  2.62348698  0.         -1.04939479  1.04939479]
                [ 0.5246974  0.        -0.5246974  0.5246974  0.       ],
  "funcao_objetivo": 0.94992108087795541106954253899940776991665125451483,
  "confiabilidade_total": 0.98900441421128884619182351338250991775661469064154
}
 
Individuo 7:
{
  "Posicao": [9. 6. 9. 0. 1.]
             [3. 1. 1. 3. 1.],
  "Velocidade": [ 7.0997674   1.74961064  7.06599245  0.         -5.31638181]
                [ 1.78338559  0.         -1.78338559  1.78338559  0.        ],
  "funcao_objetivo": 0.090279721656112064419889568069360911052495321534743,
  "confiabilidade_total": 0.99446305498944545883029222944797272155788548877107
}
 
Individuo 8:
{
  "Posicao": [6. 8. 7. 0. 2.]
             [2. 1. 2. 3. 1.],
  "Velocidade": [-0.67004935  3.71387575  0.         -6.0876528  -0.67004935]
                [0.         0.         0.67004935 0.67004935 0.        ],
  "funcao_objetivo": 0.35513509644016217987284488294541423334768205317934,
  "confiabilidade_total": 0.99820176310682879967329693676880614026477723750551
}
 
Individuo 9:
{
  "Posicao": [7. 5. 7. 0. 2.]
             [2. 1. 1. 2. 1.],
  "Velocidade": [ 2.21844879  0.          1.10922439  0.         -5.54612197]
                [-1.10922439  0.          0.          1.10922439  0.        ],
  "funcao_objetivo": 0.98523237208759069028138043500758744784426021184405,
  "confiabilidade_total": 0.98898237208759071399505035161054042845526787247142
}
 
Individuo 10:
{
  "Posicao": [9. 2. 9. 0. 0.]
             [3. 1. 2. 3. 2.],
  "Velocidade": [ 4.38056289 -3.45083332  2.30055555  0.         -5.53084066]
                [1.15027777 0.         1.15027777 1.15027777 1.15027777],
  "funcao_objetivo": -0.59145405638054984112738387389092918606216569969096,
  "confiabilidade_total": 0.99952927695278324179884699865376364318912366798482
}
 
Individuo 11:
{
  "Posicao": [7. 4. 6. 1. 4.]
             [2. 1. 1. 2. 1.],
  "Velocidade": [ 0.17604768  1.16560653  1.83643364 -1.16560653 -0.31873175]
                [-0.17604768  0.          0.          0.          0.        ],
  "funcao_objetivo": 0.88811189568896691257693328162922905927731565464494,
  "confiabilidade_total": 0.98827856235563342766114965280785607343747190464494
}
 
Individuo 12:
{
  "Posicao": [4. 5. 5. 2. 6.]
             [2. 1. 1. 2. 1.],
  "Velocidade": [-4.03535047  0.         -3.00272005  2.40947097  3.69114033]
                [-0.34421014  0.          0.          0.34421014  0.        ],
  "funcao_objetivo": 0.80081791636575972291542755236311220027243802937843,
  "confiabilidade_total": 0.98781791636575994451594326754435766882931898030616
}
 
Individuo 13:
{
  "Posicao": [9. 2. 9. 9. 1.]
             [3. 1. 1. 2. 1.],
  "Velocidade": [ 0.52442413 -0.09888695  6.02641808  9.62848941 -0.94996131]
                [-0.42553718  0.          0.          0.          0.        ],
  "funcao_objetivo": 0.42019332396836498558003447458519965278165915717671,
  "confiabilidade_total": 0.99074332396836509820105809256107911335485556830952
}
 
Individuo 14:
{
  "Posicao": [7. 6. 9. 1. 6.]
             [2. 1. 1. 3. 1.],
  "Velocidade": [0.         1.06471205 5.32356026 1.06471205 3.19413616]
                [0.         0.         0.         1.06471205 0.        ],
  "funcao_objetivo": 0.64876192837589323904855485470234836119640308966633,
  "confiabilidade_total": 0.98877859504256006708243740722010098996985394110676
}
 
Individuo 15:
{
  "Posicao": [5. 2. 9. 3. 5.]
             [2. 1. 3. 2. 1.],
  "Velocidade": [-0.65436718 -1.30873435  1.30873435  3.34335219  0.65436718]
                [-0.65436718  0.          3.34335219 -0.65436718  0.        ],
  "funcao_objetivo": 0.43175429663079150077273221636733318820937421233757,
  "confiabilidade_total": 0.99633762996412471568227625635063554302199628265007
}
 
Individuo 16:
{
  "Posicao": [6. 5. 9. 0. 0.]
             [3. 2. 1. 2. 1.],
  "Velocidade": [-0.73805004  0.          3.53207779 -7.06415557 -4.27012782]
                [0.73805004 0.73805004 0.         0.         0.        ],
  "funcao_objetivo": 0.35346912230410919562485508492767261672402836465274,
  "confiabilidade_total": 0.99813578897077600003319167342209406528259731912052
}
 
Individuo 17:
{
  "Posicao": [7. 4. 7. 0. 5.]
             [3. 1. 1. 3. 1.],
  "Velocidade": [ 0.         -1.76465492  0.         -5.29396476  3.52930984]
                [ 1.76465492  0.         -3.52930984  1.76465492  0.        ],
  "funcao_objetivo": 0.37483477302798306668554001141354218130650734572036,
  "confiabilidade_total": 0.99431810636131645248061200170093923812451576857193
}
 
Individuo 18:
{
  "Posicao": [6. 2. 6. 1. 4.]
             [1. 1. 1. 2. 1.],
  "Velocidade": [-3.31457508 -6.81371344 -3.1300118   0.92281639  3.49913836]
                [-1.74956918  0.          0.          0.          0.        ],
  "funcao_objetivo": 0.94283845866052478471751366800111525279918323019831,
  "confiabilidade_total": 0.96550512532719144260416658159050227894896278838007
}
 
Individuo 19:
{
  "Posicao": [5. 9. 9. 9. 1.]
             [2. 1. 1. 3. 1.],
  "Velocidade": [-2.05641583  4.11283166  6.1692475   9.25387125 -2.05641583]
                [0.         0.         0.         1.02820792 0.        ],
  "funcao_objetivo": 0.58231660870579850987559762078830388577216414623005,
  "confiabilidade_total": 0.98893327537246524718205460093826403112643508128864
}
 
Individuo 20:
{
  "Posicao": [6. 5. 7. 2. 6.]
             [2. 1. 1. 2. 1.],
  "Velocidade": [-0.38735273  0.          0.         -3.50679918 -0.29567069]
                [ 1.07037616 -1.07037616  0.          0.          0.        ],
  "funcao_objetivo": 0.86700903130574429655059896001218202824693917769128,
  "confiabilidade_total": 0.98700903130574434762085809276938288773399590986901
}
 
Individuo 21:
{
  "Posicao": [9. 7. 9. 7. 0.]
             [2. 1. 1. 3. 1.],
  "Velocidade": [ 6.87905832  2.12612471  4.25224942  7.44143649 -4.25224942]
                [0.         0.         0.         1.06306236 0.        ],
  "funcao_objetivo": 0.59983843301002839685638574687487414512949668194539,
  "confiabilidade_total": 0.98907176634336173080404248716746076416390620495564
}
 
Individuo 22:
{
  "Posicao": [7. 6. 9. 7. 0.]
             [3. 1. 3. 3. 1.],
  "Velocidade": [ 0.          0.99434329  1.98868658  6.96040302 -5.96605973]
                [0.99434329 0.         1.98868658 0.99434329 0.        ],
  "funcao_objetivo": -0.21342962130938173998002966268951308997782226430573,
  "confiabilidade_total": 0.99897037869061829323784323409517059949723724497161
}
 
Individuo 23:
{
  "Posicao": [8. 6. 6. 1. 4.]
             [1. 1. 2. 1. 1.],
  "Velocidade": [-0.40240973 -1.00302024  0.40240973 -0.80481945 -0.40240973]
                [ 0.40240973  0.         -0.40240973  0.40240973  0.        ],
  "funcao_objetivo": 0.96969899247895363559008955816695986893191355686953,
  "confiabilidade_total": 0.96969899247895363559008955816695986893191355686953
}
 
Individuo 24:
{
  "Posicao": [8. 5. 8. 0. 4.]
             [3. 1. 1. 1. 1.],
  "Velocidade": [ 1.68762246  0.          0.50148133 -3.87672624  0.50148133]
                [ 0.50148133  0.          0.         -0.50148133  0.        ],
  "funcao_objetivo": 0.97611987547594162348392944287338195514952281380616,
  "confiabilidade_total": 0.97611987547594162348392944287338195514952281380616
}
 
Individuo 25:
{
  "Posicao": [6. 6. 5. 0. 6.]
             [1. 1. 1. 2. 1.],
  "Velocidade": [-2.07466952  2.00822165 -4.08289117  0.          6.22400855]
                [-2.00822165  0.          0.          0.          0.        ],
  "funcao_objetivo": 0.96475572371955214237386640620370501689873099422760,
  "confiabilidade_total": 0.96475572371955214237386640620370501689873099422760
}
 
Individuo 26:
{
  "Posicao": [7. 4. 7. 3. 2.]
             [2. 2. 1. 2. 1.],
  "Velocidade": [ 0.         -4.99710592  1.24927648  2.57465501 -3.74782944]
                [-1.24927648  1.02986201  0.         -1.24927648  0.        ],
  "funcao_objetivo": 0.62500348043134736048756634774585820510900315049982,
  "confiabilidade_total": 0.99367014709801391975865909900571552812969979051447
}
 
Individuo 27:
{
  "Posicao": [7. 4. 7. 0. 3.]
             [3. 1. 1. 2. 1.],
  "Velocidade": [ 1.12252445 -2.67482025  0.         -4.49009782 -1.12252445]
                [ 1.5522958   0.          0.          0.         -1.12252445],
  "funcao_objetivo": 0.62513174050808603859867990149253814861613334162956,
  "confiabilidade_total": 0.99313174050808614340373342610731556460696280940300
}
 
Individuo 28:
{
  "Posicao": [8. 5. 6. 0. 4.]
             [2. 1. 1. 2. 1.],
  "Velocidade": [ 2.03142151  0.         -2.05631483  0.          2.03142151]
                [-0.01244666  0.01244666  0.         -0.01244666  0.        ],
  "funcao_objetivo": 0.91983763635153301143248029880747263929519895533601,
  "confiabilidade_total": 0.98817096968486624355048122048070137067411188105622
}
 
Individuo 29:
{
  "Posicao": [7. 5. 7. 1. 3.]
             [3. 1. 1. 3. 1.],
  "Velocidade": [-1.89108006 -1.20123145 -2.40246291  0.51138285  1.20123145]
                [0.51138285 0.         0.         0.51138285 0.        ],
  "funcao_objetivo": 0.50379290700797387212576895467253261557922381954005,
  "confiabilidade_total": 0.99429290700797416899940573943939152485833186702540
}
 
Individuo 30:
{
  "Posicao": [7. 5. 8. 9. 2.]
             [3. 1. 3. 3. 1.],
  "Velocidade": [ 0.          0.         -0.47501357  9.29068016  0.95002713]
                [-0.47501357  0.          2.32267004 -0.47501357  0.        ],
  "funcao_objetivo": -0.069359633024856279608919235323514036459156343390802,
  "confiabilidade_total": 0.99870703364181071766736119105310161449270599181428
}
 
Individuo 31:
{
  "Posicao": [9. 3. 7. 8. 3.]
             [3. 2. 1. 3. 1.],
  "Velocidade": [ 1.78658707 -0.89329353  0.          8.32534259  2.6798806 ]
                [-0.14737429  1.04066782  0.         -0.14737429  0.        ],
  "funcao_objetivo": 0.059686289762361195052439479683974206678017435526798,
  "confiabilidade_total": 0.99810295642902792729627946754322052770052796409125
}
 
Individuo 32:
{
  "Posicao": [6. 5. 6. 2. 3.]
             [2. 1. 1. 2. 1.],
  "Velocidade": [ 0.87525403  0.          0.0992211  -0.1984422  -0.22560394]
                [-0.22560394  0.          0.22560394 -0.22560394  0.        ],
  "funcao_objetivo": 0.80092545166628240868790138797876789883033599169198,
  "confiabilidade_total": 0.98759211833294911162185352573388155266897048265878
}
 
Individuo 33:
{
  "Posicao": [8. 6. 9. 3. 0.]
             [3. 2. 1. 3. 1.],
  "Velocidade": [ 1.15631245  1.15631245  2.31262489  3.46893734 -3.6916174 ]
                [1.15631245 1.15631245 0.         1.15631245 0.        ],
  "funcao_objetivo": 0.077693739899687865800057573129660339448291254746834,
  "confiabilidade_total": 0.99824373989968773417201577357110090682252068589918
}
 
Individuo 34:
{
  "Posicao": [9. 8. 6. 6. 0.]
             [3. 2. 1. 3. 1.],
  "Velocidade": [ 1.46277223e+00  1.46064442e+00  2.12781676e-03  5.85960020e+00
 -1.46064442e+00]
                [-0.00212782  1.46490005  0.         -0.00212782  0.        ],
  "funcao_objetivo": 0.0020270079561893200180518604723777330065499658339762,
  "confiabilidade_total": 0.99812700795618963851883316493728604973800290772851
}
 
Individuo 35:
{
  "Posicao": [6. 5. 9. 4. 3.]
             [2. 1. 1. 1. 1.],
  "Velocidade": [-1.53820076  1.62504901 -0.1736965   4.35405753 -2.35072527]
                [ 0.          0.          0.         -1.53820076  0.        ],
  "funcao_objetivo": 0.96336678766057281629391112875323949232646373276139,
  "confiabilidade_total": 0.96336678766057281629391112875323949232646373276139
}
 
Individuo 36:
{
  "Posicao": [9. 2. 5. 6. 1.]
             [2. 1. 1. 3. 1.],
  "Velocidade": [ 5.26068344 -3.15641006 -2.10427337  6.31282012 -2.10427337]
                [0.         0.         0.         1.05213669 0.        ],
  "funcao_objetivo": 0.64770197868666928169393580207692254184149459933924,
  "confiabilidade_total": 0.99043531202000268536359848882933989947997287845301
}
 
Individuo 37:
{
  "Posicao": [8. 6. 6. 0. 1.]
             [2. 1. 1. 2. 1.],
  "Velocidade": [ 2.86379673  4.2956951  -2.86379673 -5.83390099 -5.72759346]
                [1.43189837 0.         0.         0.         0.        ],
  "funcao_objetivo": 0.92366509918004116344754676689258347349305512166798,
  "confiabilidade_total": 0.98899843251337453167889050761000406080921055532277
}
 
Individuo 38:
{
  "Posicao": [7. 5. 9. 0. 0.]
             [3. 1. 1. 3. 2.],
  "Velocidade": [ 0.          0.          5.55709454  0.         -4.63091211]
                [0.92618242 0.         0.         0.92618242 0.92618242],
  "funcao_objetivo": -0.0077629864664117601673173284162025662511341512045138,
  "confiabilidade_total": 0.99843701353358838966838207499492412932219577433260
}
 
Individuo 39:
{
  "Posicao": [3. 4. 3. 5. 6.]
             [1. 1. 1. 1. 2.],
  "Velocidade": [ 0.559689    0.89281044  0.559689   -1.00609422  0.33312144]
                [ 0.44640522  0.          0.          0.44640522 -0.44640522],
  "funcao_objetivo": 0.92570388808036882464608877684162496744047244795442,
  "confiabilidade_total": 0.94920388808036876919044869681505577328007062681795
}
 
Individuo 40:
{
  "Posicao": [9. 8. 9. 0. 1.]
             [3. 1. 1. 3. 1.],
  "Velocidade": [ 3.84620954  5.57976079  7.50286556 -5.57976079 -3.65665602]
                [ 1.92310477  0.          0.          1.92310477 -1.92310477],
  "funcao_objetivo": 0.12562021804046352739054099698981848817313153944926,
  "confiabilidade_total": 0.99427021804046328305265773748536707174027402602152
}
 
Individuo 41:
{
  "Posicao": [6. 6. 6. 0. 3.]
             [2. 1. 1. 2. 1.],
  "Velocidade": [ 2.73414667 -0.22462258  0.22462258 -1.14245076 -2.5095241 ]
                [ 1.14245076  0.          0.          1.14245076 -1.14245076],
  "funcao_objetivo": 0.79897997927798036587661473299780019038457803811300,
  "confiabilidade_total": 0.98872997927798045114174302420982249491949014748800
}
 
Individuo 42:
{
  "Posicao": [7. 1. 6. 3. 4.]
             [1. 1. 1. 1. 2.],
  "Velocidade": [ 0.         -5.31100195 -0.58724824  2.93624118  1.17449647]
                [-0.58724824  0.          0.         -0.58724824  1.17449647],
  "funcao_objetivo": 0.93473286601387865488396634128919762551939856791143,
  "confiabilidade_total": 0.95073286601387855113362469006831892293101918482427
}
 
Individuo 43:
{
  "Posicao": [6. 6. 9. 0. 3.]
             [1. 1. 1. 1. 1.],
  "Velocidade": [-1.50116602  3.00233205  4.50349807 -6.00466409  0.62800532]
                [-0.8731607  0.         0.        -0.8731607  0.       ],
  "funcao_objetivo": 0.94441593199120171972294058461399935632215165877775,
  "confiabilidade_total": 0.94441593199120171972294058461399935632215165877775
}
 
Individuo 44:
{
  "Posicao": [6. 5. 6. 1. 2.]
             [3. 1. 1. 3. 2.],
  "Velocidade": [-0.52743505 -0.8262548  -1.0548701   0.52743505 -1.0548701 ]
                [0.52743505 0.         0.         0.52743505 1.0548701 ],
  "funcao_objetivo": 0.14664618586312920766490627922586051393506745232912,
  "confiabilidade_total": 0.99826285252979600714385263838458692301271180047365
}
 
Individuo 45:
{
  "Posicao": [9. 4. 8. 0. 2.]
             [2. 1. 1. 2. 1.],
  "Velocidade": [ 0.7741109  -0.00964929 -0.37258152  0.38223081 -0.00964929]
                [0.38223081 0.         0.         0.38223081 0.        ],
  "funcao_objetivo": 0.78783888226550724219977172877859232092258239642587,
  "confiabilidade_total": 0.98813888226550705372831106841201801860687042132821
}
 
Individuo 46:
{
  "Posicao": [7. 5. 6. 2. 5.]
             [2. 1. 1. 2. 1.],
  "Velocidade": [ 0.          0.          1.77007367 -1.98489192 -0.42963651]
                [ 1.34043715  0.          0.          1.34043715 -1.34043715],
  "funcao_objetivo": 0.96001035463693116911032231493686533666688464350614,
  "confiabilidade_total": 0.98701035463693112717164755972157702216419838137540
}
 
Individuo 47:
{
  "Posicao": [7. 6. 3. 5. 3.]
             [2. 1. 1. 2. 1.],
  "Velocidade": [ 0.92197606 -0.72864749  0.34199036 -0.1486618   0.92197606]
                [0.92197606 0.         0.         0.92197606 0.        ],
  "funcao_objetivo": 0.96932763326492857701118786957955286128582423872496,
  "confiabilidade_total": 0.98666096659826201363226992720661633869769042677428
}
 
Individuo 48:
{
  "Posicao": [5. 6. 6. 2. 2.]
             [1. 1. 1. 1. 1.],
  "Velocidade": [-1.17104372  1.2737408   0.10269708  1.17104372  0.10269708]
                [-1.2737408  0.         0.        -1.2737408  0.       ],
  "funcao_objetivo": 0.94334351293243132381328000051821596773362329365854,
  "confiabilidade_total": 0.94334351293243132381328000051821596773362329365854
}
 
Individuo 49:
{
  "Posicao": [6. 8. 5. 6. 0.]
             [3. 1. 1. 3. 2.],
  "Velocidade": [-0.96305812  2.88917436 -1.92611624  5.77834873 -5.77834873]
                [0.96305812 0.         0.         0.96305812 0.96305812],
  "funcao_objetivo": 0.11383948592965284139603650933502976442448367794322,
  "confiabilidade_total": 0.99792281926298606252282948721920874560944308956432
}
 
Individuo 50:
{
  "Posicao": [6. 7. 8. 9. 3.]
             [3. 1. 1. 3. 1.],
  "Velocidade": [-1.13787002  2.27574005  1.13787002 10.24083021  0.        ]
                [1.13787002 0.         0.         1.13787002 0.        ],
  "funcao_objetivo": 0.30207260955617187211267247005815222484829152732769,
  "confiabilidade_total": 0.99332260955617179217661469704688131434681142478863
}
 
-----------------------------------------
-----------------------------------------
-----------------------------------------
-----------------------------------------
GERACAO 3
Populacao antes da execucao:
Individuo 1:
{
  "Posicao": [7. 5. 7. 0. 3.]
             [2. 1. 1. 2. 1.],
  "Velocidade": [0. 0. 0. 0. 0.]
                [0. 0. 0. 0. 0.],
  "funcao_objetivo": 0.98851142115399362017452312307107276609829438104104,
  "confiabilidade_total": 0.98851142115399362017452312307107276609829438104104
}
 
Individuo 2:
{
  "Posicao": [9. 4. 9. 0. 3.]
             [2. 1. 1. 2. 1.],
  "Velocidade": [ 1.54045613 -0.77022807  5.87827937 -6.64850744  0.        ]
                [0. 0. 0. 0. 0.],
  "funcao_objetivo": 0.69042228663472445170831678293103884816755267517200,
  "confiabilidade_total": 0.98710561996805790329520521250521249048997374908557
}
 
Individuo 3:
{
  "Posicao": [6. 5. 7. 8. 0.]
             [2. 2. 1. 2. 1.],
  "Velocidade": [-0.38322751  0.          0.77498985  8.10752158  0.00853483]
                [ 0.          1.15821737  0.         -0.77498985  0.        ],
  "funcao_objetivo": 0.85439695447050681256650800460390691086716172796055,
  "confiabilidade_total": 0.99349695447050697358215326599035996850646255117222
}
 
Individuo 4:
{
  "Posicao": [8. 7. 8. 0. 5.]
             [1. 1. 1. 1. 1.],
  "Velocidade": [2.21736437 4.34570435 2.21736437 0.0890244  4.34570435]
                [-2.21736437  0.0445122   0.0445122  -2.21736437  0.        ],
  "funcao_objetivo": 0.94402532572534612366140450562752729943458263514487,
  "confiabilidade_total": 0.94402532572534612366140450562752729943458263514487
}
 
Individuo 5:
{
  "Posicao": [9. 8. 9. 0. 1.]
             [2. 1. 1. 3. 1.],
  "Velocidade": [ 6.95483127  2.98064197  1.98709465  0.         -1.98709465]
                [0.         0.         0.         0.99354732 0.        ],
  "funcao_objetivo": 0.45166355025964509182399881073765919867671115571734,
  "confiabilidade_total": 0.98899688359297850457528583892385705698049647981402
}
 
Individuo 6:
{
  "Posicao": [5. 3. 7. 1. 2.]
             [2. 1. 1. 2. 1.],
  "Velocidade": [ 2.62348698  2.62348698  0.         -1.04939479  1.04939479]
                [ 0.5246974  0.        -0.5246974  0.5246974  0.       ],
  "funcao_objetivo": 0.94992108087795541106954253899940776991665125451483,
  "confiabilidade_total": 0.98900441421128884619182351338250991775661469064154
}
 
Individuo 7:
{
  "Posicao": [9. 6. 9. 0. 1.]
             [3. 1. 1. 3. 1.],
  "Velocidade": [ 7.0997674   1.74961064  7.06599245  0.         -5.31638181]
                [ 1.78338559  0.         -1.78338559  1.78338559  0.        ],
  "funcao_objetivo": 0.090279721656112064419889568069360911052495321534743,
  "confiabilidade_total": 0.99446305498944545883029222944797272155788548877107
}
 
Individuo 8:
{
  "Posicao": [6. 8. 7. 0. 2.]
             [2. 1. 2. 3. 1.],
  "Velocidade": [-0.67004935  3.71387575  0.         -6.0876528  -0.67004935]
                [0.         0.         0.67004935 0.67004935 0.        ],
  "funcao_objetivo": 0.35513509644016217987284488294541423334768205317934,
  "confiabilidade_total": 0.99820176310682879967329693676880614026477723750551
}
 
Individuo 9:
{
  "Posicao": [7. 5. 7. 0. 2.]
             [2. 1. 1. 2. 1.],
  "Velocidade": [ 2.21844879  0.          1.10922439  0.         -5.54612197]
                [-1.10922439  0.          0.          1.10922439  0.        ],
  "funcao_objetivo": 0.98523237208759069028138043500758744784426021184405,
  "confiabilidade_total": 0.98898237208759071399505035161054042845526787247142
}
 
Individuo 10:
{
  "Posicao": [9. 2. 9. 0. 0.]
             [3. 1. 2. 3. 2.],
  "Velocidade": [ 4.38056289 -3.45083332  2.30055555  0.         -5.53084066]
                [1.15027777 0.         1.15027777 1.15027777 1.15027777],
  "funcao_objetivo": -0.59145405638054984112738387389092918606216569969096,
  "confiabilidade_total": 0.99952927695278324179884699865376364318912366798482
}
 
Individuo 11:
{
  "Posicao": [7. 4. 6. 1. 4.]
             [2. 1. 1. 2. 1.],
  "Velocidade": [ 0.17604768  1.16560653  1.83643364 -1.16560653 -0.31873175]
                [-0.17604768  0.          0.          0.          0.        ],
  "funcao_objetivo": 0.88811189568896691257693328162922905927731565464494,
  "confiabilidade_total": 0.98827856235563342766114965280785607343747190464494
}
 
Individuo 12:
{
  "Posicao": [4. 5. 5. 2. 6.]
             [2. 1. 1. 2. 1.],
  "Velocidade": [-4.03535047  0.         -3.00272005  2.40947097  3.69114033]
                [-0.34421014  0.          0.          0.34421014  0.        ],
  "funcao_objetivo": 0.80081791636575972291542755236311220027243802937843,
  "confiabilidade_total": 0.98781791636575994451594326754435766882931898030616
}
 
Individuo 13:
{
  "Posicao": [9. 2. 9. 9. 1.]
             [3. 1. 1. 2. 1.],
  "Velocidade": [ 0.52442413 -0.09888695  6.02641808  9.62848941 -0.94996131]
                [-0.42553718  0.          0.          0.          0.        ],
  "funcao_objetivo": 0.42019332396836498558003447458519965278165915717671,
  "confiabilidade_total": 0.99074332396836509820105809256107911335485556830952
}
 
Individuo 14:
{
  "Posicao": [7. 6. 9. 1. 6.]
             [2. 1. 1. 3. 1.],
  "Velocidade": [0.         1.06471205 5.32356026 1.06471205 3.19413616]
                [0.         0.         0.         1.06471205 0.        ],
  "funcao_objetivo": 0.64876192837589323904855485470234836119640308966633,
  "confiabilidade_total": 0.98877859504256006708243740722010098996985394110676
}
 
Individuo 15:
{
  "Posicao": [5. 2. 9. 3. 5.]
             [2. 1. 3. 2. 1.],
  "Velocidade": [-0.65436718 -1.30873435  1.30873435  3.34335219  0.65436718]
                [-0.65436718  0.          3.34335219 -0.65436718  0.        ],
  "funcao_objetivo": 0.43175429663079150077273221636733318820937421233757,
  "confiabilidade_total": 0.99633762996412471568227625635063554302199628265007
}
 
Individuo 16:
{
  "Posicao": [6. 5. 9. 0. 0.]
             [3. 2. 1. 2. 1.],
  "Velocidade": [-0.73805004  0.          3.53207779 -7.06415557 -4.27012782]
                [0.73805004 0.73805004 0.         0.         0.        ],
  "funcao_objetivo": 0.35346912230410919562485508492767261672402836465274,
  "confiabilidade_total": 0.99813578897077600003319167342209406528259731912052
}
 
Individuo 17:
{
  "Posicao": [7. 4. 7. 0. 5.]
             [3. 1. 1. 3. 1.],
  "Velocidade": [ 0.         -1.76465492  0.         -5.29396476  3.52930984]
                [ 1.76465492  0.         -3.52930984  1.76465492  0.        ],
  "funcao_objetivo": 0.37483477302798306668554001141354218130650734572036,
  "confiabilidade_total": 0.99431810636131645248061200170093923812451576857193
}
 
Individuo 18:
{
  "Posicao": [6. 2. 6. 1. 4.]
             [1. 1. 1. 2. 1.],
  "Velocidade": [-3.31457508 -6.81371344 -3.1300118   0.92281639  3.49913836]
                [-1.74956918  0.          0.          0.          0.        ],
  "funcao_objetivo": 0.94283845866052478471751366800111525279918323019831,
  "confiabilidade_total": 0.96550512532719144260416658159050227894896278838007
}
 
Individuo 19:
{
  "Posicao": [5. 9. 9. 9. 1.]
             [2. 1. 1. 3. 1.],
  "Velocidade": [-2.05641583  4.11283166  6.1692475   9.25387125 -2.05641583]
                [0.         0.         0.         1.02820792 0.        ],
  "funcao_objetivo": 0.58231660870579850987559762078830388577216414623005,
  "confiabilidade_total": 0.98893327537246524718205460093826403112643508128864
}
 
Individuo 20:
{
  "Posicao": [6. 5. 7. 2. 6.]
             [2. 1. 1. 2. 1.],
  "Velocidade": [-0.38735273  0.          0.         -3.50679918 -0.29567069]
                [ 1.07037616 -1.07037616  0.          0.          0.        ],
  "funcao_objetivo": 0.86700903130574429655059896001218202824693917769128,
  "confiabilidade_total": 0.98700903130574434762085809276938288773399590986901
}
 
Individuo 21:
{
  "Posicao": [9. 7. 9. 7. 0.]
             [2. 1. 1. 3. 1.],
  "Velocidade": [ 6.87905832  2.12612471  4.25224942  7.44143649 -4.25224942]
                [0.         0.         0.         1.06306236 0.        ],
  "funcao_objetivo": 0.59983843301002839685638574687487414512949668194539,
  "confiabilidade_total": 0.98907176634336173080404248716746076416390620495564
}
 
Individuo 22:
{
  "Posicao": [7. 6. 9. 7. 0.]
             [3. 1. 3. 3. 1.],
  "Velocidade": [ 0.          0.99434329  1.98868658  6.96040302 -5.96605973]
                [0.99434329 0.         1.98868658 0.99434329 0.        ],
  "funcao_objetivo": -0.21342962130938173998002966268951308997782226430573,
  "confiabilidade_total": 0.99897037869061829323784323409517059949723724497161
}
 
Individuo 23:
{
  "Posicao": [8. 6. 6. 1. 4.]
             [1. 1. 2. 1. 1.],
  "Velocidade": [-0.40240973 -1.00302024  0.40240973 -0.80481945 -0.40240973]
                [ 0.40240973  0.         -0.40240973  0.40240973  0.        ],
  "funcao_objetivo": 0.96969899247895363559008955816695986893191355686953,
  "confiabilidade_total": 0.96969899247895363559008955816695986893191355686953
}
 
Individuo 24:
{
  "Posicao": [8. 5. 8. 0. 4.]
             [3. 1. 1. 1. 1.],
  "Velocidade": [ 1.68762246  0.          0.50148133 -3.87672624  0.50148133]
                [ 0.50148133  0.          0.         -0.50148133  0.        ],
  "funcao_objetivo": 0.97611987547594162348392944287338195514952281380616,
  "confiabilidade_total": 0.97611987547594162348392944287338195514952281380616
}
 
Individuo 25:
{
  "Posicao": [6. 6. 5. 0. 6.]
             [1. 1. 1. 2. 1.],
  "Velocidade": [-2.07466952  2.00822165 -4.08289117  0.          6.22400855]
                [-2.00822165  0.          0.          0.          0.        ],
  "funcao_objetivo": 0.96475572371955214237386640620370501689873099422760,
  "confiabilidade_total": 0.96475572371955214237386640620370501689873099422760
}
 
Individuo 26:
{
  "Posicao": [7. 4. 7. 3. 2.]
             [2. 2. 1. 2. 1.],
  "Velocidade": [ 0.         -4.99710592  1.24927648  2.57465501 -3.74782944]
                [-1.24927648  1.02986201  0.         -1.24927648  0.        ],
  "funcao_objetivo": 0.62500348043134736048756634774585820510900315049982,
  "confiabilidade_total": 0.99367014709801391975865909900571552812969979051447
}
 
Individuo 27:
{
  "Posicao": [7. 4. 7. 0. 3.]
             [3. 1. 1. 2. 1.],
  "Velocidade": [ 1.12252445 -2.67482025  0.         -4.49009782 -1.12252445]
                [ 1.5522958   0.          0.          0.         -1.12252445],
  "funcao_objetivo": 0.62513174050808603859867990149253814861613334162956,
  "confiabilidade_total": 0.99313174050808614340373342610731556460696280940300
}
 
Individuo 28:
{
  "Posicao": [8. 5. 6. 0. 4.]
             [2. 1. 1. 2. 1.],
  "Velocidade": [ 2.03142151  0.         -2.05631483  0.          2.03142151]
                [-0.01244666  0.01244666  0.         -0.01244666  0.        ],
  "funcao_objetivo": 0.91983763635153301143248029880747263929519895533601,
  "confiabilidade_total": 0.98817096968486624355048122048070137067411188105622
}
 
Individuo 29:
{
  "Posicao": [7. 5. 7. 1. 3.]
             [3. 1. 1. 3. 1.],
  "Velocidade": [-1.89108006 -1.20123145 -2.40246291  0.51138285  1.20123145]
                [0.51138285 0.         0.         0.51138285 0.        ],
  "funcao_objetivo": 0.50379290700797387212576895467253261557922381954005,
  "confiabilidade_total": 0.99429290700797416899940573943939152485833186702540
}
 
Individuo 30:
{
  "Posicao": [7. 5. 8. 9. 2.]
             [3. 1. 3. 3. 1.],
  "Velocidade": [ 0.          0.         -0.47501357  9.29068016  0.95002713]
                [-0.47501357  0.          2.32267004 -0.47501357  0.        ],
  "funcao_objetivo": -0.069359633024856279608919235323514036459156343390802,
  "confiabilidade_total": 0.99870703364181071766736119105310161449270599181428
}
 
Individuo 31:
{
  "Posicao": [9. 3. 7. 8. 3.]
             [3. 2. 1. 3. 1.],
  "Velocidade": [ 1.78658707 -0.89329353  0.          8.32534259  2.6798806 ]
                [-0.14737429  1.04066782  0.         -0.14737429  0.        ],
  "funcao_objetivo": 0.059686289762361195052439479683974206678017435526798,
  "confiabilidade_total": 0.99810295642902792729627946754322052770052796409125
}
 
Individuo 32:
{
  "Posicao": [6. 5. 6. 2. 3.]
             [2. 1. 1. 2. 1.],
  "Velocidade": [ 0.87525403  0.          0.0992211  -0.1984422  -0.22560394]
                [-0.22560394  0.          0.22560394 -0.22560394  0.        ],
  "funcao_objetivo": 0.80092545166628240868790138797876789883033599169198,
  "confiabilidade_total": 0.98759211833294911162185352573388155266897048265878
}
 
Individuo 33:
{
  "Posicao": [8. 6. 9. 3. 0.]
             [3. 2. 1. 3. 1.],
  "Velocidade": [ 1.15631245  1.15631245  2.31262489  3.46893734 -3.6916174 ]
                [1.15631245 1.15631245 0.         1.15631245 0.        ],
  "funcao_objetivo": 0.077693739899687865800057573129660339448291254746834,
  "confiabilidade_total": 0.99824373989968773417201577357110090682252068589918
}
 
Individuo 34:
{
  "Posicao": [9. 8. 6. 6. 0.]
             [3. 2. 1. 3. 1.],
  "Velocidade": [ 1.46277223e+00  1.46064442e+00  2.12781676e-03  5.85960020e+00
 -1.46064442e+00]
                [-0.00212782  1.46490005  0.         -0.00212782  0.        ],
  "funcao_objetivo": 0.0020270079561893200180518604723777330065499658339762,
  "confiabilidade_total": 0.99812700795618963851883316493728604973800290772851
}
 
Individuo 35:
{
  "Posicao": [6. 5. 9. 4. 3.]
             [2. 1. 1. 1. 1.],
  "Velocidade": [-1.53820076  1.62504901 -0.1736965   4.35405753 -2.35072527]
                [ 0.          0.          0.         -1.53820076  0.        ],
  "funcao_objetivo": 0.96336678766057281629391112875323949232646373276139,
  "confiabilidade_total": 0.96336678766057281629391112875323949232646373276139
}
 
Individuo 36:
{
  "Posicao": [9. 2. 5. 6. 1.]
             [2. 1. 1. 3. 1.],
  "Velocidade": [ 5.26068344 -3.15641006 -2.10427337  6.31282012 -2.10427337]
                [0.         0.         0.         1.05213669 0.        ],
  "funcao_objetivo": 0.64770197868666928169393580207692254184149459933924,
  "confiabilidade_total": 0.99043531202000268536359848882933989947997287845301
}
 
Individuo 37:
{
  "Posicao": [8. 6. 6. 0. 1.]
             [2. 1. 1. 2. 1.],
  "Velocidade": [ 2.86379673  4.2956951  -2.86379673 -5.83390099 -5.72759346]
                [1.43189837 0.         0.         0.         0.        ],
  "funcao_objetivo": 0.92366509918004116344754676689258347349305512166798,
  "confiabilidade_total": 0.98899843251337453167889050761000406080921055532277
}
 
Individuo 38:
{
  "Posicao": [7. 5. 9. 0. 0.]
             [3. 1. 1. 3. 2.],
  "Velocidade": [ 0.          0.          5.55709454  0.         -4.63091211]
                [0.92618242 0.         0.         0.92618242 0.92618242],
  "funcao_objetivo": -0.0077629864664117601673173284162025662511341512045138,
  "confiabilidade_total": 0.99843701353358838966838207499492412932219577433260
}
 
Individuo 39:
{
  "Posicao": [3. 4. 3. 5. 6.]
             [1. 1. 1. 1. 2.],
  "Velocidade": [ 0.559689    0.89281044  0.559689   -1.00609422  0.33312144]
                [ 0.44640522  0.          0.          0.44640522 -0.44640522],
  "funcao_objetivo": 0.92570388808036882464608877684162496744047244795442,
  "confiabilidade_total": 0.94920388808036876919044869681505577328007062681795
}
 
Individuo 40:
{
  "Posicao": [9. 8. 9. 0. 1.]
             [3. 1. 1. 3. 1.],
  "Velocidade": [ 3.84620954  5.57976079  7.50286556 -5.57976079 -3.65665602]
                [ 1.92310477  0.          0.          1.92310477 -1.92310477],
  "funcao_objetivo": 0.12562021804046352739054099698981848817313153944926,
  "confiabilidade_total": 0.99427021804046328305265773748536707174027402602152
}
 
Individuo 41:
{
  "Posicao": [6. 6. 6. 0. 3.]
             [2. 1. 1. 2. 1.],
  "Velocidade": [ 2.73414667 -0.22462258  0.22462258 -1.14245076 -2.5095241 ]
                [ 1.14245076  0.          0.          1.14245076 -1.14245076],
  "funcao_objetivo": 0.79897997927798036587661473299780019038457803811300,
  "confiabilidade_total": 0.98872997927798045114174302420982249491949014748800
}
 
Individuo 42:
{
  "Posicao": [7. 1. 6. 3. 4.]
             [1. 1. 1. 1. 2.],
  "Velocidade": [ 0.         -5.31100195 -0.58724824  2.93624118  1.17449647]
                [-0.58724824  0.          0.         -0.58724824  1.17449647],
  "funcao_objetivo": 0.93473286601387865488396634128919762551939856791143,
  "confiabilidade_total": 0.95073286601387855113362469006831892293101918482427
}
 
Individuo 43:
{
  "Posicao": [6. 6. 9. 0. 3.]
             [1. 1. 1. 1. 1.],
  "Velocidade": [-1.50116602  3.00233205  4.50349807 -6.00466409  0.62800532]
                [-0.8731607  0.         0.        -0.8731607  0.       ],
  "funcao_objetivo": 0.94441593199120171972294058461399935632215165877775,
  "confiabilidade_total": 0.94441593199120171972294058461399935632215165877775
}
 
Individuo 44:
{
  "Posicao": [6. 5. 6. 1. 2.]
             [3. 1. 1. 3. 2.],
  "Velocidade": [-0.52743505 -0.8262548  -1.0548701   0.52743505 -1.0548701 ]
                [0.52743505 0.         0.         0.52743505 1.0548701 ],
  "funcao_objetivo": 0.14664618586312920766490627922586051393506745232912,
  "confiabilidade_total": 0.99826285252979600714385263838458692301271180047365
}
 
Individuo 45:
{
  "Posicao": [9. 4. 8. 0. 2.]
             [2. 1. 1. 2. 1.],
  "Velocidade": [ 0.7741109  -0.00964929 -0.37258152  0.38223081 -0.00964929]
                [0.38223081 0.         0.         0.38223081 0.        ],
  "funcao_objetivo": 0.78783888226550724219977172877859232092258239642587,
  "confiabilidade_total": 0.98813888226550705372831106841201801860687042132821
}
 
Individuo 46:
{
  "Posicao": [7. 5. 6. 2. 5.]
             [2. 1. 1. 2. 1.],
  "Velocidade": [ 0.          0.          1.77007367 -1.98489192 -0.42963651]
                [ 1.34043715  0.          0.          1.34043715 -1.34043715],
  "funcao_objetivo": 0.96001035463693116911032231493686533666688464350614,
  "confiabilidade_total": 0.98701035463693112717164755972157702216419838137540
}
 
Individuo 47:
{
  "Posicao": [7. 6. 3. 5. 3.]
             [2. 1. 1. 2. 1.],
  "Velocidade": [ 0.92197606 -0.72864749  0.34199036 -0.1486618   0.92197606]
                [0.92197606 0.         0.         0.92197606 0.        ],
  "funcao_objetivo": 0.96932763326492857701118786957955286128582423872496,
  "confiabilidade_total": 0.98666096659826201363226992720661633869769042677428
}
 
Individuo 48:
{
  "Posicao": [5. 6. 6. 2. 2.]
             [1. 1. 1. 1. 1.],
  "Velocidade": [-1.17104372  1.2737408   0.10269708  1.17104372  0.10269708]
                [-1.2737408  0.         0.        -1.2737408  0.       ],
  "funcao_objetivo": 0.94334351293243132381328000051821596773362329365854,
  "confiabilidade_total": 0.94334351293243132381328000051821596773362329365854
}
 
Individuo 49:
{
  "Posicao": [6. 8. 5. 6. 0.]
             [3. 1. 1. 3. 2.],
  "Velocidade": [-0.96305812  2.88917436 -1.92611624  5.77834873 -5.77834873]
                [0.96305812 0.         0.         0.96305812 0.96305812],
  "funcao_objetivo": 0.11383948592965284139603650933502976442448367794322,
  "confiabilidade_total": 0.99792281926298606252282948721920874560944308956432
}
 
Individuo 50:
{
  "Posicao": [6. 7. 8. 9. 3.]
             [3. 1. 1. 3. 1.],
  "Velocidade": [-1.13787002  2.27574005  1.13787002 10.24083021  0.        ]
                [1.13787002 0.         0.         1.13787002 0.        ],
  "funcao_objetivo": 0.30207260955617187211267247005815222484829152732769,
  "confiabilidade_total": 0.99332260955617179217661469704688131434681142478863
}
 
-----------------------------------------
Populacao final da era:
Individuo 1:
{
  "Posicao": [7. 5. 7. 0. 3.]
             [2. 1. 1. 2. 1.],
  "Velocidade": [0. 0. 0. 0. 0.]
                [0. 0. 0. 0. 0.],
  "funcao_objetivo": 0.98851142115399362017452312307107276609829438104104,
  "confiabilidade_total": 0.98851142115399362017452312307107276609829438104104
}
 
Individuo 2:
{
  "Posicao": [4. 6. 5. 1. 3.]
             [2. 1. 1. 2. 1.],
  "Velocidade": [-4.72744492  2.36372246 -3.78476447  0.72576697  0.        ]
                [0. 0. 0. 0. 0.],
  "funcao_objetivo": 0.81701243251182322426771648632840033943517808108386,
  "confiabilidade_total": 0.98867909917848983061226548169489497641785744814929
}
 
Individuo 3:
{
  "Posicao": [7. 5. 8. 5. 5.]
             [2. 2. 1. 1. 1.],
  "Velocidade": [ 1.39322612  0.          0.91463979 -2.63777609  5.15977498]
                [ 0.         -0.16844188  0.         -0.91463979  0.        ],
  "funcao_objetivo": 0.98842072157932086360298832583798836307204274212488,
  "confiabilidade_total": 0.98842072157932086360298832583798836307204274212488
}
 
Individuo 4:
{
  "Posicao": [9. 9. 9. 3. 9.]
             [3. 2. 2. 3. 1.],
  "Velocidade": [1.74293595 5.8464034  1.74293595 2.53503711 5.8464034 ]
                [1.74293595 1.26751856 1.26751856 1.74293595 0.        ],
  "funcao_objetivo": -0.56428234914906012483284252847670796210973806686863,
  "confiabilidade_total": 0.99940098418427274510820329997795415227205209426418
}
 
Individuo 5:
{
  "Posicao": [9. 2. 5. 0. 5.]
             [2. 1. 1. 1. 1.],
  "Velocidade": [ 0.63391399 -6.35244701 -4.23496467  0.          4.23496467]
                [ 0.          0.          0.         -2.11748234  0.        ],
  "funcao_objetivo": 0.97524047427132749065839929821891102191972561192171,
  "confiabilidade_total": 0.97524047427132749065839929821891102191972561192171
}
 
Individuo 6:
{
  "Posicao": [6. 4. 7. 0. 3.]
             [2. 1. 1. 2. 1.],
  "Velocidade": [ 1.41146576  1.41146576  0.         -0.87662627  0.87662627]
                [-0.34178678  0.          0.34178678 -0.34178678  0.        ],
  "funcao_objetivo": 0.81717506392297508057536737555931862855798587913785,
  "confiabilidade_total": 0.98909173058964171489753659147975808421618328209195
}
 
Individuo 7:
{
  "Posicao": [9. 6. 9. 0. 0.]
             [2. 1. 2. 2. 1.],
  "Velocidade": [ 4.04980551  0.40155621  3.73450052  0.         -2.58411147]
                [-0.71686121  0.          1.46569405 -0.71686121  0.        ],
  "funcao_objetivo": 0.39020623920178773242622204578260207670890941539402,
  "confiabilidade_total": 0.99605623920178789860440437167603304731809749522801
}
 
Individuo 8:
{
  "Posicao": [8. 3. 7. 0. 4.]
             [2. 1. 2. 1. 1.],
  "Velocidade": [ 1.589196   -4.62257724  0.          0.13274256  1.589196  ]
                [ 0.          0.         -0.06438323 -1.589196    0.        ],
  "funcao_objetivo": 0.95098502482390424480699663852532748979195763115320,
  "confiabilidade_total": 0.98123502482390420575490174733544618039071370605860
}
 
Individuo 9:
{
  "Posicao": [9. 5. 8. 0. 0.]
             [1. 1. 1. 3. 1.],
  "Velocidade": [ 2.17430166  0.          1.08715083  0.         -3.63683644]
                [-1.08715083  0.          0.          1.08715083  0.        ],
  "funcao_objetivo": 0.83139603033076893080495448487026496924654925240291,
  "confiabilidade_total": 0.96362936366410236955766474977762900427178824318660
}
 
Individuo 10:
{
  "Posicao": [8. 8. 5. 0. 3.]
             [1. 1. 1. 1. 1.],
  "Velocidade": [-0.74368008  6.16398221 -4.10932147  0.          2.79834082]
                [-2.05466074  0.         -2.05466074 -2.05466074 -2.05466074],
  "funcao_objetivo": 0.94541329854473216253475281360498934128101713862144,
  "confiabilidade_total": 0.94541329854473216253475281360498934128101713862144
}
 
Individuo 11:
{
  "Posicao": [7. 5. 7. 0. 4.]
             [2. 1. 1. 2. 1.],
  "Velocidade": [ 0.49054829  0.95185782  0.97332754 -0.95185782 -0.4398398 ]
                [-0.49054829  0.          0.          0.          0.        ],
  "funcao_objetivo": 0.96524204350239269813632785961758593167139272349945,
  "confiabilidade_total": 0.98839204350239272286099461801982208690566997188202
}
 
Individuo 12:
{
  "Posicao": [0. 5. 4. 9. 8.]
             [1. 1. 1. 3. 1.],
  "Velocidade": [-3.72170795  0.         -1.30175477  6.6629185   1.89869581]
                [-1.82301214  0.          0.          1.82301214  0.        ],
  "funcao_objetivo": 0.83420650690227824411069323507423813960688366971032,
  "confiabilidade_total": 0.97733984023561150935774921156213803722696557126061
}
 
Individuo 13:
{
  "Posicao": [0. 9. 0. 9. 8.]
             [1. 1. 1. 2. 1.],
  "Velocidade": [ -8.76504559  12.98965532 -10.0283501    1.79225093   6.6840244 ]
                [-4.22460973  0.          0.          0.          0.        ],
  "funcao_objetivo": 0.97785568163349050255565540541868551345596580844564,
  "confiabilidade_total": 0.97785568163349050255565540541868551345596580844564
}
 
Individuo 14:
{
  "Posicao": [7. 6. 9. 1. 5.]
             [2. 1. 1. 3. 1.],
  "Velocidade": [ 0.         -0.24636187  2.63784911 -0.24636187 -0.7390856 ]
                [ 0.          0.          0.         -0.24636187  0.        ],
  "funcao_objetivo": 0.71344849763180169369416342160432221246412200275553,
  "confiabilidade_total": 0.98878183096513498476500695087336324033787650409831
}
 
Individuo 15:
{
  "Posicao": [7. 5. 7. 3. 3.]
             [1. 1. 2. 1. 1.],
  "Velocidade": [ 2.14851752  3.0474568  -1.79787856  0.10949736 -2.14851752]
                [-0.93205157  0.         -1.3590756  -0.93205157  0.        ],
  "funcao_objetivo": 0.96508625160240095326424272691633507422304733058525,
  "confiabilidade_total": 0.96508625160240095326424272691633507422304733058525
}
 
Individuo 16:
{
  "Posicao": [9. 5. 0. 6. 9.]
             [1. 1. 1. 2. 1.],
  "Velocidade": [ 3.99803268  0.         -9.30330337  6.3656282  13.30133605]
                [-3.99803268 -0.67573091  0.          0.          0.        ],
  "funcao_objetivo": 0.97110802166807395683837421420602131949396388109346,
  "confiabilidade_total": 0.97110802166807395683837421420602131949396388109346
}
 
Individuo 17:
{
  "Posicao": [7. 6. 7. 2. 2.]
             [1. 1. 3. 1. 1.],
  "Velocidade": [ 0.          1.73324435  0.          2.32374893 -3.4664887 ]
                [-1.73324435  0.          1.54916595 -1.73324435  0.        ],
  "funcao_objetivo": 0.95574699268875240613047213914122335489312896061957,
  "confiabilidade_total": 0.97308032602208584275155419676828683230499514866889
}
 
Individuo 18:
{
  "Posicao": [3. 0. 2. 4. 7.]
             [1. 1. 1. 2. 1.],
  "Velocidade": [-3.32071352 -2.88914003 -4.14114205  2.97918882  2.500285  ]
                [0.21578675 0.         0.         0.         0.        ],
  "funcao_objetivo": 0.91703259348699576382982251945433503532097235997146,
  "confiabilidade_total": 0.97369926015366252477292769387387792629436150868362
}
 
Individuo 19:
{
  "Posicao": [8. 3. 9. 0. 4.]
             [2. 1. 1. 1. 1.],
  "Velocidade": [  3.03356981  -6.06713961   0.99741651 -13.65106412   3.03356981]
                [ 0.         0.         0.        -1.5167849  0.       ],
  "funcao_objetivo": 0.97307444141120580203116267636996616278327806719807,
  "confiabilidade_total": 0.97307444141120580203116267636996616278327806719807
}
 
Individuo 20:
{
  "Posicao": [6. 5. 7. 3. 4.]
             [2. 1. 1. 2. 1.],
  "Velocidade": [-0.21947689  0.          0.          1.28131079 -2.02995434]
                [-0.21058925  0.21058925  0.          0.          0.        ],
  "funcao_objetivo": 0.84513921557649448644826203086782376209682391093461,
  "confiabilidade_total": 0.98655588224316114919214067719227065259999201701371
}
 
Individuo 21:
{
  "Posicao": [9. 4. 8. 0. 3.]
             [2. 1. 1. 2. 1.],
  "Velocidade": [ 2.92783704 -2.58992556 -0.50611073 -9.06473945  2.84298092]
                [ 0.          0.          0.         -1.29496278  0.        ],
  "funcao_objetivo": 0.76732312609265049312320904544391944705790816499393,
  "confiabilidade_total": 0.98768979275931720378431343459012262224501906587284
}
 
Individuo 22:
{
  "Posicao": [7. 6. 9. 9. 4.]
             [3. 1. 2. 3. 1.],
  "Velocidade": [0.         0.43552606 0.87105211 3.0486824  4.23024574]
                [-0.43552606  0.         -0.87105211 -0.43552606  0.        ],
  "funcao_objetivo": -0.086637281047287547932342038483824781965382396478572,
  "confiabilidade_total": 0.99774605228604565125644397280726096044861525366791
}
 
Individuo 23:
{
  "Posicao": [6. 3. 8. 0. 2.]
             [3. 1. 1. 3. 1.],
  "Velocidade": [-2.1571976  -2.74585596  2.1571976  -2.55159938 -2.1571976 ]
                [ 2.1571976  0.        -2.1571976  2.1571976  0.       ],
  "funcao_objetivo": 0.28985511070574415006668467226715776300994992286828,
  "confiabilidade_total": 0.99520511070574434910746852706522233015863537819054
}
 
Individuo 24:
{
  "Posicao": [9. 5. 8. 4. 4.]
             [3. 1. 1. 1. 1.],
  "Velocidade": [ 0.88413647  0.         -0.27840045  3.79957939 -0.27840045]
                [-0.27840045  0.          0.          0.27840045  0.        ],
  "funcao_objetivo": 0.81646879433030918757360660679086651026001157602930,
  "confiabilidade_total": 0.96790212766364255178594299836522042124262037119532
}
 
Individuo 25:
{
  "Posicao": [3. 7. 1. 0. 9.]
             [2. 1. 1. 2. 1.],
  "Velocidade": [-2.67564129  0.88022241 -3.55586371  0.          8.02692388]
                [0.88022241 0.         0.         0.         0.        ],
  "funcao_objetivo": 0.82612846191221483449832786683586864999309942999166,
  "confiabilidade_total": 0.99089512857888153463451798253558782196418211736959
}
 
Individuo 26:
{
  "Posicao": [7. 0. 9. 4. 0.]
             [1. 3. 1. 1. 1.],
  "Velocidade": [ 0.         -8.51329877  2.94139294  1.3514857  -5.57190583]
                [-2.94139294  1.19104888  0.         -2.94139294  0.        ],
  "funcao_objetivo": 0.70897017457662118215108720114961548717350003656850,
  "confiabilidade_total": 0.96498684124328794945577030667130535477429864344106
}
 
Individuo 27:
{
  "Posicao": [5. 9. 7. 8. 5.]
             [1. 1. 1. 2. 3.],
  "Velocidade": [-2.00793741  5.47015728  0.          8.03174963  2.00793741]
                [-3.46221987  0.          0.          0.          2.00793741],
  "funcao_objetivo": 0.95371862239469519395735304510654138952663385756822,
  "confiabilidade_total": 0.96475195572802846400057248797511754177680456527086
}
 
Individuo 28:
{
  "Posicao": [9. 5. 3. 0. 6.]
             [1. 2. 1. 1. 1.],
  "Velocidade": [ 2.32670492  0.         -3.34625329  0.          2.32670492]
                [-0.50977418  0.50977418  0.         -0.50977418  0.        ],
  "funcao_objetivo": 0.96465053241628673957698362847558027177108416799663,
  "confiabilidade_total": 0.96465053241628673957698362847558027177108416799663
}
 
Individuo 29:
{
  "Posicao": [0. 0. 0. 0. 9.]
             [1. 1. 1. 1. 1.],
  "Velocidade": [-12.3540043   -5.67756555 -11.3551311   -1.06073153   5.67756555]
                [-4.0608906  0.         0.        -4.0608906  0.       ],
  "funcao_objetivo": 0.97269542294753976028726879535418297055378386848494,
  "confiabilidade_total": 0.97269542294753976028726879535418297055378386848494
}
 
Individuo 30:
{
  "Posicao": [7. 5. 4. 0. 7.]
             [1. 1. 1. 1. 1.],
  "Velocidade": [  0.           0.          -4.07705063 -10.06001789   5.32717584]
                [-4.07705063  0.         -1.80827312 -4.07705063  0.        ],
  "funcao_objetivo": 0.94906093292357789216127143980406591828513120742826,
  "confiabilidade_total": 0.94906093292357789216127143980406591828513120742826
}
 
Individuo 31:
{
  "Posicao": [7. 6. 7. 4. 6.]
             [1. 2. 1. 1. 1.],
  "Velocidade": [-2.07988773  2.67032667  0.         -3.74308198  3.48178513]
                [-1.91736337 -0.46788525  0.         -1.91736337  0.        ],
  "funcao_objetivo": 0.96156661577067505305629547900399027126728529468469,
  "confiabilidade_total": 0.96156661577067505305629547900399027126728529468469
}
 
Individuo 32:
{
  "Posicao": [6. 5. 6. 2. 2.]
             [1. 1. 2. 1. 1.],
  "Velocidade": [ 0.03259073  0.         -0.14052601  0.28105203 -0.80858756]
                [-0.80858756  0.          0.80858756 -0.80858756  0.        ],
  "funcao_objetivo": 0.96674285106503253326564323466141854028741232099540,
  "confiabilidade_total": 0.96882618439836586657006451006180508871388024630553
}
 
Individuo 33:
{
  "Posicao": [6. 4. 6. 0. 3.]
             [1. 1. 1. 1. 1.],
  "Velocidade": [-1.50825677 -1.50825677 -3.01651354 -4.52477031  2.83352445]
                [-1.50825677 -1.50825677  0.         -1.50825677  0.        ],
  "funcao_objetivo": 0.94922250846668938144738704913476266910705799678138,
  "confiabilidade_total": 0.94922250846668938144738704913476266910705799678138
}
 
Individuo 34:
{
  "Posicao": [2. 0. 9. 1. 9.]
             [1. 2. 1. 1. 1.],
  "Velocidade": [ -6.59503616 -10.61147125   4.01643509  -5.36800479  10.61147125]
                [-4.01643509  0.01641867  0.         -4.01643509  0.        ],
  "funcao_objetivo": 0.96982057993429717023111609888683171876540903842137,
  "confiabilidade_total": 0.96982057993429717023111609888683171876540903842137
}
 
Individuo 35:
{
  "Posicao": [5. 7. 8. 6. 1.]
             [2. 1. 1. 2. 1.],
  "Velocidade": [-1.02411821  1.59271053 -1.13718466  2.33352235 -2.30394583]
                [0.         0.         0.         1.02411821 0.        ],
  "funcao_objetivo": 0.98610026270049185300544517171978213973417936837067,
  "confiabilidade_total": 0.98610026270049185300544517171978213973417936837067
}
 
Individuo 36:
{
  "Posicao": [9. 3. 6. 4. 2.]
             [2. 1. 1. 3. 1.],
  "Velocidade": [ 2.27736219  1.22435297  0.81623531 -2.44870594  0.81623531]
                [ 0.          0.          0.         -0.40811766  0.        ],
  "funcao_objetivo": 0.43311616944788191416749800884721091528648266682684,
  "confiabilidade_total": 0.98993283611454851287371259479262855415457615742743
}
 
Individuo 37:
{
  "Posicao": [4. 1. 9. 2. 9.]
             [2. 1. 1. 2. 1.],
  "Velocidade": [-4.38779984 -4.83992175  4.38779984  1.70429562  8.77559968]
                [-0.45212191  0.          0.          0.          0.        ],
  "funcao_objetivo": 0.75621482385715437060019457636960932596057450313688,
  "confiabilidade_total": 0.98854815719048767899051728979109238444298302669645
}
 
Individuo 38:
{
  "Posicao": [7. 5. 9. 0. 1.]
             [2. 1. 1. 2. 1.],
  "Velocidade": [0.         0.         1.55914961 0.         1.29228116]
                [-1.03592798  0.          0.         -1.03592798 -1.03592798],
  "funcao_objetivo": 0.94027500708042173432735454758329152950670054224466,
  "confiabilidade_total": 0.98844167374708826892894474697697516289541913238500
}
 
Individuo 39:
{
  "Posicao": [5. 5. 5. 2. 5.]
             [2. 1. 1. 2. 1.],
  "Velocidade": [ 1.936377    0.67516581  1.936377   -3.26768936 -1.26121119]
                [ 1.33131236  0.          0.          1.33131236 -1.33131236],
  "funcao_objetivo": 0.98713608394730532810067631867643402430082799200788,
  "confiabilidade_total": 0.98713608394730532810067631867643402430082799200788
}
 
Individuo 40:
{
  "Posicao": [7. 5. 9. 4. 3.]
             [2. 1. 1. 2. 3.],
  "Velocidade": [-1.65881183 -3.05797271  0.77315606  3.93282931  2.22856679]
                [-0.82940592  0.          0.         -0.82940592  1.50086142],
  "funcao_objetivo": 0.31051677986543845169962868262690916581618283502685,
  "confiabilidade_total": 0.99010011319877165772738852560895919723975156061279
}
 
Individuo 41:
{
  "Posicao": [8. 5. 7. 1. 2.]
             [3. 1. 1. 3. 2.],
  "Velocidade": [ 2.42729485 -1.07527477  1.07527477  0.84282487 -1.35202008]
                [0.84282487 0.         0.         0.84282487 0.84282487],
  "funcao_objetivo": 0.27732706849359302301495672856379604406891235866259,
  "confiabilidade_total": 0.99812706849359329684036352211240517415342697658252
}
 
Individuo 42:
{
  "Posicao": [7. 2. 7. 3. 5.]
             [2. 1. 1. 2. 3.],
  "Velocidade": [ 0.          0.86274033  1.251695   -0.12201174  0.56484163]
                [1.251695   0.         0.         1.251695   0.56484163],
  "funcao_objetivo": 0.62198203731721825885230232430213600374929999017285,
  "confiabilidade_total": 0.99156537065055177241183998845254773251884077691602
}
 
Individuo 43:
{
  "Posicao": [9. 0. 0. 7. 0.]
             [1. 1. 1. 1. 1.],
  "Velocidade": [  4.27974462  -5.9457817  -10.22552632   6.6641483   -4.09048683]
                [0.1892578 0.        0.        0.1892578 0.       ],
  "funcao_objetivo": 0.95733034376245640472035971943580276597624400131687,
  "confiabilidade_total": 0.95733034376245640472035971943580276597624400131687
}
 
Individuo 44:
{
  "Posicao": [8. 4. 7. 0. 3.]
             [1. 1. 1. 1. 1.],
  "Velocidade": [ 1.84622594 -1.3047967   1.49428163 -1.51623636  1.49428163]
                [-1.84622594  0.          0.         -1.84622594 -0.83430248],
  "funcao_objetivo": 0.94750058229220755966550173823082532115993608675189,
  "confiabilidade_total": 0.94750058229220755966550173823082532115993608675189
}
 
Individuo 45:
{
  "Posicao": [5. 7. 5. 1. 5.]
             [2. 1. 1. 2. 1.],
  "Velocidade": [-4.49407381  2.89951289 -2.70897689  0.93978483  2.89951289]
                [-0.19053601  0.          0.         -0.19053601  0.        ],
  "funcao_objetivo": 0.98743853500485427042010179079102502940870350060253,
  "confiabilidade_total": 0.98743853500485427042010179079102502940870350060253
}
 
Individuo 46:
{
  "Posicao": [7. 5. 9. 0. 1.]
             [3. 1. 1. 3. 2.],
  "Velocidade": [ 0.          0.          3.55763705 -5.59096827 -4.06666245]
                [1.31376245 0.         0.         1.31376245 1.31376245],
  "funcao_objetivo": 0.055462398422012278026979443463734360390223913759854,
  "confiabilidade_total": 0.99829573175534563460098142561701127325824683246103
}
 
Individuo 47:
{
  "Posicao": [8. 5. 3. 5. 4.]
             [3. 1. 1. 3. 1.],
  "Velocidade": [ 0.90362874 -0.73488861  0.41814954 -0.24940941  0.90362874]
                [0.90362874 0.         0.         0.90362874 0.        ],
  "funcao_objetivo": 0.68311775993262214480138542471683701868492710043104,
  "confiabilidade_total": 0.99421775993262218796685662214292331035572635580213
}
 
Individuo 48:
{
  "Posicao": [6. 6. 7. 1. 3.]
             [1. 1. 1. 1. 1.],
  "Velocidade": [ 1.08150831  0.13376923  1.21527753 -1.08150831  1.21527753]
                [0.13376923 0.         0.         0.13376923 0.        ],
  "funcao_objetivo": 0.94394277306875550514229072592527220865281523219414,
  "confiabilidade_total": 0.94394277306875550514229072592527220865281523219414
}
 
Individuo 49:
{
  "Posicao": [6. 9. 5. 7. 3.]
             [3. 1. 1. 3. 2.],
  "Velocidade": [-0.21288043  0.63864128 -0.42576085  1.27728256  3.47032107]
                [-0.21288043  0.          0.         -0.21288043  0.21288043],
  "funcao_objetivo": 0.16096896408758322905967964866750586048440850446314,
  "confiabilidade_total": 0.99745229742091641901141009507728918657379067609400
}
 
Individuo 50:
{
  "Posicao": [8. 3. 6. 0. 3.]
             [1. 1. 1. 1. 1.],
  "Velocidade": [  2.14299755  -4.28599511  -2.14299755 -19.28697798   0.        ]
                [-2.14299755  0.          0.         -2.14299755  0.        ],
  "funcao_objetivo": 0.94839511205480320621666497890954023436266310706920,
  "confiabilidade_total": 0.94839511205480320621666497890954023436266310706920
}
 
-----------------------------------------
-----------------------------------------
-----------------------------------------
-----------------------------------------
GERACAO 4
Populacao antes da execucao:
Individuo 1:
{
  "Posicao": [7. 5. 7. 0. 3.]
             [2. 1. 1. 2. 1.],
  "Velocidade": [0. 0. 0. 0. 0.]
                [0. 0. 0. 0. 0.],
  "funcao_objetivo": 0.98851142115399362017452312307107276609829438104104,
  "confiabilidade_total": 0.98851142115399362017452312307107276609829438104104
}
 
Individuo 2:
{
  "Posicao": [4. 6. 5. 1. 3.]
             [2. 1. 1. 2. 1.],
  "Velocidade": [-4.72744492  2.36372246 -3.78476447  0.72576697  0.        ]
                [0. 0. 0. 0. 0.],
  "funcao_objetivo": 0.81701243251182322426771648632840033943517808108386,
  "confiabilidade_total": 0.98867909917848983061226548169489497641785744814929
}
 
Individuo 3:
{
  "Posicao": [7. 5. 8. 5. 5.]
             [2. 2. 1. 1. 1.],
  "Velocidade": [ 1.39322612  0.          0.91463979 -2.63777609  5.15977498]
                [ 0.         -0.16844188  0.         -0.91463979  0.        ],
  "funcao_objetivo": 0.98842072157932086360298832583798836307204274212488,
  "confiabilidade_total": 0.98842072157932086360298832583798836307204274212488
}
 
Individuo 4:
{
  "Posicao": [9. 9. 9. 3. 9.]
             [3. 2. 2. 3. 1.],
  "Velocidade": [1.74293595 5.8464034  1.74293595 2.53503711 5.8464034 ]
                [1.74293595 1.26751856 1.26751856 1.74293595 0.        ],
  "funcao_objetivo": -0.56428234914906012483284252847670796210973806686863,
  "confiabilidade_total": 0.99940098418427274510820329997795415227205209426418
}
 
Individuo 5:
{
  "Posicao": [9. 2. 5. 0. 5.]
             [2. 1. 1. 1. 1.],
  "Velocidade": [ 0.63391399 -6.35244701 -4.23496467  0.          4.23496467]
                [ 0.          0.          0.         -2.11748234  0.        ],
  "funcao_objetivo": 0.97524047427132749065839929821891102191972561192171,
  "confiabilidade_total": 0.97524047427132749065839929821891102191972561192171
}
 
Individuo 6:
{
  "Posicao": [6. 4. 7. 0. 3.]
             [2. 1. 1. 2. 1.],
  "Velocidade": [ 1.41146576  1.41146576  0.         -0.87662627  0.87662627]
                [-0.34178678  0.          0.34178678 -0.34178678  0.        ],
  "funcao_objetivo": 0.81717506392297508057536737555931862855798587913785,
  "confiabilidade_total": 0.98909173058964171489753659147975808421618328209195
}
 
Individuo 7:
{
  "Posicao": [9. 6. 9. 0. 0.]
             [2. 1. 2. 2. 1.],
  "Velocidade": [ 4.04980551  0.40155621  3.73450052  0.         -2.58411147]
                [-0.71686121  0.          1.46569405 -0.71686121  0.        ],
  "funcao_objetivo": 0.39020623920178773242622204578260207670890941539402,
  "confiabilidade_total": 0.99605623920178789860440437167603304731809749522801
}
 
Individuo 8:
{
  "Posicao": [8. 3. 7. 0. 4.]
             [2. 1. 2. 1. 1.],
  "Velocidade": [ 1.589196   -4.62257724  0.          0.13274256  1.589196  ]
                [ 0.          0.         -0.06438323 -1.589196    0.        ],
  "funcao_objetivo": 0.95098502482390424480699663852532748979195763115320,
  "confiabilidade_total": 0.98123502482390420575490174733544618039071370605860
}
 
Individuo 9:
{
  "Posicao": [9. 5. 8. 0. 0.]
             [1. 1. 1. 3. 1.],
  "Velocidade": [ 2.17430166  0.          1.08715083  0.         -3.63683644]
                [-1.08715083  0.          0.          1.08715083  0.        ],
  "funcao_objetivo": 0.83139603033076893080495448487026496924654925240291,
  "confiabilidade_total": 0.96362936366410236955766474977762900427178824318660
}
 
Individuo 10:
{
  "Posicao": [8. 8. 5. 0. 3.]
             [1. 1. 1. 1. 1.],
  "Velocidade": [-0.74368008  6.16398221 -4.10932147  0.          2.79834082]
                [-2.05466074  0.         -2.05466074 -2.05466074 -2.05466074],
  "funcao_objetivo": 0.94541329854473216253475281360498934128101713862144,
  "confiabilidade_total": 0.94541329854473216253475281360498934128101713862144
}
 
Individuo 11:
{
  "Posicao": [7. 5. 7. 0. 4.]
             [2. 1. 1. 2. 1.],
  "Velocidade": [ 0.49054829  0.95185782  0.97332754 -0.95185782 -0.4398398 ]
                [-0.49054829  0.          0.          0.          0.        ],
  "funcao_objetivo": 0.96524204350239269813632785961758593167139272349945,
  "confiabilidade_total": 0.98839204350239272286099461801982208690566997188202
}
 
Individuo 12:
{
  "Posicao": [0. 5. 4. 9. 8.]
             [1. 1. 1. 3. 1.],
  "Velocidade": [-3.72170795  0.         -1.30175477  6.6629185   1.89869581]
                [-1.82301214  0.          0.          1.82301214  0.        ],
  "funcao_objetivo": 0.83420650690227824411069323507423813960688366971032,
  "confiabilidade_total": 0.97733984023561150935774921156213803722696557126061
}
 
Individuo 13:
{
  "Posicao": [0. 9. 0. 9. 8.]
             [1. 1. 1. 2. 1.],
  "Velocidade": [ -8.76504559  12.98965532 -10.0283501    1.79225093   6.6840244 ]
                [-4.22460973  0.          0.          0.          0.        ],
  "funcao_objetivo": 0.97785568163349050255565540541868551345596580844564,
  "confiabilidade_total": 0.97785568163349050255565540541868551345596580844564
}
 
Individuo 14:
{
  "Posicao": [7. 6. 9. 1. 5.]
             [2. 1. 1. 3. 1.],
  "Velocidade": [ 0.         -0.24636187  2.63784911 -0.24636187 -0.7390856 ]
                [ 0.          0.          0.         -0.24636187  0.        ],
  "funcao_objetivo": 0.71344849763180169369416342160432221246412200275553,
  "confiabilidade_total": 0.98878183096513498476500695087336324033787650409831
}
 
Individuo 15:
{
  "Posicao": [7. 5. 7. 3. 3.]
             [1. 1. 2. 1. 1.],
  "Velocidade": [ 2.14851752  3.0474568  -1.79787856  0.10949736 -2.14851752]
                [-0.93205157  0.         -1.3590756  -0.93205157  0.        ],
  "funcao_objetivo": 0.96508625160240095326424272691633507422304733058525,
  "confiabilidade_total": 0.96508625160240095326424272691633507422304733058525
}
 
Individuo 16:
{
  "Posicao": [9. 5. 0. 6. 9.]
             [1. 1. 1. 2. 1.],
  "Velocidade": [ 3.99803268  0.         -9.30330337  6.3656282  13.30133605]
                [-3.99803268 -0.67573091  0.          0.          0.        ],
  "funcao_objetivo": 0.97110802166807395683837421420602131949396388109346,
  "confiabilidade_total": 0.97110802166807395683837421420602131949396388109346
}
 
Individuo 17:
{
  "Posicao": [7. 6. 7. 2. 2.]
             [1. 1. 3. 1. 1.],
  "Velocidade": [ 0.          1.73324435  0.          2.32374893 -3.4664887 ]
                [-1.73324435  0.          1.54916595 -1.73324435  0.        ],
  "funcao_objetivo": 0.95574699268875240613047213914122335489312896061957,
  "confiabilidade_total": 0.97308032602208584275155419676828683230499514866889
}
 
Individuo 18:
{
  "Posicao": [3. 0. 2. 4. 7.]
             [1. 1. 1. 2. 1.],
  "Velocidade": [-3.32071352 -2.88914003 -4.14114205  2.97918882  2.500285  ]
                [0.21578675 0.         0.         0.         0.        ],
  "funcao_objetivo": 0.91703259348699576382982251945433503532097235997146,
  "confiabilidade_total": 0.97369926015366252477292769387387792629436150868362
}
 
Individuo 19:
{
  "Posicao": [8. 3. 9. 0. 4.]
             [2. 1. 1. 1. 1.],
  "Velocidade": [  3.03356981  -6.06713961   0.99741651 -13.65106412   3.03356981]
                [ 0.         0.         0.        -1.5167849  0.       ],
  "funcao_objetivo": 0.97307444141120580203116267636996616278327806719807,
  "confiabilidade_total": 0.97307444141120580203116267636996616278327806719807
}
 
Individuo 20:
{
  "Posicao": [6. 5. 7. 3. 4.]
             [2. 1. 1. 2. 1.],
  "Velocidade": [-0.21947689  0.          0.          1.28131079 -2.02995434]
                [-0.21058925  0.21058925  0.          0.          0.        ],
  "funcao_objetivo": 0.84513921557649448644826203086782376209682391093461,
  "confiabilidade_total": 0.98655588224316114919214067719227065259999201701371
}
 
Individuo 21:
{
  "Posicao": [9. 4. 8. 0. 3.]
             [2. 1. 1. 2. 1.],
  "Velocidade": [ 2.92783704 -2.58992556 -0.50611073 -9.06473945  2.84298092]
                [ 0.          0.          0.         -1.29496278  0.        ],
  "funcao_objetivo": 0.76732312609265049312320904544391944705790816499393,
  "confiabilidade_total": 0.98768979275931720378431343459012262224501906587284
}
 
Individuo 22:
{
  "Posicao": [7. 6. 9. 9. 4.]
             [3. 1. 2. 3. 1.],
  "Velocidade": [0.         0.43552606 0.87105211 3.0486824  4.23024574]
                [-0.43552606  0.         -0.87105211 -0.43552606  0.        ],
  "funcao_objetivo": -0.086637281047287547932342038483824781965382396478572,
  "confiabilidade_total": 0.99774605228604565125644397280726096044861525366791
}
 
Individuo 23:
{
  "Posicao": [6. 3. 8. 0. 2.]
             [3. 1. 1. 3. 1.],
  "Velocidade": [-2.1571976  -2.74585596  2.1571976  -2.55159938 -2.1571976 ]
                [ 2.1571976  0.        -2.1571976  2.1571976  0.       ],
  "funcao_objetivo": 0.28985511070574415006668467226715776300994992286828,
  "confiabilidade_total": 0.99520511070574434910746852706522233015863537819054
}
 
Individuo 24:
{
  "Posicao": [9. 5. 8. 4. 4.]
             [3. 1. 1. 1. 1.],
  "Velocidade": [ 0.88413647  0.         -0.27840045  3.79957939 -0.27840045]
                [-0.27840045  0.          0.          0.27840045  0.        ],
  "funcao_objetivo": 0.81646879433030918757360660679086651026001157602930,
  "confiabilidade_total": 0.96790212766364255178594299836522042124262037119532
}
 
Individuo 25:
{
  "Posicao": [3. 7. 1. 0. 9.]
             [2. 1. 1. 2. 1.],
  "Velocidade": [-2.67564129  0.88022241 -3.55586371  0.          8.02692388]
                [0.88022241 0.         0.         0.         0.        ],
  "funcao_objetivo": 0.82612846191221483449832786683586864999309942999166,
  "confiabilidade_total": 0.99089512857888153463451798253558782196418211736959
}
 
Individuo 26:
{
  "Posicao": [7. 0. 9. 4. 0.]
             [1. 3. 1. 1. 1.],
  "Velocidade": [ 0.         -8.51329877  2.94139294  1.3514857  -5.57190583]
                [-2.94139294  1.19104888  0.         -2.94139294  0.        ],
  "funcao_objetivo": 0.70897017457662118215108720114961548717350003656850,
  "confiabilidade_total": 0.96498684124328794945577030667130535477429864344106
}
 
Individuo 27:
{
  "Posicao": [5. 9. 7. 8. 5.]
             [1. 1. 1. 2. 3.],
  "Velocidade": [-2.00793741  5.47015728  0.          8.03174963  2.00793741]
                [-3.46221987  0.          0.          0.          2.00793741],
  "funcao_objetivo": 0.95371862239469519395735304510654138952663385756822,
  "confiabilidade_total": 0.96475195572802846400057248797511754177680456527086
}
 
Individuo 28:
{
  "Posicao": [9. 5. 3. 0. 6.]
             [1. 2. 1. 1. 1.],
  "Velocidade": [ 2.32670492  0.         -3.34625329  0.          2.32670492]
                [-0.50977418  0.50977418  0.         -0.50977418  0.        ],
  "funcao_objetivo": 0.96465053241628673957698362847558027177108416799663,
  "confiabilidade_total": 0.96465053241628673957698362847558027177108416799663
}
 
Individuo 29:
{
  "Posicao": [0. 0. 0. 0. 9.]
             [1. 1. 1. 1. 1.],
  "Velocidade": [-12.3540043   -5.67756555 -11.3551311   -1.06073153   5.67756555]
                [-4.0608906  0.         0.        -4.0608906  0.       ],
  "funcao_objetivo": 0.97269542294753976028726879535418297055378386848494,
  "confiabilidade_total": 0.97269542294753976028726879535418297055378386848494
}
 
Individuo 30:
{
  "Posicao": [7. 5. 4. 0. 7.]
             [1. 1. 1. 1. 1.],
  "Velocidade": [  0.           0.          -4.07705063 -10.06001789   5.32717584]
                [-4.07705063  0.         -1.80827312 -4.07705063  0.        ],
  "funcao_objetivo": 0.94906093292357789216127143980406591828513120742826,
  "confiabilidade_total": 0.94906093292357789216127143980406591828513120742826
}
 
Individuo 31:
{
  "Posicao": [7. 6. 7. 4. 6.]
             [1. 2. 1. 1. 1.],
  "Velocidade": [-2.07988773  2.67032667  0.         -3.74308198  3.48178513]
                [-1.91736337 -0.46788525  0.         -1.91736337  0.        ],
  "funcao_objetivo": 0.96156661577067505305629547900399027126728529468469,
  "confiabilidade_total": 0.96156661577067505305629547900399027126728529468469
}
 
Individuo 32:
{
  "Posicao": [6. 5. 6. 2. 2.]
             [1. 1. 2. 1. 1.],
  "Velocidade": [ 0.03259073  0.         -0.14052601  0.28105203 -0.80858756]
                [-0.80858756  0.          0.80858756 -0.80858756  0.        ],
  "funcao_objetivo": 0.96674285106503253326564323466141854028741232099540,
  "confiabilidade_total": 0.96882618439836586657006451006180508871388024630553
}
 
Individuo 33:
{
  "Posicao": [6. 4. 6. 0. 3.]
             [1. 1. 1. 1. 1.],
  "Velocidade": [-1.50825677 -1.50825677 -3.01651354 -4.52477031  2.83352445]
                [-1.50825677 -1.50825677  0.         -1.50825677  0.        ],
  "funcao_objetivo": 0.94922250846668938144738704913476266910705799678138,
  "confiabilidade_total": 0.94922250846668938144738704913476266910705799678138
}
 
Individuo 34:
{
  "Posicao": [2. 0. 9. 1. 9.]
             [1. 2. 1. 1. 1.],
  "Velocidade": [ -6.59503616 -10.61147125   4.01643509  -5.36800479  10.61147125]
                [-4.01643509  0.01641867  0.         -4.01643509  0.        ],
  "funcao_objetivo": 0.96982057993429717023111609888683171876540903842137,
  "confiabilidade_total": 0.96982057993429717023111609888683171876540903842137
}
 
Individuo 35:
{
  "Posicao": [5. 7. 8. 6. 1.]
             [2. 1. 1. 2. 1.],
  "Velocidade": [-1.02411821  1.59271053 -1.13718466  2.33352235 -2.30394583]
                [0.         0.         0.         1.02411821 0.        ],
  "funcao_objetivo": 0.98610026270049185300544517171978213973417936837067,
  "confiabilidade_total": 0.98610026270049185300544517171978213973417936837067
}
 
Individuo 36:
{
  "Posicao": [9. 3. 6. 4. 2.]
             [2. 1. 1. 3. 1.],
  "Velocidade": [ 2.27736219  1.22435297  0.81623531 -2.44870594  0.81623531]
                [ 0.          0.          0.         -0.40811766  0.        ],
  "funcao_objetivo": 0.43311616944788191416749800884721091528648266682684,
  "confiabilidade_total": 0.98993283611454851287371259479262855415457615742743
}
 
Individuo 37:
{
  "Posicao": [4. 1. 9. 2. 9.]
             [2. 1. 1. 2. 1.],
  "Velocidade": [-4.38779984 -4.83992175  4.38779984  1.70429562  8.77559968]
                [-0.45212191  0.          0.          0.          0.        ],
  "funcao_objetivo": 0.75621482385715437060019457636960932596057450313688,
  "confiabilidade_total": 0.98854815719048767899051728979109238444298302669645
}
 
Individuo 38:
{
  "Posicao": [7. 5. 9. 0. 1.]
             [2. 1. 1. 2. 1.],
  "Velocidade": [0.         0.         1.55914961 0.         1.29228116]
                [-1.03592798  0.          0.         -1.03592798 -1.03592798],
  "funcao_objetivo": 0.94027500708042173432735454758329152950670054224466,
  "confiabilidade_total": 0.98844167374708826892894474697697516289541913238500
}
 
Individuo 39:
{
  "Posicao": [5. 5. 5. 2. 5.]
             [2. 1. 1. 2. 1.],
  "Velocidade": [ 1.936377    0.67516581  1.936377   -3.26768936 -1.26121119]
                [ 1.33131236  0.          0.          1.33131236 -1.33131236],
  "funcao_objetivo": 0.98713608394730532810067631867643402430082799200788,
  "confiabilidade_total": 0.98713608394730532810067631867643402430082799200788
}
 
Individuo 40:
{
  "Posicao": [7. 5. 9. 4. 3.]
             [2. 1. 1. 2. 3.],
  "Velocidade": [-1.65881183 -3.05797271  0.77315606  3.93282931  2.22856679]
                [-0.82940592  0.          0.         -0.82940592  1.50086142],
  "funcao_objetivo": 0.31051677986543845169962868262690916581618283502685,
  "confiabilidade_total": 0.99010011319877165772738852560895919723975156061279
}
 
Individuo 41:
{
  "Posicao": [8. 5. 7. 1. 2.]
             [3. 1. 1. 3. 2.],
  "Velocidade": [ 2.42729485 -1.07527477  1.07527477  0.84282487 -1.35202008]
                [0.84282487 0.         0.         0.84282487 0.84282487],
  "funcao_objetivo": 0.27732706849359302301495672856379604406891235866259,
  "confiabilidade_total": 0.99812706849359329684036352211240517415342697658252
}
 
Individuo 42:
{
  "Posicao": [7. 2. 7. 3. 5.]
             [2. 1. 1. 2. 3.],
  "Velocidade": [ 0.          0.86274033  1.251695   -0.12201174  0.56484163]
                [1.251695   0.         0.         1.251695   0.56484163],
  "funcao_objetivo": 0.62198203731721825885230232430213600374929999017285,
  "confiabilidade_total": 0.99156537065055177241183998845254773251884077691602
}
 
Individuo 43:
{
  "Posicao": [9. 0. 0. 7. 0.]
             [1. 1. 1. 1. 1.],
  "Velocidade": [  4.27974462  -5.9457817  -10.22552632   6.6641483   -4.09048683]
                [0.1892578 0.        0.        0.1892578 0.       ],
  "funcao_objetivo": 0.95733034376245640472035971943580276597624400131687,
  "confiabilidade_total": 0.95733034376245640472035971943580276597624400131687
}
 
Individuo 44:
{
  "Posicao": [8. 4. 7. 0. 3.]
             [1. 1. 1. 1. 1.],
  "Velocidade": [ 1.84622594 -1.3047967   1.49428163 -1.51623636  1.49428163]
                [-1.84622594  0.          0.         -1.84622594 -0.83430248],
  "funcao_objetivo": 0.94750058229220755966550173823082532115993608675189,
  "confiabilidade_total": 0.94750058229220755966550173823082532115993608675189
}
 
Individuo 45:
{
  "Posicao": [5. 7. 5. 1. 5.]
             [2. 1. 1. 2. 1.],
  "Velocidade": [-4.49407381  2.89951289 -2.70897689  0.93978483  2.89951289]
                [-0.19053601  0.          0.         -0.19053601  0.        ],
  "funcao_objetivo": 0.98743853500485427042010179079102502940870350060253,
  "confiabilidade_total": 0.98743853500485427042010179079102502940870350060253
}
 
Individuo 46:
{
  "Posicao": [7. 5. 9. 0. 1.]
             [3. 1. 1. 3. 2.],
  "Velocidade": [ 0.          0.          3.55763705 -5.59096827 -4.06666245]
                [1.31376245 0.         0.         1.31376245 1.31376245],
  "funcao_objetivo": 0.055462398422012278026979443463734360390223913759854,
  "confiabilidade_total": 0.99829573175534563460098142561701127325824683246103
}
 
Individuo 47:
{
  "Posicao": [8. 5. 3. 5. 4.]
             [3. 1. 1. 3. 1.],
  "Velocidade": [ 0.90362874 -0.73488861  0.41814954 -0.24940941  0.90362874]
                [0.90362874 0.         0.         0.90362874 0.        ],
  "funcao_objetivo": 0.68311775993262214480138542471683701868492710043104,
  "confiabilidade_total": 0.99421775993262218796685662214292331035572635580213
}
 
Individuo 48:
{
  "Posicao": [6. 6. 7. 1. 3.]
             [1. 1. 1. 1. 1.],
  "Velocidade": [ 1.08150831  0.13376923  1.21527753 -1.08150831  1.21527753]
                [0.13376923 0.         0.         0.13376923 0.        ],
  "funcao_objetivo": 0.94394277306875550514229072592527220865281523219414,
  "confiabilidade_total": 0.94394277306875550514229072592527220865281523219414
}
 
Individuo 49:
{
  "Posicao": [6. 9. 5. 7. 3.]
             [3. 1. 1. 3. 2.],
  "Velocidade": [-0.21288043  0.63864128 -0.42576085  1.27728256  3.47032107]
                [-0.21288043  0.          0.         -0.21288043  0.21288043],
  "funcao_objetivo": 0.16096896408758322905967964866750586048440850446314,
  "confiabilidade_total": 0.99745229742091641901141009507728918657379067609400
}
 
Individuo 50:
{
  "Posicao": [8. 3. 6. 0. 3.]
             [1. 1. 1. 1. 1.],
  "Velocidade": [  2.14299755  -4.28599511  -2.14299755 -19.28697798   0.        ]
                [-2.14299755  0.          0.         -2.14299755  0.        ],
  "funcao_objetivo": 0.94839511205480320621666497890954023436266310706920,
  "confiabilidade_total": 0.94839511205480320621666497890954023436266310706920
}
 
-----------------------------------------
Populacao final da era:
Individuo 1:
{
  "Posicao": [7. 5. 7. 0. 3.]
             [2. 1. 1. 2. 1.],
  "Velocidade": [0. 0. 0. 0. 0.]
                [0. 0. 0. 0. 0.],
  "funcao_objetivo": 0.98851142115399362017452312307107276609829438104104,
  "confiabilidade_total": 0.98851142115399362017452312307107276609829438104104
}
 
Individuo 2:
{
  "Posicao": [5. 6. 5. 1. 3.]
             [2. 1. 1. 2. 1.],
  "Velocidade": [ 0.98641892  0.47230199 -0.46915153 -0.45816042  0.        ]
                [0. 0. 0. 0. 0.],
  "funcao_objetivo": 0.96666074104210459708581017779681088493308930948432,
  "confiabilidade_total": 0.98799407437543795052343211538402057110435276582892
}
 
Individuo 3:
{
  "Posicao": [8. 5. 9. 2. 9.]
             [2. 2. 1. 2. 1.],
  "Velocidade": [ 1.35184591  0.          0.80151126 -2.98924557  4.83459888]
                [ 0.         -0.2494018   0.          0.80151126  0.        ],
  "funcao_objetivo": 0.79947994804501772652441913928234324038759208883703,
  "confiabilidade_total": 0.99244661471168440174720458239354964525238014425695
}
 
Individuo 4:
{
  "Posicao": [7. 9. 7. 1. 5.]
             [2. 2. 2. 2. 1.],
  "Velocidade": [-1.82387369 -0.06204192 -1.82387369 -2.48899905 -4.22472668]
                [-1.03781542 -0.20382834 -0.20382834 -1.03781542  0.        ],
  "funcao_objetivo": 0.44787578395558610526319952776709094913338275990398,
  "confiabilidade_total": 0.99829245062225268718284198138014169679616542897136
}
 
Individuo 5:
{
  "Posicao": [6. 1. 4. 0. 6.]
             [2. 1. 1. 1. 1.],
  "Velocidade": [-2.80355956 -1.03580447 -0.69053631  0.          0.69053631]
                [0.         0.         0.         0.34526816 0.        ],
  "funcao_objetivo": 0.95996527849091598309029028783180764687790468372147,
  "confiabilidade_total": 0.97813194515758258840788298542003248396872475780289
}
 
Individuo 6:
{
  "Posicao": [2. 0. 7. 2. 1.]
             [1. 1. 3. 1. 1.],
  "Velocidade": [-3.55353524 -3.55353524  0.          2.39727918 -2.39727918]
                [-1.95556976  0.          1.95556976 -1.95556976  0.        ],
  "funcao_objetivo": 0.92984093735269668703184812729214830963772018666327,
  "confiabilidade_total": 0.98217427068603002983908460409348412125271042103827
}
 
Individuo 7:
{
  "Posicao": [0. 0. 0. 0. 9.]
             [1. 1. 2. 1. 1.],
  "Velocidade": [ -9.95012538  -5.77192092 -11.8126121    0.          12.86419757]
                [-2.25211631  0.         -0.06974924 -2.25211631  0.        ],
  "funcao_objetivo": 0.98459760465140366413212515709299749335152764027526,
  "confiabilidade_total": 0.98459760465140366413212515709299749335152764027526
}
 
Individuo 8:
{
  "Posicao": [8. 1. 7. 1. 4.]
             [2. 1. 1. 1. 1.],
  "Velocidade": [-0.10904776 -1.55463225  0.          1.11929674 -0.10904776]
                [ 0.          0.         -1.71351404  0.10904776  0.        ],
  "funcao_objetivo": 0.97484877182049171210847622465156781596022069862822,
  "confiabilidade_total": 0.97484877182049171210847622465156781596022069862822
}
 
Individuo 9:
{
  "Posicao": [5. 5. 6. 0. 4.]
             [3. 1. 1. 1. 1.],
  "Velocidade": [-3.73047099  0.         -1.8652355   0.          4.21276456]
                [ 1.8652355  0.         0.        -1.8652355  0.       ],
  "funcao_objetivo": 0.95180052947299852862503183755660900556790804778197,
  "confiabilidade_total": 0.97646719613966514318523121514926204168546175871947
}
 
Individuo 10:
{
  "Posicao": [7. 8. 5. 0. 4.]
             [1. 1. 3. 1. 3.],
  "Velocidade": [-0.94827873  0.2132626  -0.14217506  0.          1.01936626]
                [0.07108753 0.         1.99363526 0.07108753 1.99363526],
  "funcao_objetivo": 0.43582308941205587702141869530258359597910403068214,
  "confiabilidade_total": 0.97965642274538910125683614213720089035023211295753
}
 
Individuo 11:
{
  "Posicao": [8. 1. 1. 4. 5.]
             [1. 1. 1. 2. 1.],
  "Velocidade": [ 1.43232592 -3.85815032 -5.75001307  3.85815032  0.76270185]
                [-1.43232592  0.          0.          0.          0.        ],
  "funcao_objetivo": 0.97130067359745978990018708077212883981820726580409,
  "confiabilidade_total": 0.97130067359745978990018708077212883981820726580409
}
 
Individuo 12:
{
  "Posicao": [1. 5. 3. 9. 9.]
             [3. 1. 1. 1. 1.],
  "Velocidade": [ 0.78220103  0.         -0.64279795  1.84090855  0.80848031]
                [ 1.56210239  0.          0.         -1.56210239  0.        ],
  "funcao_objetivo": 0.87579667520921420923481425272259902043459493246471,
  "confiabilidade_total": 0.96366334187588092017347439802509133072761375036632
}
 
Individuo 13:
{
  "Posicao": [4. 9. 5. 5. 9.]
             [3. 1. 1. 2. 1.],
  "Velocidade": [ 3.65227488  9.83102666  4.87805798 -4.49983226  3.01947356]
                [3.40592887 0.         0.         0.         0.        ],
  "funcao_objetivo": 0.63292610212829812995916441238143258428287811516214,
  "confiabilidade_total": 0.98805943546163134757765263245011689772916145561624
}
 
Individuo 14:
{
  "Posicao": [7. 4. 9. 0. 2.]
             [2. 1. 1. 1. 1.],
  "Velocidade": [ 0.         -1.58741167 -0.13723165 -1.58741167 -3.41386802]
                [ 0.          0.          0.         -1.58741167  0.        ],
  "funcao_objetivo": 0.97347292540400264966852481825020862203634691972897,
  "confiabilidade_total": 0.97347292540400264966852481825020862203634691972897
}
 
Individuo 15:
{
  "Posicao": [9. 9. 2. 0. 0.]
             [2. 1. 1. 2. 1.],
  "Velocidade": [ 3.58455279  5.95664105 -4.74417653 -6.18597873 -3.58455279]
                [ 0.6930898   0.         -1.41631983  0.6930898   0.        ],
  "funcao_objetivo": 0.72190007916244791330279482393111826657395298266418,
  "confiabilidade_total": 0.99021674582911464434759394519519552393894130969055
}
 
Individuo 16:
{
  "Posicao": [9. 5. 5. 0. 9.]
             [3. 2. 1. 2. 1.],
  "Velocidade": [-0.15901324  0.          5.10706529 -5.93833839  0.791372  ]
                [1.86013693 0.65566103 0.         0.         0.        ],
  "funcao_objetivo": 0.33475224742998824992506774269881899121504486061286,
  "confiabilidade_total": 0.99760224742998830019596629772590714159708679176521
}
 
Individuo 17:
{
  "Posicao": [7. 7. 7. 5. 0.]
             [2. 1. 2. 2. 1.],
  "Velocidade": [ 0.          1.37581704  0.          3.40747055 -4.82221803]
                [ 1.37581704  0.         -0.89125773  1.37581704  0.        ],
  "funcao_objetivo": 0.88023053505233447489913169951795920795223256079009,
  "confiabilidade_total": 0.99353053505233443293547692624860487129001458612731
}
 
Individuo 18:
{
  "Posicao": [8. 6. 8. 2. 0.]
             [3. 1. 1. 2. 1.],
  "Velocidade": [ 4.95865775  5.58450105  5.84016293 -2.34908247 -7.22519691]
                [1.88694381 0.         0.         0.         0.        ],
  "funcao_objetivo": 0.78338696595421280275114750331930677498232650567884,
  "confiabilidade_total": 0.99257029928754629978779100348582629089716899206037
}
 
Individuo 19:
{
  "Posicao": [8. 4. 3. 9. 4.]
             [2. 1. 1. 3. 1.],
  "Velocidade": [-0.43689471  0.87378942 -5.79293667 13.24561387 -0.43689471]
                [0.         0.         0.         1.90862958 0.        ],
  "funcao_objetivo": 0.50543536660780416364683688677733291983995412928348,
  "confiabilidade_total": 0.99040203327447095943984280418053961471114133936649
}
 
Individuo 20:
{
  "Posicao": [6. 5. 7. 5. 4.]
             [1. 2. 1. 2. 1.],
  "Velocidade": [0.16208452 0.         0.         1.92577553 0.3667683 ]
                [-1.1081591  1.1081591  0.         0.         0.       ],
  "funcao_objetivo": 0.96858524110930985341844676677264269966903653911706,
  "confiabilidade_total": 0.96858524110930985341844676677264269966903653911706
}
 
Individuo 21:
{
  "Posicao": [9. 3. 6. 9. 6.]
             [2. 1. 1. 1. 1.],
  "Velocidade": [ 0.69467523 -1.37050535 -1.63357557  8.79550763  2.75854155]
                [ 0.          0.          0.         -1.25650109  0.        ],
  "funcao_objetivo": 0.96102236833764808397542755127498645485034567917673,
  "confiabilidade_total": 0.96102236833764808397542755127498645485034567917673
}
 
Individuo 22:
{
  "Posicao": [7. 5. 7. 1. 7.]
             [1. 1. 1. 1. 1.],
  "Velocidade": [ 0.         -0.75995199 -1.51990397 -7.68474887  2.92206073]
                [-1.60513298  0.         -2.02772348 -1.60513298  0.        ],
  "funcao_objetivo": 0.94292006414445406144529521342496185579651785310244,
  "confiabilidade_total": 0.94292006414445406144529521342496185579651785310244
}
 
Individuo 23:
{
  "Posicao": [6. 3. 8. 2. 2.]
             [3. 1. 2. 3. 1.],
  "Velocidade": [-0.35263012  0.11794044  0.35263012  1.77706294 -0.35263012]
                [-0.35263012  0.          1.39437529 -0.35263012  0.        ],
  "funcao_objetivo": 0.17553833816700633781404436253493292012595013734808,
  "confiabilidade_total": 0.99878833816700631960638675868236565717839078065862
}
 
Individuo 24:
{
  "Posicao": [7. 5. 7. 0. 3.]
             [2. 1. 1. 2. 1.],
  "Velocidade": [-2.03783806  0.         -1.09505328 -4.59644466 -1.09505328]
                [-1.09505328  0.          0.          1.09505328  0.        ],
  "funcao_objetivo": 0.98851142115399362017452312307107276609829438104104,
  "confiabilidade_total": 0.98851142115399362017452312307107276609829438104104
}
 
Individuo 25:
{
  "Posicao": [8. 4. 9. 0. 9.]
             [1. 1. 1. 2. 1.],
  "Velocidade": [ 5.46673929 -3.17737675  8.64411604  0.          0.78952447]
                [-0.84437951  0.          0.          0.          0.        ],
  "funcao_objetivo": 0.95992701958363129175123933257073539322274293083069,
  "confiabilidade_total": 0.95992701958363129175123933257073539322274293083069
}
 
Individuo 26:
{
  "Posicao": [7. 5. 9. 4. 4.]
             [3. 3. 1. 3. 1.],
  "Velocidade": [ 0.          5.2425764   1.31456111 -0.10598398  3.92801529]
                [ 2.36123085 -0.17007396  0.          2.36123085  0.        ],
  "funcao_objetivo": -0.16221141415814708488381170725499928434000986209244,
  "confiabilidade_total": 0.99887191917518616022379860253256096999539358029037
}
 
Individuo 27:
{
  "Posicao": [3. 9. 7. 9. 7.]
             [3. 1. 1. 2. 1.],
  "Velocidade": [-1.59743379  4.07834395  0.          6.38973518  1.59743379]
                [ 3.18395554  0.          0.          0.         -1.59743379],
  "funcao_objetivo": 0.54762683733166328094074088129566634908624368971615,
  "confiabilidade_total": 0.98736017066499647933016631485663938239522653883724
}
 
Individuo 28:
{
  "Posicao": [9. 5. 5. 0. 3.]
             [2. 1. 1. 2. 1.],
  "Velocidade": [-0.41101336  0.          2.09035941  0.         -2.92291612]
                [ 0.83967303 -0.83967303  0.          0.83967303  0.        ],
  "funcao_objetivo": 0.90893322590628372691311973454370265454456912682565,
  "confiabilidade_total": 0.98768322590628378037729726414889730432008164332422
}
 
Individuo 29:
{
  "Posicao": [4. 0. 3. 1. 8.]
             [3. 1. 1. 3. 1.],
  "Velocidade": [ 4.3916415   0.08362437  3.42243583  1.02922674 -1.00143799]
                [2.85521572 0.         0.         2.85521572 0.        ],
  "funcao_objetivo": 0.19685103083826491909790883337826994256739189094153,
  "confiabilidade_total": 0.99620103083826492407170798369897124366526176398841
}
 
Individuo 30:
{
  "Posicao": [7. 5. 5. 3. 6.]
             [3. 1. 1. 3. 1.],
  "Velocidade": [ 0.          0.          1.31852715  3.35703777 -1.33001139]
                [2.73147868 0.         0.15351872 2.73147868 0.        ],
  "funcao_objetivo": 0.53928920730510179430297688738668542168791702115696,
  "confiabilidade_total": 0.99362254063843535538006000549379708058889320218723
}
 
Individuo 31:
{
  "Posicao": [1. 8. 7. 0. 6.]
             [1. 1. 1. 1. 1.],
  "Velocidade": [-6.22495214  1.59287147  0.         -7.62448401  0.38394114]
                [ 0.18943785 -2.50384221  0.          0.18943785  0.        ],
  "funcao_objetivo": 0.95324997822914779501736459107917437570472839409706,
  "confiabilidade_total": 0.95324997822914779501736459107917437570472839409706
}
 
Individuo 32:
{
  "Posicao": [8. 5. 7. 0. 3.]
             [2. 1. 1. 2. 1.],
  "Velocidade": [ 1.5065928   0.          1.3386178  -2.6772356   0.69039835]
                [ 0.69039835  0.         -0.69039835  0.69039835  0.        ],
  "funcao_objetivo": 0.98209295598547425499673741119429295962093387227973,
  "confiabilidade_total": 0.98817628931880750294929422158381684879189346414527
}
 
Individuo 33:
{
  "Posicao": [6. 4. 4. 4. 5.]
             [1. 2. 1. 1. 1.],
  "Velocidade": [-0.15104752 -0.15104752 -1.61450755  4.39038011  2.22921918]
                [0.15104752 1.46346004 0.         0.15104752 0.        ],
  "funcao_objetivo": 0.88385861114040094252753548658462413510219280477927,
  "confiabilidade_total": 0.96510861114040094530309304814751548616127197500632
}
 
Individuo 34:
{
  "Posicao": [1. 5. 9. 0. 9.]
             [3. 1. 1. 3. 1.],
  "Velocidade": [-1.11405376  5.01119671  1.78310166 -6.26559033  3.95417606]
                [ 2.8401223  -1.04108963  0.          2.8401223   0.        ],
  "funcao_objetivo": 0.21985611770475286934702073240004757493699549054162,
  "confiabilidade_total": 0.99338945103808616437025822933464588671887873028771
}
 
Individuo 35:
{
  "Posicao": [7. 5. 5. 0. 2.]
             [2. 1. 1. 3. 1.],
  "Velocidade": [ 2.07249376 -1.52078919 -2.63650645 -6.93436948  0.83067829]
                [0.         0.         0.         0.99370087 0.        ],
  "funcao_objetivo": 0.73218121969533193669704166808405643957444382489457,
  "confiabilidade_total": 0.99088121969533193609752123478647190774568272412553
}
 
Individuo 36:
{
  "Posicao": [7. 8. 9. 0. 5.]
             [2. 1. 1. 1. 1.],
  "Velocidade": [ -1.82816471   5.22587543   2.81093579 -10.45175085   2.81093579]
                [ 0.          0.          0.         -2.41493964  0.        ],
  "funcao_objetivo": 0.96979126513378630474469143467267957530331911686680,
  "confiabilidade_total": 0.96979126513378630474469143467267957530331911686680
}
 
Individuo 37:
{
  "Posicao": [3. 0. 9. 6. 9.]
             [1. 1. 1. 2. 1.],
  "Velocidade": [-0.99450616 -0.93758719  3.26625298  4.21472035  1.98901233]
                [-2.21482785  0.          0.          0.          0.        ],
  "funcao_objetivo": 0.96429068686094106714520758104622757491230192400220,
  "confiabilidade_total": 0.96429068686094106714520758104622757491230192400220
}
 
Individuo 38:
{
  "Posicao": [7. 5. 7. 0. 6.]
             [1. 1. 1. 1. 2.],
  "Velocidade": [ 0.          0.         -1.91224211  0.          4.67898253]
                [-1.00515988  0.          0.         -1.00515988  1.00515988],
  "funcao_objetivo": 0.95126689858030715919142535111568354134257957114811,
  "confiabilidade_total": 0.95126689858030715919142535111568354134257957114811
}
 
Individuo 39:
{
  "Posicao": [7. 6. 7. 0. 3.]
             [3. 1. 1. 3. 2.],
  "Velocidade": [ 2.26484823  0.65511271  2.26484823 -3.55661929 -1.60973553]
                [1.29177106 0.         0.         1.29177106 1.29177106],
  "funcao_objetivo": 0.043593288611291055284647850430929589079847797199961,
  "confiabilidade_total": 0.99820995527795772420136651367124684433840797786402
}
 
Individuo 40:
{
  "Posicao": [2. 0. 0. 5. 9.]
             [1. 1. 1. 1. 1.],
  "Velocidade": [ -4.69694479  -9.14195051 -11.62734466   0.67275521   6.79347812]
                [-2.34847239  0.          0.         -2.34847239 -1.65904889],
  "funcao_objetivo": 0.96163895015410604322233240807523883256588543567788,
  "confiabilidade_total": 0.96163895015410604322233240807523883256588543567788
}
 
Individuo 41:
{
  "Posicao": [5. 5. 7. 0. 5.]
             [1. 1. 1. 1. 1.],
  "Velocidade": [-2.69703761 -0.05097931  0.05097931 -0.76119174  2.74801693]
                [-1.75355046  0.          0.         -1.75355046 -0.76119174],
  "funcao_objetivo": 0.94676009830676606445230257629575375006852337873061,
  "confiabilidade_total": 0.94676009830676606445230257629575375006852337873061
}
 
Individuo 42:
{
  "Posicao": [7. 2. 7. 3. 5.]
             [2. 1. 1. 2. 3.],
  "Velocidade": [ 0.          0.26355891  0.2154642   0.4551693  -0.40163556]
                [ 0.2154642   0.          0.          0.2154642  -0.40163556],
  "funcao_objetivo": 0.62198203731721825885230232430213600374929999017285,
  "confiabilidade_total": 0.99156537065055177241183998845254773251884077691602
}
 
Individuo 43:
{
  "Posicao": [9. 2. 4. 8. 2.]
             [2. 1. 1. 2. 1.],
  "Velocidade": [2.56010549 1.78786993 4.34797542 0.89237388 1.58020562]
                [0.97989987 0.         0.         0.97989987 0.        ],
  "funcao_objetivo": 0.86066268430885135043154780993527744116400470947312,
  "confiabilidade_total": 0.98724601764218467591930510258417122217034092163132
}
 
Individuo 44:
{
  "Posicao": [8. 1. 9. 0. 8.]
             [1. 1. 1. 1. 3.],
  "Velocidade": [ 0.2720216  -3.24223805  4.94546467  0.27657973  4.94546467]
                [0.2720216  0.         0.         0.2720216  2.68604184],
  "funcao_objetivo": 0.93234861741323862874667234018795259930155525143681,
  "confiabilidade_total": 0.95284861741323860185151956864353540753907809193669
}
 
Individuo 45:
{
  "Posicao": [2. 8. 4. 1. 6.]
             [2. 1. 1. 2. 1.],
  "Velocidade": [-2.98187492  1.43467406 -1.24979717  0.22251209  1.43467406]
                [-0.1848769  0.         0.        -0.1848769  0.       ],
  "funcao_objetivo": 0.82273935102870008865040604284408426932526840686846,
  "confiabilidade_total": 0.98948935102870001470955260280865867711139931201983
}
 
Individuo 46:
{
  "Posicao": [7. 5. 5. 2. 6.]
             [1. 1. 1. 1. 1.],
  "Velocidade": [ 0.          0.         -4.37133601  2.48523427  5.34726751]
                [-1.90199229  0.          0.         -1.90199229 -1.90199229],
  "funcao_objetivo": 0.94177515117794052794023841540390995242020694703765,
  "confiabilidade_total": 0.94177515117794052794023841540390995242020694703765
}
 
Individuo 47:
{
  "Posicao": [5. 6. 9. 0. 1.]
             [1. 1. 1. 1. 1.],
  "Velocidade": [-2.65016726  1.18479293  6.92214094 -8.38751527 -2.65016726]
                [-2.65016726  0.          0.         -2.65016726  0.        ],
  "funcao_objetivo": 0.94535782038494318716906908929784154562092182753098,
  "confiabilidade_total": 0.94535782038494318716906908929784154562092182753098
}
 
Individuo 48:
{
  "Posicao": [8. 5. 8. 0. 4.]
             [2. 1. 1. 2. 1.],
  "Velocidade": [ 1.75600786 -0.57682528  1.17918258 -1.75600786  1.17918258]
                [0.83641757 0.         0.         0.83641757 0.        ],
  "funcao_objetivo": 0.96473256410395280648609732684653971078125561373615,
  "confiabilidade_total": 0.98773256410395272976968632524822276750830734866047
}
 
Individuo 49:
{
  "Posicao": [7. 6. 7. 1. 6.]
             [2. 1. 1. 2. 1.],
  "Velocidade": [ 0.8185468  -3.48074486  1.6370936  -5.93638525  3.36724907]
                [-1.23166213  0.          0.         -1.23166213 -0.8185468 ],
  "funcao_objetivo": 0.98728355471400687757588160549821897306260767965840,
  "confiabilidade_total": 0.98728355471400687757588160549821897306260767965840
}
 
Individuo 50:
{
  "Posicao": [9. 0. 4. 9. 3.]
             [3. 1. 1. 3. 1.],
  "Velocidade": [ 1.5052111  -3.01042219 -1.5052111  18.71413545  0.        ]
                [1.5052111 0.        0.        1.5052111 0.       ],
  "funcao_objetivo": 0.034995655913182808935294665543965560746011292349144,
  "confiabilidade_total": 0.99561232257984942766993261572720718885642007530813
}
 
-----------------------------------------
-----------------------------------------
-----------------------------------------
-----------------------------------------
GERACAO 5
Populacao antes da execucao:
Individuo 1:
{
  "Posicao": [7. 5. 7. 0. 3.]
             [2. 1. 1. 2. 1.],
  "Velocidade": [0. 0. 0. 0. 0.]
                [0. 0. 0. 0. 0.],
  "funcao_objetivo": 0.98851142115399362017452312307107276609829438104104,
  "confiabilidade_total": 0.98851142115399362017452312307107276609829438104104
}
 
Individuo 2:
{
  "Posicao": [5. 6. 5. 1. 3.]
             [2. 1. 1. 2. 1.],
  "Velocidade": [ 0.98641892  0.47230199 -0.46915153 -0.45816042  0.        ]
                [0. 0. 0. 0. 0.],
  "funcao_objetivo": 0.96666074104210459708581017779681088493308930948432,
  "confiabilidade_total": 0.98799407437543795052343211538402057110435276582892
}
 
Individuo 3:
{
  "Posicao": [8. 5. 9. 2. 9.]
             [2. 2. 1. 2. 1.],
  "Velocidade": [ 1.35184591  0.          0.80151126 -2.98924557  4.83459888]
                [ 0.         -0.2494018   0.          0.80151126  0.        ],
  "funcao_objetivo": 0.79947994804501772652441913928234324038759208883703,
  "confiabilidade_total": 0.99244661471168440174720458239354964525238014425695
}
 
Individuo 4:
{
  "Posicao": [7. 9. 7. 1. 5.]
             [2. 2. 2. 2. 1.],
  "Velocidade": [-1.82387369 -0.06204192 -1.82387369 -2.48899905 -4.22472668]
                [-1.03781542 -0.20382834 -0.20382834 -1.03781542  0.        ],
  "funcao_objetivo": 0.44787578395558610526319952776709094913338275990398,
  "confiabilidade_total": 0.99829245062225268718284198138014169679616542897136
}
 
Individuo 5:
{
  "Posicao": [6. 1. 4. 0. 6.]
             [2. 1. 1. 1. 1.],
  "Velocidade": [-2.80355956 -1.03580447 -0.69053631  0.          0.69053631]
                [0.         0.         0.         0.34526816 0.        ],
  "funcao_objetivo": 0.95996527849091598309029028783180764687790468372147,
  "confiabilidade_total": 0.97813194515758258840788298542003248396872475780289
}
 
Individuo 6:
{
  "Posicao": [2. 0. 7. 2. 1.]
             [1. 1. 3. 1. 1.],
  "Velocidade": [-3.55353524 -3.55353524  0.          2.39727918 -2.39727918]
                [-1.95556976  0.          1.95556976 -1.95556976  0.        ],
  "funcao_objetivo": 0.92984093735269668703184812729214830963772018666327,
  "confiabilidade_total": 0.98217427068603002983908460409348412125271042103827
}
 
Individuo 7:
{
  "Posicao": [0. 0. 0. 0. 9.]
             [1. 1. 2. 1. 1.],
  "Velocidade": [ -9.95012538  -5.77192092 -11.8126121    0.          12.86419757]
                [-2.25211631  0.         -0.06974924 -2.25211631  0.        ],
  "funcao_objetivo": 0.98459760465140366413212515709299749335152764027526,
  "confiabilidade_total": 0.98459760465140366413212515709299749335152764027526
}
 
Individuo 8:
{
  "Posicao": [8. 1. 7. 1. 4.]
             [2. 1. 1. 1. 1.],
  "Velocidade": [-0.10904776 -1.55463225  0.          1.11929674 -0.10904776]
                [ 0.          0.         -1.71351404  0.10904776  0.        ],
  "funcao_objetivo": 0.97484877182049171210847622465156781596022069862822,
  "confiabilidade_total": 0.97484877182049171210847622465156781596022069862822
}
 
Individuo 9:
{
  "Posicao": [5. 5. 6. 0. 4.]
             [3. 1. 1. 1. 1.],
  "Velocidade": [-3.73047099  0.         -1.8652355   0.          4.21276456]
                [ 1.8652355  0.         0.        -1.8652355  0.       ],
  "funcao_objetivo": 0.95180052947299852862503183755660900556790804778197,
  "confiabilidade_total": 0.97646719613966514318523121514926204168546175871947
}
 
Individuo 10:
{
  "Posicao": [7. 8. 5. 0. 4.]
             [1. 1. 3. 1. 3.],
  "Velocidade": [-0.94827873  0.2132626  -0.14217506  0.          1.01936626]
                [0.07108753 0.         1.99363526 0.07108753 1.99363526],
  "funcao_objetivo": 0.43582308941205587702141869530258359597910403068214,
  "confiabilidade_total": 0.97965642274538910125683614213720089035023211295753
}
 
Individuo 11:
{
  "Posicao": [8. 1. 1. 4. 5.]
             [1. 1. 1. 2. 1.],
  "Velocidade": [ 1.43232592 -3.85815032 -5.75001307  3.85815032  0.76270185]
                [-1.43232592  0.          0.          0.          0.        ],
  "funcao_objetivo": 0.97130067359745978990018708077212883981820726580409,
  "confiabilidade_total": 0.97130067359745978990018708077212883981820726580409
}
 
Individuo 12:
{
  "Posicao": [1. 5. 3. 9. 9.]
             [3. 1. 1. 1. 1.],
  "Velocidade": [ 0.78220103  0.         -0.64279795  1.84090855  0.80848031]
                [ 1.56210239  0.          0.         -1.56210239  0.        ],
  "funcao_objetivo": 0.87579667520921420923481425272259902043459493246471,
  "confiabilidade_total": 0.96366334187588092017347439802509133072761375036632
}
 
Individuo 13:
{
  "Posicao": [4. 9. 5. 5. 9.]
             [3. 1. 1. 2. 1.],
  "Velocidade": [ 3.65227488  9.83102666  4.87805798 -4.49983226  3.01947356]
                [3.40592887 0.         0.         0.         0.        ],
  "funcao_objetivo": 0.63292610212829812995916441238143258428287811516214,
  "confiabilidade_total": 0.98805943546163134757765263245011689772916145561624
}
 
Individuo 14:
{
  "Posicao": [7. 4. 9. 0. 2.]
             [2. 1. 1. 1. 1.],
  "Velocidade": [ 0.         -1.58741167 -0.13723165 -1.58741167 -3.41386802]
                [ 0.          0.          0.         -1.58741167  0.        ],
  "funcao_objetivo": 0.97347292540400264966852481825020862203634691972897,
  "confiabilidade_total": 0.97347292540400264966852481825020862203634691972897
}
 
Individuo 15:
{
  "Posicao": [9. 9. 2. 0. 0.]
             [2. 1. 1. 2. 1.],
  "Velocidade": [ 3.58455279  5.95664105 -4.74417653 -6.18597873 -3.58455279]
                [ 0.6930898   0.         -1.41631983  0.6930898   0.        ],
  "funcao_objetivo": 0.72190007916244791330279482393111826657395298266418,
  "confiabilidade_total": 0.99021674582911464434759394519519552393894130969055
}
 
Individuo 16:
{
  "Posicao": [9. 5. 5. 0. 9.]
             [3. 2. 1. 2. 1.],
  "Velocidade": [-0.15901324  0.          5.10706529 -5.93833839  0.791372  ]
                [1.86013693 0.65566103 0.         0.         0.        ],
  "funcao_objetivo": 0.33475224742998824992506774269881899121504486061286,
  "confiabilidade_total": 0.99760224742998830019596629772590714159708679176521
}
 
Individuo 17:
{
  "Posicao": [7. 7. 7. 5. 0.]
             [2. 1. 2. 2. 1.],
  "Velocidade": [ 0.          1.37581704  0.          3.40747055 -4.82221803]
                [ 1.37581704  0.         -0.89125773  1.37581704  0.        ],
  "funcao_objetivo": 0.88023053505233447489913169951795920795223256079009,
  "confiabilidade_total": 0.99353053505233443293547692624860487129001458612731
}
 
Individuo 18:
{
  "Posicao": [8. 6. 8. 2. 0.]
             [3. 1. 1. 2. 1.],
  "Velocidade": [ 4.95865775  5.58450105  5.84016293 -2.34908247 -7.22519691]
                [1.88694381 0.         0.         0.         0.        ],
  "funcao_objetivo": 0.78338696595421280275114750331930677498232650567884,
  "confiabilidade_total": 0.99257029928754629978779100348582629089716899206037
}
 
Individuo 19:
{
  "Posicao": [8. 4. 3. 9. 4.]
             [2. 1. 1. 3. 1.],
  "Velocidade": [-0.43689471  0.87378942 -5.79293667 13.24561387 -0.43689471]
                [0.         0.         0.         1.90862958 0.        ],
  "funcao_objetivo": 0.50543536660780416364683688677733291983995412928348,
  "confiabilidade_total": 0.99040203327447095943984280418053961471114133936649
}
 
Individuo 20:
{
  "Posicao": [6. 5. 7. 5. 4.]
             [1. 2. 1. 2. 1.],
  "Velocidade": [0.16208452 0.         0.         1.92577553 0.3667683 ]
                [-1.1081591  1.1081591  0.         0.         0.       ],
  "funcao_objetivo": 0.96858524110930985341844676677264269966903653911706,
  "confiabilidade_total": 0.96858524110930985341844676677264269966903653911706
}
 
Individuo 21:
{
  "Posicao": [9. 3. 6. 9. 6.]
             [2. 1. 1. 1. 1.],
  "Velocidade": [ 0.69467523 -1.37050535 -1.63357557  8.79550763  2.75854155]
                [ 0.          0.          0.         -1.25650109  0.        ],
  "funcao_objetivo": 0.96102236833764808397542755127498645485034567917673,
  "confiabilidade_total": 0.96102236833764808397542755127498645485034567917673
}
 
Individuo 22:
{
  "Posicao": [7. 5. 7. 1. 7.]
             [1. 1. 1. 1. 1.],
  "Velocidade": [ 0.         -0.75995199 -1.51990397 -7.68474887  2.92206073]
                [-1.60513298  0.         -2.02772348 -1.60513298  0.        ],
  "funcao_objetivo": 0.94292006414445406144529521342496185579651785310244,
  "confiabilidade_total": 0.94292006414445406144529521342496185579651785310244
}
 
Individuo 23:
{
  "Posicao": [6. 3. 8. 2. 2.]
             [3. 1. 2. 3. 1.],
  "Velocidade": [-0.35263012  0.11794044  0.35263012  1.77706294 -0.35263012]
                [-0.35263012  0.          1.39437529 -0.35263012  0.        ],
  "funcao_objetivo": 0.17553833816700633781404436253493292012595013734808,
  "confiabilidade_total": 0.99878833816700631960638675868236565717839078065862
}
 
Individuo 24:
{
  "Posicao": [7. 5. 7. 0. 3.]
             [2. 1. 1. 2. 1.],
  "Velocidade": [-2.03783806  0.         -1.09505328 -4.59644466 -1.09505328]
                [-1.09505328  0.          0.          1.09505328  0.        ],
  "funcao_objetivo": 0.98851142115399362017452312307107276609829438104104,
  "confiabilidade_total": 0.98851142115399362017452312307107276609829438104104
}
 
Individuo 25:
{
  "Posicao": [8. 4. 9. 0. 9.]
             [1. 1. 1. 2. 1.],
  "Velocidade": [ 5.46673929 -3.17737675  8.64411604  0.          0.78952447]
                [-0.84437951  0.          0.          0.          0.        ],
  "funcao_objetivo": 0.95992701958363129175123933257073539322274293083069,
  "confiabilidade_total": 0.95992701958363129175123933257073539322274293083069
}
 
Individuo 26:
{
  "Posicao": [7. 5. 9. 4. 4.]
             [3. 3. 1. 3. 1.],
  "Velocidade": [ 0.          5.2425764   1.31456111 -0.10598398  3.92801529]
                [ 2.36123085 -0.17007396  0.          2.36123085  0.        ],
  "funcao_objetivo": -0.16221141415814708488381170725499928434000986209244,
  "confiabilidade_total": 0.99887191917518616022379860253256096999539358029037
}
 
Individuo 27:
{
  "Posicao": [3. 9. 7. 9. 7.]
             [3. 1. 1. 2. 1.],
  "Velocidade": [-1.59743379  4.07834395  0.          6.38973518  1.59743379]
                [ 3.18395554  0.          0.          0.         -1.59743379],
  "funcao_objetivo": 0.54762683733166328094074088129566634908624368971615,
  "confiabilidade_total": 0.98736017066499647933016631485663938239522653883724
}
 
Individuo 28:
{
  "Posicao": [9. 5. 5. 0. 3.]
             [2. 1. 1. 2. 1.],
  "Velocidade": [-0.41101336  0.          2.09035941  0.         -2.92291612]
                [ 0.83967303 -0.83967303  0.          0.83967303  0.        ],
  "funcao_objetivo": 0.90893322590628372691311973454370265454456912682565,
  "confiabilidade_total": 0.98768322590628378037729726414889730432008164332422
}
 
Individuo 29:
{
  "Posicao": [4. 0. 3. 1. 8.]
             [3. 1. 1. 3. 1.],
  "Velocidade": [ 4.3916415   0.08362437  3.42243583  1.02922674 -1.00143799]
                [2.85521572 0.         0.         2.85521572 0.        ],
  "funcao_objetivo": 0.19685103083826491909790883337826994256739189094153,
  "confiabilidade_total": 0.99620103083826492407170798369897124366526176398841
}
 
Individuo 30:
{
  "Posicao": [7. 5. 5. 3. 6.]
             [3. 1. 1. 3. 1.],
  "Velocidade": [ 0.          0.          1.31852715  3.35703777 -1.33001139]
                [2.73147868 0.         0.15351872 2.73147868 0.        ],
  "funcao_objetivo": 0.53928920730510179430297688738668542168791702115696,
  "confiabilidade_total": 0.99362254063843535538006000549379708058889320218723
}
 
Individuo 31:
{
  "Posicao": [1. 8. 7. 0. 6.]
             [1. 1. 1. 1. 1.],
  "Velocidade": [-6.22495214  1.59287147  0.         -7.62448401  0.38394114]
                [ 0.18943785 -2.50384221  0.          0.18943785  0.        ],
  "funcao_objetivo": 0.95324997822914779501736459107917437570472839409706,
  "confiabilidade_total": 0.95324997822914779501736459107917437570472839409706
}
 
Individuo 32:
{
  "Posicao": [8. 5. 7. 0. 3.]
             [2. 1. 1. 2. 1.],
  "Velocidade": [ 1.5065928   0.          1.3386178  -2.6772356   0.69039835]
                [ 0.69039835  0.         -0.69039835  0.69039835  0.        ],
  "funcao_objetivo": 0.98209295598547425499673741119429295962093387227973,
  "confiabilidade_total": 0.98817628931880750294929422158381684879189346414527
}
 
Individuo 33:
{
  "Posicao": [6. 4. 4. 4. 5.]
             [1. 2. 1. 1. 1.],
  "Velocidade": [-0.15104752 -0.15104752 -1.61450755  4.39038011  2.22921918]
                [0.15104752 1.46346004 0.         0.15104752 0.        ],
  "funcao_objetivo": 0.88385861114040094252753548658462413510219280477927,
  "confiabilidade_total": 0.96510861114040094530309304814751548616127197500632
}
 
Individuo 34:
{
  "Posicao": [1. 5. 9. 0. 9.]
             [3. 1. 1. 3. 1.],
  "Velocidade": [-1.11405376  5.01119671  1.78310166 -6.26559033  3.95417606]
                [ 2.8401223  -1.04108963  0.          2.8401223   0.        ],
  "funcao_objetivo": 0.21985611770475286934702073240004757493699549054162,
  "confiabilidade_total": 0.99338945103808616437025822933464588671887873028771
}
 
Individuo 35:
{
  "Posicao": [7. 5. 5. 0. 2.]
             [2. 1. 1. 3. 1.],
  "Velocidade": [ 2.07249376 -1.52078919 -2.63650645 -6.93436948  0.83067829]
                [0.         0.         0.         0.99370087 0.        ],
  "funcao_objetivo": 0.73218121969533193669704166808405643957444382489457,
  "confiabilidade_total": 0.99088121969533193609752123478647190774568272412553
}
 
Individuo 36:
{
  "Posicao": [7. 8. 9. 0. 5.]
             [2. 1. 1. 1. 1.],
  "Velocidade": [ -1.82816471   5.22587543   2.81093579 -10.45175085   2.81093579]
                [ 0.          0.          0.         -2.41493964  0.        ],
  "funcao_objetivo": 0.96979126513378630474469143467267957530331911686680,
  "confiabilidade_total": 0.96979126513378630474469143467267957530331911686680
}
 
Individuo 37:
{
  "Posicao": [3. 0. 9. 6. 9.]
             [1. 1. 1. 2. 1.],
  "Velocidade": [-0.99450616 -0.93758719  3.26625298  4.21472035  1.98901233]
                [-2.21482785  0.          0.          0.          0.        ],
  "funcao_objetivo": 0.96429068686094106714520758104622757491230192400220,
  "confiabilidade_total": 0.96429068686094106714520758104622757491230192400220
}
 
Individuo 38:
{
  "Posicao": [7. 5. 7. 0. 6.]
             [1. 1. 1. 1. 2.],
  "Velocidade": [ 0.          0.         -1.91224211  0.          4.67898253]
                [-1.00515988  0.          0.         -1.00515988  1.00515988],
  "funcao_objetivo": 0.95126689858030715919142535111568354134257957114811,
  "confiabilidade_total": 0.95126689858030715919142535111568354134257957114811
}
 
Individuo 39:
{
  "Posicao": [7. 6. 7. 0. 3.]
             [3. 1. 1. 3. 2.],
  "Velocidade": [ 2.26484823  0.65511271  2.26484823 -3.55661929 -1.60973553]
                [1.29177106 0.         0.         1.29177106 1.29177106],
  "funcao_objetivo": 0.043593288611291055284647850430929589079847797199961,
  "confiabilidade_total": 0.99820995527795772420136651367124684433840797786402
}
 
Individuo 40:
{
  "Posicao": [2. 0. 0. 5. 9.]
             [1. 1. 1. 1. 1.],
  "Velocidade": [ -4.69694479  -9.14195051 -11.62734466   0.67275521   6.79347812]
                [-2.34847239  0.          0.         -2.34847239 -1.65904889],
  "funcao_objetivo": 0.96163895015410604322233240807523883256588543567788,
  "confiabilidade_total": 0.96163895015410604322233240807523883256588543567788
}
 
Individuo 41:
{
  "Posicao": [5. 5. 7. 0. 5.]
             [1. 1. 1. 1. 1.],
  "Velocidade": [-2.69703761 -0.05097931  0.05097931 -0.76119174  2.74801693]
                [-1.75355046  0.          0.         -1.75355046 -0.76119174],
  "funcao_objetivo": 0.94676009830676606445230257629575375006852337873061,
  "confiabilidade_total": 0.94676009830676606445230257629575375006852337873061
}
 
Individuo 42:
{
  "Posicao": [7. 2. 7. 3. 5.]
             [2. 1. 1. 2. 3.],
  "Velocidade": [ 0.          0.26355891  0.2154642   0.4551693  -0.40163556]
                [ 0.2154642   0.          0.          0.2154642  -0.40163556],
  "funcao_objetivo": 0.62198203731721825885230232430213600374929999017285,
  "confiabilidade_total": 0.99156537065055177241183998845254773251884077691602
}
 
Individuo 43:
{
  "Posicao": [9. 2. 4. 8. 2.]
             [2. 1. 1. 2. 1.],
  "Velocidade": [2.56010549 1.78786993 4.34797542 0.89237388 1.58020562]
                [0.97989987 0.         0.         0.97989987 0.        ],
  "funcao_objetivo": 0.86066268430885135043154780993527744116400470947312,
  "confiabilidade_total": 0.98724601764218467591930510258417122217034092163132
}
 
Individuo 44:
{
  "Posicao": [8. 1. 9. 0. 8.]
             [1. 1. 1. 1. 3.],
  "Velocidade": [ 0.2720216  -3.24223805  4.94546467  0.27657973  4.94546467]
                [0.2720216  0.         0.         0.2720216  2.68604184],
  "funcao_objetivo": 0.93234861741323862874667234018795259930155525143681,
  "confiabilidade_total": 0.95284861741323860185151956864353540753907809193669
}
 
Individuo 45:
{
  "Posicao": [2. 8. 4. 1. 6.]
             [2. 1. 1. 2. 1.],
  "Velocidade": [-2.98187492  1.43467406 -1.24979717  0.22251209  1.43467406]
                [-0.1848769  0.         0.        -0.1848769  0.       ],
  "funcao_objetivo": 0.82273935102870008865040604284408426932526840686846,
  "confiabilidade_total": 0.98948935102870001470955260280865867711139931201983
}
 
Individuo 46:
{
  "Posicao": [7. 5. 5. 2. 6.]
             [1. 1. 1. 1. 1.],
  "Velocidade": [ 0.          0.         -4.37133601  2.48523427  5.34726751]
                [-1.90199229  0.          0.         -1.90199229 -1.90199229],
  "funcao_objetivo": 0.94177515117794052794023841540390995242020694703765,
  "confiabilidade_total": 0.94177515117794052794023841540390995242020694703765
}
 
Individuo 47:
{
  "Posicao": [5. 6. 9. 0. 1.]
             [1. 1. 1. 1. 1.],
  "Velocidade": [-2.65016726  1.18479293  6.92214094 -8.38751527 -2.65016726]
                [-2.65016726  0.          0.         -2.65016726  0.        ],
  "funcao_objetivo": 0.94535782038494318716906908929784154562092182753098,
  "confiabilidade_total": 0.94535782038494318716906908929784154562092182753098
}
 
Individuo 48:
{
  "Posicao": [8. 5. 8. 0. 4.]
             [2. 1. 1. 2. 1.],
  "Velocidade": [ 1.75600786 -0.57682528  1.17918258 -1.75600786  1.17918258]
                [0.83641757 0.         0.         0.83641757 0.        ],
  "funcao_objetivo": 0.96473256410395280648609732684653971078125561373615,
  "confiabilidade_total": 0.98773256410395272976968632524822276750830734866047
}
 
Individuo 49:
{
  "Posicao": [7. 6. 7. 1. 6.]
             [2. 1. 1. 2. 1.],
  "Velocidade": [ 0.8185468  -3.48074486  1.6370936  -5.93638525  3.36724907]
                [-1.23166213  0.          0.         -1.23166213 -0.8185468 ],
  "funcao_objetivo": 0.98728355471400687757588160549821897306260767965840,
  "confiabilidade_total": 0.98728355471400687757588160549821897306260767965840
}
 
Individuo 50:
{
  "Posicao": [9. 0. 4. 9. 3.]
             [3. 1. 1. 3. 1.],
  "Velocidade": [ 1.5052111  -3.01042219 -1.5052111  18.71413545  0.        ]
                [1.5052111 0.        0.        1.5052111 0.       ],
  "funcao_objetivo": 0.034995655913182808935294665543965560746011292349144,
  "confiabilidade_total": 0.99561232257984942766993261572720718885642007530813
}
 
-----------------------------------------
Populacao final da era:
Individuo 1:
{
  "Posicao": [7. 5. 7. 0. 3.]
             [2. 1. 1. 2. 1.],
  "Velocidade": [0. 0. 0. 0. 0.]
                [0. 0. 0. 0. 0.],
  "funcao_objetivo": 0.98851142115399362017452312307107276609829438104104,
  "confiabilidade_total": 0.98851142115399362017452312307107276609829438104104
}
 
Individuo 2:
{
  "Posicao": [8. 6. 6. 0. 3.]
             [2. 1. 1. 2. 1.],
  "Velocidade": [ 2.67530176 -0.41018443  1.15065854 -1.11434083  0.        ]
                [0. 0. 0. 0. 0.],
  "funcao_objetivo": 0.88920163856453112160832175080901842332849327675351,
  "confiabilidade_total": 0.98828497189786457532683838766349262326428715340146
}
 
Individuo 3:
{
  "Posicao": [6. 5. 5. 1. 0.]
             [2. 1. 1. 1. 1.],
  "Velocidade": [ -1.96088289   0.          -4.1568175   -1.42950203 -11.728317  ]
                [ 0.         -1.90685971  0.         -0.82224682  0.        ],
  "funcao_objetivo": 0.97042528587518932195074755593206201090272308374889,
  "confiabilidade_total": 0.97042528587518932195074755593206201090272308374889
}
 
Individuo 4:
{
  "Posicao": [7. 9. 7. 0. 5.]
             [1. 2. 2. 1. 1.],
  "Velocidade": [ 0.12887859 -0.13186195  0.12887859 -0.52810436 -0.3326192 ]
                [-2.87780572 -0.21386287 -0.21386287 -2.87780572  0.        ],
  "funcao_objetivo": 0.92271267494192122273477128298595711939211201573658,
  "confiabilidade_total": 0.98791267494192118905060471585870768293912720586109
}
 
Individuo 5:
{
  "Posicao": [5. 6. 8. 0. 2.]
             [2. 1. 1. 3. 1.],
  "Velocidade": [-1.29564764  4.59477231  3.52899503  0.         -3.52899503]
                [0.        0.        0.        1.7291037 0.       ],
  "funcao_objetivo": 0.71899768867774096614318186176332317839563403259020,
  "confiabilidade_total": 0.99059768867774088401998473024049388325959954391222
}
 
Individuo 6:
{
  "Posicao": [1. 1. 7. 3. 0.]
             [2. 1. 3. 2. 1.],
  "Velocidade": [-1.33652596  1.33652596  0.          1.47202249 -1.47202249]
                [ 1.46311535  0.         -0.48637735  1.46311535  0.        ],
  "funcao_objetivo": 0.36406235520324209871497319344795867939233933229132,
  "confiabilidade_total": 0.99679568853657535750053116661744751174688492555303
}
 
Individuo 7:
{
  "Posicao": [3. 3. 1. 0. 9.]
             [1. 1. 1. 1. 1.],
  "Velocidade": [2.83014487 3.30422695 1.04104756 0.         1.73884347]
                [ 0.39363171  0.         -1.83674308  0.39363171  0.        ],
  "funcao_objetivo": 0.95879763643319226544017723132299720992046774069347,
  "confiabilidade_total": 0.95879763643319226544017723132299720992046774069347
}
 
Individuo 8:
{
  "Posicao": [7. 2. 7. 7. 3.]
             [2. 1. 2. 2. 1.],
  "Velocidade": [-0.85160361  0.63486981  0.          6.3425131  -0.85160361]
                [0.         0.         0.78682705 0.85160361 0.        ],
  "funcao_objetivo": 0.80775914394644315018320514631438002947890256416376,
  "confiabilidade_total": 0.99435914394644320767055336140498569261455033790643
}
 
Individuo 9:
{
  "Posicao": [5. 5. 6. 0. 4.]
             [3. 1. 1. 1. 1.],
  "Velocidade": [0.12489523 0.         0.06244761 0.         0.48465882]
                [-0.06244761  0.          0.          0.06244761  0.        ],
  "funcao_objetivo": 0.95180052947299852862503183755660900556790804778197,
  "confiabilidade_total": 0.97646719613966514318523121514926204168546175871947
}
 
Individuo 10:
{
  "Posicao": [7. 2. 9. 0. 2.]
             [3. 1. 1. 3. 1.],
  "Velocidade": [-0.27518569 -6.22968763  4.15312509  0.         -1.80137686]
                [ 2.21313534  0.         -2.37461981  2.21313534 -2.37461981],
  "funcao_objetivo": 0.30641036726640373574541405420170407710446711167195,
  "confiabilidade_total": 0.99536036726640374258438788589266836611403818711140
}
 
Individuo 11:
{
  "Posicao": [7. 5. 7. 0. 2.]
             [2. 1. 1. 2. 1.],
  "Velocidade": [-0.59725236  3.8697644   5.99872644 -3.8697644  -2.58029449]
                [0.59725236 0.         0.         0.         0.        ],
  "funcao_objetivo": 0.98523237208759069028138043500758744784426021184405,
  "confiabilidade_total": 0.98898237208759071399505035161054042845526787247142
}
 
Individuo 12:
{
  "Posicao": [9. 5. 9. 0. 0.]
             [1. 1. 1. 3. 1.],
  "Velocidade": [ 11.64993544   0.           8.42900786 -18.14101065 -11.90270613]
                [-3.87742239  0.          0.          3.87742239  0.        ],
  "funcao_objetivo": 0.75304473919928962606233691035962790885153815272423,
  "confiabilidade_total": 0.96159473919928958369622629066365432628575369837853
}
 
Individuo 13:
{
  "Posicao": [9. 9. 9. 0. 4.]
             [1. 1. 1. 2. 1.],
  "Velocidade": [ 6.0834525   4.59281264  5.78246867 -9.32302892 -4.64151236]
                [-1.52749738  0.          0.          0.          0.        ],
  "funcao_objetivo": 0.95779252075399115343318317735890896112088586624123,
  "confiabilidade_total": 0.95779252075399115343318317735890896112088586624123
}
 
Individuo 14:
{
  "Posicao": [7. 4. 6. 2. 0.]
             [2. 1. 1. 1. 1.],
  "Velocidade": [ 0.         -0.33640991 -2.508727    1.52486132 -2.09089659]
                [0.         0.         0.         0.33640991 0.        ],
  "funcao_objetivo": 0.97070200932376953088443034829164219759357306216682,
  "confiabilidade_total": 0.97070200932376953088443034829164219759357306216682
}
 
Individuo 15:
{
  "Posicao": [9. 9. 2. 6. 1.]
             [3. 1. 2. 3. 1.],
  "Velocidade": [ 1.71016772  2.25564686 -0.17988731  5.76422137  0.79909675]
                [0.57677674 0.         1.18250605 0.57677674 0.        ],
  "funcao_objetivo": -0.065335080591991147039588952869186304090309983604536,
  "confiabilidade_total": 0.99849825274134209495939688796793563705892478812398
}
 
Individuo 16:
{
  "Posicao": [7. 5. 9. 5. 4.]
             [2. 2. 1. 2. 1.],
  "Velocidade": [-1.96576986  0.          6.21421245  5.0987804  -4.67887833]
                [-0.67847434 -0.37761311  0.          0.          0.        ],
  "funcao_objetivo": 0.88700293461483105097282583901014559405237178822881,
  "confiabilidade_total": 0.99266960128149768543377293300872961726352314969426
}
 
Individuo 17:
{
  "Posicao": [7. 3. 7. 0. 2.]
             [2. 1. 1. 2. 1.],
  "Velocidade": [ 0.         -3.67549739  0.         -8.60168719  2.24558466]
                [ 0.08587522  0.         -1.50109579  0.08587522  0.        ],
  "funcao_objetivo": 0.92397484684458039511937366392545824532008916676599,
  "confiabilidade_total": 0.98955818017791388847285227989802093837953359425622
}
 
Individuo 18:
{
  "Posicao": [9. 7. 9. 0. 1.]
             [2. 1. 1. 2. 1.],
  "Velocidade": [ 1.15516038  0.86173116  1.55462483 -4.55236736  0.75268284]
                [-0.90090399  0.          0.          0.          0.        ],
  "funcao_objetivo": 0.76869198282484453953994242599788686760790232076869,
  "confiabilidade_total": 0.98732531615817778857774224295850127504296186819300
}
 
Individuo 19:
{
  "Posicao": [6. 6. 4. 8. 2.]
             [2. 1. 1. 3. 1.],
  "Velocidade": [-1.97867315  2.39835247  0.6713035  -1.30726072 -1.97867315]
                [ 0.          0.          0.         -0.27442812  0.        ],
  "funcao_objetivo": 0.73167321617574101562168419194482372121740731344587,
  "confiabilidade_total": 0.99090654950907420461584727961540953119140717134839
}
 
Individuo 20:
{
  "Posicao": [7. 5. 7. 1. 3.]
             [1. 2. 1. 2. 1.],
  "Velocidade": [ 1.38649665  0.          0.         -4.30410229 -0.87848275]
                [ 0.1663057 -0.1663057  0.         0.         0.       ],
  "funcao_objetivo": 0.96888369217874668560591977997955744991703110299108,
  "confiabilidade_total": 0.96888369217874668560591977997955744991703110299108
}
 
Individuo 21:
{
  "Posicao": [5. 7. 7. 0. 1.]
             [2. 1. 1. 2. 1.],
  "Velocidade": [ -3.53740561   4.07117182   1.12463072 -15.7956025   -5.43166668]
                [0.         0.         0.         1.48684696 0.        ],
  "funcao_objetivo": 0.98928602705153411570206431350413645272444032231584,
  "confiabilidade_total": 0.98928602705153411570206431350413645272444032231584
}
 
Individuo 22:
{
  "Posicao": [7. 4. 6. 0. 4.]
             [1. 1. 3. 1. 1.],
  "Velocidade": [ 0.         -0.73000685 -1.46001369 -8.71648755 -2.53127392]
                [0.20733589 0.         1.94782308 0.20733589 0.        ],
  "funcao_objetivo": 0.79618520912435464059105748563686864471414402409749,
  "confiabilidade_total": 0.97935187579102145143868761695719802772977665349202
}
 
Individuo 23:
{
  "Posicao": [8. 8. 6. 0. 4.]
             [1. 1. 1. 1. 1.],
  "Velocidade": [ 2.30013994  5.03000505 -2.30013994 -2.48759615  2.30013994]
                [-2.97761011  0.         -0.57736746 -2.97761011  0.        ],
  "funcao_objetivo": 0.94524401554200289955773178448764530813984910540441,
  "confiabilidade_total": 0.94524401554200289955773178448764530813984910540441
}
 
Individuo 24:
{
  "Posicao": [5. 5. 6. 4. 2.]
             [1. 1. 1. 3. 1.],
  "Velocidade": [-1.95753911  0.         -1.05190381  4.41532641 -1.05190381]
                [-1.05190381  0.          0.          1.05190381  0.        ],
  "funcao_objetivo": 0.77152556439346414359218648197191304057211962552670,
  "confiabilidade_total": 0.96702556439346420620876507083074192046494570584897
}
 
Individuo 25:
{
  "Posicao": [9. 3. 9. 0. 0.]
             [2. 1. 1. 2. 1.],
  "Velocidade": [  2.79150587  -0.73929461   3.53080048   0.         -11.35557571]
                [1.20789071 0.         0.         0.         0.        ],
  "funcao_objetivo": 0.70011610018720740709370257058714203383257033210177,
  "confiabilidade_total": 0.98849943352054064869300812255920762042929770331759
}
 
Individuo 26:
{
  "Posicao": [7. 8. 8. 1. 5.]
             [2. 1. 1. 2. 1.],
  "Velocidade": [ 0.          3.42260076 -0.96886147 -3.35500714  1.24570144]
                [-0.54735316 -1.9916467   0.         -0.54735316  0.        ],
  "funcao_objetivo": 0.98661644661872543338963582828589283082667664804552,
  "confiabilidade_total": 0.98661644661872543338963582828589283082667664804552
}
 
Individuo 27:
{
  "Posicao": [8. 6. 7. 0. 2.]
             [2. 1. 1. 2. 3.],
  "Velocidade": [ 5.04864435 -2.66073694  0.         -8.65745233 -5.04864435]
                [-1.40557926  0.          0.          0.          1.52497851],
  "funcao_objetivo": 0.41261491428403034744672008455804143118467932943407,
  "confiabilidade_total": 0.99244824761736363141213625622608060034719115499560
}
 
Individuo 28:
{
  "Posicao": [8. 5. 7. 0. 1.]
             [2. 1. 1. 2. 1.],
  "Velocidade": [-1.18041963  0.          1.67837001  0.         -1.69251882]
                [0.24897519 0.24897519 0.         0.24897519 0.        ],
  "funcao_objetivo": 0.98889755574882982407688688747627697228118747146120,
  "confiabilidade_total": 0.98889755574882982407688688747627697228118747146120
}
 
Individuo 29:
{
  "Posicao": [9. 3. 8. 1. 4.]
             [1. 1. 1. 1. 1.],
  "Velocidade": [ 5.19798784  2.87538862  5.00039489  0.25524895 -3.58262644]
                [-1.83487641  0.          0.         -1.83487641  0.        ],
  "funcao_objetivo": 0.94186651234667056716150138157528331858240819355091,
  "confiabilidade_total": 0.94186651234667056716150138157528331858240819355091
}
 
Individuo 30:
{
  "Posicao": [7. 5. 9. 9. 1.]
             [2. 1. 3. 2. 1.],
  "Velocidade": [ 0.          0.          4.35781938  9.55505999 -5.07084604]
                [-1.45266254  0.          3.52198457 -1.45266254  0.        ],
  "funcao_objetivo": 0.28014354513989680569840563654169487834619347771937,
  "confiabilidade_total": 0.99354354513989683980445695302650380016015832146937
}
 
Individuo 31:
{
  "Posicao": [0. 7. 7. 4. 6.]
             [2. 3. 1. 2. 1.],
  "Velocidade": [-1.36300413 -0.77822405  0.          3.66846214 -0.11172431]
                [0.79910047 1.94823248 0.         0.79910047 0.        ],
  "funcao_objetivo": 0.30516262648809982453308473986798107177642981874742,
  "confiabilidade_total": 0.99762929315476672135638589816043294519809882509508
}
 
Individuo 32:
{
  "Posicao": [8. 5. 8. 3. 4.]
             [3. 1. 2. 3. 1.],
  "Velocidade": [0.16273544 0.         1.28587092 2.57174184 0.6631939 ]
                [0.6631939 0.        0.6631939 0.6631939 0.       ],
  "funcao_objetivo": 0.24604490365473246606290957639261985933146867179383,
  "confiabilidade_total": 0.99836157032139893309667344179447180395684632682313
}
 
Individuo 33:
{
  "Posicao": [8. 6. 8. 0. 2.]
             [3. 1. 1. 3. 1.],
  "Velocidade": [ 1.78704792  1.78704792  4.24554116 -3.51119262 -3.25320172]
                [ 2.0772392  -0.52634969  0.          2.0772392   0.        ],
  "funcao_objetivo": 0.40975489193027195843946847564690395515572861691789,
  "confiabilidade_total": 0.99465489193027182290344162940779350023877457639055
}
 
Individuo 34:
{
  "Posicao": [9. 9. 7. 6. 2.]
             [2. 2. 1. 2. 1.],
  "Velocidade": [ 9.32913608  4.59600798 -1.73907505  5.97515555 -6.55738041]
                [-0.91516142  0.95652102  0.         -0.91516142  0.        ],
  "funcao_objetivo": 0.53503383228244084131031193339281124095168674109525,
  "confiabilidade_total": 0.99200049894910744570086840541903036678877437232084
}
 
Individuo 35:
{
  "Posicao": [7. 6. 8. 0. 2.]
             [2. 1. 1. 2. 1.],
  "Velocidade": [-0.34373227  0.87369748  2.56231292  0.34255685  0.42720962]
                [ 0.          0.          0.         -1.00927978  0.        ],
  "funcao_objetivo": 0.93726766295372514963974459499879996454619511456480,
  "confiabilidade_total": 0.98868432962039182959208012301317323161565407605162
}
 
Individuo 36:
{
  "Posicao": [5. 9. 9. 9. 6.]
             [2. 1. 1. 2. 1.],
  "Velocidade": [-1.75612773  1.79377903  0.54938967 10.03991017  0.54938967]
                [0.         0.         0.         1.24438936 0.        ],
  "funcao_objetivo": 0.91469597499273100107759289808731682569885904359684,
  "confiabilidade_total": 0.98219597499273097776290938095902947680259401368962
}
 
Individuo 37:
{
  "Posicao": [9. 9. 8. 0. 0.]
             [1. 1. 1. 2. 1.],
  "Velocidade": [  7.01801906   9.06602963  -0.84911927  -7.91136301 -10.04936926]
                [0.13422037 0.         0.         0.         0.        ],
  "funcao_objetivo": 0.96127975790066858717831599646295831827749017914960,
  "confiabilidade_total": 0.96127975790066858717831599646295831827749017914960
}
 
Individuo 38:
{
  "Posicao": [7. 5. 5. 0. 4.]
             [2. 1. 1. 2. 1.],
  "Velocidade": [ 0.          0.         -1.83689214  0.         -1.57352023]
                [ 1.05715815  0.          0.          1.05715815 -1.05715815],
  "funcao_objetivo": 0.97142452775255992998917045671169858121235096060395,
  "confiabilidade_total": 0.98850786108589335944931400550650237289179288946748
}
 
Individuo 39:
{
  "Posicao": [5. 5. 5. 0. 5.]
             [2. 1. 1. 2. 1.],
  "Velocidade": [-1.5832745  -1.42689388 -1.5832745   0.34240438  2.21257315]
                [-0.81532241  0.          0.         -0.81532241 -0.81532241],
  "funcao_objetivo": 0.98827686909034817795015023762918510143847123052647,
  "confiabilidade_total": 0.98827686909034817795015023762918510143847123052647
}
 
Individuo 40:
{
  "Posicao": [4. 2. 2. 0. 8.]
             [2. 1. 1. 2. 3.],
  "Velocidade": [ 1.77542621  2.49442855  2.36697121 -5.64104666 -1.01896318]
                [0.99847468 0.         0.         0.99847468 1.59367575],
  "funcao_objetivo": 0.32456440211016776127606062711243435620142796119099,
  "confiabilidade_total": 0.99486440211016782371500353203123818962647297461873
}
 
Individuo 41:
{
  "Posicao": [0. 8. 4. 1. 8.]
             [1. 1. 1. 1. 2.],
  "Velocidade": [-6.24974731  3.20733307 -3.20733307  0.89695405  3.04241424]
                [0.25764185 0.         0.         0.25764185 0.89695405],
  "funcao_objetivo": 0.95938227888243207161118591419924577833650177553169,
  "confiabilidade_total": 0.95938227888243207161118591419924577833650177553169
}
 
Individuo 42:
{
  "Posicao": [7. 5. 6. 1. 2.]
             [1. 1. 1. 1. 1.],
  "Velocidade": [ 0.          2.62720376 -0.86278402 -1.93679631 -3.39484036]
                [-0.86278402  0.          0.         -0.86278402 -3.39484036],
  "funcao_objetivo": 0.94456994301419039080627766139103231513838299774709,
  "confiabilidade_total": 0.94456994301419039080627766139103231513838299774709
}
 
Individuo 43:
{
  "Posicao": [9. 1. 3. 6. 1.]
             [1. 1. 1. 1. 1.],
  "Velocidade": [ 2.2060993  -0.80822653 -1.2543384  -1.60796998 -1.26083586]
                [-0.51138158  0.          0.         -0.51138158  0.        ],
  "funcao_objetivo": 0.94525773966246715194240261082184196092745411249872,
  "confiabilidade_total": 0.94525773966246715194240261082184196092745411249872
}
 
Individuo 44:
{
  "Posicao": [8. 0. 9. 1. 8.]
             [1. 1. 1. 1. 1.],
  "Velocidade": [ 0.11903849 -1.31959858  4.46606489  1.49150625  0.36179716]
                [ 0.40356723  0.          0.          0.40356723 -2.29567233],
  "funcao_objetivo": 0.94747279493059589425123262232849558597759144164308,
  "confiabilidade_total": 0.94747279493059589425123262232849558597759144164308
}
 
Individuo 45:
{
  "Posicao": [9. 2. 9. 0. 0.]
             [2. 1. 1. 2. 1.],
  "Velocidade": [11.1387868  -5.84314261  6.02073462 -1.70142838 -5.84314261]
                [-0.17759201  0.          0.         -0.17759201  0.        ],
  "funcao_objetivo": 0.72070437011440343285707746929237974556101502884778,
  "confiabilidade_total": 0.98902103678107016390187659055645700292600335587415
}
 
Individuo 46:
{
  "Posicao": [7. 5. 4. 3. 8.]
             [2. 1. 1. 2. 3.],
  "Velocidade": [ 0.          0.         -1.27166054  1.22221811  1.62659243]
                [0.51783719 0.         0.         0.51783719 1.8270462 ],
  "funcao_objetivo": 0.52061589772103381040474474987774695719804212332919,
  "confiabilidade_total": 0.99118256438770049903902433046084437038030072928622
}
 
Individuo 47:
{
  "Posicao": [7. 6. 6. 1. 3.]
             [1. 1. 1. 1. 1.],
  "Velocidade": [ 2.09162514  0.16956767 -3.38855597  1.30629907  2.09162514]
                [0.22705748 0.         0.         0.22705748 0.        ],
  "funcao_objetivo": 0.94395568879148061728239966419723501300219090091136,
  "confiabilidade_total": 0.94395568879148061728239966419723501300219090091136
}
 
Individuo 48:
{
  "Posicao": [9. 4. 9. 2. 5.]
             [3. 1. 1. 3. 1.],
  "Velocidade": [ 1.22111778 -0.55409606  0.66702171  1.68681414  0.66702171]
                [0.80345938 0.         0.         0.80345938 0.        ],
  "funcao_objetivo": 0.25096328534469007431683420415858724278141582815096,
  "confiabilidade_total": 0.99334661867802313628205437178032458883453930227205
}
 
Individuo 49:
{
  "Posicao": [8. 1. 9. 0. 4.]
             [1. 1. 1. 1. 2.],
  "Velocidade": [ 0.78629279 -5.04461977  1.57258558 -7.40349814 -1.86852444]
                [-1.18312973  0.          0.         -1.18312973  0.78629279],
  "funcao_objetivo": 0.95224497040510907803721015316975338852735517760186,
  "confiabilidade_total": 0.95224497040510907803721015316975338852735517760186
}
 
Individuo 50:
{
  "Posicao": [7. 5. 8. 9. 3.]
             [3. 1. 1. 3. 1.],
  "Velocidade": [-1.89153399  5.45178485  3.56025087  2.95827192  0.        ]
                [-0.22281711  0.          0.         -0.22281711  0.        ],
  "funcao_objetivo": 0.41522925271196697751029983724387597550991241276750,
  "confiabilidade_total": 0.99336258604530014339239510978026550521496002018937
}
 
-----------------------------------------
-----------------------------------------
-----------------------------------------
-----------------------------------------
GERACAO 6
Populacao antes da execucao:
Individuo 1:
{
  "Posicao": [7. 5. 7. 0. 3.]
             [2. 1. 1. 2. 1.],
  "Velocidade": [0. 0. 0. 0. 0.]
                [0. 0. 0. 0. 0.],
  "funcao_objetivo": 0.98851142115399362017452312307107276609829438104104,
  "confiabilidade_total": 0.98851142115399362017452312307107276609829438104104
}
 
Individuo 2:
{
  "Posicao": [8. 6. 6. 0. 3.]
             [2. 1. 1. 2. 1.],
  "Velocidade": [ 2.67530176 -0.41018443  1.15065854 -1.11434083  0.        ]
                [0. 0. 0. 0. 0.],
  "funcao_objetivo": 0.88920163856453112160832175080901842332849327675351,
  "confiabilidade_total": 0.98828497189786457532683838766349262326428715340146
}
 
Individuo 3:
{
  "Posicao": [6. 5. 5. 1. 0.]
             [2. 1. 1. 1. 1.],
  "Velocidade": [ -1.96088289   0.          -4.1568175   -1.42950203 -11.728317  ]
                [ 0.         -1.90685971  0.         -0.82224682  0.        ],
  "funcao_objetivo": 0.97042528587518932195074755593206201090272308374889,
  "confiabilidade_total": 0.97042528587518932195074755593206201090272308374889
}
 
Individuo 4:
{
  "Posicao": [7. 9. 7. 0. 5.]
             [1. 2. 2. 1. 1.],
  "Velocidade": [ 0.12887859 -0.13186195  0.12887859 -0.52810436 -0.3326192 ]
                [-2.87780572 -0.21386287 -0.21386287 -2.87780572  0.        ],
  "funcao_objetivo": 0.92271267494192122273477128298595711939211201573658,
  "confiabilidade_total": 0.98791267494192118905060471585870768293912720586109
}
 
Individuo 5:
{
  "Posicao": [5. 6. 8. 0. 2.]
             [2. 1. 1. 3. 1.],
  "Velocidade": [-1.29564764  4.59477231  3.52899503  0.         -3.52899503]
                [0.        0.        0.        1.7291037 0.       ],
  "funcao_objetivo": 0.71899768867774096614318186176332317839563403259020,
  "confiabilidade_total": 0.99059768867774088401998473024049388325959954391222
}
 
Individuo 6:
{
  "Posicao": [1. 1. 7. 3. 0.]
             [2. 1. 3. 2. 1.],
  "Velocidade": [-1.33652596  1.33652596  0.          1.47202249 -1.47202249]
                [ 1.46311535  0.         -0.48637735  1.46311535  0.        ],
  "funcao_objetivo": 0.36406235520324209871497319344795867939233933229132,
  "confiabilidade_total": 0.99679568853657535750053116661744751174688492555303
}
 
Individuo 7:
{
  "Posicao": [3. 3. 1. 0. 9.]
             [1. 1. 1. 1. 1.],
  "Velocidade": [2.83014487 3.30422695 1.04104756 0.         1.73884347]
                [ 0.39363171  0.         -1.83674308  0.39363171  0.        ],
  "funcao_objetivo": 0.95879763643319226544017723132299720992046774069347,
  "confiabilidade_total": 0.95879763643319226544017723132299720992046774069347
}
 
Individuo 8:
{
  "Posicao": [7. 2. 7. 7. 3.]
             [2. 1. 2. 2. 1.],
  "Velocidade": [-0.85160361  0.63486981  0.          6.3425131  -0.85160361]
                [0.         0.         0.78682705 0.85160361 0.        ],
  "funcao_objetivo": 0.80775914394644315018320514631438002947890256416376,
  "confiabilidade_total": 0.99435914394644320767055336140498569261455033790643
}
 
Individuo 9:
{
  "Posicao": [5. 5. 6. 0. 4.]
             [3. 1. 1. 1. 1.],
  "Velocidade": [0.12489523 0.         0.06244761 0.         0.48465882]
                [-0.06244761  0.          0.          0.06244761  0.        ],
  "funcao_objetivo": 0.95180052947299852862503183755660900556790804778197,
  "confiabilidade_total": 0.97646719613966514318523121514926204168546175871947
}
 
Individuo 10:
{
  "Posicao": [7. 2. 9. 0. 2.]
             [3. 1. 1. 3. 1.],
  "Velocidade": [-0.27518569 -6.22968763  4.15312509  0.         -1.80137686]
                [ 2.21313534  0.         -2.37461981  2.21313534 -2.37461981],
  "funcao_objetivo": 0.30641036726640373574541405420170407710446711167195,
  "confiabilidade_total": 0.99536036726640374258438788589266836611403818711140
}
 
Individuo 11:
{
  "Posicao": [7. 5. 7. 0. 2.]
             [2. 1. 1. 2. 1.],
  "Velocidade": [-0.59725236  3.8697644   5.99872644 -3.8697644  -2.58029449]
                [0.59725236 0.         0.         0.         0.        ],
  "funcao_objetivo": 0.98523237208759069028138043500758744784426021184405,
  "confiabilidade_total": 0.98898237208759071399505035161054042845526787247142
}
 
Individuo 12:
{
  "Posicao": [9. 5. 9. 0. 0.]
             [1. 1. 1. 3. 1.],
  "Velocidade": [ 11.64993544   0.           8.42900786 -18.14101065 -11.90270613]
                [-3.87742239  0.          0.          3.87742239  0.        ],
  "funcao_objetivo": 0.75304473919928962606233691035962790885153815272423,
  "confiabilidade_total": 0.96159473919928958369622629066365432628575369837853
}
 
Individuo 13:
{
  "Posicao": [9. 9. 9. 0. 4.]
             [1. 1. 1. 2. 1.],
  "Velocidade": [ 6.0834525   4.59281264  5.78246867 -9.32302892 -4.64151236]
                [-1.52749738  0.          0.          0.          0.        ],
  "funcao_objetivo": 0.95779252075399115343318317735890896112088586624123,
  "confiabilidade_total": 0.95779252075399115343318317735890896112088586624123
}
 
Individuo 14:
{
  "Posicao": [7. 4. 6. 2. 0.]
             [2. 1. 1. 1. 1.],
  "Velocidade": [ 0.         -0.33640991 -2.508727    1.52486132 -2.09089659]
                [0.         0.         0.         0.33640991 0.        ],
  "funcao_objetivo": 0.97070200932376953088443034829164219759357306216682,
  "confiabilidade_total": 0.97070200932376953088443034829164219759357306216682
}
 
Individuo 15:
{
  "Posicao": [9. 9. 2. 6. 1.]
             [3. 1. 2. 3. 1.],
  "Velocidade": [ 1.71016772  2.25564686 -0.17988731  5.76422137  0.79909675]
                [0.57677674 0.         1.18250605 0.57677674 0.        ],
  "funcao_objetivo": -0.065335080591991147039588952869186304090309983604536,
  "confiabilidade_total": 0.99849825274134209495939688796793563705892478812398
}
 
Individuo 16:
{
  "Posicao": [7. 5. 9. 5. 4.]
             [2. 2. 1. 2. 1.],
  "Velocidade": [-1.96576986  0.          6.21421245  5.0987804  -4.67887833]
                [-0.67847434 -0.37761311  0.          0.          0.        ],
  "funcao_objetivo": 0.88700293461483105097282583901014559405237178822881,
  "confiabilidade_total": 0.99266960128149768543377293300872961726352314969426
}
 
Individuo 17:
{
  "Posicao": [7. 3. 7. 0. 2.]
             [2. 1. 1. 2. 1.],
  "Velocidade": [ 0.         -3.67549739  0.         -8.60168719  2.24558466]
                [ 0.08587522  0.         -1.50109579  0.08587522  0.        ],
  "funcao_objetivo": 0.92397484684458039511937366392545824532008916676599,
  "confiabilidade_total": 0.98955818017791388847285227989802093837953359425622
}
 
Individuo 18:
{
  "Posicao": [9. 7. 9. 0. 1.]
             [2. 1. 1. 2. 1.],
  "Velocidade": [ 1.15516038  0.86173116  1.55462483 -4.55236736  0.75268284]
                [-0.90090399  0.          0.          0.          0.        ],
  "funcao_objetivo": 0.76869198282484453953994242599788686760790232076869,
  "confiabilidade_total": 0.98732531615817778857774224295850127504296186819300
}
 
Individuo 19:
{
  "Posicao": [6. 6. 4. 8. 2.]
             [2. 1. 1. 3. 1.],
  "Velocidade": [-1.97867315  2.39835247  0.6713035  -1.30726072 -1.97867315]
                [ 0.          0.          0.         -0.27442812  0.        ],
  "funcao_objetivo": 0.73167321617574101562168419194482372121740731344587,
  "confiabilidade_total": 0.99090654950907420461584727961540953119140717134839
}
 
Individuo 20:
{
  "Posicao": [7. 5. 7. 1. 3.]
             [1. 2. 1. 2. 1.],
  "Velocidade": [ 1.38649665  0.          0.         -4.30410229 -0.87848275]
                [ 0.1663057 -0.1663057  0.         0.         0.       ],
  "funcao_objetivo": 0.96888369217874668560591977997955744991703110299108,
  "confiabilidade_total": 0.96888369217874668560591977997955744991703110299108
}
 
Individuo 21:
{
  "Posicao": [5. 7. 7. 0. 1.]
             [2. 1. 1. 2. 1.],
  "Velocidade": [ -3.53740561   4.07117182   1.12463072 -15.7956025   -5.43166668]
                [0.         0.         0.         1.48684696 0.        ],
  "funcao_objetivo": 0.98928602705153411570206431350413645272444032231584,
  "confiabilidade_total": 0.98928602705153411570206431350413645272444032231584
}
 
Individuo 22:
{
  "Posicao": [7. 4. 6. 0. 4.]
             [1. 1. 3. 1. 1.],
  "Velocidade": [ 0.         -0.73000685 -1.46001369 -8.71648755 -2.53127392]
                [0.20733589 0.         1.94782308 0.20733589 0.        ],
  "funcao_objetivo": 0.79618520912435464059105748563686864471414402409749,
  "confiabilidade_total": 0.97935187579102145143868761695719802772977665349202
}
 
Individuo 23:
{
  "Posicao": [8. 8. 6. 0. 4.]
             [1. 1. 1. 1. 1.],
  "Velocidade": [ 2.30013994  5.03000505 -2.30013994 -2.48759615  2.30013994]
                [-2.97761011  0.         -0.57736746 -2.97761011  0.        ],
  "funcao_objetivo": 0.94524401554200289955773178448764530813984910540441,
  "confiabilidade_total": 0.94524401554200289955773178448764530813984910540441
}
 
Individuo 24:
{
  "Posicao": [5. 5. 6. 4. 2.]
             [1. 1. 1. 3. 1.],
  "Velocidade": [-1.95753911  0.         -1.05190381  4.41532641 -1.05190381]
                [-1.05190381  0.          0.          1.05190381  0.        ],
  "funcao_objetivo": 0.77152556439346414359218648197191304057211962552670,
  "confiabilidade_total": 0.96702556439346420620876507083074192046494570584897
}
 
Individuo 25:
{
  "Posicao": [9. 3. 9. 0. 0.]
             [2. 1. 1. 2. 1.],
  "Velocidade": [  2.79150587  -0.73929461   3.53080048   0.         -11.35557571]
                [1.20789071 0.         0.         0.         0.        ],
  "funcao_objetivo": 0.70011610018720740709370257058714203383257033210177,
  "confiabilidade_total": 0.98849943352054064869300812255920762042929770331759
}
 
Individuo 26:
{
  "Posicao": [7. 8. 8. 1. 5.]
             [2. 1. 1. 2. 1.],
  "Velocidade": [ 0.          3.42260076 -0.96886147 -3.35500714  1.24570144]
                [-0.54735316 -1.9916467   0.         -0.54735316  0.        ],
  "funcao_objetivo": 0.98661644661872543338963582828589283082667664804552,
  "confiabilidade_total": 0.98661644661872543338963582828589283082667664804552
}
 
Individuo 27:
{
  "Posicao": [8. 6. 7. 0. 2.]
             [2. 1. 1. 2. 3.],
  "Velocidade": [ 5.04864435 -2.66073694  0.         -8.65745233 -5.04864435]
                [-1.40557926  0.          0.          0.          1.52497851],
  "funcao_objetivo": 0.41261491428403034744672008455804143118467932943407,
  "confiabilidade_total": 0.99244824761736363141213625622608060034719115499560
}
 
Individuo 28:
{
  "Posicao": [8. 5. 7. 0. 1.]
             [2. 1. 1. 2. 1.],
  "Velocidade": [-1.18041963  0.          1.67837001  0.         -1.69251882]
                [0.24897519 0.24897519 0.         0.24897519 0.        ],
  "funcao_objetivo": 0.98889755574882982407688688747627697228118747146120,
  "confiabilidade_total": 0.98889755574882982407688688747627697228118747146120
}
 
Individuo 29:
{
  "Posicao": [9. 3. 8. 1. 4.]
             [1. 1. 1. 1. 1.],
  "Velocidade": [ 5.19798784  2.87538862  5.00039489  0.25524895 -3.58262644]
                [-1.83487641  0.          0.         -1.83487641  0.        ],
  "funcao_objetivo": 0.94186651234667056716150138157528331858240819355091,
  "confiabilidade_total": 0.94186651234667056716150138157528331858240819355091
}
 
Individuo 30:
{
  "Posicao": [7. 5. 9. 9. 1.]
             [2. 1. 3. 2. 1.],
  "Velocidade": [ 0.          0.          4.35781938  9.55505999 -5.07084604]
                [-1.45266254  0.          3.52198457 -1.45266254  0.        ],
  "funcao_objetivo": 0.28014354513989680569840563654169487834619347771937,
  "confiabilidade_total": 0.99354354513989683980445695302650380016015832146937
}
 
Individuo 31:
{
  "Posicao": [0. 7. 7. 4. 6.]
             [2. 3. 1. 2. 1.],
  "Velocidade": [-1.36300413 -0.77822405  0.          3.66846214 -0.11172431]
                [0.79910047 1.94823248 0.         0.79910047 0.        ],
  "funcao_objetivo": 0.30516262648809982453308473986798107177642981874742,
  "confiabilidade_total": 0.99762929315476672135638589816043294519809882509508
}
 
Individuo 32:
{
  "Posicao": [8. 5. 8. 3. 4.]
             [3. 1. 2. 3. 1.],
  "Velocidade": [0.16273544 0.         1.28587092 2.57174184 0.6631939 ]
                [0.6631939 0.        0.6631939 0.6631939 0.       ],
  "funcao_objetivo": 0.24604490365473246606290957639261985933146867179383,
  "confiabilidade_total": 0.99836157032139893309667344179447180395684632682313
}
 
Individuo 33:
{
  "Posicao": [8. 6. 8. 0. 2.]
             [3. 1. 1. 3. 1.],
  "Velocidade": [ 1.78704792  1.78704792  4.24554116 -3.51119262 -3.25320172]
                [ 2.0772392  -0.52634969  0.          2.0772392   0.        ],
  "funcao_objetivo": 0.40975489193027195843946847564690395515572861691789,
  "confiabilidade_total": 0.99465489193027182290344162940779350023877457639055
}
 
Individuo 34:
{
  "Posicao": [9. 9. 7. 6. 2.]
             [2. 2. 1. 2. 1.],
  "Velocidade": [ 9.32913608  4.59600798 -1.73907505  5.97515555 -6.55738041]
                [-0.91516142  0.95652102  0.         -0.91516142  0.        ],
  "funcao_objetivo": 0.53503383228244084131031193339281124095168674109525,
  "confiabilidade_total": 0.99200049894910744570086840541903036678877437232084
}
 
Individuo 35:
{
  "Posicao": [7. 6. 8. 0. 2.]
             [2. 1. 1. 2. 1.],
  "Velocidade": [-0.34373227  0.87369748  2.56231292  0.34255685  0.42720962]
                [ 0.          0.          0.         -1.00927978  0.        ],
  "funcao_objetivo": 0.93726766295372514963974459499879996454619511456480,
  "confiabilidade_total": 0.98868432962039182959208012301317323161565407605162
}
 
Individuo 36:
{
  "Posicao": [5. 9. 9. 9. 6.]
             [2. 1. 1. 2. 1.],
  "Velocidade": [-1.75612773  1.79377903  0.54938967 10.03991017  0.54938967]
                [0.         0.         0.         1.24438936 0.        ],
  "funcao_objetivo": 0.91469597499273100107759289808731682569885904359684,
  "confiabilidade_total": 0.98219597499273097776290938095902947680259401368962
}
 
Individuo 37:
{
  "Posicao": [9. 9. 8. 0. 0.]
             [1. 1. 1. 2. 1.],
  "Velocidade": [  7.01801906   9.06602963  -0.84911927  -7.91136301 -10.04936926]
                [0.13422037 0.         0.         0.         0.        ],
  "funcao_objetivo": 0.96127975790066858717831599646295831827749017914960,
  "confiabilidade_total": 0.96127975790066858717831599646295831827749017914960
}
 
Individuo 38:
{
  "Posicao": [7. 5. 5. 0. 4.]
             [2. 1. 1. 2. 1.],
  "Velocidade": [ 0.          0.         -1.83689214  0.         -1.57352023]
                [ 1.05715815  0.          0.          1.05715815 -1.05715815],
  "funcao_objetivo": 0.97142452775255992998917045671169858121235096060395,
  "confiabilidade_total": 0.98850786108589335944931400550650237289179288946748
}
 
Individuo 39:
{
  "Posicao": [5. 5. 5. 0. 5.]
             [2. 1. 1. 2. 1.],
  "Velocidade": [-1.5832745  -1.42689388 -1.5832745   0.34240438  2.21257315]
                [-0.81532241  0.          0.         -0.81532241 -0.81532241],
  "funcao_objetivo": 0.98827686909034817795015023762918510143847123052647,
  "confiabilidade_total": 0.98827686909034817795015023762918510143847123052647
}
 
Individuo 40:
{
  "Posicao": [4. 2. 2. 0. 8.]
             [2. 1. 1. 2. 3.],
  "Velocidade": [ 1.77542621  2.49442855  2.36697121 -5.64104666 -1.01896318]
                [0.99847468 0.         0.         0.99847468 1.59367575],
  "funcao_objetivo": 0.32456440211016776127606062711243435620142796119099,
  "confiabilidade_total": 0.99486440211016782371500353203123818962647297461873
}
 
Individuo 41:
{
  "Posicao": [0. 8. 4. 1. 8.]
             [1. 1. 1. 1. 2.],
  "Velocidade": [-6.24974731  3.20733307 -3.20733307  0.89695405  3.04241424]
                [0.25764185 0.         0.         0.25764185 0.89695405],
  "funcao_objetivo": 0.95938227888243207161118591419924577833650177553169,
  "confiabilidade_total": 0.95938227888243207161118591419924577833650177553169
}
 
Individuo 42:
{
  "Posicao": [7. 5. 6. 1. 2.]
             [1. 1. 1. 1. 1.],
  "Velocidade": [ 0.          2.62720376 -0.86278402 -1.93679631 -3.39484036]
                [-0.86278402  0.          0.         -0.86278402 -3.39484036],
  "funcao_objetivo": 0.94456994301419039080627766139103231513838299774709,
  "confiabilidade_total": 0.94456994301419039080627766139103231513838299774709
}
 
Individuo 43:
{
  "Posicao": [9. 1. 3. 6. 1.]
             [1. 1. 1. 1. 1.],
  "Velocidade": [ 2.2060993  -0.80822653 -1.2543384  -1.60796998 -1.26083586]
                [-0.51138158  0.          0.         -0.51138158  0.        ],
  "funcao_objetivo": 0.94525773966246715194240261082184196092745411249872,
  "confiabilidade_total": 0.94525773966246715194240261082184196092745411249872
}
 
Individuo 44:
{
  "Posicao": [8. 0. 9. 1. 8.]
             [1. 1. 1. 1. 1.],
  "Velocidade": [ 0.11903849 -1.31959858  4.46606489  1.49150625  0.36179716]
                [ 0.40356723  0.          0.          0.40356723 -2.29567233],
  "funcao_objetivo": 0.94747279493059589425123262232849558597759144164308,
  "confiabilidade_total": 0.94747279493059589425123262232849558597759144164308
}
 
Individuo 45:
{
  "Posicao": [9. 2. 9. 0. 0.]
             [2. 1. 1. 2. 1.],
  "Velocidade": [11.1387868  -5.84314261  6.02073462 -1.70142838 -5.84314261]
                [-0.17759201  0.          0.         -0.17759201  0.        ],
  "funcao_objetivo": 0.72070437011440343285707746929237974556101502884778,
  "confiabilidade_total": 0.98902103678107016390187659055645700292600335587415
}
 
Individuo 46:
{
  "Posicao": [7. 5. 4. 3. 8.]
             [2. 1. 1. 2. 3.],
  "Velocidade": [ 0.          0.         -1.27166054  1.22221811  1.62659243]
                [0.51783719 0.         0.         0.51783719 1.8270462 ],
  "funcao_objetivo": 0.52061589772103381040474474987774695719804212332919,
  "confiabilidade_total": 0.99118256438770049903902433046084437038030072928622
}
 
Individuo 47:
{
  "Posicao": [7. 6. 6. 1. 3.]
             [1. 1. 1. 1. 1.],
  "Velocidade": [ 2.09162514  0.16956767 -3.38855597  1.30629907  2.09162514]
                [0.22705748 0.         0.         0.22705748 0.        ],
  "funcao_objetivo": 0.94395568879148061728239966419723501300219090091136,
  "confiabilidade_total": 0.94395568879148061728239966419723501300219090091136
}
 
Individuo 48:
{
  "Posicao": [9. 4. 9. 2. 5.]
             [3. 1. 1. 3. 1.],
  "Velocidade": [ 1.22111778 -0.55409606  0.66702171  1.68681414  0.66702171]
                [0.80345938 0.         0.         0.80345938 0.        ],
  "funcao_objetivo": 0.25096328534469007431683420415858724278141582815096,
  "confiabilidade_total": 0.99334661867802313628205437178032458883453930227205
}
 
Individuo 49:
{
  "Posicao": [8. 1. 9. 0. 4.]
             [1. 1. 1. 1. 2.],
  "Velocidade": [ 0.78629279 -5.04461977  1.57258558 -7.40349814 -1.86852444]
                [-1.18312973  0.          0.         -1.18312973  0.78629279],
  "funcao_objetivo": 0.95224497040510907803721015316975338852735517760186,
  "confiabilidade_total": 0.95224497040510907803721015316975338852735517760186
}
 
Individuo 50:
{
  "Posicao": [7. 5. 8. 9. 3.]
             [3. 1. 1. 3. 1.],
  "Velocidade": [-1.89153399  5.45178485  3.56025087  2.95827192  0.        ]
                [-0.22281711  0.          0.         -0.22281711  0.        ],
  "funcao_objetivo": 0.41522925271196697751029983724387597550991241276750,
  "confiabilidade_total": 0.99336258604530014339239510978026550521496002018937
}
 
-----------------------------------------
Populacao final da era:
Individuo 1:
{
  "Posicao": [6. 6. 7. 0. 2.]
             [2. 1. 1. 2. 1.],
  "Velocidade": [-1.07327854  1.07327854  0.          0.         -1.07327854]
                [0. 0. 0. 0. 0.],
  "funcao_objetivo": 0.84342738317813093109532742524017260860992791381364,
  "confiabilidade_total": 0.98909404984479751434723750840341120478106858459001
}
 
Individuo 2:
{
  "Posicao": [6. 6. 1. 8. 3.]
             [2. 1. 1. 2. 1.],
  "Velocidade": [-1.53552269 -0.31481706 -5.25366307  7.93274196 -0.1505285 ]
                [0. 0. 0. 0. 0.],
  "funcao_objetivo": 0.90874949659054728805606921578294009583312075373739,
  "confiabilidade_total": 0.98766616325721395079994786210738698633628885981649
}
 
Individuo 3:
{
  "Posicao": [5. 7. 8. 6. 2.]
             [2. 1. 1. 1. 1.],
  "Velocidade": [-1.00778824  1.69677547  2.85982222  4.61368849  1.77822698]
                [0.         0.108025   0.         0.06643919 0.        ],
  "funcao_objetivo": 0.96181479437488883579781432046767686634722273259845,
  "confiabilidade_total": 0.96181479437488883579781432046767686634722273259845
}
 
Individuo 4:
{
  "Posicao": [7. 7. 8. 2. 4.]
             [3. 1. 1. 3. 1.],
  "Velocidade": [-0.07237209 -1.52109284  1.32332134  1.89929619 -0.70618625]
                [ 2.03891789 -0.90122818 -0.90122818  2.03891789  0.        ],
  "funcao_objetivo": 0.48231586062475612450117568108280140867324065181051,
  "confiabilidade_total": 0.99384919395808951988857460413155097475142668696676
}
 
Individuo 5:
{
  "Posicao": [5. 9. 9. 0. 0.]
             [2. 1. 1. 3. 1.],
  "Velocidade": [ 0.38693819  4.3884848   1.71805091  0.         -3.37494122]
                [ 0.          0.          0.         -0.00637216  0.        ],
  "funcao_objetivo": 0.55616305125312809019034015395287657716319777636500,
  "confiabilidade_total": 0.99056305125312820956151976164970780351207472949000
}
 
Individuo 6:
{
  "Posicao": [0. 3. 7. 4. 1.]
             [3. 1. 2. 3. 1.],
  "Velocidade": [-0.53550972  2.37274868  0.          0.84808947  1.21553726]
                [ 1.39079055  0.         -0.8306054   1.39079055  0.        ],
  "funcao_objetivo": -0.14157124939462045068838763767891213244841167722556,
  "confiabilidade_total": 0.99877875060537952408734524283753126912667682375101
}
 
Individuo 7:
{
  "Posicao": [1. 3. 4. 0. 6.]
             [2. 1. 1. 2. 1.],
  "Velocidade": [-1.56953876  0.08394333  2.77672574  0.         -3.15691614]
                [0.97565721 0.         0.07447998 0.97565721 0.        ],
  "funcao_objetivo": 0.80162493856835774608288329532398000300937707155513,
  "confiabilidade_total": 0.99155827190169118005192010287770079448429311245250
}
 
Individuo 8:
{
  "Posicao": [6. 3. 7. 9. 2.]
             [2. 1. 2. 1. 1.],
  "Velocidade": [-0.88988784  1.49819413  0.          2.27966209 -0.88988784]
                [ 0.          0.          0.013868   -0.57890555  0.        ],
  "funcao_objetivo": 0.87229075383360748842076157451393797647887119323308,
  "confiabilidade_total": 0.96920742050027411164070054418281202790075191527898
}
 
Individuo 9:
{
  "Posicao": [8. 6. 8. 0. 0.]
             [1. 1. 1. 3. 1.],
  "Velocidade": [ 3.03224941  1.0646679   2.04845865  0.         -4.04957142]
                [-2.04845865  0.          0.          2.04845865  0.        ],
  "funcao_objetivo": 0.84477865476182181061224707883703405634342582762831,
  "confiabilidade_total": 0.96537865476182201764663671093622571454225929320448
}
 
Individuo 10:
{
  "Posicao": [7. 5. 8. 0. 0.]
             [3. 1. 3. 3. 3.],
  "Velocidade": [ 0.12127565  2.60195846 -0.84040796  0.         -2.38376473]
                [-0.29032461  0.          2.25823982 -0.29032461  2.25823982],
  "funcao_objetivo": -0.77015219000295127264560682950065834711090979829352,
  "confiabilidade_total": 0.99974780999704853408676904375209109594328942045648
}
 
Individuo 11:
{
  "Posicao": [4. 9. 9. 4. 0.]
             [3. 1. 1. 2. 1.],
  "Velocidade": [-3.03033852  6.14246491  5.70472915  3.68010744 -3.68501312]
                [0.56798105 0.         0.         0.         0.        ],
  "funcao_objetivo": 0.30660051127082358107143095779246297224105480690291,
  "confiabilidade_total": 0.99083384460415683008702631426057424886764172096541
}
 
Individuo 12:
{
  "Posicao": [9. 6. 9. 9. 6.]
             [3. 1. 1. 1. 1.],
  "Velocidade": [ 3.69686561  1.41052508  3.75471695 13.26099581  6.05303563]
                [ 2.98212758  0.          0.         -2.98212758  0.        ],
  "funcao_objetivo": 0.72458680478104970818160123798574374833696745639578,
  "confiabilidade_total": 0.96223680478104970831482800094076253318780325656668
}
 
Individuo 13:
{
  "Posicao": [0. 9. 0. 6. 4.]
             [2. 1. 1. 2. 1.],
  "Velocidade": [-1.13202130e+01  3.03265873e+00 -1.02713852e+01  5.56928728e+00
 -8.91540355e-04]
                [0.78510462 0.         0.         0.         0.        ],
  "funcao_objetivo": 0.74935265599843505974171323911347848798055698219953,
  "confiabilidade_total": 0.99010265599843503764827504907286333355028678719221
}
 
Individuo 14:
{
  "Posicao": [4. 9. 6. 0. 2.]
             [2. 1. 1. 3. 1.],
  "Velocidade": [-3.04112668  5.19300761  0.08602899 -3.49347886  2.38586167]
                [0.         0.         0.         2.79172588 0.        ],
  "funcao_objetivo": 0.41840065960126347181358804814949454943130019156945,
  "confiabilidade_total": 0.99125065960126335888170198327857125753948691337121
}
 
Individuo 15:
{
  "Posicao": [6. 8. 8. 4. 2.]
             [2. 1. 2. 2. 1.],
  "Velocidade": [-2.66191257 -0.52728445  5.80555153 -1.83109649  1.11209949]
                [-1.13984858  0.          0.49269326 -1.13984858  0.        ],
  "funcao_objetivo": 0.68683464893558563043818079289307163215530711597596,
  "confiabilidade_total": 0.99385131560225207874803334799165852253613668865357
}
 
Individuo 16:
{
  "Posicao": [5. 7. 4. 6. 2.]
             [1. 1. 1. 2. 1.],
  "Velocidade": [-1.67523259  1.78595684 -4.78698585  1.37407325 -2.17812243]
                [-1.63529826 -2.24216065  0.          0.          0.        ],
  "funcao_objetivo": 0.96483154952152407510890038573251308997916756926373,
  "confiabilidade_total": 0.96483154952152407510890038573251308997916756926373
}
 
Individuo 17:
{
  "Posicao": [4. 9. 7. 3. 1.]
             [1. 1. 3. 1. 1.],
  "Velocidade": [-2.8070011   6.94855475  0.          3.35020494 -0.87794322]
                [-1.52830485  0.          1.7924155  -1.52830485  0.        ],
  "funcao_objetivo": 0.89647424354337994062136731430600229335804467872750,
  "confiabilidade_total": 0.96777424354337980063889725444313989404444580749642
}
 
Individuo 18:
{
  "Posicao": [4. 6. 6. 3. 3.]
             [1. 1. 1. 2. 1.],
  "Velocidade": [-5.33049093 -0.90722535 -2.59944728  3.09588242  1.70249281]
                [-1.10342546  0.          0.          0.          0.        ],
  "funcao_objetivo": 0.87985426706067118867420492517106266880642238626112,
  "confiabilidade_total": 0.96518760039400436650229994267413657346974674234022
}
 
Individuo 19:
{
  "Posicao": [5. 7. 9. 0. 1.]
             [2. 1. 1. 1. 1.],
  "Velocidade": [ -0.9390559    1.33816675   6.21634173 -16.11769535  -0.9390559 ]
                [ 0.          0.          0.         -2.12029134  0.        ],
  "funcao_objetivo": 0.97197094066308691424254190674507422358698549558739,
  "confiabilidade_total": 0.97197094066308691424254190674507422358698549558739
}
 
Individuo 20:
{
  "Posicao": [8. 5. 7. 0. 2.]
             [1. 2. 1. 2. 1.],
  "Velocidade": [ 1.19333022  0.1252143   0.         -4.1557656  -0.96064266]
                [ 0.22076222 -0.22076222  0.          0.          0.        ],
  "funcao_objetivo": 0.95604862507318459636975559281001709867166823828369,
  "confiabilidade_total": 0.96821529173985121023606558001194729702445215666443
}
 
Individuo 21:
{
  "Posicao": [2. 9. 8. 9. 0.]
             [2. 1. 1. 3. 1.],
  "Velocidade": [-3.36403754  3.87164389  1.06951262 15.02146081 -5.16546096]
                [0.         0.         0.         1.41397666 0.        ],
  "funcao_objetivo": 0.51293219062825468469502276587988117320415633680261,
  "confiabilidade_total": 0.99184885729492145291008875159419940395233291150964
}
 
Individuo 22:
{
  "Posicao": [4. 9. 7. 8. 0.]
             [3. 1. 1. 3. 1.],
  "Velocidade": [-3.28705933  5.24659134  1.26530276  8.28929293 -8.34803689]
                [ 2.85093562  0.         -3.45516213  2.85093562  0.        ],
  "funcao_objetivo": 0.28715841682520309804605174758575122376284728324034,
  "confiabilidade_total": 0.99475841682520327132966143108018405308327803885558
}
 
Individuo 23:
{
  "Posicao": [8. 9. 5. 1. 4.]
             [3. 1. 1. 3. 1.],
  "Velocidade": [-0.12996504  2.25627704 -1.41495178  1.48830453 -0.12996504]
                [2.05921918 0.         0.32830394 2.05921918 0.        ],
  "funcao_objetivo": 0.43815604779620358014298668261447452274398448910269,
  "confiabilidade_total": 0.99363938112953696460579104335168373105363491024527
}
 
Individuo 24:
{
  "Posicao": [4. 7. 6. 4. 0.]
             [1. 1. 1. 3. 1.],
  "Velocidade": [-1.28366058  1.74402518  0.16063235 -0.44499816 -1.58339283]
                [ 0.16063235  0.          0.         -0.16063235  0.        ],
  "funcao_objetivo": 0.72441768244549363245782481407170981885367109866634,
  "confiabilidade_total": 0.96975101577882717443907190862612898246818258853450
}
 
Individuo 25:
{
  "Posicao": [5. 8. 7. 0. 4.]
             [3. 1. 1. 2. 1.],
  "Velocidade": [-3.61655806  4.95512339 -1.61707153  0.          4.32668916]
                [0.53562489 0.         0.         0.         0.        ],
  "funcao_objetivo": 0.79505049493425678009783382268140936654684614365055,
  "confiabilidade_total": 0.99226716160092345215648364561091963120428394501163
}
 
Individuo 26:
{
  "Posicao": [3. 9. 5. 0. 0.]
             [1. 3. 1. 1. 1.],
  "Velocidade": [-3.9277114   1.29100357 -2.88523332 -5.15443411 -6.67077312]
                [-0.52052741  1.8940362   0.         -0.52052741  0.        ],
  "funcao_objetivo": 0.78735034930168486262771881741271173871176845503992,
  "confiabilidade_total": 0.97156701596835153007894308814782236061113483382410
}
 
Individuo 27:
{
  "Posicao": [5. 7. 7. 3. 0.]
             [1. 1. 1. 2. 1.],
  "Velocidade": [-2.58534597  0.64303814  0.          2.54365505 -4.41864806]
                [-2.04787889  0.          0.          0.         -2.05175763],
  "funcao_objetivo": 0.96380880124736367432230557068743421558557654035395,
  "confiabilidade_total": 0.96380880124736367432230557068743421558557654035395
}
 
Individuo 28:
{
  "Posicao": [7. 5. 9. 0. 0.]
             [2. 1. 1. 2. 1.],
  "Velocidade": [-1.23893953  0.07758147  1.59611318  0.         -1.60956856]
                [0.23677293 0.23677293 0.         0.23677293 0.        ],
  "funcao_objetivo": 0.90917057283505266957437655928377663721095617283444,
  "confiabilidade_total": 0.98902057283505254551250467254565902757223542202573
}
 
Individuo 29:
{
  "Posicao": [0. 5. 0. 0. 6.]
             [2. 1. 1. 2. 1.],
  "Velocidade": [-14.68704146   1.82410976  -9.99462961  -2.52518062   1.98295331]
                [0.68874874 0.         0.         0.68874874 0.        ],
  "funcao_objetivo": 0.82708811537634817284498318958603040997651374706803,
  "confiabilidade_total": 0.99355478204301483840882831845837491315570629009782
}
 
Individuo 30:
{
  "Posicao": [4. 8. 5. 4. 3.]
             [1. 1. 2. 1. 1.],
  "Velocidade": [-2.78580198  2.78580198 -3.76095457 -5.15580709  2.00353647]
                [-3.08793277  0.         -0.5635703  -3.08793277  0.        ],
  "funcao_objetivo": 0.96388975417546884800865703865716092183759317041709,
  "confiabilidade_total": 0.96388975417546884800865703865716092183759317041709
}
 
Individuo 31:
{
  "Posicao": [9. 6. 7. 9. 6.]
             [1. 1. 1. 1. 1.],
  "Velocidade": [ 9.14563285 -0.74008333  0.          6.6411553   0.23874628]
                [-1.0378686  -1.96442374  0.         -1.0378686   0.        ],
  "funcao_objetivo": 0.92920815592273737678216270764603899734675623377594,
  "confiabilidade_total": 0.92920815592273737678216270764603899734675623377594
}
 
Individuo 32:
{
  "Posicao": [3. 8. 6. 0. 0.]
             [1. 1. 1. 1. 1.],
  "Velocidade": [-4.85708376  3.34122903 -2.1015361  -7.52745874 -6.03492477]
                [-2.69369575  0.         -2.69369575 -2.69369575  0.        ],
  "funcao_objetivo": 0.95117518224811002302796700691872327894774944361801,
  "confiabilidade_total": 0.95117518224811002302796700691872327894774944361801
}
 
Individuo 33:
{
  "Posicao": [7. 8. 9. 3. 0.]
             [2. 2. 1. 2. 1.],
  "Velocidade": [-0.51118167  1.67460414  2.91971385  3.33910924 -3.64020892]
                [-0.85768026  0.50055331  0.         -0.85768026  0.        ],
  "funcao_objetivo": 0.68026824355968947148377866826839713093651568823482,
  "confiabilidade_total": 0.99300157689302272360799849368694672074927127295162
}
 
Individuo 34:
{
  "Posicao": [6. 0. 8. 2. 6.]
             [1. 3. 1. 1. 1.],
  "Velocidade": [-3.09217837 -9.79611292  1.32245649 -4.07900365  3.79428357]
                [-2.35845919  0.5228806   0.         -2.35845919  0.        ],
  "funcao_objetivo": 0.81489953915796615471170702508849129742553469508911,
  "confiabilidade_total": 0.96623287249129944667072897405765755763819453090454
}
 
Individuo 35:
{
  "Posicao": [1. 9. 9. 8. 0.]
             [2. 1. 1. 1. 1.],
  "Velocidade": [-6.46191937  3.89839431  0.60908985  7.76500296 -2.66124461]
                [ 0.          0.          0.         -0.95981503  0.        ],
  "funcao_objetivo": 0.96023665854018411040405859435908814641952586438901,
  "confiabilidade_total": 0.96023665854018411040405859435908814641952586438901
}
 
Individuo 36:
{
  "Posicao": [6. 3. 4. 0. 0.]
             [2. 1. 1. 3. 1.],
  "Velocidade": [  0.77516139  -5.90279795  -4.64097846 -13.6876369   -9.94092093]
                [0.        0.        0.        1.1834019 0.       ],
  "funcao_objetivo": 0.44882607095182062191482270311904965638505740531949,
  "confiabilidade_total": 0.99265940428515406819484507498497503548251910575894
}
 
Individuo 37:
{
  "Posicao": [9. 9. 7. 7. 8.]
             [1. 1. 1. 2. 1.],
  "Velocidade": [ 4.66863526  6.79156475 -0.96410186  6.6962038   8.02121279]
                [0.42214407 0.         0.         0.         0.        ],
  "funcao_objetivo": 0.95700438216081398806471353310069824318571260739784,
  "confiabilidade_total": 0.95700438216081398806471353310069824318571260739784
}
 
Individuo 38:
{
  "Posicao": [7. 5. 6. 0. 1.]
             [3. 1. 1. 3. 2.],
  "Velocidade": [-0.15452238  0.15452238  1.23541114  0.         -3.14206311]
                [1.00534688 0.         0.         1.00534688 1.00534688],
  "funcao_objetivo": 0.096385140918067671736053317521667524638703349776154,
  "confiabilidade_total": 0.99843514091806752367671075351079129374318409318436
}
 
Individuo 39:
{
  "Posicao": [3. 6. 6. 0. 1.]
             [1. 1. 1. 1. 2.],
  "Velocidade": [-1.5056783   1.46996472  1.32124831  0.32562316 -3.54971815]
                [-0.7753635  0.         0.        -0.7753635  0.7753635],
  "funcao_objetivo": 0.95519025856359781755611352395985912395206204146624,
  "confiabilidade_total": 0.95519025856359781755611352395985912395206204146624
}
 
Individuo 40:
{
  "Posicao": [5. 9. 9. 0. 0.]
             [2. 1. 1. 2. 1.],
  "Velocidade": [ 1.24507144e+00  8.75658474e+00  8.63537407e+00  1.11170671e-02
 -1.18424457e+01]
                [-0.12559977  0.          0.         -0.12559977 -4.04858336],
  "funcao_objetivo": 0.88420864696548405741569849218893746419445462733613,
  "confiabilidade_total": 0.98859198029881717028464433887410218867109008342134
}
 
Individuo 41:
{
  "Posicao": [3. 9. 3. 1. 6.]
             [2. 1. 1. 2. 2.],
  "Velocidade": [ 2.60379214  2.38221076 -1.04634861  0.1850633  -1.78221184]
                [0.91294591 0.         0.         0.91294591 0.1850633 ],
  "funcao_objetivo": 0.57030393427629029183102534738157878911122950879448,
  "confiabilidade_total": 0.99250393427629025603743503346653192585334452954643
}
 
Individuo 42:
{
  "Posicao": [6. 4. 5. 2. 1.]
             [2. 1. 1. 2. 3.],
  "Velocidade": [-0.57464564 -0.96317396 -0.5331762   1.09981455 -1.09402368]
                [0.5331762  0.         0.         0.5331762  1.61395371],
  "funcao_objetivo": 0.38320318418019667782324076965475709220597206754633,
  "confiabilidade_total": 0.99206985084686344210811724819602116985449253721186
}
 
Individuo 43:
{
  "Posicao": [6. 7. 6. 0. 0.]
             [2. 1. 1. 2. 1.],
  "Velocidade": [-2.5889824   5.94792946  2.55240814 -8.2457083  -1.51293883]
                [0.68542142 0.         0.         0.68542142 0.        ],
  "funcao_objetivo": 0.86194459272039681946195575627022790922273750804184,
  "confiabilidade_total": 0.98991125938706344822884651272254032573618795178650
}
 
Individuo 44:
{
  "Posicao": [5. 6. 9. 1. 1.]
             [2. 1. 1. 2. 3.],
  "Velocidade": [-2.91119474  6.23672163  2.23091717  0.41027455 -7.36493893]
                [1.39192147 0.         0.         1.39192147 1.74844617],
  "funcao_objetivo": 0.42649790156597356938286022839952750293387912246665,
  "confiabilidade_total": 0.99171456823264038094103309547995707182063601943930
}
 
Individuo 45:
{
  "Posicao": [9. 9. 7. 0. 3.]
             [2. 1. 1. 2. 1.],
  "Velocidade": [ 0.6873628   6.82512028 -2.05497507  0.20410272  2.57536263]
                [-0.16888823  0.          0.         -0.16888823  0.        ],
  "funcao_objetivo": 0.76221554442204744028941197967031111134733496781237,
  "confiabilidade_total": 0.98689887775538091119418103772220855704094706650622
}
 
Individuo 46:
{
  "Posicao": [7. 5. 5. 3. 6.]
             [2. 1. 1. 2. 2.],
  "Velocidade": [-0.20357419  0.20357419  1.28692741 -0.23849534 -2.4519904 ]
                [ 0.49245801  0.          0.          0.49245801 -0.65697407],
  "funcao_objetivo": 0.80598235179577352013950797925288950052732232707116,
  "confiabilidade_total": 0.99014901846244013758628722087094954174631837504479
}
 
Individuo 47:
{
  "Posicao": [6. 8. 0. 8. 2.]
             [3. 1. 1. 3. 1.],
  "Velocidade": [-1.30843663  1.81003283 -7.03890302  6.88042931 -1.30843663]
                [3.68643695 0.         0.         3.68643695 0.        ],
  "funcao_objetivo": 0.48988788500674063476388100000083326785744827906029,
  "confiabilidade_total": 0.99582121834007375872395486269131183116616409937279
}
 
Individuo 48:
{
  "Posicao": [7. 6. 8. 2. 3.]
             [3. 1. 1. 3. 1.],
  "Velocidade": [-1.6633669   1.67955949 -0.9540299  -0.33630153 -2.19030674]
                [-0.20614062  0.          0.         -0.20614062  0.        ],
  "funcao_objetivo": 0.49221968083317218674714643488111981406194454983538,
  "confiabilidade_total": 0.99403634749983897252594067016541451431197411373919
}
 
Individuo 49:
{
  "Posicao": [8. 0. 9. 7. 1.]
             [2. 1. 1. 2. 2.],
  "Velocidade": [-0.06420773 -2.71273571  0.6470578   7.04065306 -2.5889125 ]
                [0.70091688 0.         0.         0.70091688 0.3235289 ],
  "funcao_objetivo": 0.68986127017897830354784373901114845295856741661156,
  "confiabilidade_total": 0.99049460351231166704963739482540217807005194419945
}
 
Individuo 50:
{
  "Posicao": [4. 9. 9. 1. 2.]
             [2. 1. 1. 2. 1.],
  "Velocidade": [-3.18996027  6.57572341  2.13423246 -8.450489   -1.39113027]
                [-1.46342754  0.          0.         -1.46342754  0.        ],
  "funcao_objetivo": 0.76733358929687985957885880583661552124829508864021,
  "confiabilidade_total": 0.98758358929687978111384654045367702680812694632148
}
 
-----------------------------------------
-----------------------------------------
-----------------------------------------
-----------------------------------------
GERACAO 7
Populacao antes da execucao:
Individuo 1:
{
  "Posicao": [6. 6. 7. 0. 2.]
             [2. 1. 1. 2. 1.],
  "Velocidade": [-1.07327854  1.07327854  0.          0.         -1.07327854]
                [0. 0. 0. 0. 0.],
  "funcao_objetivo": 0.84342738317813093109532742524017260860992791381364,
  "confiabilidade_total": 0.98909404984479751434723750840341120478106858459001
}
 
Individuo 2:
{
  "Posicao": [6. 6. 1. 8. 3.]
             [2. 1. 1. 2. 1.],
  "Velocidade": [-1.53552269 -0.31481706 -5.25366307  7.93274196 -0.1505285 ]
                [0. 0. 0. 0. 0.],
  "funcao_objetivo": 0.90874949659054728805606921578294009583312075373739,
  "confiabilidade_total": 0.98766616325721395079994786210738698633628885981649
}
 
Individuo 3:
{
  "Posicao": [5. 7. 8. 6. 2.]
             [2. 1. 1. 1. 1.],
  "Velocidade": [-1.00778824  1.69677547  2.85982222  4.61368849  1.77822698]
                [0.         0.108025   0.         0.06643919 0.        ],
  "funcao_objetivo": 0.96181479437488883579781432046767686634722273259845,
  "confiabilidade_total": 0.96181479437488883579781432046767686634722273259845
}
 
Individuo 4:
{
  "Posicao": [7. 7. 8. 2. 4.]
             [3. 1. 1. 3. 1.],
  "Velocidade": [-0.07237209 -1.52109284  1.32332134  1.89929619 -0.70618625]
                [ 2.03891789 -0.90122818 -0.90122818  2.03891789  0.        ],
  "funcao_objetivo": 0.48231586062475612450117568108280140867324065181051,
  "confiabilidade_total": 0.99384919395808951988857460413155097475142668696676
}
 
Individuo 5:
{
  "Posicao": [5. 9. 9. 0. 0.]
             [2. 1. 1. 3. 1.],
  "Velocidade": [ 0.38693819  4.3884848   1.71805091  0.         -3.37494122]
                [ 0.          0.          0.         -0.00637216  0.        ],
  "funcao_objetivo": 0.55616305125312809019034015395287657716319777636500,
  "confiabilidade_total": 0.99056305125312820956151976164970780351207472949000
}
 
Individuo 6:
{
  "Posicao": [0. 3. 7. 4. 1.]
             [3. 1. 2. 3. 1.],
  "Velocidade": [-0.53550972  2.37274868  0.          0.84808947  1.21553726]
                [ 1.39079055  0.         -0.8306054   1.39079055  0.        ],
  "funcao_objetivo": -0.14157124939462045068838763767891213244841167722556,
  "confiabilidade_total": 0.99877875060537952408734524283753126912667682375101
}
 
Individuo 7:
{
  "Posicao": [1. 3. 4. 0. 6.]
             [2. 1. 1. 2. 1.],
  "Velocidade": [-1.56953876  0.08394333  2.77672574  0.         -3.15691614]
                [0.97565721 0.         0.07447998 0.97565721 0.        ],
  "funcao_objetivo": 0.80162493856835774608288329532398000300937707155513,
  "confiabilidade_total": 0.99155827190169118005192010287770079448429311245250
}
 
Individuo 8:
{
  "Posicao": [6. 3. 7. 9. 2.]
             [2. 1. 2. 1. 1.],
  "Velocidade": [-0.88988784  1.49819413  0.          2.27966209 -0.88988784]
                [ 0.          0.          0.013868   -0.57890555  0.        ],
  "funcao_objetivo": 0.87229075383360748842076157451393797647887119323308,
  "confiabilidade_total": 0.96920742050027411164070054418281202790075191527898
}
 
Individuo 9:
{
  "Posicao": [8. 6. 8. 0. 0.]
             [1. 1. 1. 3. 1.],
  "Velocidade": [ 3.03224941  1.0646679   2.04845865  0.         -4.04957142]
                [-2.04845865  0.          0.          2.04845865  0.        ],
  "funcao_objetivo": 0.84477865476182181061224707883703405634342582762831,
  "confiabilidade_total": 0.96537865476182201764663671093622571454225929320448
}
 
Individuo 10:
{
  "Posicao": [7. 5. 8. 0. 0.]
             [3. 1. 3. 3. 3.],
  "Velocidade": [ 0.12127565  2.60195846 -0.84040796  0.         -2.38376473]
                [-0.29032461  0.          2.25823982 -0.29032461  2.25823982],
  "funcao_objetivo": -0.77015219000295127264560682950065834711090979829352,
  "confiabilidade_total": 0.99974780999704853408676904375209109594328942045648
}
 
Individuo 11:
{
  "Posicao": [4. 9. 9. 4. 0.]
             [3. 1. 1. 2. 1.],
  "Velocidade": [-3.03033852  6.14246491  5.70472915  3.68010744 -3.68501312]
                [0.56798105 0.         0.         0.         0.        ],
  "funcao_objetivo": 0.30660051127082358107143095779246297224105480690291,
  "confiabilidade_total": 0.99083384460415683008702631426057424886764172096541
}
 
Individuo 12:
{
  "Posicao": [9. 6. 9. 9. 6.]
             [3. 1. 1. 1. 1.],
  "Velocidade": [ 3.69686561  1.41052508  3.75471695 13.26099581  6.05303563]
                [ 2.98212758  0.          0.         -2.98212758  0.        ],
  "funcao_objetivo": 0.72458680478104970818160123798574374833696745639578,
  "confiabilidade_total": 0.96223680478104970831482800094076253318780325656668
}
 
Individuo 13:
{
  "Posicao": [0. 9. 0. 6. 4.]
             [2. 1. 1. 2. 1.],
  "Velocidade": [-1.13202130e+01  3.03265873e+00 -1.02713852e+01  5.56928728e+00
 -8.91540355e-04]
                [0.78510462 0.         0.         0.         0.        ],
  "funcao_objetivo": 0.74935265599843505974171323911347848798055698219953,
  "confiabilidade_total": 0.99010265599843503764827504907286333355028678719221
}
 
Individuo 14:
{
  "Posicao": [4. 9. 6. 0. 2.]
             [2. 1. 1. 3. 1.],
  "Velocidade": [-3.04112668  5.19300761  0.08602899 -3.49347886  2.38586167]
                [0.         0.         0.         2.79172588 0.        ],
  "funcao_objetivo": 0.41840065960126347181358804814949454943130019156945,
  "confiabilidade_total": 0.99125065960126335888170198327857125753948691337121
}
 
Individuo 15:
{
  "Posicao": [6. 8. 8. 4. 2.]
             [2. 1. 2. 2. 1.],
  "Velocidade": [-2.66191257 -0.52728445  5.80555153 -1.83109649  1.11209949]
                [-1.13984858  0.          0.49269326 -1.13984858  0.        ],
  "funcao_objetivo": 0.68683464893558563043818079289307163215530711597596,
  "confiabilidade_total": 0.99385131560225207874803334799165852253613668865357
}
 
Individuo 16:
{
  "Posicao": [5. 7. 4. 6. 2.]
             [1. 1. 1. 2. 1.],
  "Velocidade": [-1.67523259  1.78595684 -4.78698585  1.37407325 -2.17812243]
                [-1.63529826 -2.24216065  0.          0.          0.        ],
  "funcao_objetivo": 0.96483154952152407510890038573251308997916756926373,
  "confiabilidade_total": 0.96483154952152407510890038573251308997916756926373
}
 
Individuo 17:
{
  "Posicao": [4. 9. 7. 3. 1.]
             [1. 1. 3. 1. 1.],
  "Velocidade": [-2.8070011   6.94855475  0.          3.35020494 -0.87794322]
                [-1.52830485  0.          1.7924155  -1.52830485  0.        ],
  "funcao_objetivo": 0.89647424354337994062136731430600229335804467872750,
  "confiabilidade_total": 0.96777424354337980063889725444313989404444580749642
}
 
Individuo 18:
{
  "Posicao": [4. 6. 6. 3. 3.]
             [1. 1. 1. 2. 1.],
  "Velocidade": [-5.33049093 -0.90722535 -2.59944728  3.09588242  1.70249281]
                [-1.10342546  0.          0.          0.          0.        ],
  "funcao_objetivo": 0.87985426706067118867420492517106266880642238626112,
  "confiabilidade_total": 0.96518760039400436650229994267413657346974674234022
}
 
Individuo 19:
{
  "Posicao": [5. 7. 9. 0. 1.]
             [2. 1. 1. 1. 1.],
  "Velocidade": [ -0.9390559    1.33816675   6.21634173 -16.11769535  -0.9390559 ]
                [ 0.          0.          0.         -2.12029134  0.        ],
  "funcao_objetivo": 0.97197094066308691424254190674507422358698549558739,
  "confiabilidade_total": 0.97197094066308691424254190674507422358698549558739
}
 
Individuo 20:
{
  "Posicao": [8. 5. 7. 0. 2.]
             [1. 2. 1. 2. 1.],
  "Velocidade": [ 1.19333022  0.1252143   0.         -4.1557656  -0.96064266]
                [ 0.22076222 -0.22076222  0.          0.          0.        ],
  "funcao_objetivo": 0.95604862507318459636975559281001709867166823828369,
  "confiabilidade_total": 0.96821529173985121023606558001194729702445215666443
}
 
Individuo 21:
{
  "Posicao": [2. 9. 8. 9. 0.]
             [2. 1. 1. 3. 1.],
  "Velocidade": [-3.36403754  3.87164389  1.06951262 15.02146081 -5.16546096]
                [0.         0.         0.         1.41397666 0.        ],
  "funcao_objetivo": 0.51293219062825468469502276587988117320415633680261,
  "confiabilidade_total": 0.99184885729492145291008875159419940395233291150964
}
 
Individuo 22:
{
  "Posicao": [4. 9. 7. 8. 0.]
             [3. 1. 1. 3. 1.],
  "Velocidade": [-3.28705933  5.24659134  1.26530276  8.28929293 -8.34803689]
                [ 2.85093562  0.         -3.45516213  2.85093562  0.        ],
  "funcao_objetivo": 0.28715841682520309804605174758575122376284728324034,
  "confiabilidade_total": 0.99475841682520327132966143108018405308327803885558
}
 
Individuo 23:
{
  "Posicao": [8. 9. 5. 1. 4.]
             [3. 1. 1. 3. 1.],
  "Velocidade": [-0.12996504  2.25627704 -1.41495178  1.48830453 -0.12996504]
                [2.05921918 0.         0.32830394 2.05921918 0.        ],
  "funcao_objetivo": 0.43815604779620358014298668261447452274398448910269,
  "confiabilidade_total": 0.99363938112953696460579104335168373105363491024527
}
 
Individuo 24:
{
  "Posicao": [4. 7. 6. 4. 0.]
             [1. 1. 1. 3. 1.],
  "Velocidade": [-1.28366058  1.74402518  0.16063235 -0.44499816 -1.58339283]
                [ 0.16063235  0.          0.         -0.16063235  0.        ],
  "funcao_objetivo": 0.72441768244549363245782481407170981885367109866634,
  "confiabilidade_total": 0.96975101577882717443907190862612898246818258853450
}
 
Individuo 25:
{
  "Posicao": [5. 8. 7. 0. 4.]
             [3. 1. 1. 2. 1.],
  "Velocidade": [-3.61655806  4.95512339 -1.61707153  0.          4.32668916]
                [0.53562489 0.         0.         0.         0.        ],
  "funcao_objetivo": 0.79505049493425678009783382268140936654684614365055,
  "confiabilidade_total": 0.99226716160092345215648364561091963120428394501163
}
 
Individuo 26:
{
  "Posicao": [3. 9. 5. 0. 0.]
             [1. 3. 1. 1. 1.],
  "Velocidade": [-3.9277114   1.29100357 -2.88523332 -5.15443411 -6.67077312]
                [-0.52052741  1.8940362   0.         -0.52052741  0.        ],
  "funcao_objetivo": 0.78735034930168486262771881741271173871176845503992,
  "confiabilidade_total": 0.97156701596835153007894308814782236061113483382410
}
 
Individuo 27:
{
  "Posicao": [5. 7. 7. 3. 0.]
             [1. 1. 1. 2. 1.],
  "Velocidade": [-2.58534597  0.64303814  0.          2.54365505 -4.41864806]
                [-2.04787889  0.          0.          0.         -2.05175763],
  "funcao_objetivo": 0.96380880124736367432230557068743421558557654035395,
  "confiabilidade_total": 0.96380880124736367432230557068743421558557654035395
}
 
Individuo 28:
{
  "Posicao": [7. 5. 9. 0. 0.]
             [2. 1. 1. 2. 1.],
  "Velocidade": [-1.23893953  0.07758147  1.59611318  0.         -1.60956856]
                [0.23677293 0.23677293 0.         0.23677293 0.        ],
  "funcao_objetivo": 0.90917057283505266957437655928377663721095617283444,
  "confiabilidade_total": 0.98902057283505254551250467254565902757223542202573
}
 
Individuo 29:
{
  "Posicao": [0. 5. 0. 0. 6.]
             [2. 1. 1. 2. 1.],
  "Velocidade": [-14.68704146   1.82410976  -9.99462961  -2.52518062   1.98295331]
                [0.68874874 0.         0.         0.68874874 0.        ],
  "funcao_objetivo": 0.82708811537634817284498318958603040997651374706803,
  "confiabilidade_total": 0.99355478204301483840882831845837491315570629009782
}
 
Individuo 30:
{
  "Posicao": [4. 8. 5. 4. 3.]
             [1. 1. 2. 1. 1.],
  "Velocidade": [-2.78580198  2.78580198 -3.76095457 -5.15580709  2.00353647]
                [-3.08793277  0.         -0.5635703  -3.08793277  0.        ],
  "funcao_objetivo": 0.96388975417546884800865703865716092183759317041709,
  "confiabilidade_total": 0.96388975417546884800865703865716092183759317041709
}
 
Individuo 31:
{
  "Posicao": [9. 6. 7. 9. 6.]
             [1. 1. 1. 1. 1.],
  "Velocidade": [ 9.14563285 -0.74008333  0.          6.6411553   0.23874628]
                [-1.0378686  -1.96442374  0.         -1.0378686   0.        ],
  "funcao_objetivo": 0.92920815592273737678216270764603899734675623377594,
  "confiabilidade_total": 0.92920815592273737678216270764603899734675623377594
}
 
Individuo 32:
{
  "Posicao": [3. 8. 6. 0. 0.]
             [1. 1. 1. 1. 1.],
  "Velocidade": [-4.85708376  3.34122903 -2.1015361  -7.52745874 -6.03492477]
                [-2.69369575  0.         -2.69369575 -2.69369575  0.        ],
  "funcao_objetivo": 0.95117518224811002302796700691872327894774944361801,
  "confiabilidade_total": 0.95117518224811002302796700691872327894774944361801
}
 
Individuo 33:
{
  "Posicao": [7. 8. 9. 3. 0.]
             [2. 2. 1. 2. 1.],
  "Velocidade": [-0.51118167  1.67460414  2.91971385  3.33910924 -3.64020892]
                [-0.85768026  0.50055331  0.         -0.85768026  0.        ],
  "funcao_objetivo": 0.68026824355968947148377866826839713093651568823482,
  "confiabilidade_total": 0.99300157689302272360799849368694672074927127295162
}
 
Individuo 34:
{
  "Posicao": [6. 0. 8. 2. 6.]
             [1. 3. 1. 1. 1.],
  "Velocidade": [-3.09217837 -9.79611292  1.32245649 -4.07900365  3.79428357]
                [-2.35845919  0.5228806   0.         -2.35845919  0.        ],
  "funcao_objetivo": 0.81489953915796615471170702508849129742553469508911,
  "confiabilidade_total": 0.96623287249129944667072897405765755763819453090454
}
 
Individuo 35:
{
  "Posicao": [1. 9. 9. 8. 0.]
             [2. 1. 1. 1. 1.],
  "Velocidade": [-6.46191937  3.89839431  0.60908985  7.76500296 -2.66124461]
                [ 0.          0.          0.         -0.95981503  0.        ],
  "funcao_objetivo": 0.96023665854018411040405859435908814641952586438901,
  "confiabilidade_total": 0.96023665854018411040405859435908814641952586438901
}
 
Individuo 36:
{
  "Posicao": [6. 3. 4. 0. 0.]
             [2. 1. 1. 3. 1.],
  "Velocidade": [  0.77516139  -5.90279795  -4.64097846 -13.6876369   -9.94092093]
                [0.        0.        0.        1.1834019 0.       ],
  "funcao_objetivo": 0.44882607095182062191482270311904965638505740531949,
  "confiabilidade_total": 0.99265940428515406819484507498497503548251910575894
}
 
Individuo 37:
{
  "Posicao": [9. 9. 7. 7. 8.]
             [1. 1. 1. 2. 1.],
  "Velocidade": [ 4.66863526  6.79156475 -0.96410186  6.6962038   8.02121279]
                [0.42214407 0.         0.         0.         0.        ],
  "funcao_objetivo": 0.95700438216081398806471353310069824318571260739784,
  "confiabilidade_total": 0.95700438216081398806471353310069824318571260739784
}
 
Individuo 38:
{
  "Posicao": [7. 5. 6. 0. 1.]
             [3. 1. 1. 3. 2.],
  "Velocidade": [-0.15452238  0.15452238  1.23541114  0.         -3.14206311]
                [1.00534688 0.         0.         1.00534688 1.00534688],
  "funcao_objetivo": 0.096385140918067671736053317521667524638703349776154,
  "confiabilidade_total": 0.99843514091806752367671075351079129374318409318436
}
 
Individuo 39:
{
  "Posicao": [3. 6. 6. 0. 1.]
             [1. 1. 1. 1. 2.],
  "Velocidade": [-1.5056783   1.46996472  1.32124831  0.32562316 -3.54971815]
                [-0.7753635  0.         0.        -0.7753635  0.7753635],
  "funcao_objetivo": 0.95519025856359781755611352395985912395206204146624,
  "confiabilidade_total": 0.95519025856359781755611352395985912395206204146624
}
 
Individuo 40:
{
  "Posicao": [5. 9. 9. 0. 0.]
             [2. 1. 1. 2. 1.],
  "Velocidade": [ 1.24507144e+00  8.75658474e+00  8.63537407e+00  1.11170671e-02
 -1.18424457e+01]
                [-0.12559977  0.          0.         -0.12559977 -4.04858336],
  "funcao_objetivo": 0.88420864696548405741569849218893746419445462733613,
  "confiabilidade_total": 0.98859198029881717028464433887410218867109008342134
}
 
Individuo 41:
{
  "Posicao": [3. 9. 3. 1. 6.]
             [2. 1. 1. 2. 2.],
  "Velocidade": [ 2.60379214  2.38221076 -1.04634861  0.1850633  -1.78221184]
                [0.91294591 0.         0.         0.91294591 0.1850633 ],
  "funcao_objetivo": 0.57030393427629029183102534738157878911122950879448,
  "confiabilidade_total": 0.99250393427629025603743503346653192585334452954643
}
 
Individuo 42:
{
  "Posicao": [6. 4. 5. 2. 1.]
             [2. 1. 1. 2. 3.],
  "Velocidade": [-0.57464564 -0.96317396 -0.5331762   1.09981455 -1.09402368]
                [0.5331762  0.         0.         0.5331762  1.61395371],
  "funcao_objetivo": 0.38320318418019667782324076965475709220597206754633,
  "confiabilidade_total": 0.99206985084686344210811724819602116985449253721186
}
 
Individuo 43:
{
  "Posicao": [6. 7. 6. 0. 0.]
             [2. 1. 1. 2. 1.],
  "Velocidade": [-2.5889824   5.94792946  2.55240814 -8.2457083  -1.51293883]
                [0.68542142 0.         0.         0.68542142 0.        ],
  "funcao_objetivo": 0.86194459272039681946195575627022790922273750804184,
  "confiabilidade_total": 0.98991125938706344822884651272254032573618795178650
}
 
Individuo 44:
{
  "Posicao": [5. 6. 9. 1. 1.]
             [2. 1. 1. 2. 3.],
  "Velocidade": [-2.91119474  6.23672163  2.23091717  0.41027455 -7.36493893]
                [1.39192147 0.         0.         1.39192147 1.74844617],
  "funcao_objetivo": 0.42649790156597356938286022839952750293387912246665,
  "confiabilidade_total": 0.99171456823264038094103309547995707182063601943930
}
 
Individuo 45:
{
  "Posicao": [9. 9. 7. 0. 3.]
             [2. 1. 1. 2. 1.],
  "Velocidade": [ 0.6873628   6.82512028 -2.05497507  0.20410272  2.57536263]
                [-0.16888823  0.          0.         -0.16888823  0.        ],
  "funcao_objetivo": 0.76221554442204744028941197967031111134733496781237,
  "confiabilidade_total": 0.98689887775538091119418103772220855704094706650622
}
 
Individuo 46:
{
  "Posicao": [7. 5. 5. 3. 6.]
             [2. 1. 1. 2. 2.],
  "Velocidade": [-0.20357419  0.20357419  1.28692741 -0.23849534 -2.4519904 ]
                [ 0.49245801  0.          0.          0.49245801 -0.65697407],
  "funcao_objetivo": 0.80598235179577352013950797925288950052732232707116,
  "confiabilidade_total": 0.99014901846244013758628722087094954174631837504479
}
 
Individuo 47:
{
  "Posicao": [6. 8. 0. 8. 2.]
             [3. 1. 1. 3. 1.],
  "Velocidade": [-1.30843663  1.81003283 -7.03890302  6.88042931 -1.30843663]
                [3.68643695 0.         0.         3.68643695 0.        ],
  "funcao_objetivo": 0.48988788500674063476388100000083326785744827906029,
  "confiabilidade_total": 0.99582121834007375872395486269131183116616409937279
}
 
Individuo 48:
{
  "Posicao": [7. 6. 8. 2. 3.]
             [3. 1. 1. 3. 1.],
  "Velocidade": [-1.6633669   1.67955949 -0.9540299  -0.33630153 -2.19030674]
                [-0.20614062  0.          0.         -0.20614062  0.        ],
  "funcao_objetivo": 0.49221968083317218674714643488111981406194454983538,
  "confiabilidade_total": 0.99403634749983897252594067016541451431197411373919
}
 
Individuo 49:
{
  "Posicao": [8. 0. 9. 7. 1.]
             [2. 1. 1. 2. 2.],
  "Velocidade": [-0.06420773 -2.71273571  0.6470578   7.04065306 -2.5889125 ]
                [0.70091688 0.         0.         0.70091688 0.3235289 ],
  "funcao_objetivo": 0.68986127017897830354784373901114845295856741661156,
  "confiabilidade_total": 0.99049460351231166704963739482540217807005194419945
}
 
Individuo 50:
{
  "Posicao": [4. 9. 9. 1. 2.]
             [2. 1. 1. 2. 1.],
  "Velocidade": [-3.18996027  6.57572341  2.13423246 -8.450489   -1.39113027]
                [-1.46342754  0.          0.         -1.46342754  0.        ],
  "funcao_objetivo": 0.76733358929687985957885880583661552124829508864021,
  "confiabilidade_total": 0.98758358929687978111384654045367702680812694632148
}
 
-----------------------------------------
Populacao final da era:
Individuo 1:
{
  "Posicao": [6. 6. 7. 0. 2.]
             [2. 1. 1. 2. 1.],
  "Velocidade": [ 0.2822846 -0.2822846  0.         0.         0.2822846]
                [0. 0. 0. 0. 0.],
  "funcao_objetivo": 0.84342738317813093109532742524017260860992791381364,
  "confiabilidade_total": 0.98909404984479751434723750840341120478106858459001
}
 
Individuo 2:
{
  "Posicao": [3. 6. 0. 9. 2.]
             [2. 1. 1. 2. 1.],
  "Velocidade": [-3.31845607 -0.0281549  -3.33678481  3.71805335 -0.67819783]
                [0. 0. 0. 0. 0.],
  "funcao_objetivo": 0.78777291992449507744882409750238190063930591364691,
  "confiabilidade_total": 0.98893958659116162672790962713583035984731754084418
}
 
Individuo 3:
{
  "Posicao": [8. 5. 9. 0. 7.]
             [2. 3. 1. 3. 1.],
  "Velocidade": [ 2.72141136 -2.07274356  0.75538429 -9.11390524  5.24241982]
                [0.         1.93681539 0.         1.99963274 0.        ],
  "funcao_objetivo": 0.21864672582571301320292444484253013862489508021815,
  "confiabilidade_total": 0.99388005915904606548699983773290245218395040858729
}
 
Individuo 4:
{
  "Posicao": [7. 8. 9. 2. 6.]
             [1. 2. 2. 1. 1.],
  "Velocidade": [-0.00237383  1.33671055  0.58656499  0.46951809  1.5103762 ]
                [-1.50850433  0.53590619  0.53590619 -1.50850433  0.        ],
  "funcao_objetivo": 0.96171577668380698236015725590068496858098359251797,
  "confiabilidade_total": 0.98571577668380694469584114549224933470927925253689
}
 
Individuo 5:
{
  "Posicao": [8. 3. 4. 0. 3.]
             [2. 1. 1. 1. 1.],
  "Velocidade": [ 3.34525892 -5.62672477 -5.15992096  0.          3.19224004]
                [ 0.          0.          0.         -3.39471516  0.        ],
  "funcao_objetivo": 0.97473427942349426015876478897153594923471538432423,
  "confiabilidade_total": 0.97473427942349426015876478897153594923471538432423
}
 
Individuo 6:
{
  "Posicao": [2. 7. 7. 3. 2.]
             [2. 1. 1. 2. 1.],
  "Velocidade": [ 1.698854    3.68633535  0.         -0.99091609  1.1444042 ]
                [-0.76097704  0.         -1.19564878 -0.76097704  0.        ],
  "funcao_objetivo": 0.81554251581607412454585306935258131316819138972883,
  "confiabilidade_total": 0.98879251581607405637815935736796973115720696895246
}
 
Individuo 7:
{
  "Posicao": [5. 6. 7. 0. 0.]
             [2. 1. 2. 2. 1.],
  "Velocidade": [ 3.5436115   2.97279769  2.92296463  0.         -7.38720766]
                [-0.14520528  0.          1.13388861 -0.14520528  0.        ],
  "funcao_objetivo": 0.73163096838918935615379838336362276484850270211914,
  "confiabilidade_total": 0.99654763505585605919877282358125207272950035989502
}
 
Individuo 8:
{
  "Posicao": [7. 6. 7. 0. 3.]
             [2. 1. 1. 2. 1.],
  "Velocidade": [  0.83291532   2.51333323   0.         -12.40294125   0.83291532]
                [ 0.          0.         -1.43050506  0.89853343  0.        ],
  "funcao_objetivo": 0.93460754426755660246711677211927249285446820908152,
  "confiabilidade_total": 0.98850754426755660593101260894976089897619901352488
}
 
Individuo 9:
{
  "Posicao": [7. 7. 8. 0. 1.]
             [1. 1. 1. 3. 1.],
  "Velocidade": [-0.94184137  1.33568811  0.19692337  0.          1.38176364]
                [ 0.19692337  0.          0.         -0.19692337  0.        ],
  "funcao_objetivo": 0.88984063614261941472300469597070928057149449468207,
  "confiabilidade_total": 0.96585730280928601001250792363220766628586152673316
}
 
Individuo 10:
{
  "Posicao": [6. 9. 4. 0. 2.]
             [1. 1. 1. 1. 1.],
  "Velocidade": [-1.39781846  5.28923383 -3.53854271  0.          1.83059264]
                [-3.02065016  0.         -3.36854265 -3.02065016 -3.36854265],
  "funcao_objetivo": 0.94841290590353764948467927677938233893402538214893,
  "confiabilidade_total": 0.94841290590353764948467927677938233893402538214893
}
 
Individuo 11:
{
  "Posicao": [3. 9. 9. 2. 2.]
             [2. 1. 1. 2. 1.],
  "Velocidade": [-0.93728757  2.40828767  2.45287902 -2.37127238  1.78200615]
                [-0.92426223  0.          0.          0.          0.        ],
  "funcao_objetivo": 0.74314145235097387127884205031471514413803287467334,
  "confiabilidade_total": 0.98739145235097364412721121200768697346299358329150
}
 
Individuo 12:
{
  "Posicao": [0. 8. 5. 4. 5.]
             [2. 1. 1. 2. 1.],
  "Velocidade": [-10.10304098   2.21040926  -4.09461306  -4.67292048  -1.22679033]
                [-0.58827772  0.          0.          0.58827772  0.        ],
  "funcao_objetivo": 0.88788332515635019971930574172120775889149977032729,
  "confiabilidade_total": 0.98854999182301672912539913056435414451650453869887
}
 
Individuo 13:
{
  "Posicao": [2. 8. 2. 1. 0.]
             [3. 1. 1. 2. 1.],
  "Velocidade": [ 2.08578118 -0.57360186  2.3304592  -5.01353348 -5.1047406 ]
                [0.72933952 0.         0.         0.         0.        ],
  "funcao_objetivo": 0.64436914356616402901014009863571896825370885141426,
  "confiabilidade_total": 0.99411914356616403433921061683647036228714085825020
}
 
Individuo 14:
{
  "Posicao": [6. 7. 8. 3. 5.]
             [2. 1. 1. 2. 1.],
  "Velocidade": [ 1.6425048  -1.63848316  2.10292613  3.289041    2.70804352]
                [ 0.          0.          0.         -0.60642295  0.        ],
  "funcao_objetivo": 0.92077439713023335472140717192451978336278226051629,
  "confiabilidade_total": 0.98577439713023332918627760554591935361925389442742
}
 
Individuo 15:
{
  "Posicao": [5. 7. 9. 0. 3.]
             [1. 1. 3. 1. 1.],
  "Velocidade": [-1.44914286 -1.38219528  3.28486913 -3.97183581  0.80883963]
                [-1.72073228  0.          0.87326844 -1.72073228  0.        ],
  "funcao_objetivo": 0.85706893244255389139744137514969577728974666368744,
  "confiabilidade_total": 0.97758559910922055917063032302610179591196622621796
}
 
Individuo 16:
{
  "Posicao": [9. 6. 0. 3. 9.]
             [2. 3. 1. 2. 1.],
  "Velocidade": [ 3.88583601 -1.05007421 -7.77147265 -3.10316479  6.77684631]
                [0.80679627 2.11094974 0.         0.         0.        ],
  "funcao_objetivo": 0.19145475760578402651264105920068005692190505813507,
  "confiabilidade_total": 0.99578809093911703802932698785530420612520553420929
}
 
Individuo 17:
{
  "Posicao": [4. 9. 7. 4. 0.]
             [2. 1. 3. 2. 1.],
  "Velocidade": [-0.12168182  3.41252257  0.          1.32910207 -0.82656611]
                [ 0.83051888  0.         -0.47082403  0.83051888  0.        ],
  "funcao_objetivo": 0.18149443082917741775140529462890994014446497053077,
  "confiabilidade_total": 0.99504443082917746864402874344608575316374063581398
}
 
Individuo 18:
{
  "Posicao": [0. 0. 2. 4. 4.]
             [1. 1. 1. 2. 1.],
  "Velocidade": [-3.62564457 -5.6710864  -4.15935048  0.80594421  0.88700238]
                [0.35405366 0.         0.         0.         0.        ],
  "funcao_objetivo": 0.85898728873426391065101604643148923960302429110768,
  "confiabilidade_total": 0.97998728873426375444263648167196400199804859072926
}
 
Individuo 19:
{
  "Posicao": [7. 5. 9. 9. 3.]
             [2. 1. 1. 1. 1.],
  "Velocidade": [ 1.94479285 -1.5690379   1.31596276 15.17449023  1.94479285]
                [0.         0.         0.         0.27208758 0.        ],
  "funcao_objetivo": 0.95815844008542908769647889032690898763270122709577,
  "confiabilidade_total": 0.95815844008542908769647889032690898763270122709577
}
 
Individuo 20:
{
  "Posicao": [7. 6. 7. 3. 1.]
             [2. 1. 1. 2. 1.],
  "Velocidade": [-1.29209746  1.35053291  0.          3.34594583 -0.95412406]
                [ 0.82416631 -0.82416631  0.          0.          0.        ],
  "funcao_objetivo": 0.94669121136857955595390807863564013032705750995326,
  "confiabilidade_total": 0.98727454470191292995841154740387472784609761768031
}
 
Individuo 21:
{
  "Posicao": [3. 9. 7. 9. 3.]
             [2. 1. 1. 3. 1.],
  "Velocidade": [ 1.49670368  0.5358237  -0.54770118  0.15077242  3.30855288]
                [ 0.          0.          0.         -0.22339512  0.        ],
  "funcao_objetivo": 0.48512672562354933926217047976568654060686341380147,
  "confiabilidade_total": 0.98986005895688284518337373449502127126181832407979
}
 
Individuo 22:
{
  "Posicao": [4. 9. 8. 6. 5.]
             [2. 1. 3. 2. 1.],
  "Velocidade": [-0.34470359  0.95291339  1.19125743 -2.08900076  5.10951351]
                [-1.4474486   0.          3.25296656 -1.4474486   0.        ],
  "funcao_objetivo": 0.41427219915109699459945748625874494288744169078507,
  "confiabilidade_total": 0.99413886581776344169361582939278542150439458690323
}
 
Individuo 23:
{
  "Posicao": [2. 4. 9. 0. 0.]
             [1. 1. 2. 1. 1.],
  "Velocidade": [-6.25161955 -4.94915653  3.74976542 -0.64187751 -6.25161955]
                [-2.09585485  0.          1.30483271 -2.09585485  0.        ],
  "funcao_objetivo": 0.94421743147779495143321671134274345356068011901608,
  "confiabilidade_total": 0.97621743147779497985492614174675088840565082214108
}
 
Individuo 24:
{
  "Posicao": [8. 7. 9. 0. 3.]
             [3. 1. 1. 1. 1.],
  "Velocidade": [  3.76849625  -0.47066784   3.01563644 -11.87657402   3.48630428]
                [ 3.01563644  0.          0.         -3.01563644  0.        ],
  "funcao_objetivo": 0.96796609305140319176585049972691857147459057219159,
  "confiabilidade_total": 0.97566609305140329436156020533763447202239302046430
}
 
Individuo 25:
{
  "Posicao": [2. 8. 0. 0. 9.]
             [1. 1. 1. 2. 1.],
  "Velocidade": [-3.40491762 -0.24091145 -6.81537594  0.          8.76273572]
                [-4.40178156  0.          0.          0.          0.        ],
  "funcao_objetivo": 0.97960599611370957270969895830073927911827666014952,
  "confiabilidade_total": 0.97960599611370957270969895830073927911827666014952
}
 
Individuo 26:
{
  "Posicao": [0. 9. 3. 5. 6.]
             [1. 2. 1. 1. 1.],
  "Velocidade": [-2.62214968  0.33743861 -1.70657626  4.78689839  5.54484716]
                [ 0.01810891 -0.83928285  0.          0.01810891  0.        ],
  "funcao_objetivo": 0.97404458680745603270626533468169056291152859837531,
  "confiabilidade_total": 0.97404458680745603270626533468169056291152859837531
}
 
Individuo 27:
{
  "Posicao": [3. 8. 7. 7. 1.]
             [2. 1. 1. 2. 1.],
  "Velocidade": [-2.43405191  1.41700538  0.          3.54392522  0.8675406 ]
                [0.95841593 0.         0.         0.         0.30849362],
  "funcao_objetivo": 0.98690079294055578105870531338890890895844344436655,
  "confiabilidade_total": 0.98690079294055578105870531338890890895844344436655
}
 
Individuo 28:
{
  "Posicao": [4. 7. 8. 0. 1.]
             [2. 1. 1. 2. 1.],
  "Velocidade": [-3.00693255  1.96913441 -0.50457896  0.          0.51173293]
                [0.22291701 0.22291701 0.         0.22291701 0.        ],
  "funcao_objetivo": 0.83340219433035865027649001552714378920260057249786,
  "confiabilidade_total": 0.98971886099702544143986592024344771050724372664214
}
 
Individuo 29:
{
  "Posicao": [9. 1. 9. 2. 9.]
             [2. 1. 1. 2. 1.],
  "Velocidade": [13.40580679 -3.58037078  8.8192937   2.37740743  4.72502061]
                [-0.44484361  0.          0.         -0.44484361  0.        ],
  "funcao_objetivo": 0.79437156036056980136338964013184723587253233104187,
  "confiabilidade_total": 0.98660489369390317544560872062384279122122665553527
}
 
Individuo 30:
{
  "Posicao": [7. 5. 4. 2. 6.]
             [3. 1. 2. 3. 1.],
  "Velocidade": [ 2.51365877 -2.51365877 -0.68283393 -1.67233999  3.47716484]
                [2.21969653 0.         0.26484726 2.21969653 0.        ],
  "funcao_objetivo": 0.15380276697280110439206040332222939537332477802918,
  "confiabilidade_total": 0.99871943363946792012467184299324755625293674702332
}
 
Individuo 31:
{
  "Posicao": [9. 6. 7. 9. 4.]
             [1. 2. 1. 1. 1.],
  "Velocidade": [ 3.53952816  0.36755856  0.         -0.07217764 -1.84258936]
                [0.31958753 1.44267878 0.         0.31958753 0.        ],
  "funcao_objetivo": 0.95733895786182488619492393845462377476895367559450,
  "confiabilidade_total": 0.95733895786182488619492393845462377476895367559450
}
 
Individuo 32:
{
  "Posicao": [9. 5. 7. 7. 0.]
             [2. 1. 3. 2. 1.],
  "Velocidade": [ 5.88314755 -2.75332338  1.23636391  7.08695298  0.2172623 ]
                [0.67885736 0.         2.53606107 0.67885736 0.        ],
  "funcao_objetivo": 0.44450110960997632020782390047455344662037226331545,
  "confiabilidade_total": 0.99458444294330946672762962354821291133728357923342
}
 
Individuo 33:
{
  "Posicao": [4. 5. 7. 0. 0.]
             [1. 1. 1. 1. 1.],
  "Velocidade": [-2.64649681 -3.11875971 -1.82487783 -3.71689061  0.06393131]
                [-0.80748894 -1.81560422  0.         -0.80748894  0.        ],
  "funcao_objetivo": 0.95103967721612683328783129683193757606886034386114,
  "confiabilidade_total": 0.95103967721612683328783129683193757606886034386114
}
 
Individuo 34:
{
  "Posicao": [0. 0. 9. 0. 8.]
             [2. 1. 1. 2. 1.],
  "Velocidade": [-10.07097128   0.16584752   1.41768209  -7.89448723   1.50237551]
                [ 0.9265856  -3.56190455  0.          0.9265856   0.        ],
  "funcao_objetivo": 0.75646544884308830257612356739174409771491269841735,
  "confiabilidade_total": 0.99286544884308830159912730572160634214211683049743
}
 
Individuo 35:
{
  "Posicao": [6. 7. 6. 2. 0.]
             [2. 1. 1. 3. 1.],
  "Velocidade": [ 4.52020434 -1.63172572 -3.38268337 -5.82220694  0.14548432]
                [0.         0.         0.         1.74734649 0.        ],
  "funcao_objetivo": 0.63592693913531859063166678450417096060672666655501,
  "confiabilidade_total": 0.99151027246865184195652603219260784131446745024642
}
 
Individuo 36:
{
  "Posicao": [6. 4. 6. 9. 6.]
             [2. 1. 1. 2. 1.],
  "Velocidade": [-0.27874661  1.49374162  1.67317395 12.88663844  6.33935003]
                [ 0.          0.          0.         -0.90003828  0.        ],
  "funcao_objetivo": 0.81302687198167795166001629832175694384993343735232,
  "confiabilidade_total": 0.98511020531501134531546730295526230686725407028689
}
 
Individuo 37:
{
  "Posicao": [1. 0. 9. 9. 9.]
             [2. 1. 1. 2. 1.],
  "Velocidade": [ -7.72563793 -11.01598217   2.8755082    3.06263565   8.09329627]
                [0.59031338 0.         0.         0.         0.        ],
  "funcao_objetivo": 0.73737685335000645925456158266848539223416366654228,
  "confiabilidade_total": 0.98932685335000616122629285229146368091447868424247
}
 
Individuo 38:
{
  "Posicao": [3. 9. 9. 0. 0.]
             [1. 1. 1. 1. 1.],
  "Velocidade": [-3.72163701  3.72163701  3.62485899  0.         -1.61085943]
                [-1.5152298  0.         0.        -1.5152298 -1.5152298],
  "funcao_objetivo": 0.94707734170364287690704883392142863952997082229072,
  "confiabilidade_total": 0.94707734170364287690704883392142863952997082229072
}
 
Individuo 39:
{
  "Posicao": [9. 7. 7. 0. 5.]
             [3. 1. 1. 3. 1.],
  "Velocidade": [5.86173417 1.39409914 1.25408559 0.30656774 3.91699815]
                [ 2.90966085  0.          0.          2.90966085 -2.90966085],
  "funcao_objetivo": 0.25113459709697377255828633248974365943674080141835,
  "confiabilidade_total": 0.99361793043030726759930394589254429394010536440663
}
 
Individuo 40:
{
  "Posicao": [2. 2. 2. 7. 3.]
             [1. 1. 1. 1. 3.],
  "Velocidade": [-2.84416026 -7.0810387  -7.19515614  6.70441701  2.53772259]
                [-1.45703979  0.          0.         -1.45703979  3.81166087],
  "funcao_objetivo": 0.71809699868737484889489730908058805383675721633108,
  "confiabilidade_total": 0.95801366535404146034647221772280277676814225661428
}
 
Individuo 41:
{
  "Posicao": [5. 7. 9. 0. 0.]
             [2. 1. 1. 2. 1.],
  "Velocidade": [ 2.10237798 -1.70133265  5.82986278 -1.26118779 -6.70843445]
                [-0.21377391  0.          0.         -0.21377391 -1.26118779],
  "funcao_objetivo": 0.94970385568752521380004402127587527099901106283444,
  "confiabilidade_total": 0.98908718902085851873757312811312148876392509863156
}
 
Individuo 42:
{
  "Posicao": [5. 3. 8. 3. 3.]
             [2. 1. 1. 2. 2.],
  "Velocidade": [-0.94282905 -0.53337835  2.79766026  1.06383434  2.29801426]
                [-0.33002915  0.          0.         -0.33002915 -0.94812572],
  "funcao_objetivo": 0.70071030415099946020181013828395387308562476378024,
  "confiabilidade_total": 0.99062697081766606055115480067460319178069312315524
}
 
Individuo 43:
{
  "Posicao": [3. 9. 8. 5. 0.]
             [2. 1. 1. 2. 1.],
  "Velocidade": [-2.74895155  2.78690275  1.50896557  4.95021592  0.09262619]
                [0.24345998 0.         0.         0.24345998 0.        ],
  "funcao_objetivo": 0.92836935218196373169339934878586635059144901966295,
  "confiabilidade_total": 0.98686935218196370038511005435645191064503597950182
}
 
Individuo 44:
{
  "Posicao": [6. 7. 9. 1. 0.]
             [2. 1. 1. 2. 1.],
  "Velocidade": [ 0.59951627  1.48178215  1.97270361  0.32243504 -2.48014604]
                [ 0.197017    0.          0.          0.197017   -1.51846674],
  "funcao_objetivo": 0.88294165285748565565197353637493857144825217506663,
  "confiabilidade_total": 0.98832498619081897410646796802346566887088176986948
}
 
Individuo 45:
{
  "Posicao": [3. 9. 4. 1. 5.]
             [2. 1. 1. 2. 1.],
  "Velocidade": [-5.63546564  3.28441323 -3.44739347  0.94849628  2.30870123]
                [-0.15900492  0.          0.         -0.15900492  0.        ],
  "funcao_objetivo": 0.84340923144586684171986846944153851191094843766349,
  "confiabilidade_total": 0.98832589811253339655006912220076967323711840531486
}
 
Individuo 46:
{
  "Posicao": [7. 5. 8. 1. 2.]
             [2. 1. 1. 2. 1.],
  "Velocidade": [-0.25450041  0.25450041  3.15467449 -2.19901618 -4.3458172 ]
                [ 0.46363945  0.          0.          0.46363945 -2.53016626],
  "funcao_objetivo": 0.98794124211585481484741622524859990276808177861845,
  "confiabilidade_total": 0.98794124211585481484741622524859990276808177861845
}
 
Individuo 47:
{
  "Posicao": [5. 5. 8. 0. 1.]
             [2. 1. 1. 2. 1.],
  "Velocidade": [-1.29371954 -2.55622045  7.80090618 -9.41145112 -1.29371954]
                [-0.60986946  0.          0.         -0.60986946  0.        ],
  "funcao_objetivo": 0.98907292228780385008130497567627053698170062401227,
  "confiabilidade_total": 0.98907292228780385008130497567627053698170062401227
}
 
Individuo 48:
{
  "Posicao": [5. 7. 6. 0. 1.]
             [1. 1. 1. 1. 1.],
  "Velocidade": [-1.69857862  0.78219177 -1.82983208 -5.64130896 -2.19468202]
                [-2.85642117  0.          0.         -2.85642117  0.        ],
  "funcao_objetivo": 0.94832201927169837406328521991212139364393754890780,
  "confiabilidade_total": 0.94832201927169837406328521991212139364393754890780
}
 
Individuo 49:
{
  "Posicao": [1. 9. 4. 0. 1.]
             [3. 1. 1. 3. 1.],
  "Velocidade": [ -6.70843635  15.80102793  -5.24432228 -13.85866514  -0.30512423]
                [ 0.65989933  0.          0.          0.65989933 -2.62216114],
  "funcao_objetivo": 0.14262536790302223503055081500666796917574347980424,
  "confiabilidade_total": 0.99564203456968888032172351422365404421942176349565
}
 
Individuo 50:
{
  "Posicao": [6. 8. 7. 0. 2.]
             [1. 1. 1. 1. 1.],
  "Velocidade": [  2.474566    -1.35181906  -2.12042622 -10.02084951   0.03836502]
                [-1.37778797  0.          0.         -1.37778797  0.        ],
  "funcao_objetivo": 0.94694715138040506262997967999773283129646220963227,
  "confiabilidade_total": 0.94694715138040506262997967999773283129646220963227
}
 
-----------------------------------------
-----------------------------------------
-----------------------------------------
-----------------------------------------
GERACAO 8
Populacao antes da execucao:
Individuo 1:
{
  "Posicao": [6. 6. 7. 0. 2.]
             [2. 1. 1. 2. 1.],
  "Velocidade": [ 0.2822846 -0.2822846  0.         0.         0.2822846]
                [0. 0. 0. 0. 0.],
  "funcao_objetivo": 0.84342738317813093109532742524017260860992791381364,
  "confiabilidade_total": 0.98909404984479751434723750840341120478106858459001
}
 
Individuo 2:
{
  "Posicao": [3. 6. 0. 9. 2.]
             [2. 1. 1. 2. 1.],
  "Velocidade": [-3.31845607 -0.0281549  -3.33678481  3.71805335 -0.67819783]
                [0. 0. 0. 0. 0.],
  "funcao_objetivo": 0.78777291992449507744882409750238190063930591364691,
  "confiabilidade_total": 0.98893958659116162672790962713583035984731754084418
}
 
Individuo 3:
{
  "Posicao": [8. 5. 9. 0. 7.]
             [2. 3. 1. 3. 1.],
  "Velocidade": [ 2.72141136 -2.07274356  0.75538429 -9.11390524  5.24241982]
                [0.         1.93681539 0.         1.99963274 0.        ],
  "funcao_objetivo": 0.21864672582571301320292444484253013862489508021815,
  "confiabilidade_total": 0.99388005915904606548699983773290245218395040858729
}
 
Individuo 4:
{
  "Posicao": [7. 8. 9. 2. 6.]
             [1. 2. 2. 1. 1.],
  "Velocidade": [-0.00237383  1.33671055  0.58656499  0.46951809  1.5103762 ]
                [-1.50850433  0.53590619  0.53590619 -1.50850433  0.        ],
  "funcao_objetivo": 0.96171577668380698236015725590068496858098359251797,
  "confiabilidade_total": 0.98571577668380694469584114549224933470927925253689
}
 
Individuo 5:
{
  "Posicao": [8. 3. 4. 0. 3.]
             [2. 1. 1. 1. 1.],
  "Velocidade": [ 3.34525892 -5.62672477 -5.15992096  0.          3.19224004]
                [ 0.          0.          0.         -3.39471516  0.        ],
  "funcao_objetivo": 0.97473427942349426015876478897153594923471538432423,
  "confiabilidade_total": 0.97473427942349426015876478897153594923471538432423
}
 
Individuo 6:
{
  "Posicao": [2. 7. 7. 3. 2.]
             [2. 1. 1. 2. 1.],
  "Velocidade": [ 1.698854    3.68633535  0.         -0.99091609  1.1444042 ]
                [-0.76097704  0.         -1.19564878 -0.76097704  0.        ],
  "funcao_objetivo": 0.81554251581607412454585306935258131316819138972883,
  "confiabilidade_total": 0.98879251581607405637815935736796973115720696895246
}
 
Individuo 7:
{
  "Posicao": [5. 6. 7. 0. 0.]
             [2. 1. 2. 2. 1.],
  "Velocidade": [ 3.5436115   2.97279769  2.92296463  0.         -7.38720766]
                [-0.14520528  0.          1.13388861 -0.14520528  0.        ],
  "funcao_objetivo": 0.73163096838918935615379838336362276484850270211914,
  "confiabilidade_total": 0.99654763505585605919877282358125207272950035989502
}
 
Individuo 8:
{
  "Posicao": [7. 6. 7. 0. 3.]
             [2. 1. 1. 2. 1.],
  "Velocidade": [  0.83291532   2.51333323   0.         -12.40294125   0.83291532]
                [ 0.          0.         -1.43050506  0.89853343  0.        ],
  "funcao_objetivo": 0.93460754426755660246711677211927249285446820908152,
  "confiabilidade_total": 0.98850754426755660593101260894976089897619901352488
}
 
Individuo 9:
{
  "Posicao": [7. 7. 8. 0. 1.]
             [1. 1. 1. 3. 1.],
  "Velocidade": [-0.94184137  1.33568811  0.19692337  0.          1.38176364]
                [ 0.19692337  0.          0.         -0.19692337  0.        ],
  "funcao_objetivo": 0.88984063614261941472300469597070928057149449468207,
  "confiabilidade_total": 0.96585730280928601001250792363220766628586152673316
}
 
Individuo 10:
{
  "Posicao": [6. 9. 4. 0. 2.]
             [1. 1. 1. 1. 1.],
  "Velocidade": [-1.39781846  5.28923383 -3.53854271  0.          1.83059264]
                [-3.02065016  0.         -3.36854265 -3.02065016 -3.36854265],
  "funcao_objetivo": 0.94841290590353764948467927677938233893402538214893,
  "confiabilidade_total": 0.94841290590353764948467927677938233893402538214893
}
 
Individuo 11:
{
  "Posicao": [3. 9. 9. 2. 2.]
             [2. 1. 1. 2. 1.],
  "Velocidade": [-0.93728757  2.40828767  2.45287902 -2.37127238  1.78200615]
                [-0.92426223  0.          0.          0.          0.        ],
  "funcao_objetivo": 0.74314145235097387127884205031471514413803287467334,
  "confiabilidade_total": 0.98739145235097364412721121200768697346299358329150
}
 
Individuo 12:
{
  "Posicao": [0. 8. 5. 4. 5.]
             [2. 1. 1. 2. 1.],
  "Velocidade": [-10.10304098   2.21040926  -4.09461306  -4.67292048  -1.22679033]
                [-0.58827772  0.          0.          0.58827772  0.        ],
  "funcao_objetivo": 0.88788332515635019971930574172120775889149977032729,
  "confiabilidade_total": 0.98854999182301672912539913056435414451650453869887
}
 
Individuo 13:
{
  "Posicao": [2. 8. 2. 1. 0.]
             [3. 1. 1. 2. 1.],
  "Velocidade": [ 2.08578118 -0.57360186  2.3304592  -5.01353348 -5.1047406 ]
                [0.72933952 0.         0.         0.         0.        ],
  "funcao_objetivo": 0.64436914356616402901014009863571896825370885141426,
  "confiabilidade_total": 0.99411914356616403433921061683647036228714085825020
}
 
Individuo 14:
{
  "Posicao": [6. 7. 8. 3. 5.]
             [2. 1. 1. 2. 1.],
  "Velocidade": [ 1.6425048  -1.63848316  2.10292613  3.289041    2.70804352]
                [ 0.          0.          0.         -0.60642295  0.        ],
  "funcao_objetivo": 0.92077439713023335472140717192451978336278226051629,
  "confiabilidade_total": 0.98577439713023332918627760554591935361925389442742
}
 
Individuo 15:
{
  "Posicao": [5. 7. 9. 0. 3.]
             [1. 1. 3. 1. 1.],
  "Velocidade": [-1.44914286 -1.38219528  3.28486913 -3.97183581  0.80883963]
                [-1.72073228  0.          0.87326844 -1.72073228  0.        ],
  "funcao_objetivo": 0.85706893244255389139744137514969577728974666368744,
  "confiabilidade_total": 0.97758559910922055917063032302610179591196622621796
}
 
Individuo 16:
{
  "Posicao": [9. 6. 0. 3. 9.]
             [2. 3. 1. 2. 1.],
  "Velocidade": [ 3.88583601 -1.05007421 -7.77147265 -3.10316479  6.77684631]
                [0.80679627 2.11094974 0.         0.         0.        ],
  "funcao_objetivo": 0.19145475760578402651264105920068005692190505813507,
  "confiabilidade_total": 0.99578809093911703802932698785530420612520553420929
}
 
Individuo 17:
{
  "Posicao": [4. 9. 7. 4. 0.]
             [2. 1. 3. 2. 1.],
  "Velocidade": [-0.12168182  3.41252257  0.          1.32910207 -0.82656611]
                [ 0.83051888  0.         -0.47082403  0.83051888  0.        ],
  "funcao_objetivo": 0.18149443082917741775140529462890994014446497053077,
  "confiabilidade_total": 0.99504443082917746864402874344608575316374063581398
}
 
Individuo 18:
{
  "Posicao": [0. 0. 2. 4. 4.]
             [1. 1. 1. 2. 1.],
  "Velocidade": [-3.62564457 -5.6710864  -4.15935048  0.80594421  0.88700238]
                [0.35405366 0.         0.         0.         0.        ],
  "funcao_objetivo": 0.85898728873426391065101604643148923960302429110768,
  "confiabilidade_total": 0.97998728873426375444263648167196400199804859072926
}
 
Individuo 19:
{
  "Posicao": [7. 5. 9. 9. 3.]
             [2. 1. 1. 1. 1.],
  "Velocidade": [ 1.94479285 -1.5690379   1.31596276 15.17449023  1.94479285]
                [0.         0.         0.         0.27208758 0.        ],
  "funcao_objetivo": 0.95815844008542908769647889032690898763270122709577,
  "confiabilidade_total": 0.95815844008542908769647889032690898763270122709577
}
 
Individuo 20:
{
  "Posicao": [7. 6. 7. 3. 1.]
             [2. 1. 1. 2. 1.],
  "Velocidade": [-1.29209746  1.35053291  0.          3.34594583 -0.95412406]
                [ 0.82416631 -0.82416631  0.          0.          0.        ],
  "funcao_objetivo": 0.94669121136857955595390807863564013032705750995326,
  "confiabilidade_total": 0.98727454470191292995841154740387472784609761768031
}
 
Individuo 21:
{
  "Posicao": [3. 9. 7. 9. 3.]
             [2. 1. 1. 3. 1.],
  "Velocidade": [ 1.49670368  0.5358237  -0.54770118  0.15077242  3.30855288]
                [ 0.          0.          0.         -0.22339512  0.        ],
  "funcao_objetivo": 0.48512672562354933926217047976568654060686341380147,
  "confiabilidade_total": 0.98986005895688284518337373449502127126181832407979
}
 
Individuo 22:
{
  "Posicao": [4. 9. 8. 6. 5.]
             [2. 1. 3. 2. 1.],
  "Velocidade": [-0.34470359  0.95291339  1.19125743 -2.08900076  5.10951351]
                [-1.4474486   0.          3.25296656 -1.4474486   0.        ],
  "funcao_objetivo": 0.41427219915109699459945748625874494288744169078507,
  "confiabilidade_total": 0.99413886581776344169361582939278542150439458690323
}
 
Individuo 23:
{
  "Posicao": [2. 4. 9. 0. 0.]
             [1. 1. 2. 1. 1.],
  "Velocidade": [-6.25161955 -4.94915653  3.74976542 -0.64187751 -6.25161955]
                [-2.09585485  0.          1.30483271 -2.09585485  0.        ],
  "funcao_objetivo": 0.94421743147779495143321671134274345356068011901608,
  "confiabilidade_total": 0.97621743147779497985492614174675088840565082214108
}
 
Individuo 24:
{
  "Posicao": [8. 7. 9. 0. 3.]
             [3. 1. 1. 1. 1.],
  "Velocidade": [  3.76849625  -0.47066784   3.01563644 -11.87657402   3.48630428]
                [ 3.01563644  0.          0.         -3.01563644  0.        ],
  "funcao_objetivo": 0.96796609305140319176585049972691857147459057219159,
  "confiabilidade_total": 0.97566609305140329436156020533763447202239302046430
}
 
Individuo 25:
{
  "Posicao": [2. 8. 0. 0. 9.]
             [1. 1. 1. 2. 1.],
  "Velocidade": [-3.40491762 -0.24091145 -6.81537594  0.          8.76273572]
                [-4.40178156  0.          0.          0.          0.        ],
  "funcao_objetivo": 0.97960599611370957270969895830073927911827666014952,
  "confiabilidade_total": 0.97960599611370957270969895830073927911827666014952
}
 
Individuo 26:
{
  "Posicao": [0. 9. 3. 5. 6.]
             [1. 2. 1. 1. 1.],
  "Velocidade": [-2.62214968  0.33743861 -1.70657626  4.78689839  5.54484716]
                [ 0.01810891 -0.83928285  0.          0.01810891  0.        ],
  "funcao_objetivo": 0.97404458680745603270626533468169056291152859837531,
  "confiabilidade_total": 0.97404458680745603270626533468169056291152859837531
}
 
Individuo 27:
{
  "Posicao": [3. 8. 7. 7. 1.]
             [2. 1. 1. 2. 1.],
  "Velocidade": [-2.43405191  1.41700538  0.          3.54392522  0.8675406 ]
                [0.95841593 0.         0.         0.         0.30849362],
  "funcao_objetivo": 0.98690079294055578105870531338890890895844344436655,
  "confiabilidade_total": 0.98690079294055578105870531338890890895844344436655
}
 
Individuo 28:
{
  "Posicao": [4. 7. 8. 0. 1.]
             [2. 1. 1. 2. 1.],
  "Velocidade": [-3.00693255  1.96913441 -0.50457896  0.          0.51173293]
                [0.22291701 0.22291701 0.         0.22291701 0.        ],
  "funcao_objetivo": 0.83340219433035865027649001552714378920260057249786,
  "confiabilidade_total": 0.98971886099702544143986592024344771050724372664214
}
 
Individuo 29:
{
  "Posicao": [9. 1. 9. 2. 9.]
             [2. 1. 1. 2. 1.],
  "Velocidade": [13.40580679 -3.58037078  8.8192937   2.37740743  4.72502061]
                [-0.44484361  0.          0.         -0.44484361  0.        ],
  "funcao_objetivo": 0.79437156036056980136338964013184723587253233104187,
  "confiabilidade_total": 0.98660489369390317544560872062384279122122665553527
}
 
Individuo 30:
{
  "Posicao": [7. 5. 4. 2. 6.]
             [3. 1. 2. 3. 1.],
  "Velocidade": [ 2.51365877 -2.51365877 -0.68283393 -1.67233999  3.47716484]
                [2.21969653 0.         0.26484726 2.21969653 0.        ],
  "funcao_objetivo": 0.15380276697280110439206040332222939537332477802918,
  "confiabilidade_total": 0.99871943363946792012467184299324755625293674702332
}
 
Individuo 31:
{
  "Posicao": [9. 6. 7. 9. 4.]
             [1. 2. 1. 1. 1.],
  "Velocidade": [ 3.53952816  0.36755856  0.         -0.07217764 -1.84258936]
                [0.31958753 1.44267878 0.         0.31958753 0.        ],
  "funcao_objetivo": 0.95733895786182488619492393845462377476895367559450,
  "confiabilidade_total": 0.95733895786182488619492393845462377476895367559450
}
 
Individuo 32:
{
  "Posicao": [9. 5. 7. 7. 0.]
             [2. 1. 3. 2. 1.],
  "Velocidade": [ 5.88314755 -2.75332338  1.23636391  7.08695298  0.2172623 ]
                [0.67885736 0.         2.53606107 0.67885736 0.        ],
  "funcao_objetivo": 0.44450110960997632020782390047455344662037226331545,
  "confiabilidade_total": 0.99458444294330946672762962354821291133728357923342
}
 
Individuo 33:
{
  "Posicao": [4. 5. 7. 0. 0.]
             [1. 1. 1. 1. 1.],
  "Velocidade": [-2.64649681 -3.11875971 -1.82487783 -3.71689061  0.06393131]
                [-0.80748894 -1.81560422  0.         -0.80748894  0.        ],
  "funcao_objetivo": 0.95103967721612683328783129683193757606886034386114,
  "confiabilidade_total": 0.95103967721612683328783129683193757606886034386114
}
 
Individuo 34:
{
  "Posicao": [0. 0. 9. 0. 8.]
             [2. 1. 1. 2. 1.],
  "Velocidade": [-10.07097128   0.16584752   1.41768209  -7.89448723   1.50237551]
                [ 0.9265856  -3.56190455  0.          0.9265856   0.        ],
  "funcao_objetivo": 0.75646544884308830257612356739174409771491269841735,
  "confiabilidade_total": 0.99286544884308830159912730572160634214211683049743
}
 
Individuo 35:
{
  "Posicao": [6. 7. 6. 2. 0.]
             [2. 1. 1. 3. 1.],
  "Velocidade": [ 4.52020434 -1.63172572 -3.38268337 -5.82220694  0.14548432]
                [0.         0.         0.         1.74734649 0.        ],
  "funcao_objetivo": 0.63592693913531859063166678450417096060672666655501,
  "confiabilidade_total": 0.99151027246865184195652603219260784131446745024642
}
 
Individuo 36:
{
  "Posicao": [6. 4. 6. 9. 6.]
             [2. 1. 1. 2. 1.],
  "Velocidade": [-0.27874661  1.49374162  1.67317395 12.88663844  6.33935003]
                [ 0.          0.          0.         -0.90003828  0.        ],
  "funcao_objetivo": 0.81302687198167795166001629832175694384993343735232,
  "confiabilidade_total": 0.98511020531501134531546730295526230686725407028689
}
 
Individuo 37:
{
  "Posicao": [1. 0. 9. 9. 9.]
             [2. 1. 1. 2. 1.],
  "Velocidade": [ -7.72563793 -11.01598217   2.8755082    3.06263565   8.09329627]
                [0.59031338 0.         0.         0.         0.        ],
  "funcao_objetivo": 0.73737685335000645925456158266848539223416366654228,
  "confiabilidade_total": 0.98932685335000616122629285229146368091447868424247
}
 
Individuo 38:
{
  "Posicao": [3. 9. 9. 0. 0.]
             [1. 1. 1. 1. 1.],
  "Velocidade": [-3.72163701  3.72163701  3.62485899  0.         -1.61085943]
                [-1.5152298  0.         0.        -1.5152298 -1.5152298],
  "funcao_objetivo": 0.94707734170364287690704883392142863952997082229072,
  "confiabilidade_total": 0.94707734170364287690704883392142863952997082229072
}
 
Individuo 39:
{
  "Posicao": [9. 7. 7. 0. 5.]
             [3. 1. 1. 3. 1.],
  "Velocidade": [5.86173417 1.39409914 1.25408559 0.30656774 3.91699815]
                [ 2.90966085  0.          0.          2.90966085 -2.90966085],
  "funcao_objetivo": 0.25113459709697377255828633248974365943674080141835,
  "confiabilidade_total": 0.99361793043030726759930394589254429394010536440663
}
 
Individuo 40:
{
  "Posicao": [2. 2. 2. 7. 3.]
             [1. 1. 1. 1. 3.],
  "Velocidade": [-2.84416026 -7.0810387  -7.19515614  6.70441701  2.53772259]
                [-1.45703979  0.          0.         -1.45703979  3.81166087],
  "funcao_objetivo": 0.71809699868737484889489730908058805383675721633108,
  "confiabilidade_total": 0.95801366535404146034647221772280277676814225661428
}
 
Individuo 41:
{
  "Posicao": [5. 7. 9. 0. 0.]
             [2. 1. 1. 2. 1.],
  "Velocidade": [ 2.10237798 -1.70133265  5.82986278 -1.26118779 -6.70843445]
                [-0.21377391  0.          0.         -0.21377391 -1.26118779],
  "funcao_objetivo": 0.94970385568752521380004402127587527099901106283444,
  "confiabilidade_total": 0.98908718902085851873757312811312148876392509863156
}
 
Individuo 42:
{
  "Posicao": [5. 3. 8. 3. 3.]
             [2. 1. 1. 2. 2.],
  "Velocidade": [-0.94282905 -0.53337835  2.79766026  1.06383434  2.29801426]
                [-0.33002915  0.          0.         -0.33002915 -0.94812572],
  "funcao_objetivo": 0.70071030415099946020181013828395387308562476378024,
  "confiabilidade_total": 0.99062697081766606055115480067460319178069312315524
}
 
Individuo 43:
{
  "Posicao": [3. 9. 8. 5. 0.]
             [2. 1. 1. 2. 1.],
  "Velocidade": [-2.74895155  2.78690275  1.50896557  4.95021592  0.09262619]
                [0.24345998 0.         0.         0.24345998 0.        ],
  "funcao_objetivo": 0.92836935218196373169339934878586635059144901966295,
  "confiabilidade_total": 0.98686935218196370038511005435645191064503597950182
}
 
Individuo 44:
{
  "Posicao": [6. 7. 9. 1. 0.]
             [2. 1. 1. 2. 1.],
  "Velocidade": [ 0.59951627  1.48178215  1.97270361  0.32243504 -2.48014604]
                [ 0.197017    0.          0.          0.197017   -1.51846674],
  "funcao_objetivo": 0.88294165285748565565197353637493857144825217506663,
  "confiabilidade_total": 0.98832498619081897410646796802346566887088176986948
}
 
Individuo 45:
{
  "Posicao": [3. 9. 4. 1. 5.]
             [2. 1. 1. 2. 1.],
  "Velocidade": [-5.63546564  3.28441323 -3.44739347  0.94849628  2.30870123]
                [-0.15900492  0.          0.         -0.15900492  0.        ],
  "funcao_objetivo": 0.84340923144586684171986846944153851191094843766349,
  "confiabilidade_total": 0.98832589811253339655006912220076967323711840531486
}
 
Individuo 46:
{
  "Posicao": [7. 5. 8. 1. 2.]
             [2. 1. 1. 2. 1.],
  "Velocidade": [-0.25450041  0.25450041  3.15467449 -2.19901618 -4.3458172 ]
                [ 0.46363945  0.          0.          0.46363945 -2.53016626],
  "funcao_objetivo": 0.98794124211585481484741622524859990276808177861845,
  "confiabilidade_total": 0.98794124211585481484741622524859990276808177861845
}
 
Individuo 47:
{
  "Posicao": [5. 5. 8. 0. 1.]
             [2. 1. 1. 2. 1.],
  "Velocidade": [-1.29371954 -2.55622045  7.80090618 -9.41145112 -1.29371954]
                [-0.60986946  0.          0.         -0.60986946  0.        ],
  "funcao_objetivo": 0.98907292228780385008130497567627053698170062401227,
  "confiabilidade_total": 0.98907292228780385008130497567627053698170062401227
}
 
Individuo 48:
{
  "Posicao": [5. 7. 6. 0. 1.]
             [1. 1. 1. 1. 1.],
  "Velocidade": [-1.69857862  0.78219177 -1.82983208 -5.64130896 -2.19468202]
                [-2.85642117  0.          0.         -2.85642117  0.        ],
  "funcao_objetivo": 0.94832201927169837406328521991212139364393754890780,
  "confiabilidade_total": 0.94832201927169837406328521991212139364393754890780
}
 
Individuo 49:
{
  "Posicao": [1. 9. 4. 0. 1.]
             [3. 1. 1. 3. 1.],
  "Velocidade": [ -6.70843635  15.80102793  -5.24432228 -13.85866514  -0.30512423]
                [ 0.65989933  0.          0.          0.65989933 -2.62216114],
  "funcao_objetivo": 0.14262536790302223503055081500666796917574347980424,
  "confiabilidade_total": 0.99564203456968888032172351422365404421942176349565
}
 
Individuo 50:
{
  "Posicao": [6. 8. 7. 0. 2.]
             [1. 1. 1. 1. 1.],
  "Velocidade": [  2.474566    -1.35181906  -2.12042622 -10.02084951   0.03836502]
                [-1.37778797  0.          0.         -1.37778797  0.        ],
  "funcao_objetivo": 0.94694715138040506262997967999773283129646220963227,
  "confiabilidade_total": 0.94694715138040506262997967999773283129646220963227
}
 
-----------------------------------------
Populacao final da era:
Individuo 1:
{
  "Posicao": [8. 4. 7. 0. 4.]
             [2. 1. 1. 2. 1.],
  "Velocidade": [ 1.98059809 -1.98059809  0.          0.          1.98059809]
                [0. 0. 0. 0. 0.],
  "funcao_objetivo": 0.87554669593572231127359922427682461659819458688647,
  "confiabilidade_total": 0.98853002926905562884546635134835226438403700555713
}
 
Individuo 2:
{
  "Posicao": [3. 6. 0. 8. 2.]
             [2. 1. 1. 2. 1.],
  "Velocidade": [-0.35342378  0.28672823  0.13751817 -1.46491848  0.11173151]
                [0. 0. 0. 0. 0.],
  "funcao_objetivo": 0.85222887726254416475850473665972680957748599245772,
  "confiabilidade_total": 0.98956221059587741652745319419822630645467944338545
}
 
Individuo 3:
{
  "Posicao": [6. 6. 6. 5. 3.]
             [2. 2. 1. 2. 1.],
  "Velocidade": [-1.99894725  0.58819948 -2.571347    4.7183423  -4.1846831 ]
                [ 0.         -1.47017601  0.         -0.90684276  0.        ],
  "funcao_objetivo": 0.72915634583106010964637865574632543227655946729256,
  "confiabilidade_total": 0.99340634583106015005849675210202350369675218579842
}
 
Individuo 4:
{
  "Posicao": [6. 9. 4. 0. 1.]
             [1. 1. 1. 1. 1.],
  "Velocidade": [-1.47162536  1.45099176 -4.68188221 -2.91138442 -5.08515241]
                [ 0.26847837 -1.17500339 -1.17500339  0.26847837  0.        ],
  "funcao_objetivo": 0.94871994187874399494679637527022580258673229610239,
  "confiabilidade_total": 0.94871994187874399494679637527022580258673229610239
}
 
Individuo 5:
{
  "Posicao": [6. 4. 5. 0. 3.]
             [2. 1. 1. 2. 1.],
  "Velocidade": [-1.59597852  1.38642201  0.94137271  0.          0.17831663]
                [0.         0.         0.         1.24717762 0.        ],
  "funcao_objetivo": 0.81245087864195402810513112874003123773878046815677,
  "confiabilidade_total": 0.98920087864195410182393996385042552186792322938724
}
 
Individuo 6:
{
  "Posicao": [4. 5. 7. 1. 2.]
             [1. 1. 1. 1. 1.],
  "Velocidade": [ 1.82318406 -2.17810684  0.         -1.96534143  0.18474404]
                [-1.51128209  0.          0.31242104 -1.51128209  0.        ],
  "funcao_objetivo": 0.94679108669142802556487130048801020025826592018993,
  "confiabilidade_total": 0.94679108669142802556487130048801020025826592018993
}
 
Individuo 7:
{
  "Posicao": [3. 5. 3. 0. 4.]
             [1. 1. 1. 1. 1.],
  "Velocidade": [-1.84202381 -1.39919628 -4.47846776  0.          4.3793056 ]
                [-1.16432107  0.         -0.94698528 -1.16432107  0.        ],
  "funcao_objetivo": 0.95331839432091457886419767550667392428525203787194,
  "confiabilidade_total": 0.95331839432091457886419767550667392428525203787194
}
 
Individuo 8:
{
  "Posicao": [7. 3. 7. 3. 3.]
             [2. 1. 1. 2. 1.],
  "Velocidade": [ 0.16985551 -3.32287245  0.          2.87860447  0.16985551]
                [ 0.          0.          0.24810579 -0.24772654  0.        ],
  "funcao_objetivo": 0.89528489117660424596411721600131537732950582909372,
  "confiabilidade_total": 0.98736822450993767958759710714045619559756651329782
}
 
Individuo 9:
{
  "Posicao": [3. 5. 5. 0. 4.]
             [3. 1. 1. 1. 1.],
  "Velocidade": [-3.83473994 -1.55072244 -2.69273119  0.          2.68572953]
                [ 3.05982209  0.          0.         -3.05982209  0.        ],
  "funcao_objetivo": 0.81061665201991340032888788586363281025958285449067,
  "confiabilidade_total": 0.97669998535324678865526837229638677924347148058930
}
 
Individuo 10:
{
  "Posicao": [4. 8. 8. 0. 2.]
             [2. 1. 3. 2. 3.],
  "Velocidade": [-2.20024949 -0.59765117  3.59339854  0.         -0.12435439]
                [0.51825948 0.         3.13970187 0.51825948 3.13970187],
  "funcao_objetivo": -0.21188490156130487851641383405468679160438593120228,
  "confiabilidade_total": 0.99773176510536146177428954013929449825920049457897
}
 
Individuo 11:
{
  "Posicao": [6. 8. 9. 0. 3.]
             [1. 1. 1. 2. 1.],
  "Velocidade": [ 2.60721071 -1.2361425   0.34312243 -4.15330192  1.45823706]
                [-0.8614728  0.         0.         0.         0.       ],
  "funcao_objetivo": 0.96151166217230681263032002725388003619602713302581,
  "confiabilidade_total": 0.96151166217230681263032002725388003619602713302581
}
 
Individuo 12:
{
  "Posicao": [1. 8. 4. 0. 0.]
             [1. 1. 1. 3. 1.],
  "Velocidade": [  1.42436733   0.15442352  -0.77319458 -10.33220164  -7.12018315]
                [-0.65808361  0.          0.          0.65808361  0.        ],
  "funcao_objetivo": 0.76518653677910807395871727062466250001190156842471,
  "confiabilidade_total": 0.97690320344577489073493835344332780888972730542422
}
 
Individuo 13:
{
  "Posicao": [8. 6. 9. 0. 1.]
             [1. 1. 1. 2. 1.],
  "Velocidade": [ 6.41722638 -1.85353814 10.31595144 -2.3768286   1.20882956]
                [-2.18840418  0.          0.          0.          0.        ],
  "funcao_objetivo": 0.96106899968168189782993103306102990895994256363369,
  "confiabilidade_total": 0.96106899968168189782993103306102990895994256363369
}
 
Individuo 14:
{
  "Posicao": [7. 2. 7. 0. 0.]
             [2. 1. 1. 1. 1.],
  "Velocidade": [ 1.25212778 -4.51226432 -1.3038204  -6.72605377 -7.54637541]
                [ 0.          0.          0.         -0.56522582  0.        ],
  "funcao_objetivo": 0.97752395456027949594107416317749901248366145015318,
  "confiabilidade_total": 0.97752395456027949594107416317749901248366145015318
}
 
Individuo 15:
{
  "Posicao": [9. 6. 4. 0. 1.]
             [2. 1. 3. 2. 1.],
  "Velocidade": [ 3.80037609 -1.28829633 -5.0373121   0.26796257 -2.19406146]
                [ 0.9883705   0.         -0.41698562  0.9883705   0.        ],
  "funcao_objetivo": 0.071218450033759078301001207477978412203385601952907,
  "confiabilidade_total": 0.99770178336709223716648696438337860643108106704080
}
 
Individuo 16:
{
  "Posicao": [5. 5. 6. 0. 0.]
             [1. 1. 1. 2. 1.],
  "Velocidade": [-4.16123272 -0.80155447  6.3768798  -3.42390231 -9.249708  ]
                [-1.01660129 -5.46117608  0.          0.          0.        ],
  "funcao_objetivo": 0.96629201480226764611621548557845929591347816673620,
  "confiabilidade_total": 0.96629201480226764611621548557845929591347816673620
}
 
Individuo 17:
{
  "Posicao": [5. 9. 7. 1. 0.]
             [3. 1. 1. 3. 1.],
  "Velocidade": [ 1.29602592  0.836368    0.         -2.65891439  0.32265662]
                [ 0.61591233  0.         -2.30860817  0.61591233  0.        ],
  "funcao_objetivo": 0.49504134366045912314908516010035255872370938116601,
  "confiabilidade_total": 0.99524134366045932316686527656855488144519070440820
}
 
Individuo 18:
{
  "Posicao": [1. 5. 0. 5. 5.]
             [1. 1. 1. 2. 1.],
  "Velocidade": [ 1.21049013  5.03386966 -3.1995995   1.10443946  1.21598433]
                [0.3659945 0.        0.        0.        0.       ],
  "funcao_objetivo": 0.97800314088203266891029264772053854789168262552973,
  "confiabilidade_total": 0.97800314088203266891029264772053854789168262552973
}
 
Individuo 19:
{
  "Posicao": [7. 6. 5. 1. 3.]
             [2. 1. 1. 3. 1.],
  "Velocidade": [-0.31085351  0.66108168 -3.73501824 -8.18350037 -0.31085351]
                [0.         0.         0.         2.73439417 0.        ],
  "funcao_objetivo": 0.74187846077270670561537063761649245327259776026950,
  "confiabilidade_total": 0.99027846077270674305209102797677099635745760829196
}
 
Individuo 20:
{
  "Posicao": [5. 7. 7. 3. 2.]
             [2. 1. 1. 2. 1.],
  "Velocidade": [-2.35685594  0.91004415  0.         -0.46018304  0.96071223]
                [-0.15683224  0.15683224  0.          0.          0.        ],
  "funcao_objetivo": 0.94713805931007086682574697774914321335069268478006,
  "confiabilidade_total": 0.98705472597673758513628800656267495205662577880472
}
 
Individuo 21:
{
  "Posicao": [7. 7. 6. 0. 3.]
             [2. 1. 1. 1. 1.],
  "Velocidade": [  4.36218799  -2.46773965  -0.51049329 -13.21170084   0.11662513]
                [ 0.          0.          0.         -1.69180003  0.        ],
  "funcao_objetivo": 0.97197783664634573655380147613986552759349933217981,
  "confiabilidade_total": 0.97197783664634573655380147613986552759349933217981
}
 
Individuo 22:
{
  "Posicao": [7. 4. 7. 0. 3.]
             [1. 1. 2. 1. 1.],
  "Velocidade": [  3.42003799  -5.01405099  -1.0505745  -14.91251086  -2.30079662]
                [-1.34911669  0.         -1.28983114 -1.34911669  0.        ],
  "funcao_objetivo": 0.97484961088818086289154192945170244563812519177734,
  "confiabilidade_total": 0.97484961088818086289154192945170244563812519177734
}
 
Individuo 23:
{
  "Posicao": [9. 6. 6. 1. 1.]
             [2. 1. 2. 2. 1.],
  "Velocidade": [ 6.69026621  1.71223256 -3.30175946  0.94973179  1.44148392]
                [0.87708611 0.         0.13980179 0.87708611 0.        ],
  "funcao_objetivo": 0.56629445387546387091652080501023144328338951646007,
  "confiabilidade_total": 0.99552778720879697671334598483314900526149124680675
}
 
Individuo 24:
{
  "Posicao": [9. 4. 9. 9. 6.]
             [2. 1. 1. 2. 1.],
  "Velocidade": [ 1.94293679 -3.10978324 -0.0163218  11.06974309  3.09346145]
                [-1.39722422  0.          0.          1.39722422  0.        ],
  "funcao_objetivo": 0.69754517283406537000357404525963602272346780346648,
  "confiabilidade_total": 0.98297850616739888098739429227968457771018312023894
}
 
Individuo 25:
{
  "Posicao": [2. 7. 0. 0. 9.]
             [3. 1. 1. 2. 1.],
  "Velocidade": [-0.3358967  -1.17044823  0.26894531  0.          0.60021826]
                [3.15684505 0.         0.         0.         0.        ],
  "funcao_objetivo": 0.55353707541100493322283157410098490371463689288234,
  "confiabilidade_total": 0.99417040874433832392508933323157386920509728869533
}
 
Individuo 26:
{
  "Posicao": [1. 8. 4. 7. 9.]
             [2. 1. 1. 2. 1.],
  "Velocidade": [ 1.08573095 -0.75586485  1.1193165   1.50115405  2.77680956]
                [ 0.64693481 -1.41232259  0.          0.64693481  0.        ],
  "funcao_objetivo": 0.93311563352111773324449193540892609828545830598971,
  "confiabilidade_total": 0.98704896685445087728572475600692358650661192289493
}
 
Individuo 27:
{
  "Posicao": [4. 8. 7. 0. 2.]
             [3. 1. 1. 2. 1.],
  "Velocidade": [ 1.22215513 -0.42468368  0.         -8.91480712  0.80860453]
                [0.89330628 0.         0.         0.         0.28753621],
  "funcao_objetivo": 0.51244926766951639774974114328599288014454197568020,
  "confiabilidade_total": 0.99306593433618302037015967965728239973766159695706
}
 
Individuo 28:
{
  "Posicao": [6. 7. 6. 0. 1.]
             [2. 1. 1. 2. 1.],
  "Velocidade": [ 2.14625153 -0.4789788  -1.9476986   0.          0.47696854]
                [0.20777322 0.20777322 0.         0.20777322 0.        ],
  "funcao_objetivo": 0.88229630611569131226160189134031081438148171457607,
  "confiabilidade_total": 0.98937963944902459267430438420784905418837220224697
}
 
Individuo 29:
{
  "Posicao": [4. 6. 3. 0. 0.]
             [1. 1. 1. 1. 1.],
  "Velocidade": [-5.021401    5.14132581 -6.06106619 -3.47402331 -8.53703093]
                [-1.64195215  0.          0.         -1.64195215  0.        ],
  "funcao_objetivo": 0.95417124546513588989920002519784242171021683550617,
  "confiabilidade_total": 0.95417124546513588989920002519784242171021683550617
}
 
Individuo 30:
{
  "Posicao": [8. 4. 8. 5. 4.]
             [2. 1. 3. 2. 1.],
  "Velocidade": [ 0.84229045 -0.84229045  3.69783398  3.19078851 -1.55225168]
                [-0.76477382  0.          0.53824014 -0.76477382  0.        ],
  "funcao_objetivo": 0.59166825143196275373452850753676229512959431732283,
  "confiabilidade_total": 0.99500158476529607522548291153509253061085652435408
}
 
Individuo 31:
{
  "Posicao": [0. 9. 7. 0. 7.]
             [2. 2. 1. 2. 1.],
  "Velocidade": [-10.9185828    3.09550075   0.         -12.01946088   2.84787265]
                [1.44778577 0.1947616  0.         1.44778577 0.        ],
  "funcao_objetivo": 0.48114427696870684629643733937390750826627326959513,
  "confiabilidade_total": 0.99647761030204018399664790289952323393255783075236
}
 
Individuo 32:
{
  "Posicao": [9. 5. 8. 2. 3.]
             [3. 1. 2. 3. 1.],
  "Velocidade": [-0.16205469  0.07484022  1.15237196 -5.18149121  2.61295421]
                [ 0.63273942  0.         -1.00393807  0.63273942  0.        ],
  "funcao_objetivo": 0.11139818431339582788741073557834765210905382195349,
  "confiabilidade_total": 0.99853151764672910168318400167995291099109956780310
}
 
Individuo 33:
{
  "Posicao": [4. 2. 5. 3. 2.]
             [1. 3. 1. 1. 1.],
  "Velocidade": [ 0.26120629 -2.71346513 -1.70090539  3.46438494  1.91043479]
                [0.22114654 1.69226178 0.         0.22114654 0.        ],
  "funcao_objetivo": 0.70707742015946069839633104051542968891485183201399,
  "confiabilidade_total": 0.96999408682612721925370713974487071327789275608626
}
 
Individuo 34:
{
  "Posicao": [2. 9. 7. 6. 0.]
             [1. 3. 1. 1. 1.],
  "Velocidade": [ 2.10685757 11.48649409 -1.91631718  5.65845945 -8.23188266]
                [-0.83608021  1.62020927  0.         -0.83608021  0.        ],
  "funcao_objetivo": 0.80799616001924704571806702385951780631301579625222,
  "confiabilidade_total": 0.97312949335258049009960802361642550128606734425637
}
 
Individuo 35:
{
  "Posicao": [8. 5. 6. 2. 2.]
             [2. 1. 1. 3. 1.],
  "Velocidade": [ 2.45305832 -1.520875    0.17685423  0.47119959  1.89566841]
                [ 0.         0.         0.        -0.1314264  0.       ],
  "funcao_objetivo": 0.70008320122817306267863889697963672830763405899538,
  "confiabilidade_total": 0.99033320122817290413879098050728275581303185562624
}
 
Individuo 36:
{
  "Posicao": [4. 9. 9. 3. 2.]
             [2. 1. 1. 1. 1.],
  "Velocidade": [-1.79047403  6.86326745  3.5296768  -5.7203349  -3.50265283]
                [ 0.         0.         0.        -0.8388945  0.       ],
  "funcao_objetivo": 0.88560475404770577451594546069321963181593092051030,
  "confiabilidade_total": 0.96227142071437235199469581580564421778418691721440
}
 
Individuo 37:
{
  "Posicao": [0. 3. 9. 2. 8.]
             [2. 1. 1. 2. 1.],
  "Velocidade": [-2.69745796  2.86052836  0.56385101 -7.07490142 -0.92176116]
                [0.41485046 0.         0.         0.         0.        ],
  "funcao_objetivo": 0.81371393931397941448583953556464643772249214462919,
  "confiabilidade_total": 0.98988060598064619136064511335518568377499573044462
}
 
Individuo 38:
{
  "Posicao": [2. 9. 9. 0. 0.]
             [1. 1. 1. 1. 2.],
  "Velocidade": [-0.55846696  0.55846696  0.61806812  0.          0.028647  ]
                [0.03202452 0.         0.         0.03202452 1.41229319],
  "funcao_objetivo": 0.95081343553073460650401919749319445031265405572930,
  "confiabilidade_total": 0.95381343553073448340110244827505580246484515823403
}
 
Individuo 39:
{
  "Posicao": [9. 7. 7. 0. 7.]
             [2. 1. 1. 2. 3.],
  "Velocidade": [ 0.55141916 -0.10054435 -0.23104613  0.28574117  1.5386698 ]
                [-1.48396902  0.          0.         -1.48396902  2.71199405],
  "funcao_objetivo": 0.33747047611655916009710854972135081470911282405310,
  "confiabilidade_total": 0.99172047611655926934305417283675439239446896418982
}
 
Individuo 40:
{
  "Posicao": [2. 0. 0. 8. 5.]
             [2. 1. 1. 2. 1.],
  "Velocidade": [-0.39482202 -3.17118106 -3.27754597  0.65327971  1.85541928]
                [ 0.6060159   0.          0.          0.6060159  -1.71724395],
  "funcao_objetivo": 0.91007074114875776658940685154636193627608461199118,
  "confiabilidade_total": 0.99248740781542432141960750430559309760225457964255
}
 
Individuo 41:
{
  "Posicao": [0. 7. 3. 0. 7.]
             [1. 1. 1. 1. 1.],
  "Velocidade": [-4.99769448 -0.19430358 -5.55500047  0.21594019  6.89468044]
                [-1.59070088  0.          0.         -1.59070088  0.21594019],
  "funcao_objetivo": 0.95965867333363370646704933338456007531360099657230,
  "confiabilidade_total": 0.95965867333363370646704933338456007531360099657230
}
 
Individuo 42:
{
  "Posicao": [8. 3. 6. 4. 6.]
             [1. 1. 1. 1. 2.],
  "Velocidade": [ 2.75464838 -0.46593719 -2.39616107  0.51398007  3.03465299]
                [-2.12432207  0.          0.         -2.12432207 -0.43733837],
  "funcao_objetivo": 0.94062757411580901973135802503110617326613898733071,
  "confiabilidade_total": 0.94512757411580895347186013662098239510827149608544
}
 
Individuo 43:
{
  "Posicao": [6. 5. 5. 1. 2.]
             [2. 1. 1. 2. 1.],
  "Velocidade": [ 3.20492147 -4.10647232 -3.03864719 -4.49465007  2.0329718 ]
                [-0.08538734  0.          0.         -0.08538734  0.        ],
  "funcao_objetivo": 0.91820735335796232173026876306480333282749335120008,
  "confiabilidade_total": 0.98845735335796238412480274699860090463559309790418
}
 
Individuo 44:
{
  "Posicao": [7. 3. 7. 0. 5.]
             [1. 1. 1. 1. 2.],
  "Velocidade": [ 1.0368712  -4.28723915 -1.73983117 -1.4887294   5.14595869]
                [-0.95003867  0.          0.         -0.95003867  0.85203255],
  "funcao_objetivo": 0.95309443283191277151766133438585152685813874050467,
  "confiabilidade_total": 0.95309443283191277151766133438585152685813874050467
}
 
Individuo 45:
{
  "Posicao": [0. 9. 2. 1. 5.]
             [2. 1. 1. 2. 1.],
  "Velocidade": [-4.12810532  1.93677084 -1.65078139  0.38398244  0.15154812]
                [-0.14820298  0.          0.         -0.14820298  0.        ],
  "funcao_objetivo": 0.88592750306947698891482108632423260355111837723959,
  "confiabilidade_total": 0.99101083640281043408462043356500144222494840958822
}
 
Individuo 46:
{
  "Posicao": [5. 7. 9. 0. 0.]
             [2. 1. 1. 2. 3.],
  "Velocidade": [-2.11826365  2.11826365  1.99983646 -2.9901531  -4.99111194]
                [0.43214226 0.         0.         0.43214226 2.35828029],
  "funcao_objetivo": 0.29305087197138847949068354027438301984436101126710,
  "confiabilidade_total": 0.99246753863805533252678860735066093895799702811281
}
 
Individuo 47:
{
  "Posicao": [4. 6. 9. 9. 0.]
             [1. 1. 1. 1. 1.],
  "Velocidade": [-1.20583115  0.79509069  5.68212674  8.77208746 -1.20583115]
                [-0.56843819  0.          0.         -0.56843819  0.        ],
  "funcao_objetivo": 0.93471678398851804012902635719952636637251158944509,
  "confiabilidade_total": 0.93471678398851804012902635719952636637251158944509
}
 
Individuo 48:
{
  "Posicao": [4. 8. 6. 5. 0.]
             [2. 1. 1. 2. 1.],
  "Velocidade": [-1.42342695  0.62254763  0.37927294  5.2580686  -1.88582774]
                [0.63082829 0.         0.         0.63082829 0.        ],
  "funcao_objetivo": 0.88885905039730827433413221681751838101789991161775,
  "confiabilidade_total": 0.98744238373064171373077183600747320948884526989412
}
 
Individuo 49:
{
  "Posicao": [9. 9. 8. 9. 3.]
             [1. 1. 1. 1. 3.],
  "Velocidade": [ 7.6627227   6.77604361  4.05776409 12.91718155  1.70327448]
                [-2.36686909  0.          0.         -2.36686909  2.44402554],
  "funcao_objetivo": 0.77012615235131014576778507910567193391014680839910,
  "confiabilidade_total": 0.93222615235131003924743698144502766296480641342535
}
 
Individuo 50:
{
  "Posicao": [9. 3. 5. 9. 3.]
             [1. 1. 1. 1. 1.],
  "Velocidade": [ 3.32711308 -4.55995254 -1.9763758   9.34008658  1.05641456]
                [0.14453194 0.         0.         0.14453194 0.        ],
  "funcao_objetivo": 0.93362385674280944384151694971366865410494750253931,
  "confiabilidade_total": 0.93362385674280944384151694971366865410494750253931
}
 
-----------------------------------------
-----------------------------------------
-----------------------------------------
-----------------------------------------
GERACAO 9
Populacao antes da execucao:
Individuo 1:
{
  "Posicao": [8. 4. 7. 0. 4.]
             [2. 1. 1. 2. 1.],
  "Velocidade": [ 1.98059809 -1.98059809  0.          0.          1.98059809]
                [0. 0. 0. 0. 0.],
  "funcao_objetivo": 0.87554669593572231127359922427682461659819458688647,
  "confiabilidade_total": 0.98853002926905562884546635134835226438403700555713
}
 
Individuo 2:
{
  "Posicao": [3. 6. 0. 8. 2.]
             [2. 1. 1. 2. 1.],
  "Velocidade": [-0.35342378  0.28672823  0.13751817 -1.46491848  0.11173151]
                [0. 0. 0. 0. 0.],
  "funcao_objetivo": 0.85222887726254416475850473665972680957748599245772,
  "confiabilidade_total": 0.98956221059587741652745319419822630645467944338545
}
 
Individuo 3:
{
  "Posicao": [6. 6. 6. 5. 3.]
             [2. 2. 1. 2. 1.],
  "Velocidade": [-1.99894725  0.58819948 -2.571347    4.7183423  -4.1846831 ]
                [ 0.         -1.47017601  0.         -0.90684276  0.        ],
  "funcao_objetivo": 0.72915634583106010964637865574632543227655946729256,
  "confiabilidade_total": 0.99340634583106015005849675210202350369675218579842
}
 
Individuo 4:
{
  "Posicao": [6. 9. 4. 0. 1.]
             [1. 1. 1. 1. 1.],
  "Velocidade": [-1.47162536  1.45099176 -4.68188221 -2.91138442 -5.08515241]
                [ 0.26847837 -1.17500339 -1.17500339  0.26847837  0.        ],
  "funcao_objetivo": 0.94871994187874399494679637527022580258673229610239,
  "confiabilidade_total": 0.94871994187874399494679637527022580258673229610239
}
 
Individuo 5:
{
  "Posicao": [6. 4. 5. 0. 3.]
             [2. 1. 1. 2. 1.],
  "Velocidade": [-1.59597852  1.38642201  0.94137271  0.          0.17831663]
                [0.         0.         0.         1.24717762 0.        ],
  "funcao_objetivo": 0.81245087864195402810513112874003123773878046815677,
  "confiabilidade_total": 0.98920087864195410182393996385042552186792322938724
}
 
Individuo 6:
{
  "Posicao": [4. 5. 7. 1. 2.]
             [1. 1. 1. 1. 1.],
  "Velocidade": [ 1.82318406 -2.17810684  0.         -1.96534143  0.18474404]
                [-1.51128209  0.          0.31242104 -1.51128209  0.        ],
  "funcao_objetivo": 0.94679108669142802556487130048801020025826592018993,
  "confiabilidade_total": 0.94679108669142802556487130048801020025826592018993
}
 
Individuo 7:
{
  "Posicao": [3. 5. 3. 0. 4.]
             [1. 1. 1. 1. 1.],
  "Velocidade": [-1.84202381 -1.39919628 -4.47846776  0.          4.3793056 ]
                [-1.16432107  0.         -0.94698528 -1.16432107  0.        ],
  "funcao_objetivo": 0.95331839432091457886419767550667392428525203787194,
  "confiabilidade_total": 0.95331839432091457886419767550667392428525203787194
}
 
Individuo 8:
{
  "Posicao": [7. 3. 7. 3. 3.]
             [2. 1. 1. 2. 1.],
  "Velocidade": [ 0.16985551 -3.32287245  0.          2.87860447  0.16985551]
                [ 0.          0.          0.24810579 -0.24772654  0.        ],
  "funcao_objetivo": 0.89528489117660424596411721600131537732950582909372,
  "confiabilidade_total": 0.98736822450993767958759710714045619559756651329782
}
 
Individuo 9:
{
  "Posicao": [3. 5. 5. 0. 4.]
             [3. 1. 1. 1. 1.],
  "Velocidade": [-3.83473994 -1.55072244 -2.69273119  0.          2.68572953]
                [ 3.05982209  0.          0.         -3.05982209  0.        ],
  "funcao_objetivo": 0.81061665201991340032888788586363281025958285449067,
  "confiabilidade_total": 0.97669998535324678865526837229638677924347148058930
}
 
Individuo 10:
{
  "Posicao": [4. 8. 8. 0. 2.]
             [2. 1. 3. 2. 3.],
  "Velocidade": [-2.20024949 -0.59765117  3.59339854  0.         -0.12435439]
                [0.51825948 0.         3.13970187 0.51825948 3.13970187],
  "funcao_objetivo": -0.21188490156130487851641383405468679160438593120228,
  "confiabilidade_total": 0.99773176510536146177428954013929449825920049457897
}
 
Individuo 11:
{
  "Posicao": [6. 8. 9. 0. 3.]
             [1. 1. 1. 2. 1.],
  "Velocidade": [ 2.60721071 -1.2361425   0.34312243 -4.15330192  1.45823706]
                [-0.8614728  0.         0.         0.         0.       ],
  "funcao_objetivo": 0.96151166217230681263032002725388003619602713302581,
  "confiabilidade_total": 0.96151166217230681263032002725388003619602713302581
}
 
Individuo 12:
{
  "Posicao": [1. 8. 4. 0. 0.]
             [1. 1. 1. 3. 1.],
  "Velocidade": [  1.42436733   0.15442352  -0.77319458 -10.33220164  -7.12018315]
                [-0.65808361  0.          0.          0.65808361  0.        ],
  "funcao_objetivo": 0.76518653677910807395871727062466250001190156842471,
  "confiabilidade_total": 0.97690320344577489073493835344332780888972730542422
}
 
Individuo 13:
{
  "Posicao": [8. 6. 9. 0. 1.]
             [1. 1. 1. 2. 1.],
  "Velocidade": [ 6.41722638 -1.85353814 10.31595144 -2.3768286   1.20882956]
                [-2.18840418  0.          0.          0.          0.        ],
  "funcao_objetivo": 0.96106899968168189782993103306102990895994256363369,
  "confiabilidade_total": 0.96106899968168189782993103306102990895994256363369
}
 
Individuo 14:
{
  "Posicao": [7. 2. 7. 0. 0.]
             [2. 1. 1. 1. 1.],
  "Velocidade": [ 1.25212778 -4.51226432 -1.3038204  -6.72605377 -7.54637541]
                [ 0.          0.          0.         -0.56522582  0.        ],
  "funcao_objetivo": 0.97752395456027949594107416317749901248366145015318,
  "confiabilidade_total": 0.97752395456027949594107416317749901248366145015318
}
 
Individuo 15:
{
  "Posicao": [9. 6. 4. 0. 1.]
             [2. 1. 3. 2. 1.],
  "Velocidade": [ 3.80037609 -1.28829633 -5.0373121   0.26796257 -2.19406146]
                [ 0.9883705   0.         -0.41698562  0.9883705   0.        ],
  "funcao_objetivo": 0.071218450033759078301001207477978412203385601952907,
  "confiabilidade_total": 0.99770178336709223716648696438337860643108106704080
}
 
Individuo 16:
{
  "Posicao": [5. 5. 6. 0. 0.]
             [1. 1. 1. 2. 1.],
  "Velocidade": [-4.16123272 -0.80155447  6.3768798  -3.42390231 -9.249708  ]
                [-1.01660129 -5.46117608  0.          0.          0.        ],
  "funcao_objetivo": 0.96629201480226764611621548557845929591347816673620,
  "confiabilidade_total": 0.96629201480226764611621548557845929591347816673620
}
 
Individuo 17:
{
  "Posicao": [5. 9. 7. 1. 0.]
             [3. 1. 1. 3. 1.],
  "Velocidade": [ 1.29602592  0.836368    0.         -2.65891439  0.32265662]
                [ 0.61591233  0.         -2.30860817  0.61591233  0.        ],
  "funcao_objetivo": 0.49504134366045912314908516010035255872370938116601,
  "confiabilidade_total": 0.99524134366045932316686527656855488144519070440820
}
 
Individuo 18:
{
  "Posicao": [1. 5. 0. 5. 5.]
             [1. 1. 1. 2. 1.],
  "Velocidade": [ 1.21049013  5.03386966 -3.1995995   1.10443946  1.21598433]
                [0.3659945 0.        0.        0.        0.       ],
  "funcao_objetivo": 0.97800314088203266891029264772053854789168262552973,
  "confiabilidade_total": 0.97800314088203266891029264772053854789168262552973
}
 
Individuo 19:
{
  "Posicao": [7. 6. 5. 1. 3.]
             [2. 1. 1. 3. 1.],
  "Velocidade": [-0.31085351  0.66108168 -3.73501824 -8.18350037 -0.31085351]
                [0.         0.         0.         2.73439417 0.        ],
  "funcao_objetivo": 0.74187846077270670561537063761649245327259776026950,
  "confiabilidade_total": 0.99027846077270674305209102797677099635745760829196
}
 
Individuo 20:
{
  "Posicao": [5. 7. 7. 3. 2.]
             [2. 1. 1. 2. 1.],
  "Velocidade": [-2.35685594  0.91004415  0.         -0.46018304  0.96071223]
                [-0.15683224  0.15683224  0.          0.          0.        ],
  "funcao_objetivo": 0.94713805931007086682574697774914321335069268478006,
  "confiabilidade_total": 0.98705472597673758513628800656267495205662577880472
}
 
Individuo 21:
{
  "Posicao": [7. 7. 6. 0. 3.]
             [2. 1. 1. 1. 1.],
  "Velocidade": [  4.36218799  -2.46773965  -0.51049329 -13.21170084   0.11662513]
                [ 0.          0.          0.         -1.69180003  0.        ],
  "funcao_objetivo": 0.97197783664634573655380147613986552759349933217981,
  "confiabilidade_total": 0.97197783664634573655380147613986552759349933217981
}
 
Individuo 22:
{
  "Posicao": [7. 4. 7. 0. 3.]
             [1. 1. 2. 1. 1.],
  "Velocidade": [  3.42003799  -5.01405099  -1.0505745  -14.91251086  -2.30079662]
                [-1.34911669  0.         -1.28983114 -1.34911669  0.        ],
  "funcao_objetivo": 0.97484961088818086289154192945170244563812519177734,
  "confiabilidade_total": 0.97484961088818086289154192945170244563812519177734
}
 
Individuo 23:
{
  "Posicao": [9. 6. 6. 1. 1.]
             [2. 1. 2. 2. 1.],
  "Velocidade": [ 6.69026621  1.71223256 -3.30175946  0.94973179  1.44148392]
                [0.87708611 0.         0.13980179 0.87708611 0.        ],
  "funcao_objetivo": 0.56629445387546387091652080501023144328338951646007,
  "confiabilidade_total": 0.99552778720879697671334598483314900526149124680675
}
 
Individuo 24:
{
  "Posicao": [9. 4. 9. 9. 6.]
             [2. 1. 1. 2. 1.],
  "Velocidade": [ 1.94293679 -3.10978324 -0.0163218  11.06974309  3.09346145]
                [-1.39722422  0.          0.          1.39722422  0.        ],
  "funcao_objetivo": 0.69754517283406537000357404525963602272346780346648,
  "confiabilidade_total": 0.98297850616739888098739429227968457771018312023894
}
 
Individuo 25:
{
  "Posicao": [2. 7. 0. 0. 9.]
             [3. 1. 1. 2. 1.],
  "Velocidade": [-0.3358967  -1.17044823  0.26894531  0.          0.60021826]
                [3.15684505 0.         0.         0.         0.        ],
  "funcao_objetivo": 0.55353707541100493322283157410098490371463689288234,
  "confiabilidade_total": 0.99417040874433832392508933323157386920509728869533
}
 
Individuo 26:
{
  "Posicao": [1. 8. 4. 7. 9.]
             [2. 1. 1. 2. 1.],
  "Velocidade": [ 1.08573095 -0.75586485  1.1193165   1.50115405  2.77680956]
                [ 0.64693481 -1.41232259  0.          0.64693481  0.        ],
  "funcao_objetivo": 0.93311563352111773324449193540892609828545830598971,
  "confiabilidade_total": 0.98704896685445087728572475600692358650661192289493
}
 
Individuo 27:
{
  "Posicao": [4. 8. 7. 0. 2.]
             [3. 1. 1. 2. 1.],
  "Velocidade": [ 1.22215513 -0.42468368  0.         -8.91480712  0.80860453]
                [0.89330628 0.         0.         0.         0.28753621],
  "funcao_objetivo": 0.51244926766951639774974114328599288014454197568020,
  "confiabilidade_total": 0.99306593433618302037015967965728239973766159695706
}
 
Individuo 28:
{
  "Posicao": [6. 7. 6. 0. 1.]
             [2. 1. 1. 2. 1.],
  "Velocidade": [ 2.14625153 -0.4789788  -1.9476986   0.          0.47696854]
                [0.20777322 0.20777322 0.         0.20777322 0.        ],
  "funcao_objetivo": 0.88229630611569131226160189134031081438148171457607,
  "confiabilidade_total": 0.98937963944902459267430438420784905418837220224697
}
 
Individuo 29:
{
  "Posicao": [4. 6. 3. 0. 0.]
             [1. 1. 1. 1. 1.],
  "Velocidade": [-5.021401    5.14132581 -6.06106619 -3.47402331 -8.53703093]
                [-1.64195215  0.          0.         -1.64195215  0.        ],
  "funcao_objetivo": 0.95417124546513588989920002519784242171021683550617,
  "confiabilidade_total": 0.95417124546513588989920002519784242171021683550617
}
 
Individuo 30:
{
  "Posicao": [8. 4. 8. 5. 4.]
             [2. 1. 3. 2. 1.],
  "Velocidade": [ 0.84229045 -0.84229045  3.69783398  3.19078851 -1.55225168]
                [-0.76477382  0.          0.53824014 -0.76477382  0.        ],
  "funcao_objetivo": 0.59166825143196275373452850753676229512959431732283,
  "confiabilidade_total": 0.99500158476529607522548291153509253061085652435408
}
 
Individuo 31:
{
  "Posicao": [0. 9. 7. 0. 7.]
             [2. 2. 1. 2. 1.],
  "Velocidade": [-10.9185828    3.09550075   0.         -12.01946088   2.84787265]
                [1.44778577 0.1947616  0.         1.44778577 0.        ],
  "funcao_objetivo": 0.48114427696870684629643733937390750826627326959513,
  "confiabilidade_total": 0.99647761030204018399664790289952323393255783075236
}
 
Individuo 32:
{
  "Posicao": [9. 5. 8. 2. 3.]
             [3. 1. 2. 3. 1.],
  "Velocidade": [-0.16205469  0.07484022  1.15237196 -5.18149121  2.61295421]
                [ 0.63273942  0.         -1.00393807  0.63273942  0.        ],
  "funcao_objetivo": 0.11139818431339582788741073557834765210905382195349,
  "confiabilidade_total": 0.99853151764672910168318400167995291099109956780310
}
 
Individuo 33:
{
  "Posicao": [4. 2. 5. 3. 2.]
             [1. 3. 1. 1. 1.],
  "Velocidade": [ 0.26120629 -2.71346513 -1.70090539  3.46438494  1.91043479]
                [0.22114654 1.69226178 0.         0.22114654 0.        ],
  "funcao_objetivo": 0.70707742015946069839633104051542968891485183201399,
  "confiabilidade_total": 0.96999408682612721925370713974487071327789275608626
}
 
Individuo 34:
{
  "Posicao": [2. 9. 7. 6. 0.]
             [1. 3. 1. 1. 1.],
  "Velocidade": [ 2.10685757 11.48649409 -1.91631718  5.65845945 -8.23188266]
                [-0.83608021  1.62020927  0.         -0.83608021  0.        ],
  "funcao_objetivo": 0.80799616001924704571806702385951780631301579625222,
  "confiabilidade_total": 0.97312949335258049009960802361642550128606734425637
}
 
Individuo 35:
{
  "Posicao": [8. 5. 6. 2. 2.]
             [2. 1. 1. 3. 1.],
  "Velocidade": [ 2.45305832 -1.520875    0.17685423  0.47119959  1.89566841]
                [ 0.         0.         0.        -0.1314264  0.       ],
  "funcao_objetivo": 0.70008320122817306267863889697963672830763405899538,
  "confiabilidade_total": 0.99033320122817290413879098050728275581303185562624
}
 
Individuo 36:
{
  "Posicao": [4. 9. 9. 3. 2.]
             [2. 1. 1. 1. 1.],
  "Velocidade": [-1.79047403  6.86326745  3.5296768  -5.7203349  -3.50265283]
                [ 0.         0.         0.        -0.8388945  0.       ],
  "funcao_objetivo": 0.88560475404770577451594546069321963181593092051030,
  "confiabilidade_total": 0.96227142071437235199469581580564421778418691721440
}
 
Individuo 37:
{
  "Posicao": [0. 3. 9. 2. 8.]
             [2. 1. 1. 2. 1.],
  "Velocidade": [-2.69745796  2.86052836  0.56385101 -7.07490142 -0.92176116]
                [0.41485046 0.         0.         0.         0.        ],
  "funcao_objetivo": 0.81371393931397941448583953556464643772249214462919,
  "confiabilidade_total": 0.98988060598064619136064511335518568377499573044462
}
 
Individuo 38:
{
  "Posicao": [2. 9. 9. 0. 0.]
             [1. 1. 1. 1. 2.],
  "Velocidade": [-0.55846696  0.55846696  0.61806812  0.          0.028647  ]
                [0.03202452 0.         0.         0.03202452 1.41229319],
  "funcao_objetivo": 0.95081343553073460650401919749319445031265405572930,
  "confiabilidade_total": 0.95381343553073448340110244827505580246484515823403
}
 
Individuo 39:
{
  "Posicao": [9. 7. 7. 0. 7.]
             [2. 1. 1. 2. 3.],
  "Velocidade": [ 0.55141916 -0.10054435 -0.23104613  0.28574117  1.5386698 ]
                [-1.48396902  0.          0.         -1.48396902  2.71199405],
  "funcao_objetivo": 0.33747047611655916009710854972135081470911282405310,
  "confiabilidade_total": 0.99172047611655926934305417283675439239446896418982
}
 
Individuo 40:
{
  "Posicao": [2. 0. 0. 8. 5.]
             [2. 1. 1. 2. 1.],
  "Velocidade": [-0.39482202 -3.17118106 -3.27754597  0.65327971  1.85541928]
                [ 0.6060159   0.          0.          0.6060159  -1.71724395],
  "funcao_objetivo": 0.91007074114875776658940685154636193627608461199118,
  "confiabilidade_total": 0.99248740781542432141960750430559309760225457964255
}
 
Individuo 41:
{
  "Posicao": [0. 7. 3. 0. 7.]
             [1. 1. 1. 1. 1.],
  "Velocidade": [-4.99769448 -0.19430358 -5.55500047  0.21594019  6.89468044]
                [-1.59070088  0.          0.         -1.59070088  0.21594019],
  "funcao_objetivo": 0.95965867333363370646704933338456007531360099657230,
  "confiabilidade_total": 0.95965867333363370646704933338456007531360099657230
}
 
Individuo 42:
{
  "Posicao": [8. 3. 6. 4. 6.]
             [1. 1. 1. 1. 2.],
  "Velocidade": [ 2.75464838 -0.46593719 -2.39616107  0.51398007  3.03465299]
                [-2.12432207  0.          0.         -2.12432207 -0.43733837],
  "funcao_objetivo": 0.94062757411580901973135802503110617326613898733071,
  "confiabilidade_total": 0.94512757411580895347186013662098239510827149608544
}
 
Individuo 43:
{
  "Posicao": [6. 5. 5. 1. 2.]
             [2. 1. 1. 2. 1.],
  "Velocidade": [ 3.20492147 -4.10647232 -3.03864719 -4.49465007  2.0329718 ]
                [-0.08538734  0.          0.         -0.08538734  0.        ],
  "funcao_objetivo": 0.91820735335796232173026876306480333282749335120008,
  "confiabilidade_total": 0.98845735335796238412480274699860090463559309790418
}
 
Individuo 44:
{
  "Posicao": [7. 3. 7. 0. 5.]
             [1. 1. 1. 1. 2.],
  "Velocidade": [ 1.0368712  -4.28723915 -1.73983117 -1.4887294   5.14595869]
                [-0.95003867  0.          0.         -0.95003867  0.85203255],
  "funcao_objetivo": 0.95309443283191277151766133438585152685813874050467,
  "confiabilidade_total": 0.95309443283191277151766133438585152685813874050467
}
 
Individuo 45:
{
  "Posicao": [0. 9. 2. 1. 5.]
             [2. 1. 1. 2. 1.],
  "Velocidade": [-4.12810532  1.93677084 -1.65078139  0.38398244  0.15154812]
                [-0.14820298  0.          0.         -0.14820298  0.        ],
  "funcao_objetivo": 0.88592750306947698891482108632423260355111837723959,
  "confiabilidade_total": 0.99101083640281043408462043356500144222494840958822
}
 
Individuo 46:
{
  "Posicao": [5. 7. 9. 0. 0.]
             [2. 1. 1. 2. 3.],
  "Velocidade": [-2.11826365  2.11826365  1.99983646 -2.9901531  -4.99111194]
                [0.43214226 0.         0.         0.43214226 2.35828029],
  "funcao_objetivo": 0.29305087197138847949068354027438301984436101126710,
  "confiabilidade_total": 0.99246753863805533252678860735066093895799702811281
}
 
Individuo 47:
{
  "Posicao": [4. 6. 9. 9. 0.]
             [1. 1. 1. 1. 1.],
  "Velocidade": [-1.20583115  0.79509069  5.68212674  8.77208746 -1.20583115]
                [-0.56843819  0.          0.         -0.56843819  0.        ],
  "funcao_objetivo": 0.93471678398851804012902635719952636637251158944509,
  "confiabilidade_total": 0.93471678398851804012902635719952636637251158944509
}
 
Individuo 48:
{
  "Posicao": [4. 8. 6. 5. 0.]
             [2. 1. 1. 2. 1.],
  "Velocidade": [-1.42342695  0.62254763  0.37927294  5.2580686  -1.88582774]
                [0.63082829 0.         0.         0.63082829 0.        ],
  "funcao_objetivo": 0.88885905039730827433413221681751838101789991161775,
  "confiabilidade_total": 0.98744238373064171373077183600747320948884526989412
}
 
Individuo 49:
{
  "Posicao": [9. 9. 8. 9. 3.]
             [1. 1. 1. 1. 3.],
  "Velocidade": [ 7.6627227   6.77604361  4.05776409 12.91718155  1.70327448]
                [-2.36686909  0.          0.         -2.36686909  2.44402554],
  "funcao_objetivo": 0.77012615235131014576778507910567193391014680839910,
  "confiabilidade_total": 0.93222615235131003924743698144502766296480641342535
}
 
Individuo 50:
{
  "Posicao": [9. 3. 5. 9. 3.]
             [1. 1. 1. 1. 1.],
  "Velocidade": [ 3.32711308 -4.55995254 -1.9763758   9.34008658  1.05641456]
                [0.14453194 0.         0.         0.14453194 0.        ],
  "funcao_objetivo": 0.93362385674280944384151694971366865410494750253931,
  "confiabilidade_total": 0.93362385674280944384151694971366865410494750253931
}
 
-----------------------------------------
Populacao final da era:
Individuo 1:
{
  "Posicao": [7. 5. 7. 0. 3.]
             [2. 1. 1. 2. 1.],
  "Velocidade": [-1.32708354  1.32708354  0.          0.         -1.32708354]
                [0. 0. 0. 0. 0.],
  "funcao_objetivo": 0.98851142115399362017452312307107276609829438104104,
  "confiabilidade_total": 0.98851142115399362017452312307107276609829438104104
}
 
Individuo 2:
{
  "Posicao": [6. 7. 7. 0. 2.]
             [2. 1. 1. 2. 1.],
  "Velocidade": [ 2.63305787  1.09068966  6.56315932 -8.61412362 -0.06953687]
                [0. 0. 0. 0. 0.],
  "funcao_objetivo": 0.89227546523658645369284559513585112787828353408365,
  "confiabilidade_total": 0.98902546523658633145729058390611602723643687728433
}
 
Individuo 3:
{
  "Posicao": [4. 7. 7. 1. 0.]
             [2. 1. 1. 1. 1.],
  "Velocidade": [-2.49413044  1.19237041  1.4164276  -4.1267569  -5.16061906]
                [ 0.         -3.05271355  0.         -1.88328832  0.        ],
  "funcao_objetivo": 0.97075894490298035360720415911582011287345755547844,
  "confiabilidade_total": 0.97075894490298035360720415911582011287345755547844
}
 
Individuo 4:
{
  "Posicao": [6. 8. 9. 0. 5.]
             [2. 1. 1. 2. 1.],
  "Velocidade": [ 0.38927705 -0.86582681  4.68604552  0.1631079   3.85641987]
                [1.35009787 0.34055807 0.34055807 1.35009787 0.        ],
  "funcao_objetivo": 0.91776588641998684506219596629206696765121433791085,
  "confiabilidade_total": 0.98693255308665337424624475021018204519149277266427
}
 
Individuo 5:
{
  "Posicao": [4. 9. 9. 0. 0.]
             [2. 1. 1. 3. 1.],
  "Velocidade": [-2.2545663   6.58109151  5.38853904  0.         -2.87729105]
                [0.         0.         0.         1.15082653 0.        ],
  "funcao_objetivo": 0.33198484182592344661847363268071519031633608704955,
  "confiabilidade_total": 0.99131817515925671792734732362196979864944689637572
}
 
Individuo 6:
{
  "Posicao": [8. 7. 7. 0. 0.]
             [2. 1. 1. 2. 1.],
  "Velocidade": [ 3.55397728  1.72192732  0.         -3.6966761  -1.73574387]
                [0.50016406 0.         0.29980872 0.50016406 0.        ],
  "funcao_objetivo": 0.94226529338493452416870189543632868394535810900705,
  "confiabilidade_total": 0.98936529338493446469405446626669281345140964938181
}
 
Individuo 7:
{
  "Posicao": [1. 1. 2. 0. 9.]
             [2. 1. 1. 2. 1.],
  "Velocidade": [-1.8985233  -3.86556974 -0.96659878  0.          4.93310521]
                [0.60797351 0.         0.31400596 0.60797351 0.        ],
  "funcao_objetivo": 0.82233650934981820878989741310582185351698192198619,
  "confiabilidade_total": 0.99300317601648477955179846923604936992226632674082
}
 
Individuo 8:
{
  "Posicao": [7. 0. 7. 9. 3.]
             [2. 1. 3. 1. 1.],
  "Velocidade": [ 0.29837875 -4.64625266  0.          7.40748092  0.29837875]
                [ 0.          0.          1.52573707 -1.52538712  0.        ],
  "funcao_objetivo": 0.68118170905472743225181167693158809245709085243096,
  "confiabilidade_total": 0.97848170905472751034489922906509914585534238593926
}
 
Individuo 9:
{
  "Posicao": [9. 8. 9. 0. 0.]
             [2. 1. 1. 2. 1.],
  "Velocidade": [ 7.54957671  2.537476    5.04352636  0.         -7.03418556]
                [-0.94068029  0.          0.          0.94068029  0.        ],
  "funcao_objetivo": 0.74873065811853772624775067847840610888629860784062,
  "confiabilidade_total": 0.98773065811853773035557586959148530845373577977666
}
 
Individuo 10:
{
  "Posicao": [3. 6. 9. 0. 2.]
             [2. 1. 1. 2. 1.],
  "Velocidade": [-0.61418095 -1.69890377  2.70569165  0.         -0.45618188]
                [ 0.47822118  0.         -1.67694766  0.47822118 -1.67694766],
  "funcao_objetivo": 0.77262687278609628162888705675691041669364445287526,
  "confiabilidade_total": 0.98929353945276270589686001359773242420073025304616
}
 
Individuo 11:
{
  "Posicao": [8. 0. 3. 4. 0.]
             [3. 1. 1. 2. 1.],
  "Velocidade": [ 2.46655606 -7.95425291 -6.43622837  3.83243731 -3.68866846]
                [2.58150193 0.         0.         0.         0.        ],
  "funcao_objetivo": 0.58858102219229735790067355252288516403018757365535,
  "confiabilidade_total": 0.99463102219229739380528616890044768133043571971248
}
 
Individuo 12:
{
  "Posicao": [9. 3. 8. 1. 5.]
             [2. 1. 1. 2. 1.],
  "Velocidade": [ 8.19297235 -5.41787227  4.44552251  0.57234037  5.39142873]
                [ 1.11241807  0.          0.         -1.11241807  0.        ],
  "funcao_objetivo": 0.94219933161582368631858814625797677943635946324935,
  "confiabilidade_total": 0.98673266494915703902485066637336459460355555823913
}
 
Individuo 13:
{
  "Posicao": [0. 9. 3. 9. 9.]
             [2. 1. 1. 2. 1.],
  "Velocidade": [-9.19897938  3.79660277 -5.69608545 10.41034721 10.91820465]
                [0.71357748 0.         0.         0.         0.        ],
  "funcao_objetivo": 0.69662899099493016068538542285982564492314158356034,
  "confiabilidade_total": 0.98631232432826320359917848791387675730674563324296
}
 
Individuo 14:
{
  "Posicao": [6. 5. 6. 6. 5.]
             [2. 1. 1. 2. 1.],
  "Velocidade": [-1.20938615  2.6194568  -1.20309336  6.20643043  4.90981393]
                [0.         0.         0.         0.95122232 0.        ],
  "funcao_objetivo": 0.90573297505385444052627047064509499392813076320753,
  "confiabilidade_total": 0.98539964172052089576946581452778447925454010311232
}
 
Individuo 15:
{
  "Posicao": [7. 7. 4. 2. 0.]
             [2. 1. 1. 2. 1.],
  "Velocidade": [-2.01761178  0.88221367 -0.27489982  2.08695467 -1.10471176]
                [-0.00783318  0.         -2.68704219 -0.00783318  0.        ],
  "funcao_objetivo": 0.88982050987966150930029112266840618610618935850012,
  "confiabilidade_total": 0.98923717654632823188519079628879060544310437467444
}
 
Individuo 16:
{
  "Posicao": [4. 7. 9. 1. 2.]
             [1. 3. 1. 2. 1.],
  "Velocidade": [-1.30343187  1.59683861  3.24798106  0.64509763  1.66015664]
                [0.23017093 5.03927125 0.         0.         0.        ],
  "funcao_objetivo": 0.62031397251019487663356616460766270372282184883518,
  "confiabilidade_total": 0.96988063917686137453153011458886647212515987678928
}
 
Individuo 17:
{
  "Posicao": [9. 3. 7. 2. 3.]
             [1. 1. 3. 1. 1.],
  "Velocidade": [ 4.95355273 -5.98450936  0.          0.74425956  2.73644851]
                [-3.74921483  0.          1.62739574 -3.74921483  0.        ],
  "funcao_objetivo": 0.90889097902114687691059368988346491226527542652615,
  "confiabilidade_total": 0.97464097902114700469726382423898271502528042377957
}
 
Individuo 18:
{
  "Posicao": [5. 9. 3. 2. 3.]
             [2. 1. 1. 2. 1.],
  "Velocidade": [ 4.42801394  6.30049682  2.84190758 -3.11968509 -2.18899751]
                [1.16547963 0.         0.         0.         0.        ],
  "funcao_objetivo": 0.84085474823975658748488986994162179941094197696597,
  "confiabilidade_total": 0.98777141490642344940277913401915204191363133853824
}
 
Individuo 19:
{
  "Posicao": [3. 7. 7. 0. 0.]
             [2. 1. 1. 3. 1.],
  "Velocidade": [ -3.52214788   1.29725882   1.64965221 -10.09934178  -3.52214788]
                [ 0.          0.          0.         -0.02491252  0.        ],
  "funcao_objetivo": 0.53108516769326160839876480788711395301291422063543,
  "confiabilidade_total": 0.99255183435992832780842663107955066673824266607000
}
 
Individuo 20:
{
  "Posicao": [5. 5. 7. 0. 3.]
             [1. 2. 1. 2. 1.],
  "Velocidade": [ 0.45273798 -1.78777588  0.         -6.96712535  0.89525606]
                [-1.45847327  1.45847327  0.          0.          0.        ],
  "funcao_objetivo": 0.96087904622235488848170288677660522380947629736747,
  "confiabilidade_total": 0.96946237955568823059504997318721819765969673918571
}
 
Individuo 21:
{
  "Posicao": [9. 5. 7. 9. 1.]
             [2. 1. 1. 2. 1.],
  "Velocidade": [ 1.93842686 -2.27709367  0.57232451 12.19102686 -1.97914375]
                [0.         0.         0.         0.51772002 0.        ],
  "funcao_objetivo": 0.86856453571737109378027418779726895436361435614682,
  "confiabilidade_total": 0.98433120238403781631521382530952132938146594725705
}
 
Individuo 22:
{
  "Posicao": [7. 5. 6. 9. 0.]
             [2. 1. 1. 2. 1.],
  "Velocidade": [-0.04032357  0.58439765 -0.96941205 13.76044028 -5.31919335]
                [ 0.77005086  0.         -3.20512596  0.77005086  0.        ],
  "funcao_objetivo": 0.94425050357080013885733194869813987214708519756581,
  "confiabilidade_total": 0.98591717023746678369539487598998393413036880671765
}
 
Individuo 23:
{
  "Posicao": [9. 8. 3. 1. 5.]
             [2. 1. 2. 2. 1.],
  "Velocidade": [ 3.46400669  2.05347434 -2.57316019  0.40283915  3.7760746 ]
                [-0.0059911   0.         -0.34451947 -0.0059911   0.        ],
  "funcao_objetivo": 0.64658113092471891284312800732515165550508348576360,
  "confiabilidade_total": 0.99549779759138534355039450699188159746923296086126
}
 
Individuo 24:
{
  "Posicao": [5. 5. 5. 1. 1.]
             [1. 1. 1. 3. 1.],
  "Velocidade": [-4.10576767  1.02379644 -4.02560058 -7.83288206 -5.04939701]
                [-1.28928123  0.          0.          1.28928123  0.        ],
  "funcao_objetivo": 0.96758474521826371753749639256605462927559329039572,
  "confiabilidade_total": 0.96758474521826371753749639256605462927559329039572
}
 
Individuo 25:
{
  "Posicao": [6. 8. 9. 0. 0.]
             [1. 1. 1. 2. 1.],
  "Velocidade": [  4.07577003   0.61783929  10.48150737   0.         -11.14139695]
                [-1.94467199  0.          0.          0.          0.        ],
  "funcao_objetivo": 0.96278384459050235292732830296906340075315709169333,
  "confiabilidade_total": 0.96278384459050235292732830296906340075315709169333
}
 
Individuo 26:
{
  "Posicao": [9. 7. 9. 0. 5.]
             [3. 2. 1. 3. 1.],
  "Velocidade": [ 8.41216643 -1.03350071  6.0850628  -7.03322331 -4.1700853 ]
                [0.59695567 1.30321318 0.         0.59695567 0.        ],
  "funcao_objetivo": -0.07603075882679235536782075091558672843790077659044,
  "confiabilidade_total": 0.99776924117320778789535834671461324782752967384901
}
 
Individuo 27:
{
  "Posicao": [5. 7. 7. 2. 1.]
             [2. 1. 1. 2. 1.],
  "Velocidade": [ 0.77470211 -0.95727498  0.          1.797043   -0.73770026]
                [-0.65954217  0.          0.          0.          0.26532251],
  "funcao_objetivo": 0.97712950911536498461923408590668388504870183781418,
  "confiabilidade_total": 0.98812950911536492846970461548939185312353022412094
}
 
Individuo 28:
{
  "Posicao": [9. 4. 7. 0. 1.]
             [2. 1. 1. 2. 1.],
  "Velocidade": [ 3.40381072 -3.31593768  1.09034675  0.          0.44012019]
                [0.19172164 0.19172164 0.         0.19172164 0.        ],
  "funcao_objetivo": 0.76305407005079397337652260790451857334563946437083,
  "confiabilidade_total": 0.98868740338412711760926890025035556478986954402171
}
 
Individuo 29:
{
  "Posicao": [0. 9. 2. 3. 5.]
             [1. 1. 1. 1. 1.],
  "Velocidade": [-3.98715831  5.00847723 -0.52478179  3.20563658  4.74840358]
                [0.1048564 0.        0.        0.1048564 0.       ],
  "funcao_objetivo": 0.95131926743075242587383655971381871323212881732092,
  "confiabilidade_total": 0.95131926743075242587383655971381871323212881732092
}
 
Individuo 30:
{
  "Posicao": [7. 5. 8. 9. 4.]
             [1. 1. 3. 1. 1.],
  "Velocidade": [-1.16418405  1.16418405 -0.26255803  8.18583633  0.25936133]
                [-2.52223919  0.         -0.41342164 -2.52223919  0.        ],
  "funcao_objetivo": 0.96275033424989595855861290706683005959286813322324,
  "confiabilidade_total": 0.96275033424989595855861290706683005959286813322324
}
 
Individuo 31:
{
  "Posicao": [4. 8. 7. 2. 9.]
             [2. 2. 1. 2. 1.],
  "Velocidade": [ 3.87692505 -0.92643901  0.          1.94450817  4.31487358]
                [-0.2934886  -0.08225748  0.         -0.2934886   0.        ],
  "funcao_objetivo": 0.64117330487886151224929334810804253192616973086630,
  "confiabilidade_total": 0.99407330487886169801180982838923487560822043582235
}
 
Individuo 32:
{
  "Posicao": [6. 6. 8. 0. 4.]
             [2. 1. 1. 2. 1.],
  "Velocidade": [-3.06896884  1.11532576 -0.2866876  -7.48125895  1.36482228]
                [-0.76617577  0.         -2.27641124 -0.76617577  0.        ],
  "funcao_objetivo": 0.83044312806901825515924329948074349766478578287193,
  "confiabilidade_total": 0.98819312806901831200266216028875836735472718912193
}
 
Individuo 33:
{
  "Posicao": [9. 9. 9. 0. 2.]
             [3. 1. 1. 3. 1.],
  "Velocidade": [ 6.10563454 10.2108534   4.62359751 -6.09290557  0.05032328]
                [ 3.30061126 -4.63157335  0.          3.30061126  0.        ],
  "funcao_objetivo": 0.062757082420512934490379853707965423967309445365854,
  "confiabilidade_total": 0.99370708242051282320162386528227381190247103594203
}
 
Individuo 34:
{
  "Posicao": [9. 1. 9. 0. 9.]
             [2. 1. 1. 2. 1.],
  "Velocidade": [  7.31918893  -8.46626749   1.67216644 -14.12997602   9.67774382]
                [ 1.02021052 -3.80857766  0.          1.02021052  0.        ],
  "funcao_objetivo": 0.70383750724166414666447587014583930757580621446154,
  "confiabilidade_total": 0.98747084057499745343387296761459381703971250260851
}
 
Individuo 35:
{
  "Posicao": [6. 7. 8. 4. 2.]
             [2. 1. 1. 1. 1.],
  "Velocidade": [-2.24343932  1.60127791  2.46658602  2.23653626  0.24688934]
                [ 0.          0.          0.         -1.62360163  0.        ],
  "funcao_objetivo": 0.96395204280053978010416541426416814488211955158569,
  "confiabilidade_total": 0.96395204280053978010416541426416814488211955158569
}
 
Individuo 36:
{
  "Posicao": [5. 9. 9. 0. 0.]
             [2. 1. 1. 1. 1.],
  "Velocidade": [ 1.21671108  2.2270305   0.78268725 -8.98986361 -2.83749612]
                [0.        0.        0.        0.4630662 0.       ],
  "funcao_objetivo": 0.97055536615260836822599662982691921229894194019201,
  "confiabilidade_total": 0.97055536615260836822599662982691921229894194019201
}
 
Individuo 37:
{
  "Posicao": [9. 9. 6. 0. 0.]
             [2. 1. 1. 2. 1.],
  "Velocidade": [  9.20329474   8.45976998  -3.37139667  -7.80249258 -13.8170748 ]
                [-0.27157953  0.          0.          0.          0.        ],
  "funcao_objetivo": 0.71385157611025321227173709682615808949786666174446,
  "confiabilidade_total": 0.98838490944358650818315301346088163361865523596321
}
 
Individuo 38:
{
  "Posicao": [9. 4. 5. 0. 3.]
             [3. 1. 1. 3. 1.],
  "Velocidade": [ 7.30329301 -5.10652475 -3.82321743  0.          3.4515128 ]
                [ 2.22631871  0.          0.          2.22631871 -0.89358221],
  "funcao_objetivo": 0.14202640568635963657709553366922209231694768642880,
  "confiabilidade_total": 0.99457640568635977761982858204910898773511480068661
}
 
Individuo 39:
{
  "Posicao": [5. 5. 5. 0. 4.]
             [1. 1. 1. 1. 3.],
  "Velocidade": [-4.31636032 -1.5180753  -1.63849512  0.26366614 -2.96737267]
                [-1.36932454  0.          0.         -1.36932454 -0.08988841],
  "funcao_objetivo": 0.82192194190340918586502610932191851451600864406364,
  "confiabilidade_total": 0.95283860857007567274957765502156940191592052455680
}
 
Individuo 40:
{
  "Posicao": [5. 5. 5. 0. 7.]
             [1. 1. 1. 1. 3.],
  "Velocidade": [  3.17451235   5.33108482   5.23293716 -12.46499627   1.83486269]
                [-0.6511089   0.          0.         -0.6511089   1.58457774],
  "funcao_objetivo": 0.95279778855171352045995116239936216842424645569196,
  "confiabilidade_total": 0.95279778855171352045995116239936216842424645569196
}
 
Individuo 41:
{
  "Posicao": [1. 7. 1. 0. 9.]
             [2. 1. 1. 2. 1.],
  "Velocidade": [ 1.25831184 -0.1792926  -2.44321983  0.19925766  2.33808873]
                [0.79715395 0.         0.         0.79715395 0.19925766],
  "funcao_objetivo": 0.83912668880447835267595381297905460050592048213285,
  "confiabilidade_total": 0.99179335547114501153405187311545359952637774989408
}
 
Individuo 42:
{
  "Posicao": [9. 3. 4. 3. 6.]
             [3. 1. 1. 3. 2.],
  "Velocidade": [ 0.90932855 -0.46283205 -1.83684223 -0.51263778  0.41929595]
                [ 1.58600424  0.          0.          1.58600424 -0.26785377],
  "funcao_objetivo": -0.13316376566528105726939199309555726352884743411439,
  "confiabilidade_total": 0.99770290100138540736629013911595655378148581783873
}
 
Individuo 43:
{
  "Posicao": [8. 3. 4. 0. 3.]
             [2. 1. 1. 2. 1.],
  "Velocidade": [ 1.95022189 -1.75825851 -0.77292854 -5.10423016  0.78500032]
                [-0.09555296  0.          0.         -0.09555296  0.        ],
  "funcao_objetivo": 0.84167000746405020605059300105274701996158109268179,
  "confiabilidade_total": 0.98958667413071687456763137542800792066763387283316
}
 
Individuo 44:
{
  "Posicao": [4. 6. 5. 1. 3.]
             [2. 1. 1. 2. 1.],
  "Velocidade": [-2.54655335  3.05061431 -1.60541998  1.37371715 -2.25823541]
                [ 0.87501723  0.          0.          0.87501723 -0.96545186],
  "funcao_objetivo": 0.81701243251182322426771648632840033943517808108386,
  "confiabilidade_total": 0.98867909917848983061226548169489497641785744814929
}
 
Individuo 45:
{
  "Posicao": [6. 7. 7. 1. 4.]
             [2. 1. 1. 2. 1.],
  "Velocidade": [ 5.89147816 -2.09312116  5.0720088  -0.03311189 -1.40987837]
                [-0.13675351  0.          0.         -0.13675351  0.        ],
  "funcao_objetivo": 0.91858879811976122346126213570247122407994400805571,
  "confiabilidade_total": 0.98767213145309473380115302843992898562095295733550
}
 
Individuo 46:
{
  "Posicao": [5. 7. 8. 2. 2.]
             [2. 1. 1. 2. 1.],
  "Velocidade": [-0.23230141  0.23230141 -1.02393049  1.89799034  1.87915122]
                [ 0.39875698  0.          0.          0.39875698 -1.55433592],
  "funcao_objetivo": 0.93441805175883185300641297685110387596741907004243,
  "confiabilidade_total": 0.98758471842549859696310587450575169845924369696504
}
 
Individuo 47:
{
  "Posicao": [5. 6. 9. 0. 1.]
             [3. 1. 1. 3. 1.],
  "Velocidade": [  1.23668068  -0.38850989   2.28020764 -13.04979761   1.23668068]
                [1.82483165 0.         0.         1.82483165 0.        ],
  "funcao_objetivo": 0.40699481645886331812832441163283643647749049519224,
  "confiabilidade_total": 0.99477814979219655919472291178482688367087466572446
}
 
Individuo 48:
{
  "Posicao": [6. 6. 8. 2. 2.]
             [3. 1. 1. 3. 1.],
  "Velocidade": [ 1.93301824 -2.11128341  2.47496604 -2.96940498  1.50634036]
                [0.58209346 0.         0.         0.58209346 0.        ],
  "funcao_objetivo": 0.44016645447823184554798689340542391490391623380640,
  "confiabilidade_total": 0.99456645447823164128915482286912360776416193845728
}
 
Individuo 49:
{
  "Posicao": [9. 9. 9. 4. 4.]
             [1. 1. 1. 1. 1.],
  "Velocidade": [ 2.22248499 -0.39692784  1.82799064 -5.32734605  0.55601505]
                [ 0.26772625  0.          0.          0.26772625 -1.57736769],
  "funcao_objetivo": 0.92917308928122016489644295951991629206676013390514,
  "confiabilidade_total": 0.92917308928122016489644295951991629206676013390514
}
 
Individuo 50:
{
  "Posicao": [9. 2. 6. 4. 4.]
             [3. 1. 1. 3. 1.],
  "Velocidade": [-0.03747907 -1.10011701  1.21164133 -5.04047691  0.90257753]
                [1.65103189 0.         0.         1.65103189 0.        ],
  "funcao_objetivo": 0.072626019290351424656770016463034605529209265128035,
  "confiabilidade_total": 0.99469268595701812572554747284788527145614255370225
}
 
-----------------------------------------
-----------------------------------------
-----------------------------------------
-----------------------------------------
GERACAO 10
Populacao antes da execucao:
Individuo 1:
{
  "Posicao": [7. 5. 7. 0. 3.]
             [2. 1. 1. 2. 1.],
  "Velocidade": [-1.32708354  1.32708354  0.          0.         -1.32708354]
                [0. 0. 0. 0. 0.],
  "funcao_objetivo": 0.98851142115399362017452312307107276609829438104104,
  "confiabilidade_total": 0.98851142115399362017452312307107276609829438104104
}
 
Individuo 2:
{
  "Posicao": [6. 7. 7. 0. 2.]
             [2. 1. 1. 2. 1.],
  "Velocidade": [ 2.63305787  1.09068966  6.56315932 -8.61412362 -0.06953687]
                [0. 0. 0. 0. 0.],
  "funcao_objetivo": 0.89227546523658645369284559513585112787828353408365,
  "confiabilidade_total": 0.98902546523658633145729058390611602723643687728433
}
 
Individuo 3:
{
  "Posicao": [4. 7. 7. 1. 0.]
             [2. 1. 1. 1. 1.],
  "Velocidade": [-2.49413044  1.19237041  1.4164276  -4.1267569  -5.16061906]
                [ 0.         -3.05271355  0.         -1.88328832  0.        ],
  "funcao_objetivo": 0.97075894490298035360720415911582011287345755547844,
  "confiabilidade_total": 0.97075894490298035360720415911582011287345755547844
}
 
Individuo 4:
{
  "Posicao": [6. 8. 9. 0. 5.]
             [2. 1. 1. 2. 1.],
  "Velocidade": [ 0.38927705 -0.86582681  4.68604552  0.1631079   3.85641987]
                [1.35009787 0.34055807 0.34055807 1.35009787 0.        ],
  "funcao_objetivo": 0.91776588641998684506219596629206696765121433791085,
  "confiabilidade_total": 0.98693255308665337424624475021018204519149277266427
}
 
Individuo 5:
{
  "Posicao": [4. 9. 9. 0. 0.]
             [2. 1. 1. 3. 1.],
  "Velocidade": [-2.2545663   6.58109151  5.38853904  0.         -2.87729105]
                [0.         0.         0.         1.15082653 0.        ],
  "funcao_objetivo": 0.33198484182592344661847363268071519031633608704955,
  "confiabilidade_total": 0.99131817515925671792734732362196979864944689637572
}
 
Individuo 6:
{
  "Posicao": [8. 7. 7. 0. 0.]
             [2. 1. 1. 2. 1.],
  "Velocidade": [ 3.55397728  1.72192732  0.         -3.6966761  -1.73574387]
                [0.50016406 0.         0.29980872 0.50016406 0.        ],
  "funcao_objetivo": 0.94226529338493452416870189543632868394535810900705,
  "confiabilidade_total": 0.98936529338493446469405446626669281345140964938181
}
 
Individuo 7:
{
  "Posicao": [1. 1. 2. 0. 9.]
             [2. 1. 1. 2. 1.],
  "Velocidade": [-1.8985233  -3.86556974 -0.96659878  0.          4.93310521]
                [0.60797351 0.         0.31400596 0.60797351 0.        ],
  "funcao_objetivo": 0.82233650934981820878989741310582185351698192198619,
  "confiabilidade_total": 0.99300317601648477955179846923604936992226632674082
}
 
Individuo 8:
{
  "Posicao": [7. 0. 7. 9. 3.]
             [2. 1. 3. 1. 1.],
  "Velocidade": [ 0.29837875 -4.64625266  0.          7.40748092  0.29837875]
                [ 0.          0.          1.52573707 -1.52538712  0.        ],
  "funcao_objetivo": 0.68118170905472743225181167693158809245709085243096,
  "confiabilidade_total": 0.97848170905472751034489922906509914585534238593926
}
 
Individuo 9:
{
  "Posicao": [9. 8. 9. 0. 0.]
             [2. 1. 1. 2. 1.],
  "Velocidade": [ 7.54957671  2.537476    5.04352636  0.         -7.03418556]
                [-0.94068029  0.          0.          0.94068029  0.        ],
  "funcao_objetivo": 0.74873065811853772624775067847840610888629860784062,
  "confiabilidade_total": 0.98773065811853773035557586959148530845373577977666
}
 
Individuo 10:
{
  "Posicao": [3. 6. 9. 0. 2.]
             [2. 1. 1. 2. 1.],
  "Velocidade": [-0.61418095 -1.69890377  2.70569165  0.         -0.45618188]
                [ 0.47822118  0.         -1.67694766  0.47822118 -1.67694766],
  "funcao_objetivo": 0.77262687278609628162888705675691041669364445287526,
  "confiabilidade_total": 0.98929353945276270589686001359773242420073025304616
}
 
Individuo 11:
{
  "Posicao": [8. 0. 3. 4. 0.]
             [3. 1. 1. 2. 1.],
  "Velocidade": [ 2.46655606 -7.95425291 -6.43622837  3.83243731 -3.68866846]
                [2.58150193 0.         0.         0.         0.        ],
  "funcao_objetivo": 0.58858102219229735790067355252288516403018757365535,
  "confiabilidade_total": 0.99463102219229739380528616890044768133043571971248
}
 
Individuo 12:
{
  "Posicao": [9. 3. 8. 1. 5.]
             [2. 1. 1. 2. 1.],
  "Velocidade": [ 8.19297235 -5.41787227  4.44552251  0.57234037  5.39142873]
                [ 1.11241807  0.          0.         -1.11241807  0.        ],
  "funcao_objetivo": 0.94219933161582368631858814625797677943635946324935,
  "confiabilidade_total": 0.98673266494915703902485066637336459460355555823913
}
 
Individuo 13:
{
  "Posicao": [0. 9. 3. 9. 9.]
             [2. 1. 1. 2. 1.],
  "Velocidade": [-9.19897938  3.79660277 -5.69608545 10.41034721 10.91820465]
                [0.71357748 0.         0.         0.         0.        ],
  "funcao_objetivo": 0.69662899099493016068538542285982564492314158356034,
  "confiabilidade_total": 0.98631232432826320359917848791387675730674563324296
}
 
Individuo 14:
{
  "Posicao": [6. 5. 6. 6. 5.]
             [2. 1. 1. 2. 1.],
  "Velocidade": [-1.20938615  2.6194568  -1.20309336  6.20643043  4.90981393]
                [0.         0.         0.         0.95122232 0.        ],
  "funcao_objetivo": 0.90573297505385444052627047064509499392813076320753,
  "confiabilidade_total": 0.98539964172052089576946581452778447925454010311232
}
 
Individuo 15:
{
  "Posicao": [7. 7. 4. 2. 0.]
             [2. 1. 1. 2. 1.],
  "Velocidade": [-2.01761178  0.88221367 -0.27489982  2.08695467 -1.10471176]
                [-0.00783318  0.         -2.68704219 -0.00783318  0.        ],
  "funcao_objetivo": 0.88982050987966150930029112266840618610618935850012,
  "confiabilidade_total": 0.98923717654632823188519079628879060544310437467444
}
 
Individuo 16:
{
  "Posicao": [4. 7. 9. 1. 2.]
             [1. 3. 1. 2. 1.],
  "Velocidade": [-1.30343187  1.59683861  3.24798106  0.64509763  1.66015664]
                [0.23017093 5.03927125 0.         0.         0.        ],
  "funcao_objetivo": 0.62031397251019487663356616460766270372282184883518,
  "confiabilidade_total": 0.96988063917686137453153011458886647212515987678928
}
 
Individuo 17:
{
  "Posicao": [9. 3. 7. 2. 3.]
             [1. 1. 3. 1. 1.],
  "Velocidade": [ 4.95355273 -5.98450936  0.          0.74425956  2.73644851]
                [-3.74921483  0.          1.62739574 -3.74921483  0.        ],
  "funcao_objetivo": 0.90889097902114687691059368988346491226527542652615,
  "confiabilidade_total": 0.97464097902114700469726382423898271502528042377957
}
 
Individuo 18:
{
  "Posicao": [5. 9. 3. 2. 3.]
             [2. 1. 1. 2. 1.],
  "Velocidade": [ 4.42801394  6.30049682  2.84190758 -3.11968509 -2.18899751]
                [1.16547963 0.         0.         0.         0.        ],
  "funcao_objetivo": 0.84085474823975658748488986994162179941094197696597,
  "confiabilidade_total": 0.98777141490642344940277913401915204191363133853824
}
 
Individuo 19:
{
  "Posicao": [3. 7. 7. 0. 0.]
             [2. 1. 1. 3. 1.],
  "Velocidade": [ -3.52214788   1.29725882   1.64965221 -10.09934178  -3.52214788]
                [ 0.          0.          0.         -0.02491252  0.        ],
  "funcao_objetivo": 0.53108516769326160839876480788711395301291422063543,
  "confiabilidade_total": 0.99255183435992832780842663107955066673824266607000
}
 
Individuo 20:
{
  "Posicao": [5. 5. 7. 0. 3.]
             [1. 2. 1. 2. 1.],
  "Velocidade": [ 0.45273798 -1.78777588  0.         -6.96712535  0.89525606]
                [-1.45847327  1.45847327  0.          0.          0.        ],
  "funcao_objetivo": 0.96087904622235488848170288677660522380947629736747,
  "confiabilidade_total": 0.96946237955568823059504997318721819765969673918571
}
 
Individuo 21:
{
  "Posicao": [9. 5. 7. 9. 1.]
             [2. 1. 1. 2. 1.],
  "Velocidade": [ 1.93842686 -2.27709367  0.57232451 12.19102686 -1.97914375]
                [0.         0.         0.         0.51772002 0.        ],
  "funcao_objetivo": 0.86856453571737109378027418779726895436361435614682,
  "confiabilidade_total": 0.98433120238403781631521382530952132938146594725705
}
 
Individuo 22:
{
  "Posicao": [7. 5. 6. 9. 0.]
             [2. 1. 1. 2. 1.],
  "Velocidade": [-0.04032357  0.58439765 -0.96941205 13.76044028 -5.31919335]
                [ 0.77005086  0.         -3.20512596  0.77005086  0.        ],
  "funcao_objetivo": 0.94425050357080013885733194869813987214708519756581,
  "confiabilidade_total": 0.98591717023746678369539487598998393413036880671765
}
 
Individuo 23:
{
  "Posicao": [9. 8. 3. 1. 5.]
             [2. 1. 2. 2. 1.],
  "Velocidade": [ 3.46400669  2.05347434 -2.57316019  0.40283915  3.7760746 ]
                [-0.0059911   0.         -0.34451947 -0.0059911   0.        ],
  "funcao_objetivo": 0.64658113092471891284312800732515165550508348576360,
  "confiabilidade_total": 0.99549779759138534355039450699188159746923296086126
}
 
Individuo 24:
{
  "Posicao": [5. 5. 5. 1. 1.]
             [1. 1. 1. 3. 1.],
  "Velocidade": [-4.10576767  1.02379644 -4.02560058 -7.83288206 -5.04939701]
                [-1.28928123  0.          0.          1.28928123  0.        ],
  "funcao_objetivo": 0.96758474521826371753749639256605462927559329039572,
  "confiabilidade_total": 0.96758474521826371753749639256605462927559329039572
}
 
Individuo 25:
{
  "Posicao": [6. 8. 9. 0. 0.]
             [1. 1. 1. 2. 1.],
  "Velocidade": [  4.07577003   0.61783929  10.48150737   0.         -11.14139695]
                [-1.94467199  0.          0.          0.          0.        ],
  "funcao_objetivo": 0.96278384459050235292732830296906340075315709169333,
  "confiabilidade_total": 0.96278384459050235292732830296906340075315709169333
}
 
Individuo 26:
{
  "Posicao": [9. 7. 9. 0. 5.]
             [3. 2. 1. 3. 1.],
  "Velocidade": [ 8.41216643 -1.03350071  6.0850628  -7.03322331 -4.1700853 ]
                [0.59695567 1.30321318 0.         0.59695567 0.        ],
  "funcao_objetivo": -0.07603075882679235536782075091558672843790077659044,
  "confiabilidade_total": 0.99776924117320778789535834671461324782752967384901
}
 
Individuo 27:
{
  "Posicao": [5. 7. 7. 2. 1.]
             [2. 1. 1. 2. 1.],
  "Velocidade": [ 0.77470211 -0.95727498  0.          1.797043   -0.73770026]
                [-0.65954217  0.          0.          0.          0.26532251],
  "funcao_objetivo": 0.97712950911536498461923408590668388504870183781418,
  "confiabilidade_total": 0.98812950911536492846970461548939185312353022412094
}
 
Individuo 28:
{
  "Posicao": [9. 4. 7. 0. 1.]
             [2. 1. 1. 2. 1.],
  "Velocidade": [ 3.40381072 -3.31593768  1.09034675  0.          0.44012019]
                [0.19172164 0.19172164 0.         0.19172164 0.        ],
  "funcao_objetivo": 0.76305407005079397337652260790451857334563946437083,
  "confiabilidade_total": 0.98868740338412711760926890025035556478986954402171
}
 
Individuo 29:
{
  "Posicao": [0. 9. 2. 3. 5.]
             [1. 1. 1. 1. 1.],
  "Velocidade": [-3.98715831  5.00847723 -0.52478179  3.20563658  4.74840358]
                [0.1048564 0.        0.        0.1048564 0.       ],
  "funcao_objetivo": 0.95131926743075242587383655971381871323212881732092,
  "confiabilidade_total": 0.95131926743075242587383655971381871323212881732092
}
 
Individuo 30:
{
  "Posicao": [7. 5. 8. 9. 4.]
             [1. 1. 3. 1. 1.],
  "Velocidade": [-1.16418405  1.16418405 -0.26255803  8.18583633  0.25936133]
                [-2.52223919  0.         -0.41342164 -2.52223919  0.        ],
  "funcao_objetivo": 0.96275033424989595855861290706683005959286813322324,
  "confiabilidade_total": 0.96275033424989595855861290706683005959286813322324
}
 
Individuo 31:
{
  "Posicao": [4. 8. 7. 2. 9.]
             [2. 2. 1. 2. 1.],
  "Velocidade": [ 3.87692505 -0.92643901  0.          1.94450817  4.31487358]
                [-0.2934886  -0.08225748  0.         -0.2934886   0.        ],
  "funcao_objetivo": 0.64117330487886151224929334810804253192616973086630,
  "confiabilidade_total": 0.99407330487886169801180982838923487560822043582235
}
 
Individuo 32:
{
  "Posicao": [6. 6. 8. 0. 4.]
             [2. 1. 1. 2. 1.],
  "Velocidade": [-3.06896884  1.11532576 -0.2866876  -7.48125895  1.36482228]
                [-0.76617577  0.         -2.27641124 -0.76617577  0.        ],
  "funcao_objetivo": 0.83044312806901825515924329948074349766478578287193,
  "confiabilidade_total": 0.98819312806901831200266216028875836735472718912193
}
 
Individuo 33:
{
  "Posicao": [9. 9. 9. 0. 2.]
             [3. 1. 1. 3. 1.],
  "Velocidade": [ 6.10563454 10.2108534   4.62359751 -6.09290557  0.05032328]
                [ 3.30061126 -4.63157335  0.          3.30061126  0.        ],
  "funcao_objetivo": 0.062757082420512934490379853707965423967309445365854,
  "confiabilidade_total": 0.99370708242051282320162386528227381190247103594203
}
 
Individuo 34:
{
  "Posicao": [9. 1. 9. 0. 9.]
             [2. 1. 1. 2. 1.],
  "Velocidade": [  7.31918893  -8.46626749   1.67216644 -14.12997602   9.67774382]
                [ 1.02021052 -3.80857766  0.          1.02021052  0.        ],
  "funcao_objetivo": 0.70383750724166414666447587014583930757580621446154,
  "confiabilidade_total": 0.98747084057499745343387296761459381703971250260851
}
 
Individuo 35:
{
  "Posicao": [6. 7. 8. 4. 2.]
             [2. 1. 1. 1. 1.],
  "Velocidade": [-2.24343932  1.60127791  2.46658602  2.23653626  0.24688934]
                [ 0.          0.          0.         -1.62360163  0.        ],
  "funcao_objetivo": 0.96395204280053978010416541426416814488211955158569,
  "confiabilidade_total": 0.96395204280053978010416541426416814488211955158569
}
 
Individuo 36:
{
  "Posicao": [5. 9. 9. 0. 0.]
             [2. 1. 1. 1. 1.],
  "Velocidade": [ 1.21671108  2.2270305   0.78268725 -8.98986361 -2.83749612]
                [0.        0.        0.        0.4630662 0.       ],
  "funcao_objetivo": 0.97055536615260836822599662982691921229894194019201,
  "confiabilidade_total": 0.97055536615260836822599662982691921229894194019201
}
 
Individuo 37:
{
  "Posicao": [9. 9. 6. 0. 0.]
             [2. 1. 1. 2. 1.],
  "Velocidade": [  9.20329474   8.45976998  -3.37139667  -7.80249258 -13.8170748 ]
                [-0.27157953  0.          0.          0.          0.        ],
  "funcao_objetivo": 0.71385157611025321227173709682615808949786666174446,
  "confiabilidade_total": 0.98838490944358650818315301346088163361865523596321
}
 
Individuo 38:
{
  "Posicao": [9. 4. 5. 0. 3.]
             [3. 1. 1. 3. 1.],
  "Velocidade": [ 7.30329301 -5.10652475 -3.82321743  0.          3.4515128 ]
                [ 2.22631871  0.          0.          2.22631871 -0.89358221],
  "funcao_objetivo": 0.14202640568635963657709553366922209231694768642880,
  "confiabilidade_total": 0.99457640568635977761982858204910898773511480068661
}
 
Individuo 39:
{
  "Posicao": [5. 5. 5. 0. 4.]
             [1. 1. 1. 1. 3.],
  "Velocidade": [-4.31636032 -1.5180753  -1.63849512  0.26366614 -2.96737267]
                [-1.36932454  0.          0.         -1.36932454 -0.08988841],
  "funcao_objetivo": 0.82192194190340918586502610932191851451600864406364,
  "confiabilidade_total": 0.95283860857007567274957765502156940191592052455680
}
 
Individuo 40:
{
  "Posicao": [5. 5. 5. 0. 7.]
             [1. 1. 1. 1. 3.],
  "Velocidade": [  3.17451235   5.33108482   5.23293716 -12.46499627   1.83486269]
                [-0.6511089   0.          0.         -0.6511089   1.58457774],
  "funcao_objetivo": 0.95279778855171352045995116239936216842424645569196,
  "confiabilidade_total": 0.95279778855171352045995116239936216842424645569196
}
 
Individuo 41:
{
  "Posicao": [1. 7. 1. 0. 9.]
             [2. 1. 1. 2. 1.],
  "Velocidade": [ 1.25831184 -0.1792926  -2.44321983  0.19925766  2.33808873]
                [0.79715395 0.         0.         0.79715395 0.19925766],
  "funcao_objetivo": 0.83912668880447835267595381297905460050592048213285,
  "confiabilidade_total": 0.99179335547114501153405187311545359952637774989408
}
 
Individuo 42:
{
  "Posicao": [9. 3. 4. 3. 6.]
             [3. 1. 1. 3. 2.],
  "Velocidade": [ 0.90932855 -0.46283205 -1.83684223 -0.51263778  0.41929595]
                [ 1.58600424  0.          0.          1.58600424 -0.26785377],
  "funcao_objetivo": -0.13316376566528105726939199309555726352884743411439,
  "confiabilidade_total": 0.99770290100138540736629013911595655378148581783873
}
 
Individuo 43:
{
  "Posicao": [8. 3. 4. 0. 3.]
             [2. 1. 1. 2. 1.],
  "Velocidade": [ 1.95022189 -1.75825851 -0.77292854 -5.10423016  0.78500032]
                [-0.09555296  0.          0.         -0.09555296  0.        ],
  "funcao_objetivo": 0.84167000746405020605059300105274701996158109268179,
  "confiabilidade_total": 0.98958667413071687456763137542800792066763387283316
}
 
Individuo 44:
{
  "Posicao": [4. 6. 5. 1. 3.]
             [2. 1. 1. 2. 1.],
  "Velocidade": [-2.54655335  3.05061431 -1.60541998  1.37371715 -2.25823541]
                [ 0.87501723  0.          0.          0.87501723 -0.96545186],
  "funcao_objetivo": 0.81701243251182322426771648632840033943517808108386,
  "confiabilidade_total": 0.98867909917848983061226548169489497641785744814929
}
 
Individuo 45:
{
  "Posicao": [6. 7. 7. 1. 4.]
             [2. 1. 1. 2. 1.],
  "Velocidade": [ 5.89147816 -2.09312116  5.0720088  -0.03311189 -1.40987837]
                [-0.13675351  0.          0.         -0.13675351  0.        ],
  "funcao_objetivo": 0.91858879811976122346126213570247122407994400805571,
  "confiabilidade_total": 0.98767213145309473380115302843992898562095295733550
}
 
Individuo 46:
{
  "Posicao": [5. 7. 8. 2. 2.]
             [2. 1. 1. 2. 1.],
  "Velocidade": [-0.23230141  0.23230141 -1.02393049  1.89799034  1.87915122]
                [ 0.39875698  0.          0.          0.39875698 -1.55433592],
  "funcao_objetivo": 0.93441805175883185300641297685110387596741907004243,
  "confiabilidade_total": 0.98758471842549859696310587450575169845924369696504
}
 
Individuo 47:
{
  "Posicao": [5. 6. 9. 0. 1.]
             [3. 1. 1. 3. 1.],
  "Velocidade": [  1.23668068  -0.38850989   2.28020764 -13.04979761   1.23668068]
                [1.82483165 0.         0.         1.82483165 0.        ],
  "funcao_objetivo": 0.40699481645886331812832441163283643647749049519224,
  "confiabilidade_total": 0.99477814979219655919472291178482688367087466572446
}
 
Individuo 48:
{
  "Posicao": [6. 6. 8. 2. 2.]
             [3. 1. 1. 3. 1.],
  "Velocidade": [ 1.93301824 -2.11128341  2.47496604 -2.96940498  1.50634036]
                [0.58209346 0.         0.         0.58209346 0.        ],
  "funcao_objetivo": 0.44016645447823184554798689340542391490391623380640,
  "confiabilidade_total": 0.99456645447823164128915482286912360776416193845728
}
 
Individuo 49:
{
  "Posicao": [9. 9. 9. 4. 4.]
             [1. 1. 1. 1. 1.],
  "Velocidade": [ 2.22248499 -0.39692784  1.82799064 -5.32734605  0.55601505]
                [ 0.26772625  0.          0.          0.26772625 -1.57736769],
  "funcao_objetivo": 0.92917308928122016489644295951991629206676013390514,
  "confiabilidade_total": 0.92917308928122016489644295951991629206676013390514
}
 
Individuo 50:
{
  "Posicao": [9. 2. 6. 4. 4.]
             [3. 1. 1. 3. 1.],
  "Velocidade": [-0.03747907 -1.10011701  1.21164133 -5.04047691  0.90257753]
                [1.65103189 0.         0.         1.65103189 0.        ],
  "funcao_objetivo": 0.072626019290351424656770016463034605529209265128035,
  "confiabilidade_total": 0.99469268595701812572554747284788527145614255370225
}
 
-----------------------------------------
Populacao final da era:
Individuo 1:
{
  "Posicao": [4. 8. 7. 0. 0.]
             [2. 1. 1. 2. 1.],
  "Velocidade": [-3.10219856  3.10219856  0.          0.         -3.10219856]
                [0. 0. 0. 0. 0.],
  "funcao_objetivo": 0.80234914868752759049780545050420941442031600768928,
  "confiabilidade_total": 0.99034914868752771584198493068438282824833133514289
}
 
Individuo 2:
{
  "Posicao": [6. 7. 5. 1. 2.]
             [2. 1. 1. 2. 1.],
  "Velocidade": [-0.10685781 -0.32388481 -1.92593254  1.37258991  0.06477255]
                [0. 0. 0. 0. 0.],
  "funcao_objetivo": 0.92296006490519607489865822980981053712514384531877,
  "confiabilidade_total": 0.98837673157186280891885505706930732282546504282854
}
 
Individuo 3:
{
  "Posicao": [4. 8. 9. 0. 1.]
             [2. 3. 1. 1. 1.],
  "Velocidade": [ 0.46649209  0.57455874  1.55127714 -4.71336419  1.45469906]
                [0.         2.53136039 0.         0.25246861 0.        ],
  "funcao_objetivo": 0.59301380283158617195781429048642792806263626406382,
  "confiabilidade_total": 0.99431380283158613425464037421611181527610481569956
}
 
Individuo 4:
{
  "Posicao": [7. 7. 9. 2. 7.]
             [3. 2. 2. 3. 1.],
  "Velocidade": [ 1.01059397 -0.86615407  1.93980363  1.60937993  1.76170261]
                [0.50314866 1.0412947  1.0412947  0.50314866 0.        ],
  "funcao_objetivo": -0.11392161411313661309629555173563390441947906823905,
  "confiabilidade_total": 0.99956171922019676736970592035101175836509734777657
}
 
Individuo 5:
{
  "Posicao": [5. 9. 9. 0. 0.]
             [2. 1. 1. 2. 1.],
  "Velocidade": [0.64663749 1.34556574 1.00221902 0.         0.07776769]
                [ 0.          0.          0.         -0.90885229  0.        ],
  "funcao_objetivo": 0.88420864696548405741569849218893746419445462733613,
  "confiabilidade_total": 0.98859198029881717028464433887410218867109008342134
}
 
Individuo 6:
{
  "Posicao": [0. 0. 7. 0. 1.]
             [1. 1. 3. 1. 1.],
  "Velocidade": [-9.7545076  -9.45262194  0.          0.22679673  1.17298676]
                [-1.11818182  0.          1.84897076 -1.11818182  0.        ],
  "funcao_objetivo": 0.89876049483547482034941181270986558185403569582175,
  "confiabilidade_total": 0.98609382816880820985540426280684837503803296926688
}
 
Individuo 7:
{
  "Posicao": [4. 4. 6. 0. 4.]
             [2. 1. 2. 2. 1.],
  "Velocidade": [ 2.58975913  3.09966487  4.30492628  0.         -4.72086966]
                [0.26581402 0.         0.57643012 0.26581402 0.        ],
  "funcao_objetivo": 0.40229712247388296949424494620329321706624346892773,
  "confiabilidade_total": 0.99666378914054956824486845313371711755128222625195
}
 
Individuo 8:
{
  "Posicao": [6. 5. 7. 2. 2.]
             [2. 1. 1. 1. 1.],
  "Velocidade": [-1.24751554  5.37182668  0.         -6.82431229 -1.24751554]
                [ 0.          0.         -2.58112812  0.01971621  0.        ],
  "funcao_objetivo": 0.96808741066057334771084428591837966797039288386843,
  "confiabilidade_total": 0.96808741066057334771084428591837966797039288386843
}
 
Individuo 9:
{
  "Posicao": [9. 6. 9. 0. 3.]
             [1. 1. 1. 3. 1.],
  "Velocidade": [ 3.53032266 -2.07483572  1.50366444  0.          3.45349695]
                [-0.85932767  0.          0.          0.85932767  0.        ],
  "funcao_objetivo": 0.71283806543307525347000629566104091135690292800992,
  "confiabilidade_total": 0.96043806543307539289181372808819925775656780685514
}
 
Individuo 10:
{
  "Posicao": [9. 3. 7. 0. 1.]
             [2. 1. 3. 2. 3.],
  "Velocidade": [ 9.71446446 -2.88197187 -2.26004024  0.         -0.93466709]
                [0.4368633  0.         1.53192061 0.4368633  1.53192061],
  "funcao_objetivo": -0.32301565914833277833976739684481687883621654215597,
  "confiabilidade_total": 0.99798434085166750676550532689538270195239582356669
}
 
Individuo 11:
{
  "Posicao": [6. 5. 6. 0. 0.]
             [3. 1. 1. 2. 1.],
  "Velocidade": [-1.55642623  5.11753776  2.69461162 -5.07321966  0.08438965]
                [-0.21469222  0.          0.          0.          0.        ],
  "funcao_objetivo": 0.61597606954184620129420260304887829528999903942482,
  "confiabilidade_total": 0.99400940287517949198757030394536609941971877361672
}
 
Individuo 12:
{
  "Posicao": [1. 3. 5. 9. 9.]
             [1. 1. 1. 3. 1.],
  "Velocidade": [-8.46977741  0.30486177 -3.49416072 10.80098296  8.58766279]
                [-0.76712314  0.          0.          0.76712314  0.        ],
  "funcao_objetivo": 0.81901700713672965020611025134531659189707309838460,
  "confiabilidade_total": 0.97285034047006291663000263393588242236620456811116
}
 
Individuo 13:
{
  "Posicao": [3. 9. 0. 9. 9.]
             [1. 1. 1. 2. 1.],
  "Velocidade": [ 3.14265413  1.36395324 -4.91619364  0.04064179  0.24961974]
                [-0.65524769  0.          0.          0.          0.        ],
  "funcao_objetivo": 0.97280490454427198774881165165427895661092507962918,
  "confiabilidade_total": 0.97280490454427198774881165165427895661092507962918
}
 
Individuo 14:
{
  "Posicao": [6. 8. 7. 2. 6.]
             [2. 1. 1. 3. 1.],
  "Velocidade": [ 0.29070439  2.61251436  0.51604836 -4.02088812  1.03541452]
                [0.       0.       0.       0.868958 0.      ],
  "funcao_objetivo": 0.68131678189093002990879309469112753188936148176042,
  "confiabilidade_total": 0.98948344855759661871181830098014883017866049299089
}
 
Individuo 15:
{
  "Posicao": [3. 8. 9. 1. 2.]
             [1. 1. 1. 1. 1.],
  "Velocidade": [-3.59069907  0.80591741  4.89446887 -0.85079912  2.38884544]
                [-1.01684804  0.          0.4352748  -1.01684804  0.        ],
  "funcao_objetivo": 0.94384992830922901610913878405453459329344763259345,
  "confiabilidade_total": 0.94384992830922901610913878405453459329344763259345
}
 
Individuo 16:
{
  "Posicao": [9. 7. 1. 5. 9.]
             [2. 2. 1. 2. 1.],
  "Velocidade": [ 4.5411961  -0.43894948 -7.5478759   4.34584969  7.1708127 ]
                [ 1.19794596 -0.73041041  0.          0.          0.        ],
  "funcao_objetivo": 0.71717196188902545882771324465701365262623940656872,
  "confiabilidade_total": 0.99378862855569201128203662471840981744583760450573
}
 
Individuo 17:
{
  "Posicao": [9. 3. 7. 3. 2.]
             [3. 1. 2. 3. 1.],
  "Velocidade": [-0.01348692  0.38150913  0.          1.0302103  -1.07934735]
                [ 2.94522116  0.         -0.52715156  2.94522116  0.        ],
  "funcao_objetivo": -0.029805226322051712899228134461030452710307115973138,
  "confiabilidade_total": 0.99862810701128159757831386525574690176852894359717
}
 
Individuo 18:
{
  "Posicao": [6. 9. 5. 1. 2.]
             [2. 1. 1. 2. 1.],
  "Velocidade": [ 0.97722282  1.87182693  1.92713098 -1.36494423 -1.28170614]
                [0.29772468 0.         0.         0.         0.        ],
  "funcao_objetivo": 0.88685588757714076023457970191741257036614651762136,
  "confiabilidade_total": 0.98777255424380753966289823634581185939300294004568
}
 
Individuo 19:
{
  "Posicao": [7. 5. 9. 9. 2.]
             [2. 1. 1. 1. 1.],
  "Velocidade": [ 4.44600388 -2.08726647  1.50698575  9.22592291  2.25039791]
                [ 0.          0.          0.         -2.21836399  0.        ],
  "funcao_objetivo": 0.95863955565944739527240319475735365477075951090677,
  "confiabilidade_total": 0.95863955565944739527240319475735365477075951090677
}
 
Individuo 20:
{
  "Posicao": [6. 7. 7. 6. 0.]
             [1. 2. 1. 2. 1.],
  "Velocidade": [ 0.98343524  1.91918315  0.          6.07966353 -2.7345154 ]
                [ 0.44383314 -0.44383314  0.          0.          0.        ],
  "funcao_objetivo": 0.94577289854230064869552431332454746744579906970200,
  "confiabilidade_total": 0.96893956520896720641230483010918563387341137438950
}
 
Individuo 21:
{
  "Posicao": [0. 9. 8. 0. 0.]
             [2. 1. 1. 2. 1.],
  "Velocidade": [-10.40189216   4.00617492   0.52282831 -16.25181339  -1.80798195]
                [0.         0.         0.         0.47294616 0.        ],
  "funcao_objetivo": 0.75565505277158127795844006551603177558827253651446,
  "confiabilidade_total": 0.99205505277158127698144380384589402001547666859454
}
 
Individuo 22:
{
  "Posicao": [4. 9. 8. 0. 1.]
             [3. 1. 3. 3. 1.],
  "Velocidade": [-3.47423111  3.97125217  1.58605452 -9.67426281  0.88168226]
                [0.70345474 0.         2.92793784 0.70345474 0.        ],
  "funcao_objetivo": -0.40005287134053594468950406943425266366583100405611,
  "confiabilidade_total": 0.99959712865946400503959737553865918595212706479154
}
 
Individuo 23:
{
  "Posicao": [6. 6. 9. 0. 2.]
             [1. 1. 1. 1. 1.],
  "Velocidade": [-3.17713769 -1.83149411  6.4160687  -0.91425046 -2.89205827]
                [-1.21803666  0.         -1.59697544 -1.21803666  0.        ],
  "funcao_objetivo": 0.94501711132338950206754085488569175214600044118841,
  "confiabilidade_total": 0.94501711132338950206754085488569175214600044118841
}
 
Individuo 24:
{
  "Posicao": [4. 9. 7. 0. 0.]
             [3. 1. 1. 1. 1.],
  "Velocidade": [-0.95433623  3.66548266  1.84912476 -9.91876302 -1.81635791]
                [ 1.58550951  0.          0.         -1.58550951  0.        ],
  "funcao_objetivo": 0.70300685660361401573362747883304678497919836420523,
  "confiabilidade_total": 0.97562352327028060626860060353731228632936277765738
}
 
Individuo 25:
{
  "Posicao": [1. 7. 0. 0. 8.]
             [1. 1. 1. 2. 1.],
  "Velocidade": [ -5.405089    -1.19856158 -10.52306439   0.           8.15727545]
                [0.01352297 0.         0.         0.         0.        ],
  "funcao_objetivo": 0.98089477736295974482262267926617064166663298205268,
  "confiabilidade_total": 0.98089477736295974482262267926617064166663298205268
}
 
Individuo 26:
{
  "Posicao": [9. 8. 9. 5. 1.]
             [2. 1. 1. 2. 1.],
  "Velocidade": [ 3.62812668  0.92180299  3.53054361  4.55904708 -4.13412986]
                [-1.40176567 -0.75658725  0.         -1.40176567  0.        ],
  "funcao_objetivo": 0.96323767137972663737348356705733090013383881461461,
  "confiabilidade_total": 0.98413767137972667050808973699512784907712594878514
}
 
Individuo 27:
{
  "Posicao": [4. 7. 7. 8. 0.]
             [1. 1. 1. 2. 1.],
  "Velocidade": [-1.1704768   0.06460306  0.          6.26229994 -0.67390191]
                [-0.60250315  0.          0.          0.          0.24237669],
  "funcao_objetivo": 0.96450343380807328338349430984525614620510823361602,
  "confiabilidade_total": 0.96450343380807328338349430984525614620510823361602
}
 
Individuo 28:
{
  "Posicao": [7. 5. 8. 0. 1.]
             [2. 1. 1. 2. 1.],
  "Velocidade": [-2.31906533  1.37015492  0.99605056  0.          0.40205738]
                [0.17514102 0.17514102 0.         0.17514102 0.        ],
  "funcao_objetivo": 0.98584755127812077105826515086516053483896736697780,
  "confiabilidade_total": 0.98894755127812079393441057326651105026789788798915
}
 
Individuo 29:
{
  "Posicao": [4. 0. 7. 0. 8.]
             [3. 1. 1. 3. 1.],
  "Velocidade": [ 3.93149419 -9.30841408  4.68238784 -5.23396546  3.10277695]
                [1.61055455 0.         0.         1.61055455 0.        ],
  "funcao_objetivo": 0.13951471174523248074321170497375247362586324775845,
  "confiabilidade_total": 0.99584804507856603804553653935533189508649175727993
}
 
Individuo 30:
{
  "Posicao": [2. 9. 2. 0. 1.]
             [2. 1. 1. 2. 1.],
  "Velocidade": [ -4.56146216   4.56146216  -5.74618707 -10.14159501  -3.13133098]
                [ 0.55512903  0.         -3.87562775  0.55512903  0.        ],
  "funcao_objetivo": 0.78164980069027178380526929197790822193000225436780,
  "confiabilidade_total": 0.99198313402360518367796923451229021131966022861096
}
 
Individuo 31:
{
  "Posicao": [7. 6. 7. 6. 9.]
             [1. 2. 1. 1. 1.],
  "Velocidade": [ 3.22349006 -1.5581736   0.          4.47264428  2.36688045]
                [-0.78310861 -0.2719975   0.         -0.78310861  0.        ],
  "funcao_objetivo": 0.96044567876065504609136839017938293476603464599954,
  "confiabilidade_total": 0.96044567876065504609136839017938293476603464599954
}
 
Individuo 32:
{
  "Posicao": [4. 7. 5. 7. 0.]
             [1. 1. 3. 1. 1.],
  "Velocidade": [-1.64702773  1.29551644 -3.4048919   6.83425908 -5.31585409]
                [-0.69991478  0.          2.07954093 -0.69991478  0.        ],
  "funcao_objetivo": 0.96705169202406112283928000408746340621482110517871,
  "confiabilidade_total": 0.96705169202406112283928000408746340621482110517871
}
 
Individuo 33:
{
  "Posicao": [9. 9. 9. 6. 1.]
             [1. 3. 1. 1. 1.],
  "Velocidade": [ 1.66247036  7.21639115  2.21489219  5.56597432 -0.90717292]
                [-2.01074337  4.23102214  0.         -2.01074337  0.        ],
  "funcao_objetivo": 0.71470791871616883274255648945294674051074013544478,
  "confiabilidade_total": 0.96015791871616865384121830135522181664673313929000
}
 
Individuo 34:
{
  "Posicao": [0. 0. 8. 9. 6.]
             [1. 3. 1. 1. 1.],
  "Velocidade": [-12.4846839   -0.73418051  -1.43636865  11.01611306  -3.01490023]
                [-0.95988383  1.58733765  0.         -0.95988383  0.        ],
  "funcao_objetivo": 0.78049424093755531833877547935261068315868829178485,
  "confiabilidade_total": 0.97741090760422190547646614870389717081253980087909
}
 
Individuo 35:
{
  "Posicao": [1. 8. 9. 4. 0.]
             [2. 1. 1. 3. 1.],
  "Velocidade": [-5.05682283  1.46279498  0.94035215  0.1804188  -2.78186465]
                [0.         0.         0.         1.52421422 0.        ],
  "funcao_objetivo": 0.46468746187246216394709727413242213291733596169041,
  "confiabilidade_total": 0.99263746187246211105607238098996454713552329384373
}
 
Individuo 36:
{
  "Posicao": [9. 4. 6. 8. 3.]
             [2. 1. 1. 3. 1.],
  "Velocidade": [ 4.63073705 -5.37649692 -3.1766789   8.21239546  2.87298745]
                [0.         0.         0.         2.36885756 0.        ],
  "funcao_objetivo": 0.62825691082029027257767703849002948692785761702962,
  "confiabilidade_total": 0.98912357748695705251669816424600078454958460677571
}
 
Individuo 37:
{
  "Posicao": [7. 4. 7. 0. 1.]
             [1. 1. 1. 2. 1.],
  "Velocidade": [-1.56358729 -4.606941    1.25031216  0.22189735  0.94238608]
                [-1.4730274  0.         0.         0.         0.       ],
  "funcao_objetivo": 0.96546092594495055054011694825762505782136150987644,
  "confiabilidade_total": 0.96546092594495055054011694825762505782136150987644
}
 
Individuo 38:
{
  "Posicao": [8. 5. 6. 0. 2.]
             [3. 1. 1. 3. 2.],
  "Velocidade": [-1.47968275  1.27915843  0.92204495  0.         -0.58373039]
                [-0.17352947  0.          0.         -0.17352947  0.81630276],
  "funcao_objetivo": 0.15821228614907011199534509696948144080777090040237,
  "confiabilidade_total": 0.99827895281573690676694583171754411848921697584183
}
 
Individuo 39:
{
  "Posicao": [1. 5. 5. 0. 0.]
             [2. 1. 1. 2. 1.],
  "Velocidade": [-3.9430696   0.42590161  0.31589602  0.24086357 -3.75457696]
                [ 1.33064673  0.          0.          1.33064673 -5.24521125],
  "funcao_objetivo": 0.93817637021304702790905666170986915113065161241976,
  "confiabilidade_total": 0.99209303687971380028745898976852440846744694246737
}
 
Individuo 40:
{
  "Posicao": [7. 8. 8. 9. 9.]
             [2. 1. 1. 2. 2.],
  "Velocidade": [2.0072972  3.38271255 3.29305297 9.8991981  2.2698983 ]
                [ 0.59456641  0.          0.          0.59456641 -0.8519571 ],
  "funcao_objetivo": 0.61948941760115750131260627910131158568156206063311,
  "confiabilidade_total": 0.98738941760115754774213316892535810619783842019122
}
 
Individuo 41:
{
  "Posicao": [6. 7. 5. 0. 3.]
             [3. 1. 1. 3. 1.],
  "Velocidade": [ 5.01196457 -0.16378688  3.72865262  0.18202531 -5.77976684]
                [0.68053858 0.         0.         0.68053858 0.18202531],
  "funcao_objetivo": 0.33626156307010494696125950398447821232881059952430,
  "confiabilidade_total": 0.99446156307010506526662500804115915987100115128211
}
 
Individuo 42:
{
  "Posicao": [2. 2. 9. 2. 0.]
             [1. 1. 1. 1. 2.],
  "Velocidade": [-7.30890034 -0.76513182  5.27489513 -0.6356541  -7.24687617]
                [-3.13062901  0.          0.         -3.13062901  0.26498837],
  "funcao_objetivo": 0.89613216723176851368655951783582660608999219289704,
  "confiabilidade_total": 0.95563216723176863592211452906556170673183884969636
}
 
Individuo 43:
{
  "Posicao": [7. 3. 2. 4. 0.]
             [1. 1. 1. 1. 1.],
  "Velocidade": [-1.01681575e+00  7.29721089e-04 -1.73133892e+00  4.25900677e+00
 -5.82180195e+00]
                [-1.36183342  0.          0.         -1.36183342  0.        ],
  "funcao_objetivo": 0.94901618640069369159558562423179109362515265594336,
  "confiabilidade_total": 0.94901618640069369159558562423179109362515265594336
}
 
Individuo 44:
{
  "Posicao": [5. 7. 7. 1. 1.]
             [2. 1. 1. 2. 1.],
  "Velocidade": [ 0.84783831  1.47153413  1.88879634 -0.42277328 -2.42536993]
                [0.05110777 0.         0.         0.05110777 0.13372136],
  "funcao_objetivo": 0.98852933882815309539147992795939151082423203789093,
  "confiabilidade_total": 0.98852933882815309539147992795939151082423203789093
}
 
Individuo 45:
{
  "Posicao": [9. 5. 9. 1. 2.]
             [2. 1. 1. 2. 1.],
  "Velocidade": [ 4.56009323 -1.91210228  3.72534815 -0.39811229 -1.93753054]
                [-0.12492669  0.          0.         -0.12492669  0.        ],
  "funcao_objetivo": 0.88559492121690231017476744182785041807261370321724,
  "confiabilidade_total": 0.98637825455023554890969759026701213037637137075874
}
 
Individuo 46:
{
  "Posicao": [6. 6. 6. 1. 3.]
             [2. 1. 1. 2. 2.],
  "Velocidade": [ 0.94372585 -0.94372585 -1.95015462 -0.87367459  0.7018606 ]
                [0.36427138 0.         0.         0.36427138 1.41991267],
  "funcao_objetivo": 0.62405724168610534406790855069885875874817494355613,
  "confiabilidade_total": 0.99162390835277188223921271895761603101775173150474
}
 
Individuo 47:
{
  "Posicao": [6. 7. 7. 9. 2.]
             [3. 1. 1. 3. 1.],
  "Velocidade": [ 1.12972913  0.60494383 -1.59619525 11.92121519  1.12972913]
                [-0.46583621  0.          0.         -0.46583621  0.        ],
  "funcao_objetivo": 0.31148644124337380643594472765582982992118993839630,
  "confiabilidade_total": 0.99398644124337402403965755418651175295299688419709
}
 
Individuo 48:
{
  "Posicao": [9. 4. 9. 0. 4.]
             [2. 1. 1. 2. 1.],
  "Velocidade": [ 2.87778658 -2.07964007  1.4508756  -6.25468945  2.48800899]
                [-1.23929098  0.          0.         -1.23929098  0.        ],
  "funcao_objetivo": 0.65636879018206469432970331589597661655396949368144,
  "confiabilidade_total": 0.98698545684873133637902478320750559356064330654765
}
 
Individuo 49:
{
  "Posicao": [2. 2. 5. 0. 0.]
             [3. 1. 1. 3. 2.],
  "Velocidade": [ -6.88216908  -7.48193712  -3.67402706 -15.55447859  -5.73255408]
                [2.91653657 0.         0.         2.91653657 1.44095259],
  "funcao_objetivo": -0.014092132306650013403845293670458335143182516128247,
  "confiabilidade_total": 0.99910786769334992060449812261023690207615113255339
}
 
Individuo 50:
{
  "Posicao": [4. 8. 9. 0. 1.]
             [3. 1. 1. 3. 1.],
  "Velocidade": [ -5.17066023   5.72487587   2.70028452 -10.97827967  -2.71847304]
                [-0.08518317  0.          0.         -0.08518317  0.        ],
  "funcao_objetivo": 0.10512037574605464425959170656050339587565196485015,
  "confiabilidade_total": 0.99477037574605436306230402950085483737822307080718
}
 
-----------------------------------------
-----------------------------------------
-----------------------------------------
-----------------------------------------
O algoritmo PSO obteve em 10 geracoes o resultado para a funcao objetivo de 0.98928602705153411570206431350413645272444032231584
Com os seguintes valores para cada variavel de decisao:
T1: 4.0
Q1: 2.0
T2: 8.0
Q2: 1.0
T3: 7.0
Q3: 1.0
T4: 0.0
Q4: 2.0
T5: 0.0
Q5: 1.0


