POPULAÇÃO INICIAL:
Individuo 1:
{
  "Posicao": [7 6 5 9 7]
             [2 2 1 1 1],
  "Velocidade": [0. 0. 0. 0. 0.]
                [0. 0. 0. 0. 0.],
  "funcao_objetivo": 0.98807886458809795502505637622984962228162798428433,
  "confiabilidade_total": 0.98807886458809795502505637622984962228162798428433
}
 
Individuo 2:
{
  "Posicao": [1 7 5 8 8]
             [2 1 1 2 1],
  "Velocidade": [0. 0. 0. 0. 0.]
                [0. 0. 0. 0. 0.],
  "funcao_objetivo": 0.98673624699121823528378649487050553071472297293414,
  "confiabilidade_total": 0.98673624699121823528378649487050553071472297293414
}
 
Individuo 3:
{
  "Posicao": [8 8 4 5 2]
             [2 1 1 2 1],
  "Velocidade": [0. 0. 0. 0. 0.]
                [0. 0. 0. 0. 0.],
  "funcao_objetivo": 0.98617816342979705247936849806866612493030496696459,
  "confiabilidade_total": 0.98617816342979705247936849806866612493030496696459
}
 
Individuo 4:
{
  "Posicao": [5 4 8 7 4]
             [2 1 1 2 1],
  "Velocidade": [0. 0. 0. 0. 0.]
                [0. 0. 0. 0. 0.],
  "funcao_objetivo": 0.98592491050677736159998243656729789785315033330478,
  "confiabilidade_total": 0.98592491050677736159998243656729789785315033330478
}
 
Individuo 5:
{
  "Posicao": [2 1 0 5 6]
             [1 2 1 1 1],
  "Velocidade": [0. 0. 0. 0. 0.]
                [0. 0. 0. 0. 0.],
  "funcao_objetivo": 0.97860093061325660950992638919213856799116718810051,
  "confiabilidade_total": 0.97860093061325660950992638919213856799116718810051
}
 
Individuo 6:
{
  "Posicao": [6 0 1 5 5]
             [1 1 2 1 1],
  "Velocidade": [0. 0. 0. 0. 0.]
                [0. 0. 0. 0. 0.],
  "funcao_objetivo": 0.97413024670356547200518605118492592024880838977465,
  "confiabilidade_total": 0.97413024670356547200518605118492592024880838977465
}
 
Individuo 7:
{
  "Posicao": [6 1 8 9 7]
             [2 1 2 1 1],
  "Velocidade": [0. 0. 0. 0. 0.]
                [0. 0. 0. 0. 0.],
  "funcao_objetivo": 0.97369631432969970403463282683576535320218559342184,
  "confiabilidade_total": 0.97369631432969970403463282683576535320218559342184
}
 
Individuo 8:
{
  "Posicao": [8 2 8 8 2]
             [2 1 2 1 1],
  "Velocidade": [0. 0. 0. 0. 0.]
                [0. 0. 0. 0. 0.],
  "funcao_objetivo": 0.97354644136031051890875974482525085964854442472423,
  "confiabilidade_total": 0.97354644136031051890875974482525085964854442472423
}
 
Individuo 9:
{
  "Posicao": [5 7 1 6 1]
             [1 2 1 1 2],
  "Velocidade": [0. 0. 0. 0. 0.]
                [0. 0. 0. 0. 0.],
  "funcao_objetivo": 0.97282366187037161684857786717548195458596515824287,
  "confiabilidade_total": 0.97282366187037161684857786717548195458596515824287
}
 
Individuo 10:
{
  "Posicao": [4 6 1 1 7]
             [1 1 2 1 1],
  "Velocidade": [0. 0. 0. 0. 0.]
                [0. 0. 0. 0. 0.],
  "funcao_objetivo": 0.97248102864723279337048581428521034053629197492014,
  "confiabilidade_total": 0.97248102864723279337048581428521034053629197492014
}
 
Individuo 11:
{
  "Posicao": [9 6 2 0 9]
             [2 1 1 1 1],
  "Velocidade": [0. 0. 0. 0. 0.]
                [0. 0. 0. 0. 0.],
  "funcao_objetivo": 0.97235765895325590429942685254824476221385175990494,
  "confiabilidade_total": 0.97235765895325590429942685254824476221385175990494
}
 
Individuo 12:
{
  "Posicao": [8 0 4 6 7]
             [1 1 2 1 1],
  "Velocidade": [0. 0. 0. 0. 0.]
                [0. 0. 0. 0. 0.],
  "funcao_objetivo": 0.97219180495353702475830896226610752376176754933951,
  "confiabilidade_total": 0.97219180495353702475830896226610752376176754933951
}
 
Individuo 13:
{
  "Posicao": [5 9 1 4 1]
             [1 1 1 2 1],
  "Velocidade": [0. 0. 0. 0. 0.]
                [0. 0. 0. 0. 0.],
  "funcao_objetivo": 0.97076464828026515072323870272753191787407251847681,
  "confiabilidade_total": 0.97076464828026515072323870272753191787407251847681
}
 
Individuo 14:
{
  "Posicao": [2 3 7 1 7]
             [1 2 1 1 1],
  "Velocidade": [0. 0. 0. 0. 0.]
                [0. 0. 0. 0. 0.],
  "funcao_objetivo": 0.97050772022867490374082863680654510192121243665658,
  "confiabilidade_total": 0.97050772022867490374082863680654510192121243665658
}
 
Individuo 15:
{
  "Posicao": [6 4 7 2 1]
             [2 1 1 1 1],
  "Velocidade": [0. 0. 0. 0. 0.]
                [0. 0. 0. 0. 0.],
  "funcao_objetivo": 0.97025827664366237448648842082501129610891400798908,
  "confiabilidade_total": 0.97025827664366237448648842082501129610891400798908
}
 
Individuo 16:
{
  "Posicao": [5 2 8 4 6]
             [2 1 1 1 1],
  "Velocidade": [0. 0. 0. 0. 0.]
                [0. 0. 0. 0. 0.],
  "funcao_objetivo": 0.96942781708790036779658835829881413144558775281909,
  "confiabilidade_total": 0.96942781708790036779658835829881413144558775281909
}
 
Individuo 17:
{
  "Posicao": [0 2 6 8 6]
             [1 1 2 1 1],
  "Velocidade": [0. 0. 0. 0. 0.]
                [0. 0. 0. 0. 0.],
  "funcao_objetivo": 0.96927907551792752000004602860051053454712720102617,
  "confiabilidade_total": 0.96927907551792752000004602860051053454712720102617
}
 
Individuo 18:
{
  "Posicao": [1 6 5 7 3]
             [1 1 1 2 1],
  "Velocidade": [0. 0. 0. 0. 0.]
                [0. 0. 0. 0. 0.],
  "funcao_objetivo": 0.96910288762295420716921074489658009022971629982268,
  "confiabilidade_total": 0.96910288762295420716921074489658009022971629982268
}
 
Individuo 19:
{
  "Posicao": [6 6 5 2 2]
             [1 1 2 1 1],
  "Velocidade": [0. 0. 0. 0. 0.]
                [0. 0. 0. 0. 0.],
  "funcao_objetivo": 0.96881841519887385258124970215906144235376426050232,
  "confiabilidade_total": 0.96881841519887385258124970215906144235376426050232
}
 
Individuo 20:
{
  "Posicao": [5 8 6 9 7]
             [1 2 1 2 1],
  "Velocidade": [0. 0. 0. 0. 0.]
                [0. 0. 0. 0. 0.],
  "funcao_objetivo": 0.96835254516484906705912062378241074942886320832162,
  "confiabilidade_total": 0.96835254516484906705912062378241074942886320832162
}
 
Individuo 21:
{
  "Posicao": [9 1 2 3 8]
             [1 2 1 1 1],
  "Velocidade": [0. 0. 0. 0. 0.]
                [0. 0. 0. 0. 0.],
  "funcao_objetivo": 0.96718643645458718954456845533254820830846102116258,
  "confiabilidade_total": 0.96718643645458718954456845533254820830846102116258
}
 
Individuo 22:
{
  "Posicao": [9 2 5 8 9]
             [2 1 1 1 1],
  "Velocidade": [0. 0. 0. 0. 0.]
                [0. 0. 0. 0. 0.],
  "funcao_objetivo": 0.96545490382565230101088055429468578741086374294669,
  "confiabilidade_total": 0.96545490382565230101088055429468578741086374294669
}
 
Individuo 23:
{
  "Posicao": [5 0 9 7 5]
             [1 2 1 1 2],
  "Velocidade": [0. 0. 0. 0. 0.]
                [0. 0. 0. 0. 0.],
  "funcao_objetivo": 0.96528818998651668513793100227876787741832264503765,
  "confiabilidade_total": 0.96528818998651668513793100227876787741832264503765
}
 
Individuo 24:
{
  "Posicao": [5 0 6 7 3]
             [1 1 1 2 1],
  "Velocidade": [0. 0. 0. 0. 0.]
                [0. 0. 0. 0. 0.],
  "funcao_objetivo": 0.96499276310363736312014037836119974669960724864603,
  "confiabilidade_total": 0.96499276310363736312014037836119974669960724864603
}
 
Individuo 25:
{
  "Posicao": [5 4 4 9 1]
             [1 1 1 2 1],
  "Velocidade": [0. 0. 0. 0. 0.]
                [0. 0. 0. 0. 0.],
  "funcao_objetivo": 0.96464438919183107390081208430852897861659014185539,
  "confiabilidade_total": 0.96464438919183107390081208430852897861659014185539
}
 
Individuo 26:
{
  "Posicao": [7 7 8 6 8]
             [2 1 1 1 2],
  "Velocidade": [0. 0. 0. 0. 0.]
                [0. 0. 0. 0. 0.],
  "funcao_objetivo": 0.96464074177970302081530854604698133647641774922184,
  "confiabilidade_total": 0.96464074177970302081530854604698133647641774922184
}
 
Individuo 27:
{
  "Posicao": [7 5 8 7 5]
             [1 2 1 1 3],
  "Velocidade": [0. 0. 0. 0. 0.]
                [0. 0. 0. 0. 0.],
  "funcao_objetivo": 0.96436736405883385670312985227636476917034536315888,
  "confiabilidade_total": 0.96436736405883385670312985227636476917034536315888
}
 
Individuo 28:
{
  "Posicao": [6 1 8 7 7]
             [1 2 1 1 1],
  "Velocidade": [0. 0. 0. 0. 0.]
                [0. 0. 0. 0. 0.],
  "funcao_objetivo": 0.96252323110068981119712770484383266492844424607450,
  "confiabilidade_total": 0.96252323110068981119712770484383266492844424607450
}
 
Individuo 29:
{
  "Posicao": [7 4 6 4 8]
             [1 1 1 2 1],
  "Velocidade": [0. 0. 0. 0. 0.]
                [0. 0. 0. 0. 0.],
  "funcao_objetivo": 0.96246257966036149094034264356093681505064705555605,
  "confiabilidade_total": 0.96246257966036149094034264356093681505064705555605
}
 
Individuo 30:
{
  "Posicao": [9 0 5 7 1]
             [1 2 1 1 1],
  "Velocidade": [0. 0. 0. 0. 0.]
                [0. 0. 0. 0. 0.],
  "funcao_objetivo": 0.96244027139012370281171773822250584567137776166753,
  "confiabilidade_total": 0.96244027139012370281171773822250584567137776166753
}
 
Individuo 31:
{
  "Posicao": [5 5 6 7 2]
             [2 1 1 1 1],
  "Velocidade": [0. 0. 0. 0. 0.]
                [0. 0. 0. 0. 0.],
  "funcao_objetivo": 0.96222967418020250066212344917805973707196156267365,
  "confiabilidade_total": 0.96222967418020250066212344917805973707196156267365
}
 
Individuo 32:
{
  "Posicao": [6 4 5 5 8]
             [1 1 1 2 1],
  "Velocidade": [0. 0. 0. 0. 0.]
                [0. 0. 0. 0. 0.],
  "funcao_objetivo": 0.96211857228200134675389349762768195260009635568065,
  "confiabilidade_total": 0.96211857228200134675389349762768195260009635568065
}
 
Individuo 33:
{
  "Posicao": [9 8 7 6 0]
             [2 1 1 1 1],
  "Velocidade": [0. 0. 0. 0. 0.]
                [0. 0. 0. 0. 0.],
  "funcao_objetivo": 0.96066028128850354529156334469248023314245565743716,
  "confiabilidade_total": 0.96066028128850354529156334469248023314245565743716
}
 
Individuo 34:
{
  "Posicao": [5 6 5 8 8]
             [2 1 1 1 1],
  "Velocidade": [0. 0. 0. 0. 0.]
                [0. 0. 0. 0. 0.],
  "funcao_objetivo": 0.96016383135733071047756414440675609515509296528618,
  "confiabilidade_total": 0.96016383135733071047756414440675609515509296528618
}
 
Individuo 35:
{
  "Posicao": [8 9 6 8 4]
             [1 1 1 2 1],
  "Velocidade": [0. 0. 0. 0. 0.]
                [0. 0. 0. 0. 0.],
  "funcao_objetivo": 0.95930317576922211137345042792018511298614930572944,
  "confiabilidade_total": 0.95930317576922211137345042792018511298614930572944
}
 
Individuo 36:
{
  "Posicao": [6 8 2 9 4]
             [2 1 1 1 1],
  "Velocidade": [0. 0. 0. 0. 0.]
                [0. 0. 0. 0. 0.],
  "funcao_objetivo": 0.95907119902010850301382011043572343512685634485562,
  "confiabilidade_total": 0.95907119902010850301382011043572343512685634485562
}
 
Individuo 37:
{
  "Posicao": [0 1 8 4 0]
             [1 1 1 1 1],
  "Velocidade": [0. 0. 0. 0. 0.]
                [0. 0. 0. 0. 0.],
  "funcao_objetivo": 0.95754121503942141603146039739308065632114790052244,
  "confiabilidade_total": 0.95754121503942141603146039739308065632114790052244
}
 
Individuo 38:
{
  "Posicao": [2 8 8 0 7]
             [1 1 1 1 3],
  "Velocidade": [0. 0. 0. 0. 0.]
                [0. 0. 0. 0. 0.],
  "funcao_objetivo": 0.95649172717403834880563614422654785761977305573880,
  "confiabilidade_total": 0.95649172717403834880563614422654785761977305573880
}
 
Individuo 39:
{
  "Posicao": [2 5 1 4 0]
             [1 1 1 1 1],
  "Velocidade": [0. 0. 0. 0. 0.]
                [0. 0. 0. 0. 0.],
  "funcao_objetivo": 0.95267312249316361375250477719457226963209426459150,
  "confiabilidade_total": 0.95267312249316361375250477719457226963209426459150
}
 
Individuo 40:
{
  "Posicao": [1 6 4 4 5]
             [1 1 1 1 2],
  "Velocidade": [0. 0. 0. 0. 0.]
                [0. 0. 0. 0. 0.],
  "funcao_objetivo": 0.95252128905877584382064177315330188823311268932166,
  "confiabilidade_total": 0.95252128905877584382064177315330188823311268932166
}
 
Individuo 41:
{
  "Posicao": [5 0 8 4 5]
             [1 1 1 1 2],
  "Velocidade": [0. 0. 0. 0. 0.]
                [0. 0. 0. 0. 0.],
  "funcao_objetivo": 0.95203807846824178502014547736488673530320870099699,
  "confiabilidade_total": 0.95203807846824178502014547736488673530320870099699
}
 
Individuo 42:
{
  "Posicao": [4 8 0 5 5]
             [1 1 1 1 1],
  "Velocidade": [0. 0. 0. 0. 0.]
                [0. 0. 0. 0. 0.],
  "funcao_objetivo": 0.94734300440534052981591037240261518652468789189122,
  "confiabilidade_total": 0.94734300440534052981591037240261518652468789189122
}
 
Individuo 43:
{
  "Posicao": [8 4 4 7 1]
             [1 1 1 1 2],
  "Velocidade": [0. 0. 0. 0. 0.]
                [0. 0. 0. 0. 0.],
  "funcao_objetivo": 0.94489723853568213916697210649034344720296911446146,
  "confiabilidade_total": 0.94489723853568213916697210649034344720296911446146
}
 
Individuo 44:
{
  "Posicao": [9 1 2 9 5]
             [1 1 1 1 1],
  "Velocidade": [0. 0. 0. 0. 0.]
                [0. 0. 0. 0. 0.],
  "funcao_objetivo": 0.94433302206484110005792715198071771314667646493958,
  "confiabilidade_total": 0.94433302206484110005792715198071771314667646493958
}
 
Individuo 45:
{
  "Posicao": [1 5 9 8 5]
             [1 1 1 1 1],
  "Velocidade": [0. 0. 0. 0. 0.]
                [0. 0. 0. 0. 0.],
  "funcao_objetivo": 0.93986160218086048165912748874218894742961967100944,
  "confiabilidade_total": 0.93986160218086048165912748874218894742961967100944
}
 
Individuo 46:
{
  "Posicao": [5 6 9 2 8]
             [1 1 1 1 1],
  "Velocidade": [0. 0. 0. 0. 0.]
                [0. 0. 0. 0. 0.],
  "funcao_objetivo": 0.93856881171320451809136584364856032434040426172496,
  "confiabilidade_total": 0.93856881171320451809136584364856032434040426172496
}
 
Individuo 47:
{
  "Posicao": [7 8 8 3 1]
             [1 1 1 1 1],
  "Velocidade": [0. 0. 0. 0. 0.]
                [0. 0. 0. 0. 0.],
  "funcao_objetivo": 0.93773515691598731930861387655004571195661575804594,
  "confiabilidade_total": 0.93773515691598731930861387655004571195661575804594
}
 
Individuo 48:
{
  "Posicao": [7 8 9 6 7]
             [1 1 1 1 2],
  "Velocidade": [0. 0. 0. 0. 0.]
                [0. 0. 0. 0. 0.],
  "funcao_objetivo": 0.93702400569724303721952167373233377916682279071228,
  "confiabilidade_total": 0.93702400569724303721952167373233377916682279071228
}
 
Individuo 49:
{
  "Posicao": [8 6 9 8 0]
             [1 1 1 1 2],
  "Velocidade": [0. 0. 0. 0. 0.]
                [0. 0. 0. 0. 0.],
  "funcao_objetivo": 0.93674059855764113336440009895299035153243752341014,
  "confiabilidade_total": 0.93674059855764113336440009895299035153243752341014
}
 
Individuo 50:
{
  "Posicao": [9 3 5 6 4]
             [1 1 1 1 1],
  "Velocidade": [0. 0. 0. 0. 0.]
                [0. 0. 0. 0. 0.],
  "funcao_objetivo": 0.93638301432297545778432348858727946521652495974959,
  "confiabilidade_total": 0.93638301432297545778432348858727946521652495974959
}
 
 
GERACAO 1
Populacao antes da execucao:
Individuo 1:
{
  "Posicao": [7 6 5 9 7]
             [2 2 1 1 1],
  "Velocidade": [0. 0. 0. 0. 0.]
                [0. 0. 0. 0. 0.],
  "funcao_objetivo": 0.98807886458809795502505637622984962228162798428433,
  "confiabilidade_total": 0.98807886458809795502505637622984962228162798428433
}
 
Individuo 2:
{
  "Posicao": [1 7 5 8 8]
             [2 1 1 2 1],
  "Velocidade": [0. 0. 0. 0. 0.]
                [0. 0. 0. 0. 0.],
  "funcao_objetivo": 0.98673624699121823528378649487050553071472297293414,
  "confiabilidade_total": 0.98673624699121823528378649487050553071472297293414
}
 
Individuo 3:
{
  "Posicao": [8 8 4 5 2]
             [2 1 1 2 1],
  "Velocidade": [0. 0. 0. 0. 0.]
                [0. 0. 0. 0. 0.],
  "funcao_objetivo": 0.98617816342979705247936849806866612493030496696459,
  "confiabilidade_total": 0.98617816342979705247936849806866612493030496696459
}
 
Individuo 4:
{
  "Posicao": [5 4 8 7 4]
             [2 1 1 2 1],
  "Velocidade": [0. 0. 0. 0. 0.]
                [0. 0. 0. 0. 0.],
  "funcao_objetivo": 0.98592491050677736159998243656729789785315033330478,
  "confiabilidade_total": 0.98592491050677736159998243656729789785315033330478
}
 
Individuo 5:
{
  "Posicao": [2 1 0 5 6]
             [1 2 1 1 1],
  "Velocidade": [0. 0. 0. 0. 0.]
                [0. 0. 0. 0. 0.],
  "funcao_objetivo": 0.97860093061325660950992638919213856799116718810051,
  "confiabilidade_total": 0.97860093061325660950992638919213856799116718810051
}
 
Individuo 6:
{
  "Posicao": [6 0 1 5 5]
             [1 1 2 1 1],
  "Velocidade": [0. 0. 0. 0. 0.]
                [0. 0. 0. 0. 0.],
  "funcao_objetivo": 0.97413024670356547200518605118492592024880838977465,
  "confiabilidade_total": 0.97413024670356547200518605118492592024880838977465
}
 
Individuo 7:
{
  "Posicao": [6 1 8 9 7]
             [2 1 2 1 1],
  "Velocidade": [0. 0. 0. 0. 0.]
                [0. 0. 0. 0. 0.],
  "funcao_objetivo": 0.97369631432969970403463282683576535320218559342184,
  "confiabilidade_total": 0.97369631432969970403463282683576535320218559342184
}
 
Individuo 8:
{
  "Posicao": [8 2 8 8 2]
             [2 1 2 1 1],
  "Velocidade": [0. 0. 0. 0. 0.]
                [0. 0. 0. 0. 0.],
  "funcao_objetivo": 0.97354644136031051890875974482525085964854442472423,
  "confiabilidade_total": 0.97354644136031051890875974482525085964854442472423
}
 
Individuo 9:
{
  "Posicao": [5 7 1 6 1]
             [1 2 1 1 2],
  "Velocidade": [0. 0. 0. 0. 0.]
                [0. 0. 0. 0. 0.],
  "funcao_objetivo": 0.97282366187037161684857786717548195458596515824287,
  "confiabilidade_total": 0.97282366187037161684857786717548195458596515824287
}
 
Individuo 10:
{
  "Posicao": [4 6 1 1 7]
             [1 1 2 1 1],
  "Velocidade": [0. 0. 0. 0. 0.]
                [0. 0. 0. 0. 0.],
  "funcao_objetivo": 0.97248102864723279337048581428521034053629197492014,
  "confiabilidade_total": 0.97248102864723279337048581428521034053629197492014
}
 
Individuo 11:
{
  "Posicao": [9 6 2 0 9]
             [2 1 1 1 1],
  "Velocidade": [0. 0. 0. 0. 0.]
                [0. 0. 0. 0. 0.],
  "funcao_objetivo": 0.97235765895325590429942685254824476221385175990494,
  "confiabilidade_total": 0.97235765895325590429942685254824476221385175990494
}
 
Individuo 12:
{
  "Posicao": [8 0 4 6 7]
             [1 1 2 1 1],
  "Velocidade": [0. 0. 0. 0. 0.]
                [0. 0. 0. 0. 0.],
  "funcao_objetivo": 0.97219180495353702475830896226610752376176754933951,
  "confiabilidade_total": 0.97219180495353702475830896226610752376176754933951
}
 
Individuo 13:
{
  "Posicao": [5 9 1 4 1]
             [1 1 1 2 1],
  "Velocidade": [0. 0. 0. 0. 0.]
                [0. 0. 0. 0. 0.],
  "funcao_objetivo": 0.97076464828026515072323870272753191787407251847681,
  "confiabilidade_total": 0.97076464828026515072323870272753191787407251847681
}
 
Individuo 14:
{
  "Posicao": [2 3 7 1 7]
             [1 2 1 1 1],
  "Velocidade": [0. 0. 0. 0. 0.]
                [0. 0. 0. 0. 0.],
  "funcao_objetivo": 0.97050772022867490374082863680654510192121243665658,
  "confiabilidade_total": 0.97050772022867490374082863680654510192121243665658
}
 
Individuo 15:
{
  "Posicao": [6 4 7 2 1]
             [2 1 1 1 1],
  "Velocidade": [0. 0. 0. 0. 0.]
                [0. 0. 0. 0. 0.],
  "funcao_objetivo": 0.97025827664366237448648842082501129610891400798908,
  "confiabilidade_total": 0.97025827664366237448648842082501129610891400798908
}
 
Individuo 16:
{
  "Posicao": [5 2 8 4 6]
             [2 1 1 1 1],
  "Velocidade": [0. 0. 0. 0. 0.]
                [0. 0. 0. 0. 0.],
  "funcao_objetivo": 0.96942781708790036779658835829881413144558775281909,
  "confiabilidade_total": 0.96942781708790036779658835829881413144558775281909
}
 
Individuo 17:
{
  "Posicao": [0 2 6 8 6]
             [1 1 2 1 1],
  "Velocidade": [0. 0. 0. 0. 0.]
                [0. 0. 0. 0. 0.],
  "funcao_objetivo": 0.96927907551792752000004602860051053454712720102617,
  "confiabilidade_total": 0.96927907551792752000004602860051053454712720102617
}
 
Individuo 18:
{
  "Posicao": [1 6 5 7 3]
             [1 1 1 2 1],
  "Velocidade": [0. 0. 0. 0. 0.]
                [0. 0. 0. 0. 0.],
  "funcao_objetivo": 0.96910288762295420716921074489658009022971629982268,
  "confiabilidade_total": 0.96910288762295420716921074489658009022971629982268
}
 
Individuo 19:
{
  "Posicao": [6 6 5 2 2]
             [1 1 2 1 1],
  "Velocidade": [0. 0. 0. 0. 0.]
                [0. 0. 0. 0. 0.],
  "funcao_objetivo": 0.96881841519887385258124970215906144235376426050232,
  "confiabilidade_total": 0.96881841519887385258124970215906144235376426050232
}
 
Individuo 20:
{
  "Posicao": [5 8 6 9 7]
             [1 2 1 2 1],
  "Velocidade": [0. 0. 0. 0. 0.]
                [0. 0. 0. 0. 0.],
  "funcao_objetivo": 0.96835254516484906705912062378241074942886320832162,
  "confiabilidade_total": 0.96835254516484906705912062378241074942886320832162
}
 
Individuo 21:
{
  "Posicao": [9 1 2 3 8]
             [1 2 1 1 1],
  "Velocidade": [0. 0. 0. 0. 0.]
                [0. 0. 0. 0. 0.],
  "funcao_objetivo": 0.96718643645458718954456845533254820830846102116258,
  "confiabilidade_total": 0.96718643645458718954456845533254820830846102116258
}
 
Individuo 22:
{
  "Posicao": [9 2 5 8 9]
             [2 1 1 1 1],
  "Velocidade": [0. 0. 0. 0. 0.]
                [0. 0. 0. 0. 0.],
  "funcao_objetivo": 0.96545490382565230101088055429468578741086374294669,
  "confiabilidade_total": 0.96545490382565230101088055429468578741086374294669
}
 
Individuo 23:
{
  "Posicao": [5 0 9 7 5]
             [1 2 1 1 2],
  "Velocidade": [0. 0. 0. 0. 0.]
                [0. 0. 0. 0. 0.],
  "funcao_objetivo": 0.96528818998651668513793100227876787741832264503765,
  "confiabilidade_total": 0.96528818998651668513793100227876787741832264503765
}
 
Individuo 24:
{
  "Posicao": [5 0 6 7 3]
             [1 1 1 2 1],
  "Velocidade": [0. 0. 0. 0. 0.]
                [0. 0. 0. 0. 0.],
  "funcao_objetivo": 0.96499276310363736312014037836119974669960724864603,
  "confiabilidade_total": 0.96499276310363736312014037836119974669960724864603
}
 
Individuo 25:
{
  "Posicao": [5 4 4 9 1]
             [1 1 1 2 1],
  "Velocidade": [0. 0. 0. 0. 0.]
                [0. 0. 0. 0. 0.],
  "funcao_objetivo": 0.96464438919183107390081208430852897861659014185539,
  "confiabilidade_total": 0.96464438919183107390081208430852897861659014185539
}
 
Individuo 26:
{
  "Posicao": [7 7 8 6 8]
             [2 1 1 1 2],
  "Velocidade": [0. 0. 0. 0. 0.]
                [0. 0. 0. 0. 0.],
  "funcao_objetivo": 0.96464074177970302081530854604698133647641774922184,
  "confiabilidade_total": 0.96464074177970302081530854604698133647641774922184
}
 
Individuo 27:
{
  "Posicao": [7 5 8 7 5]
             [1 2 1 1 3],
  "Velocidade": [0. 0. 0. 0. 0.]
                [0. 0. 0. 0. 0.],
  "funcao_objetivo": 0.96436736405883385670312985227636476917034536315888,
  "confiabilidade_total": 0.96436736405883385670312985227636476917034536315888
}
 
Individuo 28:
{
  "Posicao": [6 1 8 7 7]
             [1 2 1 1 1],
  "Velocidade": [0. 0. 0. 0. 0.]
                [0. 0. 0. 0. 0.],
  "funcao_objetivo": 0.96252323110068981119712770484383266492844424607450,
  "confiabilidade_total": 0.96252323110068981119712770484383266492844424607450
}
 
Individuo 29:
{
  "Posicao": [7 4 6 4 8]
             [1 1 1 2 1],
  "Velocidade": [0. 0. 0. 0. 0.]
                [0. 0. 0. 0. 0.],
  "funcao_objetivo": 0.96246257966036149094034264356093681505064705555605,
  "confiabilidade_total": 0.96246257966036149094034264356093681505064705555605
}
 
Individuo 30:
{
  "Posicao": [9 0 5 7 1]
             [1 2 1 1 1],
  "Velocidade": [0. 0. 0. 0. 0.]
                [0. 0. 0. 0. 0.],
  "funcao_objetivo": 0.96244027139012370281171773822250584567137776166753,
  "confiabilidade_total": 0.96244027139012370281171773822250584567137776166753
}
 
Individuo 31:
{
  "Posicao": [5 5 6 7 2]
             [2 1 1 1 1],
  "Velocidade": [0. 0. 0. 0. 0.]
                [0. 0. 0. 0. 0.],
  "funcao_objetivo": 0.96222967418020250066212344917805973707196156267365,
  "confiabilidade_total": 0.96222967418020250066212344917805973707196156267365
}
 
Individuo 32:
{
  "Posicao": [6 4 5 5 8]
             [1 1 1 2 1],
  "Velocidade": [0. 0. 0. 0. 0.]
                [0. 0. 0. 0. 0.],
  "funcao_objetivo": 0.96211857228200134675389349762768195260009635568065,
  "confiabilidade_total": 0.96211857228200134675389349762768195260009635568065
}
 
Individuo 33:
{
  "Posicao": [9 8 7 6 0]
             [2 1 1 1 1],
  "Velocidade": [0. 0. 0. 0. 0.]
                [0. 0. 0. 0. 0.],
  "funcao_objetivo": 0.96066028128850354529156334469248023314245565743716,
  "confiabilidade_total": 0.96066028128850354529156334469248023314245565743716
}
 
Individuo 34:
{
  "Posicao": [5 6 5 8 8]
             [2 1 1 1 1],
  "Velocidade": [0. 0. 0. 0. 0.]
                [0. 0. 0. 0. 0.],
  "funcao_objetivo": 0.96016383135733071047756414440675609515509296528618,
  "confiabilidade_total": 0.96016383135733071047756414440675609515509296528618
}
 
Individuo 35:
{
  "Posicao": [8 9 6 8 4]
             [1 1 1 2 1],
  "Velocidade": [0. 0. 0. 0. 0.]
                [0. 0. 0. 0. 0.],
  "funcao_objetivo": 0.95930317576922211137345042792018511298614930572944,
  "confiabilidade_total": 0.95930317576922211137345042792018511298614930572944
}
 
Individuo 36:
{
  "Posicao": [6 8 2 9 4]
             [2 1 1 1 1],
  "Velocidade": [0. 0. 0. 0. 0.]
                [0. 0. 0. 0. 0.],
  "funcao_objetivo": 0.95907119902010850301382011043572343512685634485562,
  "confiabilidade_total": 0.95907119902010850301382011043572343512685634485562
}
 
Individuo 37:
{
  "Posicao": [0 1 8 4 0]
             [1 1 1 1 1],
  "Velocidade": [0. 0. 0. 0. 0.]
                [0. 0. 0. 0. 0.],
  "funcao_objetivo": 0.95754121503942141603146039739308065632114790052244,
  "confiabilidade_total": 0.95754121503942141603146039739308065632114790052244
}
 
Individuo 38:
{
  "Posicao": [2 8 8 0 7]
             [1 1 1 1 3],
  "Velocidade": [0. 0. 0. 0. 0.]
                [0. 0. 0. 0. 0.],
  "funcao_objetivo": 0.95649172717403834880563614422654785761977305573880,
  "confiabilidade_total": 0.95649172717403834880563614422654785761977305573880
}
 
Individuo 39:
{
  "Posicao": [2 5 1 4 0]
             [1 1 1 1 1],
  "Velocidade": [0. 0. 0. 0. 0.]
                [0. 0. 0. 0. 0.],
  "funcao_objetivo": 0.95267312249316361375250477719457226963209426459150,
  "confiabilidade_total": 0.95267312249316361375250477719457226963209426459150
}
 
Individuo 40:
{
  "Posicao": [1 6 4 4 5]
             [1 1 1 1 2],
  "Velocidade": [0. 0. 0. 0. 0.]
                [0. 0. 0. 0. 0.],
  "funcao_objetivo": 0.95252128905877584382064177315330188823311268932166,
  "confiabilidade_total": 0.95252128905877584382064177315330188823311268932166
}
 
Individuo 41:
{
  "Posicao": [5 0 8 4 5]
             [1 1 1 1 2],
  "Velocidade": [0. 0. 0. 0. 0.]
                [0. 0. 0. 0. 0.],
  "funcao_objetivo": 0.95203807846824178502014547736488673530320870099699,
  "confiabilidade_total": 0.95203807846824178502014547736488673530320870099699
}
 
Individuo 42:
{
  "Posicao": [4 8 0 5 5]
             [1 1 1 1 1],
  "Velocidade": [0. 0. 0. 0. 0.]
                [0. 0. 0. 0. 0.],
  "funcao_objetivo": 0.94734300440534052981591037240261518652468789189122,
  "confiabilidade_total": 0.94734300440534052981591037240261518652468789189122
}
 
Individuo 43:
{
  "Posicao": [8 4 4 7 1]
             [1 1 1 1 2],
  "Velocidade": [0. 0. 0. 0. 0.]
                [0. 0. 0. 0. 0.],
  "funcao_objetivo": 0.94489723853568213916697210649034344720296911446146,
  "confiabilidade_total": 0.94489723853568213916697210649034344720296911446146
}
 
Individuo 44:
{
  "Posicao": [9 1 2 9 5]
             [1 1 1 1 1],
  "Velocidade": [0. 0. 0. 0. 0.]
                [0. 0. 0. 0. 0.],
  "funcao_objetivo": 0.94433302206484110005792715198071771314667646493958,
  "confiabilidade_total": 0.94433302206484110005792715198071771314667646493958
}
 
Individuo 45:
{
  "Posicao": [1 5 9 8 5]
             [1 1 1 1 1],
  "Velocidade": [0. 0. 0. 0. 0.]
                [0. 0. 0. 0. 0.],
  "funcao_objetivo": 0.93986160218086048165912748874218894742961967100944,
  "confiabilidade_total": 0.93986160218086048165912748874218894742961967100944
}
 
Individuo 46:
{
  "Posicao": [5 6 9 2 8]
             [1 1 1 1 1],
  "Velocidade": [0. 0. 0. 0. 0.]
                [0. 0. 0. 0. 0.],
  "funcao_objetivo": 0.93856881171320451809136584364856032434040426172496,
  "confiabilidade_total": 0.93856881171320451809136584364856032434040426172496
}
 
Individuo 47:
{
  "Posicao": [7 8 8 3 1]
             [1 1 1 1 1],
  "Velocidade": [0. 0. 0. 0. 0.]
                [0. 0. 0. 0. 0.],
  "funcao_objetivo": 0.93773515691598731930861387655004571195661575804594,
  "confiabilidade_total": 0.93773515691598731930861387655004571195661575804594
}
 
Individuo 48:
{
  "Posicao": [7 8 9 6 7]
             [1 1 1 1 2],
  "Velocidade": [0. 0. 0. 0. 0.]
                [0. 0. 0. 0. 0.],
  "funcao_objetivo": 0.93702400569724303721952167373233377916682279071228,
  "confiabilidade_total": 0.93702400569724303721952167373233377916682279071228
}
 
Individuo 49:
{
  "Posicao": [8 6 9 8 0]
             [1 1 1 1 2],
  "Velocidade": [0. 0. 0. 0. 0.]
                [0. 0. 0. 0. 0.],
  "funcao_objetivo": 0.93674059855764113336440009895299035153243752341014,
  "confiabilidade_total": 0.93674059855764113336440009895299035153243752341014
}
 
Individuo 50:
{
  "Posicao": [9 3 5 6 4]
             [1 1 1 1 1],
  "Velocidade": [0. 0. 0. 0. 0.]
                [0. 0. 0. 0. 0.],
  "funcao_objetivo": 0.93638301432297545778432348858727946521652495974959,
  "confiabilidade_total": 0.93638301432297545778432348858727946521652495974959
}
 
-----------------------------------------
Populacao final da era:
Individuo 1:
{
  "Posicao": [7. 6. 5. 9. 7.]
             [2. 2. 1. 1. 1.],
  "Velocidade": [0. 0. 0. 0. 0.]
                [0. 0. 0. 0. 0.],
  "funcao_objetivo": 0.98807886458809795502505637622984962228162798428433,
  "confiabilidade_total": 0.98807886458809795502505637622984962228162798428433
}
 
Individuo 2:
{
  "Posicao": [9. 6. 5. 9. 7.]
             [2. 2. 1. 1. 1.],
  "Velocidade": [ 7.61767252 -1.26961209  0.          1.26961209 -1.26961209]
                [ 0.          1.26961209  0.         -1.26961209  0.        ],
  "funcao_objetivo": 0.91979491158427697617079761410080713426492037165956,
  "confiabilidade_total": 0.98697824491761026555410214593961022069475473750429
}
 
Individuo 3:
{
  "Posicao": [8. 8. 4. 5. 2.]
             [2. 1. 1. 2. 1.],
  "Velocidade": [-0.0991737 -0.1983474  0.0991737  0.3966948  0.4958685]
                [ 0.         0.0991737  0.        -0.0991737  0.       ],
  "funcao_objetivo": 0.98617816342979705247936849806866612493030496696459,
  "confiabilidade_total": 0.98617816342979705247936849806866612493030496696459
}
 
Individuo 4:
{
  "Posicao": [7. 6. 5. 9. 7.]
             [2. 2. 1. 1. 1.],
  "Velocidade": [ 2.18752175  2.18752175 -3.28128263  2.18752175  3.28128263]
                [ 0.          1.09376088  0.         -1.09376088  0.        ],
  "funcao_objetivo": 0.98807886458809795502505637622984962228162798428433,
  "confiabilidade_total": 0.98807886458809795502505637622984962228162798428433
}
 
Individuo 5:
{
  "Posicao": [9. 8. 7. 9. 7.]
             [2. 2. 1. 1. 1.],
  "Velocidade": [7.24705959 7.24705959 7.24705959 5.79764767 1.44941192]
                [1.44941192 0.         0.         0.         0.        ],
  "funcao_objetivo": 0.88884086456202674392750445577444411418661502038496,
  "confiabilidade_total": 0.98634086456202674725817352964991373545751002465742
}
 
Individuo 6:
{
  "Posicao": [7. 8. 7. 9. 8.]
             [2. 2. 1. 1. 1.],
  "Velocidade": [1.40414728 8.42488366 5.61658911 5.61658911 2.80829455]
                [ 1.40414728  1.40414728 -1.40414728  0.          0.        ],
  "funcao_objetivo": 0.96380184674148756251573972781703500405306592075558,
  "confiabilidade_total": 0.98740184674148741624940734857578658594171180813046
}
 
Individuo 7:
{
  "Posicao": [8. 9. 3. 9. 7.]
             [2. 3. 1. 1. 1.],
  "Velocidade": [ 1.67735552  8.3867776  -5.03206656  0.          0.        ]
                [ 0.          1.67735552 -1.67735552  0.          0.        ],
  "funcao_objetivo": 0.58692929501594045541994717483437830394303261651452,
  "confiabilidade_total": 0.99289596168260715329128232029877813344990670098717
}
 
Individuo 8:
{
  "Posicao": [7. 5. 6. 9. 5.]
             [2. 2. 1. 1. 1.],
  "Velocidade": [-0.68328544  2.73314176 -2.04985632  0.68328544  3.4164272 ]
                [ 0.          0.68328544 -0.68328544  0.          0.        ],
  "funcao_objetivo": 0.98810045844686910907208154028449114556277035658267,
  "confiabilidade_total": 0.98810045844686910907208154028449114556277035658267
}
 
Individuo 9:
{
  "Posicao": [5. 7. 2. 7. 2.]
             [1. 2. 1. 1. 2.],
  "Velocidade": [ 0.41505214 -0.20752607  0.83010427  0.6225782   1.24515641]
                [ 0.20752607  0.          0.          0.         -0.20752607],
  "funcao_objetivo": 0.92644725097418793422095529192969370583461154224379,
  "confiabilidade_total": 0.97119725097418797396693957351029785300062525989516
}
 
Individuo 10:
{
  "Posicao": [7. 6. 6. 9. 7.]
             [2. 2. 1. 1. 1.],
  "Velocidade": [3.42789263 0.         4.57052351 9.14104701 0.        ]
                [ 1.14263088  1.14263088 -1.14263088  0.          0.        ],
  "funcao_objetivo": 0.98040880713214626360029797255199569614875812156600,
  "confiabilidade_total": 0.98807547379881294459346758615245321986537177188796
}
 
Individuo 11:
{
  "Posicao": [7. 6. 5. 8. 7.]
             [2. 2. 1. 1. 1.],
  "Velocidade": [-1.76979753  0.          2.65469629  7.96408887 -1.76979753]
                [0.         0.88489876 0.         0.         0.        ],
  "funcao_objetivo": 0.98840110574855178376174878182453161144150928625966,
  "confiabilidade_total": 0.98840110574855178376174878182453161144150928625966
}
 
Individuo 12:
{
  "Posicao": [6. 9. 6. 9. 7.]
             [3. 3. 1. 1. 1.],
  "Velocidade": [-1.78948649 10.73691896  1.78948649  5.36845948  0.        ]
                [ 1.78948649  1.78948649 -1.78948649  0.          0.        ],
  "funcao_objetivo": 0.24390518824971908078850224555658817889015038920683,
  "confiabilidade_total": 0.99762185491638567119024860730583489538947900248808
}
 
Individuo 13:
{
  "Posicao": [7. 6. 5. 9. 7.]
             [2. 2. 1. 1. 1.],
  "Velocidade": [ 2.00115751 -3.00173626  4.00231501  5.00289377  6.00347252]
                [ 1.00057875  1.00057875  0.         -1.00057875  0.        ],
  "funcao_objetivo": 0.98807886458809795502505637622984962228162798428433,
  "confiabilidade_total": 0.98807886458809795502505637622984962228162798428433
}
 
Individuo 14:
{
  "Posicao": [9. 8. 4. 9. 7.]
             [3. 2. 1. 1. 1.],
  "Velocidade": [ 8.74759955  5.24855973 -3.49903982 13.99615928  0.        ]
                [1.74951991 0.         0.         0.         0.        ],
  "funcao_objetivo": 0.55223581674353042896554890607843146684379068423435,
  "confiabilidade_total": 0.99213581674353013688807558769224881219477144290134
}
 
Individuo 15:
{
  "Posicao": [7. 7. 4. 9. 9.]
             [2. 2. 1. 1. 1.],
  "Velocidade": [ 1.34331659  2.68663317 -2.68663317  9.40321611  8.05989952]
                [0.         1.34331659 0.         0.         0.        ],
  "funcao_objetivo": 0.89841454757223637906106779756881759976871288731953,
  "confiabilidade_total": 0.98821454757223627285713326192634294284410751775166
}
 
Individuo 16:
{
  "Posicao": [5. 2. 8. 5. 6.]
             [2. 1. 1. 1. 1.],
  "Velocidade": [ 0.21164889  0.42329778 -0.31747333  0.52912222  0.10582444]
                [0.         0.10582444 0.         0.         0.        ],
  "funcao_objetivo": 0.96773171408216268925835894669737638746926726054211,
  "confiabilidade_total": 0.96773171408216268925835894669737638746926726054211
}
 
Individuo 17:
{
  "Posicao": [8. 7. 5. 9. 7.]
             [2. 2. 1. 1. 1.],
  "Velocidade": [ 8.36410158  4.77948662 -1.19487165  1.19487165  1.19487165]
                [ 1.19487165  1.19487165 -1.19487165  0.          0.        ],
  "funcao_objetivo": 0.98754966242801598322958480042604021231629535778823,
  "confiabilidade_total": 0.98754966242801598322958480042604021231629535778823
}
 
Individuo 18:
{
  "Posicao": [5. 6. 5. 8. 6.]
             [2. 2. 1. 1. 1.],
  "Velocidade": [3.88485326 0.         0.         1.29495109 2.58990217]
                [ 0.64747554  0.64747554  0.         -0.64747554  0.        ],
  "funcao_objetivo": 0.98855585837559913500281520151388819743147721361118,
  "confiabilidade_total": 0.98855585837559913500281520151388819743147721361118
}
 
Individuo 19:
{
  "Posicao": [7. 6. 5. 9. 8.]
             [2. 2. 1. 1. 1.],
  "Velocidade": [1.19482079 0.         0.         8.36374551 5.97410394]
                [ 1.19482079  1.19482079 -1.19482079  0.          0.        ],
  "funcao_objetivo": 0.98803131966086901626236871614421695740759355781244,
  "confiabilidade_total": 0.98803131966086901626236871614421695740759355781244
}
 
Individuo 20:
{
  "Posicao": [6. 7. 5. 9. 7.]
             [2. 2. 1. 1. 1.],
  "Velocidade": [ 1.2364355  -1.2364355  -0.61821775  0.          0.        ]
                [ 0.61821775  0.          0.         -0.61821775  0.        ],
  "funcao_objetivo": 0.98806882859193633920786871892048045804241750505473,
  "confiabilidade_total": 0.98806882859193633920786871892048045804241750505473
}
 
Individuo 21:
{
  "Posicao": [8. 4. 4. 7. 7.]
             [2. 2. 1. 1. 1.],
  "Velocidade": [-1.27641934  3.19104836  1.91462901  3.82925803 -0.63820967]
                [0.63820967 0.         0.         0.         0.        ],
  "funcao_objetivo": 0.91684609637779682017831120065169242881947515450164,
  "confiabilidade_total": 0.98942942971113022260452409982393446118348596535369
}
 
Individuo 22:
{
  "Posicao": [7. 7. 5. 9. 7.]
             [2. 2. 1. 1. 1.],
  "Velocidade": [-2.4345059   4.8690118   0.          1.21725295 -2.4345059 ]
                [0.         1.21725295 0.         0.         0.        ],
  "funcao_objetivo": 0.96493616082694931578298242735801145880431944699658,
  "confiabilidade_total": 0.98793616082694942988615378320847490084306413503064
}
 
Individuo 23:
{
  "Posicao": [7. 7. 4. 9. 7.]
             [2. 2. 1. 1. 1.],
  "Velocidade": [ 2.37926593  7.1377978  -4.75853187  2.37926593  2.37926593]
                [ 1.18963297  0.          0.          0.         -1.18963297],
  "funcao_objetivo": 0.92804399312537616455437444322445220786369577200256,
  "confiabilidade_total": 0.98834399312537617786594850848007912754303947241150
}
 
Individuo 24:
{
  "Posicao": [6. 2. 6. 8. 4.]
             [1. 1. 1. 2. 1.],
  "Velocidade": [ 0.6037856  1.8113568 -0.3018928  0.6037856  1.2075712]
                [ 0.3018928  0.3018928  0.        -0.3018928  0.       ],
  "funcao_objetivo": 0.96322656493940472203430503227576512456342718444873,
  "confiabilidade_total": 0.96322656493940472203430503227576512456342718444873
}
 
Individuo 25:
{
  "Posicao": [6. 5. 4. 9. 3.]
             [1. 1. 1. 2. 1.],
  "Velocidade": [0.81516952 0.81516952 0.40758476 0.         2.44550856]
                [ 0.40758476  0.40758476  0.         -0.40758476  0.        ],
  "funcao_objetivo": 0.96334977567654134596865927032866413134786919835702,
  "confiabilidade_total": 0.96334977567654134596865927032866413134786919835702
}
 
Individuo 26:
{
  "Posicao": [7. 6. 6. 8. 7.]
             [2. 2. 1. 1. 1.],
  "Velocidade": [ 0.         -0.72514805 -2.17544416  2.17544416 -0.72514805]
                [ 0.          0.72514805  0.          0.         -0.72514805],
  "funcao_objetivo": 0.98839770380505845965488737728837000052876236001663,
  "confiabilidade_total": 0.98839770380505845965488737728837000052876236001663
}
 
Individuo 27:
{
  "Posicao": [7. 6. 4. 9. 7.]
             [2. 2. 1. 1. 1.],
  "Velocidade": [ 0.          1.17779385 -3.53338156  2.35558771  2.35558771]
                [ 1.17779385  0.          0.          0.         -2.35558771],
  "funcao_objetivo": 0.93883557911071494979213576343424695645030598489856,
  "confiabilidade_total": 0.98848557911071503274800016342594365690406422464465
}
 
Individuo 28:
{
  "Posicao": [8. 9. 3. 9. 7.]
             [3. 2. 1. 1. 1.],
  "Velocidade": [ 1.70632207  8.53161035 -5.11896621  3.41264414  0.        ]
                [1.70632207 0.         0.         0.         0.        ],
  "funcao_objetivo": 0.66194431478095552056327158365587802414502609435970,
  "confiabilidade_total": 0.99159431478095568567563980590915871594752777282650
}
 
Individuo 29:
{
  "Posicao": [7. 4. 6. 5. 8.]
             [1. 1. 1. 2. 1.],
  "Velocidade": [ 0.          0.22700632 -0.11350316  0.5675158  -0.11350316]
                [ 0.11350316  0.11350316  0.         -0.11350316  0.        ],
  "funcao_objetivo": 0.96176336966244593654840452114282381493631694436494,
  "confiabilidade_total": 0.96176336966244593654840452114282381493631694436494
}
 
Individuo 30:
{
  "Posicao": [8. 3. 5. 8. 4.]
             [1. 2. 1. 1. 1.],
  "Velocidade": [-0.99556723  2.98670168  0.          0.99556723  2.98670168]
                [0.49778361 0.         0.         0.         0.        ],
  "funcao_objetivo": 0.96117303894684529857532905297221554422148640304309,
  "confiabilidade_total": 0.96117303894684529857532905297221554422148640304309
}
 
Individuo 31:
{
  "Posicao": [7. 6. 5. 9. 6.]
             [2. 2. 1. 1. 1.],
  "Velocidade": [ 1.69485415  0.84742707 -0.84742707  1.69485415  4.23713537]
                [0.         0.84742707 0.         0.         0.        ],
  "funcao_objetivo": 0.97559554954898911399392358414964004528460946364763,
  "confiabilidade_total": 0.98809554954898911468781297454036288304937925620439
}
 
Individuo 32:
{
  "Posicao": [7. 6. 5. 9. 7.]
             [2. 2. 1. 1. 1.],
  "Velocidade": [ 0.98255467  1.96510934  0.          3.93021867 -0.98255467]
                [ 0.98255467  0.98255467  0.         -0.98255467  0.        ],
  "funcao_objetivo": 0.98807886458809795502505637622984962228162798428433,
  "confiabilidade_total": 0.98807886458809795502505637622984962228162798428433
}
 
Individuo 33:
{
  "Posicao": [6. 5. 4. 9. 9.]
             [2. 2. 1. 1. 1.],
  "Velocidade": [-2.76966546 -2.76966546 -2.76966546  4.15449818  9.6938291 ]
                [0.         1.38483273 0.         0.         0.        ],
  "funcao_objetivo": 0.90457432320813356679954621351906636373208707335116,
  "confiabilidade_total": 0.98849098987480017847316572708631239474819844725253
}
 
Individuo 34:
{
  "Posicao": [7. 6. 5. 9. 7.]
             [2. 2. 1. 1. 1.],
  "Velocidade": [ 2.01008057  0.          0.          1.00504028 -1.00504028]
                [0.         1.00504028 0.         0.         0.        ],
  "funcao_objetivo": 0.98807886458809795502505637622984962228162798428433,
  "confiabilidade_total": 0.98807886458809795502505637622984962228162798428433
}
 
Individuo 35:
{
  "Posicao": [8. 8. 6. 8. 5.]
             [1. 1. 1. 2. 1.],
  "Velocidade": [-0.19764233 -0.59292698 -0.19764233  0.19764233  0.59292698]
                [ 0.19764233  0.19764233  0.         -0.19764233  0.        ],
  "funcao_objetivo": 0.95946810508723311202265767546800350570486135953201,
  "confiabilidade_total": 0.95946810508723311202265767546800350570486135953201
}
 
Individuo 36:
{
  "Posicao": [8. 4. 7. 9. 9.]
             [2. 3. 1. 1. 1.],
  "Velocidade": [ 1.78931336 -3.57862673  5.36794009  0.          5.36794009]
                [0.         1.78931336 0.         0.         0.        ],
  "funcao_objetivo": 0.53888795609611511972536221057842874634243605389847,
  "confiabilidade_total": 0.99278795609611486783796238362291285502888319745316
}
 
Individuo 37:
{
  "Posicao": [9. 8. 4. 9. 9.]
             [2. 2. 1. 1. 1.],
  "Velocidade": [ 9.40866405  6.72047432 -4.03228459  6.72047432  9.40866405]
                [1.34409486 1.34409486 0.         0.         0.        ],
  "funcao_objetivo": 0.81317013757670323834947645199430100181418939303386,
  "confiabilidade_total": 0.98675347091003632108696941035271721919346137713420
}
 
Individuo 38:
{
  "Posicao": [2. 8. 8. 0. 7.]
             [1. 1. 1. 1. 3.],
  "Velocidade": [ 0.14908081 -0.05963232 -0.08944849  0.26834546  0.        ]
                [ 0.02981616  0.02981616  0.          0.         -0.05963232],
  "funcao_objetivo": 0.95649172717403834880563614422654785761977305573880,
  "confiabilidade_total": 0.95649172717403834880563614422654785761977305573880
}
 
Individuo 39:
{
  "Posicao": [5. 6. 4. 7. 5.]
             [2. 2. 1. 1. 1.],
  "Velocidade": [3.30261004 0.66052201 2.64208803 3.30261004 4.62365406]
                [0.66052201 0.66052201 0.         0.         0.        ],
  "funcao_objetivo": 0.97138793180818750598585822204214951860033390748609,
  "confiabilidade_total": 0.98913793180818758767051725883804198026903388726819
}
 
Individuo 40:
{
  "Posicao": [2. 6. 4. 5. 5.]
             [1. 1. 1. 1. 2.],
  "Velocidade": [1.04835729 0.         0.17472621 0.87363107 0.34945243]
                [ 0.17472621  0.17472621  0.          0.         -0.17472621],
  "funcao_objetivo": 0.94902867266709570589725440249897357753360937683296,
  "confiabilidade_total": 0.94902867266709570589725440249897357753360937683296
}
 
Individuo 41:
{
  "Posicao": [6. 2. 7. 5. 6.]
             [1. 1. 1. 1. 2.],
  "Velocidade": [ 0.51699307  1.5509792  -0.7754896   1.29248266  0.51699307]
                [ 0.25849653  0.25849653  0.          0.         -0.25849653],
  "funcao_objetivo": 0.94697575416230481804966017157610992174511561273704,
  "confiabilidade_total": 0.94697575416230481804966017157610992174511561273704
}
 
Individuo 42:
{
  "Posicao": [5. 7. 2. 6. 6.]
             [1. 1. 1. 1. 1.],
  "Velocidade": [ 1.11259097 -0.74172731  1.85431828  1.48345463  0.74172731]
                [0.37086366 0.37086366 0.         0.         0.        ],
  "funcao_objetivo": 0.94175579705975689697682308059432567101155970573978,
  "confiabilidade_total": 0.94175579705975689697682308059432567101155970573978
}
 
Individuo 43:
{
  "Posicao": [7. 6. 5. 9. 7.]
             [2. 2. 1. 1. 1.],
  "Velocidade": [-0.99457923  1.98915846  0.99457923  1.98915846  5.96747538]
                [ 0.99457923  0.99457923  0.          0.         -0.99457923],
  "funcao_objetivo": 0.98807886458809795502505637622984962228162798428433,
  "confiabilidade_total": 0.98807886458809795502505637622984962228162798428433
}
 
Individuo 44:
{
  "Posicao": [7. 5. 5. 9. 7.]
             [2. 2. 1. 1. 1.],
  "Velocidade": [-1.77884986  4.44712465  2.66827479  0.          1.77884986]
                [0.88942493 0.88942493 0.         0.         0.        ],
  "funcao_objetivo": 0.98808629545235148289800602446004179939813427926456,
  "confiabilidade_total": 0.98808629545235148289800602446004179939813427926456
}
 
Individuo 45:
{
  "Posicao": [9. 7. 2. 9. 8.]
             [3. 3. 1. 1. 1.],
  "Velocidade": [10.41881178  1.73646863 -6.94587452  1.73646863  3.47293726]
                [1.73646863 1.73646863 0.         0.         0.        ],
  "funcao_objetivo": 0.33430561266598980689226606102834121146096633378061,
  "confiabilidade_total": 0.99783894599932322626048231598047205068959639969858
}
 
Individuo 46:
{
  "Posicao": [7. 6. 5. 9. 7.]
             [2. 2. 1. 1. 1.],
  "Velocidade": [ 2.13833478  0.         -4.27666956  7.48417173 -1.06916739]
                [1.06916739 1.06916739 0.         0.         0.        ],
  "funcao_objetivo": 0.98807886458809795502505637622984962228162798428433,
  "confiabilidade_total": 0.98807886458809795502505637622984962228162798428433
}
 
Individuo 47:
{
  "Posicao": [7. 6. 5. 9. 7.]
             [2. 2. 1. 1. 1.],
  "Velocidade": [ 0.         -1.99680555 -2.99520833  5.99041665  5.99041665]
                [0.99840278 0.99840278 0.         0.         0.        ],
  "funcao_objetivo": 0.98807886458809795502505637622984962228162798428433,
  "confiabilidade_total": 0.98807886458809795502505637622984962228162798428433
}
 
Individuo 48:
{
  "Posicao": [7. 6. 4. 9. 7.]
             [2. 2. 1. 1. 1.],
  "Velocidade": [ 0.         -2.48663067 -4.97326134  3.72994601  0.        ]
                [ 1.24331534  1.24331534  0.          0.         -1.24331534],
  "funcao_objetivo": 0.93883557911071494979213576343424695645030598489856,
  "confiabilidade_total": 0.98848557911071503274800016342594365690406422464465
}
 
Individuo 49:
{
  "Posicao": [7. 6. 3. 9. 9.]
             [2. 2. 1. 1. 1.],
  "Velocidade": [-1.4010965   0.         -5.60438599  1.4010965   9.80767548]
                [ 1.4010965  1.4010965  0.         0.        -1.4010965],
  "funcao_objetivo": 0.90777882712758062877962189053491143510756099673485,
  "confiabilidade_total": 0.98849549379424721471272057816790307640177214595055
}
 
Individuo 50:
{
  "Posicao": [8. 4. 5. 7. 5.]
             [1. 1. 1. 1. 1.],
  "Velocidade": [-0.52752223  0.79128334  0.          0.79128334  0.79128334]
                [0.26376111 0.26376111 0.         0.         0.        ],
  "funcao_objetivo": 0.93661076189815253962970149133700257907742315914903,
  "confiabilidade_total": 0.93661076189815253962970149133700257907742315914903
}
 
-----------------------------------------
-----------------------------------------
-----------------------------------------
-----------------------------------------
GERACAO 2
Populacao antes da execucao:
Individuo 1:
{
  "Posicao": [7. 6. 5. 9. 7.]
             [2. 2. 1. 1. 1.],
  "Velocidade": [0. 0. 0. 0. 0.]
                [0. 0. 0. 0. 0.],
  "funcao_objetivo": 0.98807886458809795502505637622984962228162798428433,
  "confiabilidade_total": 0.98807886458809795502505637622984962228162798428433
}
 
Individuo 2:
{
  "Posicao": [9. 6. 5. 9. 7.]
             [2. 2. 1. 1. 1.],
  "Velocidade": [ 7.61767252 -1.26961209  0.          1.26961209 -1.26961209]
                [ 0.          1.26961209  0.         -1.26961209  0.        ],
  "funcao_objetivo": 0.91979491158427697617079761410080713426492037165956,
  "confiabilidade_total": 0.98697824491761026555410214593961022069475473750429
}
 
Individuo 3:
{
  "Posicao": [8. 8. 4. 5. 2.]
             [2. 1. 1. 2. 1.],
  "Velocidade": [-0.0991737 -0.1983474  0.0991737  0.3966948  0.4958685]
                [ 0.         0.0991737  0.        -0.0991737  0.       ],
  "funcao_objetivo": 0.98617816342979705247936849806866612493030496696459,
  "confiabilidade_total": 0.98617816342979705247936849806866612493030496696459
}
 
Individuo 4:
{
  "Posicao": [7. 6. 5. 9. 7.]
             [2. 2. 1. 1. 1.],
  "Velocidade": [ 2.18752175  2.18752175 -3.28128263  2.18752175  3.28128263]
                [ 0.          1.09376088  0.         -1.09376088  0.        ],
  "funcao_objetivo": 0.98807886458809795502505637622984962228162798428433,
  "confiabilidade_total": 0.98807886458809795502505637622984962228162798428433
}
 
Individuo 5:
{
  "Posicao": [9. 8. 7. 9. 7.]
             [2. 2. 1. 1. 1.],
  "Velocidade": [7.24705959 7.24705959 7.24705959 5.79764767 1.44941192]
                [1.44941192 0.         0.         0.         0.        ],
  "funcao_objetivo": 0.88884086456202674392750445577444411418661502038496,
  "confiabilidade_total": 0.98634086456202674725817352964991373545751002465742
}
 
Individuo 6:
{
  "Posicao": [7. 8. 7. 9. 8.]
             [2. 2. 1. 1. 1.],
  "Velocidade": [1.40414728 8.42488366 5.61658911 5.61658911 2.80829455]
                [ 1.40414728  1.40414728 -1.40414728  0.          0.        ],
  "funcao_objetivo": 0.96380184674148756251573972781703500405306592075558,
  "confiabilidade_total": 0.98740184674148741624940734857578658594171180813046
}
 
Individuo 7:
{
  "Posicao": [8. 9. 3. 9. 7.]
             [2. 3. 1. 1. 1.],
  "Velocidade": [ 1.67735552  8.3867776  -5.03206656  0.          0.        ]
                [ 0.          1.67735552 -1.67735552  0.          0.        ],
  "funcao_objetivo": 0.58692929501594045541994717483437830394303261651452,
  "confiabilidade_total": 0.99289596168260715329128232029877813344990670098717
}
 
Individuo 8:
{
  "Posicao": [7. 5. 6. 9. 5.]
             [2. 2. 1. 1. 1.],
  "Velocidade": [-0.68328544  2.73314176 -2.04985632  0.68328544  3.4164272 ]
                [ 0.          0.68328544 -0.68328544  0.          0.        ],
  "funcao_objetivo": 0.98810045844686910907208154028449114556277035658267,
  "confiabilidade_total": 0.98810045844686910907208154028449114556277035658267
}
 
Individuo 9:
{
  "Posicao": [5. 7. 2. 7. 2.]
             [1. 2. 1. 1. 2.],
  "Velocidade": [ 0.41505214 -0.20752607  0.83010427  0.6225782   1.24515641]
                [ 0.20752607  0.          0.          0.         -0.20752607],
  "funcao_objetivo": 0.92644725097418793422095529192969370583461154224379,
  "confiabilidade_total": 0.97119725097418797396693957351029785300062525989516
}
 
Individuo 10:
{
  "Posicao": [7. 6. 6. 9. 7.]
             [2. 2. 1. 1. 1.],
  "Velocidade": [3.42789263 0.         4.57052351 9.14104701 0.        ]
                [ 1.14263088  1.14263088 -1.14263088  0.          0.        ],
  "funcao_objetivo": 0.98040880713214626360029797255199569614875812156600,
  "confiabilidade_total": 0.98807547379881294459346758615245321986537177188796
}
 
Individuo 11:
{
  "Posicao": [7. 6. 5. 8. 7.]
             [2. 2. 1. 1. 1.],
  "Velocidade": [-1.76979753  0.          2.65469629  7.96408887 -1.76979753]
                [0.         0.88489876 0.         0.         0.        ],
  "funcao_objetivo": 0.98840110574855178376174878182453161144150928625966,
  "confiabilidade_total": 0.98840110574855178376174878182453161144150928625966
}
 
Individuo 12:
{
  "Posicao": [6. 9. 6. 9. 7.]
             [3. 3. 1. 1. 1.],
  "Velocidade": [-1.78948649 10.73691896  1.78948649  5.36845948  0.        ]
                [ 1.78948649  1.78948649 -1.78948649  0.          0.        ],
  "funcao_objetivo": 0.24390518824971908078850224555658817889015038920683,
  "confiabilidade_total": 0.99762185491638567119024860730583489538947900248808
}
 
Individuo 13:
{
  "Posicao": [7. 6. 5. 9. 7.]
             [2. 2. 1. 1. 1.],
  "Velocidade": [ 2.00115751 -3.00173626  4.00231501  5.00289377  6.00347252]
                [ 1.00057875  1.00057875  0.         -1.00057875  0.        ],
  "funcao_objetivo": 0.98807886458809795502505637622984962228162798428433,
  "confiabilidade_total": 0.98807886458809795502505637622984962228162798428433
}
 
Individuo 14:
{
  "Posicao": [9. 8. 4. 9. 7.]
             [3. 2. 1. 1. 1.],
  "Velocidade": [ 8.74759955  5.24855973 -3.49903982 13.99615928  0.        ]
                [1.74951991 0.         0.         0.         0.        ],
  "funcao_objetivo": 0.55223581674353042896554890607843146684379068423435,
  "confiabilidade_total": 0.99213581674353013688807558769224881219477144290134
}
 
Individuo 15:
{
  "Posicao": [7. 7. 4. 9. 9.]
             [2. 2. 1. 1. 1.],
  "Velocidade": [ 1.34331659  2.68663317 -2.68663317  9.40321611  8.05989952]
                [0.         1.34331659 0.         0.         0.        ],
  "funcao_objetivo": 0.89841454757223637906106779756881759976871288731953,
  "confiabilidade_total": 0.98821454757223627285713326192634294284410751775166
}
 
Individuo 16:
{
  "Posicao": [5. 2. 8. 5. 6.]
             [2. 1. 1. 1. 1.],
  "Velocidade": [ 0.21164889  0.42329778 -0.31747333  0.52912222  0.10582444]
                [0.         0.10582444 0.         0.         0.        ],
  "funcao_objetivo": 0.96773171408216268925835894669737638746926726054211,
  "confiabilidade_total": 0.96773171408216268925835894669737638746926726054211
}
 
Individuo 17:
{
  "Posicao": [8. 7. 5. 9. 7.]
             [2. 2. 1. 1. 1.],
  "Velocidade": [ 8.36410158  4.77948662 -1.19487165  1.19487165  1.19487165]
                [ 1.19487165  1.19487165 -1.19487165  0.          0.        ],
  "funcao_objetivo": 0.98754966242801598322958480042604021231629535778823,
  "confiabilidade_total": 0.98754966242801598322958480042604021231629535778823
}
 
Individuo 18:
{
  "Posicao": [5. 6. 5. 8. 6.]
             [2. 2. 1. 1. 1.],
  "Velocidade": [3.88485326 0.         0.         1.29495109 2.58990217]
                [ 0.64747554  0.64747554  0.         -0.64747554  0.        ],
  "funcao_objetivo": 0.98855585837559913500281520151388819743147721361118,
  "confiabilidade_total": 0.98855585837559913500281520151388819743147721361118
}
 
Individuo 19:
{
  "Posicao": [7. 6. 5. 9. 8.]
             [2. 2. 1. 1. 1.],
  "Velocidade": [1.19482079 0.         0.         8.36374551 5.97410394]
                [ 1.19482079  1.19482079 -1.19482079  0.          0.        ],
  "funcao_objetivo": 0.98803131966086901626236871614421695740759355781244,
  "confiabilidade_total": 0.98803131966086901626236871614421695740759355781244
}
 
Individuo 20:
{
  "Posicao": [6. 7. 5. 9. 7.]
             [2. 2. 1. 1. 1.],
  "Velocidade": [ 1.2364355  -1.2364355  -0.61821775  0.          0.        ]
                [ 0.61821775  0.          0.         -0.61821775  0.        ],
  "funcao_objetivo": 0.98806882859193633920786871892048045804241750505473,
  "confiabilidade_total": 0.98806882859193633920786871892048045804241750505473
}
 
Individuo 21:
{
  "Posicao": [8. 4. 4. 7. 7.]
             [2. 2. 1. 1. 1.],
  "Velocidade": [-1.27641934  3.19104836  1.91462901  3.82925803 -0.63820967]
                [0.63820967 0.         0.         0.         0.        ],
  "funcao_objetivo": 0.91684609637779682017831120065169242881947515450164,
  "confiabilidade_total": 0.98942942971113022260452409982393446118348596535369
}
 
Individuo 22:
{
  "Posicao": [7. 7. 5. 9. 7.]
             [2. 2. 1. 1. 1.],
  "Velocidade": [-2.4345059   4.8690118   0.          1.21725295 -2.4345059 ]
                [0.         1.21725295 0.         0.         0.        ],
  "funcao_objetivo": 0.96493616082694931578298242735801145880431944699658,
  "confiabilidade_total": 0.98793616082694942988615378320847490084306413503064
}
 
Individuo 23:
{
  "Posicao": [7. 7. 4. 9. 7.]
             [2. 2. 1. 1. 1.],
  "Velocidade": [ 2.37926593  7.1377978  -4.75853187  2.37926593  2.37926593]
                [ 1.18963297  0.          0.          0.         -1.18963297],
  "funcao_objetivo": 0.92804399312537616455437444322445220786369577200256,
  "confiabilidade_total": 0.98834399312537617786594850848007912754303947241150
}
 
Individuo 24:
{
  "Posicao": [6. 2. 6. 8. 4.]
             [1. 1. 1. 2. 1.],
  "Velocidade": [ 0.6037856  1.8113568 -0.3018928  0.6037856  1.2075712]
                [ 0.3018928  0.3018928  0.        -0.3018928  0.       ],
  "funcao_objetivo": 0.96322656493940472203430503227576512456342718444873,
  "confiabilidade_total": 0.96322656493940472203430503227576512456342718444873
}
 
Individuo 25:
{
  "Posicao": [6. 5. 4. 9. 3.]
             [1. 1. 1. 2. 1.],
  "Velocidade": [0.81516952 0.81516952 0.40758476 0.         2.44550856]
                [ 0.40758476  0.40758476  0.         -0.40758476  0.        ],
  "funcao_objetivo": 0.96334977567654134596865927032866413134786919835702,
  "confiabilidade_total": 0.96334977567654134596865927032866413134786919835702
}
 
Individuo 26:
{
  "Posicao": [7. 6. 6. 8. 7.]
             [2. 2. 1. 1. 1.],
  "Velocidade": [ 0.         -0.72514805 -2.17544416  2.17544416 -0.72514805]
                [ 0.          0.72514805  0.          0.         -0.72514805],
  "funcao_objetivo": 0.98839770380505845965488737728837000052876236001663,
  "confiabilidade_total": 0.98839770380505845965488737728837000052876236001663
}
 
Individuo 27:
{
  "Posicao": [7. 6. 4. 9. 7.]
             [2. 2. 1. 1. 1.],
  "Velocidade": [ 0.          1.17779385 -3.53338156  2.35558771  2.35558771]
                [ 1.17779385  0.          0.          0.         -2.35558771],
  "funcao_objetivo": 0.93883557911071494979213576343424695645030598489856,
  "confiabilidade_total": 0.98848557911071503274800016342594365690406422464465
}
 
Individuo 28:
{
  "Posicao": [8. 9. 3. 9. 7.]
             [3. 2. 1. 1. 1.],
  "Velocidade": [ 1.70632207  8.53161035 -5.11896621  3.41264414  0.        ]
                [1.70632207 0.         0.         0.         0.        ],
  "funcao_objetivo": 0.66194431478095552056327158365587802414502609435970,
  "confiabilidade_total": 0.99159431478095568567563980590915871594752777282650
}
 
Individuo 29:
{
  "Posicao": [7. 4. 6. 5. 8.]
             [1. 1. 1. 2. 1.],
  "Velocidade": [ 0.          0.22700632 -0.11350316  0.5675158  -0.11350316]
                [ 0.11350316  0.11350316  0.         -0.11350316  0.        ],
  "funcao_objetivo": 0.96176336966244593654840452114282381493631694436494,
  "confiabilidade_total": 0.96176336966244593654840452114282381493631694436494
}
 
Individuo 30:
{
  "Posicao": [8. 3. 5. 8. 4.]
             [1. 2. 1. 1. 1.],
  "Velocidade": [-0.99556723  2.98670168  0.          0.99556723  2.98670168]
                [0.49778361 0.         0.         0.         0.        ],
  "funcao_objetivo": 0.96117303894684529857532905297221554422148640304309,
  "confiabilidade_total": 0.96117303894684529857532905297221554422148640304309
}
 
Individuo 31:
{
  "Posicao": [7. 6. 5. 9. 6.]
             [2. 2. 1. 1. 1.],
  "Velocidade": [ 1.69485415  0.84742707 -0.84742707  1.69485415  4.23713537]
                [0.         0.84742707 0.         0.         0.        ],
  "funcao_objetivo": 0.97559554954898911399392358414964004528460946364763,
  "confiabilidade_total": 0.98809554954898911468781297454036288304937925620439
}
 
Individuo 32:
{
  "Posicao": [7. 6. 5. 9. 7.]
             [2. 2. 1. 1. 1.],
  "Velocidade": [ 0.98255467  1.96510934  0.          3.93021867 -0.98255467]
                [ 0.98255467  0.98255467  0.         -0.98255467  0.        ],
  "funcao_objetivo": 0.98807886458809795502505637622984962228162798428433,
  "confiabilidade_total": 0.98807886458809795502505637622984962228162798428433
}
 
Individuo 33:
{
  "Posicao": [6. 5. 4. 9. 9.]
             [2. 2. 1. 1. 1.],
  "Velocidade": [-2.76966546 -2.76966546 -2.76966546  4.15449818  9.6938291 ]
                [0.         1.38483273 0.         0.         0.        ],
  "funcao_objetivo": 0.90457432320813356679954621351906636373208707335116,
  "confiabilidade_total": 0.98849098987480017847316572708631239474819844725253
}
 
Individuo 34:
{
  "Posicao": [7. 6. 5. 9. 7.]
             [2. 2. 1. 1. 1.],
  "Velocidade": [ 2.01008057  0.          0.          1.00504028 -1.00504028]
                [0.         1.00504028 0.         0.         0.        ],
  "funcao_objetivo": 0.98807886458809795502505637622984962228162798428433,
  "confiabilidade_total": 0.98807886458809795502505637622984962228162798428433
}
 
Individuo 35:
{
  "Posicao": [8. 8. 6. 8. 5.]
             [1. 1. 1. 2. 1.],
  "Velocidade": [-0.19764233 -0.59292698 -0.19764233  0.19764233  0.59292698]
                [ 0.19764233  0.19764233  0.         -0.19764233  0.        ],
  "funcao_objetivo": 0.95946810508723311202265767546800350570486135953201,
  "confiabilidade_total": 0.95946810508723311202265767546800350570486135953201
}
 
Individuo 36:
{
  "Posicao": [8. 4. 7. 9. 9.]
             [2. 3. 1. 1. 1.],
  "Velocidade": [ 1.78931336 -3.57862673  5.36794009  0.          5.36794009]
                [0.         1.78931336 0.         0.         0.        ],
  "funcao_objetivo": 0.53888795609611511972536221057842874634243605389847,
  "confiabilidade_total": 0.99278795609611486783796238362291285502888319745316
}
 
Individuo 37:
{
  "Posicao": [9. 8. 4. 9. 9.]
             [2. 2. 1. 1. 1.],
  "Velocidade": [ 9.40866405  6.72047432 -4.03228459  6.72047432  9.40866405]
                [1.34409486 1.34409486 0.         0.         0.        ],
  "funcao_objetivo": 0.81317013757670323834947645199430100181418939303386,
  "confiabilidade_total": 0.98675347091003632108696941035271721919346137713420
}
 
Individuo 38:
{
  "Posicao": [2. 8. 8. 0. 7.]
             [1. 1. 1. 1. 3.],
  "Velocidade": [ 0.14908081 -0.05963232 -0.08944849  0.26834546  0.        ]
                [ 0.02981616  0.02981616  0.          0.         -0.05963232],
  "funcao_objetivo": 0.95649172717403834880563614422654785761977305573880,
  "confiabilidade_total": 0.95649172717403834880563614422654785761977305573880
}
 
Individuo 39:
{
  "Posicao": [5. 6. 4. 7. 5.]
             [2. 2. 1. 1. 1.],
  "Velocidade": [3.30261004 0.66052201 2.64208803 3.30261004 4.62365406]
                [0.66052201 0.66052201 0.         0.         0.        ],
  "funcao_objetivo": 0.97138793180818750598585822204214951860033390748609,
  "confiabilidade_total": 0.98913793180818758767051725883804198026903388726819
}
 
Individuo 40:
{
  "Posicao": [2. 6. 4. 5. 5.]
             [1. 1. 1. 1. 2.],
  "Velocidade": [1.04835729 0.         0.17472621 0.87363107 0.34945243]
                [ 0.17472621  0.17472621  0.          0.         -0.17472621],
  "funcao_objetivo": 0.94902867266709570589725440249897357753360937683296,
  "confiabilidade_total": 0.94902867266709570589725440249897357753360937683296
}
 
Individuo 41:
{
  "Posicao": [6. 2. 7. 5. 6.]
             [1. 1. 1. 1. 2.],
  "Velocidade": [ 0.51699307  1.5509792  -0.7754896   1.29248266  0.51699307]
                [ 0.25849653  0.25849653  0.          0.         -0.25849653],
  "funcao_objetivo": 0.94697575416230481804966017157610992174511561273704,
  "confiabilidade_total": 0.94697575416230481804966017157610992174511561273704
}
 
Individuo 42:
{
  "Posicao": [5. 7. 2. 6. 6.]
             [1. 1. 1. 1. 1.],
  "Velocidade": [ 1.11259097 -0.74172731  1.85431828  1.48345463  0.74172731]
                [0.37086366 0.37086366 0.         0.         0.        ],
  "funcao_objetivo": 0.94175579705975689697682308059432567101155970573978,
  "confiabilidade_total": 0.94175579705975689697682308059432567101155970573978
}
 
Individuo 43:
{
  "Posicao": [7. 6. 5. 9. 7.]
             [2. 2. 1. 1. 1.],
  "Velocidade": [-0.99457923  1.98915846  0.99457923  1.98915846  5.96747538]
                [ 0.99457923  0.99457923  0.          0.         -0.99457923],
  "funcao_objetivo": 0.98807886458809795502505637622984962228162798428433,
  "confiabilidade_total": 0.98807886458809795502505637622984962228162798428433
}
 
Individuo 44:
{
  "Posicao": [7. 5. 5. 9. 7.]
             [2. 2. 1. 1. 1.],
  "Velocidade": [-1.77884986  4.44712465  2.66827479  0.          1.77884986]
                [0.88942493 0.88942493 0.         0.         0.        ],
  "funcao_objetivo": 0.98808629545235148289800602446004179939813427926456,
  "confiabilidade_total": 0.98808629545235148289800602446004179939813427926456
}
 
Individuo 45:
{
  "Posicao": [9. 7. 2. 9. 8.]
             [3. 3. 1. 1. 1.],
  "Velocidade": [10.41881178  1.73646863 -6.94587452  1.73646863  3.47293726]
                [1.73646863 1.73646863 0.         0.         0.        ],
  "funcao_objetivo": 0.33430561266598980689226606102834121146096633378061,
  "confiabilidade_total": 0.99783894599932322626048231598047205068959639969858
}
 
Individuo 46:
{
  "Posicao": [7. 6. 5. 9. 7.]
             [2. 2. 1. 1. 1.],
  "Velocidade": [ 2.13833478  0.         -4.27666956  7.48417173 -1.06916739]
                [1.06916739 1.06916739 0.         0.         0.        ],
  "funcao_objetivo": 0.98807886458809795502505637622984962228162798428433,
  "confiabilidade_total": 0.98807886458809795502505637622984962228162798428433
}
 
Individuo 47:
{
  "Posicao": [7. 6. 5. 9. 7.]
             [2. 2. 1. 1. 1.],
  "Velocidade": [ 0.         -1.99680555 -2.99520833  5.99041665  5.99041665]
                [0.99840278 0.99840278 0.         0.         0.        ],
  "funcao_objetivo": 0.98807886458809795502505637622984962228162798428433,
  "confiabilidade_total": 0.98807886458809795502505637622984962228162798428433
}
 
Individuo 48:
{
  "Posicao": [7. 6. 4. 9. 7.]
             [2. 2. 1. 1. 1.],
  "Velocidade": [ 0.         -2.48663067 -4.97326134  3.72994601  0.        ]
                [ 1.24331534  1.24331534  0.          0.         -1.24331534],
  "funcao_objetivo": 0.93883557911071494979213576343424695645030598489856,
  "confiabilidade_total": 0.98848557911071503274800016342594365690406422464465
}
 
Individuo 49:
{
  "Posicao": [7. 6. 3. 9. 9.]
             [2. 2. 1. 1. 1.],
  "Velocidade": [-1.4010965   0.         -5.60438599  1.4010965   9.80767548]
                [ 1.4010965  1.4010965  0.         0.        -1.4010965],
  "funcao_objetivo": 0.90777882712758062877962189053491143510756099673485,
  "confiabilidade_total": 0.98849549379424721471272057816790307640177214595055
}
 
Individuo 50:
{
  "Posicao": [8. 4. 5. 7. 5.]
             [1. 1. 1. 1. 1.],
  "Velocidade": [-0.52752223  0.79128334  0.          0.79128334  0.79128334]
                [0.26376111 0.26376111 0.         0.         0.        ],
  "funcao_objetivo": 0.93661076189815253962970149133700257907742315914903,
  "confiabilidade_total": 0.93661076189815253962970149133700257907742315914903
}
 
-----------------------------------------
Populacao final da era:
Individuo 1:
{
  "Posicao": [7. 6. 5. 9. 7.]
             [2. 2. 1. 1. 1.],
  "Velocidade": [-0.02619545  0.          0.         -0.01309772 -0.01309772]
                [0. 0. 0. 0. 0.],
  "funcao_objetivo": 0.98807886458809795502505637622984962228162798428433,
  "confiabilidade_total": 0.98807886458809795502505637622984962228162798428433
}
 
Individuo 2:
{
  "Posicao": [2. 7. 5. 8. 7.]
             [2. 1. 1. 2. 1.],
  "Velocidade": [-7.06034815  0.51003912  0.         -0.62658994  0.39348829]
                [ 0.         -0.51003912  0.          0.51003912  0.        ],
  "funcao_objetivo": 0.98650186539928571783137774738146513624725223788411,
  "confiabilidade_total": 0.98650186539928571783137774738146513624725223788411
}
 
Individuo 3:
{
  "Posicao": [4. 5. 5. 9. 7.]
             [2. 2. 1. 1. 1.],
  "Velocidade": [-3.63500284 -2.55424451  1.27712226  3.92954873  5.20667099]
                [ 0.          1.27712226  0.         -1.27712226  0.        ],
  "funcao_objetivo": 0.95360743146453733158748288106244126694088319497290,
  "confiabilidade_total": 0.98902409813120411529016006029769323659872153954687
}
 
Individuo 4:
{
  "Posicao": [6. 8. 2. 9. 9.]
             [2. 3. 1. 2. 1.],
  "Velocidade": [-0.59045717  2.16564654 -3.24846981  0.78759468  1.87041795]
                [0.         1.08282327 0.         1.08282327 0.        ],
  "funcao_objetivo": 0.37119749109374893213358411400292615401765824905499,
  "confiabilidade_total": 0.99553082442708206133391065292414358812591554275616
}
 
Individuo 5:
{
  "Posicao": [9. 9. 9. 9. 7.]
             [3. 2. 1. 1. 1.],
  "Velocidade": [ 0.93485535  3.72911752  3.72911752  3.97042051 -0.05524319]
                [1.3418879 0.        0.        0.        0.       ],
  "funcao_objetivo": 0.40549166628298365418242328860366082850691568084742,
  "confiabilidade_total": 0.99102499961631683773926911317254248175617944427515
}
 
Individuo 6:
{
  "Posicao": [4. 0. 0. 5. 2.]
             [1. 1. 2. 1. 1.],
  "Velocidade": [ -3.46887954 -11.18283853  -9.77319642  -4.20131346  -6.26862745]
                [-0.70482105 -0.70482105  0.70482105  0.          0.        ],
  "funcao_objetivo": 0.95936135903039720667912332978083520798629261951086,
  "confiabilidade_total": 0.97619469236373062550888141778976512510946132640478
}
 
Individuo 7:
{
  "Posicao": [6. 9. 4. 8. 6.]
             [2. 2. 2. 1. 1.],
  "Velocidade": [-2.41779375 -0.3960817   0.56088091 -0.84605681 -0.84605681]
                [ 0.         -0.72568012  0.89047933  0.          0.        ],
  "funcao_objetivo": 0.52618174848563905928163798279818272347725162597455,
  "confiabilidade_total": 0.99204841515230568267921263640708182136691341491498
}
 
Individuo 8:
{
  "Posicao": [3. 9. 3. 8. 9.]
             [2. 3. 2. 1. 1.],
  "Velocidade": [-3.59688483  4.16602646 -3.48957388 -0.78376353  4.84247905]
                [0.         0.67645259 0.67645259 0.         0.        ],
  "funcao_objetivo": 0.19967559405317743670766706635962347533512958277369,
  "confiabilidade_total": 0.99747559405317716830014863298177826251793750513697
}
 
Individuo 9:
{
  "Posicao": [5. 6. 2. 6. 3.]
             [2. 2. 1. 1. 1.],
  "Velocidade": [ 0.41090161 -0.74157904  0.30917966 -0.96852761  1.25620951]
                [ 0.74157904  0.          0.          0.         -0.74157904],
  "funcao_objetivo": 0.86999032940909031572119724663573720198807402871397,
  "confiabilidade_total": 0.98999032940909036679145637939293806147513076089170
}
 
Individuo 10:
{
  "Posicao": [9. 6. 9. 9. 7.]
             [3. 3. 2. 1. 1.],
  "Velocidade": [ 2.42447593  0.          4.04024939  8.56506766 -0.48456888]
                [1.13120457 1.13120457 1.13120457 0.         0.        ],
  "funcao_objetivo": -0.12721042579865057395382264114540547946834133515708,
  "confiabilidade_total": 0.99860624086801622481458098225322074373817874540933
}
 
Individuo 11:
{
  "Posicao": [5. 6. 8. 9. 5.]
             [2. 3. 1. 1. 1.],
  "Velocidade": [-2.17359414  0.          2.62814933  7.88444798 -1.96284685]
                [0.         0.87604978 0.         0.         0.        ],
  "funcao_objetivo": 0.84937872004091710433362817107607469976545781146128,
  "confiabilidade_total": 0.99304538670758385234263510861254389480353802691538
}
 
Individuo 12:
{
  "Posicao": [6. 1. 3. 8. 6.]
             [1. 1. 1. 1. 1.],
  "Velocidade": [-0.01017922 -8.14557588 -2.88282606 -0.94360033 -1.44650264]
                [-2.88282606 -2.88282606  0.1676341   0.          0.        ],
  "funcao_objetivo": 0.94558517169220244035331996154173057199813040538382,
  "confiabilidade_total": 0.94558517169220244035331996154173057199813040538382
}
 
Individuo 13:
{
  "Posicao": [7. 3. 9. 9. 9.]
             [3. 3. 1. 2. 1.],
  "Velocidade": [-0.31703351 -2.9717189   3.96229186  3.80377511  4.79434807]
                [0.99057297 0.99057297 0.         0.99057297 0.        ],
  "funcao_objetivo": -0.038605799885437735200477379548651685826916496486452,
  "confiabilidade_total": 0.99876086678122859087937127944332588661418457773230
}
 
Individuo 14:
{
  "Posicao": [2. 3. 7. 8. 6.]
             [1. 2. 1. 1. 1.],
  "Velocidade": [-7.13449431 -5.41503897  2.74610852 -1.39997418 -0.78254959]
                [-2.66893045  0.          0.          0.          0.        ],
  "funcao_objetivo": 0.96848180207734126678757318117076301918649925877552,
  "confiabilidade_total": 0.96848180207734126678757318117076301918649925877552
}
 
Individuo 15:
{
  "Posicao": [5. 3. 8. 4. 0.]
             [2. 1. 1. 1. 1.],
  "Velocidade": [ -2.40995711  -4.15566516   4.15566516  -5.41906684 -10.48879078]
                [ 0.         -0.64832127  0.          0.          0.        ],
  "funcao_objetivo": 0.96797837298350011124548629061652329707889331951246,
  "confiabilidade_total": 0.96797837298350011124548629061652329707889331951246
}
 
Individuo 16:
{
  "Posicao": [5. 9. 2. 9. 6.]
             [2. 3. 1. 1. 1.],
  "Velocidade": [ 0.2095324   7.46448669 -5.59836502  5.09202059  0.1047662 ]
                [0.         1.86612167 0.         0.         0.        ],
  "funcao_objetivo": 0.64205760318966520780902077383819108491790505259155,
  "confiabilidade_total": 0.99387426985633167994981055251576311549198838083862
}
 
Individuo 17:
{
  "Posicao": [9. 9. 4. 8. 6.]
             [3. 3. 2. 1. 1.],
  "Velocidade": [ 2.99690464  2.97050644 -1.18292294 -0.57826237 -0.57826237]
                [1.18292294 1.18292294 1.18292294 0.         0.        ],
  "funcao_objetivo": -0.21163180213822441428986428102881683007594776072886,
  "confiabilidade_total": 0.99843486452844243155199558647644670709255504688832
}
 
Individuo 18:
{
  "Posicao": [9. 6. 5. 9. 9.]
             [3. 3. 1. 2. 1.],
  "Velocidade": [3.84600473 0.         0.         1.28200158 2.56400315]
                [0.64100079 0.64100079 0.         0.64100079 0.        ],
  "funcao_objetivo": -0.086842783784765394968619770155744404612198813643281,
  "confiabilidade_total": 0.99850721621523453095730002685381121832309629133719
}
 
Individuo 19:
{
  "Posicao": [6. 6. 5. 9. 9.]
             [3. 3. 2. 1. 1.],
  "Velocidade": [-1.35293047  0.          0.          7.01220653  3.37855985]
                [1.18287258 1.18287258 1.18287258 0.         0.        ],
  "funcao_objetivo": 0.14120489622515306410619122166593366012087305648160,
  "confiabilidade_total": 0.99873822955848626720296227963757042482605417830778
}
 
Individuo 20:
{
  "Posicao": [6. 4. 4. 8. 6.]
             [3. 2. 1. 2. 1.],
  "Velocidade": [-0.06357603 -2.51171832 -0.61203557 -1.28764717 -1.28764717]
                [0.61203557 0.         0.         0.61203557 0.        ],
  "funcao_objetivo": 0.31068558026320739423920904775692781115898040566252,
  "confiabilidade_total": 0.99776891359654080121733634789231165925988105568694
}
 
Individuo 21:
{
  "Posicao": [7. 4. 4. 6. 7.]
             [1. 2. 1. 1. 1.],
  "Velocidade": [-0.634967   -0.07545594 -0.32512883 -0.84290472  0.38215468]
                [-0.57480173  0.          0.          0.          0.        ],
  "funcao_objetivo": 0.96409548499912911866260041336197495291113150303755,
  "confiabilidade_total": 0.96409548499912911866260041336197495291113150303755
}
 
Individuo 22:
{
  "Posicao": [5. 5. 5. 8. 6.]
             [2. 2. 1. 1. 1.],
  "Velocidade": [-2.01348333 -1.67477544  0.         -0.82772612 -1.09624944]
                [0.         0.08950777 0.         0.         0.        ],
  "funcao_objetivo": 0.98856293963623888472246873551573889023716753798232,
  "confiabilidade_total": 0.98856293963623888472246873551573889023716753798232
}
 
Individuo 23:
{
  "Posicao": [3. 0. 9. 6. 4.]
             [1. 2. 1. 1. 2.],
  "Velocidade": [-3.60452363 -9.02630636  7.01087039 -2.8099798  -2.8099798 ]
                [-1.00771798  0.          0.          0.          1.00771798],
  "funcao_objetivo": 0.70571227847542398007789833403290108132291196625891,
  "confiabilidade_total": 0.96861227847542400263763019441608198273110746186438
}
 
Individuo 24:
{
  "Posicao": [5. 3. 5. 7. 5.]
             [2. 2. 1. 1. 1.],
  "Velocidade": [-1.05051074  0.68888772 -0.66423411 -0.68515049  0.64331773]
                [ 0.66423411  0.66423411  0.         -0.66423411  0.        ],
  "funcao_objetivo": 0.98979476743940179596085327341394393150446117551490,
  "confiabilidade_total": 0.98979476743940179596085327341394393150446117551490
}
 
Individuo 25:
{
  "Posicao": [3. 5. 6. 8. 6.]
             [3. 3. 1. 1. 1.],
  "Velocidade": [-2.77671034  0.13347332  1.85860074 -1.45509183  2.52905629]
                [ 1.85860074  1.85860074  0.         -1.85860074  0.        ],
  "funcao_objetivo": 0.57153322966065182194887032836643299120669008224699,
  "confiabilidade_total": 0.99829989632731872009333688596282114773248077362273
}
 
Individuo 26:
{
  "Posicao": [6. 5. 3. 9. 6.]
             [2. 3. 1. 1. 2.],
  "Velocidade": [-1.2404214  -0.71789657 -2.77390042  2.15368972 -1.33810727]
                [0.         0.71789657 0.         0.         0.71789657],
  "funcao_objetivo": 0.51909224105393084023704020899815010836320644918489,
  "confiabilidade_total": 0.99447557438726398424774189641895579172271019521760
}
 
Individuo 27:
{
  "Posicao": [6. 5. 8. 7. 5.]
             [1. 2. 1. 1. 2.],
  "Velocidade": [-0.63733065 -0.60310317  3.89709393 -1.52487167 -1.52487167]
                [-0.60310317  0.          0.          0.          1.20620635],
  "funcao_objetivo": 0.96407295700566919277220852324854139511388493507016,
  "confiabilidade_total": 0.96407295700566919277220852324854139511388493507016
}
 
Individuo 28:
{
  "Posicao": [5. 3. 7. 9. 6.]
             [1. 2. 1. 1. 1.],
  "Velocidade": [-3.06740219 -6.05884782  4.06073588 -0.3733651  -0.50238912]
                [-2.06262395  0.          0.          0.          0.        ],
  "funcao_objetivo": 0.96150920877837118365091196157106750016460286205675,
  "confiabilidade_total": 0.96150920877837118365091196157106750016460286205675
}
 
Individuo 29:
{
  "Posicao": [7. 4. 6. 4. 8.]
             [1. 1. 1. 2. 1.],
  "Velocidade": [-0.03288665  0.2576229  -0.12881145 -1.48848837 -0.14525478]
                [ 0.12881145  0.12881145  0.         -0.12881145  0.        ],
  "funcao_objetivo": 0.96246257966036149094034264356093681505064705555605,
  "confiabilidade_total": 0.96246257966036149094034264356093681505064705555605
}
 
Individuo 30:
{
  "Posicao": [8. 1. 5. 7. 2.]
             [2. 2. 1. 1. 1.],
  "Velocidade": [ 0.11506858 -1.78388671  0.         -0.83440907 -2.02366687]
                [0.73258594 0.         0.         0.         0.        ],
  "funcao_objetivo": 0.99088643574029109058382338019654584769274315495085,
  "confiabilidade_total": 0.99088643574029109058382338019654584769274315495085
}
 
Individuo 31:
{
  "Posicao": [7. 7. 4. 9. 9.]
             [2. 3. 1. 1. 1.],
  "Velocidade": [ 0.49786412  0.8389528  -0.8389528   1.08788486  4.19476402]
                [0.        0.8389528 0.        0.        0.       ],
  "funcao_objetivo": 0.66083041060884899491742068300294753800900084908811,
  "confiabilidade_total": 0.99336374394218191213176289999677514362902743752806
}
 
Individuo 32:
{
  "Posicao": [6. 8. 5. 9. 5.]
             [3. 3. 1. 2. 1.],
  "Velocidade": [-1.34280451  1.94545824  0.          2.73314967 -2.13049593]
                [0.97272912 0.97272912 0.         0.97272912 0.        ],
  "funcao_objetivo": 0.24784584307275972978033280270830716726159900460626,
  "confiabilidade_total": 0.99877917640609301583296826067164063242053836617853
}
 
Individuo 33:
{
  "Posicao": [3. 5. 4. 9. 9.]
             [2. 3. 1. 1. 1.],
  "Velocidade": [-3.3854995  -0.07471526 -0.07471526  1.44569966  1.59513018]
                [0.         1.03369726 0.         0.         0.        ],
  "funcao_objetivo": 0.70728175768066657550801209779137055304312742875566,
  "confiabilidade_total": 0.99454842434733318321813541344680773474687374757280
}
 
Individuo 34:
{
  "Posicao": [6. 6. 5. 9. 5.]
             [2. 3. 1. 1. 1.],
  "Velocidade": [-0.55465475  0.          0.         -0.27732738 -2.26730714]
                [0.         0.99498988 0.         0.         0.        ],
  "funcao_objetivo": 0.75757776220694965219153182710021922564261026372424,
  "confiabilidade_total": 0.99326109554028289824491337599033470785139493336192
}
 
Individuo 35:
{
  "Posicao": [7. 7. 6. 8. 6.]
             [1. 1. 1. 2. 1.],
  "Velocidade": [-0.69434924 -0.91945327 -0.36189368  0.1956659   0.75322549]
                [ 0.36189368  0.36189368  0.         -0.36189368  0.        ],
  "funcao_objetivo": 0.96071961269146039520320639144052409937406448553621,
  "confiabilidade_total": 0.96071961269146039520320639144052409937406448553621
}
 
Individuo 36:
{
  "Posicao": [4. 9. 1. 8. 3.]
             [2. 1. 1. 1. 1.],
  "Velocidade": [-4.02750278  5.46742503 -5.62512361 -0.64689513 -6.27201874]
                [ 0.         -2.73371252  0.          0.          0.        ],
  "funcao_objetivo": 0.95386177128087424816548308115755017772438992006176,
  "confiabilidade_total": 0.96002843794754075348667572953870686453423518878811
}
 
Individuo 37:
{
  "Posicao": [1. 3. 7. 8. 2.]
             [2. 2. 1. 1. 1.],
  "Velocidade": [-8.02808365 -5.32444219  2.65817039 -1.31941505 -6.6681615 ]
                [0.00810142 0.00810142 0.         0.         0.        ],
  "funcao_objetivo": 0.89255808925011804605990291101267115969372632323974,
  "confiabilidade_total": 0.99222475591678478274463499737254364241076352416747
}
 
Individuo 38:
{
  "Posicao": [5. 6. 5. 9. 6.]
             [2. 2. 1. 1. 1.],
  "Velocidade": [ 3.43637079 -2.25155653 -3.37733479  9.03574411 -1.09626026]
                [ 1.12577826  1.12577826  0.          0.         -2.25155653],
  "funcao_objetivo": 0.96606828891119999574639785527971985645230058130625,
  "confiabilidade_total": 0.98823495557786663237227984729735913348953369554880
}
 
Individuo 39:
{
  "Posicao": [8. 7. 7. 9. 9.]
             [3. 3. 1. 1. 1.],
  "Velocidade": [3.26958394 0.65391679 3.10213875 3.75605554 5.06388911]
                [0.65391679 0.65391679 0.         0.         0.        ],
  "funcao_objetivo": 0.50487077829984998565275809008565385569141595883612,
  "confiabilidade_total": 0.99777077829984976840431663143502202559517114682440
}
 
Individuo 40:
{
  "Posicao": [5. 6. 5. 8. 6.]
             [2. 2. 1. 1. 1.],
  "Velocidade": [3.0518616  0.         0.91682097 2.87888265 1.08979993]
                [ 0.91682097  0.91682097  0.          0.         -0.91682097],
  "funcao_objetivo": 0.98855585837559913500281520151388819743147721361118,
  "confiabilidade_total": 0.98855585837559913500281520151388819743147721361118
}
 
Individuo 41:
{
  "Posicao": [6. 6. 5. 8. 6.]
             [2. 2. 1. 1. 1.],
  "Velocidade": [-0.02767742  3.60833029 -1.80416515  2.84129861  0.49763292]
                [ 0.7812219  0.7812219  0.         0.        -0.7812219],
  "funcao_objetivo": 0.91013233921416581937910569894428124131262187124837,
  "confiabilidade_total": 0.98854900588083245392331951978975200505554560782064
}
 
Individuo 42:
{
  "Posicao": [5. 6. 5. 9. 6.]
             [2. 2. 1. 1. 1.],
  "Velocidade": [ 0.03568967 -0.7716637   3.01361148  2.6091028  -0.33146535]
                [1.47028407 1.47028407 0.         0.         0.        ],
  "funcao_objetivo": 0.96606828891119999574639785527971985645230058130625,
  "confiabilidade_total": 0.98823495557786663237227984729735913348953369554880
}
 
Individuo 43:
{
  "Posicao": [6. 8. 6. 9. 9.]
             [3. 3. 1. 1. 2.],
  "Velocidade": [-1.42624217  1.96926688  0.98463344  1.74846251  5.68699626]
                [0.98463344 0.98463344 0.         0.         0.98463344],
  "funcao_objetivo": 0.076962493752357790177059588325132584765968593453721,
  "confiabilidade_total": 0.99804582708569098865530286385611814130884197602208
}
 
Individuo 44:
{
  "Posicao": [4. 9. 8. 9. 8.]
             [3. 3. 1. 1. 1.],
  "Velocidade": [-2.54478616  4.79451581  2.64159204 -0.3918624   1.36919896]
                [0.88053068 0.88053068 0.         0.         0.        ],
  "funcao_objetivo": 0.14756035742239306821329402083731796849096434276967,
  "confiabilidade_total": 0.99777702408905968881310665239082258451307432812123
}
 
Individuo 45:
{
  "Posicao": [6. 5. 6. 9. 6.]
             [1. 1. 1. 1. 1.],
  "Velocidade": [-2.6627416  -1.52523737  3.91079497 -0.47105057 -1.99628794]
                [-1.52523737 -1.52523737  0.          0.          0.        ],
  "funcao_objetivo": 0.93285265179550959326903854264602150427053612288645,
  "confiabilidade_total": 0.93285265179550959326903854264602150427053612288645
}
 
Individuo 46:
{
  "Posicao": [9. 6. 1. 9. 6.]
             [3. 3. 1. 1. 1.],
  "Velocidade": [ 1.85881141  0.         -4.23390287  7.28026    -1.18754573]
                [1.05847572 1.05847572 0.         0.         0.        ],
  "funcao_objetivo": 0.21221727874684127274036827344120801295336593908490,
  "confiabilidade_total": 0.99795061208017466741722446072985739316042770666303
}
 
Individuo 47:
{
  "Posicao": [4. 4. 2. 9. 9.]
             [3. 3. 1. 1. 1.],
  "Velocidade": [-3.20850271 -1.9768375  -2.96525624  4.32626113  4.32626113]
                [0.98841875 0.98841875 0.         0.         0.        ],
  "funcao_objetivo": 0.021675813533963155661678691575314962688143895471117,
  "confiabilidade_total": 0.99852581353396276317563502608997479212587659200432
}
 
Individuo 48:
{
  "Posicao": [6. 4. 0. 9. 6.]
             [3. 3. 1. 1. 2.],
  "Velocidade": [-1.22781543 -2.46176437 -4.30962102  3.07873883 -0.61390771]
                [1.23088218 1.23088218 0.         0.         1.23088218],
  "funcao_objetivo": -0.13026041398523641909188958641071799479639413921595,
  "confiabilidade_total": 0.99868958601476358996753029453055937506044027240515
}
 
Individuo 49:
{
  "Posicao": [7. 6. 9. 8. 0.]
             [1. 1. 1. 1. 2.],
  "Velocidade": [ -0.38983709   0.           8.63895661  -1.36812179 -11.57134939]
                [-0.78213549 -0.78213549  0.          0.          0.78213549],
  "funcao_objetivo": 0.93778050786229985360027043244090637713319360395853,
  "confiabilidade_total": 0.93778050786229985360027043244090637713319360395853
}
 
Individuo 50:
{
  "Posicao": [5. 6. 5. 8. 6.]
             [2. 2. 1. 1. 1.],
  "Velocidade": [-2.65046642  2.20218345  0.          1.49277698  1.49277698]
                [0.97052998 0.97052998 0.         0.         0.        ],
  "funcao_objetivo": 0.98855585837559913500281520151388819743147721361118,
  "confiabilidade_total": 0.98855585837559913500281520151388819743147721361118
}
 
-----------------------------------------
-----------------------------------------
-----------------------------------------
-----------------------------------------
GERACAO 3
Populacao antes da execucao:
Individuo 1:
{
  "Posicao": [7. 6. 5. 9. 7.]
             [2. 2. 1. 1. 1.],
  "Velocidade": [-0.02619545  0.          0.         -0.01309772 -0.01309772]
                [0. 0. 0. 0. 0.],
  "funcao_objetivo": 0.98807886458809795502505637622984962228162798428433,
  "confiabilidade_total": 0.98807886458809795502505637622984962228162798428433
}
 
Individuo 2:
{
  "Posicao": [2. 7. 5. 8. 7.]
             [2. 1. 1. 2. 1.],
  "Velocidade": [-7.06034815  0.51003912  0.         -0.62658994  0.39348829]
                [ 0.         -0.51003912  0.          0.51003912  0.        ],
  "funcao_objetivo": 0.98650186539928571783137774738146513624725223788411,
  "confiabilidade_total": 0.98650186539928571783137774738146513624725223788411
}
 
Individuo 3:
{
  "Posicao": [4. 5. 5. 9. 7.]
             [2. 2. 1. 1. 1.],
  "Velocidade": [-3.63500284 -2.55424451  1.27712226  3.92954873  5.20667099]
                [ 0.          1.27712226  0.         -1.27712226  0.        ],
  "funcao_objetivo": 0.95360743146453733158748288106244126694088319497290,
  "confiabilidade_total": 0.98902409813120411529016006029769323659872153954687
}
 
Individuo 4:
{
  "Posicao": [6. 8. 2. 9. 9.]
             [2. 3. 1. 2. 1.],
  "Velocidade": [-0.59045717  2.16564654 -3.24846981  0.78759468  1.87041795]
                [0.         1.08282327 0.         1.08282327 0.        ],
  "funcao_objetivo": 0.37119749109374893213358411400292615401765824905499,
  "confiabilidade_total": 0.99553082442708206133391065292414358812591554275616
}
 
Individuo 5:
{
  "Posicao": [9. 9. 9. 9. 7.]
             [3. 2. 1. 1. 1.],
  "Velocidade": [ 0.93485535  3.72911752  3.72911752  3.97042051 -0.05524319]
                [1.3418879 0.        0.        0.        0.       ],
  "funcao_objetivo": 0.40549166628298365418242328860366082850691568084742,
  "confiabilidade_total": 0.99102499961631683773926911317254248175617944427515
}
 
Individuo 6:
{
  "Posicao": [4. 0. 0. 5. 2.]
             [1. 1. 2. 1. 1.],
  "Velocidade": [ -3.46887954 -11.18283853  -9.77319642  -4.20131346  -6.26862745]
                [-0.70482105 -0.70482105  0.70482105  0.          0.        ],
  "funcao_objetivo": 0.95936135903039720667912332978083520798629261951086,
  "confiabilidade_total": 0.97619469236373062550888141778976512510946132640478
}
 
Individuo 7:
{
  "Posicao": [6. 9. 4. 8. 6.]
             [2. 2. 2. 1. 1.],
  "Velocidade": [-2.41779375 -0.3960817   0.56088091 -0.84605681 -0.84605681]
                [ 0.         -0.72568012  0.89047933  0.          0.        ],
  "funcao_objetivo": 0.52618174848563905928163798279818272347725162597455,
  "confiabilidade_total": 0.99204841515230568267921263640708182136691341491498
}
 
Individuo 8:
{
  "Posicao": [3. 9. 3. 8. 9.]
             [2. 3. 2. 1. 1.],
  "Velocidade": [-3.59688483  4.16602646 -3.48957388 -0.78376353  4.84247905]
                [0.         0.67645259 0.67645259 0.         0.        ],
  "funcao_objetivo": 0.19967559405317743670766706635962347533512958277369,
  "confiabilidade_total": 0.99747559405317716830014863298177826251793750513697
}
 
Individuo 9:
{
  "Posicao": [5. 6. 2. 6. 3.]
             [2. 2. 1. 1. 1.],
  "Velocidade": [ 0.41090161 -0.74157904  0.30917966 -0.96852761  1.25620951]
                [ 0.74157904  0.          0.          0.         -0.74157904],
  "funcao_objetivo": 0.86999032940909031572119724663573720198807402871397,
  "confiabilidade_total": 0.98999032940909036679145637939293806147513076089170
}
 
Individuo 10:
{
  "Posicao": [9. 6. 9. 9. 7.]
             [3. 3. 2. 1. 1.],
  "Velocidade": [ 2.42447593  0.          4.04024939  8.56506766 -0.48456888]
                [1.13120457 1.13120457 1.13120457 0.         0.        ],
  "funcao_objetivo": -0.12721042579865057395382264114540547946834133515708,
  "confiabilidade_total": 0.99860624086801622481458098225322074373817874540933
}
 
Individuo 11:
{
  "Posicao": [5. 6. 8. 9. 5.]
             [2. 3. 1. 1. 1.],
  "Velocidade": [-2.17359414  0.          2.62814933  7.88444798 -1.96284685]
                [0.         0.87604978 0.         0.         0.        ],
  "funcao_objetivo": 0.84937872004091710433362817107607469976545781146128,
  "confiabilidade_total": 0.99304538670758385234263510861254389480353802691538
}
 
Individuo 12:
{
  "Posicao": [6. 1. 3. 8. 6.]
             [1. 1. 1. 1. 1.],
  "Velocidade": [-0.01017922 -8.14557588 -2.88282606 -0.94360033 -1.44650264]
                [-2.88282606 -2.88282606  0.1676341   0.          0.        ],
  "funcao_objetivo": 0.94558517169220244035331996154173057199813040538382,
  "confiabilidade_total": 0.94558517169220244035331996154173057199813040538382
}
 
Individuo 13:
{
  "Posicao": [7. 3. 9. 9. 9.]
             [3. 3. 1. 2. 1.],
  "Velocidade": [-0.31703351 -2.9717189   3.96229186  3.80377511  4.79434807]
                [0.99057297 0.99057297 0.         0.99057297 0.        ],
  "funcao_objetivo": -0.038605799885437735200477379548651685826916496486452,
  "confiabilidade_total": 0.99876086678122859087937127944332588661418457773230
}
 
Individuo 14:
{
  "Posicao": [2. 3. 7. 8. 6.]
             [1. 2. 1. 1. 1.],
  "Velocidade": [-7.13449431 -5.41503897  2.74610852 -1.39997418 -0.78254959]
                [-2.66893045  0.          0.          0.          0.        ],
  "funcao_objetivo": 0.96848180207734126678757318117076301918649925877552,
  "confiabilidade_total": 0.96848180207734126678757318117076301918649925877552
}
 
Individuo 15:
{
  "Posicao": [5. 3. 8. 4. 0.]
             [2. 1. 1. 1. 1.],
  "Velocidade": [ -2.40995711  -4.15566516   4.15566516  -5.41906684 -10.48879078]
                [ 0.         -0.64832127  0.          0.          0.        ],
  "funcao_objetivo": 0.96797837298350011124548629061652329707889331951246,
  "confiabilidade_total": 0.96797837298350011124548629061652329707889331951246
}
 
Individuo 16:
{
  "Posicao": [5. 9. 2. 9. 6.]
             [2. 3. 1. 1. 1.],
  "Velocidade": [ 0.2095324   7.46448669 -5.59836502  5.09202059  0.1047662 ]
                [0.         1.86612167 0.         0.         0.        ],
  "funcao_objetivo": 0.64205760318966520780902077383819108491790505259155,
  "confiabilidade_total": 0.99387426985633167994981055251576311549198838083862
}
 
Individuo 17:
{
  "Posicao": [9. 9. 4. 8. 6.]
             [3. 3. 2. 1. 1.],
  "Velocidade": [ 2.99690464  2.97050644 -1.18292294 -0.57826237 -0.57826237]
                [1.18292294 1.18292294 1.18292294 0.         0.        ],
  "funcao_objetivo": -0.21163180213822441428986428102881683007594776072886,
  "confiabilidade_total": 0.99843486452844243155199558647644670709255504688832
}
 
Individuo 18:
{
  "Posicao": [9. 6. 5. 9. 9.]
             [3. 3. 1. 2. 1.],
  "Velocidade": [3.84600473 0.         0.         1.28200158 2.56400315]
                [0.64100079 0.64100079 0.         0.64100079 0.        ],
  "funcao_objetivo": -0.086842783784765394968619770155744404612198813643281,
  "confiabilidade_total": 0.99850721621523453095730002685381121832309629133719
}
 
Individuo 19:
{
  "Posicao": [6. 6. 5. 9. 9.]
             [3. 3. 2. 1. 1.],
  "Velocidade": [-1.35293047  0.          0.          7.01220653  3.37855985]
                [1.18287258 1.18287258 1.18287258 0.         0.        ],
  "funcao_objetivo": 0.14120489622515306410619122166593366012087305648160,
  "confiabilidade_total": 0.99873822955848626720296227963757042482605417830778
}
 
Individuo 20:
{
  "Posicao": [6. 4. 4. 8. 6.]
             [3. 2. 1. 2. 1.],
  "Velocidade": [-0.06357603 -2.51171832 -0.61203557 -1.28764717 -1.28764717]
                [0.61203557 0.         0.         0.61203557 0.        ],
  "funcao_objetivo": 0.31068558026320739423920904775692781115898040566252,
  "confiabilidade_total": 0.99776891359654080121733634789231165925988105568694
}
 
Individuo 21:
{
  "Posicao": [7. 4. 4. 6. 7.]
             [1. 2. 1. 1. 1.],
  "Velocidade": [-0.634967   -0.07545594 -0.32512883 -0.84290472  0.38215468]
                [-0.57480173  0.          0.          0.          0.        ],
  "funcao_objetivo": 0.96409548499912911866260041336197495291113150303755,
  "confiabilidade_total": 0.96409548499912911866260041336197495291113150303755
}
 
Individuo 22:
{
  "Posicao": [5. 5. 5. 8. 6.]
             [2. 2. 1. 1. 1.],
  "Velocidade": [-2.01348333 -1.67477544  0.         -0.82772612 -1.09624944]
                [0.         0.08950777 0.         0.         0.        ],
  "funcao_objetivo": 0.98856293963623888472246873551573889023716753798232,
  "confiabilidade_total": 0.98856293963623888472246873551573889023716753798232
}
 
Individuo 23:
{
  "Posicao": [3. 0. 9. 6. 4.]
             [1. 2. 1. 1. 2.],
  "Velocidade": [-3.60452363 -9.02630636  7.01087039 -2.8099798  -2.8099798 ]
                [-1.00771798  0.          0.          0.          1.00771798],
  "funcao_objetivo": 0.70571227847542398007789833403290108132291196625891,
  "confiabilidade_total": 0.96861227847542400263763019441608198273110746186438
}
 
Individuo 24:
{
  "Posicao": [5. 3. 5. 7. 5.]
             [2. 2. 1. 1. 1.],
  "Velocidade": [-1.05051074  0.68888772 -0.66423411 -0.68515049  0.64331773]
                [ 0.66423411  0.66423411  0.         -0.66423411  0.        ],
  "funcao_objetivo": 0.98979476743940179596085327341394393150446117551490,
  "confiabilidade_total": 0.98979476743940179596085327341394393150446117551490
}
 
Individuo 25:
{
  "Posicao": [3. 5. 6. 8. 6.]
             [3. 3. 1. 1. 1.],
  "Velocidade": [-2.77671034  0.13347332  1.85860074 -1.45509183  2.52905629]
                [ 1.85860074  1.85860074  0.         -1.85860074  0.        ],
  "funcao_objetivo": 0.57153322966065182194887032836643299120669008224699,
  "confiabilidade_total": 0.99829989632731872009333688596282114773248077362273
}
 
Individuo 26:
{
  "Posicao": [6. 5. 3. 9. 6.]
             [2. 3. 1. 1. 2.],
  "Velocidade": [-1.2404214  -0.71789657 -2.77390042  2.15368972 -1.33810727]
                [0.         0.71789657 0.         0.         0.71789657],
  "funcao_objetivo": 0.51909224105393084023704020899815010836320644918489,
  "confiabilidade_total": 0.99447557438726398424774189641895579172271019521760
}
 
Individuo 27:
{
  "Posicao": [6. 5. 8. 7. 5.]
             [1. 2. 1. 1. 2.],
  "Velocidade": [-0.63733065 -0.60310317  3.89709393 -1.52487167 -1.52487167]
                [-0.60310317  0.          0.          0.          1.20620635],
  "funcao_objetivo": 0.96407295700566919277220852324854139511388493507016,
  "confiabilidade_total": 0.96407295700566919277220852324854139511388493507016
}
 
Individuo 28:
{
  "Posicao": [5. 3. 7. 9. 6.]
             [1. 2. 1. 1. 1.],
  "Velocidade": [-3.06740219 -6.05884782  4.06073588 -0.3733651  -0.50238912]
                [-2.06262395  0.          0.          0.          0.        ],
  "funcao_objetivo": 0.96150920877837118365091196157106750016460286205675,
  "confiabilidade_total": 0.96150920877837118365091196157106750016460286205675
}
 
Individuo 29:
{
  "Posicao": [7. 4. 6. 4. 8.]
             [1. 1. 1. 2. 1.],
  "Velocidade": [-0.03288665  0.2576229  -0.12881145 -1.48848837 -0.14525478]
                [ 0.12881145  0.12881145  0.         -0.12881145  0.        ],
  "funcao_objetivo": 0.96246257966036149094034264356093681505064705555605,
  "confiabilidade_total": 0.96246257966036149094034264356093681505064705555605
}
 
Individuo 30:
{
  "Posicao": [8. 1. 5. 7. 2.]
             [2. 2. 1. 1. 1.],
  "Velocidade": [ 0.11506858 -1.78388671  0.         -0.83440907 -2.02366687]
                [0.73258594 0.         0.         0.         0.        ],
  "funcao_objetivo": 0.99088643574029109058382338019654584769274315495085,
  "confiabilidade_total": 0.99088643574029109058382338019654584769274315495085
}
 
Individuo 31:
{
  "Posicao": [7. 7. 4. 9. 9.]
             [2. 3. 1. 1. 1.],
  "Velocidade": [ 0.49786412  0.8389528  -0.8389528   1.08788486  4.19476402]
                [0.        0.8389528 0.        0.        0.       ],
  "funcao_objetivo": 0.66083041060884899491742068300294753800900084908811,
  "confiabilidade_total": 0.99336374394218191213176289999677514362902743752806
}
 
Individuo 32:
{
  "Posicao": [6. 8. 5. 9. 5.]
             [3. 3. 1. 2. 1.],
  "Velocidade": [-1.34280451  1.94545824  0.          2.73314967 -2.13049593]
                [0.97272912 0.97272912 0.         0.97272912 0.        ],
  "funcao_objetivo": 0.24784584307275972978033280270830716726159900460626,
  "confiabilidade_total": 0.99877917640609301583296826067164063242053836617853
}
 
Individuo 33:
{
  "Posicao": [3. 5. 4. 9. 9.]
             [2. 3. 1. 1. 1.],
  "Velocidade": [-3.3854995  -0.07471526 -0.07471526  1.44569966  1.59513018]
                [0.         1.03369726 0.         0.         0.        ],
  "funcao_objetivo": 0.70728175768066657550801209779137055304312742875566,
  "confiabilidade_total": 0.99454842434733318321813541344680773474687374757280
}
 
Individuo 34:
{
  "Posicao": [6. 6. 5. 9. 5.]
             [2. 3. 1. 1. 1.],
  "Velocidade": [-0.55465475  0.          0.         -0.27732738 -2.26730714]
                [0.         0.99498988 0.         0.         0.        ],
  "funcao_objetivo": 0.75757776220694965219153182710021922564261026372424,
  "confiabilidade_total": 0.99326109554028289824491337599033470785139493336192
}
 
Individuo 35:
{
  "Posicao": [7. 7. 6. 8. 6.]
             [1. 1. 1. 2. 1.],
  "Velocidade": [-0.69434924 -0.91945327 -0.36189368  0.1956659   0.75322549]
                [ 0.36189368  0.36189368  0.         -0.36189368  0.        ],
  "funcao_objetivo": 0.96071961269146039520320639144052409937406448553621,
  "confiabilidade_total": 0.96071961269146039520320639144052409937406448553621
}
 
Individuo 36:
{
  "Posicao": [4. 9. 1. 8. 3.]
             [2. 1. 1. 1. 1.],
  "Velocidade": [-4.02750278  5.46742503 -5.62512361 -0.64689513 -6.27201874]
                [ 0.         -2.73371252  0.          0.          0.        ],
  "funcao_objetivo": 0.95386177128087424816548308115755017772438992006176,
  "confiabilidade_total": 0.96002843794754075348667572953870686453423518878811
}
 
Individuo 37:
{
  "Posicao": [1. 3. 7. 8. 2.]
             [2. 2. 1. 1. 1.],
  "Velocidade": [-8.02808365 -5.32444219  2.65817039 -1.31941505 -6.6681615 ]
                [0.00810142 0.00810142 0.         0.         0.        ],
  "funcao_objetivo": 0.89255808925011804605990291101267115969372632323974,
  "confiabilidade_total": 0.99222475591678478274463499737254364241076352416747
}
 
Individuo 38:
{
  "Posicao": [5. 6. 5. 9. 6.]
             [2. 2. 1. 1. 1.],
  "Velocidade": [ 3.43637079 -2.25155653 -3.37733479  9.03574411 -1.09626026]
                [ 1.12577826  1.12577826  0.          0.         -2.25155653],
  "funcao_objetivo": 0.96606828891119999574639785527971985645230058130625,
  "confiabilidade_total": 0.98823495557786663237227984729735913348953369554880
}
 
Individuo 39:
{
  "Posicao": [8. 7. 7. 9. 9.]
             [3. 3. 1. 1. 1.],
  "Velocidade": [3.26958394 0.65391679 3.10213875 3.75605554 5.06388911]
                [0.65391679 0.65391679 0.         0.         0.        ],
  "funcao_objetivo": 0.50487077829984998565275809008565385569141595883612,
  "confiabilidade_total": 0.99777077829984976840431663143502202559517114682440
}
 
Individuo 40:
{
  "Posicao": [5. 6. 5. 8. 6.]
             [2. 2. 1. 1. 1.],
  "Velocidade": [3.0518616  0.         0.91682097 2.87888265 1.08979993]
                [ 0.91682097  0.91682097  0.          0.         -0.91682097],
  "funcao_objetivo": 0.98855585837559913500281520151388819743147721361118,
  "confiabilidade_total": 0.98855585837559913500281520151388819743147721361118
}
 
Individuo 41:
{
  "Posicao": [6. 6. 5. 8. 6.]
             [2. 2. 1. 1. 1.],
  "Velocidade": [-0.02767742  3.60833029 -1.80416515  2.84129861  0.49763292]
                [ 0.7812219  0.7812219  0.         0.        -0.7812219],
  "funcao_objetivo": 0.91013233921416581937910569894428124131262187124837,
  "confiabilidade_total": 0.98854900588083245392331951978975200505554560782064
}
 
Individuo 42:
{
  "Posicao": [5. 6. 5. 9. 6.]
             [2. 2. 1. 1. 1.],
  "Velocidade": [ 0.03568967 -0.7716637   3.01361148  2.6091028  -0.33146535]
                [1.47028407 1.47028407 0.         0.         0.        ],
  "funcao_objetivo": 0.96606828891119999574639785527971985645230058130625,
  "confiabilidade_total": 0.98823495557786663237227984729735913348953369554880
}
 
Individuo 43:
{
  "Posicao": [6. 8. 6. 9. 9.]
             [3. 3. 1. 1. 2.],
  "Velocidade": [-1.42624217  1.96926688  0.98463344  1.74846251  5.68699626]
                [0.98463344 0.98463344 0.         0.         0.98463344],
  "funcao_objetivo": 0.076962493752357790177059588325132584765968593453721,
  "confiabilidade_total": 0.99804582708569098865530286385611814130884197602208
}
 
Individuo 44:
{
  "Posicao": [4. 9. 8. 9. 8.]
             [3. 3. 1. 1. 1.],
  "Velocidade": [-2.54478616  4.79451581  2.64159204 -0.3918624   1.36919896]
                [0.88053068 0.88053068 0.         0.         0.        ],
  "funcao_objetivo": 0.14756035742239306821329402083731796849096434276967,
  "confiabilidade_total": 0.99777702408905968881310665239082258451307432812123
}
 
Individuo 45:
{
  "Posicao": [6. 5. 6. 9. 6.]
             [1. 1. 1. 1. 1.],
  "Velocidade": [-2.6627416  -1.52523737  3.91079497 -0.47105057 -1.99628794]
                [-1.52523737 -1.52523737  0.          0.          0.        ],
  "funcao_objetivo": 0.93285265179550959326903854264602150427053612288645,
  "confiabilidade_total": 0.93285265179550959326903854264602150427053612288645
}
 
Individuo 46:
{
  "Posicao": [9. 6. 1. 9. 6.]
             [3. 3. 1. 1. 1.],
  "Velocidade": [ 1.85881141  0.         -4.23390287  7.28026    -1.18754573]
                [1.05847572 1.05847572 0.         0.         0.        ],
  "funcao_objetivo": 0.21221727874684127274036827344120801295336593908490,
  "confiabilidade_total": 0.99795061208017466741722446072985739316042770666303
}
 
Individuo 47:
{
  "Posicao": [4. 4. 2. 9. 9.]
             [3. 3. 1. 1. 1.],
  "Velocidade": [-3.20850271 -1.9768375  -2.96525624  4.32626113  4.32626113]
                [0.98841875 0.98841875 0.         0.         0.        ],
  "funcao_objetivo": 0.021675813533963155661678691575314962688143895471117,
  "confiabilidade_total": 0.99852581353396276317563502608997479212587659200432
}
 
Individuo 48:
{
  "Posicao": [6. 4. 0. 9. 6.]
             [3. 3. 1. 1. 2.],
  "Velocidade": [-1.22781543 -2.46176437 -4.30962102  3.07873883 -0.61390771]
                [1.23088218 1.23088218 0.         0.         1.23088218],
  "funcao_objetivo": -0.13026041398523641909188958641071799479639413921595,
  "confiabilidade_total": 0.99868958601476358996753029453055937506044027240515
}
 
Individuo 49:
{
  "Posicao": [7. 6. 9. 8. 0.]
             [1. 1. 1. 1. 2.],
  "Velocidade": [ -0.38983709   0.           8.63895661  -1.36812179 -11.57134939]
                [-0.78213549 -0.78213549  0.          0.          0.78213549],
  "funcao_objetivo": 0.93778050786229985360027043244090637713319360395853,
  "confiabilidade_total": 0.93778050786229985360027043244090637713319360395853
}
 
Individuo 50:
{
  "Posicao": [5. 6. 5. 8. 6.]
             [2. 2. 1. 1. 1.],
  "Velocidade": [-2.65046642  2.20218345  0.          1.49277698  1.49277698]
                [0.97052998 0.97052998 0.         0.         0.        ],
  "funcao_objetivo": 0.98855585837559913500281520151388819743147721361118,
  "confiabilidade_total": 0.98855585837559913500281520151388819743147721361118
}
 
-----------------------------------------
Populacao final da era:
Individuo 1:
{
  "Posicao": [9. 0. 5. 6. 0.]
             [2. 2. 1. 1. 1.],
  "Velocidade": [ 1.59319268 -8.09433417  0.         -3.25057074 -8.10717124]
                [0. 0. 0. 0. 0.],
  "funcao_objetivo": 0.82218046125046569831839767843625520054338363037582,
  "confiabilidade_total": 0.99124712791713235508927645227735990356741336212631
}
 
Individuo 2:
{
  "Posicao": [0. 6. 5. 7. 7.]
             [2. 1. 1. 2. 1.],
  "Velocidade": [-5.92329496 -0.50899537  0.         -0.78226825 -0.44274693]
                [0.         0.33174189 0.         0.33174189 0.        ],
  "funcao_objetivo": 0.98809286616329652534427796753800920394157080462587,
  "confiabilidade_total": 0.98809286616329652534427796753800920394157080462587
}
 
Individuo 3:
{
  "Posicao": [9. 4. 5. 6. 2.]
             [2. 2. 1. 1. 1.],
  "Velocidade": [ 4.57970292 -1.4354051  -0.06406093 -2.8513708  -5.07490328]
                [ 0.         -0.06406093  0.          0.06406093  0.        ],
  "funcao_objetivo": 0.80697954867371134729198870956939247104071615150633,
  "confiabilidade_total": 0.98864621534037787925159505505039889964007375648680
}
 
Individuo 4:
{
  "Posicao": [9. 0. 8. 7. 0.]
             [2. 1. 1. 1. 1.],
  "Velocidade": [  4.0110748  -11.365505     6.27702897  -2.10040606 -11.65485854]
                [ 0.         -2.09234299  0.         -2.09234299  0.        ],
  "funcao_objetivo": 0.97281746884329265097599217705392581469246955124601,
  "confiabilidade_total": 0.97281746884329265097599217705392581469246955124601
}
 
Individuo 5:
{
  "Posicao": [7. 8. 9. 9. 5.]
             [3. 2. 1. 1. 1.],
  "Velocidade": [-1.52441153 -1.13912972 -0.27661793  2.07909684 -1.82281179]
                [-0.40902818  0.          0.          0.          0.        ],
  "funcao_objetivo": 0.79471040422490409500851379412292542512031693918271,
  "confiabilidade_total": 0.99214373755823726415466475905727518367084165079159
}
 
Individuo 6:
{
  "Posicao": [9. 9. 1. 3. 2.]
             [2. 2. 1. 1. 1.],
  "Velocidade": [ 6.15065961  9.65330978  0.8824848  -1.5037268   0.33993933]
                [ 0.61619515  0.61619515 -0.61619515  0.          0.        ],
  "funcao_objetivo": 0.77664730650463548988687674881728135552198956310703,
  "confiabilidade_total": 0.98894730650463547860701081862569090481789181530430
}
 
Individuo 7:
{
  "Posicao": [4. 0. 9. 8. 4.]
             [2. 1. 2. 1. 1.],
  "Velocidade": [ -1.54474798 -11.1851137    4.71077888  -0.3045377   -1.54193521]
                [ 0.         -1.6483875   0.46029295  0.          0.        ],
  "funcao_objetivo": 0.71600284090515123600159115455519316621517607674752,
  "confiabilidade_total": 0.97860284090515134711271145904085973181223341927682
}
 
Individuo 8:
{
  "Posicao": [9. 0. 6. 7. 0.]
             [2. 1. 1. 1. 1.],
  "Velocidade": [  7.97112299 -11.55806185   2.78441749  -1.00262512  -9.51348581]
                [ 0.         -1.86572006 -1.86572006  0.          0.        ],
  "funcao_objetivo": 0.97315155532095504689807764263105509745368484707592,
  "confiabilidade_total": 0.97315155532095504689807764263105509745368484707592
}
 
Individuo 9:
{
  "Posicao": [9. 0. 5. 6. 2.]
             [2. 2. 1. 1. 1.],
  "Velocidade": [ 4.27089572 -6.46786514  3.46528981  0.34013643 -1.46999586]
                [0.02091339 0.         0.         0.         0.02091339],
  "funcao_objetivo": 0.86739943402785005038588135817807993717414100597329,
  "confiabilidade_total": 0.99106610069451673899795647826867421954792697856850
}
 
Individuo 10:
{
  "Posicao": [9. 6. 9. 9. 6.]
             [2. 2. 3. 1. 1.],
  "Velocidade": [ 1.47411242 -0.37386357  2.41974197  8.24507738 -0.84878953]
                [-0.62024902 -0.62024902  0.62024902  0.          0.        ],
  "funcao_objetivo": 0.13369775513293901098890364391829355828821317131171,
  "confiabilidade_total": 0.99319775513293905273328936982417947821676389152655
}
 
Individuo 11:
{
  "Posicao": [6. 3. 7. 9. 2.]
             [2. 3. 1. 1. 1.],
  "Velocidade": [ 0.87197105 -3.30444907 -0.93628213  5.89594723 -2.88681441]
                [ 0.         -0.31209404  0.          0.          0.        ],
  "funcao_objetivo": 0.61747764349878225505712776458036789057386314816968,
  "confiabilidade_total": 0.99364431016544868568112753740021109200624024816052
}
 
Individuo 12:
{
  "Posicao": [9. 0. 3. 3. 6.]
             [3. 3. 3. 1. 1.],
  "Velocidade": [  4.62014301 -10.12364721  -0.33550645  -5.3800508    0.02288488]
                [2.65056628 2.65056628 2.30446647 0.         0.        ],
  "funcao_objetivo": -0.49246443972737370399322680050266309912086796479502,
  "confiabilidade_total": 0.99960222693929294822573757237529978816627192778310
}
 
Individuo 13:
{
  "Posicao": [8. 2. 0. 9. 0.]
             [1. 1. 1. 1. 1.],
  "Velocidade": [ 1.09933035 -0.53496347 -8.68708134  0.90797019 -8.63659572]
                [-2.17177033 -2.17177033  0.         -2.17177033  0.        ],
  "funcao_objetivo": 0.95142103972405754135413212290798255357579712299319,
  "confiabilidade_total": 0.95142103972405754135413212290798255357579712299319
}
 
Individuo 14:
{
  "Posicao": [0. 0. 9. 0. 5.]
             [3. 2. 1. 1. 1.],
  "Velocidade": [ -3.85176287  -6.35419803   1.64454263 -12.57525309  -1.33514506]
                [2.09235957 0.         0.         0.         0.        ],
  "funcao_objetivo": 0.46082386165008315634424540279569820007389784519124,
  "confiabilidade_total": 0.99809052831674977099326262235836375942534208957601
}
 
Individuo 15:
{
  "Posicao": [7. 0. 8. 0. 7.]
             [2. 1. 1. 1. 1.],
  "Velocidade": [ 1.84353717 -4.24337129 -0.13256871 -5.84560767  6.94971571]
                [0.         0.23976832 0.         0.         0.        ],
  "funcao_objetivo": 0.97953293859735658583073323703116536689598079617875,
  "confiabilidade_total": 0.97953293859735658583073323703116536689598079617875
}
 
Individuo 16:
{
  "Posicao": [8. 0. 9. 4. 2.]
             [2. 1. 1. 1. 1.],
  "Velocidade": [  3.25216245 -12.53497936   7.61080514  -5.41631292  -3.95971831]
                [ 0.         -2.53693505  0.          0.          0.        ],
  "funcao_objetivo": 0.97412862879378496412784124569888657900886702116770,
  "confiabilidade_total": 0.97412862879378496412784124569888657900886702116770
}
 
Individuo 17:
{
  "Posicao": [9. 0. 6. 7. 0.]
             [1. 1. 1. 1. 1.],
  "Velocidade": [ -0.10433196 -12.88683577   1.88221542  -0.76350101  -5.62101738]
                [-1.88221542 -1.88221542 -1.88221542  0.          0.        ],
  "funcao_objetivo": 0.94577845065996760384309474182777026098934925401237,
  "confiabilidade_total": 0.94577845065996760384309474182777026098934925401237
}
 
Individuo 18:
{
  "Posicao": [5. 0. 5. 5. 0.]
             [1. 1. 1. 1. 1.],
  "Velocidade": [ -3.50238336  -8.8417178    0.          -3.65607463 -13.99305721]
                [-2.51597595 -2.51597595  0.         -2.51597595  0.        ],
  "funcao_objetivo": 0.94923350187383760120829494368083382250244355526089,
  "confiabilidade_total": 0.94923350187383760120829494368083382250244355526089
}
 
Individuo 19:
{
  "Posicao": [9. 0. 5. 9. 0.]
             [1. 1. 1. 1. 1.],
  "Velocidade": [  3.84883666  -8.50480117   0.           3.47074315 -10.36831848]
                [-2.31455017 -2.31455017 -2.31455017  0.          0.        ],
  "funcao_objetivo": 0.94392574920397169512707486730277181983807240992815,
  "confiabilidade_total": 0.94392574920397169512707486730277181983807240992815
}
 
Individuo 20:
{
  "Posicao": [8. 3. 6. 7. 2.]
             [1. 2. 1. 1. 1.],
  "Velocidade": [ 1.99552178 -0.51485281  2.10693735 -0.61306222 -3.6998112 ]
                [-2.10693735  0.          0.         -2.10693735  0.        ],
  "funcao_objetivo": 0.96198424157514321096870901324826287297387129489195,
  "confiabilidade_total": 0.96198424157514321096870901324826287297387129489195
}
 
Individuo 21:
{
  "Posicao": [8. 0. 4. 6. 1.]
             [2. 2. 1. 1. 1.],
  "Velocidade": [ 1.43129724 -5.29920565  0.48745776 -0.33189235 -6.46293453]
                [0.86650929 0.         0.         0.         0.        ],
  "funcao_objetivo": 0.89499735756790514140445880441015444061722847095468,
  "confiabilidade_total": 0.99221402423457187534936863281225779842007214597204
}
 
Individuo 22:
{
  "Posicao": [3. 3. 5. 7. 4.]
             [2. 2. 1. 1. 1.],
  "Velocidade": [-1.52271045 -2.24238682  0.         -0.96148922 -1.67537348]
                [0.         0.08772657 0.         0.         0.        ],
  "funcao_objetivo": 0.81400225814686780779176095054387974469290900535231,
  "confiabilidade_total": 0.99091892481353461308827595873842642559038329429274
}
 
Individuo 23:
{
  "Posicao": [6. 8. 9. 5. 0.]
             [1. 2. 1. 1. 2.],
  "Velocidade": [ 3.34974303  7.71059555  2.32700482 -1.01692385 -4.42518578]
                [ 0.14842291  0.          0.          0.         -0.14842291],
  "funcao_objetivo": 0.93861450510267504593133119096708329012204995227332,
  "confiabilidade_total": 0.96244783843600849179501992859857496656064977717872
}
 
Individuo 24:
{
  "Posicao": [8. 1. 4. 6. 2.]
             [3. 3. 1. 2. 1.],
  "Velocidade": [ 2.74015279 -1.83799338 -0.65101586 -0.671516   -3.13924265]
                [0.65101586 0.65101586 0.         0.65101586 0.        ],
  "funcao_objetivo": 0.13528795795252600196695346948993633480163141641842,
  "confiabilidade_total": 0.99898795795252596972607683437539040089936777506100
}
 
Individuo 25:
{
  "Posicao": [5. 2. 5. 7. 0.]
             [2. 2. 1. 2. 1.],
  "Velocidade": [ 2.39055923 -3.27229151 -1.03145925 -0.84670078 -5.50105872]
                [-1.03145925 -1.03145925  0.          0.67744507  0.        ],
  "funcao_objetivo": 0.84227846904657569761596546763824509340084183002221,
  "confiabilidade_total": 0.99411180237990901777465224208638748037374603534448
}
 
Individuo 26:
{
  "Posicao": [7. 2. 3. 9. 3.]
             [2. 2. 1. 1. 1.],
  "Velocidade": [ 0.69340187 -2.67348973  0.42270474  0.2016924  -3.28135824]
                [ 0.         -0.55902543  0.          0.         -0.55902543],
  "funcao_objetivo": 0.85362926404980639314916119071180914185793914473535,
  "confiabilidade_total": 0.99087926404980637627377121640942972741873778975488
}
 
Individuo 27:
{
  "Posicao": [6. 4. 9. 6. 3.]
             [2. 2. 1. 1. 3.],
  "Velocidade": [ 0.35279459 -0.72747437  3.71726205 -1.49452672 -1.59680643]
                [0.55700818 0.         0.         0.         2.05736549],
  "funcao_objetivo": 0.19760863006754258869326316611129271426870773699529,
  "confiabilidade_total": 0.99030863006754216032481134474089315721466492083318
}
 
Individuo 28:
{
  "Posicao": [5. 0. 9. 6. 2.]
             [2. 2. 1. 1. 1.],
  "Velocidade": [ 0.10154972 -8.60689275  2.65383133 -3.03455113 -3.59209009]
                [1.13477643 0.         0.         0.         0.        ],
  "funcao_objetivo": 0.89874273995016249007398986487822614281513801188739,
  "confiabilidade_total": 0.99174273995016246165228043447421870797016730876239
}
 
Individuo 29:
{
  "Posicao": [7. 3. 5. 4. 5.]
             [2. 2. 1. 1. 1.],
  "Velocidade": [ 0.43002594 -1.13427821 -0.58850624 -0.07209303 -2.91591305]
                [ 0.58850624  0.58850624  0.         -0.58850624  0.        ],
  "funcao_objetivo": 0.94163214687603579707000098660891025608605093663337,
  "confiabilidade_total": 0.99004881354270248129669515943013620378649182026984
}
 
Individuo 30:
{
  "Posicao": [8. 0. 5. 6. 0.]
             [3. 2. 1. 1. 1.],
  "Velocidade": [ 0.11277871 -1.74838736  0.         -0.81780433 -1.9833959 ]
                [0.71800748 0.         0.         0.         0.        ],
  "funcao_objetivo": 0.72530633846766796471735647790251981168461494766045,
  "confiabilidade_total": 0.99673967180100142163331542567744484804046802840996
}
 
Individuo 31:
{
  "Posicao": [8. 4. 4. 9. 9.]
             [2. 3. 1. 1. 1.],
  "Velocidade": [ 1.1265527  -3.0093901  -0.18359031 -0.21095621 -0.35909811]
                [ 0.         -0.18359031  0.          0.          0.        ],
  "funcao_objetivo": 0.46734213501333557624450036258253710591548759646198,
  "confiabilidade_total": 0.99324213501333519401691744463364336886757690615436
}
 
Individuo 32:
{
  "Posicao": [8. 0. 5. 9. 0.]
             [2. 2. 1. 1. 1.],
  "Velocidade": [ 1.91524477 -9.24830733  0.         -0.44950403 -6.57436821]
                [-0.71382364 -0.71382364  0.         -0.71382364  0.        ],
  "funcao_objetivo": 0.93445230577200164701648311157329859302614444681475,
  "confiabilidade_total": 0.99166897243866840636641824565574184849162215181659
}
 
Individuo 33:
{
  "Posicao": [9. 4. 9. 2. 0.]
             [2. 1. 1. 1. 1.],
  "Velocidade": [ 14.04205113  -0.52692578   6.49906418  -6.56056036 -23.77428269]
                [ 0.         -3.83680105  0.          0.          0.        ],
  "funcao_objetivo": 0.95235797401080089512669897293824853971641052121517,
  "confiabilidade_total": 0.96885797401080092712887765775838581742759335393307
}
 
Individuo 34:
{
  "Posicao": [9. 0. 5. 6. 3.]
             [2. 1. 1. 1. 1.],
  "Velocidade": [ 4.06741881 -6.69787488  0.         -2.95095851 -2.37714069]
                [ 0.         -2.29627137  0.          0.          0.        ],
  "funcao_objetivo": 0.97251943481711062935378209291128084141410045022982,
  "confiabilidade_total": 0.97251943481711062935378209291128084141410045022982
}
 
Individuo 35:
{
  "Posicao": [7. 1. 5. 7. 4.]
             [2. 2. 1. 1. 1.],
  "Velocidade": [ 0.12609369 -5.74090844 -1.16131738 -0.61485323 -2.48826523]
                [ 1.16131738  1.16131738  0.         -1.16131738  0.        ],
  "funcao_objetivo": 0.99112754771100817944636575077365256537482098834676,
  "confiabilidade_total": 0.99112754771100817944636575077365256537482098834676
}
 
Individuo 36:
{
  "Posicao": [5. 9. 0. 9. 0.]
             [2. 3. 1. 1. 1.],
  "Velocidade": [ 1.33441727  1.02279828 -2.30731774  1.15939514 -4.35378851]
                [0.         2.39682187 0.         0.         0.        ],
  "funcao_objetivo": 0.55800061831418854802319138523745714553409189241006,
  "confiabilidade_total": 0.99500061831418829777892163472717293404751390473916
}
 
Individuo 37:
{
  "Posicao": [0. 0. 9. 2. 0.]
             [1. 1. 1. 1. 1.],
  "Velocidade": [-7.38532883 -8.02831853  3.30222204 -6.20485705 -8.87331975]
                [-1.16098713 -1.16098713  0.          0.          0.        ],
  "funcao_objetivo": 0.96189824168585606753964876332216886520583939288279,
  "confiabilidade_total": 0.96189824168585606753964876332216886520583939288279
}
 
Individuo 38:
{
  "Posicao": [9. 0. 2. 9. 2.]
             [3. 3. 1. 1. 3.],
  "Velocidade": [ 5.49877527 -5.75806431 -3.31012583  7.4354073  -3.91549569]
                [1.10337528 1.10337528 0.         0.         2.20675055],
  "funcao_objetivo": -0.45374080382353925052237135178852983793320161165333,
  "confiabilidade_total": 0.99884252950979397593349214429640053728518980680370
}
 
Individuo 39:
{
  "Posicao": [9. 0. 5. 8. 1.]
             [1. 1. 1. 1. 1.],
  "Velocidade": [ 1.16726328 -8.86977319 -1.94071366 -0.6207245  -8.05674721]
                [-1.51011342 -1.51011342  0.          0.          0.        ],
  "funcao_objetivo": 0.94442609060390102943502752161735604173227137528057,
  "confiabilidade_total": 0.94442609060390102943502752161735604173227137528057
}
 
Individuo 40:
{
  "Posicao": [9. 0. 6. 9. 0.]
             [3. 3. 1. 1. 2.],
  "Velocidade": [ 8.24550894 -8.75729897  0.89857624  1.07013309 -5.93772626]
                [0.89857624 0.89857624 0.         0.         0.89857624],
  "funcao_objetivo": -0.26727416797202551276036365664137206368390972591973,
  "confiabilidade_total": 0.99860916536130751456589814267548122115190570376777
}
 
Individuo 41:
{
  "Posicao": [6. 5. 5. 8. 5.]
             [2. 2. 1. 1. 1.],
  "Velocidade": [-0.08186778 -1.4198518   0.02934803  0.1157119  -1.20039799]
                [0.16647215 0.16647215 0.         0.         0.16647215],
  "funcao_objetivo": 0.98855693082879438673142945550369353419969545015266,
  "confiabilidade_total": 0.98855693082879438673142945550369353419969545015266
}
 
Individuo 42:
{
  "Posicao": [9. 0. 8. 9. 1.]
             [3. 3. 1. 1. 1.],
  "Velocidade": [ 3.68904044 -6.84640926  2.95364061  0.12114098 -5.19695053]
                [1.44102542 1.44102542 0.         0.         0.        ],
  "funcao_objetivo": 0.12976757987819671857247279052143138720656480434702,
  "confiabilidade_total": 0.99841757987819647423458953101697997077370729091929
}
 
Individuo 43:
{
  "Posicao": [9. 0. 4. 8. 3.]
             [1. 1. 1. 1. 1.],
  "Velocidade": [ 2.52735291 -9.50978288 -1.76369508 -0.67928898 -5.86603631]
                [-1.76369508 -1.76369508  0.          0.         -1.76369508],
  "funcao_objetivo": 0.94586771403344362638000519420258195714365265552357,
  "confiabilidade_total": 0.94586771403344362638000519420258195714365265552357
}
 
Individuo 44:
{
  "Posicao": [9. 0. 1. 5. 0.]
             [1. 1. 1. 1. 1.],
  "Velocidade": [  9.05672511 -15.00493949  -7.34826402  -3.61122763 -10.03838579]
                [-2.44942134 -2.44942134  0.          0.          0.        ],
  "funcao_objetivo": 0.95403911814157277278712323015696513523812134653327,
  "confiabilidade_total": 0.95403911814157277278712323015696513523812134653327
}
 
Individuo 45:
{
  "Posicao": [0. 3. 9. 6. 2.]
             [2. 2. 1. 1. 1.],
  "Velocidade": [-12.98285543  -1.88839784  10.07650722  -2.77240475  -4.46404624]
                [1.39650697 1.39650697 0.         0.         0.        ],
  "funcao_objetivo": 0.77636806098979381758860178821766831737776449941115,
  "confiabilidade_total": 0.99303472765646049165675528571871192020197562001662
}
 
Individuo 46:
{
  "Posicao": [8. 5. 3. 9. 6.]
             [2. 2. 1. 1. 1.],
  "Velocidade": [-1.2022699  -0.6275439   2.14955127  6.88436527 -0.2166576 ]
                [-0.53738782 -0.53738782  0.          0.          0.        ],
  "funcao_objetivo": 0.98829177358450776878934254681209018228036510095465,
  "confiabilidade_total": 0.98829177358450776878934254681209018228036510095465
}
 
Individuo 47:
{
  "Posicao": [6. 0. 3. 9. 5.]
             [3. 3. 1. 1. 1.],
  "Velocidade": [ 1.67076244 -4.90696723  0.81862487  2.05908168 -3.69579696]
                [-0.27287496 -0.27287496  0.          0.          0.        ],
  "funcao_objetivo": 0.27563565420986112222046023047335220547742100212618,
  "confiabilidade_total": 0.99883565420986118723512055252251921268529148552462
}
 
Individuo 48:
{
  "Posicao": [6. 1. 0. 9. 3.]
             [3. 3. 1. 1. 2.],
  "Velocidade": [ 0.24391938 -3.46134823  0.1245868   1.89085035 -2.53425442]
                [-0.32239714 -0.32239714  0.          0.          0.32239714],
  "funcao_objetivo": -0.037657650764284863806883461303452065870356836551141,
  "confiabilidade_total": 0.99904234923571542414056020547714825840275259948401
}
 
Individuo 49:
{
  "Posicao": [7. 5. 9. 6. 9.]
             [2. 2. 1. 1. 3.],
  "Velocidade": [-0.11812255 -1.31978391  7.41121425 -1.60485295 10.81316597]
                [0.50261422 0.50261422 0.         0.         0.50261422],
  "funcao_objetivo": 0.38932550612321312549775211107894524413509947034986,
  "confiabilidade_total": 0.98945883945654669949783123582287903356714826795728
}
 
Individuo 50:
{
  "Posicao": [4. 5. 5. 9. 5.]
             [3. 3. 1. 1. 1.],
  "Velocidade": [-0.59372083 -1.18164217  0.          0.79507028 -1.20893102]
                [0.95121643 0.95121643 0.         0.         0.        ],
  "funcao_objetivo": 0.52267071491950300583669220962755909671602471688733,
  "confiabilidade_total": 0.99818738158616952400732858926412129325387700417981
}
 
-----------------------------------------
-----------------------------------------
-----------------------------------------
-----------------------------------------
GERACAO 4
Populacao antes da execucao:
Individuo 1:
{
  "Posicao": [9. 0. 5. 6. 0.]
             [2. 2. 1. 1. 1.],
  "Velocidade": [ 1.59319268 -8.09433417  0.         -3.25057074 -8.10717124]
                [0. 0. 0. 0. 0.],
  "funcao_objetivo": 0.82218046125046569831839767843625520054338363037582,
  "confiabilidade_total": 0.99124712791713235508927645227735990356741336212631
}
 
Individuo 2:
{
  "Posicao": [0. 6. 5. 7. 7.]
             [2. 1. 1. 2. 1.],
  "Velocidade": [-5.92329496 -0.50899537  0.         -0.78226825 -0.44274693]
                [0.         0.33174189 0.         0.33174189 0.        ],
  "funcao_objetivo": 0.98809286616329652534427796753800920394157080462587,
  "confiabilidade_total": 0.98809286616329652534427796753800920394157080462587
}
 
Individuo 3:
{
  "Posicao": [9. 4. 5. 6. 2.]
             [2. 2. 1. 1. 1.],
  "Velocidade": [ 4.57970292 -1.4354051  -0.06406093 -2.8513708  -5.07490328]
                [ 0.         -0.06406093  0.          0.06406093  0.        ],
  "funcao_objetivo": 0.80697954867371134729198870956939247104071615150633,
  "confiabilidade_total": 0.98864621534037787925159505505039889964007375648680
}
 
Individuo 4:
{
  "Posicao": [9. 0. 8. 7. 0.]
             [2. 1. 1. 1. 1.],
  "Velocidade": [  4.0110748  -11.365505     6.27702897  -2.10040606 -11.65485854]
                [ 0.         -2.09234299  0.         -2.09234299  0.        ],
  "funcao_objetivo": 0.97281746884329265097599217705392581469246955124601,
  "confiabilidade_total": 0.97281746884329265097599217705392581469246955124601
}
 
Individuo 5:
{
  "Posicao": [7. 8. 9. 9. 5.]
             [3. 2. 1. 1. 1.],
  "Velocidade": [-1.52441153 -1.13912972 -0.27661793  2.07909684 -1.82281179]
                [-0.40902818  0.          0.          0.          0.        ],
  "funcao_objetivo": 0.79471040422490409500851379412292542512031693918271,
  "confiabilidade_total": 0.99214373755823726415466475905727518367084165079159
}
 
Individuo 6:
{
  "Posicao": [9. 9. 1. 3. 2.]
             [2. 2. 1. 1. 1.],
  "Velocidade": [ 6.15065961  9.65330978  0.8824848  -1.5037268   0.33993933]
                [ 0.61619515  0.61619515 -0.61619515  0.          0.        ],
  "funcao_objetivo": 0.77664730650463548988687674881728135552198956310703,
  "confiabilidade_total": 0.98894730650463547860701081862569090481789181530430
}
 
Individuo 7:
{
  "Posicao": [4. 0. 9. 8. 4.]
             [2. 1. 2. 1. 1.],
  "Velocidade": [ -1.54474798 -11.1851137    4.71077888  -0.3045377   -1.54193521]
                [ 0.         -1.6483875   0.46029295  0.          0.        ],
  "funcao_objetivo": 0.71600284090515123600159115455519316621517607674752,
  "confiabilidade_total": 0.97860284090515134711271145904085973181223341927682
}
 
Individuo 8:
{
  "Posicao": [9. 0. 6. 7. 0.]
             [2. 1. 1. 1. 1.],
  "Velocidade": [  7.97112299 -11.55806185   2.78441749  -1.00262512  -9.51348581]
                [ 0.         -1.86572006 -1.86572006  0.          0.        ],
  "funcao_objetivo": 0.97315155532095504689807764263105509745368484707592,
  "confiabilidade_total": 0.97315155532095504689807764263105509745368484707592
}
 
Individuo 9:
{
  "Posicao": [9. 0. 5. 6. 2.]
             [2. 2. 1. 1. 1.],
  "Velocidade": [ 4.27089572 -6.46786514  3.46528981  0.34013643 -1.46999586]
                [0.02091339 0.         0.         0.         0.02091339],
  "funcao_objetivo": 0.86739943402785005038588135817807993717414100597329,
  "confiabilidade_total": 0.99106610069451673899795647826867421954792697856850
}
 
Individuo 10:
{
  "Posicao": [9. 6. 9. 9. 6.]
             [2. 2. 3. 1. 1.],
  "Velocidade": [ 1.47411242 -0.37386357  2.41974197  8.24507738 -0.84878953]
                [-0.62024902 -0.62024902  0.62024902  0.          0.        ],
  "funcao_objetivo": 0.13369775513293901098890364391829355828821317131171,
  "confiabilidade_total": 0.99319775513293905273328936982417947821676389152655
}
 
Individuo 11:
{
  "Posicao": [6. 3. 7. 9. 2.]
             [2. 3. 1. 1. 1.],
  "Velocidade": [ 0.87197105 -3.30444907 -0.93628213  5.89594723 -2.88681441]
                [ 0.         -0.31209404  0.          0.          0.        ],
  "funcao_objetivo": 0.61747764349878225505712776458036789057386314816968,
  "confiabilidade_total": 0.99364431016544868568112753740021109200624024816052
}
 
Individuo 12:
{
  "Posicao": [9. 0. 3. 3. 6.]
             [3. 3. 3. 1. 1.],
  "Velocidade": [  4.62014301 -10.12364721  -0.33550645  -5.3800508    0.02288488]
                [2.65056628 2.65056628 2.30446647 0.         0.        ],
  "funcao_objetivo": -0.49246443972737370399322680050266309912086796479502,
  "confiabilidade_total": 0.99960222693929294822573757237529978816627192778310
}
 
Individuo 13:
{
  "Posicao": [8. 2. 0. 9. 0.]
             [1. 1. 1. 1. 1.],
  "Velocidade": [ 1.09933035 -0.53496347 -8.68708134  0.90797019 -8.63659572]
                [-2.17177033 -2.17177033  0.         -2.17177033  0.        ],
  "funcao_objetivo": 0.95142103972405754135413212290798255357579712299319,
  "confiabilidade_total": 0.95142103972405754135413212290798255357579712299319
}
 
Individuo 14:
{
  "Posicao": [0. 0. 9. 0. 5.]
             [3. 2. 1. 1. 1.],
  "Velocidade": [ -3.85176287  -6.35419803   1.64454263 -12.57525309  -1.33514506]
                [2.09235957 0.         0.         0.         0.        ],
  "funcao_objetivo": 0.46082386165008315634424540279569820007389784519124,
  "confiabilidade_total": 0.99809052831674977099326262235836375942534208957601
}
 
Individuo 15:
{
  "Posicao": [7. 0. 8. 0. 7.]
             [2. 1. 1. 1. 1.],
  "Velocidade": [ 1.84353717 -4.24337129 -0.13256871 -5.84560767  6.94971571]
                [0.         0.23976832 0.         0.         0.        ],
  "funcao_objetivo": 0.97953293859735658583073323703116536689598079617875,
  "confiabilidade_total": 0.97953293859735658583073323703116536689598079617875
}
 
Individuo 16:
{
  "Posicao": [8. 0. 9. 4. 2.]
             [2. 1. 1. 1. 1.],
  "Velocidade": [  3.25216245 -12.53497936   7.61080514  -5.41631292  -3.95971831]
                [ 0.         -2.53693505  0.          0.          0.        ],
  "funcao_objetivo": 0.97412862879378496412784124569888657900886702116770,
  "confiabilidade_total": 0.97412862879378496412784124569888657900886702116770
}
 
Individuo 17:
{
  "Posicao": [9. 0. 6. 7. 0.]
             [1. 1. 1. 1. 1.],
  "Velocidade": [ -0.10433196 -12.88683577   1.88221542  -0.76350101  -5.62101738]
                [-1.88221542 -1.88221542 -1.88221542  0.          0.        ],
  "funcao_objetivo": 0.94577845065996760384309474182777026098934925401237,
  "confiabilidade_total": 0.94577845065996760384309474182777026098934925401237
}
 
Individuo 18:
{
  "Posicao": [5. 0. 5. 5. 0.]
             [1. 1. 1. 1. 1.],
  "Velocidade": [ -3.50238336  -8.8417178    0.          -3.65607463 -13.99305721]
                [-2.51597595 -2.51597595  0.         -2.51597595  0.        ],
  "funcao_objetivo": 0.94923350187383760120829494368083382250244355526089,
  "confiabilidade_total": 0.94923350187383760120829494368083382250244355526089
}
 
Individuo 19:
{
  "Posicao": [9. 0. 5. 9. 0.]
             [1. 1. 1. 1. 1.],
  "Velocidade": [  3.84883666  -8.50480117   0.           3.47074315 -10.36831848]
                [-2.31455017 -2.31455017 -2.31455017  0.          0.        ],
  "funcao_objetivo": 0.94392574920397169512707486730277181983807240992815,
  "confiabilidade_total": 0.94392574920397169512707486730277181983807240992815
}
 
Individuo 20:
{
  "Posicao": [8. 3. 6. 7. 2.]
             [1. 2. 1. 1. 1.],
  "Velocidade": [ 1.99552178 -0.51485281  2.10693735 -0.61306222 -3.6998112 ]
                [-2.10693735  0.          0.         -2.10693735  0.        ],
  "funcao_objetivo": 0.96198424157514321096870901324826287297387129489195,
  "confiabilidade_total": 0.96198424157514321096870901324826287297387129489195
}
 
Individuo 21:
{
  "Posicao": [8. 0. 4. 6. 1.]
             [2. 2. 1. 1. 1.],
  "Velocidade": [ 1.43129724 -5.29920565  0.48745776 -0.33189235 -6.46293453]
                [0.86650929 0.         0.         0.         0.        ],
  "funcao_objetivo": 0.89499735756790514140445880441015444061722847095468,
  "confiabilidade_total": 0.99221402423457187534936863281225779842007214597204
}
 
Individuo 22:
{
  "Posicao": [3. 3. 5. 7. 4.]
             [2. 2. 1. 1. 1.],
  "Velocidade": [-1.52271045 -2.24238682  0.         -0.96148922 -1.67537348]
                [0.         0.08772657 0.         0.         0.        ],
  "funcao_objetivo": 0.81400225814686780779176095054387974469290900535231,
  "confiabilidade_total": 0.99091892481353461308827595873842642559038329429274
}
 
Individuo 23:
{
  "Posicao": [6. 8. 9. 5. 0.]
             [1. 2. 1. 1. 2.],
  "Velocidade": [ 3.34974303  7.71059555  2.32700482 -1.01692385 -4.42518578]
                [ 0.14842291  0.          0.          0.         -0.14842291],
  "funcao_objetivo": 0.93861450510267504593133119096708329012204995227332,
  "confiabilidade_total": 0.96244783843600849179501992859857496656064977717872
}
 
Individuo 24:
{
  "Posicao": [8. 1. 4. 6. 2.]
             [3. 3. 1. 2. 1.],
  "Velocidade": [ 2.74015279 -1.83799338 -0.65101586 -0.671516   -3.13924265]
                [0.65101586 0.65101586 0.         0.65101586 0.        ],
  "funcao_objetivo": 0.13528795795252600196695346948993633480163141641842,
  "confiabilidade_total": 0.99898795795252596972607683437539040089936777506100
}
 
Individuo 25:
{
  "Posicao": [5. 2. 5. 7. 0.]
             [2. 2. 1. 2. 1.],
  "Velocidade": [ 2.39055923 -3.27229151 -1.03145925 -0.84670078 -5.50105872]
                [-1.03145925 -1.03145925  0.          0.67744507  0.        ],
  "funcao_objetivo": 0.84227846904657569761596546763824509340084183002221,
  "confiabilidade_total": 0.99411180237990901777465224208638748037374603534448
}
 
Individuo 26:
{
  "Posicao": [7. 2. 3. 9. 3.]
             [2. 2. 1. 1. 1.],
  "Velocidade": [ 0.69340187 -2.67348973  0.42270474  0.2016924  -3.28135824]
                [ 0.         -0.55902543  0.          0.         -0.55902543],
  "funcao_objetivo": 0.85362926404980639314916119071180914185793914473535,
  "confiabilidade_total": 0.99087926404980637627377121640942972741873778975488
}
 
Individuo 27:
{
  "Posicao": [6. 4. 9. 6. 3.]
             [2. 2. 1. 1. 3.],
  "Velocidade": [ 0.35279459 -0.72747437  3.71726205 -1.49452672 -1.59680643]
                [0.55700818 0.         0.         0.         2.05736549],
  "funcao_objetivo": 0.19760863006754258869326316611129271426870773699529,
  "confiabilidade_total": 0.99030863006754216032481134474089315721466492083318
}
 
Individuo 28:
{
  "Posicao": [5. 0. 9. 6. 2.]
             [2. 2. 1. 1. 1.],
  "Velocidade": [ 0.10154972 -8.60689275  2.65383133 -3.03455113 -3.59209009]
                [1.13477643 0.         0.         0.         0.        ],
  "funcao_objetivo": 0.89874273995016249007398986487822614281513801188739,
  "confiabilidade_total": 0.99174273995016246165228043447421870797016730876239
}
 
Individuo 29:
{
  "Posicao": [7. 3. 5. 4. 5.]
             [2. 2. 1. 1. 1.],
  "Velocidade": [ 0.43002594 -1.13427821 -0.58850624 -0.07209303 -2.91591305]
                [ 0.58850624  0.58850624  0.         -0.58850624  0.        ],
  "funcao_objetivo": 0.94163214687603579707000098660891025608605093663337,
  "confiabilidade_total": 0.99004881354270248129669515943013620378649182026984
}
 
Individuo 30:
{
  "Posicao": [8. 0. 5. 6. 0.]
             [3. 2. 1. 1. 1.],
  "Velocidade": [ 0.11277871 -1.74838736  0.         -0.81780433 -1.9833959 ]
                [0.71800748 0.         0.         0.         0.        ],
  "funcao_objetivo": 0.72530633846766796471735647790251981168461494766045,
  "confiabilidade_total": 0.99673967180100142163331542567744484804046802840996
}
 
Individuo 31:
{
  "Posicao": [8. 4. 4. 9. 9.]
             [2. 3. 1. 1. 1.],
  "Velocidade": [ 1.1265527  -3.0093901  -0.18359031 -0.21095621 -0.35909811]
                [ 0.         -0.18359031  0.          0.          0.        ],
  "funcao_objetivo": 0.46734213501333557624450036258253710591548759646198,
  "confiabilidade_total": 0.99324213501333519401691744463364336886757690615436
}
 
Individuo 32:
{
  "Posicao": [8. 0. 5. 9. 0.]
             [2. 2. 1. 1. 1.],
  "Velocidade": [ 1.91524477 -9.24830733  0.         -0.44950403 -6.57436821]
                [-0.71382364 -0.71382364  0.         -0.71382364  0.        ],
  "funcao_objetivo": 0.93445230577200164701648311157329859302614444681475,
  "confiabilidade_total": 0.99166897243866840636641824565574184849162215181659
}
 
Individuo 33:
{
  "Posicao": [9. 4. 9. 2. 0.]
             [2. 1. 1. 1. 1.],
  "Velocidade": [ 14.04205113  -0.52692578   6.49906418  -6.56056036 -23.77428269]
                [ 0.         -3.83680105  0.          0.          0.        ],
  "funcao_objetivo": 0.95235797401080089512669897293824853971641052121517,
  "confiabilidade_total": 0.96885797401080092712887765775838581742759335393307
}
 
Individuo 34:
{
  "Posicao": [9. 0. 5. 6. 3.]
             [2. 1. 1. 1. 1.],
  "Velocidade": [ 4.06741881 -6.69787488  0.         -2.95095851 -2.37714069]
                [ 0.         -2.29627137  0.          0.          0.        ],
  "funcao_objetivo": 0.97251943481711062935378209291128084141410045022982,
  "confiabilidade_total": 0.97251943481711062935378209291128084141410045022982
}
 
Individuo 35:
{
  "Posicao": [7. 1. 5. 7. 4.]
             [2. 2. 1. 1. 1.],
  "Velocidade": [ 0.12609369 -5.74090844 -1.16131738 -0.61485323 -2.48826523]
                [ 1.16131738  1.16131738  0.         -1.16131738  0.        ],
  "funcao_objetivo": 0.99112754771100817944636575077365256537482098834676,
  "confiabilidade_total": 0.99112754771100817944636575077365256537482098834676
}
 
Individuo 36:
{
  "Posicao": [5. 9. 0. 9. 0.]
             [2. 3. 1. 1. 1.],
  "Velocidade": [ 1.33441727  1.02279828 -2.30731774  1.15939514 -4.35378851]
                [0.         2.39682187 0.         0.         0.        ],
  "funcao_objetivo": 0.55800061831418854802319138523745714553409189241006,
  "confiabilidade_total": 0.99500061831418829777892163472717293404751390473916
}
 
Individuo 37:
{
  "Posicao": [0. 0. 9. 2. 0.]
             [1. 1. 1. 1. 1.],
  "Velocidade": [-7.38532883 -8.02831853  3.30222204 -6.20485705 -8.87331975]
                [-1.16098713 -1.16098713  0.          0.          0.        ],
  "funcao_objetivo": 0.96189824168585606753964876332216886520583939288279,
  "confiabilidade_total": 0.96189824168585606753964876332216886520583939288279
}
 
Individuo 38:
{
  "Posicao": [9. 0. 2. 9. 2.]
             [3. 3. 1. 1. 3.],
  "Velocidade": [ 5.49877527 -5.75806431 -3.31012583  7.4354073  -3.91549569]
                [1.10337528 1.10337528 0.         0.         2.20675055],
  "funcao_objetivo": -0.45374080382353925052237135178852983793320161165333,
  "confiabilidade_total": 0.99884252950979397593349214429640053728518980680370
}
 
Individuo 39:
{
  "Posicao": [9. 0. 5. 8. 1.]
             [1. 1. 1. 1. 1.],
  "Velocidade": [ 1.16726328 -8.86977319 -1.94071366 -0.6207245  -8.05674721]
                [-1.51011342 -1.51011342  0.          0.          0.        ],
  "funcao_objetivo": 0.94442609060390102943502752161735604173227137528057,
  "confiabilidade_total": 0.94442609060390102943502752161735604173227137528057
}
 
Individuo 40:
{
  "Posicao": [9. 0. 6. 9. 0.]
             [3. 3. 1. 1. 2.],
  "Velocidade": [ 8.24550894 -8.75729897  0.89857624  1.07013309 -5.93772626]
                [0.89857624 0.89857624 0.         0.         0.89857624],
  "funcao_objetivo": -0.26727416797202551276036365664137206368390972591973,
  "confiabilidade_total": 0.99860916536130751456589814267548122115190570376777
}
 
Individuo 41:
{
  "Posicao": [6. 5. 5. 8. 5.]
             [2. 2. 1. 1. 1.],
  "Velocidade": [-0.08186778 -1.4198518   0.02934803  0.1157119  -1.20039799]
                [0.16647215 0.16647215 0.         0.         0.16647215],
  "funcao_objetivo": 0.98855693082879438673142945550369353419969545015266,
  "confiabilidade_total": 0.98855693082879438673142945550369353419969545015266
}
 
Individuo 42:
{
  "Posicao": [9. 0. 8. 9. 1.]
             [3. 3. 1. 1. 1.],
  "Velocidade": [ 3.68904044 -6.84640926  2.95364061  0.12114098 -5.19695053]
                [1.44102542 1.44102542 0.         0.         0.        ],
  "funcao_objetivo": 0.12976757987819671857247279052143138720656480434702,
  "confiabilidade_total": 0.99841757987819647423458953101697997077370729091929
}
 
Individuo 43:
{
  "Posicao": [9. 0. 4. 8. 3.]
             [1. 1. 1. 1. 1.],
  "Velocidade": [ 2.52735291 -9.50978288 -1.76369508 -0.67928898 -5.86603631]
                [-1.76369508 -1.76369508  0.          0.         -1.76369508],
  "funcao_objetivo": 0.94586771403344362638000519420258195714365265552357,
  "confiabilidade_total": 0.94586771403344362638000519420258195714365265552357
}
 
Individuo 44:
{
  "Posicao": [9. 0. 1. 5. 0.]
             [1. 1. 1. 1. 1.],
  "Velocidade": [  9.05672511 -15.00493949  -7.34826402  -3.61122763 -10.03838579]
                [-2.44942134 -2.44942134  0.          0.          0.        ],
  "funcao_objetivo": 0.95403911814157277278712323015696513523812134653327,
  "confiabilidade_total": 0.95403911814157277278712323015696513523812134653327
}
 
Individuo 45:
{
  "Posicao": [0. 3. 9. 6. 2.]
             [2. 2. 1. 1. 1.],
  "Velocidade": [-12.98285543  -1.88839784  10.07650722  -2.77240475  -4.46404624]
                [1.39650697 1.39650697 0.         0.         0.        ],
  "funcao_objetivo": 0.77636806098979381758860178821766831737776449941115,
  "confiabilidade_total": 0.99303472765646049165675528571871192020197562001662
}
 
Individuo 46:
{
  "Posicao": [8. 5. 3. 9. 6.]
             [2. 2. 1. 1. 1.],
  "Velocidade": [-1.2022699  -0.6275439   2.14955127  6.88436527 -0.2166576 ]
                [-0.53738782 -0.53738782  0.          0.          0.        ],
  "funcao_objetivo": 0.98829177358450776878934254681209018228036510095465,
  "confiabilidade_total": 0.98829177358450776878934254681209018228036510095465
}
 
Individuo 47:
{
  "Posicao": [6. 0. 3. 9. 5.]
             [3. 3. 1. 1. 1.],
  "Velocidade": [ 1.67076244 -4.90696723  0.81862487  2.05908168 -3.69579696]
                [-0.27287496 -0.27287496  0.          0.          0.        ],
  "funcao_objetivo": 0.27563565420986112222046023047335220547742100212618,
  "confiabilidade_total": 0.99883565420986118723512055252251921268529148552462
}
 
Individuo 48:
{
  "Posicao": [6. 1. 0. 9. 3.]
             [3. 3. 1. 1. 2.],
  "Velocidade": [ 0.24391938 -3.46134823  0.1245868   1.89085035 -2.53425442]
                [-0.32239714 -0.32239714  0.          0.          0.32239714],
  "funcao_objetivo": -0.037657650764284863806883461303452065870356836551141,
  "confiabilidade_total": 0.99904234923571542414056020547714825840275259948401
}
 
Individuo 49:
{
  "Posicao": [7. 5. 9. 6. 9.]
             [2. 2. 1. 1. 3.],
  "Velocidade": [-0.11812255 -1.31978391  7.41121425 -1.60485295 10.81316597]
                [0.50261422 0.50261422 0.         0.         0.50261422],
  "funcao_objetivo": 0.38932550612321312549775211107894524413509947034986,
  "confiabilidade_total": 0.98945883945654669949783123582287903356714826795728
}
 
Individuo 50:
{
  "Posicao": [4. 5. 5. 9. 5.]
             [3. 3. 1. 1. 1.],
  "Velocidade": [-0.59372083 -1.18164217  0.          0.79507028 -1.20893102]
                [0.95121643 0.95121643 0.         0.         0.        ],
  "funcao_objetivo": 0.52267071491950300583669220962755909671602471688733,
  "confiabilidade_total": 0.99818738158616952400732858926412129325387700417981
}
 
-----------------------------------------
Populacao final da era:
Individuo 1:
{
  "Posicao": [4. 3. 5. 9. 9.]
             [2. 2. 1. 1. 1.],
  "Velocidade": [-4.6761424   2.73915404  0.          2.94981051  9.06689351]
                [0. 0. 0. 0. 0.],
  "funcao_objetivo": 0.79546620434330361120934031810591738660171764413450,
  "confiabilidade_total": 0.99004953767663688607092768784767292429044979135130
}
 
Individuo 2:
{
  "Posicao": [3. 3. 5. 6. 5.]
             [2. 2. 1. 2. 1.],
  "Velocidade": [ 2.50738954 -2.80814744  0.         -0.7590341  -1.81815875]
                [ 0.          0.78474277  0.         -0.14096513  0.        ],
  "funcao_objetivo": 0.67706913213222113628903721207347057991914008386523,
  "confiabilidade_total": 0.99456913213222108521877807931626972043208335168750
}
 
Individuo 3:
{
  "Posicao": [9. 4. 4. 3. 0.]
             [2. 1. 1. 2. 1.],
  "Velocidade": [ 2.5869532   0.15497722 -0.84994758 -3.02000224 -3.85523493]
                [ 0.         -0.84994758  0.          0.84994758  0.        ],
  "funcao_objetivo": 0.71005936534808160688364272754451368285427885705924,
  "confiabilidade_total": 0.98810936534808177890159816296626805609176951105094
}
 
Individuo 4:
{
  "Posicao": [8. 4. 7. 7. 1.]
             [2. 1. 1. 3. 1.],
  "Velocidade": [-0.68234928  4.29562447 -0.7708418  -0.25995467  0.50698557]
                [0.         0.25694727 0.         2.03019831 0.        ],
  "funcao_objetivo": 0.77845995085947503154519810004469693764997593253697,
  "confiabilidade_total": 0.99037661752614174302786752741351595275057426780308
}
 
Individuo 5:
{
  "Posicao": [3. 2. 3. 9. 4.]
             [1. 2. 1. 1. 1.],
  "Velocidade": [-3.96664115 -6.12043639 -5.62170253 -0.41055401 -1.49011855]
                [-1.61082943  0.          0.          0.          0.        ],
  "funcao_objetivo": 0.86958035961469156996449885917694006927611120608328,
  "confiabilidade_total": 0.96891369294802480186045517592513749257029779818533
}
 
Individuo 6:
{
  "Posicao": [9. 9. 2. 3. 4.]
             [2. 2. 1. 1. 1.],
  "Velocidade": [4.31562986 4.13382714 1.40771944 0.01013161 1.9821918 ]
                [0.13901809 0.13901809 0.13901809 0.         0.        ],
  "funcao_objetivo": 0.73614751752752921580062733263349512497265620146189,
  "confiabilidade_total": 0.98843085086086249195007341094043224955280108366404
}
 
Individuo 7:
{
  "Posicao": [9. 8. 9. 9. 9.]
             [2. 2. 2. 1. 1.],
  "Velocidade": [ 4.65091825  8.11105547 -0.16924713  1.11418187  4.73114731]
                [ 0.          0.93334141 -0.21946554  0.          0.        ],
  "funcao_objetivo": 0.49357405697116458374508110225678237303458342599767,
  "confiabilidade_total": 0.99147405697116459298213666713808478935919890451330
}
 
Individuo 8:
{
  "Posicao": [9. 5. 8. 8. 0.]
             [2. 1. 3. 1. 1.],
  "Velocidade": [3.63346441 4.99593635 1.69335973 1.11134654 0.01298708]
                [0.         0.24014782 1.81030631 0.         0.        ],
  "funcao_objetivo": 0.73036858788647319439672655729570836658328780350754,
  "confiabilidade_total": 0.96886858788647298989364542134187362055033454117844
}
 
Individuo 9:
{
  "Posicao": [6. 5. 2. 7. 0.]
             [1. 2. 1. 1. 3.],
  "Velocidade": [-2.9148677   4.83704401 -2.70431302  0.82615069 -1.95077229]
                [-1.49637782  0.          0.          0.          1.53696231],
  "funcao_objetivo": 0.68886378491479892797112739167505068926492689893898,
  "confiabilidade_total": 0.97178045158146577884229756073227335455248116300759
}
 
Individuo 10:
{
  "Posicao": [6. 0. 3. 9. 4.]
             [1. 1. 1. 1. 1.],
  "Velocidade": [-3.01687799 -6.26241627 -5.50286985  5.64032761 -2.13976983]
                [-0.601827  -0.601827  -3.8453808  0.         0.       ],
  "funcao_objetivo": 0.94826752587720244755993507080648122902871647910902,
  "confiabilidade_total": 0.94826752587720244755993507080648122902871647910902
}
 
Individuo 11:
{
  "Posicao": [8. 0. 3. 9. 3.]
             [2. 1. 1. 1. 1.],
  "Velocidade": [ 2.15160752 -4.54573812 -3.51954338  3.36408899  0.57297779]
                [ 0.         -1.60835942  0.          0.          0.        ],
  "funcao_objetivo": 0.97198290815483548126848932640029598719419670993708,
  "confiabilidade_total": 0.97198290815483548126848932640029598719419670993708
}
 
Individuo 12:
{
  "Posicao": [9. 9. 6. 5. 7.]
             [1. 1. 2. 1. 1.],
  "Velocidade": [1.63308473 9.3590369  2.52429383 2.4013926  1.01632916]
                [-1.73604543 -1.73604543 -0.61381389  0.          0.        ],
  "funcao_objetivo": 0.95774946167866597374185677829046950412850968350413,
  "confiabilidade_total": 0.95774946167866597374185677829046950412850968350413
}
 
Individuo 13:
{
  "Posicao": [7. 1. 1. 7. 0.]
             [1. 1. 1. 3. 1.],
  "Velocidade": [-0.86904538 -1.11226886  1.24955628 -2.4534344   0.16833601]
                [0.17154206 0.17154206 0.         2.10726658 0.        ],
  "funcao_objetivo": 0.92605730410608278781818349413952186562144514641069,
  "confiabilidade_total": 0.97575730410608277506172094119647321615391728004716
}
 
Individuo 14:
{
  "Posicao": [0. 6. 8. 8. 3.]
             [2. 2. 1. 1. 1.],
  "Velocidade": [ 0.40347668  5.53784215 -0.78188943  8.07421034 -1.85665382]
                [-1.41587774  0.          0.          0.          0.        ],
  "funcao_objetivo": 0.89273734839513651062839336284496621568728780647768,
  "confiabilidade_total": 0.99182068172846972842451726685367557560135221382631
}
 
Individuo 15:
{
  "Posicao": [9. 4. 6. 2. 9.]
             [2. 2. 1. 1. 1.],
  "Velocidade": [ 1.78878228  3.58295083 -1.73179556  1.93127063  5.14013793]
                [0.         0.76703505 0.         0.         0.        ],
  "funcao_objetivo": 0.74376712689490250311562418856584795388536886954354,
  "confiabilidade_total": 0.98920046022823576346659662645680750823723511481332
}
 
Individuo 16:
{
  "Posicao": [9. 9. 9. 1. 0.]
             [2. 3. 1. 1. 1.],
  "Velocidade": [ 2.24128889 11.24839685  3.7276323  -2.51259976 -2.01354855]
                [0.         1.54730446 0.         0.         0.        ],
  "funcao_objetivo": 0.37574892288430581633039896076406898614361780356839,
  "confiabilidade_total": 0.99199892288430558651423286335666511845186250876858
}
 
Individuo 17:
{
  "Posicao": [8. 6. 7. 8. 1.]
             [2. 2. 3. 1. 1.],
  "Velocidade": [-1.39686211  6.32058189  0.75267517  0.9624642   1.39541145]
                [0.75267517 0.75267517 1.82631174 0.         0.        ],
  "funcao_objetivo": 0.55061557879004902220688306046708093147980134018630,
  "confiabilidade_total": 0.99396557879004898854492095383233462583528916367263
}
 
Individuo 18:
{
  "Posicao": [4. 4. 5. 9. 2.]
             [2. 2. 1. 3. 1.],
  "Velocidade": [-1.13499366  3.64272803  0.          4.26095748  2.03943667]
                [0.53879297 0.53879297 0.         2.44124894 0.        ],
  "funcao_objetivo": 0.13764056788829275771065359127413840589708075340219,
  "confiabilidade_total": 0.99502390122162614386099694944158555565065131004282
}
 
Individuo 19:
{
  "Posicao": [9. 1. 5. 9. 2.]
             [1. 1. 3. 1. 1.],
  "Velocidade": [-0.21150054  1.22588208  0.          1.44295833  1.87432198]
                [0.27279426 0.27279426 2.24580571 0.         0.        ],
  "funcao_objetivo": 0.95544498318153356568814791255808782712796024410629,
  "confiabilidade_total": 0.97077831651486692767448713975900287456118754475021
}
 
Individuo 20:
{
  "Posicao": [6. 8. 5. 9. 9.]
             [2. 2. 1. 3. 1.],
  "Velocidade": [-2.31025562  4.54604741 -0.50982103  2.78980269  6.5954219 ]
                [0.50982103 0.         0.         2.04435921 0.        ],
  "funcao_objetivo": 0.35166485317878433226887419216179405394878051487120,
  "confiabilidade_total": 0.99384818651211777153228704839673009756889007297666
}
 
Individuo 21:
{
  "Posicao": [9. 4. 4. 5. 0.]
             [2. 2. 1. 1. 1.],
  "Velocidade": [ 1.29015234  4.27439392  0.18722067 -0.99218696 -2.1311467 ]
                [0.45638005 0.         0.         0.         0.        ],
  "funcao_objetivo": 0.75588608732753746954670439586438535445248826213095,
  "confiabilidade_total": 0.98933608732753732162058859480852790840780480571005
}
 
Individuo 22:
{
  "Posicao": [6. 1. 5. 7. 4.]
             [2. 2. 1. 1. 1.],
  "Velocidade": [ 2.97503197 -1.69645632  0.         -0.03106951  0.17811183]
                [0.       0.085121 0.       0.       0.      ],
  "funcao_objetivo": 0.91734144218444588735041684086936799704771896200270,
  "confiabilidade_total": 0.99125810885111258728676681213655899174254794912428
}
 
Individuo 23:
{
  "Posicao": [9. 7. 7. 6. 1.]
             [2. 2. 1. 1. 1.],
  "Velocidade": [ 4.04983024 -0.83296306 -1.66508811  1.33710252  0.53505881]
                [ 1.12475924  0.          0.          0.         -1.12475924],
  "funcao_objetivo": 0.91554461707859938013500678765798775522720527219041,
  "confiabilidade_total": 0.98774461707859936654587696624607170044195365475877
}
 
Individuo 24:
{
  "Posicao": [8. 1. 5. 7. 3.]
             [2. 2. 1. 1. 1.],
  "Velocidade": [-0.44086361 -0.45936881  1.14391676  1.12402549  1.16720675]
                [-1.14391676 -1.14391676  0.         -1.14391676  0.        ],
  "funcao_objetivo": 0.99077534581364838835632624816992321452514550050050,
  "confiabilidade_total": 0.99077534581364838835632624816992321452514550050050
}
 
Individuo 25:
{
  "Posicao": [8. 0. 4. 7. 4.]
             [1. 1. 1. 2. 1.],
  "Velocidade": [ 2.84255341 -2.75346738 -1.34238983 -0.13842102  3.95011345]
                [-1.34238983 -1.34238983  0.          0.39582618  0.        ],
  "funcao_objetivo": 0.96599179543587621975319164741950428351456682787565,
  "confiabilidade_total": 0.96599179543587621975319164741950428351456682787565
}
 
Individuo 26:
{
  "Posicao": [8. 3. 7. 8. 4.]
             [2. 1. 1. 1. 2.],
  "Velocidade": [ 0.67280714  0.97327086  3.82999098 -1.30512968  0.92478359]
                [ 0.         -0.54242181  0.          0.          0.54242181],
  "funcao_objetivo": 0.90392408237579374598472081171937110030136208455003,
  "confiabilidade_total": 0.96675741570912712587340631100093536206565003315843
}
 
Individuo 27:
{
  "Posicao": [9. 0. 6. 7. 5.]
             [1. 2. 1. 1. 2.],
  "Velocidade": [ 2.90354592 -4.10550165 -3.42502178  1.11109189  2.08286375]
                [-0.53054928  0.          0.          0.         -0.98417216],
  "funcao_objetivo": 0.94368609049896060775173820741342501116101285189921,
  "confiabilidade_total": 0.96518609049896071358374802980647222704370161265666
}
 
Individuo 28:
{
  "Posicao": [7. 7. 9. 4. 2.]
             [3. 2. 1. 1. 1.],
  "Velocidade": [ 1.75389231  7.27249512 -0.23353765 -1.86565762  0.17863687]
                [0.59890254 0.         0.         0.         0.        ],
  "funcao_objetivo": 0.70810187963047154764515500703277590533032235308984,
  "confiabilidade_total": 0.99363521296380443699289930593517434631719407245019
}
 
Individuo 29:
{
  "Posicao": [7. 0. 5. 9. 1.]
             [2. 2. 1. 1. 1.],
  "Velocidade": [ 0.41725374 -4.40407203 -0.35476502  5.20966573 -3.94039402]
                [0.35476502 0.35476502 0.         0.35476502 0.        ],
  "funcao_objetivo": 0.94375696908715152580881369495691656877171615139702,
  "confiabilidade_total": 0.99192363575381829720015836518476858938812645153263
}
 
Individuo 30:
{
  "Posicao": [6. 1. 5. 8. 7.]
             [1. 2. 1. 1. 1.],
  "Velocidade": [-1.6593166   0.95710114  0.          1.86004493  6.92012359]
                [-1.95687771  0.          0.          0.          0.        ],
  "funcao_objetivo": 0.96359443071555607968842890463755394399665066303320,
  "confiabilidade_total": 0.96359443071555607968842890463755394399665066303320
}
 
Individuo 31:
{
  "Posicao": [8. 0. 5. 6. 2.]
             [2. 1. 1. 1. 1.],
  "Velocidade": [-0.30221551 -5.98140935  1.21717098 -2.54549784 -6.87516521]
                [ 0.         -1.57344597  0.          0.          0.        ],
  "funcao_objetivo": 0.97350860702729478909948646024072823725690127960815,
  "confiabilidade_total": 0.97350860702729478909948646024072823725690127960815
}
 
Individuo 32:
{
  "Posicao": [8. 7. 5. 6. 1.]
             [1. 1. 1. 2. 1.],
  "Velocidade": [ 0.42986295  7.37189595  0.         -3.22385547  0.56117619]
                [-0.69262237 -0.69262237  0.          0.69262237  0.        ],
  "funcao_objetivo": 0.96141654662305513229569471403310979492997009459246,
  "confiabilidade_total": 0.96141654662305513229569471403310979492997009459246
}
 
Individuo 33:
{
  "Posicao": [9. 6. 9. 0. 9.]
             [2. 3. 1. 1. 1.],
  "Velocidade": [13.14359407  1.86082789  3.79614998 -2.06802532 22.10537453]
                [0.         3.48214717 0.         0.         0.        ],
  "funcao_objetivo": 0.46520111996709004232841287338559224472595736638807,
  "confiabilidade_total": 0.99208445330042330146924221443513117001606509343885
}
 
Individuo 34:
{
  "Posicao": [8. 6. 5. 9. 9.]
             [2. 1. 1. 1. 1.],
  "Velocidade": [-1.49426788  6.14433975  0.          3.82626441  6.36760745]
                [0.         0.49237032 0.         0.         0.        ],
  "funcao_objetivo": 0.95771423679677099023092079193194326761747864413603,
  "confiabilidade_total": 0.95771423679677099023092079193194326761747864413603
}
 
Individuo 35:
{
  "Posicao": [7. 0. 4. 6. 2.]
             [3. 3. 1. 2. 1.],
  "Velocidade": [ 0.12234858 -5.57039772 -1.12682509 -0.59659148 -2.41436126]
                [1.12682509 1.12682509 0.         1.12682509 0.        ],
  "funcao_objetivo": 0.0064114186618095802884007495859097253027099925836344,
  "confiabilidade_total": 0.99911141866180966262254025578751876311923449819887
}
 
Individuo 36:
{
  "Posicao": [8. 5. 2. 9. 2.]
             [2. 3. 1. 1. 1.],
  "Velocidade": [ 3.40854644 -4.11854662  2.4882713   0.12589192  2.23243808]
                [ 0.         -0.40328948  0.          0.          0.        ],
  "funcao_objetivo": 0.85047002650690979116582916782911854971914403955011,
  "confiabilidade_total": 0.99397002650690977984155431665252183739810102502374
}
 
Individuo 37:
{
  "Posicao": [5. 6. 5. 4. 2.]
             [2. 2. 1. 1. 1.],
  "Velocidade": [ 4.62990896  6.10474285 -3.53636362  2.40506637  1.86926691]
                [0.55862194 0.55862194 0.         0.         0.        ],
  "funcao_objetivo": 0.90021278982503128110534497361318542163343711769876,
  "confiabilidade_total": 0.98946278982503134649748112403490565258534236824808
}
 
Individuo 38:
{
  "Posicao": [8. 2. 5. 9. 5.]
             [2. 2. 1. 1. 1.],
  "Velocidade": [-1.14415448  2.16471644  3.12363778  5.24691282  2.68040907]
                [-1.04121259 -1.04121259  0.          0.         -2.08242518],
  "funcao_objetivo": 0.96910543883081269736651379540254367363713085355058,
  "confiabilidade_total": 0.98985543883081277477681418739158345467484891118303
}
 
Individuo 39:
{
  "Posicao": [6. 4. 2. 6. 0.]
             [1. 1. 1. 1. 1.],
  "Velocidade": [-2.58349156  4.04640361 -2.55854389 -1.78485997 -3.59426756]
                [0.28268993 0.28268993 0.         0.         0.        ],
  "funcao_objetivo": 0.94653354955910135650196169267869250268521235266696,
  "confiabilidade_total": 0.94653354955910135650196169267869250268521235266696
}
 
Individuo 40:
{
  "Posicao": [9. 6. 5. 7. 2.]
             [2. 2. 1. 1. 1.],
  "Velocidade": [ 4.0252608   5.89013005 -0.96093795 -2.47245352  1.87962957]
                [-0.96093795 -0.96093795  0.          0.         -0.96093795],
  "funcao_objetivo": 0.91722473175957287146087651220739945572968475179150,
  "confiabilidade_total": 0.98780806509290618884400572509265049164350978688671
}
 
Individuo 41:
{
  "Posicao": [6. 3. 5. 8. 4.]
             [2. 2. 1. 1. 1.],
  "Velocidade": [ 0.17001551 -2.3754877   0.02847637 -0.13717659 -1.4141967 ]
                [0.16152776 0.16152776 0.         0.         0.16152776],
  "funcao_objetivo": 0.84472840750616622933979907651965703083124799989127,
  "confiabilidade_total": 0.98972840750616627485894308615107518820014639161490
}
 
Individuo 42:
{
  "Posicao": [8. 3. 4. 6. 3.]
             [2. 2. 1. 1. 1.],
  "Velocidade": [-1.46273145  2.5340957  -3.50649114 -3.33679422  2.12374302]
                [-0.7259097 -0.7259097  0.         0.         0.       ],
  "funcao_objetivo": 0.82837539339685412426567163974299591696821903482492,
  "confiabilidade_total": 0.98987539339685407341745711191082636556588863626535
}
 
Individuo 43:
{
  "Posicao": [6. 1. 5. 7. 5.]
             [2. 2. 1. 1. 3.],
  "Velocidade": [-3.29994752  1.05047479  1.16480618 -0.57455524  1.6253225 ]
                [1.16480618 1.16480618 0.         0.         1.71131158],
  "funcao_objetivo": 0.64477353730445785681518978659688523138980666115583,
  "confiabilidade_total": 0.99222353730445781014141383135530427198033133461774
}
 
Individuo 44:
{
  "Posicao": [9. 9. 0. 4. 4.]
             [2. 2. 1. 1. 1.],
  "Velocidade": [ 5.8370611  13.08319883 -1.22867279 -0.55292842  3.83833737]
                [0.90133597 0.90133597 0.         0.         0.        ],
  "funcao_objetivo": 0.65742083077972645547963535539823015592536946001555,
  "confiabilidade_total": 0.98933749744639303762132241393631221167287846270110
}
 
Individuo 45:
{
  "Posicao": [4. 1. 9. 7. 3.]
             [2. 2. 1. 1. 1.],
  "Velocidade": [ 4.26148566 -1.7079529   5.6404313   0.53689126  1.02606882]
                [0.25865211 0.25865211 0.         0.         0.        ],
  "funcao_objetivo": 0.81629205866189829942244019349277348699428911986300,
  "confiabilidade_total": 0.99160872532856506582784264906808655685194607558200
}
 
Individuo 46:
{
  "Posicao": [6. 0. 7. 9. 3.]
             [1. 1. 1. 1. 1.],
  "Velocidade": [-2.32079112 -5.22582459  4.39416713  4.37143305 -2.51868234]
                [-0.52142686 -0.52142686  0.          0.          0.        ],
  "funcao_objetivo": 0.94514921739019943117043832250380421524205828088016,
  "confiabilidade_total": 0.94514921739019943117043832250380421524205828088016
}
 
Individuo 47:
{
  "Posicao": [9. 2. 7. 9. 1.]
             [1. 1. 1. 1. 1.],
  "Velocidade": [ 3.04637603  2.07677078  3.64478471 -0.34886184 -4.25573437]
                [-1.69000721 -1.69000721  0.          0.          0.        ],
  "funcao_objetivo": 0.93749380782793136716533724805718456390680165829695,
  "confiabilidade_total": 0.93749380782793136716533724805718456390680165829695
}
 
Individuo 48:
{
  "Posicao": [9. 9. 9. 9. 9.]
             [1. 1. 1. 1. 1.],
  "Velocidade": [ 2.70166608  7.60564937 10.25300473  1.29038436  6.58452207]
                [-2.77781296 -2.77781296  0.          0.         -2.15216972],
  "funcao_objetivo": 0.92181345945038678244207680372688968965794721216508,
  "confiabilidade_total": 0.92181345945038678244207680372688968965794721216508
}
 
Individuo 49:
{
  "Posicao": [7. 4. 9. 6. 9.]
             [2. 2. 1. 1. 2.],
  "Velocidade": [-0.11461419 -1.30707017  6.42609015  0.11110062  2.88908346]
                [-0.25083239 -0.25083239  0.          0.         -0.6333342 ],
  "funcao_objetivo": 0.49618434785982445096736214056539329194737516557066,
  "confiabilidade_total": 0.98993434785982430663836893929504303687525831376402
}
 
Individuo 50:
{
  "Posicao": [7. 3. 5. 7. 5.]
             [1. 1. 1. 1. 1.],
  "Velocidade": [ 3.21732274 -1.77221533  0.         -2.39065663  0.09519715]
                [-1.60785124 -1.60785124  0.          0.          0.        ],
  "funcao_objetivo": 0.93841429388265973101475246627052120724757351954718,
  "confiabilidade_total": 0.93841429388265973101475246627052120724757351954718
}
 
-----------------------------------------
-----------------------------------------
-----------------------------------------
-----------------------------------------
GERACAO 5
Populacao antes da execucao:
Individuo 1:
{
  "Posicao": [4. 3. 5. 9. 9.]
             [2. 2. 1. 1. 1.],
  "Velocidade": [-4.6761424   2.73915404  0.          2.94981051  9.06689351]
                [0. 0. 0. 0. 0.],
  "funcao_objetivo": 0.79546620434330361120934031810591738660171764413450,
  "confiabilidade_total": 0.99004953767663688607092768784767292429044979135130
}
 
Individuo 2:
{
  "Posicao": [3. 3. 5. 6. 5.]
             [2. 2. 1. 2. 1.],
  "Velocidade": [ 2.50738954 -2.80814744  0.         -0.7590341  -1.81815875]
                [ 0.          0.78474277  0.         -0.14096513  0.        ],
  "funcao_objetivo": 0.67706913213222113628903721207347057991914008386523,
  "confiabilidade_total": 0.99456913213222108521877807931626972043208335168750
}
 
Individuo 3:
{
  "Posicao": [9. 4. 4. 3. 0.]
             [2. 1. 1. 2. 1.],
  "Velocidade": [ 2.5869532   0.15497722 -0.84994758 -3.02000224 -3.85523493]
                [ 0.         -0.84994758  0.          0.84994758  0.        ],
  "funcao_objetivo": 0.71005936534808160688364272754451368285427885705924,
  "confiabilidade_total": 0.98810936534808177890159816296626805609176951105094
}
 
Individuo 4:
{
  "Posicao": [8. 4. 7. 7. 1.]
             [2. 1. 1. 3. 1.],
  "Velocidade": [-0.68234928  4.29562447 -0.7708418  -0.25995467  0.50698557]
                [0.         0.25694727 0.         2.03019831 0.        ],
  "funcao_objetivo": 0.77845995085947503154519810004469693764997593253697,
  "confiabilidade_total": 0.99037661752614174302786752741351595275057426780308
}
 
Individuo 5:
{
  "Posicao": [3. 2. 3. 9. 4.]
             [1. 2. 1. 1. 1.],
  "Velocidade": [-3.96664115 -6.12043639 -5.62170253 -0.41055401 -1.49011855]
                [-1.61082943  0.          0.          0.          0.        ],
  "funcao_objetivo": 0.86958035961469156996449885917694006927611120608328,
  "confiabilidade_total": 0.96891369294802480186045517592513749257029779818533
}
 
Individuo 6:
{
  "Posicao": [9. 9. 2. 3. 4.]
             [2. 2. 1. 1. 1.],
  "Velocidade": [4.31562986 4.13382714 1.40771944 0.01013161 1.9821918 ]
                [0.13901809 0.13901809 0.13901809 0.         0.        ],
  "funcao_objetivo": 0.73614751752752921580062733263349512497265620146189,
  "confiabilidade_total": 0.98843085086086249195007341094043224955280108366404
}
 
Individuo 7:
{
  "Posicao": [9. 8. 9. 9. 9.]
             [2. 2. 2. 1. 1.],
  "Velocidade": [ 4.65091825  8.11105547 -0.16924713  1.11418187  4.73114731]
                [ 0.          0.93334141 -0.21946554  0.          0.        ],
  "funcao_objetivo": 0.49357405697116458374508110225678237303458342599767,
  "confiabilidade_total": 0.99147405697116459298213666713808478935919890451330
}
 
Individuo 8:
{
  "Posicao": [9. 5. 8. 8. 0.]
             [2. 1. 3. 1. 1.],
  "Velocidade": [3.63346441 4.99593635 1.69335973 1.11134654 0.01298708]
                [0.         0.24014782 1.81030631 0.         0.        ],
  "funcao_objetivo": 0.73036858788647319439672655729570836658328780350754,
  "confiabilidade_total": 0.96886858788647298989364542134187362055033454117844
}
 
Individuo 9:
{
  "Posicao": [6. 5. 2. 7. 0.]
             [1. 2. 1. 1. 3.],
  "Velocidade": [-2.9148677   4.83704401 -2.70431302  0.82615069 -1.95077229]
                [-1.49637782  0.          0.          0.          1.53696231],
  "funcao_objetivo": 0.68886378491479892797112739167505068926492689893898,
  "confiabilidade_total": 0.97178045158146577884229756073227335455248116300759
}
 
Individuo 10:
{
  "Posicao": [6. 0. 3. 9. 4.]
             [1. 1. 1. 1. 1.],
  "Velocidade": [-3.01687799 -6.26241627 -5.50286985  5.64032761 -2.13976983]
                [-0.601827  -0.601827  -3.8453808  0.         0.       ],
  "funcao_objetivo": 0.94826752587720244755993507080648122902871647910902,
  "confiabilidade_total": 0.94826752587720244755993507080648122902871647910902
}
 
Individuo 11:
{
  "Posicao": [8. 0. 3. 9. 3.]
             [2. 1. 1. 1. 1.],
  "Velocidade": [ 2.15160752 -4.54573812 -3.51954338  3.36408899  0.57297779]
                [ 0.         -1.60835942  0.          0.          0.        ],
  "funcao_objetivo": 0.97198290815483548126848932640029598719419670993708,
  "confiabilidade_total": 0.97198290815483548126848932640029598719419670993708
}
 
Individuo 12:
{
  "Posicao": [9. 9. 6. 5. 7.]
             [1. 1. 2. 1. 1.],
  "Velocidade": [1.63308473 9.3590369  2.52429383 2.4013926  1.01632916]
                [-1.73604543 -1.73604543 -0.61381389  0.          0.        ],
  "funcao_objetivo": 0.95774946167866597374185677829046950412850968350413,
  "confiabilidade_total": 0.95774946167866597374185677829046950412850968350413
}
 
Individuo 13:
{
  "Posicao": [7. 1. 1. 7. 0.]
             [1. 1. 1. 3. 1.],
  "Velocidade": [-0.86904538 -1.11226886  1.24955628 -2.4534344   0.16833601]
                [0.17154206 0.17154206 0.         2.10726658 0.        ],
  "funcao_objetivo": 0.92605730410608278781818349413952186562144514641069,
  "confiabilidade_total": 0.97575730410608277506172094119647321615391728004716
}
 
Individuo 14:
{
  "Posicao": [0. 6. 8. 8. 3.]
             [2. 2. 1. 1. 1.],
  "Velocidade": [ 0.40347668  5.53784215 -0.78188943  8.07421034 -1.85665382]
                [-1.41587774  0.          0.          0.          0.        ],
  "funcao_objetivo": 0.89273734839513651062839336284496621568728780647768,
  "confiabilidade_total": 0.99182068172846972842451726685367557560135221382631
}
 
Individuo 15:
{
  "Posicao": [9. 4. 6. 2. 9.]
             [2. 2. 1. 1. 1.],
  "Velocidade": [ 1.78878228  3.58295083 -1.73179556  1.93127063  5.14013793]
                [0.         0.76703505 0.         0.         0.        ],
  "funcao_objetivo": 0.74376712689490250311562418856584795388536886954354,
  "confiabilidade_total": 0.98920046022823576346659662645680750823723511481332
}
 
Individuo 16:
{
  "Posicao": [9. 9. 9. 1. 0.]
             [2. 3. 1. 1. 1.],
  "Velocidade": [ 2.24128889 11.24839685  3.7276323  -2.51259976 -2.01354855]
                [0.         1.54730446 0.         0.         0.        ],
  "funcao_objetivo": 0.37574892288430581633039896076406898614361780356839,
  "confiabilidade_total": 0.99199892288430558651423286335666511845186250876858
}
 
Individuo 17:
{
  "Posicao": [8. 6. 7. 8. 1.]
             [2. 2. 3. 1. 1.],
  "Velocidade": [-1.39686211  6.32058189  0.75267517  0.9624642   1.39541145]
                [0.75267517 0.75267517 1.82631174 0.         0.        ],
  "funcao_objetivo": 0.55061557879004902220688306046708093147980134018630,
  "confiabilidade_total": 0.99396557879004898854492095383233462583528916367263
}
 
Individuo 18:
{
  "Posicao": [4. 4. 5. 9. 2.]
             [2. 2. 1. 3. 1.],
  "Velocidade": [-1.13499366  3.64272803  0.          4.26095748  2.03943667]
                [0.53879297 0.53879297 0.         2.44124894 0.        ],
  "funcao_objetivo": 0.13764056788829275771065359127413840589708075340219,
  "confiabilidade_total": 0.99502390122162614386099694944158555565065131004282
}
 
Individuo 19:
{
  "Posicao": [9. 1. 5. 9. 2.]
             [1. 1. 3. 1. 1.],
  "Velocidade": [-0.21150054  1.22588208  0.          1.44295833  1.87432198]
                [0.27279426 0.27279426 2.24580571 0.         0.        ],
  "funcao_objetivo": 0.95544498318153356568814791255808782712796024410629,
  "confiabilidade_total": 0.97077831651486692767448713975900287456118754475021
}
 
Individuo 20:
{
  "Posicao": [6. 8. 5. 9. 9.]
             [2. 2. 1. 3. 1.],
  "Velocidade": [-2.31025562  4.54604741 -0.50982103  2.78980269  6.5954219 ]
                [0.50982103 0.         0.         2.04435921 0.        ],
  "funcao_objetivo": 0.35166485317878433226887419216179405394878051487120,
  "confiabilidade_total": 0.99384818651211777153228704839673009756889007297666
}
 
Individuo 21:
{
  "Posicao": [9. 4. 4. 5. 0.]
             [2. 2. 1. 1. 1.],
  "Velocidade": [ 1.29015234  4.27439392  0.18722067 -0.99218696 -2.1311467 ]
                [0.45638005 0.         0.         0.         0.        ],
  "funcao_objetivo": 0.75588608732753746954670439586438535445248826213095,
  "confiabilidade_total": 0.98933608732753732162058859480852790840780480571005
}
 
Individuo 22:
{
  "Posicao": [6. 1. 5. 7. 4.]
             [2. 2. 1. 1. 1.],
  "Velocidade": [ 2.97503197 -1.69645632  0.         -0.03106951  0.17811183]
                [0.       0.085121 0.       0.       0.      ],
  "funcao_objetivo": 0.91734144218444588735041684086936799704771896200270,
  "confiabilidade_total": 0.99125810885111258728676681213655899174254794912428
}
 
Individuo 23:
{
  "Posicao": [9. 7. 7. 6. 1.]
             [2. 2. 1. 1. 1.],
  "Velocidade": [ 4.04983024 -0.83296306 -1.66508811  1.33710252  0.53505881]
                [ 1.12475924  0.          0.          0.         -1.12475924],
  "funcao_objetivo": 0.91554461707859938013500678765798775522720527219041,
  "confiabilidade_total": 0.98774461707859936654587696624607170044195365475877
}
 
Individuo 24:
{
  "Posicao": [8. 1. 5. 7. 3.]
             [2. 2. 1. 1. 1.],
  "Velocidade": [-0.44086361 -0.45936881  1.14391676  1.12402549  1.16720675]
                [-1.14391676 -1.14391676  0.         -1.14391676  0.        ],
  "funcao_objetivo": 0.99077534581364838835632624816992321452514550050050,
  "confiabilidade_total": 0.99077534581364838835632624816992321452514550050050
}
 
Individuo 25:
{
  "Posicao": [8. 0. 4. 7. 4.]
             [1. 1. 1. 2. 1.],
  "Velocidade": [ 2.84255341 -2.75346738 -1.34238983 -0.13842102  3.95011345]
                [-1.34238983 -1.34238983  0.          0.39582618  0.        ],
  "funcao_objetivo": 0.96599179543587621975319164741950428351456682787565,
  "confiabilidade_total": 0.96599179543587621975319164741950428351456682787565
}
 
Individuo 26:
{
  "Posicao": [8. 3. 7. 8. 4.]
             [2. 1. 1. 1. 2.],
  "Velocidade": [ 0.67280714  0.97327086  3.82999098 -1.30512968  0.92478359]
                [ 0.         -0.54242181  0.          0.          0.54242181],
  "funcao_objetivo": 0.90392408237579374598472081171937110030136208455003,
  "confiabilidade_total": 0.96675741570912712587340631100093536206565003315843
}
 
Individuo 27:
{
  "Posicao": [9. 0. 6. 7. 5.]
             [1. 2. 1. 1. 2.],
  "Velocidade": [ 2.90354592 -4.10550165 -3.42502178  1.11109189  2.08286375]
                [-0.53054928  0.          0.          0.         -0.98417216],
  "funcao_objetivo": 0.94368609049896060775173820741342501116101285189921,
  "confiabilidade_total": 0.96518609049896071358374802980647222704370161265666
}
 
Individuo 28:
{
  "Posicao": [7. 7. 9. 4. 2.]
             [3. 2. 1. 1. 1.],
  "Velocidade": [ 1.75389231  7.27249512 -0.23353765 -1.86565762  0.17863687]
                [0.59890254 0.         0.         0.         0.        ],
  "funcao_objetivo": 0.70810187963047154764515500703277590533032235308984,
  "confiabilidade_total": 0.99363521296380443699289930593517434631719407245019
}
 
Individuo 29:
{
  "Posicao": [7. 0. 5. 9. 1.]
             [2. 2. 1. 1. 1.],
  "Velocidade": [ 0.41725374 -4.40407203 -0.35476502  5.20966573 -3.94039402]
                [0.35476502 0.35476502 0.         0.35476502 0.        ],
  "funcao_objetivo": 0.94375696908715152580881369495691656877171615139702,
  "confiabilidade_total": 0.99192363575381829720015836518476858938812645153263
}
 
Individuo 30:
{
  "Posicao": [6. 1. 5. 8. 7.]
             [1. 2. 1. 1. 1.],
  "Velocidade": [-1.6593166   0.95710114  0.          1.86004493  6.92012359]
                [-1.95687771  0.          0.          0.          0.        ],
  "funcao_objetivo": 0.96359443071555607968842890463755394399665066303320,
  "confiabilidade_total": 0.96359443071555607968842890463755394399665066303320
}
 
Individuo 31:
{
  "Posicao": [8. 0. 5. 6. 2.]
             [2. 1. 1. 1. 1.],
  "Velocidade": [-0.30221551 -5.98140935  1.21717098 -2.54549784 -6.87516521]
                [ 0.         -1.57344597  0.          0.          0.        ],
  "funcao_objetivo": 0.97350860702729478909948646024072823725690127960815,
  "confiabilidade_total": 0.97350860702729478909948646024072823725690127960815
}
 
Individuo 32:
{
  "Posicao": [8. 7. 5. 6. 1.]
             [1. 1. 1. 2. 1.],
  "Velocidade": [ 0.42986295  7.37189595  0.         -3.22385547  0.56117619]
                [-0.69262237 -0.69262237  0.          0.69262237  0.        ],
  "funcao_objetivo": 0.96141654662305513229569471403310979492997009459246,
  "confiabilidade_total": 0.96141654662305513229569471403310979492997009459246
}
 
Individuo 33:
{
  "Posicao": [9. 6. 9. 0. 9.]
             [2. 3. 1. 1. 1.],
  "Velocidade": [13.14359407  1.86082789  3.79614998 -2.06802532 22.10537453]
                [0.         3.48214717 0.         0.         0.        ],
  "funcao_objetivo": 0.46520111996709004232841287338559224472595736638807,
  "confiabilidade_total": 0.99208445330042330146924221443513117001606509343885
}
 
Individuo 34:
{
  "Posicao": [8. 6. 5. 9. 9.]
             [2. 1. 1. 1. 1.],
  "Velocidade": [-1.49426788  6.14433975  0.          3.82626441  6.36760745]
                [0.         0.49237032 0.         0.         0.        ],
  "funcao_objetivo": 0.95771423679677099023092079193194326761747864413603,
  "confiabilidade_total": 0.95771423679677099023092079193194326761747864413603
}
 
Individuo 35:
{
  "Posicao": [7. 0. 4. 6. 2.]
             [3. 3. 1. 2. 1.],
  "Velocidade": [ 0.12234858 -5.57039772 -1.12682509 -0.59659148 -2.41436126]
                [1.12682509 1.12682509 0.         1.12682509 0.        ],
  "funcao_objetivo": 0.0064114186618095802884007495859097253027099925836344,
  "confiabilidade_total": 0.99911141866180966262254025578751876311923449819887
}
 
Individuo 36:
{
  "Posicao": [8. 5. 2. 9. 2.]
             [2. 3. 1. 1. 1.],
  "Velocidade": [ 3.40854644 -4.11854662  2.4882713   0.12589192  2.23243808]
                [ 0.         -0.40328948  0.          0.          0.        ],
  "funcao_objetivo": 0.85047002650690979116582916782911854971914403955011,
  "confiabilidade_total": 0.99397002650690977984155431665252183739810102502374
}
 
Individuo 37:
{
  "Posicao": [5. 6. 5. 4. 2.]
             [2. 2. 1. 1. 1.],
  "Velocidade": [ 4.62990896  6.10474285 -3.53636362  2.40506637  1.86926691]
                [0.55862194 0.55862194 0.         0.         0.        ],
  "funcao_objetivo": 0.90021278982503128110534497361318542163343711769876,
  "confiabilidade_total": 0.98946278982503134649748112403490565258534236824808
}
 
Individuo 38:
{
  "Posicao": [8. 2. 5. 9. 5.]
             [2. 2. 1. 1. 1.],
  "Velocidade": [-1.14415448  2.16471644  3.12363778  5.24691282  2.68040907]
                [-1.04121259 -1.04121259  0.          0.         -2.08242518],
  "funcao_objetivo": 0.96910543883081269736651379540254367363713085355058,
  "confiabilidade_total": 0.98985543883081277477681418739158345467484891118303
}
 
Individuo 39:
{
  "Posicao": [6. 4. 2. 6. 0.]
             [1. 1. 1. 1. 1.],
  "Velocidade": [-2.58349156  4.04640361 -2.55854389 -1.78485997 -3.59426756]
                [0.28268993 0.28268993 0.         0.         0.        ],
  "funcao_objetivo": 0.94653354955910135650196169267869250268521235266696,
  "confiabilidade_total": 0.94653354955910135650196169267869250268521235266696
}
 
Individuo 40:
{
  "Posicao": [9. 6. 5. 7. 2.]
             [2. 2. 1. 1. 1.],
  "Velocidade": [ 4.0252608   5.89013005 -0.96093795 -2.47245352  1.87962957]
                [-0.96093795 -0.96093795  0.          0.         -0.96093795],
  "funcao_objetivo": 0.91722473175957287146087651220739945572968475179150,
  "confiabilidade_total": 0.98780806509290618884400572509265049164350978688671
}
 
Individuo 41:
{
  "Posicao": [6. 3. 5. 8. 4.]
             [2. 2. 1. 1. 1.],
  "Velocidade": [ 0.17001551 -2.3754877   0.02847637 -0.13717659 -1.4141967 ]
                [0.16152776 0.16152776 0.         0.         0.16152776],
  "funcao_objetivo": 0.84472840750616622933979907651965703083124799989127,
  "confiabilidade_total": 0.98972840750616627485894308615107518820014639161490
}
 
Individuo 42:
{
  "Posicao": [8. 3. 4. 6. 3.]
             [2. 2. 1. 1. 1.],
  "Velocidade": [-1.46273145  2.5340957  -3.50649114 -3.33679422  2.12374302]
                [-0.7259097 -0.7259097  0.         0.         0.       ],
  "funcao_objetivo": 0.82837539339685412426567163974299591696821903482492,
  "confiabilidade_total": 0.98987539339685407341745711191082636556588863626535
}
 
Individuo 43:
{
  "Posicao": [6. 1. 5. 7. 5.]
             [2. 2. 1. 1. 3.],
  "Velocidade": [-3.29994752  1.05047479  1.16480618 -0.57455524  1.6253225 ]
                [1.16480618 1.16480618 0.         0.         1.71131158],
  "funcao_objetivo": 0.64477353730445785681518978659688523138980666115583,
  "confiabilidade_total": 0.99222353730445781014141383135530427198033133461774
}
 
Individuo 44:
{
  "Posicao": [9. 9. 0. 4. 4.]
             [2. 2. 1. 1. 1.],
  "Velocidade": [ 5.8370611  13.08319883 -1.22867279 -0.55292842  3.83833737]
                [0.90133597 0.90133597 0.         0.         0.        ],
  "funcao_objetivo": 0.65742083077972645547963535539823015592536946001555,
  "confiabilidade_total": 0.98933749744639303762132241393631221167287846270110
}
 
Individuo 45:
{
  "Posicao": [4. 1. 9. 7. 3.]
             [2. 2. 1. 1. 1.],
  "Velocidade": [ 4.26148566 -1.7079529   5.6404313   0.53689126  1.02606882]
                [0.25865211 0.25865211 0.         0.         0.        ],
  "funcao_objetivo": 0.81629205866189829942244019349277348699428911986300,
  "confiabilidade_total": 0.99160872532856506582784264906808655685194607558200
}
 
Individuo 46:
{
  "Posicao": [6. 0. 7. 9. 3.]
             [1. 1. 1. 1. 1.],
  "Velocidade": [-2.32079112 -5.22582459  4.39416713  4.37143305 -2.51868234]
                [-0.52142686 -0.52142686  0.          0.          0.        ],
  "funcao_objetivo": 0.94514921739019943117043832250380421524205828088016,
  "confiabilidade_total": 0.94514921739019943117043832250380421524205828088016
}
 
Individuo 47:
{
  "Posicao": [9. 2. 7. 9. 1.]
             [1. 1. 1. 1. 1.],
  "Velocidade": [ 3.04637603  2.07677078  3.64478471 -0.34886184 -4.25573437]
                [-1.69000721 -1.69000721  0.          0.          0.        ],
  "funcao_objetivo": 0.93749380782793136716533724805718456390680165829695,
  "confiabilidade_total": 0.93749380782793136716533724805718456390680165829695
}
 
Individuo 48:
{
  "Posicao": [9. 9. 9. 9. 9.]
             [1. 1. 1. 1. 1.],
  "Velocidade": [ 2.70166608  7.60564937 10.25300473  1.29038436  6.58452207]
                [-2.77781296 -2.77781296  0.          0.         -2.15216972],
  "funcao_objetivo": 0.92181345945038678244207680372688968965794721216508,
  "confiabilidade_total": 0.92181345945038678244207680372688968965794721216508
}
 
Individuo 49:
{
  "Posicao": [7. 4. 9. 6. 9.]
             [2. 2. 1. 1. 2.],
  "Velocidade": [-0.11461419 -1.30707017  6.42609015  0.11110062  2.88908346]
                [-0.25083239 -0.25083239  0.          0.         -0.6333342 ],
  "funcao_objetivo": 0.49618434785982445096736214056539329194737516557066,
  "confiabilidade_total": 0.98993434785982430663836893929504303687525831376402
}
 
Individuo 50:
{
  "Posicao": [7. 3. 5. 7. 5.]
             [1. 1. 1. 1. 1.],
  "Velocidade": [ 3.21732274 -1.77221533  0.         -2.39065663  0.09519715]
                [-1.60785124 -1.60785124  0.          0.          0.        ],
  "funcao_objetivo": 0.93841429388265973101475246627052120724757351954718,
  "confiabilidade_total": 0.93841429388265973101475246627052120724757351954718
}
 
-----------------------------------------
Populacao final da era:
Individuo 1:
{
  "Posicao": [3. 4. 5. 9. 9.]
             [2. 2. 1. 1. 1.],
  "Velocidade": [-1.25792083  1.13745493  0.          0.94248484  3.71700941]
                [0. 0. 0. 0. 0.],
  "funcao_objetivo": 0.79544728360818098694522581154290836435898739788970,
  "confiabilidade_total": 0.99003061694151426180681318128466390204771954510650
}
 
Individuo 2:
{
  "Posicao": [9. 0. 5. 6. 2.]
             [2. 3. 1. 1. 1.],
  "Velocidade": [ 6.75652837 -4.802979    0.          0.43776045 -2.77642919]
                [ 0.          0.70816329  0.         -1.25663864  0.        ],
  "funcao_objetivo": 0.53967448574135203035876075724045535560720666924054,
  "confiabilidade_total": 0.99305781907468519646290063470187619339698061028058
}
 
Individuo 3:
{
  "Posicao": [9. 2. 4. 5. 1.]
             [2. 1. 1. 2. 1.],
  "Velocidade": [-0.10544464 -1.94877066  0.31622442  2.27992102  1.47759983]
                [ 0.          0.31622442  0.         -0.31622442  0.        ],
  "funcao_objetivo": 0.89730156329253222630255600915673351496013808652493,
  "confiabilidade_total": 0.98780156329253209851588587480121571220013308927151
}
 
Individuo 4:
{
  "Posicao": [5. 9. 1. 9. 9.]
             [2. 3. 1. 1. 1.],
  "Velocidade": [-3.3661872   6.66673108 -6.16191797  4.01930737 15.02271212]
                [ 0.          2.95754772  0.         -3.47125002  0.        ],
  "funcao_objetivo": 0.58741854211251866513679547541435213960858701114304,
  "confiabilidade_total": 0.99403520877918515264307191490409068964573262576706
}
 
Individuo 5:
{
  "Posicao": [3. 0. 0. 3. 4.]
             [1. 2. 1. 1. 1.],
  "Velocidade": [-0.0247607  -7.92583184 -5.70773618 -6.24777919  0.32887058]
                [0.38092752 0.         0.         0.         0.        ],
  "funcao_objetivo": 0.90417503921205890114656002301663165568115643575905,
  "confiabilidade_total": 0.97800837254539211039396663741163565433325699880837
}
 
Individuo 6:
{
  "Posicao": [7. 0. 2. 7. 8.]
             [1. 1. 3. 1. 1.],
  "Velocidade": [ -1.64413845 -13.47127185  -0.44370499   3.96696107   3.809636  ]
                [-1.77201025 -1.77201025  2.03909069  0.          0.        ],
  "funcao_objetivo": 0.88151102822034185150337114941476177916764774181246,
  "confiabilidade_total": 0.97601102822034187992508057981876921401261844493746
}
 
Individuo 7:
{
  "Posicao": [7. 0. 5. 9. 7.]
             [2. 1. 1. 1. 1.],
  "Velocidade": [-2.26749718 -8.97390619 -3.90763134  0.17027686 -1.59538253]
                [ 0.         -1.0484856  -0.66081862  0.          0.        ],
  "funcao_objetivo": 0.97127320920290457261558251822348176001608609824773,
  "confiabilidade_total": 0.97127320920290457261558251822348176001608609824773
}
 
Individuo 8:
{
  "Posicao": [9. 8. 6. 9. 7.]
             [2. 3. 2. 1. 1.],
  "Velocidade": [ 0.56236492  3.04135885 -1.74072132  1.65265946  6.89286216]
                [ 0.          1.69464829 -1.18895348  0.          0.        ],
  "funcao_objetivo": 0.39045632298138646035673327215308942372571307147127,
  "confiabilidade_total": 0.99678965631471979561445318150336076046000796282869
}
 
Individuo 9:
{
  "Posicao": [4. 5. 3. 7. 4.]
             [1. 2. 1. 1. 1.],
  "Velocidade": [-1.90866816  0.27373321  0.88361755  0.38992531  3.70982313]
                [ 0.1424007   0.          0.          0.         -1.51729962],
  "funcao_objetivo": 0.96691692290879652167319020386351629965212711065459,
  "confiabilidade_total": 0.96691692290879652167319020386351629965212711065459
}
 
Individuo 10:
{
  "Posicao": [5. 3. 2. 9. 3.]
             [2. 2. 3. 1. 1.],
  "Velocidade": [-1.01888808  3.16593394 -1.333688    2.04809253 -1.47309121]
                [1.30100027 1.30100027 3.69385745 0.         0.        ],
  "funcao_objetivo": 0.44555987329631661216981000085856304233268842273992,
  "confiabilidade_total": 0.99467653996298326787487467105951746655003175312322
}
 
Individuo 11:
{
  "Posicao": [8. 2. 3. 9. 8.]
             [2. 1. 1. 1. 1.],
  "Velocidade": [3.74309121e-01 2.48158161e+00 4.17363762e-03 8.77634105e-01
 5.33632648e+00]
                [0.         0.14753284 0.         0.         0.        ],
  "funcao_objetivo": 0.96582081374013294418137003015176523300080750922724,
  "confiabilidade_total": 0.96582081374013294418137003015176523300080750922724
}
 
Individuo 12:
{
  "Posicao": [9. 9. 8. 8. 7.]
             [2. 2. 1. 1. 1.],
  "Velocidade": [0.79590671 5.24015174 1.84077563 3.07959611 0.01467675]
                [ 1.34710332  1.34710332 -0.91016217  0.          0.        ],
  "funcao_objetivo": 0.85874383137111291550278825948126032986290529530880,
  "confiabilidade_total": 0.98574383137111280625684263636585675217754915517208
}
 
Individuo 13:
{
  "Posicao": [6. 7. 9. 8. 9.]
             [3. 3. 1. 1. 1.],
  "Velocidade": [-0.83480152  6.22196428  9.90978825  0.55940283 13.24541556]
                [ 2.34214999  2.34214999  0.         -2.33050286  0.        ],
  "funcao_objetivo": 0.40969760869878886150658116934114482235155757443812,
  "confiabilidade_total": 0.99788094203212191974145197422235619258127864377406
}
 
Individuo 14:
{
  "Posicao": [5. 7. 5. 9. 4.]
             [1. 2. 1. 1. 1.],
  "Velocidade": [ 4.59676259  1.19991856 -2.65621155  2.39855516  1.44889999]
                [-2.06845478  0.          0.          0.          0.        ],
  "funcao_objetivo": 0.96101586280718293927816224045427784070859248789296,
  "confiabilidade_total": 0.96101586280718293927816224045427784070859248789296
}
 
Individuo 15:
{
  "Posicao": [7. 1. 7. 3. 9.]
             [2. 1. 1. 1. 1.],
  "Velocidade": [-1.97374656 -3.47457263  0.62524839  1.43735241 -0.15768708]
                [ 0.         -0.64146457  0.          0.          0.        ],
  "funcao_objetivo": 0.97131571660137236945649049116933187252959118822639,
  "confiabilidade_total": 0.97131571660137236945649049116933187252959118822639
}
 
Individuo 16:
{
  "Posicao": [9. 3. 9. 6. 3.]
             [2. 1. 1. 1. 1.],
  "Velocidade": [-0.39980416 -5.86203494  1.05763036  5.24473868  3.17134795]
                [ 0.        -1.7268814  0.         0.         0.       ],
  "funcao_objetivo": 0.96321364221552030253226743045200236637199893520327,
  "confiabilidade_total": 0.96321364221552030253226743045200236637199893520327
}
 
Individuo 17:
{
  "Posicao": [6. 9. 5. 9. 8.]
             [3. 3. 2. 1. 1.],
  "Velocidade": [-2.06982606  3.02040426 -1.91081097  0.78544136  7.05789219]
                [ 0.72301676  0.72301676 -0.87947996  0.          0.        ],
  "funcao_objetivo": 0.094854656040763840414583776206301931481266138341653,
  "confiabilidade_total": 0.99842132270743041402975800562318175677528393008970
}
 
Individuo 18:
{
  "Posicao": [6. 6. 5. 9. 7.]
             [3. 3. 1. 3. 1.],
  "Velocidade": [1.8234974  1.65210801 0.         2.03202626 5.086793  ]
                [ 0.51756238  0.51756238  0.         -0.07154042  0.        ],
  "funcao_objetivo": -0.23033788371941004979806927426988901744733615118244,
  "confiabilidade_total": 0.99897878294725667436334709431821768929113583368084
}
 
Individuo 19:
{
  "Posicao": [8. 3. 5. 9. 5.]
             [2. 2. 1. 1. 1.],
  "Velocidade": [-0.70391395  1.78106942  0.          1.12674942  2.78400719]
                [ 0.51241877  0.51241877 -1.65656463  0.          0.        ],
  "funcao_objetivo": 0.97776470047441432404105065365477019120869705187494,
  "confiabilidade_total": 0.98884803380774764235399164966358982972731360899622
}
 
Individuo 20:
{
  "Posicao": [5. 3. 5. 9. 7.]
             [2. 2. 1. 1. 1.],
  "Velocidade": [-0.96719792 -5.22641497 -0.48973205  0.1758245  -1.58290426]
                [ 0.48973205  0.          0.         -2.19856369  0.        ],
  "funcao_objetivo": 0.98060877501798448414877278698366228583744894690969,
  "confiabilidade_total": 0.98935877501798446069531139177723036938822995849111
}
 
Individuo 21:
{
  "Posicao": [7. 3. 6. 7. 5.]
             [2. 2. 1. 1. 1.],
  "Velocidade": [-2.24963596 -1.18611869  1.88521387  2.49675518  5.08715185]
                [0.41884429 0.         0.         0.         0.        ],
  "funcao_objetivo": 0.97715323746486559318057786879422653949499953972678,
  "confiabilidade_total": 0.98965323746486559387446725918494937725976933228354
}
 
Individuo 22:
{
  "Posicao": [9. 7. 5. 9. 8.]
             [2. 2. 1. 1. 1.],
  "Velocidade": [2.64548716 5.75202784 0.         1.81556401 3.86191202]
                [0.        0.0817669 0.        0.        0.       ],
  "funcao_objetivo": 0.91968309390618978189735953987372002607159704740773,
  "confiabilidade_total": 0.98678309390618958059172071484033611645870298918019
}
 
Individuo 23:
{
  "Posicao": [3. 0. 7. 9. 9.]
             [1. 2. 1. 1. 2.],
  "Velocidade": [ -6.43547158 -21.69438357   0.17431002   4.43069163  11.96938909]
                [-0.93614565  0.          0.          0.          0.93614565],
  "funcao_objetivo": 0.74580389579249877734312904225751190784956360589123,
  "confiabilidade_total": 0.97048722912583216498117125342266882177080059777355
}
 
Individuo 24:
{
  "Posicao": [6. 1. 6. 8. 5.]
             [1. 1. 1. 2. 1.],
  "Velocidade": [-1.66447881 -0.44126785  1.09884187  1.0797344   2.36220113]
                [-1.09884187 -1.09884187  0.          1.09884187  0.        ],
  "funcao_objetivo": 0.96341636313119759587295127834851105604386506703618,
  "confiabilidade_total": 0.96341636313119759587295127834851105604386506703618
}
 
Individuo 25:
{
  "Posicao": [9. 2. 3. 7. 8.]
             [2. 2. 1. 2. 1.],
  "Velocidade": [ 2.49307102  2.40749534 -1.05201987 -0.13296668  3.79446322]
                [1.05201987 1.05201987 0.         0.14275461 0.        ],
  "funcao_objetivo": 0.67010588646924988559751118680023694232907016088476,
  "confiabilidade_total": 0.99338921980258340521886656540400338181163985540380
}
 
Individuo 26:
{
  "Posicao": [8. 6. 9. 7. 7.]
             [2. 1. 1. 1. 2.],
  "Velocidade": [-0.26396978  3.21886468  2.67943794 -1.34307283  3.35102894]
                [ 0.          0.38921741  0.          0.         -0.38921741],
  "funcao_objetivo": 0.95020948927409776193310049867376968741831053209541,
  "confiabilidade_total": 0.96400948927409771659714328810550235921931136560676
}
 
Individuo 27:
{
  "Posicao": [8. 5. 6. 8. 7.]
             [1. 2. 1. 1. 2.],
  "Velocidade": [-1.24715413  4.80524046 -0.2600882   1.06731044  1.66535237]
                [0.17420528 0.         0.         0.         0.40187606],
  "funcao_objetivo": 0.96383831842497852073270523965571864425453525601254,
  "confiabilidade_total": 0.96383831842497852073270523965571864425453525601254
}
 
Individuo 28:
{
  "Posicao": [8. 0. 3. 9. 9.]
             [1. 2. 1. 1. 1.],
  "Velocidade": [ 0.62653023 -6.59562991 -6.10395329  4.99863658  7.87353962]
                [-2.74654162  0.          0.          0.          0.        ],
  "funcao_objetivo": 0.96501282840780882246957262114853129136459506101484,
  "confiabilidade_total": 0.96501282840780882246957262114853129136459506101484
}
 
Individuo 29:
{
  "Posicao": [7. 1. 5. 9. 3.]
             [2. 2. 1. 2. 1.],
  "Velocidade": [0.40081227 1.2586377  0.36190728 1.16867089 1.6170965 ]
                [-0.36190728 -0.36190728  0.          1.043479    0.        ],
  "funcao_objetivo": 0.67167307139410433545785093966740029490128567691636,
  "confiabilidade_total": 0.99383973806077113098440333116056942007080128665757
}
 
Individuo 30:
{
  "Posicao": [8. 2. 5. 8. 4.]
             [1. 2. 1. 1. 1.],
  "Velocidade": [ 2.09657151  0.91938754  0.         -0.35160548 -2.87192294]
                [0.2585883 0.        0.        0.        0.       ],
  "funcao_objetivo": 0.96207269800306685576021016918354232869083988945373,
  "confiabilidade_total": 0.96207269800306685576021016918354232869083988945373
}
 
Individuo 31:
{
  "Posicao": [5. 5. 6. 9. 3.]
             [2. 2. 1. 1. 1.],
  "Velocidade": [-2.60823071  5.19111782  1.16920959  3.32029346  1.47915594]
                [0.         0.80647777 0.         0.         0.        ],
  "funcao_objetivo": 0.98837826741092359488418345961487107407073005624018,
  "confiabilidade_total": 0.98837826741092359488418345961487107407073005624018
}
 
Individuo 32:
{
  "Posicao": [8. 9. 5. 4. 4.]
             [1. 1. 1. 2. 1.],
  "Velocidade": [-0.12460434  5.22164575  0.         -2.01313142  2.97089399]
                [0.12780131 0.12780131 0.         0.12780131 0.        ],
  "funcao_objetivo": 0.96066457604610166460097253471775142968636083260862,
  "confiabilidade_total": 0.96066457604610166460097253471775142968636083260862
}
 
Individuo 33:
{
  "Posicao": [9. 1. 5. 9. 9.]
             [2. 3. 1. 1. 1.],
  "Velocidade": [ 9.23610689 -5.48586135 -4.33316538 13.478716    7.35779238]
                [ 0.         -0.44957048  0.          0.          0.        ],
  "funcao_objetivo": 0.54639048286227129740178154961954954732220995774014,
  "confiabilidade_total": 0.99250714952893806979128610792445637006324160446866
}
 
Individuo 34:
{
  "Posicao": [4. 7. 5. 9. 7.]
             [2. 3. 1. 1. 1.],
  "Velocidade": [-3.91676448  1.34632155  0.          1.85313165 -1.57959914]
                [0.         2.95434569 0.         0.         0.        ],
  "funcao_objetivo": 0.69496018755427171332770224838322078293685302045527,
  "confiabilidade_total": 0.99402685422093838841726092853940840295080527570429
}
 
Individuo 35:
{
  "Posicao": [7. 3. 5. 8. 4.]
             [2. 2. 1. 1. 1.],
  "Velocidade": [0.11752756 2.94259436 1.32588378 1.83522408 2.49738914]
                [-1.32588378 -1.32588378  0.         -1.32588378  0.        ],
  "funcao_objetivo": 0.94243106100163642716730661619549438495898767410230,
  "confiabilidade_total": 0.98959772766830306865041434094819352634960933624219
}
 
Individuo 36:
{
  "Posicao": [8. 1. 7. 8. 8.]
             [2. 1. 1. 1. 1.],
  "Velocidade": [ 0.19941389 -3.75486646  4.79613639 -1.48301066  6.0212643 ]
                [ 0.         -3.46222049  0.          0.          0.        ],
  "funcao_objetivo": 0.96803934569015628458232293232431480259246373680387,
  "confiabilidade_total": 0.96803934569015628458232293232431480259246373680387
}
 
Individuo 37:
{
  "Posicao": [4. 5. 6. 4. 2.]
             [1. 1. 1. 1. 1.],
  "Velocidade": [-1.09459472 -0.99314429  1.08136223  0.1549681  -0.3876722 ]
                [-0.58298474 -0.58298474  0.          0.          0.        ],
  "funcao_objetivo": 0.94186938522128321111796117441264392720039861509832,
  "confiabilidade_total": 0.94186938522128321111796117441264392720039861509832
}
 
Individuo 38:
{
  "Posicao": [7. 4. 8. 9. 7.]
             [1. 1. 1. 1. 3.],
  "Velocidade": [-1.48424672  1.69424149  3.00055398  4.26981054  2.18961377]
                [-1.00018466 -1.00018466  0.          0.          2.00036932],
  "funcao_objetivo": 0.89499367971278760639582609183745521975918468151242,
  "confiabilidade_total": 0.94039367971278752598237241823736699687554296169430
}
 
Individuo 39:
{
  "Posicao": [2. 9. 2. 6. 3.]
             [3. 3. 1. 1. 1.],
  "Velocidade": [-3.75870566  6.40545807  0.27394615 -0.36645729  3.25219225]
                [1.6196229 1.6196229 0.        0.        0.       ],
  "funcao_objetivo": 0.27221185752043444790619965716864834312740269673537,
  "confiabilidade_total": 0.99834519085376799503888158598379385430756512654494
}
 
Individuo 40:
{
  "Posicao": [7. 9. 4. 6. 9.]
             [1. 1. 1. 1. 2.],
  "Velocidade": [-2.3873964   4.19680386 -0.92307316 -0.95764068  8.05961053]
                [-0.92307316 -0.92307316  0.          0.          0.92307316],
  "funcao_objetivo": 0.94025901184229130944852752902212867003936502393668,
  "confiabilidade_total": 0.94025901184229130944852752902212867003936502393668
}
 
Individuo 41:
{
  "Posicao": [6. 0. 5. 8. 3.]
             [2. 2. 1. 1. 1.],
  "Velocidade": [ 0.43153849 -2.71677064  0.02735429 -0.39999356 -1.30769275]
                [0.15516292 0.15516292 0.         0.         0.15516292],
  "funcao_objetivo": 0.89171732864146433282572826873379353964565322623795,
  "confiabilidade_total": 0.99205066197479759336543862081102970586953685508316
}
 
Individuo 42:
{
  "Posicao": [2. 7. 3. 7. 9.]
             [1. 1. 1. 1. 1.],
  "Velocidade": [-5.78290816  4.27223267 -1.34464474  1.17250295  6.41787324]
                [-0.69730596 -0.69730596  0.          0.          0.        ],
  "funcao_objetivo": 0.94327480963124582502016066270892581219353730650360,
  "confiabilidade_total": 0.94327480963124582502016066270892581219353730650360
}
 
Individuo 43:
{
  "Posicao": [4. 8. 6. 9. 9.]
             [3. 3. 1. 1. 2.],
  "Velocidade": [-1.61435341  7.36869978  1.11890817  1.99193169  3.82148604]
                [ 1.11890817  1.11890817  0.          0.         -1.46724694],
  "funcao_objetivo": -0.066208804437146808377683360278323869449842644115073,
  "confiabilidade_total": 0.99822452889618625651852559235382674332166843376579
}
 
Individuo 44:
{
  "Posicao": [9. 5. 9. 9. 9.]
             [3. 3. 1. 1. 1.],
  "Velocidade": [ 0.9530043  -3.81472863 10.45487507  7.56684711  5.36245355]
                [0.86581973 0.86581973 0.         0.         0.        ],
  "funcao_objetivo": 0.33204545828486046006933273254018780656094648005279,
  "confiabilidade_total": 0.99749545828486039052496247002038211442465879084381
}
 
Individuo 45:
{
  "Posicao": [9. 4. 8. 9. 8.]
             [1. 1. 1. 1. 1.],
  "Velocidade": [ 5.28717542  2.76909603 -0.58305204  1.6181728   4.69081896]
                [-0.85397701 -0.85397701  0.          0.          0.        ],
  "funcao_objetivo": 0.93024764197927722659404579955413020724354878529873,
  "confiabilidade_total": 0.93024764197927722659404579955413020724354878529873
}
 
Individuo 46:
{
  "Posicao": [5. 4. 9. 9. 2.]
             [2. 2. 1. 1. 1.],
  "Velocidade": [-1.04492825  3.53290623  1.85219054  2.2337997  -1.13415991]
                [0.58267202 0.58267202 0.         0.         0.        ],
  "funcao_objetivo": 0.85122774198852401748360175184184515396809190437294,
  "confiabilidade_total": 0.98881107532185726947459481430537595893001168891884
}
 
Individuo 47:
{
  "Posicao": [9. 7. 8. 8. 2.]
             [2. 2. 1. 1. 1.],
  "Velocidade": [ 0.80823181  4.64331243  1.3830608  -0.97024929  1.31357208]
                [0.56436176 0.56436176 0.         0.         0.        ],
  "funcao_objetivo": 0.97270207289914516381434115647171298574895176171495,
  "confiabilidade_total": 0.98720207289914490781078946571842922081478449582292
}
 
Individuo 48:
{
  "Posicao": [6. 0. 6. 7. 5.]
             [1. 1. 1. 1. 3.],
  "Velocidade": [-3.0895232  -8.63638425 -2.87978841 -1.7265585  -3.80881207]
                [0.17401038 0.17401038 0.         0.         2.06736565],
  "funcao_objetivo": 0.95254582914708454713699740190548391099217533063826,
  "confiabilidade_total": 0.95254582914708454713699740190548391099217533063826
}
 
Individuo 49:
{
  "Posicao": [7. 3. 9. 9. 0.]
             [1. 1. 1. 1. 1.],
  "Velocidade": [-0.11009794 -1.45520281  3.24433061  2.83563233 -9.87091906]
                [-1.23933511 -1.23933511  0.          0.         -1.34051479],
  "funcao_objetivo": 0.93514288723380269220968209240999934265926675457057,
  "confiabilidade_total": 0.93514288723380269220968209240999934265926675457057
}
 
Individuo 50:
{
  "Posicao": [8. 3. 5. 6. 6.]
             [1. 1. 1. 1. 1.],
  "Velocidade": [ 1.13765825  0.14650215  0.         -1.32001065  0.52766628]
                [0.02782663 0.02782663 0.         0.         0.        ],
  "funcao_objetivo": 0.93770599658605679862375210493788470311852582210166,
  "confiabilidade_total": 0.93770599658605679862375210493788470311852582210166
}
 
-----------------------------------------
-----------------------------------------
-----------------------------------------
-----------------------------------------
GERACAO 6
Populacao antes da execucao:
Individuo 1:
{
  "Posicao": [3. 4. 5. 9. 9.]
             [2. 2. 1. 1. 1.],
  "Velocidade": [-1.25792083  1.13745493  0.          0.94248484  3.71700941]
                [0. 0. 0. 0. 0.],
  "funcao_objetivo": 0.79544728360818098694522581154290836435898739788970,
  "confiabilidade_total": 0.99003061694151426180681318128466390204771954510650
}
 
Individuo 2:
{
  "Posicao": [9. 0. 5. 6. 2.]
             [2. 3. 1. 1. 1.],
  "Velocidade": [ 6.75652837 -4.802979    0.          0.43776045 -2.77642919]
                [ 0.          0.70816329  0.         -1.25663864  0.        ],
  "funcao_objetivo": 0.53967448574135203035876075724045535560720666924054,
  "confiabilidade_total": 0.99305781907468519646290063470187619339698061028058
}
 
Individuo 3:
{
  "Posicao": [9. 2. 4. 5. 1.]
             [2. 1. 1. 2. 1.],
  "Velocidade": [-0.10544464 -1.94877066  0.31622442  2.27992102  1.47759983]
                [ 0.          0.31622442  0.         -0.31622442  0.        ],
  "funcao_objetivo": 0.89730156329253222630255600915673351496013808652493,
  "confiabilidade_total": 0.98780156329253209851588587480121571220013308927151
}
 
Individuo 4:
{
  "Posicao": [5. 9. 1. 9. 9.]
             [2. 3. 1. 1. 1.],
  "Velocidade": [-3.3661872   6.66673108 -6.16191797  4.01930737 15.02271212]
                [ 0.          2.95754772  0.         -3.47125002  0.        ],
  "funcao_objetivo": 0.58741854211251866513679547541435213960858701114304,
  "confiabilidade_total": 0.99403520877918515264307191490409068964573262576706
}
 
Individuo 5:
{
  "Posicao": [3. 0. 0. 3. 4.]
             [1. 2. 1. 1. 1.],
  "Velocidade": [-0.0247607  -7.92583184 -5.70773618 -6.24777919  0.32887058]
                [0.38092752 0.         0.         0.         0.        ],
  "funcao_objetivo": 0.90417503921205890114656002301663165568115643575905,
  "confiabilidade_total": 0.97800837254539211039396663741163565433325699880837
}
 
Individuo 6:
{
  "Posicao": [7. 0. 2. 7. 8.]
             [1. 1. 3. 1. 1.],
  "Velocidade": [ -1.64413845 -13.47127185  -0.44370499   3.96696107   3.809636  ]
                [-1.77201025 -1.77201025  2.03909069  0.          0.        ],
  "funcao_objetivo": 0.88151102822034185150337114941476177916764774181246,
  "confiabilidade_total": 0.97601102822034187992508057981876921401261844493746
}
 
Individuo 7:
{
  "Posicao": [7. 0. 5. 9. 7.]
             [2. 1. 1. 1. 1.],
  "Velocidade": [-2.26749718 -8.97390619 -3.90763134  0.17027686 -1.59538253]
                [ 0.         -1.0484856  -0.66081862  0.          0.        ],
  "funcao_objetivo": 0.97127320920290457261558251822348176001608609824773,
  "confiabilidade_total": 0.97127320920290457261558251822348176001608609824773
}
 
Individuo 8:
{
  "Posicao": [9. 8. 6. 9. 7.]
             [2. 3. 2. 1. 1.],
  "Velocidade": [ 0.56236492  3.04135885 -1.74072132  1.65265946  6.89286216]
                [ 0.          1.69464829 -1.18895348  0.          0.        ],
  "funcao_objetivo": 0.39045632298138646035673327215308942372571307147127,
  "confiabilidade_total": 0.99678965631471979561445318150336076046000796282869
}
 
Individuo 9:
{
  "Posicao": [4. 5. 3. 7. 4.]
             [1. 2. 1. 1. 1.],
  "Velocidade": [-1.90866816  0.27373321  0.88361755  0.38992531  3.70982313]
                [ 0.1424007   0.          0.          0.         -1.51729962],
  "funcao_objetivo": 0.96691692290879652167319020386351629965212711065459,
  "confiabilidade_total": 0.96691692290879652167319020386351629965212711065459
}
 
Individuo 10:
{
  "Posicao": [5. 3. 2. 9. 3.]
             [2. 2. 3. 1. 1.],
  "Velocidade": [-1.01888808  3.16593394 -1.333688    2.04809253 -1.47309121]
                [1.30100027 1.30100027 3.69385745 0.         0.        ],
  "funcao_objetivo": 0.44555987329631661216981000085856304233268842273992,
  "confiabilidade_total": 0.99467653996298326787487467105951746655003175312322
}
 
Individuo 11:
{
  "Posicao": [8. 2. 3. 9. 8.]
             [2. 1. 1. 1. 1.],
  "Velocidade": [3.74309121e-01 2.48158161e+00 4.17363762e-03 8.77634105e-01
 5.33632648e+00]
                [0.         0.14753284 0.         0.         0.        ],
  "funcao_objetivo": 0.96582081374013294418137003015176523300080750922724,
  "confiabilidade_total": 0.96582081374013294418137003015176523300080750922724
}
 
Individuo 12:
{
  "Posicao": [9. 9. 8. 8. 7.]
             [2. 2. 1. 1. 1.],
  "Velocidade": [0.79590671 5.24015174 1.84077563 3.07959611 0.01467675]
                [ 1.34710332  1.34710332 -0.91016217  0.          0.        ],
  "funcao_objetivo": 0.85874383137111291550278825948126032986290529530880,
  "confiabilidade_total": 0.98574383137111280625684263636585675217754915517208
}
 
Individuo 13:
{
  "Posicao": [6. 7. 9. 8. 9.]
             [3. 3. 1. 1. 1.],
  "Velocidade": [-0.83480152  6.22196428  9.90978825  0.55940283 13.24541556]
                [ 2.34214999  2.34214999  0.         -2.33050286  0.        ],
  "funcao_objetivo": 0.40969760869878886150658116934114482235155757443812,
  "confiabilidade_total": 0.99788094203212191974145197422235619258127864377406
}
 
Individuo 14:
{
  "Posicao": [5. 7. 5. 9. 4.]
             [1. 2. 1. 1. 1.],
  "Velocidade": [ 4.59676259  1.19991856 -2.65621155  2.39855516  1.44889999]
                [-2.06845478  0.          0.          0.          0.        ],
  "funcao_objetivo": 0.96101586280718293927816224045427784070859248789296,
  "confiabilidade_total": 0.96101586280718293927816224045427784070859248789296
}
 
Individuo 15:
{
  "Posicao": [7. 1. 7. 3. 9.]
             [2. 1. 1. 1. 1.],
  "Velocidade": [-1.97374656 -3.47457263  0.62524839  1.43735241 -0.15768708]
                [ 0.         -0.64146457  0.          0.          0.        ],
  "funcao_objetivo": 0.97131571660137236945649049116933187252959118822639,
  "confiabilidade_total": 0.97131571660137236945649049116933187252959118822639
}
 
Individuo 16:
{
  "Posicao": [9. 3. 9. 6. 3.]
             [2. 1. 1. 1. 1.],
  "Velocidade": [-0.39980416 -5.86203494  1.05763036  5.24473868  3.17134795]
                [ 0.        -1.7268814  0.         0.         0.       ],
  "funcao_objetivo": 0.96321364221552030253226743045200236637199893520327,
  "confiabilidade_total": 0.96321364221552030253226743045200236637199893520327
}
 
Individuo 17:
{
  "Posicao": [6. 9. 5. 9. 8.]
             [3. 3. 2. 1. 1.],
  "Velocidade": [-2.06982606  3.02040426 -1.91081097  0.78544136  7.05789219]
                [ 0.72301676  0.72301676 -0.87947996  0.          0.        ],
  "funcao_objetivo": 0.094854656040763840414583776206301931481266138341653,
  "confiabilidade_total": 0.99842132270743041402975800562318175677528393008970
}
 
Individuo 18:
{
  "Posicao": [6. 6. 5. 9. 7.]
             [3. 3. 1. 3. 1.],
  "Velocidade": [1.8234974  1.65210801 0.         2.03202626 5.086793  ]
                [ 0.51756238  0.51756238  0.         -0.07154042  0.        ],
  "funcao_objetivo": -0.23033788371941004979806927426988901744733615118244,
  "confiabilidade_total": 0.99897878294725667436334709431821768929113583368084
}
 
Individuo 19:
{
  "Posicao": [8. 3. 5. 9. 5.]
             [2. 2. 1. 1. 1.],
  "Velocidade": [-0.70391395  1.78106942  0.          1.12674942  2.78400719]
                [ 0.51241877  0.51241877 -1.65656463  0.          0.        ],
  "funcao_objetivo": 0.97776470047441432404105065365477019120869705187494,
  "confiabilidade_total": 0.98884803380774764235399164966358982972731360899622
}
 
Individuo 20:
{
  "Posicao": [5. 3. 5. 9. 7.]
             [2. 2. 1. 1. 1.],
  "Velocidade": [-0.96719792 -5.22641497 -0.48973205  0.1758245  -1.58290426]
                [ 0.48973205  0.          0.         -2.19856369  0.        ],
  "funcao_objetivo": 0.98060877501798448414877278698366228583744894690969,
  "confiabilidade_total": 0.98935877501798446069531139177723036938822995849111
}
 
Individuo 21:
{
  "Posicao": [7. 3. 6. 7. 5.]
             [2. 2. 1. 1. 1.],
  "Velocidade": [-2.24963596 -1.18611869  1.88521387  2.49675518  5.08715185]
                [0.41884429 0.         0.         0.         0.        ],
  "funcao_objetivo": 0.97715323746486559318057786879422653949499953972678,
  "confiabilidade_total": 0.98965323746486559387446725918494937725976933228354
}
 
Individuo 22:
{
  "Posicao": [9. 7. 5. 9. 8.]
             [2. 2. 1. 1. 1.],
  "Velocidade": [2.64548716 5.75202784 0.         1.81556401 3.86191202]
                [0.        0.0817669 0.        0.        0.       ],
  "funcao_objetivo": 0.91968309390618978189735953987372002607159704740773,
  "confiabilidade_total": 0.98678309390618958059172071484033611645870298918019
}
 
Individuo 23:
{
  "Posicao": [3. 0. 7. 9. 9.]
             [1. 2. 1. 1. 2.],
  "Velocidade": [ -6.43547158 -21.69438357   0.17431002   4.43069163  11.96938909]
                [-0.93614565  0.          0.          0.          0.93614565],
  "funcao_objetivo": 0.74580389579249877734312904225751190784956360589123,
  "confiabilidade_total": 0.97048722912583216498117125342266882177080059777355
}
 
Individuo 24:
{
  "Posicao": [6. 1. 6. 8. 5.]
             [1. 1. 1. 2. 1.],
  "Velocidade": [-1.66447881 -0.44126785  1.09884187  1.0797344   2.36220113]
                [-1.09884187 -1.09884187  0.          1.09884187  0.        ],
  "funcao_objetivo": 0.96341636313119759587295127834851105604386506703618,
  "confiabilidade_total": 0.96341636313119759587295127834851105604386506703618
}
 
Individuo 25:
{
  "Posicao": [9. 2. 3. 7. 8.]
             [2. 2. 1. 2. 1.],
  "Velocidade": [ 2.49307102  2.40749534 -1.05201987 -0.13296668  3.79446322]
                [1.05201987 1.05201987 0.         0.14275461 0.        ],
  "funcao_objetivo": 0.67010588646924988559751118680023694232907016088476,
  "confiabilidade_total": 0.99338921980258340521886656540400338181163985540380
}
 
Individuo 26:
{
  "Posicao": [8. 6. 9. 7. 7.]
             [2. 1. 1. 1. 2.],
  "Velocidade": [-0.26396978  3.21886468  2.67943794 -1.34307283  3.35102894]
                [ 0.          0.38921741  0.          0.         -0.38921741],
  "funcao_objetivo": 0.95020948927409776193310049867376968741831053209541,
  "confiabilidade_total": 0.96400948927409771659714328810550235921931136560676
}
 
Individuo 27:
{
  "Posicao": [8. 5. 6. 8. 7.]
             [1. 2. 1. 1. 2.],
  "Velocidade": [-1.24715413  4.80524046 -0.2600882   1.06731044  1.66535237]
                [0.17420528 0.         0.         0.         0.40187606],
  "funcao_objetivo": 0.96383831842497852073270523965571864425453525601254,
  "confiabilidade_total": 0.96383831842497852073270523965571864425453525601254
}
 
Individuo 28:
{
  "Posicao": [8. 0. 3. 9. 9.]
             [1. 2. 1. 1. 1.],
  "Velocidade": [ 0.62653023 -6.59562991 -6.10395329  4.99863658  7.87353962]
                [-2.74654162  0.          0.          0.          0.        ],
  "funcao_objetivo": 0.96501282840780882246957262114853129136459506101484,
  "confiabilidade_total": 0.96501282840780882246957262114853129136459506101484
}
 
Individuo 29:
{
  "Posicao": [7. 1. 5. 9. 3.]
             [2. 2. 1. 2. 1.],
  "Velocidade": [0.40081227 1.2586377  0.36190728 1.16867089 1.6170965 ]
                [-0.36190728 -0.36190728  0.          1.043479    0.        ],
  "funcao_objetivo": 0.67167307139410433545785093966740029490128567691636,
  "confiabilidade_total": 0.99383973806077113098440333116056942007080128665757
}
 
Individuo 30:
{
  "Posicao": [8. 2. 5. 8. 4.]
             [1. 2. 1. 1. 1.],
  "Velocidade": [ 2.09657151  0.91938754  0.         -0.35160548 -2.87192294]
                [0.2585883 0.        0.        0.        0.       ],
  "funcao_objetivo": 0.96207269800306685576021016918354232869083988945373,
  "confiabilidade_total": 0.96207269800306685576021016918354232869083988945373
}
 
Individuo 31:
{
  "Posicao": [5. 5. 6. 9. 3.]
             [2. 2. 1. 1. 1.],
  "Velocidade": [-2.60823071  5.19111782  1.16920959  3.32029346  1.47915594]
                [0.         0.80647777 0.         0.         0.        ],
  "funcao_objetivo": 0.98837826741092359488418345961487107407073005624018,
  "confiabilidade_total": 0.98837826741092359488418345961487107407073005624018
}
 
Individuo 32:
{
  "Posicao": [8. 9. 5. 4. 4.]
             [1. 1. 1. 2. 1.],
  "Velocidade": [-0.12460434  5.22164575  0.         -2.01313142  2.97089399]
                [0.12780131 0.12780131 0.         0.12780131 0.        ],
  "funcao_objetivo": 0.96066457604610166460097253471775142968636083260862,
  "confiabilidade_total": 0.96066457604610166460097253471775142968636083260862
}
 
Individuo 33:
{
  "Posicao": [9. 1. 5. 9. 9.]
             [2. 3. 1. 1. 1.],
  "Velocidade": [ 9.23610689 -5.48586135 -4.33316538 13.478716    7.35779238]
                [ 0.         -0.44957048  0.          0.          0.        ],
  "funcao_objetivo": 0.54639048286227129740178154961954954732220995774014,
  "confiabilidade_total": 0.99250714952893806979128610792445637006324160446866
}
 
Individuo 34:
{
  "Posicao": [4. 7. 5. 9. 7.]
             [2. 3. 1. 1. 1.],
  "Velocidade": [-3.91676448  1.34632155  0.          1.85313165 -1.57959914]
                [0.         2.95434569 0.         0.         0.        ],
  "funcao_objetivo": 0.69496018755427171332770224838322078293685302045527,
  "confiabilidade_total": 0.99402685422093838841726092853940840295080527570429
}
 
Individuo 35:
{
  "Posicao": [7. 3. 5. 8. 4.]
             [2. 2. 1. 1. 1.],
  "Velocidade": [0.11752756 2.94259436 1.32588378 1.83522408 2.49738914]
                [-1.32588378 -1.32588378  0.         -1.32588378  0.        ],
  "funcao_objetivo": 0.94243106100163642716730661619549438495898767410230,
  "confiabilidade_total": 0.98959772766830306865041434094819352634960933624219
}
 
Individuo 36:
{
  "Posicao": [8. 1. 7. 8. 8.]
             [2. 1. 1. 1. 1.],
  "Velocidade": [ 0.19941389 -3.75486646  4.79613639 -1.48301066  6.0212643 ]
                [ 0.         -3.46222049  0.          0.          0.        ],
  "funcao_objetivo": 0.96803934569015628458232293232431480259246373680387,
  "confiabilidade_total": 0.96803934569015628458232293232431480259246373680387
}
 
Individuo 37:
{
  "Posicao": [4. 5. 6. 4. 2.]
             [1. 1. 1. 1. 1.],
  "Velocidade": [-1.09459472 -0.99314429  1.08136223  0.1549681  -0.3876722 ]
                [-0.58298474 -0.58298474  0.          0.          0.        ],
  "funcao_objetivo": 0.94186938522128321111796117441264392720039861509832,
  "confiabilidade_total": 0.94186938522128321111796117441264392720039861509832
}
 
Individuo 38:
{
  "Posicao": [7. 4. 8. 9. 7.]
             [1. 1. 1. 1. 3.],
  "Velocidade": [-1.48424672  1.69424149  3.00055398  4.26981054  2.18961377]
                [-1.00018466 -1.00018466  0.          0.          2.00036932],
  "funcao_objetivo": 0.89499367971278760639582609183745521975918468151242,
  "confiabilidade_total": 0.94039367971278752598237241823736699687554296169430
}
 
Individuo 39:
{
  "Posicao": [2. 9. 2. 6. 3.]
             [3. 3. 1. 1. 1.],
  "Velocidade": [-3.75870566  6.40545807  0.27394615 -0.36645729  3.25219225]
                [1.6196229 1.6196229 0.        0.        0.       ],
  "funcao_objetivo": 0.27221185752043444790619965716864834312740269673537,
  "confiabilidade_total": 0.99834519085376799503888158598379385430756512654494
}
 
Individuo 40:
{
  "Posicao": [7. 9. 4. 6. 9.]
             [1. 1. 1. 1. 2.],
  "Velocidade": [-2.3873964   4.19680386 -0.92307316 -0.95764068  8.05961053]
                [-0.92307316 -0.92307316  0.          0.          0.92307316],
  "funcao_objetivo": 0.94025901184229130944852752902212867003936502393668,
  "confiabilidade_total": 0.94025901184229130944852752902212867003936502393668
}
 
Individuo 41:
{
  "Posicao": [6. 0. 5. 8. 3.]
             [2. 2. 1. 1. 1.],
  "Velocidade": [ 0.43153849 -2.71677064  0.02735429 -0.39999356 -1.30769275]
                [0.15516292 0.15516292 0.         0.         0.15516292],
  "funcao_objetivo": 0.89171732864146433282572826873379353964565322623795,
  "confiabilidade_total": 0.99205066197479759336543862081102970586953685508316
}
 
Individuo 42:
{
  "Posicao": [2. 7. 3. 7. 9.]
             [1. 1. 1. 1. 1.],
  "Velocidade": [-5.78290816  4.27223267 -1.34464474  1.17250295  6.41787324]
                [-0.69730596 -0.69730596  0.          0.          0.        ],
  "funcao_objetivo": 0.94327480963124582502016066270892581219353730650360,
  "confiabilidade_total": 0.94327480963124582502016066270892581219353730650360
}
 
Individuo 43:
{
  "Posicao": [4. 8. 6. 9. 9.]
             [3. 3. 1. 1. 2.],
  "Velocidade": [-1.61435341  7.36869978  1.11890817  1.99193169  3.82148604]
                [ 1.11890817  1.11890817  0.          0.         -1.46724694],
  "funcao_objetivo": -0.066208804437146808377683360278323869449842644115073,
  "confiabilidade_total": 0.99822452889618625651852559235382674332166843376579
}
 
Individuo 44:
{
  "Posicao": [9. 5. 9. 9. 9.]
             [3. 3. 1. 1. 1.],
  "Velocidade": [ 0.9530043  -3.81472863 10.45487507  7.56684711  5.36245355]
                [0.86581973 0.86581973 0.         0.         0.        ],
  "funcao_objetivo": 0.33204545828486046006933273254018780656094648005279,
  "confiabilidade_total": 0.99749545828486039052496247002038211442465879084381
}
 
Individuo 45:
{
  "Posicao": [9. 4. 8. 9. 8.]
             [1. 1. 1. 1. 1.],
  "Velocidade": [ 5.28717542  2.76909603 -0.58305204  1.6181728   4.69081896]
                [-0.85397701 -0.85397701  0.          0.          0.        ],
  "funcao_objetivo": 0.93024764197927722659404579955413020724354878529873,
  "confiabilidade_total": 0.93024764197927722659404579955413020724354878529873
}
 
Individuo 46:
{
  "Posicao": [5. 4. 9. 9. 2.]
             [2. 2. 1. 1. 1.],
  "Velocidade": [-1.04492825  3.53290623  1.85219054  2.2337997  -1.13415991]
                [0.58267202 0.58267202 0.         0.         0.        ],
  "funcao_objetivo": 0.85122774198852401748360175184184515396809190437294,
  "confiabilidade_total": 0.98881107532185726947459481430537595893001168891884
}
 
Individuo 47:
{
  "Posicao": [9. 7. 8. 8. 2.]
             [2. 2. 1. 1. 1.],
  "Velocidade": [ 0.80823181  4.64331243  1.3830608  -0.97024929  1.31357208]
                [0.56436176 0.56436176 0.         0.         0.        ],
  "funcao_objetivo": 0.97270207289914516381434115647171298574895176171495,
  "confiabilidade_total": 0.98720207289914490781078946571842922081478449582292
}
 
Individuo 48:
{
  "Posicao": [6. 0. 6. 7. 5.]
             [1. 1. 1. 1. 3.],
  "Velocidade": [-3.0895232  -8.63638425 -2.87978841 -1.7265585  -3.80881207]
                [0.17401038 0.17401038 0.         0.         2.06736565],
  "funcao_objetivo": 0.95254582914708454713699740190548391099217533063826,
  "confiabilidade_total": 0.95254582914708454713699740190548391099217533063826
}
 
Individuo 49:
{
  "Posicao": [7. 3. 9. 9. 0.]
             [1. 1. 1. 1. 1.],
  "Velocidade": [-0.11009794 -1.45520281  3.24433061  2.83563233 -9.87091906]
                [-1.23933511 -1.23933511  0.          0.         -1.34051479],
  "funcao_objetivo": 0.93514288723380269220968209240999934265926675457057,
  "confiabilidade_total": 0.93514288723380269220968209240999934265926675457057
}
 
Individuo 50:
{
  "Posicao": [8. 3. 5. 6. 6.]
             [1. 1. 1. 1. 1.],
  "Velocidade": [ 1.13765825  0.14650215  0.         -1.32001065  0.52766628]
                [0.02782663 0.02782663 0.         0.         0.        ],
  "funcao_objetivo": 0.93770599658605679862375210493788470311852582210166,
  "confiabilidade_total": 0.93770599658605679862375210493788470311852582210166
}
 
-----------------------------------------
Populacao final da era:
Individuo 1:
{
  "Posicao": [7. 6. 5. 9. 9.]
             [2. 2. 1. 1. 1.],
  "Velocidade": [3.61774973 2.1917558  0.         0.37750871 0.34965152]
                [0. 0. 0. 0. 0.],
  "funcao_objetivo": 0.98484727703154714538996296672785803592283576866649,
  "confiabilidade_total": 0.98794727703154716826610838912920855135176628967784
}
 
Individuo 2:
{
  "Posicao": [2. 4. 5. 9. 8.]
             [2. 1. 1. 1. 1.],
  "Velocidade": [-7.43637202  4.42057027  0.          2.54688176  5.73534308]
                [ 0.         -2.8286356   0.          0.17646507  0.        ],
  "funcao_objetivo": 0.96301898513825169115260944616115663372284830191072,
  "confiabilidade_total": 0.96301898513825169115260944616115663372284830191072
}
 
Individuo 3:
{
  "Posicao": [5. 4. 6. 9. 8.]
             [2. 3. 1. 1. 1.],
  "Velocidade": [-4.20620087  2.23289202  1.88144865  5.32962695  7.09182917]
                [ 0.          1.88144865  0.         -1.88144865  0.        ],
  "funcao_objetivo": 0.64993891464899014946948375618386281504130273408485,
  "confiabilidade_total": 0.99343891464899039904761969191905310227370172090126
}
 
Individuo 4:
{
  "Posicao": [2. 9. 0. 9. 9.]
             [2. 1. 1. 3. 1.],
  "Velocidade": [-2.83908224  5.46998653 -5.13566608  3.69159494 13.72823188]
                [ 0.         -2.63153431  0.          3.30112423  0.        ],
  "funcao_objetivo": 0.43769202110674771323292633255315615065934486647718,
  "confiabilidade_total": 0.99292535444008098645138362584968000852110214491956
}
 
Individuo 5:
{
  "Posicao": [7. 5. 1. 4. 6.]
             [3. 2. 1. 1. 1.],
  "Velocidade": [3.99501249 5.31211381 0.81583276 1.0065042  2.26576623]
                [1.6110249 0.        0.        0.        0.       ],
  "funcao_objetivo": 0.81630172444452863114952123836124758813575326813182,
  "confiabilidade_total": 0.99413505777786208542314938752830005828336297882518
}
 
Individuo 6:
{
  "Posicao": [5. 9. 4. 9. 6.]
             [2. 2. 2. 1. 1.],
  "Velocidade": [-2.33137628 11.88174211  1.59813414  2.23690657 -2.39773847]
                [ 0.75586074  0.75586074 -0.68726876  0.          0.        ],
  "funcao_objetivo": 0.57883465893825773031788464941234817378273147732387,
  "confiabilidade_total": 0.99165132560492445092658733919995395116558212429653
}
 
Individuo 7:
{
  "Posicao": [4. 6. 5. 7. 2.]
             [2. 1. 1. 1. 1.],
  "Velocidade": [-3.26467855  6.20788556 -0.39118464 -2.27386568 -5.17088884]
                [0.         0.22079927 0.47987936 0.         0.        ],
  "funcao_objetivo": 0.96294517606687359990608163162875184350180775160172,
  "confiabilidade_total": 0.96294517606687359990608163162875184350180775160172
}
 
Individuo 8:
{
  "Posicao": [7. 1. 3. 8. 9.]
             [2. 3. 1. 1. 1.],
  "Velocidade": [-2.36656195 -6.66094793 -2.95570911 -1.02893822  2.35337748]
                [ 0.         -0.16091096 -2.58136563  0.          0.        ],
  "funcao_objetivo": 0.67585202865725877835812682875845697425182100610328,
  "confiabilidade_total": 0.99418536199059230190967171453527756683404680566382
}
 
Individuo 9:
{
  "Posicao": [3. 6. 3. 7. 6.]
             [1. 2. 1. 1. 2.],
  "Velocidade": [-0.77300495  0.79476966 -0.00409797 -0.20636833  1.79645463]
                [0.29040033 0.         0.         0.         0.86575342],
  "funcao_objetivo": 0.81642680971154298463885560444988023391592711573336,
  "confiabilidade_total": 0.97084347637820965892905370687595514482486456995699
}
 
Individuo 10:
{
  "Posicao": [7. 4. 5. 8. 4.]
             [3. 3. 2. 1. 1.],
  "Velocidade": [ 1.99566064  1.28626197  3.42661625 -0.5208561   0.82547347]
                [ 1.23723831  1.23723831 -0.54820862  0.          0.        ],
  "funcao_objetivo": 0.14008400251119490387145940053184105390561962419207,
  "confiabilidade_total": 0.99900066917786139897166132845765034044040584855730
}
 
Individuo 11:
{
  "Posicao": [6. 9. 8. 7. 9.]
             [2. 3. 1. 1. 1.],
  "Velocidade": [-1.96859933  8.82152228  4.65309624 -2.05728056  1.04821494]
                [0.         2.46486584 0.         0.         0.        ],
  "funcao_objetivo": 0.56510455470185643162894676761587101260718979584878,
  "confiabilidade_total": 0.99275455470185668378280012048142447362241425263589
}
 
Individuo 12:
{
  "Posicao": [6. 0. 0. 6. 4.]
             [1. 1. 2. 1. 1.],
  "Velocidade": [ -3.32450427 -20.41741895  -8.90911443  -1.83457753  -3.38560703]
                [-0.53394546 -0.53394546  0.94947215  0.          0.        ],
  "funcao_objetivo": 0.93689338290346480475885195184730278567300273966172,
  "confiabilidade_total": 0.97522671623679809349822712940351507865713073801377
}
 
Individuo 13:
{
  "Posicao": [8. 8. 9. 9. 9.]
             [3. 3. 1. 3. 1.],
  "Velocidade": [ 1.62857276  1.48917361 -0.2657328   2.15229051  6.54810191]
                [-0.19509937 -0.19509937  0.          2.21628504  0.        ],
  "funcao_objetivo": -0.18788260211048865975491674156299208046085842851874,
  "confiabilidade_total": 0.99870073122284444146778957680428053497188082929376
}
 
Individuo 14:
{
  "Posicao": [8. 5. 4. 6. 7.]
             [3. 2. 1. 1. 1.],
  "Velocidade": [ 2.51890443 -1.78799665 -1.22036607 -3.04758261  3.3363865 ]
                [1.91411693 0.         0.         0.         0.        ],
  "funcao_objetivo": 0.88153140535825599612648330781725181791860428087854,
  "confiabilidade_total": 0.99339807202492285675096274820647469082776274912500
}
 
Individuo 15:
{
  "Posicao": [5. 0. 7. 6. 6.]
             [2. 1. 1. 1. 1.],
  "Velocidade": [-1.87701334 -3.3557962  -0.32895127  3.16250818 -2.69065442]
                [0.         0.12249219 0.         0.         0.        ],
  "funcao_objetivo": 0.97328883266124918423172371941960444907938181978104,
  "confiabilidade_total": 0.97328883266124918423172371941960444907938181978104
}
 
Individuo 16:
{
  "Posicao": [7. 0. 8. 9. 6.]
             [2. 2. 1. 1. 1.],
  "Velocidade": [-2.23018296 -9.16657817 -0.95228231  3.73534577  2.63450587]
                [0.         1.15272747 0.         0.         0.        ],
  "funcao_objetivo": 0.92191065080960647314796418326241542141561717630605,
  "confiabilidade_total": 0.99142731747627305919486073091948560810325057150106
}
 
Individuo 17:
{
  "Posicao": [6. 9. 3. 9. 9.]
             [3. 3. 1. 1. 1.],
  "Velocidade": [ 0.0859283   0.25071593 -1.81716222  0.58484801  5.40115601]
                [-0.38009912 -0.38009912 -1.90405756  0.          0.        ],
  "funcao_objetivo": 0.16512585393545271078631465091929455682329570360861,
  "confiabilidade_total": 0.99769252060211922134082108162728288605503474779807
}
 
Individuo 18:
{
  "Posicao": [7. 6. 5. 9. 9.]
             [2. 2. 1. 1. 1.],
  "Velocidade": [1.03289757 0.3025007  0.         0.4700239  3.12134915]
                [-0.71648867 -0.71648867  0.         -2.48540492  0.        ],
  "funcao_objetivo": 0.98484727703154714538996296672785803592283576866649,
  "confiabilidade_total": 0.98794727703154716826610838912920855135176628967784
}
 
Individuo 19:
{
  "Posicao": [5. 8. 5. 9. 9.]
             [2. 2. 3. 1. 1.],
  "Velocidade": [-3.02142253  5.16149635  0.         -0.36379452  6.83294119]
                [0.48730515 0.48730515 1.57537648 0.         0.        ],
  "funcao_objetivo": 0.69101188292439068452338447130627969655905504853601,
  "confiabilidade_total": 0.99289521625772382709079622671438187736783762605066
}
 
Individuo 20:
{
  "Posicao": [7. 0. 5. 6. 1.]
             [2. 2. 1. 3. 1.],
  "Velocidade": [ 2.34770854 -7.18553551 -0.46573031 -2.88984933 -6.09091123]
                [0.46573031 0.         0.         2.09081219 0.        ],
  "funcao_objetivo": 0.40617263582342674901051792413730479185449096592463,
  "confiabilidade_total": 0.99462263582342658332083372907894269903170082005060
}
 
Individuo 21:
{
  "Posicao": [5. 0. 7. 9. 9.]
             [2. 2. 1. 1. 1.],
  "Velocidade": [-2.13938141 -3.50788594  0.6028702   2.37438933  3.64788136]
                [0.39831675 0.         0.         0.         0.        ],
  "funcao_objetivo": 0.95095010427112313382894265394275235379033863612277,
  "confiabilidade_total": 0.99163343760445636498104954419209489500069201060397
}
 
Individuo 22:
{
  "Posicao": [5. 6. 5. 8. 6.]
             [2. 2. 1. 1. 1.],
  "Velocidade": [-4.4179822  -1.18137354  0.         -0.96224654 -1.7050198 ]
                [0.        0.0777595 0.        0.        0.       ],
  "funcao_objetivo": 0.98855585837559913500281520151388819743147721361118,
  "confiabilidade_total": 0.98855585837559913500281520151388819743147721361118
}
 
Individuo 23:
{
  "Posicao": [0. 9. 8. 9. 9.]
             [2. 2. 1. 1. 3.],
  "Velocidade": [-5.08043992 20.51741035  0.52300125  3.40137925  9.64470856]
                [0.77653264 0.         0.         0.         0.77653264],
  "funcao_objetivo": 0.088267308609399163906491018336445754720113726054664,
  "confiabilidade_total": 0.99120064194273236291764134568750645066633030930662
}
 
Individuo 24:
{
  "Posicao": [6. 1. 6. 8. 5.]
             [1. 1. 1. 2. 1.],
  "Velocidade": [ 0.19012654 -0.41964133 -0.40106787 -0.41923888  0.47340044]
                [ 0.40106787  0.40106787  0.         -0.40106787  0.        ],
  "funcao_objetivo": 0.96341636313119759587295127834851105604386506703618,
  "confiabilidade_total": 0.96341636313119759587295127834851105604386506703618
}
 
Individuo 25:
{
  "Posicao": [9. 3. 4. 7. 8.]
             [3. 3. 1. 1. 1.],
  "Velocidade": [ 0.8303326   1.42829377  0.54009271 -0.12644999  0.40614546]
                [ 0.93983792  0.93983792  0.         -0.6042071   0.        ],
  "funcao_objetivo": 0.23134252295594287686241254909856656621823694319844,
  "confiabilidade_total": 0.99807585628927631017502999334266355316768076033712
}
 
Individuo 26:
{
  "Posicao": [5. 2. 3. 7. 6.]
             [2. 3. 1. 1. 1.],
  "Velocidade": [-2.60555936 -3.80814011 -5.88931103 -0.29657186 -0.93475386]
                [ 0.          2.72466861  0.          0.         -2.72466861],
  "funcao_objetivo": 0.71125949625756206225533804892038936139050238333749,
  "confiabilidade_total": 0.99434282959089563776532048715453604579869024954843
}
 
Individuo 27:
{
  "Posicao": [6. 8. 6. 8. 7.]
             [2. 2. 1. 1. 2.],
  "Velocidade": [-1.77356873  2.8337458  -0.37425872  0.42746405 -0.0253391 ]
                [0.59966501 0.         0.         0.         0.10172266],
  "funcao_objetivo": 0.81996858596786147725932192187391136577584893461342,
  "confiabilidade_total": 0.98920191930119479621896782972688468909123093839760
}
 
Individuo 28:
{
  "Posicao": [8. 6. 0. 9. 9.]
             [3. 2. 1. 1. 1.],
  "Velocidade": [ 0.09608245  5.77263685 -4.80531572  3.75417053  4.98895002]
                [2.11219219 0.         0.         0.         0.        ],
  "funcao_objetivo": 0.65456555428283072818848449710589971677300150135444,
  "confiabilidade_total": 0.99328222094949731081866968647905065030690843799995
}
 
Individuo 29:
{
  "Posicao": [7. 3. 6. 8. 6.]
             [1. 1. 1. 2. 1.],
  "Velocidade": [ 0.38116848  1.67899929  0.50485267 -1.44390329  3.21719765]
                [-0.50485267 -0.50485267  0.          0.11639544  0.        ],
  "funcao_objetivo": 0.96172049795854543637749077322463533191828914941186,
  "confiabilidade_total": 0.96172049795854543637749077322463533191828914941186
}
 
Individuo 30:
{
  "Posicao": [9. 0. 5. 5. 0.]
             [3. 2. 1. 1. 1.],
  "Velocidade": [ 0.66155629 -1.9062967   0.         -3.11499842 -5.62789564]
                [3.02654 0.      0.      0.      0.     ],
  "funcao_objetivo": 0.56085475665358144518838178901666190871509775615234,
  "confiabilidade_total": 0.99655475665358175445210752860026780912193521953125
}
 
Individuo 31:
{
  "Posicao": [6. 4. 6. 9. 6.]
             [2. 3. 1. 1. 1.],
  "Velocidade": [ 6.79095823e-01 -1.38229315e+00 -4.67841949e-01 -1.93123141e-03
  2.98641122e+00]
                [0.         0.76695233 0.         0.         0.        ],
  "funcao_objetivo": 0.48507044235117339326503880948797558651049813489679,
  "confiabilidade_total": 0.99347044235117363387257270625190102711995324353937
}
 
Individuo 32:
{
  "Posicao": [5. 1. 5. 9. 9.]
             [3. 3. 1. 1. 1.],
  "Velocidade": [-2.60889372 -8.20343359  0.          8.25832195  6.87769246]
                [ 2.611934    2.611934    0.         -2.36885845  0.        ],
  "funcao_objetivo": 0.53753513313096544382198939311637550070430608639783,
  "confiabilidade_total": 0.99856846646429890537868058382445487603093953976697
}
 
Individuo 33:
{
  "Posicao": [9. 1. 2. 9. 4.]
             [2. 1. 1. 1. 1.],
  "Velocidade": [ 6.93249219  0.1905263  -2.57578977  8.64966016 -4.58272981]
                [ 0.         -2.89802122  0.          0.          0.        ],
  "funcao_objetivo": 0.96826352119946923461310896213488677443934794655728,
  "confiabilidade_total": 0.96826352119946923461310896213488677443934794655728
}
 
Individuo 34:
{
  "Posicao": [6. 0. 5. 8. 2.]
             [2. 2. 1. 1. 1.],
  "Velocidade": [ 1.54048197 -6.87886531  0.         -0.79933359 -5.34464809]
                [ 0.         -1.05445801  0.          0.          0.        ],
  "funcao_objetivo": 0.88698122120785103701197946186151404959637015301230,
  "confiabilidade_total": 0.99214788787451773694832943312870504429119914013388
}
 
Individuo 35:
{
  "Posicao": [7. 1. 6. 8. 6.]
             [1. 1. 1. 2. 1.],
  "Velocidade": [ 0.11176754 -1.6738787   1.26090228 -0.49084849  2.37499222]
                [-1.26090228 -1.26090228  0.          1.26090228  0.        ],
  "funcao_objetivo": 0.96307602969829391015349049034701164644710688218528,
  "confiabilidade_total": 0.96307602969829391015349049034701164644710688218528
}
 
Individuo 36:
{
  "Posicao": [8. 0. 9. 6. 9.]
             [2. 3. 1. 1. 1.],
  "Velocidade": [ 0.03817363 -3.57084064  4.25814399 -1.56179538  5.12029443]
                [0.         3.14107023 0.         0.         0.        ],
  "funcao_objetivo": 0.53974976850182728204162765658463862340306315242567,
  "confiabilidade_total": 0.99296643516849385534593943910647461737846407710829
}
 
Individuo 37:
{
  "Posicao": [3. 3. 7. 5. 2.]
             [1. 1. 1. 1. 1.],
  "Velocidade": [-0.69222911 -1.72262285  0.96263987  0.55671071 -0.11598668]
                [0.39776082 0.39776082 0.         0.         0.        ],
  "funcao_objetivo": 0.94307783397661491236912476818440569879509740829763,
  "confiabilidade_total": 0.94307783397661491236912476818440569879509740829763
}
 
Individuo 38:
{
  "Posicao": [6. 1. 6. 9. 5.]
             [2. 2. 1. 1. 2.],
  "Velocidade": [-1.18424286 -2.96201766 -1.94698847  1.3147457  -2.49092355]
                [ 0.64899616  0.64899616  0.          0.         -1.29799231],
  "funcao_objetivo": 0.74051985369364610391010483997520643304531196930790,
  "confiabilidade_total": 0.99180318702697951794925057672658587824051002838993
}
 
Individuo 39:
{
  "Posicao": [9. 0. 9. 8. 9.]
             [2. 2. 1. 1. 1.],
  "Velocidade": [ 7.07253152 -9.82231257  6.77333372  2.03010688  6.0944053 ]
                [-0.83835886 -0.83835886  0.          0.          0.        ],
  "funcao_objetivo": 0.74966285630084257808246765344759020050621032933336,
  "confiabilidade_total": 0.98996285630084239738256816545711168115592003087145
}
 
Individuo 40:
{
  "Posicao": [2. 5. 5. 8. 9.]
             [2. 2. 1. 1. 1.],
  "Velocidade": [-4.81515017 -4.243521    0.94673405  2.18624067  1.08653214]
                [ 0.94673405  0.94673405  0.          0.         -0.94673405],
  "funcao_objetivo": 0.96842046352412588841847036527716075807913304432550,
  "confiabilidade_total": 0.99042046352412589408060779086545911423965455158868
}
 
Individuo 41:
{
  "Posicao": [8. 9. 5. 6. 8.]
             [2. 2. 1. 1. 1.],
  "Velocidade": [ 2.19257334  9.12883154  0.02601365 -2.16257442  4.51068927]
                [0.1475584 0.1475584 0.        0.        0.1475584],
  "funcao_objetivo": 0.98699615720772560873444463443403409908401885368938,
  "confiabilidade_total": 0.98699615720772560873444463443403409908401885368938
}
 
Individuo 42:
{
  "Posicao": [4. 6. 5. 9. 8.]
             [2. 2. 1. 1. 1.],
  "Velocidade": [ 1.51032959 -1.25438319  2.47735172  3.49545965 -0.90648412]
                [1.21491671 1.21491671 0.         0.         0.        ],
  "funcao_objetivo": 0.86180646918000990324174818531631367474210940637216,
  "confiabilidade_total": 0.98897313584667649781793311965614898323429309167489
}
 
Individuo 43:
{
  "Posicao": [8. 5. 5. 8. 5.]
             [2. 2. 1. 1. 1.],
  "Velocidade": [ 3.94457436 -2.88398968 -0.76253226 -0.60103049 -3.76201695]
                [-0.76253226 -0.76253226  0.          0.         -3.22194004],
  "funcao_objetivo": 0.98804198751827854528734232261918402046309163013327,
  "confiabilidade_total": 0.98804198751827854528734232261918402046309163013327
}
 
Individuo 44:
{
  "Posicao": [7. 0. 9. 9. 6.]
             [2. 2. 1. 1. 1.],
  "Velocidade": [-2.35057896 -9.94328514  3.42872904  4.03823823 -2.89387372]
                [-0.80505233 -0.80505233  0.          0.          0.        ],
  "funcao_objetivo": 0.84529048988081573922920586197568071465728194106808,
  "confiabilidade_total": 0.99112382321414895691430746352187442052898318160763
}
 
Individuo 45:
{
  "Posicao": [9. 2. 3. 7. 5.]
             [2. 2. 1. 1. 1.],
  "Velocidade": [ 0.13454656 -2.00678099 -5.19464045 -1.90074208 -2.62599393]
                [0.80383078 0.80383078 0.         0.         0.        ],
  "funcao_objetivo": 0.87919796105019847341228012170627869226009550710742,
  "confiabilidade_total": 0.99011462771686516457786819843473301760823431631152
}
 
Individuo 46:
{
  "Posicao": [8. 2. 4. 8. 4.]
             [3. 3. 1. 1. 1.],
  "Velocidade": [ 2.514316   -1.57786977 -5.25464997 -1.20675465  2.48844306]
                [0.55411529 0.55411529 0.         0.         0.        ],
  "funcao_objetivo": 0.44888699907938859919955171963051001147725869201264,
  "confiabilidade_total": 0.99847033241272198119766096569987170004644680999360
}
 
Individuo 47:
{
  "Posicao": [7. 6. 5. 7. 9.]
             [3. 3. 1. 1. 1.],
  "Velocidade": [-2.28494569 -0.98255143 -3.26507209 -0.94451929  6.56020185]
                [0.53670241 0.53670241 0.         0.         0.        ],
  "funcao_objetivo": 0.50397913718979677001086655201354800972891920622073,
  "confiabilidade_total": 0.99801247052313012209956751468119249928547018583499
}
 
Individuo 48:
{
  "Posicao": [3. 8. 3. 5. 1.]
             [2. 2. 1. 1. 2.],
  "Velocidade": [-2.53429317  7.80930284 -3.14246277 -1.64193995 -4.02595503]
                [ 0.56929479  0.56929479  0.          0.         -1.15841887],
  "funcao_objetivo": 0.74522885193588987563492664972919308870418403920367,
  "confiabilidade_total": 0.99089551860255649913242137555435627523197267827228
}
 
Individuo 49:
{
  "Posicao": [7. 7. 9. 9. 8.]
             [2. 2. 1. 1. 2.],
  "Velocidade": [-0.10470204  4.20096765  1.77638277 -0.03758779  8.07820244]
                [0.85135952 0.85135952 0.         0.         0.80495802],
  "funcao_objetivo": 0.75069254733674343002499781966541815677330611362083,
  "confiabilidade_total": 0.98859254733674342344137528363823987206117032184226
}
 
Individuo 50:
{
  "Posicao": [6. 3. 5. 8. 4.]
             [3. 3. 1. 1. 1.],
  "Velocidade": [-2.4460212  -0.09266937  0.          1.51439985 -2.00480417]
                [2.03797366 2.03797366 0.         0.         0.        ],
  "funcao_objetivo": 0.39440587583998504749826470375400026343336317008455,
  "confiabilidade_total": 0.99832254250665166305766480350929418593218538230379
}
 
-----------------------------------------
-----------------------------------------
-----------------------------------------
-----------------------------------------
GERACAO 7
Populacao antes da execucao:
Individuo 1:
{
  "Posicao": [7. 6. 5. 9. 9.]
             [2. 2. 1. 1. 1.],
  "Velocidade": [3.61774973 2.1917558  0.         0.37750871 0.34965152]
                [0. 0. 0. 0. 0.],
  "funcao_objetivo": 0.98484727703154714538996296672785803592283576866649,
  "confiabilidade_total": 0.98794727703154716826610838912920855135176628967784
}
 
Individuo 2:
{
  "Posicao": [2. 4. 5. 9. 8.]
             [2. 1. 1. 1. 1.],
  "Velocidade": [-7.43637202  4.42057027  0.          2.54688176  5.73534308]
                [ 0.         -2.8286356   0.          0.17646507  0.        ],
  "funcao_objetivo": 0.96301898513825169115260944616115663372284830191072,
  "confiabilidade_total": 0.96301898513825169115260944616115663372284830191072
}
 
Individuo 3:
{
  "Posicao": [5. 4. 6. 9. 8.]
             [2. 3. 1. 1. 1.],
  "Velocidade": [-4.20620087  2.23289202  1.88144865  5.32962695  7.09182917]
                [ 0.          1.88144865  0.         -1.88144865  0.        ],
  "funcao_objetivo": 0.64993891464899014946948375618386281504130273408485,
  "confiabilidade_total": 0.99343891464899039904761969191905310227370172090126
}
 
Individuo 4:
{
  "Posicao": [2. 9. 0. 9. 9.]
             [2. 1. 1. 3. 1.],
  "Velocidade": [-2.83908224  5.46998653 -5.13566608  3.69159494 13.72823188]
                [ 0.         -2.63153431  0.          3.30112423  0.        ],
  "funcao_objetivo": 0.43769202110674771323292633255315615065934486647718,
  "confiabilidade_total": 0.99292535444008098645138362584968000852110214491956
}
 
Individuo 5:
{
  "Posicao": [7. 5. 1. 4. 6.]
             [3. 2. 1. 1. 1.],
  "Velocidade": [3.99501249 5.31211381 0.81583276 1.0065042  2.26576623]
                [1.6110249 0.        0.        0.        0.       ],
  "funcao_objetivo": 0.81630172444452863114952123836124758813575326813182,
  "confiabilidade_total": 0.99413505777786208542314938752830005828336297882518
}
 
Individuo 6:
{
  "Posicao": [5. 9. 4. 9. 6.]
             [2. 2. 2. 1. 1.],
  "Velocidade": [-2.33137628 11.88174211  1.59813414  2.23690657 -2.39773847]
                [ 0.75586074  0.75586074 -0.68726876  0.          0.        ],
  "funcao_objetivo": 0.57883465893825773031788464941234817378273147732387,
  "confiabilidade_total": 0.99165132560492445092658733919995395116558212429653
}
 
Individuo 7:
{
  "Posicao": [4. 6. 5. 7. 2.]
             [2. 1. 1. 1. 1.],
  "Velocidade": [-3.26467855  6.20788556 -0.39118464 -2.27386568 -5.17088884]
                [0.         0.22079927 0.47987936 0.         0.        ],
  "funcao_objetivo": 0.96294517606687359990608163162875184350180775160172,
  "confiabilidade_total": 0.96294517606687359990608163162875184350180775160172
}
 
Individuo 8:
{
  "Posicao": [7. 1. 3. 8. 9.]
             [2. 3. 1. 1. 1.],
  "Velocidade": [-2.36656195 -6.66094793 -2.95570911 -1.02893822  2.35337748]
                [ 0.         -0.16091096 -2.58136563  0.          0.        ],
  "funcao_objetivo": 0.67585202865725877835812682875845697425182100610328,
  "confiabilidade_total": 0.99418536199059230190967171453527756683404680566382
}
 
Individuo 9:
{
  "Posicao": [3. 6. 3. 7. 6.]
             [1. 2. 1. 1. 2.],
  "Velocidade": [-0.77300495  0.79476966 -0.00409797 -0.20636833  1.79645463]
                [0.29040033 0.         0.         0.         0.86575342],
  "funcao_objetivo": 0.81642680971154298463885560444988023391592711573336,
  "confiabilidade_total": 0.97084347637820965892905370687595514482486456995699
}
 
Individuo 10:
{
  "Posicao": [7. 4. 5. 8. 4.]
             [3. 3. 2. 1. 1.],
  "Velocidade": [ 1.99566064  1.28626197  3.42661625 -0.5208561   0.82547347]
                [ 1.23723831  1.23723831 -0.54820862  0.          0.        ],
  "funcao_objetivo": 0.14008400251119490387145940053184105390561962419207,
  "confiabilidade_total": 0.99900066917786139897166132845765034044040584855730
}
 
Individuo 11:
{
  "Posicao": [6. 9. 8. 7. 9.]
             [2. 3. 1. 1. 1.],
  "Velocidade": [-1.96859933  8.82152228  4.65309624 -2.05728056  1.04821494]
                [0.         2.46486584 0.         0.         0.        ],
  "funcao_objetivo": 0.56510455470185643162894676761587101260718979584878,
  "confiabilidade_total": 0.99275455470185668378280012048142447362241425263589
}
 
Individuo 12:
{
  "Posicao": [6. 0. 0. 6. 4.]
             [1. 1. 2. 1. 1.],
  "Velocidade": [ -3.32450427 -20.41741895  -8.90911443  -1.83457753  -3.38560703]
                [-0.53394546 -0.53394546  0.94947215  0.          0.        ],
  "funcao_objetivo": 0.93689338290346480475885195184730278567300273966172,
  "confiabilidade_total": 0.97522671623679809349822712940351507865713073801377
}
 
Individuo 13:
{
  "Posicao": [8. 8. 9. 9. 9.]
             [3. 3. 1. 3. 1.],
  "Velocidade": [ 1.62857276  1.48917361 -0.2657328   2.15229051  6.54810191]
                [-0.19509937 -0.19509937  0.          2.21628504  0.        ],
  "funcao_objetivo": -0.18788260211048865975491674156299208046085842851874,
  "confiabilidade_total": 0.99870073122284444146778957680428053497188082929376
}
 
Individuo 14:
{
  "Posicao": [8. 5. 4. 6. 7.]
             [3. 2. 1. 1. 1.],
  "Velocidade": [ 2.51890443 -1.78799665 -1.22036607 -3.04758261  3.3363865 ]
                [1.91411693 0.         0.         0.         0.        ],
  "funcao_objetivo": 0.88153140535825599612648330781725181791860428087854,
  "confiabilidade_total": 0.99339807202492285675096274820647469082776274912500
}
 
Individuo 15:
{
  "Posicao": [5. 0. 7. 6. 6.]
             [2. 1. 1. 1. 1.],
  "Velocidade": [-1.87701334 -3.3557962  -0.32895127  3.16250818 -2.69065442]
                [0.         0.12249219 0.         0.         0.        ],
  "funcao_objetivo": 0.97328883266124918423172371941960444907938181978104,
  "confiabilidade_total": 0.97328883266124918423172371941960444907938181978104
}
 
Individuo 16:
{
  "Posicao": [7. 0. 8. 9. 6.]
             [2. 2. 1. 1. 1.],
  "Velocidade": [-2.23018296 -9.16657817 -0.95228231  3.73534577  2.63450587]
                [0.         1.15272747 0.         0.         0.        ],
  "funcao_objetivo": 0.92191065080960647314796418326241542141561717630605,
  "confiabilidade_total": 0.99142731747627305919486073091948560810325057150106
}
 
Individuo 17:
{
  "Posicao": [6. 9. 3. 9. 9.]
             [3. 3. 1. 1. 1.],
  "Velocidade": [ 0.0859283   0.25071593 -1.81716222  0.58484801  5.40115601]
                [-0.38009912 -0.38009912 -1.90405756  0.          0.        ],
  "funcao_objetivo": 0.16512585393545271078631465091929455682329570360861,
  "confiabilidade_total": 0.99769252060211922134082108162728288605503474779807
}
 
Individuo 18:
{
  "Posicao": [7. 6. 5. 9. 9.]
             [2. 2. 1. 1. 1.],
  "Velocidade": [1.03289757 0.3025007  0.         0.4700239  3.12134915]
                [-0.71648867 -0.71648867  0.         -2.48540492  0.        ],
  "funcao_objetivo": 0.98484727703154714538996296672785803592283576866649,
  "confiabilidade_total": 0.98794727703154716826610838912920855135176628967784
}
 
Individuo 19:
{
  "Posicao": [5. 8. 5. 9. 9.]
             [2. 2. 3. 1. 1.],
  "Velocidade": [-3.02142253  5.16149635  0.         -0.36379452  6.83294119]
                [0.48730515 0.48730515 1.57537648 0.         0.        ],
  "funcao_objetivo": 0.69101188292439068452338447130627969655905504853601,
  "confiabilidade_total": 0.99289521625772382709079622671438187736783762605066
}
 
Individuo 20:
{
  "Posicao": [7. 0. 5. 6. 1.]
             [2. 2. 1. 3. 1.],
  "Velocidade": [ 2.34770854 -7.18553551 -0.46573031 -2.88984933 -6.09091123]
                [0.46573031 0.         0.         2.09081219 0.        ],
  "funcao_objetivo": 0.40617263582342674901051792413730479185449096592463,
  "confiabilidade_total": 0.99462263582342658332083372907894269903170082005060
}
 
Individuo 21:
{
  "Posicao": [5. 0. 7. 9. 9.]
             [2. 2. 1. 1. 1.],
  "Velocidade": [-2.13938141 -3.50788594  0.6028702   2.37438933  3.64788136]
                [0.39831675 0.         0.         0.         0.        ],
  "funcao_objetivo": 0.95095010427112313382894265394275235379033863612277,
  "confiabilidade_total": 0.99163343760445636498104954419209489500069201060397
}
 
Individuo 22:
{
  "Posicao": [5. 6. 5. 8. 6.]
             [2. 2. 1. 1. 1.],
  "Velocidade": [-4.4179822  -1.18137354  0.         -0.96224654 -1.7050198 ]
                [0.        0.0777595 0.        0.        0.       ],
  "funcao_objetivo": 0.98855585837559913500281520151388819743147721361118,
  "confiabilidade_total": 0.98855585837559913500281520151388819743147721361118
}
 
Individuo 23:
{
  "Posicao": [0. 9. 8. 9. 9.]
             [2. 2. 1. 1. 3.],
  "Velocidade": [-5.08043992 20.51741035  0.52300125  3.40137925  9.64470856]
                [0.77653264 0.         0.         0.         0.77653264],
  "funcao_objetivo": 0.088267308609399163906491018336445754720113726054664,
  "confiabilidade_total": 0.99120064194273236291764134568750645066633030930662
}
 
Individuo 24:
{
  "Posicao": [6. 1. 6. 8. 5.]
             [1. 1. 1. 2. 1.],
  "Velocidade": [ 0.19012654 -0.41964133 -0.40106787 -0.41923888  0.47340044]
                [ 0.40106787  0.40106787  0.         -0.40106787  0.        ],
  "funcao_objetivo": 0.96341636313119759587295127834851105604386506703618,
  "confiabilidade_total": 0.96341636313119759587295127834851105604386506703618
}
 
Individuo 25:
{
  "Posicao": [9. 3. 4. 7. 8.]
             [3. 3. 1. 1. 1.],
  "Velocidade": [ 0.8303326   1.42829377  0.54009271 -0.12644999  0.40614546]
                [ 0.93983792  0.93983792  0.         -0.6042071   0.        ],
  "funcao_objetivo": 0.23134252295594287686241254909856656621823694319844,
  "confiabilidade_total": 0.99807585628927631017502999334266355316768076033712
}
 
Individuo 26:
{
  "Posicao": [5. 2. 3. 7. 6.]
             [2. 3. 1. 1. 1.],
  "Velocidade": [-2.60555936 -3.80814011 -5.88931103 -0.29657186 -0.93475386]
                [ 0.          2.72466861  0.          0.         -2.72466861],
  "funcao_objetivo": 0.71125949625756206225533804892038936139050238333749,
  "confiabilidade_total": 0.99434282959089563776532048715453604579869024954843
}
 
Individuo 27:
{
  "Posicao": [6. 8. 6. 8. 7.]
             [2. 2. 1. 1. 2.],
  "Velocidade": [-1.77356873  2.8337458  -0.37425872  0.42746405 -0.0253391 ]
                [0.59966501 0.         0.         0.         0.10172266],
  "funcao_objetivo": 0.81996858596786147725932192187391136577584893461342,
  "confiabilidade_total": 0.98920191930119479621896782972688468909123093839760
}
 
Individuo 28:
{
  "Posicao": [8. 6. 0. 9. 9.]
             [3. 2. 1. 1. 1.],
  "Velocidade": [ 0.09608245  5.77263685 -4.80531572  3.75417053  4.98895002]
                [2.11219219 0.         0.         0.         0.        ],
  "funcao_objetivo": 0.65456555428283072818848449710589971677300150135444,
  "confiabilidade_total": 0.99328222094949731081866968647905065030690843799995
}
 
Individuo 29:
{
  "Posicao": [7. 3. 6. 8. 6.]
             [1. 1. 1. 2. 1.],
  "Velocidade": [ 0.38116848  1.67899929  0.50485267 -1.44390329  3.21719765]
                [-0.50485267 -0.50485267  0.          0.11639544  0.        ],
  "funcao_objetivo": 0.96172049795854543637749077322463533191828914941186,
  "confiabilidade_total": 0.96172049795854543637749077322463533191828914941186
}
 
Individuo 30:
{
  "Posicao": [9. 0. 5. 5. 0.]
             [3. 2. 1. 1. 1.],
  "Velocidade": [ 0.66155629 -1.9062967   0.         -3.11499842 -5.62789564]
                [3.02654 0.      0.      0.      0.     ],
  "funcao_objetivo": 0.56085475665358144518838178901666190871509775615234,
  "confiabilidade_total": 0.99655475665358175445210752860026780912193521953125
}
 
Individuo 31:
{
  "Posicao": [6. 4. 6. 9. 6.]
             [2. 3. 1. 1. 1.],
  "Velocidade": [ 6.79095823e-01 -1.38229315e+00 -4.67841949e-01 -1.93123141e-03
  2.98641122e+00]
                [0.         0.76695233 0.         0.         0.        ],
  "funcao_objetivo": 0.48507044235117339326503880948797558651049813489679,
  "confiabilidade_total": 0.99347044235117363387257270625190102711995324353937
}
 
Individuo 32:
{
  "Posicao": [5. 1. 5. 9. 9.]
             [3. 3. 1. 1. 1.],
  "Velocidade": [-2.60889372 -8.20343359  0.          8.25832195  6.87769246]
                [ 2.611934    2.611934    0.         -2.36885845  0.        ],
  "funcao_objetivo": 0.53753513313096544382198939311637550070430608639783,
  "confiabilidade_total": 0.99856846646429890537868058382445487603093953976697
}
 
Individuo 33:
{
  "Posicao": [9. 1. 2. 9. 4.]
             [2. 1. 1. 1. 1.],
  "Velocidade": [ 6.93249219  0.1905263  -2.57578977  8.64966016 -4.58272981]
                [ 0.         -2.89802122  0.          0.          0.        ],
  "funcao_objetivo": 0.96826352119946923461310896213488677443934794655728,
  "confiabilidade_total": 0.96826352119946923461310896213488677443934794655728
}
 
Individuo 34:
{
  "Posicao": [6. 0. 5. 8. 2.]
             [2. 2. 1. 1. 1.],
  "Velocidade": [ 1.54048197 -6.87886531  0.         -0.79933359 -5.34464809]
                [ 0.         -1.05445801  0.          0.          0.        ],
  "funcao_objetivo": 0.88698122120785103701197946186151404959637015301230,
  "confiabilidade_total": 0.99214788787451773694832943312870504429119914013388
}
 
Individuo 35:
{
  "Posicao": [7. 1. 6. 8. 6.]
             [1. 1. 1. 2. 1.],
  "Velocidade": [ 0.11176754 -1.6738787   1.26090228 -0.49084849  2.37499222]
                [-1.26090228 -1.26090228  0.          1.26090228  0.        ],
  "funcao_objetivo": 0.96307602969829391015349049034701164644710688218528,
  "confiabilidade_total": 0.96307602969829391015349049034701164644710688218528
}
 
Individuo 36:
{
  "Posicao": [8. 0. 9. 6. 9.]
             [2. 3. 1. 1. 1.],
  "Velocidade": [ 0.03817363 -3.57084064  4.25814399 -1.56179538  5.12029443]
                [0.         3.14107023 0.         0.         0.        ],
  "funcao_objetivo": 0.53974976850182728204162765658463862340306315242567,
  "confiabilidade_total": 0.99296643516849385534593943910647461737846407710829
}
 
Individuo 37:
{
  "Posicao": [3. 3. 7. 5. 2.]
             [1. 1. 1. 1. 1.],
  "Velocidade": [-0.69222911 -1.72262285  0.96263987  0.55671071 -0.11598668]
                [0.39776082 0.39776082 0.         0.         0.        ],
  "funcao_objetivo": 0.94307783397661491236912476818440569879509740829763,
  "confiabilidade_total": 0.94307783397661491236912476818440569879509740829763
}
 
Individuo 38:
{
  "Posicao": [6. 1. 6. 9. 5.]
             [2. 2. 1. 1. 2.],
  "Velocidade": [-1.18424286 -2.96201766 -1.94698847  1.3147457  -2.49092355]
                [ 0.64899616  0.64899616  0.          0.         -1.29799231],
  "funcao_objetivo": 0.74051985369364610391010483997520643304531196930790,
  "confiabilidade_total": 0.99180318702697951794925057672658587824051002838993
}
 
Individuo 39:
{
  "Posicao": [9. 0. 9. 8. 9.]
             [2. 2. 1. 1. 1.],
  "Velocidade": [ 7.07253152 -9.82231257  6.77333372  2.03010688  6.0944053 ]
                [-0.83835886 -0.83835886  0.          0.          0.        ],
  "funcao_objetivo": 0.74966285630084257808246765344759020050621032933336,
  "confiabilidade_total": 0.98996285630084239738256816545711168115592003087145
}
 
Individuo 40:
{
  "Posicao": [2. 5. 5. 8. 9.]
             [2. 2. 1. 1. 1.],
  "Velocidade": [-4.81515017 -4.243521    0.94673405  2.18624067  1.08653214]
                [ 0.94673405  0.94673405  0.          0.         -0.94673405],
  "funcao_objetivo": 0.96842046352412588841847036527716075807913304432550,
  "confiabilidade_total": 0.99042046352412589408060779086545911423965455158868
}
 
Individuo 41:
{
  "Posicao": [8. 9. 5. 6. 8.]
             [2. 2. 1. 1. 1.],
  "Velocidade": [ 2.19257334  9.12883154  0.02601365 -2.16257442  4.51068927]
                [0.1475584 0.1475584 0.        0.        0.1475584],
  "funcao_objetivo": 0.98699615720772560873444463443403409908401885368938,
  "confiabilidade_total": 0.98699615720772560873444463443403409908401885368938
}
 
Individuo 42:
{
  "Posicao": [4. 6. 5. 9. 8.]
             [2. 2. 1. 1. 1.],
  "Velocidade": [ 1.51032959 -1.25438319  2.47735172  3.49545965 -0.90648412]
                [1.21491671 1.21491671 0.         0.         0.        ],
  "funcao_objetivo": 0.86180646918000990324174818531631367474210940637216,
  "confiabilidade_total": 0.98897313584667649781793311965614898323429309167489
}
 
Individuo 43:
{
  "Posicao": [8. 5. 5. 8. 5.]
             [2. 2. 1. 1. 1.],
  "Velocidade": [ 3.94457436 -2.88398968 -0.76253226 -0.60103049 -3.76201695]
                [-0.76253226 -0.76253226  0.          0.         -3.22194004],
  "funcao_objetivo": 0.98804198751827854528734232261918402046309163013327,
  "confiabilidade_total": 0.98804198751827854528734232261918402046309163013327
}
 
Individuo 44:
{
  "Posicao": [7. 0. 9. 9. 6.]
             [2. 2. 1. 1. 1.],
  "Velocidade": [-2.35057896 -9.94328514  3.42872904  4.03823823 -2.89387372]
                [-0.80505233 -0.80505233  0.          0.          0.        ],
  "funcao_objetivo": 0.84529048988081573922920586197568071465728194106808,
  "confiabilidade_total": 0.99112382321414895691430746352187442052898318160763
}
 
Individuo 45:
{
  "Posicao": [9. 2. 3. 7. 5.]
             [2. 2. 1. 1. 1.],
  "Velocidade": [ 0.13454656 -2.00678099 -5.19464045 -1.90074208 -2.62599393]
                [0.80383078 0.80383078 0.         0.         0.        ],
  "funcao_objetivo": 0.87919796105019847341228012170627869226009550710742,
  "confiabilidade_total": 0.99011462771686516457786819843473301760823431631152
}
 
Individuo 46:
{
  "Posicao": [8. 2. 4. 8. 4.]
             [3. 3. 1. 1. 1.],
  "Velocidade": [ 2.514316   -1.57786977 -5.25464997 -1.20675465  2.48844306]
                [0.55411529 0.55411529 0.         0.         0.        ],
  "funcao_objetivo": 0.44888699907938859919955171963051001147725869201264,
  "confiabilidade_total": 0.99847033241272198119766096569987170004644680999360
}
 
Individuo 47:
{
  "Posicao": [7. 6. 5. 7. 9.]
             [3. 3. 1. 1. 1.],
  "Velocidade": [-2.28494569 -0.98255143 -3.26507209 -0.94451929  6.56020185]
                [0.53670241 0.53670241 0.         0.         0.        ],
  "funcao_objetivo": 0.50397913718979677001086655201354800972891920622073,
  "confiabilidade_total": 0.99801247052313012209956751468119249928547018583499
}
 
Individuo 48:
{
  "Posicao": [3. 8. 3. 5. 1.]
             [2. 2. 1. 1. 2.],
  "Velocidade": [-2.53429317  7.80930284 -3.14246277 -1.64193995 -4.02595503]
                [ 0.56929479  0.56929479  0.          0.         -1.15841887],
  "funcao_objetivo": 0.74522885193588987563492664972919308870418403920367,
  "confiabilidade_total": 0.99089551860255649913242137555435627523197267827228
}
 
Individuo 49:
{
  "Posicao": [7. 7. 9. 9. 8.]
             [2. 2. 1. 1. 2.],
  "Velocidade": [-0.10470204  4.20096765  1.77638277 -0.03758779  8.07820244]
                [0.85135952 0.85135952 0.         0.         0.80495802],
  "funcao_objetivo": 0.75069254733674343002499781966541815677330611362083,
  "confiabilidade_total": 0.98859254733674342344137528363823987206117032184226
}
 
Individuo 50:
{
  "Posicao": [6. 3. 5. 8. 4.]
             [3. 3. 1. 1. 1.],
  "Velocidade": [-2.4460212  -0.09266937  0.          1.51439985 -2.00480417]
                [2.03797366 2.03797366 0.         0.         0.        ],
  "funcao_objetivo": 0.39440587583998504749826470375400026343336317008455,
  "confiabilidade_total": 0.99832254250665166305766480350929418593218538230379
}
 
-----------------------------------------
Populacao final da era:
Individuo 1:
{
  "Posicao": [9. 0. 5. 6. 0.]
             [2. 2. 1. 1. 1.],
  "Velocidade": [  3.40603955  -6.7860262    0.          -3.18439135 -10.42380336]
                [0. 0. 0. 0. 0.],
  "funcao_objetivo": 0.82218046125046569831839767843625520054338363037582,
  "confiabilidade_total": 0.99124712791713235508927645227735990356741336212631
}
 
Individuo 2:
{
  "Posicao": [0. 9. 5. 7. 9.]
             [2. 3. 1. 3. 1.],
  "Velocidade": [-6.78264059  5.34432425  0.         -2.28710931  0.95573599]
                [0.         1.9626037  0.         1.80811176 0.        ],
  "funcao_objetivo": -0.012384848845428602719771195667632432107834644064015,
  "confiabilidade_total": 0.99771515115457156168205429082554807382354276682466
}
 
Individuo 3:
{
  "Posicao": [7. 9. 4. 6. 3.]
             [2. 1. 1. 1. 1.],
  "Velocidade": [ 2.03881416  9.35821794 -2.18422299 -2.89340111 -5.32092119]
                [ 0.         -2.18422299  0.          0.14092375  0.        ],
  "funcao_objetivo": 0.95926193236442154301802739042777538800663748227396,
  "confiabilidade_total": 0.95926193236442154301802739042777538800663748227396
}
 
Individuo 4:
{
  "Posicao": [8. 9. 3. 9. 9.]
             [2. 2. 1. 3. 1.],
  "Velocidade": [ 5.59648489 -0.1795561   3.43429679  3.32844929  9.39641692]
                [ 0.          0.82365242  0.         -0.19982685  0.        ],
  "funcao_objetivo": 0.19160933021380154186883539467261485091140119353653,
  "confiabilidade_total": 0.99389266354713483467162684235690008184602109710098
}
 
Individuo 5:
{
  "Posicao": [1. 1. 1. 8. 8.]
             [1. 2. 1. 1. 1.],
  "Velocidade": [-5.80038197 -3.68689762 -0.10536926  3.63907145  1.61374304]
                [-2.56761025  0.          0.          0.          0.        ],
  "funcao_objetivo": 0.97700072761962778073463976205337125990487627146310,
  "confiabilidade_total": 0.97700072761962778073463976205337125990487627146310
}
 
Individuo 6:
{
  "Posicao": [4. 9. 6. 9. 3.]
             [3. 3. 1. 1. 1.],
  "Velocidade": [-1.46147564  7.82253581  1.57033677  1.11452639 -2.99089202]
                [ 0.62562525  0.62562525 -0.970783    0.          0.        ],
  "funcao_objetivo": 0.062717285252712012928378985806083300630650936264236,
  "confiabilidade_total": 0.99785061858604538486786762877152673296173614134236
}
 
Individuo 7:
{
  "Posicao": [7. 0. 9. 8. 6.]
             [2. 2. 3. 1. 1.],
  "Velocidade": [ 3.17755081 -6.85219421  3.73239627  0.59299316  4.31111774]
                [0.         1.3803409  1.81869318 0.         0.        ],
  "funcao_objetivo": 0.26463420222141879041091463683134197703457355395024,
  "confiabilidade_total": 0.99678420222141903545934063209589357933855533495610
}
 
Individuo 8:
{
  "Posicao": [5. 0. 3. 7. 6.]
             [2. 2. 3. 1. 1.],
  "Velocidade": [-2.2280711  -4.79998917 -0.21148888 -1.33487552 -2.92520731]
                [ 0.         -1.25322563  2.4303045   0.          0.        ],
  "funcao_objetivo": 0.41526194636386613019018576213123841655379117546221,
  "confiabilidade_total": 0.99699527969719962123440048688347550553208173332354
}
 
Individuo 9:
{
  "Posicao": [7. 2. 5. 7. 5.]
             [2. 2. 1. 1. 2.],
  "Velocidade": [ 3.69298901 -4.26503782  1.76710681 -0.34076301 -1.10493782]
                [ 1.30535995  0.          0.          0.         -0.21686414],
  "funcao_objetivo": 0.89070836001379884651570140713568344308983126355963,
  "confiabilidade_total": 0.99154169334713237117746931753766057609568873121100
}
 
Individuo 10:
{
  "Posicao": [9. 8. 9. 9. 9.]
             [2. 2. 1. 1. 1.],
  "Velocidade": [1.87887488 4.38091581 5.38454344 1.28575031 7.25252367]
                [-1.37594323 -1.37594323 -3.05690606  0.          0.        ],
  "funcao_objetivo": 0.81900145905649739100757632119504850272921445372389,
  "confiabilidade_total": 0.98558479238983045018058558188451714961690428259657
}
 
Individuo 11:
{
  "Posicao": [8. 0. 1. 7. 0.]
             [2. 2. 1. 1. 1.],
  "Velocidade": [  1.8893609  -11.76839353  -6.84747651   0.03678779 -11.80588705]
                [ 0.         -1.42213582  0.          0.          0.        ],
  "funcao_objetivo": 0.92854911315499428544483450912619315774064621839732,
  "confiabilidade_total": 0.99324911315499444213616108959766149042990169439524
}
 
Individuo 12:
{
  "Posicao": [6. 9. 2. 6. 3.]
             [2. 2. 1. 1. 1.],
  "Velocidade": [-0.2300122  17.6446544   2.14595151 -0.14927808 -1.20447832]
                [ 1.07524119  1.07524119 -0.68403107  0.          0.        ],
  "funcao_objetivo": 0.80747369451384882123516630719540025234302970692220,
  "confiabilidade_total": 0.98880702784718208432838961591049646154126617237630
}
 
Individuo 13:
{
  "Posicao": [7. 3. 0. 9. 9.]
             [1. 1. 1. 1. 1.],
  "Velocidade": [-0.69061396 -5.47655148 -9.14571369  1.05401354  0.25865433]
                [-2.40756507 -2.40756507  0.         -2.3611774   0.        ],
  "funcao_objetivo": 0.94615337361158255920995992703777539029986615940865,
  "confiabilidade_total": 0.94615337361158255920995992703777539029986615940865
}
 
Individuo 14:
{
  "Posicao": [4. 1. 6. 0. 9.]
             [3. 2. 1. 1. 1.],
  "Velocidade": [-3.83266172 -4.04107154  1.99262807 -7.89454468  2.9041514 ]
                [-0.31861482  0.          0.          0.          0.        ],
  "funcao_objetivo": 0.43352819273904171187292373074318219788577506902630,
  "confiabilidade_total": 0.99701152607237524221903352722596081786062667730267
}
 
Individuo 15:
{
  "Posicao": [8. 2. 5. 3. 2.]
             [2. 2. 1. 1. 1.],
  "Velocidade": [ 3.19854374  1.89059241 -1.63331312 -3.03794325 -3.85680976]
                [0.         1.38414706 0.         0.         0.        ],
  "funcao_objetivo": 0.87226725109603091582423906922346165137608401701984,
  "confiabilidade_total": 0.99085058442936416481762996519906979719419829772052
}
 
Individuo 16:
{
  "Posicao": [6. 7. 3. 6. 3.]
             [2. 2. 1. 1. 1.],
  "Velocidade": [-1.4117715   7.0574441  -4.92677527 -3.06816811 -3.41668554]
                [0.         0.39736854 0.         0.         0.        ],
  "funcao_objetivo": 0.88383002825037780590136267610218165582737519022899,
  "confiabilidade_total": 0.98933002825037777470409568413528286992332531687694
}
 
Individuo 17:
{
  "Posicao": [9. 0. 5. 8. 8.]
             [1. 1. 3. 1. 1.],
  "Velocidade": [ 2.79262988 -8.67023772  1.88584389 -1.21924913 -1.16639276]
                [-2.1561888 -2.1561888  1.7926324  0.         0.       ],
  "funcao_objetivo": 0.97430285011260684490894680479873911016657680277005,
  "confiabilidade_total": 0.97430285011260684490894680479873911016657680277005
}
 
Individuo 18:
{
  "Posicao": [6. 6. 5. 8. 9.]
             [1. 1. 1. 3. 1.],
  "Velocidade": [-0.76324383 -0.4312004   0.         -0.71172955 -0.38085512]
                [-0.67455986 -0.67455986  0.          2.33995939  0.        ],
  "funcao_objetivo": 0.96546416944610436116349036268538466389477403729268,
  "confiabilidade_total": 0.96546416944610436116349036268538466389477403729268
}
 
Individuo 19:
{
  "Posicao": [5. 3. 5. 6. 8.]
             [2. 2. 1. 1. 1.],
  "Velocidade": [ 0.28231954 -5.16114611  0.         -3.09997076 -0.64531681]
                [ 0.45878813  0.45878813 -1.64374319  0.          0.        ],
  "funcao_objetivo": 0.96404192696274313145959553836547683967172564255135,
  "confiabilidade_total": 0.98979192696274303983844043117443334121152223335640
}
 
Individuo 20:
{
  "Posicao": [8. 0. 5. 6. 2.]
             [2. 2. 1. 3. 1.],
  "Velocidade": [ 1.23782899  0.24470152 -0.43847584  0.39903682  0.7073698 ]
                [ 0.43847584  0.          0.         -0.38111905  0.        ],
  "funcao_objetivo": 0.44246564309497422381026502922431390458828631514649,
  "confiabilidade_total": 0.99426564309497423651121643093610472703463259810547
}
 
Individuo 21:
{
  "Posicao": [4. 2. 7. 9. 9.]
             [2. 2. 1. 1. 1.],
  "Velocidade": [-1.03072133  2.12950093 -0.0751874   1.25197662  1.31643446]
                [0.37500731 0.         0.         0.         0.        ],
  "funcao_objetivo": 0.79159827249475648954870956549068547281217730051505,
  "confiabilidade_total": 0.99101493916142320380693655442239583897185480600821
}
 
Individuo 22:
{
  "Posicao": [3. 0. 5. 6. 2.]
             [2. 2. 1. 1. 1.],
  "Velocidade": [-1.67325986 -8.09951796  0.         -2.14902736 -4.09142498]
                [0.         0.07320903 0.         0.         0.        ],
  "funcao_objetivo": 0.80728951887679462196690353680927368331250926061434,
  "confiabilidade_total": 0.99328951887679456512348467600125881362256785436434
}
 
Individuo 23:
{
  "Posicao": [9. 6. 4. 7. 5.]
             [2. 2. 1. 1. 1.],
  "Velocidade": [12.25476756 -3.41683448 -3.68969218 -2.23288974 -3.51506437]
                [-0.26159586  0.          0.          0.         -3.71144479],
  "funcao_objetivo": 0.90890630243723168898352625528650999974326383809473,
  "confiabilidade_total": 0.98798963577056509718289888250956604231015932301905
}
 
Individuo 24:
{
  "Posicao": [9. 1. 2. 4. 1.]
             [3. 3. 1. 1. 1.],
  "Velocidade": [ 5.05800201 -0.39508399 -3.50040286 -3.51751051 -4.43330452]
                [ 3.50040286  3.50040286  0.         -3.50040286  0.        ],
  "funcao_objetivo": 0.18869738810213446602165889209926380988829143450610,
  "confiabilidade_total": 0.99861405476880102862342071723459075417988307879321
}
 
Individuo 25:
{
  "Posicao": [8. 0. 5. 7. 3.]
             [1. 1. 1. 2. 1.],
  "Velocidade": [-0.66223901 -2.84667391  0.54362604 -0.11905016 -5.25298693]
                [-1.8977042  -1.8977042   0.          0.80485274  0.        ],
  "funcao_objetivo": 0.96369000992838834617847964898286157407706049254543,
  "confiabilidade_total": 0.96369000992838834617847964898286157407706049254543
}
 
Individuo 26:
{
  "Posicao": [6. 2. 2. 8. 5.]
             [2. 2. 1. 1. 3.],
  "Velocidade": [ 0.98246361  0.33929825 -0.98065149  0.8492554  -0.93018248]
                [ 0.         -0.8474484   0.          0.          2.56522141],
  "funcao_objetivo": 0.60101134328135300214546178026257156728938751747389,
  "confiabilidade_total": 0.99267800994801966511138503151204976587728195717116
}
 
Individuo 27:
{
  "Posicao": [6. 5. 9. 7. 3.]
             [1. 2. 1. 1. 3.],
  "Velocidade": [ 0.08046585 -3.12487462  2.74159413 -1.34779669 -3.65986077]
                [-1.0501596   0.          0.          0.          1.57498886],
  "funcao_objetivo": 0.71004174789634200059314620728723518859856606527522,
  "confiabilidade_total": 0.96305841456300877217218795761577773683034659429744
}
 
Individuo 28:
{
  "Posicao": [7. 6. 0. 9. 9.]
             [2. 2. 1. 1. 1.],
  "Velocidade": [-0.68820021  0.29246392  0.00627999  1.97715717  0.80369777]
                [-0.79357394  0.          0.          0.          0.        ],
  "funcao_objetivo": 0.88359521460017710852438890769847152326793142223782,
  "confiabilidade_total": 0.98994521460017689350749572854440433942318626308865
}
 
Individuo 29:
{
  "Posicao": [7. 4. 5. 0. 9.]
             [2. 2. 1. 1. 1.],
  "Velocidade": [  0.35886256   1.36995224  -0.6628377  -10.75955544   4.88363613]
                [ 0.6628377   0.6628377   0.         -1.02856248  0.        ],
  "funcao_objetivo": 0.89461315597598709515028190079783937142253425777328,
  "confiabilidade_total": 0.99106315597598715167173608446455884438962248027694
}
 
Individuo 30:
{
  "Posicao": [7. 0. 5. 5. 0.]
             [2. 2. 1. 1. 1.],
  "Velocidade": [-1.88112623  0.14706137  0.          0.36264909  0.29061533]
                [-1.2017482  0.         0.         0.         0.       ],
  "funcao_objetivo": 0.99229412304325628779648670196695157764104071588153,
  "confiabilidade_total": 0.99229412304325628779648670196695157764104071588153
}
 
Individuo 31:
{
  "Posicao": [6. 2. 5. 7. 1.]
             [2. 1. 1. 1. 1.],
  "Velocidade": [-0.35335086 -2.11409082 -1.34316159 -1.80721358 -4.67995982]
                [ 0.         -2.07603106  0.          0.          0.        ],
  "funcao_objetivo": 0.96874366656217015370824273286846829564445560036339,
  "confiabilidade_total": 0.96874366656217015370824273286846829564445560036339
}
 
Individuo 32:
{
  "Posicao": [4. 0. 5. 9. 9.]
             [1. 1. 1. 3. 1.],
  "Velocidade": [-1.48022952 -7.17354427  0.          7.0189843   4.36512597]
                [-1.97108795 -1.97108795  0.          2.23023321  0.        ],
  "funcao_objetivo": 0.74993408689970059642614202077551622744006785280017,
  "confiabilidade_total": 0.96938408689970075525464792365041090044481428987293
}
 
Individuo 33:
{
  "Posicao": [9. 1. 0. 9. 0.]
             [2. 3. 1. 1. 1.],
  "Velocidade": [ 6.23945892  0.17937673 -1.99403764  7.85613847 -4.31454915]
                [0.         2.58475702 0.         0.         0.        ],
  "funcao_objetivo": 0.44609726038465297523654924629856513303335215009995,
  "confiabilidade_total": 0.99508059371798624290389141646930628877695108808823
}
 
Individuo 34:
{
  "Posicao": [8. 6. 5. 7. 0.]
             [2. 1. 1. 1. 1.],
  "Velocidade": [ 1.65648429  6.15550802  0.         -0.91284539 -4.55078428]
                [ 0.         -0.99275129  0.          0.          0.        ],
  "funcao_objetivo": 0.96247779106090355238091320904217043157769808758456,
  "confiabilidade_total": 0.96247779106090355238091320904217043157769808758456
}
 
Individuo 35:
{
  "Posicao": [7. 0. 7. 7. 8.]
             [2. 2. 1. 3. 1.],
  "Velocidade": [ 0.10522692 -1.57592357  0.83801757 -0.81122101  1.53781424]
                [0.83801757 0.83801757 0.         0.83801757 0.        ],
  "funcao_objetivo": 0.48151609476142352066778436252788475040860730331059,
  "confiabilidade_total": 0.99444942809475678962298524126380749304361897628422
}
 
Individuo 36:
{
  "Posicao": [7. 0. 4. 9. 5.]
             [2. 1. 1. 1. 1.],
  "Velocidade": [-1.43786905  0.1446946  -5.37302146  3.49015385 -4.29176047]
                [ 0.         -2.00329793  0.          0.          0.        ],
  "funcao_objetivo": 0.97184875936515891445020018109618090339322241615832,
  "confiabilidade_total": 0.97184875936515891445020018109618090339322241615832
}
 
Individuo 37:
{
  "Posicao": [0. 0. 9. 0. 0.]
             [2. 2. 1. 1. 1.],
  "Velocidade": [-5.74722677 -8.56282756  4.50836704 -5.18654323 -3.71125987]
                [0.68206818 0.68206818 0.         0.         0.        ],
  "funcao_objetivo": 0.68470584486751942923017715136244675288566995479116,
  "confiabilidade_total": 0.99612251153418599316420660604796154568561960078726
}
 
Individuo 38:
{
  "Posicao": [7. 0. 3. 7. 1.]
             [3. 3. 1. 1. 1.],
  "Velocidade": [ 0.572134   -2.73386562 -3.46531094 -1.9170825  -3.92259981]
                [ 0.611017    0.611017    0.          0.         -2.85429394],
  "funcao_objetivo": 0.34084057623656525132875591060065441896542189047410,
  "confiabilidade_total": 0.99887390956989872132314208845992350151165602133347
}
 
Individuo 39:
{
  "Posicao": [9. 7. 9. 9. 9.]
             [1. 1. 1. 1. 1.],
  "Velocidade": [ 3.71475456  6.82810924  1.19976455  0.67622268 -0.20078758]
                [-0.78929823 -0.78929823  0.          0.          0.        ],
  "funcao_objetivo": 0.92494018373798198291168441456112846862131990828461,
  "confiabilidade_total": 0.92494018373798198291168441456112846862131990828461
}
 
Individuo 40:
{
  "Posicao": [7. 0. 6. 8. 1.]
             [3. 3. 1. 1. 2.],
  "Velocidade": [ 4.52268262 -9.90924526  0.89133132  0.48193664 -8.03310248]
                [0.89133132 0.89133132 0.         0.         0.89133132],
  "funcao_objetivo": 0.067681656109066244718802436983978725006221275936088,
  "confiabilidade_total": 0.99888165610906616140766666911223193161690090240093
}
 
Individuo 41:
{
  "Posicao": [5. 0. 5. 9. 0.]
             [2. 2. 1. 1. 1.],
  "Velocidade": [ -3.02091024 -11.76623492   0.02449134   3.04915363  -7.62707885]
                [0.1389233 0.1389233 0.        0.        0.1389233],
  "funcao_objetivo": 0.96375637573764245635201692746579833121985294834847,
  "confiabilidade_total": 0.99217304240430909505956709065560612155139544026131
}
 
Individuo 42:
{
  "Posicao": [9. 0. 7. 9. 0.]
             [3. 3. 1. 1. 1.],
  "Velocidade": [ 6.4210342  -9.18536634  2.33237746  0.08915008 -7.64985876]
                [1.14381997 1.14381997 0.         0.         0.        ],
  "funcao_objetivo": 0.086827822558909466924918895941587013910457871596425,
  "confiabilidade_total": 0.99847782255890948282331260857382867277686335865697
}
 
Individuo 43:
{
  "Posicao": [9. 1. 4. 7. 1.]
             [1. 1. 1. 1. 3.],
  "Velocidade": [ 3.3475641  -4.12860845 -0.71790898 -0.91150942 -3.87725382]
                [-0.71790898 -0.71790898  0.          0.          3.03339259],
  "funcao_objetivo": 0.81959414808706504984573964919642893469127059321850,
  "confiabilidade_total": 0.94887748142039846654942064504818407690318465571850
}
 
Individuo 44:
{
  "Posicao": [5. 0. 4. 9. 4.]
             [1. 1. 1. 1. 1.],
  "Velocidade": [-2.21302343  0.04181516 -5.27917269  3.14468321 -1.5835683 ]
                [-0.75794079 -0.75794079  0.          0.          0.        ],
  "funcao_objetivo": 0.94755354766013631315325622702950274558580145749448,
  "confiabilidade_total": 0.94755354766013631315325622702950274558580145749448
}
 
Individuo 45:
{
  "Posicao": [4. 0. 2. 6. 1.]
             [2. 2. 1. 1. 1.],
  "Velocidade": [-4.74659038 -2.0152457  -0.67759626 -1.45940659 -3.58853543]
                [0.42668637 0.42668637 0.         0.         0.        ],
  "funcao_objetivo": 0.75318794038985745974830081915168409447137531261512,
  "confiabilidade_total": 0.99393794038985734051034797440987165297333415966102
}
 
Individuo 46:
{
  "Posicao": [9. 1. 0. 6. 8.]
             [1. 1. 1. 1. 1.],
  "Velocidade": [ 0.60683935 -0.77318813 -4.01103745 -2.07224674  3.99127587]
                [-2.06287877 -2.06287877  0.          0.          0.        ],
  "funcao_objetivo": 0.95200264644003748080371461251246564481702616403591,
  "confiabilidade_total": 0.95200264644003748080371461251246564481702616403591
}
 
Individuo 47:
{
  "Posicao": [5. 5. 2. 8. 9.]
             [2. 2. 1. 1. 1.],
  "Velocidade": [-2.15123101 -1.2485678  -3.07400056  1.14601703  3.8175215 ]
                [-0.57703995 -0.57703995  0.          0.          0.        ],
  "funcao_objetivo": 0.98949366113815109163669312229261915655155377049438,
  "confiabilidade_total": 0.98949366113815109163669312229261915655155377049438
}
 
Individuo 48:
{
  "Posicao": [9. 0. 5. 8. 4.]
             [2. 2. 1. 1. 1.],
  "Velocidade": [ 5.74233964 -7.91497574  1.67434681  2.70789262  2.96942963]
                [ 0.15681311  0.15681311  0.          0.         -2.45916835],
  "funcao_objetivo": 0.84897262459432226915915640625717164995131111280322,
  "confiabilidade_total": 0.99080595792765574003061877357031439943221426145435
}
 
Individuo 49:
{
  "Posicao": [7. 0. 4. 4. 0.]
             [1. 1. 1. 1. 1.],
  "Velocidade": [ -0.09857489  -6.80857228  -4.51715902  -4.60949997 -10.41866284]
                [-0.67777966 -0.67777966  0.          0.         -0.78954504],
  "funcao_objetivo": 0.95252620540151797104090401925415461631476543507506,
  "confiabilidade_total": 0.95252620540151797104090401925415461631476543507506
}
 
Individuo 50:
{
  "Posicao": [4. 2. 5. 9. 3.]
             [2. 2. 1. 1. 1.],
  "Velocidade": [-1.95756285 -0.52759267  0.          0.83017105 -1.38690574]
                [-1.07281661 -1.07281661  0.          0.          0.        ],
  "funcao_objetivo": 0.75587262128022393865571090348083423089651424047742,
  "confiabilidade_total": 0.99128928794689060162163415473031242948440868017469
}
 
-----------------------------------------
-----------------------------------------
-----------------------------------------
-----------------------------------------
GERACAO 8
Populacao antes da execucao:
Individuo 1:
{
  "Posicao": [9. 0. 5. 6. 0.]
             [2. 2. 1. 1. 1.],
  "Velocidade": [  3.40603955  -6.7860262    0.          -3.18439135 -10.42380336]
                [0. 0. 0. 0. 0.],
  "funcao_objetivo": 0.82218046125046569831839767843625520054338363037582,
  "confiabilidade_total": 0.99124712791713235508927645227735990356741336212631
}
 
Individuo 2:
{
  "Posicao": [0. 9. 5. 7. 9.]
             [2. 3. 1. 3. 1.],
  "Velocidade": [-6.78264059  5.34432425  0.         -2.28710931  0.95573599]
                [0.         1.9626037  0.         1.80811176 0.        ],
  "funcao_objetivo": -0.012384848845428602719771195667632432107834644064015,
  "confiabilidade_total": 0.99771515115457156168205429082554807382354276682466
}
 
Individuo 3:
{
  "Posicao": [7. 9. 4. 6. 3.]
             [2. 1. 1. 1. 1.],
  "Velocidade": [ 2.03881416  9.35821794 -2.18422299 -2.89340111 -5.32092119]
                [ 0.         -2.18422299  0.          0.14092375  0.        ],
  "funcao_objetivo": 0.95926193236442154301802739042777538800663748227396,
  "confiabilidade_total": 0.95926193236442154301802739042777538800663748227396
}
 
Individuo 4:
{
  "Posicao": [8. 9. 3. 9. 9.]
             [2. 2. 1. 3. 1.],
  "Velocidade": [ 5.59648489 -0.1795561   3.43429679  3.32844929  9.39641692]
                [ 0.          0.82365242  0.         -0.19982685  0.        ],
  "funcao_objetivo": 0.19160933021380154186883539467261485091140119353653,
  "confiabilidade_total": 0.99389266354713483467162684235690008184602109710098
}
 
Individuo 5:
{
  "Posicao": [1. 1. 1. 8. 8.]
             [1. 2. 1. 1. 1.],
  "Velocidade": [-5.80038197 -3.68689762 -0.10536926  3.63907145  1.61374304]
                [-2.56761025  0.          0.          0.          0.        ],
  "funcao_objetivo": 0.97700072761962778073463976205337125990487627146310,
  "confiabilidade_total": 0.97700072761962778073463976205337125990487627146310
}
 
Individuo 6:
{
  "Posicao": [4. 9. 6. 9. 3.]
             [3. 3. 1. 1. 1.],
  "Velocidade": [-1.46147564  7.82253581  1.57033677  1.11452639 -2.99089202]
                [ 0.62562525  0.62562525 -0.970783    0.          0.        ],
  "funcao_objetivo": 0.062717285252712012928378985806083300630650936264236,
  "confiabilidade_total": 0.99785061858604538486786762877152673296173614134236
}
 
Individuo 7:
{
  "Posicao": [7. 0. 9. 8. 6.]
             [2. 2. 3. 1. 1.],
  "Velocidade": [ 3.17755081 -6.85219421  3.73239627  0.59299316  4.31111774]
                [0.         1.3803409  1.81869318 0.         0.        ],
  "funcao_objetivo": 0.26463420222141879041091463683134197703457355395024,
  "confiabilidade_total": 0.99678420222141903545934063209589357933855533495610
}
 
Individuo 8:
{
  "Posicao": [5. 0. 3. 7. 6.]
             [2. 2. 3. 1. 1.],
  "Velocidade": [-2.2280711  -4.79998917 -0.21148888 -1.33487552 -2.92520731]
                [ 0.         -1.25322563  2.4303045   0.          0.        ],
  "funcao_objetivo": 0.41526194636386613019018576213123841655379117546221,
  "confiabilidade_total": 0.99699527969719962123440048688347550553208173332354
}
 
Individuo 9:
{
  "Posicao": [7. 2. 5. 7. 5.]
             [2. 2. 1. 1. 2.],
  "Velocidade": [ 3.69298901 -4.26503782  1.76710681 -0.34076301 -1.10493782]
                [ 1.30535995  0.          0.          0.         -0.21686414],
  "funcao_objetivo": 0.89070836001379884651570140713568344308983126355963,
  "confiabilidade_total": 0.99154169334713237117746931753766057609568873121100
}
 
Individuo 10:
{
  "Posicao": [9. 8. 9. 9. 9.]
             [2. 2. 1. 1. 1.],
  "Velocidade": [1.87887488 4.38091581 5.38454344 1.28575031 7.25252367]
                [-1.37594323 -1.37594323 -3.05690606  0.          0.        ],
  "funcao_objetivo": 0.81900145905649739100757632119504850272921445372389,
  "confiabilidade_total": 0.98558479238983045018058558188451714961690428259657
}
 
Individuo 11:
{
  "Posicao": [8. 0. 1. 7. 0.]
             [2. 2. 1. 1. 1.],
  "Velocidade": [  1.8893609  -11.76839353  -6.84747651   0.03678779 -11.80588705]
                [ 0.         -1.42213582  0.          0.          0.        ],
  "funcao_objetivo": 0.92854911315499428544483450912619315774064621839732,
  "confiabilidade_total": 0.99324911315499444213616108959766149042990169439524
}
 
Individuo 12:
{
  "Posicao": [6. 9. 2. 6. 3.]
             [2. 2. 1. 1. 1.],
  "Velocidade": [-0.2300122  17.6446544   2.14595151 -0.14927808 -1.20447832]
                [ 1.07524119  1.07524119 -0.68403107  0.          0.        ],
  "funcao_objetivo": 0.80747369451384882123516630719540025234302970692220,
  "confiabilidade_total": 0.98880702784718208432838961591049646154126617237630
}
 
Individuo 13:
{
  "Posicao": [7. 3. 0. 9. 9.]
             [1. 1. 1. 1. 1.],
  "Velocidade": [-0.69061396 -5.47655148 -9.14571369  1.05401354  0.25865433]
                [-2.40756507 -2.40756507  0.         -2.3611774   0.        ],
  "funcao_objetivo": 0.94615337361158255920995992703777539029986615940865,
  "confiabilidade_total": 0.94615337361158255920995992703777539029986615940865
}
 
Individuo 14:
{
  "Posicao": [4. 1. 6. 0. 9.]
             [3. 2. 1. 1. 1.],
  "Velocidade": [-3.83266172 -4.04107154  1.99262807 -7.89454468  2.9041514 ]
                [-0.31861482  0.          0.          0.          0.        ],
  "funcao_objetivo": 0.43352819273904171187292373074318219788577506902630,
  "confiabilidade_total": 0.99701152607237524221903352722596081786062667730267
}
 
Individuo 15:
{
  "Posicao": [8. 2. 5. 3. 2.]
             [2. 2. 1. 1. 1.],
  "Velocidade": [ 3.19854374  1.89059241 -1.63331312 -3.03794325 -3.85680976]
                [0.         1.38414706 0.         0.         0.        ],
  "funcao_objetivo": 0.87226725109603091582423906922346165137608401701984,
  "confiabilidade_total": 0.99085058442936416481762996519906979719419829772052
}
 
Individuo 16:
{
  "Posicao": [6. 7. 3. 6. 3.]
             [2. 2. 1. 1. 1.],
  "Velocidade": [-1.4117715   7.0574441  -4.92677527 -3.06816811 -3.41668554]
                [0.         0.39736854 0.         0.         0.        ],
  "funcao_objetivo": 0.88383002825037780590136267610218165582737519022899,
  "confiabilidade_total": 0.98933002825037777470409568413528286992332531687694
}
 
Individuo 17:
{
  "Posicao": [9. 0. 5. 8. 8.]
             [1. 1. 3. 1. 1.],
  "Velocidade": [ 2.79262988 -8.67023772  1.88584389 -1.21924913 -1.16639276]
                [-2.1561888 -2.1561888  1.7926324  0.         0.       ],
  "funcao_objetivo": 0.97430285011260684490894680479873911016657680277005,
  "confiabilidade_total": 0.97430285011260684490894680479873911016657680277005
}
 
Individuo 18:
{
  "Posicao": [6. 6. 5. 8. 9.]
             [1. 1. 1. 3. 1.],
  "Velocidade": [-0.76324383 -0.4312004   0.         -0.71172955 -0.38085512]
                [-0.67455986 -0.67455986  0.          2.33995939  0.        ],
  "funcao_objetivo": 0.96546416944610436116349036268538466389477403729268,
  "confiabilidade_total": 0.96546416944610436116349036268538466389477403729268
}
 
Individuo 19:
{
  "Posicao": [5. 3. 5. 6. 8.]
             [2. 2. 1. 1. 1.],
  "Velocidade": [ 0.28231954 -5.16114611  0.         -3.09997076 -0.64531681]
                [ 0.45878813  0.45878813 -1.64374319  0.          0.        ],
  "funcao_objetivo": 0.96404192696274313145959553836547683967172564255135,
  "confiabilidade_total": 0.98979192696274303983844043117443334121152223335640
}
 
Individuo 20:
{
  "Posicao": [8. 0. 5. 6. 2.]
             [2. 2. 1. 3. 1.],
  "Velocidade": [ 1.23782899  0.24470152 -0.43847584  0.39903682  0.7073698 ]
                [ 0.43847584  0.          0.         -0.38111905  0.        ],
  "funcao_objetivo": 0.44246564309497422381026502922431390458828631514649,
  "confiabilidade_total": 0.99426564309497423651121643093610472703463259810547
}
 
Individuo 21:
{
  "Posicao": [4. 2. 7. 9. 9.]
             [2. 2. 1. 1. 1.],
  "Velocidade": [-1.03072133  2.12950093 -0.0751874   1.25197662  1.31643446]
                [0.37500731 0.         0.         0.         0.        ],
  "funcao_objetivo": 0.79159827249475648954870956549068547281217730051505,
  "confiabilidade_total": 0.99101493916142320380693655442239583897185480600821
}
 
Individuo 22:
{
  "Posicao": [3. 0. 5. 6. 2.]
             [2. 2. 1. 1. 1.],
  "Velocidade": [-1.67325986 -8.09951796  0.         -2.14902736 -4.09142498]
                [0.         0.07320903 0.         0.         0.        ],
  "funcao_objetivo": 0.80728951887679462196690353680927368331250926061434,
  "confiabilidade_total": 0.99328951887679456512348467600125881362256785436434
}
 
Individuo 23:
{
  "Posicao": [9. 6. 4. 7. 5.]
             [2. 2. 1. 1. 1.],
  "Velocidade": [12.25476756 -3.41683448 -3.68969218 -2.23288974 -3.51506437]
                [-0.26159586  0.          0.          0.         -3.71144479],
  "funcao_objetivo": 0.90890630243723168898352625528650999974326383809473,
  "confiabilidade_total": 0.98798963577056509718289888250956604231015932301905
}
 
Individuo 24:
{
  "Posicao": [9. 1. 2. 4. 1.]
             [3. 3. 1. 1. 1.],
  "Velocidade": [ 5.05800201 -0.39508399 -3.50040286 -3.51751051 -4.43330452]
                [ 3.50040286  3.50040286  0.         -3.50040286  0.        ],
  "funcao_objetivo": 0.18869738810213446602165889209926380988829143450610,
  "confiabilidade_total": 0.99861405476880102862342071723459075417988307879321
}
 
Individuo 25:
{
  "Posicao": [8. 0. 5. 7. 3.]
             [1. 1. 1. 2. 1.],
  "Velocidade": [-0.66223901 -2.84667391  0.54362604 -0.11905016 -5.25298693]
                [-1.8977042  -1.8977042   0.          0.80485274  0.        ],
  "funcao_objetivo": 0.96369000992838834617847964898286157407706049254543,
  "confiabilidade_total": 0.96369000992838834617847964898286157407706049254543
}
 
Individuo 26:
{
  "Posicao": [6. 2. 2. 8. 5.]
             [2. 2. 1. 1. 3.],
  "Velocidade": [ 0.98246361  0.33929825 -0.98065149  0.8492554  -0.93018248]
                [ 0.         -0.8474484   0.          0.          2.56522141],
  "funcao_objetivo": 0.60101134328135300214546178026257156728938751747389,
  "confiabilidade_total": 0.99267800994801966511138503151204976587728195717116
}
 
Individuo 27:
{
  "Posicao": [6. 5. 9. 7. 3.]
             [1. 2. 1. 1. 3.],
  "Velocidade": [ 0.08046585 -3.12487462  2.74159413 -1.34779669 -3.65986077]
                [-1.0501596   0.          0.          0.          1.57498886],
  "funcao_objetivo": 0.71004174789634200059314620728723518859856606527522,
  "confiabilidade_total": 0.96305841456300877217218795761577773683034659429744
}
 
Individuo 28:
{
  "Posicao": [7. 6. 0. 9. 9.]
             [2. 2. 1. 1. 1.],
  "Velocidade": [-0.68820021  0.29246392  0.00627999  1.97715717  0.80369777]
                [-0.79357394  0.          0.          0.          0.        ],
  "funcao_objetivo": 0.88359521460017710852438890769847152326793142223782,
  "confiabilidade_total": 0.98994521460017689350749572854440433942318626308865
}
 
Individuo 29:
{
  "Posicao": [7. 4. 5. 0. 9.]
             [2. 2. 1. 1. 1.],
  "Velocidade": [  0.35886256   1.36995224  -0.6628377  -10.75955544   4.88363613]
                [ 0.6628377   0.6628377   0.         -1.02856248  0.        ],
  "funcao_objetivo": 0.89461315597598709515028190079783937142253425777328,
  "confiabilidade_total": 0.99106315597598715167173608446455884438962248027694
}
 
Individuo 30:
{
  "Posicao": [7. 0. 5. 5. 0.]
             [2. 2. 1. 1. 1.],
  "Velocidade": [-1.88112623  0.14706137  0.          0.36264909  0.29061533]
                [-1.2017482  0.         0.         0.         0.       ],
  "funcao_objetivo": 0.99229412304325628779648670196695157764104071588153,
  "confiabilidade_total": 0.99229412304325628779648670196695157764104071588153
}
 
Individuo 31:
{
  "Posicao": [6. 2. 5. 7. 1.]
             [2. 1. 1. 1. 1.],
  "Velocidade": [-0.35335086 -2.11409082 -1.34316159 -1.80721358 -4.67995982]
                [ 0.         -2.07603106  0.          0.          0.        ],
  "funcao_objetivo": 0.96874366656217015370824273286846829564445560036339,
  "confiabilidade_total": 0.96874366656217015370824273286846829564445560036339
}
 
Individuo 32:
{
  "Posicao": [4. 0. 5. 9. 9.]
             [1. 1. 1. 3. 1.],
  "Velocidade": [-1.48022952 -7.17354427  0.          7.0189843   4.36512597]
                [-1.97108795 -1.97108795  0.          2.23023321  0.        ],
  "funcao_objetivo": 0.74993408689970059642614202077551622744006785280017,
  "confiabilidade_total": 0.96938408689970075525464792365041090044481428987293
}
 
Individuo 33:
{
  "Posicao": [9. 1. 0. 9. 0.]
             [2. 3. 1. 1. 1.],
  "Velocidade": [ 6.23945892  0.17937673 -1.99403764  7.85613847 -4.31454915]
                [0.         2.58475702 0.         0.         0.        ],
  "funcao_objetivo": 0.44609726038465297523654924629856513303335215009995,
  "confiabilidade_total": 0.99508059371798624290389141646930628877695108808823
}
 
Individuo 34:
{
  "Posicao": [8. 6. 5. 7. 0.]
             [2. 1. 1. 1. 1.],
  "Velocidade": [ 1.65648429  6.15550802  0.         -0.91284539 -4.55078428]
                [ 0.         -0.99275129  0.          0.          0.        ],
  "funcao_objetivo": 0.96247779106090355238091320904217043157769808758456,
  "confiabilidade_total": 0.96247779106090355238091320904217043157769808758456
}
 
Individuo 35:
{
  "Posicao": [7. 0. 7. 7. 8.]
             [2. 2. 1. 3. 1.],
  "Velocidade": [ 0.10522692 -1.57592357  0.83801757 -0.81122101  1.53781424]
                [0.83801757 0.83801757 0.         0.83801757 0.        ],
  "funcao_objetivo": 0.48151609476142352066778436252788475040860730331059,
  "confiabilidade_total": 0.99444942809475678962298524126380749304361897628422
}
 
Individuo 36:
{
  "Posicao": [7. 0. 4. 9. 5.]
             [2. 1. 1. 1. 1.],
  "Velocidade": [-1.43786905  0.1446946  -5.37302146  3.49015385 -4.29176047]
                [ 0.         -2.00329793  0.          0.          0.        ],
  "funcao_objetivo": 0.97184875936515891445020018109618090339322241615832,
  "confiabilidade_total": 0.97184875936515891445020018109618090339322241615832
}
 
Individuo 37:
{
  "Posicao": [0. 0. 9. 0. 0.]
             [2. 2. 1. 1. 1.],
  "Velocidade": [-5.74722677 -8.56282756  4.50836704 -5.18654323 -3.71125987]
                [0.68206818 0.68206818 0.         0.         0.        ],
  "funcao_objetivo": 0.68470584486751942923017715136244675288566995479116,
  "confiabilidade_total": 0.99612251153418599316420660604796154568561960078726
}
 
Individuo 38:
{
  "Posicao": [7. 0. 3. 7. 1.]
             [3. 3. 1. 1. 1.],
  "Velocidade": [ 0.572134   -2.73386562 -3.46531094 -1.9170825  -3.92259981]
                [ 0.611017    0.611017    0.          0.         -2.85429394],
  "funcao_objetivo": 0.34084057623656525132875591060065441896542189047410,
  "confiabilidade_total": 0.99887390956989872132314208845992350151165602133347
}
 
Individuo 39:
{
  "Posicao": [9. 7. 9. 9. 9.]
             [1. 1. 1. 1. 1.],
  "Velocidade": [ 3.71475456  6.82810924  1.19976455  0.67622268 -0.20078758]
                [-0.78929823 -0.78929823  0.          0.          0.        ],
  "funcao_objetivo": 0.92494018373798198291168441456112846862131990828461,
  "confiabilidade_total": 0.92494018373798198291168441456112846862131990828461
}
 
Individuo 40:
{
  "Posicao": [7. 0. 6. 8. 1.]
             [3. 3. 1. 1. 2.],
  "Velocidade": [ 4.52268262 -9.90924526  0.89133132  0.48193664 -8.03310248]
                [0.89133132 0.89133132 0.         0.         0.89133132],
  "funcao_objetivo": 0.067681656109066244718802436983978725006221275936088,
  "confiabilidade_total": 0.99888165610906616140766666911223193161690090240093
}
 
Individuo 41:
{
  "Posicao": [5. 0. 5. 9. 0.]
             [2. 2. 1. 1. 1.],
  "Velocidade": [ -3.02091024 -11.76623492   0.02449134   3.04915363  -7.62707885]
                [0.1389233 0.1389233 0.        0.        0.1389233],
  "funcao_objetivo": 0.96375637573764245635201692746579833121985294834847,
  "confiabilidade_total": 0.99217304240430909505956709065560612155139544026131
}
 
Individuo 42:
{
  "Posicao": [9. 0. 7. 9. 0.]
             [3. 3. 1. 1. 1.],
  "Velocidade": [ 6.4210342  -9.18536634  2.33237746  0.08915008 -7.64985876]
                [1.14381997 1.14381997 0.         0.         0.        ],
  "funcao_objetivo": 0.086827822558909466924918895941587013910457871596425,
  "confiabilidade_total": 0.99847782255890948282331260857382867277686335865697
}
 
Individuo 43:
{
  "Posicao": [9. 1. 4. 7. 1.]
             [1. 1. 1. 1. 3.],
  "Velocidade": [ 3.3475641  -4.12860845 -0.71790898 -0.91150942 -3.87725382]
                [-0.71790898 -0.71790898  0.          0.          3.03339259],
  "funcao_objetivo": 0.81959414808706504984573964919642893469127059321850,
  "confiabilidade_total": 0.94887748142039846654942064504818407690318465571850
}
 
Individuo 44:
{
  "Posicao": [5. 0. 4. 9. 4.]
             [1. 1. 1. 1. 1.],
  "Velocidade": [-2.21302343  0.04181516 -5.27917269  3.14468321 -1.5835683 ]
                [-0.75794079 -0.75794079  0.          0.          0.        ],
  "funcao_objetivo": 0.94755354766013631315325622702950274558580145749448,
  "confiabilidade_total": 0.94755354766013631315325622702950274558580145749448
}
 
Individuo 45:
{
  "Posicao": [4. 0. 2. 6. 1.]
             [2. 2. 1. 1. 1.],
  "Velocidade": [-4.74659038 -2.0152457  -0.67759626 -1.45940659 -3.58853543]
                [0.42668637 0.42668637 0.         0.         0.        ],
  "funcao_objetivo": 0.75318794038985745974830081915168409447137531261512,
  "confiabilidade_total": 0.99393794038985734051034797440987165297333415966102
}
 
Individuo 46:
{
  "Posicao": [9. 1. 0. 6. 8.]
             [1. 1. 1. 1. 1.],
  "Velocidade": [ 0.60683935 -0.77318813 -4.01103745 -2.07224674  3.99127587]
                [-2.06287877 -2.06287877  0.          0.          0.        ],
  "funcao_objetivo": 0.95200264644003748080371461251246564481702616403591,
  "confiabilidade_total": 0.95200264644003748080371461251246564481702616403591
}
 
Individuo 47:
{
  "Posicao": [5. 5. 2. 8. 9.]
             [2. 2. 1. 1. 1.],
  "Velocidade": [-2.15123101 -1.2485678  -3.07400056  1.14601703  3.8175215 ]
                [-0.57703995 -0.57703995  0.          0.          0.        ],
  "funcao_objetivo": 0.98949366113815109163669312229261915655155377049438,
  "confiabilidade_total": 0.98949366113815109163669312229261915655155377049438
}
 
Individuo 48:
{
  "Posicao": [9. 0. 5. 8. 4.]
             [2. 2. 1. 1. 1.],
  "Velocidade": [ 5.74233964 -7.91497574  1.67434681  2.70789262  2.96942963]
                [ 0.15681311  0.15681311  0.          0.         -2.45916835],
  "funcao_objetivo": 0.84897262459432226915915640625717164995131111280322,
  "confiabilidade_total": 0.99080595792765574003061877357031439943221426145435
}
 
Individuo 49:
{
  "Posicao": [7. 0. 4. 4. 0.]
             [1. 1. 1. 1. 1.],
  "Velocidade": [ -0.09857489  -6.80857228  -4.51715902  -4.60949997 -10.41866284]
                [-0.67777966 -0.67777966  0.          0.         -0.78954504],
  "funcao_objetivo": 0.95252620540151797104090401925415461631476543507506,
  "confiabilidade_total": 0.95252620540151797104090401925415461631476543507506
}
 
Individuo 50:
{
  "Posicao": [4. 2. 5. 9. 3.]
             [2. 2. 1. 1. 1.],
  "Velocidade": [-1.95756285 -0.52759267  0.          0.83017105 -1.38690574]
                [-1.07281661 -1.07281661  0.          0.          0.        ],
  "funcao_objetivo": 0.75587262128022393865571090348083423089651424047742,
  "confiabilidade_total": 0.99128928794689060162163415473031242948440868017469
}
 
-----------------------------------------
Populacao final da era:
Individuo 1:
{
  "Posicao": [6. 7. 5. 9. 6.]
             [2. 2. 1. 1. 1.],
  "Velocidade": [-2.88156022  6.78536041  0.          2.74408685  5.57977775]
                [0. 0. 0. 0. 0.],
  "funcao_objetivo": 0.97558548942647120345966141983358819415051230781013,
  "confiabilidade_total": 0.98808548942647120415355081022431103191528210036689
}
 
Individuo 2:
{
  "Posicao": [5. 0. 5. 2. 0.]
             [2. 1. 1. 1. 1.],
  "Velocidade": [  4.95087834 -16.00179863   0.          -5.35251893 -17.92907239]
                [ 0.         -4.10747148  0.         -3.69868257  0.        ],
  "funcao_objetivo": 0.97816220237039384055947331344048593034505830785639,
  "confiabilidade_total": 0.97816220237039384055947331344048593034505830785639
}
 
Individuo 3:
{
  "Posicao": [9. 4. 3. 0. 0.]
             [2. 2. 1. 3. 1.],
  "Velocidade": [  4.00014789  -5.07591276  -0.73600039  -6.09651694 -10.95880063]
                [0.         0.73600039 0.         2.23119    0.        ],
  "funcao_objetivo": 0.030421416266857247354084718862976170056334768801085,
  "confiabilidade_total": 0.99413808293352380222869429260721359299945000317608
}
 
Individuo 4:
{
  "Posicao": [9. 0. 9. 9. 9.]
             [2. 3. 1. 1. 1.],
  "Velocidade": [  3.05603746 -10.50524973   7.52149338   0.53090879  -0.06242079]
                [ 0.          0.76769788  0.         -4.50675604  0.        ],
  "funcao_objetivo": 0.34543131088906674666121279649232777186347709311300,
  "confiabilidade_total": 0.99206464422239969582777366219816061087562308920675
}
 
Individuo 5:
{
  "Posicao": [0. 0. 2. 8. 5.]
             [3. 2. 1. 1. 1.],
  "Velocidade": [-2.07417566 -3.8774479   0.97981347  0.01065009 -3.39613123]
                [1.95216216 0.         0.         0.         0.        ],
  "funcao_objetivo": 0.58218435527671161465455123440026354905033142077016,
  "confiabilidade_total": 0.99743435527671140060355208667008255537414581286000
}
 
Individuo 6:
{
  "Posicao": [9. 0. 0. 0. 0.]
             [1. 1. 2. 1. 1.],
  "Velocidade": [  6.88849726 -23.68390806 -10.27529058 -12.72786529  -2.74111699]
                [-4.93286504 -4.93286504  1.16948627  0.          0.        ],
  "funcao_objetivo": 0.98376043020210098815757734902410001932380674443654,
  "confiabilidade_total": 0.98376043020210098815757734902410001932380674443654
}
 
Individuo 7:
{
  "Posicao": [9. 6. 5. 4. 0.]
             [2. 3. 1. 1. 1.],
  "Velocidade": [ 2.56383647  5.98884426 -3.5363536  -4.01244982 -5.50992147]
                [ 0.          0.88871939 -2.01137879  0.          0.        ],
  "funcao_objetivo": 0.56421739181805272870925278605950751714440062202678,
  "confiabilidade_total": 0.99263405848471953533803542380424204655023291267619
}
 
Individuo 8:
{
  "Posicao": [6. 1. 7. 7. 0.]
             [2. 1. 2. 1. 1.],
  "Velocidade": [ 0.87823533  1.30468962  3.91354037  0.42374015 -5.81272074]
                [ 0.         -1.16808818 -0.68974058  0.          0.        ],
  "funcao_objetivo": 0.96794102682330604744445826844905065647986120252446,
  "confiabilidade_total": 0.97630769348997261317982458058888193611715322999791
}
 
Individuo 9:
{
  "Posicao": [9. 0. 4. 3. 0.]
             [2. 2. 1. 1. 1.],
  "Velocidade": [  1.94422145  -3.02416266  -1.34871226  -3.86013901 -11.00960254]
                [ 0.46773795  0.          0.          0.         -1.59892295],
  "funcao_objetivo": 0.69656016072630476606611041585470831635605940767408,
  "confiabilidade_total": 0.99194349405963816653833079168667483757447848268629
}
 
Individuo 10:
{
  "Posicao": [8. 8. 9. 9. 9.]
             [1. 1. 3. 1. 1.],
  "Velocidade": [-1.40457527 -0.29797449  0.08078805  0.38142673  2.17430755]
                [-1.282469   -1.282469    2.84923621  0.          0.        ],
  "funcao_objetivo": 0.79353707361322280894970384476464633587737343599128,
  "confiabilidade_total": 0.96012040694655586812271310545411498276506326486396
}
 
Individuo 11:
{
  "Posicao": [8. 7. 3. 5. 6.]
             [2. 1. 1. 1. 1.],
  "Velocidade": [-0.41629182  6.75518429  2.32690301 -2.2134469   6.08784278]
                [ 0.         -1.32552352  0.          0.          0.        ],
  "funcao_objetivo": 0.96169703367465380397127185352628415927430540176650,
  "confiabilidade_total": 0.96169703367465380397127185352628415927430540176650
}
 
Individuo 12:
{
  "Posicao": [7. 9. 5. 6. 2.]
             [3. 3. 1. 1. 1.],
  "Velocidade": [ 0.54356871 11.52317164  3.43012273 -0.47513721 -1.28674371]
                [0.79121764 0.79121764 0.42658424 0.         0.        ],
  "funcao_objetivo": 0.40417328252641992481659666518080075028624272092066,
  "confiabilidade_total": 0.99777328252641994133671527160313007178988194211206
}
 
Individuo 13:
{
  "Posicao": [6. 0. 9. 4. 0.]
             [2. 2. 1. 3. 1.],
  "Velocidade": [ -0.64369734  -3.48375934   8.5048549   -4.74879724 -16.60023213]
                [1.16184357 1.16184357 0.         2.20077163 0.        ],
  "funcao_objetivo": 0.076870925286708340393550730211116070884660867780764,
  "confiabilidade_total": 0.99425425862004200187920419541738524569888511094483
}
 
Individuo 14:
{
  "Posicao": [0. 0. 9. 2. 2.]
             [1. 2. 1. 1. 1.],
  "Velocidade": [-5.39258989 -0.59375494  3.1055312   2.0524926  -7.22837444]
                [-4.82224675  0.          0.          0.          0.        ],
  "funcao_objetivo": 0.93697706455452280538198145857842954845395827272988,
  "confiabilidade_total": 0.97597706455452286083762153860499874261436009386635
}
 
Individuo 15:
{
  "Posicao": [9. 0. 9. 0. 7.]
             [2. 1. 1. 1. 1.],
  "Velocidade": [ 0.72402495 -2.752298    4.01964846 -7.55377968  4.82208799]
                [ 0.         -0.55721883  0.          0.          0.        ],
  "funcao_objetivo": 0.97367160393169750831729382306707524568851325465105,
  "confiabilidade_total": 0.97797160393169743459432165161433662453278187466524
}
 
Individuo 16:
{
  "Posicao": [7. 2. 6. 1. 0.]
             [2. 1. 1. 1. 1.],
  "Velocidade": [ 1.31484426 -4.72929244  2.70009899 -5.49044073 -5.9997959 ]
                [ 0.         -0.64500674  0.          0.          0.        ],
  "funcao_objetivo": 0.97505974838126102111925017168789937469985979801370,
  "confiabilidade_total": 0.97505974838126102111925017168789937469985979801370
}
 
Individuo 17:
{
  "Posicao": [9. 5. 7. 9. 5.]
             [1. 1. 1. 1. 1.],
  "Velocidade": [ 0.77973377  4.57353153  1.75772975  0.64836751 -2.95640492]
                [ 0.19420758  0.19420758 -1.96015204  0.          0.        ],
  "funcao_objetivo": 0.92923316194714625978367887492134497591585723322774,
  "confiabilidade_total": 0.92923316194714625978367887492134497591585723322774
}
 
Individuo 18:
{
  "Posicao": [5. 3. 5. 6. 2.]
             [2. 2. 1. 3. 1.],
  "Velocidade": [-1.11359829 -3.05240012  0.         -1.98862504 -6.8625837 ]
                [ 0.65696902  0.65696902  0.         -0.39041071  0.        ],
  "funcao_objetivo": 0.55217478229053376172296646731017868620761068471407,
  "confiabilidade_total": 0.99440811562386705253845870091543370978392990239595
}
 
Individuo 19:
{
  "Posicao": [9. 0. 5. 5. 0.]
             [2. 2. 3. 1. 1.],
  "Velocidade": [ 4.44254999 -4.45219485  0.         -0.5607834  -8.48252278]
                [0.42762052 0.42762052 1.53207607 0.         0.        ],
  "funcao_objetivo": 0.44105889115725914701474405215658175563932142412621,
  "confiabilidade_total": 0.99714222449059246539707398720447367793441496050316
}
 
Individuo 20:
{
  "Posicao": [6. 9. 5. 9. 9.]
             [2. 2. 1. 1. 1.],
  "Velocidade": [-1.68657827  9.68566417 -0.40868813  4.28703144  7.13843722]
                [ 0.40868813  0.          0.         -3.33369189  0.        ],
  "funcao_objetivo": 0.85455873866182893841173497749838006350563808541808,
  "confiabilidade_total": 0.98674207199516203572645624918510165664719387155089
}
 
Individuo 21:
{
  "Posicao": [9. 3. 4. 4. 0.]
             [2. 2. 1. 1. 1.],
  "Velocidade": [  5.40254687   0.82084715  -3.28618476  -5.26528634 -12.73244082]
                [0.34953132 0.         0.         0.         0.        ],
  "funcao_objetivo": 0.71185288989321352308582754204659798045033996813659,
  "confiabilidade_total": 0.98990288989321369510378297746835235368783062212829
}
 
Individuo 22:
{
  "Posicao": [8. 5. 5. 4. 0.]
             [2. 2. 1. 1. 1.],
  "Velocidade": [ 4.80557905  4.77479426  0.         -2.2070827  -4.22157297]
                [0.        0.0682356 0.        0.        0.       ],
  "funcao_objetivo": 0.98918756152296682623259831591987837527840791246406,
  "confiabilidade_total": 0.98918756152296682623259831591987837527840791246406
}
 
Individuo 23:
{
  "Posicao": [9. 0. 9. 2. 0.]
             [1. 2. 1. 1. 3.],
  "Velocidade": [  1.89031211 -22.49787301   5.96824994  -5.42470706 -11.63503948]
                [-1.79093048  0.          0.          0.          1.91220304],
  "funcao_objetivo": 0.36602329452181158287935360917358060637062302547045,
  "confiabilidade_total": 0.96305662785514488767255372280955647388046494441577
}
 
Individuo 24:
{
  "Posicao": [9. 0. 7. 5. 0.]
             [2. 2. 1. 3. 1.],
  "Velocidade": [ 0.42975417 -2.02037942  4.6348925   1.3146764  -3.82353769]
                [-0.63010531 -0.63010531  0.          3.26260421  0.        ],
  "funcao_objetivo": 0.39707176691627763076078699565211718382983626278729,
  "confiabilidade_total": 0.99362176691627771096329829457342566403298796566815
}
 
Individuo 25:
{
  "Posicao": [7. 3. 5. 6. 0.]
             [2. 2. 1. 2. 1.],
  "Velocidade": [-1.23506171  2.65328611 -0.06184133 -1.34658587 -6.18102578]
                [1.15097265 1.15097265 0.         0.13236368 0.        ],
  "funcao_objetivo": 0.71544582053201307307274566910806416113331794181626,
  "confiabilidade_total": 0.99377915386534649170821472780759168368235110679429
}
 
Individuo 26:
{
  "Posicao": [9. 9. 9. 8. 7.]
             [2. 1. 1. 1. 1.],
  "Velocidade": [ 3.26624185  7.7986007   8.16809938 -0.16830532  1.59436295]
                [ 0.         -0.78987729  0.          0.         -2.31008915],
  "funcao_objetivo": 0.95458355125601653973708922166570888588416917296534,
  "confiabilidade_total": 0.95458355125601653973708922166570888588416917296534
}
 
Individuo 27:
{
  "Posicao": [9. 0. 4. 3. 0.]
             [2. 2. 1. 1. 1.],
  "Velocidade": [  2.59319062 -10.51820893  -4.52621925  -4.29848322  -5.9804686 ]
                [ 0.54230695  0.          0.          0.         -1.57425609],
  "funcao_objetivo": 0.69656016072630476606611041585470831635605940767408,
  "confiabilidade_total": 0.99194349405963816653833079168667483757447848268629
}
 
Individuo 28:
{
  "Posicao": [7. 1. 3. 9. 8.]
             [1. 2. 1. 1. 1.],
  "Velocidade": [ 0.11745217 -5.33367394  3.15994507  1.1409257  -0.83020763]
                [-1.49856251  0.          0.          0.          0.        ],
  "funcao_objetivo": 0.96545782355461188204935562918158387991743784755650,
  "confiabilidade_total": 0.96545782355461188204935562918158387991743784755650
}
 
Individuo 29:
{
  "Posicao": [7. 0. 5. 0. 1.]
             [2. 2. 1. 1. 1.],
  "Velocidade": [ 0.33448336 -3.8557924   0.17056399  0.45927387 -7.7850282 ]
                [-0.17056399 -0.17056399  0.          0.17031541  0.        ],
  "funcao_objetivo": 0.94621742630816080699719876797633381202980322661511,
  "confiabilidade_total": 0.99308409297482738784547600282610849818378133597485
}
 
Individuo 30:
{
  "Posicao": [5. 0. 5. 5. 0.]
             [1. 2. 1. 1. 1.],
  "Velocidade": [-1.75333258  0.13707081  0.          0.33801265  0.27087248]
                [-1.12010786  0.          0.          0.          0.        ],
  "funcao_objetivo": 0.96631129221231738155125520390266122822447723490034,
  "confiabilidade_total": 0.96631129221231738155125520390266122822447723490034
}
 
Individuo 31:
{
  "Posicao": [5. 3. 5. 7. 0.]
             [2. 2. 1. 1. 1.],
  "Velocidade": [-1.09920347  1.26977131  0.44861298 -0.1447264  -1.89164365]
                [0.         0.69620071 0.         0.         0.        ],
  "funcao_objetivo": 0.96598737639697293180925139388775610862271757632099,
  "confiabilidade_total": 0.99023737639697290477532074426519434930728645830952
}
 
Individuo 32:
{
  "Posicao": [8. 2. 5. 9. 3.]
             [1. 1. 1. 2. 1.],
  "Velocidade": [ 3.95373929  1.56010893  0.          2.84834088 -5.9511935 ]
                [ 0.05937946  0.05937946  0.         -1.47688352  0.        ],
  "funcao_objetivo": 0.96149507269400135938537888902657688872900858458285,
  "confiabilidade_total": 0.96149507269400135938537888902657688872900858458285
}
 
Individuo 33:
{
  "Posicao": [9. 0. 9. 9. 1.]
             [2. 1. 1. 1. 1.],
  "Velocidade": [ 2.60933181 -1.43593499  8.76692548  0.90993116  1.19829778]
                [ 0.         -1.80383313  0.          0.          0.        ],
  "funcao_objetivo": 0.95007561283728833611605966836792324048345865404886,
  "confiabilidade_total": 0.97027561283728815491100870417299849524041594660562
}
 
Individuo 34:
{
  "Posicao": [7. 2. 5. 5. 2.]
             [2. 3. 1. 1. 1.],
  "Velocidade": [-0.98674972 -3.76779671  0.         -2.12618385  2.38395978]
                [0.         1.60539225 0.         0.         0.        ],
  "funcao_objetivo": 0.75489327947858158945759672722737364601026387382233,
  "confiabilidade_total": 0.99389327947858163519878534178382311146388859916413
}
 
Individuo 35:
{
  "Posicao": [7. 0. 3. 4. 0.]
             [3. 3. 1. 1. 1.],
  "Velocidade": [  0.09807836   0.18638979  -4.4435488   -2.67023985 -12.84418624]
                [ 0.78108714  0.78108714  0.         -4.4435488   0.        ],
  "funcao_objetivo": 0.23719989940379240666067745515930215556980345030021,
  "confiabilidade_total": 0.99891656607045928172360733079868583668829176206779
}
 
Individuo 36:
{
  "Posicao": [6. 0. 1. 5. 0.]
             [2. 1. 1. 1. 1.],
  "Velocidade": [ -1.34018792   0.13486482  -3.29160228  -3.61256787 -12.58222538]
                [0.         0.15079975 0.         0.         0.        ],
  "funcao_objetivo": 0.97610648579227847669739557448579513958929834902498,
  "confiabilidade_total": 0.97610648579227847669739557448579513958929834902498
}
 
Individuo 37:
{
  "Posicao": [3. 8. 8. 5. 3.]
             [1. 1. 1. 1. 1.],
  "Velocidade": [ 3.2988483   7.98111485 -0.74398686  4.8879725   3.45913672]
                [-1.13405303 -1.13405303  0.          0.          0.        ],
  "funcao_objetivo": 0.93710193019799801557418764406525988268259506222687,
  "confiabilidade_total": 0.93710193019799801557418764406525988268259506222687
}
 
Individuo 38:
{
  "Posicao": [9. 0. 5. 4. 0.]
             [1. 1. 1. 1. 3.],
  "Velocidade": [ 1.65794137  0.29879122  2.47188045 -2.98992248 -0.88363223]
                [-2.28138058 -2.28138058  0.          0.          2.66038848],
  "funcao_objetivo": 0.73572943510236381140324744534148803514421072281401,
  "confiabilidade_total": 0.95127943510236378913217357136084783424615946091215
}
 
Individuo 39:
{
  "Posicao": [5. 3. 0. 2. 0.]
             [3. 3. 1. 1. 1.],
  "Velocidade": [ -3.71383698  -3.63008478  -9.74440001  -6.74257225 -16.19443926]
                [1.6891703 1.6891703 0.        0.        0.       ],
  "funcao_objetivo": 0.46381411003010079018608104783906626515684630918432,
  "confiabilidade_total": 0.99886411003010076025446830394484593533573653745580
}
 
Individuo 40:
{
  "Posicao": [9. 3. 6. 8. 0.]
             [3. 3. 1. 1. 2.],
  "Velocidade": [ 2.13641983  2.99901639 -0.3167993   0.12498531 -2.39790705]
                [-0.3167993 -0.3167993  0.         0.        -0.3167993],
  "funcao_objetivo": -0.11445830940365359423302293537938968839048860199327,
  "confiabilidade_total": 0.99820835726301304297572614456645677236915113799696
}
 
Individuo 41:
{
  "Posicao": [5. 2. 5. 8. 1.]
             [2. 2. 1. 1. 1.],
  "Velocidade": [-0.06287135  2.4369201   0.02282753 -0.95762243  1.42104384]
                [0.1294856 0.1294856 0.        0.        0.1294856],
  "funcao_objetivo": 0.97147268780433790534205999229804851878637226657262,
  "confiabilidade_total": 0.99088935447100467483388245633129677102172525958409
}
 
Individuo 42:
{
  "Posicao": [8. 3. 5. 4. 1.]
             [2. 2. 1. 1. 1.],
  "Velocidade": [-0.60289072  2.50728796 -2.39576142 -5.02023642  1.07609456]
                [-1.21872986 -1.21872986  0.          0.          0.        ],
  "funcao_objetivo": 0.90631202239439629673070576845243219546846110613781,
  "confiabilidade_total": 0.98997868906106289430449286928019016310445029528576
}
 
Individuo 43:
{
  "Posicao": [9. 0. 4. 6. 1.]
             [1. 1. 1. 1. 2.],
  "Velocidade": [ 0.85311397 -1.1353327   0.46437918 -0.55240926 -0.26000086]
                [ 0.46437918  0.46437918  0.          0.         -0.56028559],
  "funcao_objetivo": 0.95171387203133866987845316992930790930431500639800,
  "confiabilidade_total": 0.95171387203133866987845316992930790930431500639800
}
 
Individuo 44:
{
  "Posicao": [7. 2. 1. 5. 0.]
             [2. 2. 1. 1. 1.],
  "Velocidade": [ 2.17653065  2.46251522 -2.80092738 -3.60854334 -6.56145827]
                [1.4131562 1.4131562 0.        0.        0.       ],
  "funcao_objetivo": 0.93517372916495121216332036354897733732772995644161,
  "confiabilidade_total": 0.99234039583161799436719645954026797741366554909298
}
 
Individuo 45:
{
  "Posicao": [0. 6. 9. 7. 3.]
             [1. 1. 1. 1. 1.],
  "Velocidade": [-6.04224532  6.02951335 13.56603118  0.76067947  1.93933387]
                [-1.18387122 -1.18387122  0.          0.          0.        ],
  "funcao_objetivo": 0.94514921739019943117043832250380421524205828088015,
  "confiabilidade_total": 0.94514921739019943117043832250380421524205828088015
}
 
Individuo 46:
{
  "Posicao": [6. 3. 5. 6. 1.]
             [1. 1. 1. 1. 1.],
  "Velocidade": [-2.5467336   2.04749764  4.52280128 -0.12427283 -6.80733428]
                [0.11391741 0.11391741 0.         0.         0.        ],
  "funcao_objetivo": 0.94072545975270469571707622730289520168730924076650,
  "confiabilidade_total": 0.94072545975270469571707622730289520168730924076650
}
 
Individuo 47:
{
  "Posicao": [6. 0. 4. 5. 0.]
             [1. 1. 1. 1. 1.],
  "Velocidade": [ 0.98020987 -8.62699116  1.61277723 -3.40978387 -9.87566038]
                [-0.53783894 -0.53783894  0.          0.          0.        ],
  "funcao_objetivo": 0.95137227264612536448611422067649867403836195545204,
  "confiabilidade_total": 0.95137227264612536448611422067649867403836195545204
}
 
Individuo 48:
{
  "Posicao": [9. 7. 7. 9. 6.]
             [2. 2. 1. 1. 3.],
  "Velocidade": [3.89223264 7.37727462 1.89158731 1.49238151 2.16460288]
                [-0.18482661 -0.18482661  0.          0.          1.63013225],
  "funcao_objetivo": 0.32381947528905812811858939160604839028816199678102,
  "confiabilidade_total": 0.98831947528905816320163696976099506767492270845094
}
 
Individuo 49:
{
  "Posicao": [7. 6. 0. 0. 9.]
             [2. 2. 1. 1. 2.],
  "Velocidade": [-0.09187824  6.34603429 -4.12364341 -4.20971121  9.7108746 ]
                [0.54509095 0.54509095 0.         0.         0.73590757],
  "funcao_objetivo": 0.55703436627481186871410960686428698964036234878360,
  "confiabilidade_total": 0.99340103294147841039926964806166471235073336623966
}
 
Individuo 50:
{
  "Posicao": [8. 3. 5. 2. 1.]
             [1. 1. 1. 1. 1.],
  "Velocidade": [ 3.92484745  1.15809136  0.         -6.50049697 -2.34257515]
                [-0.99993518 -0.99993518  0.          0.          0.        ],
  "funcao_objetivo": 0.94477785397286695473064447037009139509928495503776,
  "confiabilidade_total": 0.94477785397286695473064447037009139509928495503776
}
 
-----------------------------------------
-----------------------------------------
-----------------------------------------
-----------------------------------------
GERACAO 9
Populacao antes da execucao:
Individuo 1:
{
  "Posicao": [6. 7. 5. 9. 6.]
             [2. 2. 1. 1. 1.],
  "Velocidade": [-2.88156022  6.78536041  0.          2.74408685  5.57977775]
                [0. 0. 0. 0. 0.],
  "funcao_objetivo": 0.97558548942647120345966141983358819415051230781013,
  "confiabilidade_total": 0.98808548942647120415355081022431103191528210036689
}
 
Individuo 2:
{
  "Posicao": [5. 0. 5. 2. 0.]
             [2. 1. 1. 1. 1.],
  "Velocidade": [  4.95087834 -16.00179863   0.          -5.35251893 -17.92907239]
                [ 0.         -4.10747148  0.         -3.69868257  0.        ],
  "funcao_objetivo": 0.97816220237039384055947331344048593034505830785639,
  "confiabilidade_total": 0.97816220237039384055947331344048593034505830785639
}
 
Individuo 3:
{
  "Posicao": [9. 4. 3. 0. 0.]
             [2. 2. 1. 3. 1.],
  "Velocidade": [  4.00014789  -5.07591276  -0.73600039  -6.09651694 -10.95880063]
                [0.         0.73600039 0.         2.23119    0.        ],
  "funcao_objetivo": 0.030421416266857247354084718862976170056334768801085,
  "confiabilidade_total": 0.99413808293352380222869429260721359299945000317608
}
 
Individuo 4:
{
  "Posicao": [9. 0. 9. 9. 9.]
             [2. 3. 1. 1. 1.],
  "Velocidade": [  3.05603746 -10.50524973   7.52149338   0.53090879  -0.06242079]
                [ 0.          0.76769788  0.         -4.50675604  0.        ],
  "funcao_objetivo": 0.34543131088906674666121279649232777186347709311300,
  "confiabilidade_total": 0.99206464422239969582777366219816061087562308920675
}
 
Individuo 5:
{
  "Posicao": [0. 0. 2. 8. 5.]
             [3. 2. 1. 1. 1.],
  "Velocidade": [-2.07417566 -3.8774479   0.97981347  0.01065009 -3.39613123]
                [1.95216216 0.         0.         0.         0.        ],
  "funcao_objetivo": 0.58218435527671161465455123440026354905033142077016,
  "confiabilidade_total": 0.99743435527671140060355208667008255537414581286000
}
 
Individuo 6:
{
  "Posicao": [9. 0. 0. 0. 0.]
             [1. 1. 2. 1. 1.],
  "Velocidade": [  6.88849726 -23.68390806 -10.27529058 -12.72786529  -2.74111699]
                [-4.93286504 -4.93286504  1.16948627  0.          0.        ],
  "funcao_objetivo": 0.98376043020210098815757734902410001932380674443654,
  "confiabilidade_total": 0.98376043020210098815757734902410001932380674443654
}
 
Individuo 7:
{
  "Posicao": [9. 6. 5. 4. 0.]
             [2. 3. 1. 1. 1.],
  "Velocidade": [ 2.56383647  5.98884426 -3.5363536  -4.01244982 -5.50992147]
                [ 0.          0.88871939 -2.01137879  0.          0.        ],
  "funcao_objetivo": 0.56421739181805272870925278605950751714440062202678,
  "confiabilidade_total": 0.99263405848471953533803542380424204655023291267619
}
 
Individuo 8:
{
  "Posicao": [6. 1. 7. 7. 0.]
             [2. 1. 2. 1. 1.],
  "Velocidade": [ 0.87823533  1.30468962  3.91354037  0.42374015 -5.81272074]
                [ 0.         -1.16808818 -0.68974058  0.          0.        ],
  "funcao_objetivo": 0.96794102682330604744445826844905065647986120252446,
  "confiabilidade_total": 0.97630769348997261317982458058888193611715322999791
}
 
Individuo 9:
{
  "Posicao": [9. 0. 4. 3. 0.]
             [2. 2. 1. 1. 1.],
  "Velocidade": [  1.94422145  -3.02416266  -1.34871226  -3.86013901 -11.00960254]
                [ 0.46773795  0.          0.          0.         -1.59892295],
  "funcao_objetivo": 0.69656016072630476606611041585470831635605940767408,
  "confiabilidade_total": 0.99194349405963816653833079168667483757447848268629
}
 
Individuo 10:
{
  "Posicao": [8. 8. 9. 9. 9.]
             [1. 1. 3. 1. 1.],
  "Velocidade": [-1.40457527 -0.29797449  0.08078805  0.38142673  2.17430755]
                [-1.282469   -1.282469    2.84923621  0.          0.        ],
  "funcao_objetivo": 0.79353707361322280894970384476464633587737343599128,
  "confiabilidade_total": 0.96012040694655586812271310545411498276506326486396
}
 
Individuo 11:
{
  "Posicao": [8. 7. 3. 5. 6.]
             [2. 1. 1. 1. 1.],
  "Velocidade": [-0.41629182  6.75518429  2.32690301 -2.2134469   6.08784278]
                [ 0.         -1.32552352  0.          0.          0.        ],
  "funcao_objetivo": 0.96169703367465380397127185352628415927430540176650,
  "confiabilidade_total": 0.96169703367465380397127185352628415927430540176650
}
 
Individuo 12:
{
  "Posicao": [7. 9. 5. 6. 2.]
             [3. 3. 1. 1. 1.],
  "Velocidade": [ 0.54356871 11.52317164  3.43012273 -0.47513721 -1.28674371]
                [0.79121764 0.79121764 0.42658424 0.         0.        ],
  "funcao_objetivo": 0.40417328252641992481659666518080075028624272092066,
  "confiabilidade_total": 0.99777328252641994133671527160313007178988194211206
}
 
Individuo 13:
{
  "Posicao": [6. 0. 9. 4. 0.]
             [2. 2. 1. 3. 1.],
  "Velocidade": [ -0.64369734  -3.48375934   8.5048549   -4.74879724 -16.60023213]
                [1.16184357 1.16184357 0.         2.20077163 0.        ],
  "funcao_objetivo": 0.076870925286708340393550730211116070884660867780764,
  "confiabilidade_total": 0.99425425862004200187920419541738524569888511094483
}
 
Individuo 14:
{
  "Posicao": [0. 0. 9. 2. 2.]
             [1. 2. 1. 1. 1.],
  "Velocidade": [-5.39258989 -0.59375494  3.1055312   2.0524926  -7.22837444]
                [-4.82224675  0.          0.          0.          0.        ],
  "funcao_objetivo": 0.93697706455452280538198145857842954845395827272988,
  "confiabilidade_total": 0.97597706455452286083762153860499874261436009386635
}
 
Individuo 15:
{
  "Posicao": [9. 0. 9. 0. 7.]
             [2. 1. 1. 1. 1.],
  "Velocidade": [ 0.72402495 -2.752298    4.01964846 -7.55377968  4.82208799]
                [ 0.         -0.55721883  0.          0.          0.        ],
  "funcao_objetivo": 0.97367160393169750831729382306707524568851325465105,
  "confiabilidade_total": 0.97797160393169743459432165161433662453278187466524
}
 
Individuo 16:
{
  "Posicao": [7. 2. 6. 1. 0.]
             [2. 1. 1. 1. 1.],
  "Velocidade": [ 1.31484426 -4.72929244  2.70009899 -5.49044073 -5.9997959 ]
                [ 0.         -0.64500674  0.          0.          0.        ],
  "funcao_objetivo": 0.97505974838126102111925017168789937469985979801370,
  "confiabilidade_total": 0.97505974838126102111925017168789937469985979801370
}
 
Individuo 17:
{
  "Posicao": [9. 5. 7. 9. 5.]
             [1. 1. 1. 1. 1.],
  "Velocidade": [ 0.77973377  4.57353153  1.75772975  0.64836751 -2.95640492]
                [ 0.19420758  0.19420758 -1.96015204  0.          0.        ],
  "funcao_objetivo": 0.92923316194714625978367887492134497591585723322774,
  "confiabilidade_total": 0.92923316194714625978367887492134497591585723322774
}
 
Individuo 18:
{
  "Posicao": [5. 3. 5. 6. 2.]
             [2. 2. 1. 3. 1.],
  "Velocidade": [-1.11359829 -3.05240012  0.         -1.98862504 -6.8625837 ]
                [ 0.65696902  0.65696902  0.         -0.39041071  0.        ],
  "funcao_objetivo": 0.55217478229053376172296646731017868620761068471407,
  "confiabilidade_total": 0.99440811562386705253845870091543370978392990239595
}
 
Individuo 19:
{
  "Posicao": [9. 0. 5. 5. 0.]
             [2. 2. 3. 1. 1.],
  "Velocidade": [ 4.44254999 -4.45219485  0.         -0.5607834  -8.48252278]
                [0.42762052 0.42762052 1.53207607 0.         0.        ],
  "funcao_objetivo": 0.44105889115725914701474405215658175563932142412621,
  "confiabilidade_total": 0.99714222449059246539707398720447367793441496050316
}
 
Individuo 20:
{
  "Posicao": [6. 9. 5. 9. 9.]
             [2. 2. 1. 1. 1.],
  "Velocidade": [-1.68657827  9.68566417 -0.40868813  4.28703144  7.13843722]
                [ 0.40868813  0.          0.         -3.33369189  0.        ],
  "funcao_objetivo": 0.85455873866182893841173497749838006350563808541808,
  "confiabilidade_total": 0.98674207199516203572645624918510165664719387155089
}
 
Individuo 21:
{
  "Posicao": [9. 3. 4. 4. 0.]
             [2. 2. 1. 1. 1.],
  "Velocidade": [  5.40254687   0.82084715  -3.28618476  -5.26528634 -12.73244082]
                [0.34953132 0.         0.         0.         0.        ],
  "funcao_objetivo": 0.71185288989321352308582754204659798045033996813659,
  "confiabilidade_total": 0.98990288989321369510378297746835235368783062212829
}
 
Individuo 22:
{
  "Posicao": [8. 5. 5. 4. 0.]
             [2. 2. 1. 1. 1.],
  "Velocidade": [ 4.80557905  4.77479426  0.         -2.2070827  -4.22157297]
                [0.        0.0682356 0.        0.        0.       ],
  "funcao_objetivo": 0.98918756152296682623259831591987837527840791246406,
  "confiabilidade_total": 0.98918756152296682623259831591987837527840791246406
}
 
Individuo 23:
{
  "Posicao": [9. 0. 9. 2. 0.]
             [1. 2. 1. 1. 3.],
  "Velocidade": [  1.89031211 -22.49787301   5.96824994  -5.42470706 -11.63503948]
                [-1.79093048  0.          0.          0.          1.91220304],
  "funcao_objetivo": 0.36602329452181158287935360917358060637062302547045,
  "confiabilidade_total": 0.96305662785514488767255372280955647388046494441577
}
 
Individuo 24:
{
  "Posicao": [9. 0. 7. 5. 0.]
             [2. 2. 1. 3. 1.],
  "Velocidade": [ 0.42975417 -2.02037942  4.6348925   1.3146764  -3.82353769]
                [-0.63010531 -0.63010531  0.          3.26260421  0.        ],
  "funcao_objetivo": 0.39707176691627763076078699565211718382983626278729,
  "confiabilidade_total": 0.99362176691627771096329829457342566403298796566815
}
 
Individuo 25:
{
  "Posicao": [7. 3. 5. 6. 0.]
             [2. 2. 1. 2. 1.],
  "Velocidade": [-1.23506171  2.65328611 -0.06184133 -1.34658587 -6.18102578]
                [1.15097265 1.15097265 0.         0.13236368 0.        ],
  "funcao_objetivo": 0.71544582053201307307274566910806416113331794181626,
  "confiabilidade_total": 0.99377915386534649170821472780759168368235110679429
}
 
Individuo 26:
{
  "Posicao": [9. 9. 9. 8. 7.]
             [2. 1. 1. 1. 1.],
  "Velocidade": [ 3.26624185  7.7986007   8.16809938 -0.16830532  1.59436295]
                [ 0.         -0.78987729  0.          0.         -2.31008915],
  "funcao_objetivo": 0.95458355125601653973708922166570888588416917296534,
  "confiabilidade_total": 0.95458355125601653973708922166570888588416917296534
}
 
Individuo 27:
{
  "Posicao": [9. 0. 4. 3. 0.]
             [2. 2. 1. 1. 1.],
  "Velocidade": [  2.59319062 -10.51820893  -4.52621925  -4.29848322  -5.9804686 ]
                [ 0.54230695  0.          0.          0.         -1.57425609],
  "funcao_objetivo": 0.69656016072630476606611041585470831635605940767408,
  "confiabilidade_total": 0.99194349405963816653833079168667483757447848268629
}
 
Individuo 28:
{
  "Posicao": [7. 1. 3. 9. 8.]
             [1. 2. 1. 1. 1.],
  "Velocidade": [ 0.11745217 -5.33367394  3.15994507  1.1409257  -0.83020763]
                [-1.49856251  0.          0.          0.          0.        ],
  "funcao_objetivo": 0.96545782355461188204935562918158387991743784755650,
  "confiabilidade_total": 0.96545782355461188204935562918158387991743784755650
}
 
Individuo 29:
{
  "Posicao": [7. 0. 5. 0. 1.]
             [2. 2. 1. 1. 1.],
  "Velocidade": [ 0.33448336 -3.8557924   0.17056399  0.45927387 -7.7850282 ]
                [-0.17056399 -0.17056399  0.          0.17031541  0.        ],
  "funcao_objetivo": 0.94621742630816080699719876797633381202980322661511,
  "confiabilidade_total": 0.99308409297482738784547600282610849818378133597485
}
 
Individuo 30:
{
  "Posicao": [5. 0. 5. 5. 0.]
             [1. 2. 1. 1. 1.],
  "Velocidade": [-1.75333258  0.13707081  0.          0.33801265  0.27087248]
                [-1.12010786  0.          0.          0.          0.        ],
  "funcao_objetivo": 0.96631129221231738155125520390266122822447723490034,
  "confiabilidade_total": 0.96631129221231738155125520390266122822447723490034
}
 
Individuo 31:
{
  "Posicao": [5. 3. 5. 7. 0.]
             [2. 2. 1. 1. 1.],
  "Velocidade": [-1.09920347  1.26977131  0.44861298 -0.1447264  -1.89164365]
                [0.         0.69620071 0.         0.         0.        ],
  "funcao_objetivo": 0.96598737639697293180925139388775610862271757632099,
  "confiabilidade_total": 0.99023737639697290477532074426519434930728645830952
}
 
Individuo 32:
{
  "Posicao": [8. 2. 5. 9. 3.]
             [1. 1. 1. 2. 1.],
  "Velocidade": [ 3.95373929  1.56010893  0.          2.84834088 -5.9511935 ]
                [ 0.05937946  0.05937946  0.         -1.47688352  0.        ],
  "funcao_objetivo": 0.96149507269400135938537888902657688872900858458285,
  "confiabilidade_total": 0.96149507269400135938537888902657688872900858458285
}
 
Individuo 33:
{
  "Posicao": [9. 0. 9. 9. 1.]
             [2. 1. 1. 1. 1.],
  "Velocidade": [ 2.60933181 -1.43593499  8.76692548  0.90993116  1.19829778]
                [ 0.         -1.80383313  0.          0.          0.        ],
  "funcao_objetivo": 0.95007561283728833611605966836792324048345865404886,
  "confiabilidade_total": 0.97027561283728815491100870417299849524041594660562
}
 
Individuo 34:
{
  "Posicao": [7. 2. 5. 5. 2.]
             [2. 3. 1. 1. 1.],
  "Velocidade": [-0.98674972 -3.76779671  0.         -2.12618385  2.38395978]
                [0.         1.60539225 0.         0.         0.        ],
  "funcao_objetivo": 0.75489327947858158945759672722737364601026387382233,
  "confiabilidade_total": 0.99389327947858163519878534178382311146388859916413
}
 
Individuo 35:
{
  "Posicao": [7. 0. 3. 4. 0.]
             [3. 3. 1. 1. 1.],
  "Velocidade": [  0.09807836   0.18638979  -4.4435488   -2.67023985 -12.84418624]
                [ 0.78108714  0.78108714  0.         -4.4435488   0.        ],
  "funcao_objetivo": 0.23719989940379240666067745515930215556980345030021,
  "confiabilidade_total": 0.99891656607045928172360733079868583668829176206779
}
 
Individuo 36:
{
  "Posicao": [6. 0. 1. 5. 0.]
             [2. 1. 1. 1. 1.],
  "Velocidade": [ -1.34018792   0.13486482  -3.29160228  -3.61256787 -12.58222538]
                [0.         0.15079975 0.         0.         0.        ],
  "funcao_objetivo": 0.97610648579227847669739557448579513958929834902498,
  "confiabilidade_total": 0.97610648579227847669739557448579513958929834902498
}
 
Individuo 37:
{
  "Posicao": [3. 8. 8. 5. 3.]
             [1. 1. 1. 1. 1.],
  "Velocidade": [ 3.2988483   7.98111485 -0.74398686  4.8879725   3.45913672]
                [-1.13405303 -1.13405303  0.          0.          0.        ],
  "funcao_objetivo": 0.93710193019799801557418764406525988268259506222687,
  "confiabilidade_total": 0.93710193019799801557418764406525988268259506222687
}
 
Individuo 38:
{
  "Posicao": [9. 0. 5. 4. 0.]
             [1. 1. 1. 1. 3.],
  "Velocidade": [ 1.65794137  0.29879122  2.47188045 -2.98992248 -0.88363223]
                [-2.28138058 -2.28138058  0.          0.          2.66038848],
  "funcao_objetivo": 0.73572943510236381140324744534148803514421072281401,
  "confiabilidade_total": 0.95127943510236378913217357136084783424615946091215
}
 
Individuo 39:
{
  "Posicao": [5. 3. 0. 2. 0.]
             [3. 3. 1. 1. 1.],
  "Velocidade": [ -3.71383698  -3.63008478  -9.74440001  -6.74257225 -16.19443926]
                [1.6891703 1.6891703 0.        0.        0.       ],
  "funcao_objetivo": 0.46381411003010079018608104783906626515684630918432,
  "confiabilidade_total": 0.99886411003010076025446830394484593533573653745580
}
 
Individuo 40:
{
  "Posicao": [9. 3. 6. 8. 0.]
             [3. 3. 1. 1. 2.],
  "Velocidade": [ 2.13641983  2.99901639 -0.3167993   0.12498531 -2.39790705]
                [-0.3167993 -0.3167993  0.         0.        -0.3167993],
  "funcao_objetivo": -0.11445830940365359423302293537938968839048860199327,
  "confiabilidade_total": 0.99820835726301304297572614456645677236915113799696
}
 
Individuo 41:
{
  "Posicao": [5. 2. 5. 8. 1.]
             [2. 2. 1. 1. 1.],
  "Velocidade": [-0.06287135  2.4369201   0.02282753 -0.95762243  1.42104384]
                [0.1294856 0.1294856 0.        0.        0.1294856],
  "funcao_objetivo": 0.97147268780433790534205999229804851878637226657262,
  "confiabilidade_total": 0.99088935447100467483388245633129677102172525958409
}
 
Individuo 42:
{
  "Posicao": [8. 3. 5. 4. 1.]
             [2. 2. 1. 1. 1.],
  "Velocidade": [-0.60289072  2.50728796 -2.39576142 -5.02023642  1.07609456]
                [-1.21872986 -1.21872986  0.          0.          0.        ],
  "funcao_objetivo": 0.90631202239439629673070576845243219546846110613781,
  "confiabilidade_total": 0.98997868906106289430449286928019016310445029528576
}
 
Individuo 43:
{
  "Posicao": [9. 0. 4. 6. 1.]
             [1. 1. 1. 1. 2.],
  "Velocidade": [ 0.85311397 -1.1353327   0.46437918 -0.55240926 -0.26000086]
                [ 0.46437918  0.46437918  0.          0.         -0.56028559],
  "funcao_objetivo": 0.95171387203133866987845316992930790930431500639800,
  "confiabilidade_total": 0.95171387203133866987845316992930790930431500639800
}
 
Individuo 44:
{
  "Posicao": [7. 2. 1. 5. 0.]
             [2. 2. 1. 1. 1.],
  "Velocidade": [ 2.17653065  2.46251522 -2.80092738 -3.60854334 -6.56145827]
                [1.4131562 1.4131562 0.        0.        0.       ],
  "funcao_objetivo": 0.93517372916495121216332036354897733732772995644161,
  "confiabilidade_total": 0.99234039583161799436719645954026797741366554909298
}
 
Individuo 45:
{
  "Posicao": [0. 6. 9. 7. 3.]
             [1. 1. 1. 1. 1.],
  "Velocidade": [-6.04224532  6.02951335 13.56603118  0.76067947  1.93933387]
                [-1.18387122 -1.18387122  0.          0.          0.        ],
  "funcao_objetivo": 0.94514921739019943117043832250380421524205828088015,
  "confiabilidade_total": 0.94514921739019943117043832250380421524205828088015
}
 
Individuo 46:
{
  "Posicao": [6. 3. 5. 6. 1.]
             [1. 1. 1. 1. 1.],
  "Velocidade": [-2.5467336   2.04749764  4.52280128 -0.12427283 -6.80733428]
                [0.11391741 0.11391741 0.         0.         0.        ],
  "funcao_objetivo": 0.94072545975270469571707622730289520168730924076650,
  "confiabilidade_total": 0.94072545975270469571707622730289520168730924076650
}
 
Individuo 47:
{
  "Posicao": [6. 0. 4. 5. 0.]
             [1. 1. 1. 1. 1.],
  "Velocidade": [ 0.98020987 -8.62699116  1.61277723 -3.40978387 -9.87566038]
                [-0.53783894 -0.53783894  0.          0.          0.        ],
  "funcao_objetivo": 0.95137227264612536448611422067649867403836195545204,
  "confiabilidade_total": 0.95137227264612536448611422067649867403836195545204
}
 
Individuo 48:
{
  "Posicao": [9. 7. 7. 9. 6.]
             [2. 2. 1. 1. 3.],
  "Velocidade": [3.89223264 7.37727462 1.89158731 1.49238151 2.16460288]
                [-0.18482661 -0.18482661  0.          0.          1.63013225],
  "funcao_objetivo": 0.32381947528905812811858939160604839028816199678102,
  "confiabilidade_total": 0.98831947528905816320163696976099506767492270845094
}
 
Individuo 49:
{
  "Posicao": [7. 6. 0. 0. 9.]
             [2. 2. 1. 1. 2.],
  "Velocidade": [-0.09187824  6.34603429 -4.12364341 -4.20971121  9.7108746 ]
                [0.54509095 0.54509095 0.         0.         0.73590757],
  "funcao_objetivo": 0.55703436627481186871410960686428698964036234878360,
  "confiabilidade_total": 0.99340103294147841039926964806166471235073336623966
}
 
Individuo 50:
{
  "Posicao": [8. 3. 5. 2. 1.]
             [1. 1. 1. 1. 1.],
  "Velocidade": [ 3.92484745  1.15809136  0.         -6.50049697 -2.34257515]
                [-0.99993518 -0.99993518  0.          0.          0.        ],
  "funcao_objetivo": 0.94477785397286695473064447037009139509928495503776,
  "confiabilidade_total": 0.94477785397286695473064447037009139509928495503776
}
 
-----------------------------------------
Populacao final da era:
Individuo 1:
{
  "Posicao": [5. 9. 5. 9. 9.]
             [2. 2. 1. 1. 1.],
  "Velocidade": [-0.97947468  2.72669096  0.          1.2954285   4.66401964]
                [0. 0. 0. 0. 0.],
  "funcao_objetivo": 0.96584904477390157001653534249265849692117398191863,
  "confiabilidade_total": 0.98674904477390160315114151243045544586446111608916
}
 
Individuo 2:
{
  "Posicao": [9. 9. 5. 3. 9.]
             [2. 3. 1. 3. 1.],
  "Velocidade": [ 6.43615148 13.19640469  0.          1.13172806 14.71325798]
                [0.         2.20244926 0.         3.15141137 0.        ],
  "funcao_objetivo": -0.13316225603293205744745675646396441851311380590434,
  "confiabilidade_total": 0.99373774396706784432001002470218488480395620141988
}
 
Individuo 3:
{
  "Posicao": [9. 7. 5. 6. 6.]
             [2. 1. 1. 3. 1.],
  "Velocidade": [1.32955088 3.204535   1.6824239  5.53314693 5.90836338]
                [ 0.         -1.42276542  0.         -0.30274562  0.        ],
  "funcao_objetivo": 0.67139264019467459738814575489202137822312441695154,
  "confiabilidade_total": 0.98832597352800802532728375995036070952219096053064
}
 
Individuo 4:
{
  "Posicao": [6. 4. 5. 2. 0.]
             [2. 1. 1. 3. 1.],
  "Velocidade": [ -2.62554416   3.86352934  -3.9505549   -6.51432367 -17.76046461]
                [ 0.         -2.01435411  0.          4.15858522  0.        ],
  "funcao_objetivo": 0.60031531687096226402106457760167401579136667428614,
  "confiabilidade_total": 0.99181531687096216765370604013808630702013788400294
}
 
Individuo 5:
{
  "Posicao": [3. 2. 0. 2. 3.]
             [1. 2. 1. 1. 1.],
  "Velocidade": [ 3.07717376  1.76983245 -2.1227274  -6.00363775 -2.30783167]
                [-2.01120311  0.          0.          0.          0.        ],
  "funcao_objetivo": 0.87132501933751135258897910939085260713332173561395,
  "confiabilidade_total": 0.97765835267084460457997217185438341209524152015985
}
 
Individuo 6:
{
  "Posicao": [9. 9. 3. 5. 3.]
             [3. 3. 2. 1. 1.],
  "Velocidade": [ 3.58240771 21.85420051  2.54667838  4.80977869  2.52935116]
                [ 3.16481675  3.16481675 -0.30782104  0.          0.        ],
  "funcao_objetivo": -0.12837500057248210924639263390314587817421360581227,
  "confiabilidade_total": 0.99852499942751757047646922223169534041652278334788
}
 
Individuo 7:
{
  "Posicao": [8. 6. 5. 5. 2.]
             [2. 2. 2. 1. 1.],
  "Velocidade": [-0.83300813  0.03015916 -0.18791993  1.48469072  2.09128958]
                [ 0.         -1.29186481  0.83091191  0.          0.        ],
  "funcao_objetivo": 0.85902976674259769765353648050659542732641993943763,
  "confiabilidade_total": 0.99336310007593105778025214146037326955006419602943
}
 
Individuo 8:
{
  "Posicao": [9. 5. 7. 7. 0.]
             [2. 2. 1. 1. 1.],
  "Velocidade": [3.12975818 4.32431849 0.06041507 0.10409699 0.07613704]
                [ 0.          1.24152402 -2.95582566  0.          0.        ],
  "funcao_objetivo": 0.96808118106657513645297877736112539014686672923461,
  "confiabilidade_total": 0.98798118106657522768000471081023831675668089625732
}
 
Individuo 9:
{
  "Posicao": [5. 2. 2. 4. 9.]
             [2. 2. 1. 1. 2.],
  "Velocidade": [-3.87567055  2.3931186  -2.11227797  1.36724655  9.41853109]
                [-0.30891852  0.          0.          0.          0.73487643],
  "funcao_objetivo": 0.67438188098574037730491851460824525599350443509902,
  "confiabilidade_total": 0.99288188098574038263398903280899665002693644193496
}
 
Individuo 10:
{
  "Posicao": [6. 3. 6. 7. 6.]
             [1. 1. 2. 1. 1.],
  "Velocidade": [-2.14843464 -4.92024967 -2.9726565  -1.60841036 -3.129057  ]
                [ 0.33102121  0.33102121 -0.92437708  0.          0.        ],
  "funcao_objetivo": 0.96412037788578103992104984877995641151926865652925,
  "confiabilidade_total": 0.96412037788578103992104984877995641151926865652925
}
 
Individuo 11:
{
  "Posicao": [5. 4. 9. 6. 6.]
             [2. 2. 1. 1. 1.],
  "Velocidade": [-2.66417027 -2.94507659  6.7072158   1.34849728 -0.15050868]
                [0.        1.0569194 0.        0.        0.       ],
  "funcao_objetivo": 0.86061978890358075943259718707326508079172962944346,
  "confiabilidade_total": 0.98903645557024741063015637729608395088912838737803
}
 
Individuo 12:
{
  "Posicao": [8. 9. 8. 5. 3.]
             [2. 2. 2. 1. 1.],
  "Velocidade": [ 1.04190305  2.51041338  2.62479964 -0.800606    0.78995228]
                [-0.71273959 -0.71273959  0.93395625  0.          0.        ],
  "funcao_objetivo": 0.77921129432064301392411021013138604815675140837366,
  "confiabilidade_total": 0.99207796098730987057954233748567428905142666319544
}
 
Individuo 13:
{
  "Posicao": [7. 0. 9. 3. 9.]
             [3. 3. 1. 2. 1.],
  "Velocidade": [ 1.09502608  0.01233388  1.09183218 -0.55807535 11.58177513]
                [ 1.07208499  1.07208499  0.         -1.34723843  0.        ],
  "funcao_objetivo": -0.061455269924094139173666113956586896162435059980825,
  "confiabilidade_total": 0.99894473007590564801878452589340743543584680037074
}
 
Individuo 14:
{
  "Posicao": [0. 1. 8. 5. 0.]
             [3. 2. 1. 1. 1.],
  "Velocidade": [ 0.42355305  0.66061867 -0.56512368  3.45989301 -5.96830645]
                [3.79343572 0.         0.         0.         0.        ],
  "funcao_objetivo": 0.59911246575356499055700730688403556908766335955182,
  "confiabilidade_total": 0.99669579908689827918536018197773220802942819109479
}
 
Individuo 15:
{
  "Posicao": [7. 3. 9. 6. 9.]
             [2. 1. 1. 1. 1.],
  "Velocidade": [-2.13812539  2.53966838  1.64162573  5.86291716  2.89934597]
                [0.         0.29271212 0.         0.         0.        ],
  "funcao_objetivo": 0.96340818860216773670631513797409359463567937711808,
  "confiabilidade_total": 0.96340818860216773670631513797409359463567937711808
}
 
Individuo 16:
{
  "Posicao": [8. 0. 8. 0. 6.]
             [2. 1. 1. 1. 1.],
  "Velocidade": [ 1.21326557 -4.94003238  2.20345058 -3.91406931  5.53627983]
                [0.         0.30712511 0.         0.         0.        ],
  "funcao_objetivo": 0.97920070837367727136313722517477529048149548949714,
  "confiabilidade_total": 0.97920070837367727136313722517477529048149548949714
}
 
Individuo 17:
{
  "Posicao": [5. 6. 2. 4. 0.]
             [3. 3. 3. 1. 1.],
  "Velocidade": [-4.10090038  1.49789321 -5.27149983 -4.8964334  -5.45031571]
                [3.62592183 3.62592183 1.8087199  0.         0.        ],
  "funcao_objetivo": -0.071310297461001799507890156708116165731882156790494,
  "confiabilidade_total": 0.99912303587233143725084300789826690461781114154935
}
 
Individuo 18:
{
  "Posicao": [6. 4. 5. 7. 2.]
             [3. 3. 1. 1. 1.],
  "Velocidade": [0.50453396 0.81774557 0.         1.35394496 0.04546362]
                [ 0.60621467  0.60621467  0.         -5.84733887  0.        ],
  "funcao_objetivo": 0.33527952404085490981893306073351163842098163510354,
  "confiabilidade_total": 0.99831285737418802343172833391753124498145030880959
}
 
Individuo 19:
{
  "Posicao": [9. 0. 5. 7. 2.]
             [2. 2. 1. 1. 1.],
  "Velocidade": [-0.08668336  0.17083736  0.          2.33525779  2.1217675 ]
                [ 0.39458456  0.39458456 -2.77230773  0.          0.        ],
  "funcao_objetivo": 0.89188512365489303666755484218711790053759492528364,
  "confiabilidade_total": 0.99103512365489301093258513137598929351781285893843
}
 
Individuo 20:
{
  "Posicao": [5. 9. 5. 9. 9.]
             [2. 2. 1. 3. 1.],
  "Velocidade": [-1.16356869  2.95087111 -0.37711481  2.38498567  0.60043096]
                [0.37711481 0.         0.         3.0761465  0.        ],
  "funcao_objetivo": 0.32826690356839819099019446905264850147818387121654,
  "confiabilidade_total": 0.99371690356839812144582420653284280934189618200756
}
 
Individuo 21:
{
  "Posicao": [8. 0. 6. 5. 4.]
             [2. 2. 1. 1. 1.],
  "Velocidade": [-1.1267321  -3.97881378  1.5008453   1.15184289  4.36277685]
                [0.32252817 0.         0.         0.         0.        ],
  "funcao_objetivo": 0.92329719259363920718980368075876746327631887704716,
  "confiabilidade_total": 0.99163052592697243930780460243199619465523180276737
}
 
Individuo 22:
{
  "Posicao": [9. 2. 5. 4. 4.]
             [2. 2. 1. 1. 1.],
  "Velocidade": [ 2.86543993 -3.43849715  0.         -0.4676912   3.89543406]
                [0.         0.06296404 0.         0.         0.        ],
  "funcao_objetivo": 0.78567516344555717186430846735008989368080853438002,
  "confiabilidade_total": 0.98992516344555710347457015044044700358509777998549
}
 
Individuo 23:
{
  "Posicao": [0. 9. 8. 9. 1.]
             [1. 2. 1. 1. 1.],
  "Velocidade": [-9.45901066 20.75979296 -0.58408638  9.75989516  0.53909914]
                [ 0.12975726  0.          0.          0.         -3.32056782],
  "funcao_objetivo": 0.97137099858356595798314003260762267167005275197822,
  "confiabilidade_total": 0.97137099858356595798314003260762267167005275197822
}
 
Individuo 24:
{
  "Posicao": [5. 0. 4. 9. 3.]
             [1. 1. 1. 1. 1.],
  "Velocidade": [-4.36033658  0.18850451 -2.53286639  5.31870847  2.63024757]
                [-0.58142633 -0.58142633  0.         -3.79913813  0.        ],
  "funcao_objetivo": 0.94770348554872638543066638527656151453376644100846,
  "confiabilidade_total": 0.94770348554872638543066638527656151453376644100846
}
 
Individuo 25:
{
  "Posicao": [8. 0. 3. 6. 3.]
             [1. 1. 1. 1. 1.],
  "Velocidade": [ 0.97897826 -7.41481015 -2.17568866 -0.29301044  2.77099086]
                [-1.05657099 -1.05657099  0.         -1.0469425   0.        ],
  "funcao_objetivo": 0.94932094235248820680038210485114207781037978221060,
  "confiabilidade_total": 0.94932094235248820680038210485114207781037978221060
}
 
Individuo 26:
{
  "Posicao": [9. 3. 9. 4. 0.]
             [2. 2. 1. 1. 3.],
  "Velocidade": [ 4.70054984e-04 -5.53797751e+00  1.64792461e+00 -4.26227235e+00
 -8.11173888e+00]
                [0.         0.77786357 0.         0.         2.1316225 ],
  "funcao_objetivo": 0.058573353845977379191765188232605399920491579780194,
  "confiabilidade_total": 0.98965668717931064206294389202267030103400171161613
}
 
Individuo 27:
{
  "Posicao": [4. 0. 9. 9. 4.]
             [1. 2. 1. 1. 3.],
  "Velocidade": [-4.61069076  0.33739643  4.94616206  6.78443109  3.84977938]
                [-1.37323415  0.          0.          0.          2.29465356],
  "funcao_objetivo": 0.29214565554377966487984826599531277490550408347829,
  "confiabilidade_total": 0.96807898887711293983025347770708083582812676414235
}
 
Individuo 28:
{
  "Posicao": [7. 0. 7. 8. 3.]
             [2. 2. 1. 1. 1.],
  "Velocidade": [ 0.10837837 -5.50738232  4.08734853 -1.29026883 -5.45217362]
                [0.79702762 0.         0.         0.         0.        ],
  "funcao_objetivo": 0.97115638581421037833912370215071910797545459795964,
  "confiabilidade_total": 0.99185638581421030860046441032151102126503136683476
}
 
Individuo 29:
{
  "Posicao": [7. 3. 5. 3. 0.]
             [2. 2. 1. 1. 1.],
  "Velocidade": [ 0.30864274  2.70457547  0.37072114  2.62057367 -5.95894351]
                [-0.37072114 -0.37072114  0.          0.37049176  0.        ],
  "funcao_objetivo": 0.90933739325624384732730496519124734584486502299358,
  "confiabilidade_total": 0.99058739325624385010286252675413869690394419322063
}
 
Individuo 30:
{
  "Posicao": [9. 0. 5. 5. 0.]
             [3. 2. 1. 1. 1.],
  "Velocidade": [4.23059437 0.12648136 0.         0.31189938 0.24994615]
                [1.89066277 0.         0.         0.         0.        ],
  "funcao_objetivo": 0.56085475665358144518838178901666190871509775615234,
  "confiabilidade_total": 0.99655475665358175445210752860026780912193521953125
}
 
Individuo 31:
{
  "Posicao": [5. 3. 6. 6. 1.]
             [2. 3. 1. 1. 1.],
  "Velocidade": [ 0.05517838 -0.01896143  0.62073407 -0.78945041  1.12516767]
                [0.         0.64241551 0.         0.         0.        ],
  "funcao_objetivo": 0.71011874482340462279748085288397922781714783621856,
  "confiabilidade_total": 0.99386874482340445848447320836081124511966095877715
}
 
Individuo 32:
{
  "Posicao": [9. 4. 5. 6. 0.]
             [3. 3. 1. 1. 1.],
  "Velocidade": [ 1.70178309  1.53165159  0.         -2.5010193  -6.68169056]
                [ 2.00130095  2.00130095  0.         -3.3092953   0.        ],
  "funcao_objetivo": 0.14274008296513240608596206636890416613604009038950,
  "confiabilidade_total": 0.99804008296513268834906384706870300344015538579966
}
 
Individuo 33:
{
  "Posicao": [8. 0. 4. 3. 3.]
             [2. 1. 1. 1. 1.],
  "Velocidade": [-0.90444018  0.46479235 -4.55620381 -5.78474036  2.0302564 ]
                [0.         0.00838383 0.         0.         0.        ],
  "funcao_objetivo": 0.97558919638293458364644817677094515929717490200428,
  "confiabilidade_total": 0.97558919638293458364644817677094515929717490200428
}
 
Individuo 34:
{
  "Posicao": [6. 0. 5. 5. 6.]
             [2. 2. 1. 1. 1.],
  "Velocidade": [-0.91051807 -1.85177943  0.         -0.19163759  4.26729305]
                [ 0.         -0.96611922  0.          0.          0.        ],
  "funcao_objetivo": 0.90823996812109948909564199092723770259179832322839,
  "confiabilidade_total": 0.99207330145443284600271088046806157758691074235681
}
 
Individuo 35:
{
  "Posicao": [7. 1. 1. 4. 9.]
             [3. 3. 1. 3. 1.],
  "Velocidade": [ 0.09050129  0.86096183 -1.98536241 -0.02855704  9.09601816]
                [-0.33670532 -0.33670532  0.          4.10026108  0.        ],
  "funcao_objetivo": -0.33926618697726239380835621804410922698332571992074,
  "confiabilidade_total": 0.99928381302273729071066910447140824623749947539176
}
 
Individuo 36:
{
  "Posicao": [6. 0. 4. 2. 9.]
             [2. 3. 1. 1. 1.],
  "Velocidade": [ 0.38699521  0.1244458   3.45727748 -3.33347783 11.61018171]
                [0.         1.76279618 0.         0.         0.        ],
  "funcao_objetivo": 0.46952196854371913089590062675020313314036251686396,
  "confiabilidade_total": 0.99458863521038547935784546218533656052187801979365
}
 
Individuo 37:
{
  "Posicao": [6. 2. 6. 7. 1.]
             [1. 1. 1. 1. 1.],
  "Velocidade": [ 2.98399943 -6.33115879 -1.87505636  1.54984765 -1.94398376]
                [0.32131449 0.32131449 0.         0.         0.        ],
  "funcao_objetivo": 0.94336095169730840995882768477159092012929799632244,
  "confiabilidade_total": 0.94336095169730840995882768477159092012929799632244
}
 
Individuo 38:
{
  "Posicao": [9. 1. 7. 2. 0.]
             [3. 3. 1. 1. 1.],
  "Velocidade": [ 1.11103124  0.61838756  2.28091457 -1.77849345  0.04133191]
                [ 1.81004925  1.81004925  0.          0.         -1.86469422],
  "funcao_objetivo": 0.22885279679425041609126340118285509233961600271829,
  "confiabilidade_total": 0.99845279679425053341963264356939828430901068655618
}
 
Individuo 39:
{
  "Posicao": [2. 3. 4. 2. 9.]
             [3. 3. 1. 1. 1.],
  "Velocidade": [-3.31557702  0.05772132  3.94738445 -0.09734939  8.98602905]
                [-0.31153899 -0.31153899  0.          0.          0.        ],
  "funcao_objetivo": 0.27890333578246977393739924512069280057716041224396,
  "confiabilidade_total": 0.99895333578246940177953916052196888517158895152009
}
 
Individuo 40:
{
  "Posicao": [2. 9. 3. 8. 9.]
             [1. 1. 1. 1. 1.],
  "Velocidade": [-6.91219833  8.68136519 -2.59639892 -0.38376219 10.61360487]
                [-2.59639892 -2.59639892  0.          0.         -2.59639892],
  "funcao_objetivo": 0.93924610387894075876705729810049091910494907360404,
  "confiabilidade_total": 0.93924610387894075876705729810049091910494907360404
}
 
Individuo 41:
{
  "Posicao": [9. 4. 5. 2. 4.]
             [2. 2. 1. 1. 1.],
  "Velocidade": [ 4.26783156  1.72933494  0.02106398 -5.94496255  3.4306791 ]
                [0.11948215 0.11948215 0.         0.         0.11948215],
  "funcao_objetivo": 0.77667973930071617724372809552572220325927956483049,
  "confiabilidade_total": 0.98942973930071619967023319295388431981663926026506
}
 
Individuo 42:
{
  "Posicao": [4. 2. 3. 3. 3.]
             [1. 1. 1. 1. 1.],
  "Velocidade": [-3.62799805 -0.79562424 -2.21067614 -0.54307259  1.99183711]
                [-1.12457651 -1.12457651  0.          0.          0.        ],
  "funcao_objetivo": 0.95028500523702487333303430962355323798961270407072,
  "confiabilidade_total": 0.95028500523702487333303430962355323798961270407072
}
 
Individuo 43:
{
  "Posicao": [8. 1. 5. 6. 2.]
             [2. 2. 1. 1. 1.],
  "Velocidade": [-0.65810505  0.79532256  1.15115914 -0.00375857  1.18753212]
                [ 1.15115914  1.15115914  0.          0.         -1.23965627],
  "funcao_objetivo": 0.96725850320003071640700655073859706004407220580428,
  "confiabilidade_total": 0.99092516986669740987630740356425120677124672629683
}
 
Individuo 44:
{
  "Posicao": [9. 7. 2. 6. 1.]
             [3. 3. 1. 1. 1.],
  "Velocidade": [2.00838211 5.23378513 1.46925841 0.66096532 0.92922589]
                [1.30398239 1.30398239 0.         0.         0.        ],
  "funcao_objetivo": 0.33193906873419089804446306534650347413896917788834,
  "confiabilidade_total": 0.99802240206752420310411670489251691135048269717545
}
 
Individuo 45:
{
  "Posicao": [1. 8. 9. 6. 3.]
             [1. 1. 1. 1. 1.],
  "Velocidade": [ 1.04864769  1.68358535  9.93123922 -0.5914591  -0.15054802]
                [0.44572487 0.44572487 0.         0.         0.        ],
  "funcao_objetivo": 0.94041101117007250496344740664046303802721397353845,
  "confiabilidade_total": 0.94041101117007250496344740664046303802721397353845
}
 
Individuo 46:
{
  "Posicao": [7. 4. 7. 8. 0.]
             [3. 3. 1. 1. 1.],
  "Velocidade": [ 1.31861971  0.91973011  1.66433428  2.48936479 -1.1683381 ]
                [2.51919302 2.51919302 0.         0.         0.        ],
  "funcao_objetivo": 0.33304594036294792934451192129275006118146691697250,
  "confiabilidade_total": 0.99827927369628138352932222848979000809518609421859
}
 
Individuo 47:
{
  "Posicao": [6. 0. 3. 7. 5.]
             [3. 3. 1. 1. 1.],
  "Velocidade": [ 0.036722    0.01412844 -0.9688562   1.62146916  5.19077417]
                [1.81450326 1.81450326 0.         0.         0.        ],
  "funcao_objetivo": 0.34066673912201620156151580496262224906205790201130,
  "confiabilidade_total": 0.99886673912201631986688130901930319660424845376911
}
 
Individuo 48:
{
  "Posicao": [9. 9. 8. 9. 6.]
             [1. 1. 1. 1. 2.],
  "Velocidade": [ 1.76165829  2.02865859  0.84465521 -0.42450677  0.22406678]
                [-0.63508866 -0.63508866  0.          0.         -1.06793984],
  "funcao_objetivo": 0.93106734143822871533018488138873679399734436491357,
  "confiabilidade_total": 0.93106734143822871533018488138873679399734436491357
}
 
Individuo 49:
{
  "Posicao": [7. 0. 9. 9. 0.]
             [1. 1. 1. 1. 1.],
  "Velocidade": [ -0.08478016 -14.0577118   11.19426592  11.11484731 -20.90956389]
                [-1.09225195 -1.09225195  0.          0.         -2.63985874],
  "funcao_objetivo": 0.94366587072678284980517522033403395829477578741468,
  "confiabilidade_total": 0.94366587072678284980517522033403395829477578741468
}
 
Individuo 50:
{
  "Posicao": [9. 2. 5. 0. 0.]
             [1. 1. 1. 1. 1.],
  "Velocidade": [ 1.95442108 -1.06065469  0.         -1.71475481 -1.91390594]
                [0.26580021 0.26580021 0.         0.         0.        ],
  "funcao_objetivo": 0.95007769546490701250233183536232879706558993948326,
  "confiabilidade_total": 0.95007769546490701250233183536232879706558993948326
}
 
-----------------------------------------
-----------------------------------------
-----------------------------------------
-----------------------------------------
GERACAO 10
Populacao antes da execucao:
Individuo 1:
{
  "Posicao": [5. 9. 5. 9. 9.]
             [2. 2. 1. 1. 1.],
  "Velocidade": [-0.97947468  2.72669096  0.          1.2954285   4.66401964]
                [0. 0. 0. 0. 0.],
  "funcao_objetivo": 0.96584904477390157001653534249265849692117398191863,
  "confiabilidade_total": 0.98674904477390160315114151243045544586446111608916
}
 
Individuo 2:
{
  "Posicao": [9. 9. 5. 3. 9.]
             [2. 3. 1. 3. 1.],
  "Velocidade": [ 6.43615148 13.19640469  0.          1.13172806 14.71325798]
                [0.         2.20244926 0.         3.15141137 0.        ],
  "funcao_objetivo": -0.13316225603293205744745675646396441851311380590434,
  "confiabilidade_total": 0.99373774396706784432001002470218488480395620141988
}
 
Individuo 3:
{
  "Posicao": [9. 7. 5. 6. 6.]
             [2. 1. 1. 3. 1.],
  "Velocidade": [1.32955088 3.204535   1.6824239  5.53314693 5.90836338]
                [ 0.         -1.42276542  0.         -0.30274562  0.        ],
  "funcao_objetivo": 0.67139264019467459738814575489202137822312441695154,
  "confiabilidade_total": 0.98832597352800802532728375995036070952219096053064
}
 
Individuo 4:
{
  "Posicao": [6. 4. 5. 2. 0.]
             [2. 1. 1. 3. 1.],
  "Velocidade": [ -2.62554416   3.86352934  -3.9505549   -6.51432367 -17.76046461]
                [ 0.         -2.01435411  0.          4.15858522  0.        ],
  "funcao_objetivo": 0.60031531687096226402106457760167401579136667428614,
  "confiabilidade_total": 0.99181531687096216765370604013808630702013788400294
}
 
Individuo 5:
{
  "Posicao": [3. 2. 0. 2. 3.]
             [1. 2. 1. 1. 1.],
  "Velocidade": [ 3.07717376  1.76983245 -2.1227274  -6.00363775 -2.30783167]
                [-2.01120311  0.          0.          0.          0.        ],
  "funcao_objetivo": 0.87132501933751135258897910939085260713332173561395,
  "confiabilidade_total": 0.97765835267084460457997217185438341209524152015985
}
 
Individuo 6:
{
  "Posicao": [9. 9. 3. 5. 3.]
             [3. 3. 2. 1. 1.],
  "Velocidade": [ 3.58240771 21.85420051  2.54667838  4.80977869  2.52935116]
                [ 3.16481675  3.16481675 -0.30782104  0.          0.        ],
  "funcao_objetivo": -0.12837500057248210924639263390314587817421360581227,
  "confiabilidade_total": 0.99852499942751757047646922223169534041652278334788
}
 
Individuo 7:
{
  "Posicao": [8. 6. 5. 5. 2.]
             [2. 2. 2. 1. 1.],
  "Velocidade": [-0.83300813  0.03015916 -0.18791993  1.48469072  2.09128958]
                [ 0.         -1.29186481  0.83091191  0.          0.        ],
  "funcao_objetivo": 0.85902976674259769765353648050659542732641993943763,
  "confiabilidade_total": 0.99336310007593105778025214146037326955006419602943
}
 
Individuo 8:
{
  "Posicao": [9. 5. 7. 7. 0.]
             [2. 2. 1. 1. 1.],
  "Velocidade": [3.12975818 4.32431849 0.06041507 0.10409699 0.07613704]
                [ 0.          1.24152402 -2.95582566  0.          0.        ],
  "funcao_objetivo": 0.96808118106657513645297877736112539014686672923461,
  "confiabilidade_total": 0.98798118106657522768000471081023831675668089625732
}
 
Individuo 9:
{
  "Posicao": [5. 2. 2. 4. 9.]
             [2. 2. 1. 1. 2.],
  "Velocidade": [-3.87567055  2.3931186  -2.11227797  1.36724655  9.41853109]
                [-0.30891852  0.          0.          0.          0.73487643],
  "funcao_objetivo": 0.67438188098574037730491851460824525599350443509902,
  "confiabilidade_total": 0.99288188098574038263398903280899665002693644193496
}
 
Individuo 10:
{
  "Posicao": [6. 3. 6. 7. 6.]
             [1. 1. 2. 1. 1.],
  "Velocidade": [-2.14843464 -4.92024967 -2.9726565  -1.60841036 -3.129057  ]
                [ 0.33102121  0.33102121 -0.92437708  0.          0.        ],
  "funcao_objetivo": 0.96412037788578103992104984877995641151926865652925,
  "confiabilidade_total": 0.96412037788578103992104984877995641151926865652925
}
 
Individuo 11:
{
  "Posicao": [5. 4. 9. 6. 6.]
             [2. 2. 1. 1. 1.],
  "Velocidade": [-2.66417027 -2.94507659  6.7072158   1.34849728 -0.15050868]
                [0.        1.0569194 0.        0.        0.       ],
  "funcao_objetivo": 0.86061978890358075943259718707326508079172962944346,
  "confiabilidade_total": 0.98903645557024741063015637729608395088912838737803
}
 
Individuo 12:
{
  "Posicao": [8. 9. 8. 5. 3.]
             [2. 2. 2. 1. 1.],
  "Velocidade": [ 1.04190305  2.51041338  2.62479964 -0.800606    0.78995228]
                [-0.71273959 -0.71273959  0.93395625  0.          0.        ],
  "funcao_objetivo": 0.77921129432064301392411021013138604815675140837366,
  "confiabilidade_total": 0.99207796098730987057954233748567428905142666319544
}
 
Individuo 13:
{
  "Posicao": [7. 0. 9. 3. 9.]
             [3. 3. 1. 2. 1.],
  "Velocidade": [ 1.09502608  0.01233388  1.09183218 -0.55807535 11.58177513]
                [ 1.07208499  1.07208499  0.         -1.34723843  0.        ],
  "funcao_objetivo": -0.061455269924094139173666113956586896162435059980825,
  "confiabilidade_total": 0.99894473007590564801878452589340743543584680037074
}
 
Individuo 14:
{
  "Posicao": [0. 1. 8. 5. 0.]
             [3. 2. 1. 1. 1.],
  "Velocidade": [ 0.42355305  0.66061867 -0.56512368  3.45989301 -5.96830645]
                [3.79343572 0.         0.         0.         0.        ],
  "funcao_objetivo": 0.59911246575356499055700730688403556908766335955182,
  "confiabilidade_total": 0.99669579908689827918536018197773220802942819109479
}
 
Individuo 15:
{
  "Posicao": [7. 3. 9. 6. 9.]
             [2. 1. 1. 1. 1.],
  "Velocidade": [-2.13812539  2.53966838  1.64162573  5.86291716  2.89934597]
                [0.         0.29271212 0.         0.         0.        ],
  "funcao_objetivo": 0.96340818860216773670631513797409359463567937711808,
  "confiabilidade_total": 0.96340818860216773670631513797409359463567937711808
}
 
Individuo 16:
{
  "Posicao": [8. 0. 8. 0. 6.]
             [2. 1. 1. 1. 1.],
  "Velocidade": [ 1.21326557 -4.94003238  2.20345058 -3.91406931  5.53627983]
                [0.         0.30712511 0.         0.         0.        ],
  "funcao_objetivo": 0.97920070837367727136313722517477529048149548949714,
  "confiabilidade_total": 0.97920070837367727136313722517477529048149548949714
}
 
Individuo 17:
{
  "Posicao": [5. 6. 2. 4. 0.]
             [3. 3. 3. 1. 1.],
  "Velocidade": [-4.10090038  1.49789321 -5.27149983 -4.8964334  -5.45031571]
                [3.62592183 3.62592183 1.8087199  0.         0.        ],
  "funcao_objetivo": -0.071310297461001799507890156708116165731882156790494,
  "confiabilidade_total": 0.99912303587233143725084300789826690461781114154935
}
 
Individuo 18:
{
  "Posicao": [6. 4. 5. 7. 2.]
             [3. 3. 1. 1. 1.],
  "Velocidade": [0.50453396 0.81774557 0.         1.35394496 0.04546362]
                [ 0.60621467  0.60621467  0.         -5.84733887  0.        ],
  "funcao_objetivo": 0.33527952404085490981893306073351163842098163510354,
  "confiabilidade_total": 0.99831285737418802343172833391753124498145030880959
}
 
Individuo 19:
{
  "Posicao": [9. 0. 5. 7. 2.]
             [2. 2. 1. 1. 1.],
  "Velocidade": [-0.08668336  0.17083736  0.          2.33525779  2.1217675 ]
                [ 0.39458456  0.39458456 -2.77230773  0.          0.        ],
  "funcao_objetivo": 0.89188512365489303666755484218711790053759492528364,
  "confiabilidade_total": 0.99103512365489301093258513137598929351781285893843
}
 
Individuo 20:
{
  "Posicao": [5. 9. 5. 9. 9.]
             [2. 2. 1. 3. 1.],
  "Velocidade": [-1.16356869  2.95087111 -0.37711481  2.38498567  0.60043096]
                [0.37711481 0.         0.         3.0761465  0.        ],
  "funcao_objetivo": 0.32826690356839819099019446905264850147818387121654,
  "confiabilidade_total": 0.99371690356839812144582420653284280934189618200756
}
 
Individuo 21:
{
  "Posicao": [8. 0. 6. 5. 4.]
             [2. 2. 1. 1. 1.],
  "Velocidade": [-1.1267321  -3.97881378  1.5008453   1.15184289  4.36277685]
                [0.32252817 0.         0.         0.         0.        ],
  "funcao_objetivo": 0.92329719259363920718980368075876746327631887704716,
  "confiabilidade_total": 0.99163052592697243930780460243199619465523180276737
}
 
Individuo 22:
{
  "Posicao": [9. 2. 5. 4. 4.]
             [2. 2. 1. 1. 1.],
  "Velocidade": [ 2.86543993 -3.43849715  0.         -0.4676912   3.89543406]
                [0.         0.06296404 0.         0.         0.        ],
  "funcao_objetivo": 0.78567516344555717186430846735008989368080853438002,
  "confiabilidade_total": 0.98992516344555710347457015044044700358509777998549
}
 
Individuo 23:
{
  "Posicao": [0. 9. 8. 9. 1.]
             [1. 2. 1. 1. 1.],
  "Velocidade": [-9.45901066 20.75979296 -0.58408638  9.75989516  0.53909914]
                [ 0.12975726  0.          0.          0.         -3.32056782],
  "funcao_objetivo": 0.97137099858356595798314003260762267167005275197822,
  "confiabilidade_total": 0.97137099858356595798314003260762267167005275197822
}
 
Individuo 24:
{
  "Posicao": [5. 0. 4. 9. 3.]
             [1. 1. 1. 1. 1.],
  "Velocidade": [-4.36033658  0.18850451 -2.53286639  5.31870847  2.63024757]
                [-0.58142633 -0.58142633  0.         -3.79913813  0.        ],
  "funcao_objetivo": 0.94770348554872638543066638527656151453376644100846,
  "confiabilidade_total": 0.94770348554872638543066638527656151453376644100846
}
 
Individuo 25:
{
  "Posicao": [8. 0. 3. 6. 3.]
             [1. 1. 1. 1. 1.],
  "Velocidade": [ 0.97897826 -7.41481015 -2.17568866 -0.29301044  2.77099086]
                [-1.05657099 -1.05657099  0.         -1.0469425   0.        ],
  "funcao_objetivo": 0.94932094235248820680038210485114207781037978221060,
  "confiabilidade_total": 0.94932094235248820680038210485114207781037978221060
}
 
Individuo 26:
{
  "Posicao": [9. 3. 9. 4. 0.]
             [2. 2. 1. 1. 3.],
  "Velocidade": [ 4.70054984e-04 -5.53797751e+00  1.64792461e+00 -4.26227235e+00
 -8.11173888e+00]
                [0.         0.77786357 0.         0.         2.1316225 ],
  "funcao_objetivo": 0.058573353845977379191765188232605399920491579780194,
  "confiabilidade_total": 0.98965668717931064206294389202267030103400171161613
}
 
Individuo 27:
{
  "Posicao": [4. 0. 9. 9. 4.]
             [1. 2. 1. 1. 3.],
  "Velocidade": [-4.61069076  0.33739643  4.94616206  6.78443109  3.84977938]
                [-1.37323415  0.          0.          0.          2.29465356],
  "funcao_objetivo": 0.29214565554377966487984826599531277490550408347829,
  "confiabilidade_total": 0.96807898887711293983025347770708083582812676414235
}
 
Individuo 28:
{
  "Posicao": [7. 0. 7. 8. 3.]
             [2. 2. 1. 1. 1.],
  "Velocidade": [ 0.10837837 -5.50738232  4.08734853 -1.29026883 -5.45217362]
                [0.79702762 0.         0.         0.         0.        ],
  "funcao_objetivo": 0.97115638581421037833912370215071910797545459795964,
  "confiabilidade_total": 0.99185638581421030860046441032151102126503136683476
}
 
Individuo 29:
{
  "Posicao": [7. 3. 5. 3. 0.]
             [2. 2. 1. 1. 1.],
  "Velocidade": [ 0.30864274  2.70457547  0.37072114  2.62057367 -5.95894351]
                [-0.37072114 -0.37072114  0.          0.37049176  0.        ],
  "funcao_objetivo": 0.90933739325624384732730496519124734584486502299358,
  "confiabilidade_total": 0.99058739325624385010286252675413869690394419322063
}
 
Individuo 30:
{
  "Posicao": [9. 0. 5. 5. 0.]
             [3. 2. 1. 1. 1.],
  "Velocidade": [4.23059437 0.12648136 0.         0.31189938 0.24994615]
                [1.89066277 0.         0.         0.         0.        ],
  "funcao_objetivo": 0.56085475665358144518838178901666190871509775615234,
  "confiabilidade_total": 0.99655475665358175445210752860026780912193521953125
}
 
Individuo 31:
{
  "Posicao": [5. 3. 6. 6. 1.]
             [2. 3. 1. 1. 1.],
  "Velocidade": [ 0.05517838 -0.01896143  0.62073407 -0.78945041  1.12516767]
                [0.         0.64241551 0.         0.         0.        ],
  "funcao_objetivo": 0.71011874482340462279748085288397922781714783621856,
  "confiabilidade_total": 0.99386874482340445848447320836081124511966095877715
}
 
Individuo 32:
{
  "Posicao": [9. 4. 5. 6. 0.]
             [3. 3. 1. 1. 1.],
  "Velocidade": [ 1.70178309  1.53165159  0.         -2.5010193  -6.68169056]
                [ 2.00130095  2.00130095  0.         -3.3092953   0.        ],
  "funcao_objetivo": 0.14274008296513240608596206636890416613604009038950,
  "confiabilidade_total": 0.99804008296513268834906384706870300344015538579966
}
 
Individuo 33:
{
  "Posicao": [8. 0. 4. 3. 3.]
             [2. 1. 1. 1. 1.],
  "Velocidade": [-0.90444018  0.46479235 -4.55620381 -5.78474036  2.0302564 ]
                [0.         0.00838383 0.         0.         0.        ],
  "funcao_objetivo": 0.97558919638293458364644817677094515929717490200428,
  "confiabilidade_total": 0.97558919638293458364644817677094515929717490200428
}
 
Individuo 34:
{
  "Posicao": [6. 0. 5. 5. 6.]
             [2. 2. 1. 1. 1.],
  "Velocidade": [-0.91051807 -1.85177943  0.         -0.19163759  4.26729305]
                [ 0.         -0.96611922  0.          0.          0.        ],
  "funcao_objetivo": 0.90823996812109948909564199092723770259179832322839,
  "confiabilidade_total": 0.99207330145443284600271088046806157758691074235681
}
 
Individuo 35:
{
  "Posicao": [7. 1. 1. 4. 9.]
             [3. 3. 1. 3. 1.],
  "Velocidade": [ 0.09050129  0.86096183 -1.98536241 -0.02855704  9.09601816]
                [-0.33670532 -0.33670532  0.          4.10026108  0.        ],
  "funcao_objetivo": -0.33926618697726239380835621804410922698332571992074,
  "confiabilidade_total": 0.99928381302273729071066910447140824623749947539176
}
 
Individuo 36:
{
  "Posicao": [6. 0. 4. 2. 9.]
             [2. 3. 1. 1. 1.],
  "Velocidade": [ 0.38699521  0.1244458   3.45727748 -3.33347783 11.61018171]
                [0.         1.76279618 0.         0.         0.        ],
  "funcao_objetivo": 0.46952196854371913089590062675020313314036251686396,
  "confiabilidade_total": 0.99458863521038547935784546218533656052187801979365
}
 
Individuo 37:
{
  "Posicao": [6. 2. 6. 7. 1.]
             [1. 1. 1. 1. 1.],
  "Velocidade": [ 2.98399943 -6.33115879 -1.87505636  1.54984765 -1.94398376]
                [0.32131449 0.32131449 0.         0.         0.        ],
  "funcao_objetivo": 0.94336095169730840995882768477159092012929799632244,
  "confiabilidade_total": 0.94336095169730840995882768477159092012929799632244
}
 
Individuo 38:
{
  "Posicao": [9. 1. 7. 2. 0.]
             [3. 3. 1. 1. 1.],
  "Velocidade": [ 1.11103124  0.61838756  2.28091457 -1.77849345  0.04133191]
                [ 1.81004925  1.81004925  0.          0.         -1.86469422],
  "funcao_objetivo": 0.22885279679425041609126340118285509233961600271829,
  "confiabilidade_total": 0.99845279679425053341963264356939828430901068655618
}
 
Individuo 39:
{
  "Posicao": [2. 3. 4. 2. 9.]
             [3. 3. 1. 1. 1.],
  "Velocidade": [-3.31557702  0.05772132  3.94738445 -0.09734939  8.98602905]
                [-0.31153899 -0.31153899  0.          0.          0.        ],
  "funcao_objetivo": 0.27890333578246977393739924512069280057716041224396,
  "confiabilidade_total": 0.99895333578246940177953916052196888517158895152009
}
 
Individuo 40:
{
  "Posicao": [2. 9. 3. 8. 9.]
             [1. 1. 1. 1. 1.],
  "Velocidade": [-6.91219833  8.68136519 -2.59639892 -0.38376219 10.61360487]
                [-2.59639892 -2.59639892  0.          0.         -2.59639892],
  "funcao_objetivo": 0.93924610387894075876705729810049091910494907360404,
  "confiabilidade_total": 0.93924610387894075876705729810049091910494907360404
}
 
Individuo 41:
{
  "Posicao": [9. 4. 5. 2. 4.]
             [2. 2. 1. 1. 1.],
  "Velocidade": [ 4.26783156  1.72933494  0.02106398 -5.94496255  3.4306791 ]
                [0.11948215 0.11948215 0.         0.         0.11948215],
  "funcao_objetivo": 0.77667973930071617724372809552572220325927956483049,
  "confiabilidade_total": 0.98942973930071619967023319295388431981663926026506
}
 
Individuo 42:
{
  "Posicao": [4. 2. 3. 3. 3.]
             [1. 1. 1. 1. 1.],
  "Velocidade": [-3.62799805 -0.79562424 -2.21067614 -0.54307259  1.99183711]
                [-1.12457651 -1.12457651  0.          0.          0.        ],
  "funcao_objetivo": 0.95028500523702487333303430962355323798961270407072,
  "confiabilidade_total": 0.95028500523702487333303430962355323798961270407072
}
 
Individuo 43:
{
  "Posicao": [8. 1. 5. 6. 2.]
             [2. 2. 1. 1. 1.],
  "Velocidade": [-0.65810505  0.79532256  1.15115914 -0.00375857  1.18753212]
                [ 1.15115914  1.15115914  0.          0.         -1.23965627],
  "funcao_objetivo": 0.96725850320003071640700655073859706004407220580428,
  "confiabilidade_total": 0.99092516986669740987630740356425120677124672629683
}
 
Individuo 44:
{
  "Posicao": [9. 7. 2. 6. 1.]
             [3. 3. 1. 1. 1.],
  "Velocidade": [2.00838211 5.23378513 1.46925841 0.66096532 0.92922589]
                [1.30398239 1.30398239 0.         0.         0.        ],
  "funcao_objetivo": 0.33193906873419089804446306534650347413896917788834,
  "confiabilidade_total": 0.99802240206752420310411670489251691135048269717545
}
 
Individuo 45:
{
  "Posicao": [1. 8. 9. 6. 3.]
             [1. 1. 1. 1. 1.],
  "Velocidade": [ 1.04864769  1.68358535  9.93123922 -0.5914591  -0.15054802]
                [0.44572487 0.44572487 0.         0.         0.        ],
  "funcao_objetivo": 0.94041101117007250496344740664046303802721397353845,
  "confiabilidade_total": 0.94041101117007250496344740664046303802721397353845
}
 
Individuo 46:
{
  "Posicao": [7. 4. 7. 8. 0.]
             [3. 3. 1. 1. 1.],
  "Velocidade": [ 1.31861971  0.91973011  1.66433428  2.48936479 -1.1683381 ]
                [2.51919302 2.51919302 0.         0.         0.        ],
  "funcao_objetivo": 0.33304594036294792934451192129275006118146691697250,
  "confiabilidade_total": 0.99827927369628138352932222848979000809518609421859
}
 
Individuo 47:
{
  "Posicao": [6. 0. 3. 7. 5.]
             [3. 3. 1. 1. 1.],
  "Velocidade": [ 0.036722    0.01412844 -0.9688562   1.62146916  5.19077417]
                [1.81450326 1.81450326 0.         0.         0.        ],
  "funcao_objetivo": 0.34066673912201620156151580496262224906205790201130,
  "confiabilidade_total": 0.99886673912201631986688130901930319660424845376911
}
 
Individuo 48:
{
  "Posicao": [9. 9. 8. 9. 6.]
             [1. 1. 1. 1. 2.],
  "Velocidade": [ 1.76165829  2.02865859  0.84465521 -0.42450677  0.22406678]
                [-0.63508866 -0.63508866  0.          0.         -1.06793984],
  "funcao_objetivo": 0.93106734143822871533018488138873679399734436491357,
  "confiabilidade_total": 0.93106734143822871533018488138873679399734436491357
}
 
Individuo 49:
{
  "Posicao": [7. 0. 9. 9. 0.]
             [1. 1. 1. 1. 1.],
  "Velocidade": [ -0.08478016 -14.0577118   11.19426592  11.11484731 -20.90956389]
                [-1.09225195 -1.09225195  0.          0.         -2.63985874],
  "funcao_objetivo": 0.94366587072678284980517522033403395829477578741468,
  "confiabilidade_total": 0.94366587072678284980517522033403395829477578741468
}
 
Individuo 50:
{
  "Posicao": [9. 2. 5. 0. 0.]
             [1. 1. 1. 1. 1.],
  "Velocidade": [ 1.95442108 -1.06065469  0.         -1.71475481 -1.91390594]
                [0.26580021 0.26580021 0.         0.         0.        ],
  "funcao_objetivo": 0.95007769546490701250233183536232879706558993948326,
  "confiabilidade_total": 0.95007769546490701250233183536232879706558993948326
}
 
-----------------------------------------
Populacao final da era:
Individuo 1:
{
  "Posicao": [9. 0. 5. 5. 0.]
             [2. 2. 1. 1. 1.],
  "Velocidade": [  3.51790271 -11.52591534   0.          -3.7484637   -8.7827623 ]
                [0. 0. 0. 0. 0.],
  "funcao_objetivo": 0.88686533984003408882495769061943873394460976405743,
  "confiabilidade_total": 0.99124867317336746537187188577928180903376639171246
}
 
Individuo 2:
{
  "Posicao": [0. 8. 5. 9. 9.]
             [2. 1. 1. 2. 1.],
  "Velocidade": [-9.76577495 -0.97209217  0.          9.02894197  1.94362376]
                [ 0.         -1.98556904  0.         -0.52608734  0.        ],
  "funcao_objetivo": 0.85137725073287223094422713570176623404567898687790,
  "confiabilidade_total": 0.98621058406620543192047221663935400654172362265061
}
 
Individuo 3:
{
  "Posicao": [8. 4. 6. 9. 5.]
             [2. 1. 1. 1. 1.],
  "Velocidade": [-0.78004175 -2.97468787  1.29713501  3.93742633 -0.82622461]
                [ 0.          0.42231017  0.         -2.27117275  0.        ],
  "funcao_objetivo": 0.96082122293370900358515081110975319602383551303092,
  "confiabilidade_total": 0.96082122293370900358515081110975319602383551303092
}
 
Individuo 4:
{
  "Posicao": [6. 6. 1. 8. 7.]
             [2. 1. 1. 2. 1.],
  "Velocidade": [-0.20977501  2.31766683 -3.60890004  5.64389128  7.42422423]
                [ 0.          0.34855764  0.         -0.5784704   0.        ],
  "funcao_objetivo": 0.97501814275584532555609315688878541766480533828311,
  "confiabilidade_total": 0.98726814275584531561959708649363438087330190887027
}
 
Individuo 5:
{
  "Posicao": [7. 1. 1. 4. 4.]
             [2. 2. 1. 1. 1.],
  "Velocidade": [ 3.56561185 -1.47006672  1.26201835  1.85539103  1.3901739 ]
                [1.19703544 0.         0.         0.         0.        ],
  "funcao_objetivo": 0.88845594173309342881359389361463196800379360677800,
  "confiabilidade_total": 0.99272260839975996419268715494112054110793674947820
}
 
Individuo 6:
{
  "Posicao": [9. 9. 4. 5. 2.]
             [2. 2. 1. 1. 1.],
  "Velocidade": [ 2.57978282  9.73675546  0.64931112  0.44392925 -1.09853864]
                [-0.96475586 -0.96475586 -0.62760404  0.          0.        ],
  "funcao_objetivo": 0.81341735303821880403157638476662939944059190112218,
  "confiabilidade_total": 0.98716735303821861834677551620919801358819541293248
}
 
Individuo 7:
{
  "Posicao": [4. 0. 9. 9. 9.]
             [2. 1. 3. 1. 1.],
  "Velocidade": [-3.59611163 -7.43735211  3.91945889  6.81112657  8.5135214 ]
                [ 0.         -2.54384978  0.65132602  0.          0.        ],
  "funcao_objetivo": 0.31517625109683747171027109504128633114854394163249,
  "confiabilidade_total": 0.97840958443017059105181717529111368629495202268718
}
 
Individuo 8:
{
  "Posicao": [8. 3. 4. 6. 3.]
             [2. 3. 3. 1. 1.],
  "Velocidade": [-0.9890092  -2.33003419 -3.12493318 -1.08110729  3.40942199]
                [0.         1.13415361 2.70019772 0.         0.        ],
  "funcao_objetivo": -0.034579802575003804071939511018925946184078078585332,
  "confiabilidade_total": 0.99843686409166272353559257793146684395464338747912
}
 
Individuo 9:
{
  "Posicao": [3. 5. 2. 7. 5.]
             [1. 2. 1. 1. 2.],
  "Velocidade": [-1.7447256   2.98553836  0.24501716  3.18494626 -3.62919695]
                [-0.8012323   0.          0.          0.         -0.22656085],
  "funcao_objetivo": 0.97338417792483513904061755516089652746516228139239,
  "confiabilidade_total": 0.97338417792483513904061755516089652746516228139239
}
 
Individuo 10:
{
  "Posicao": [6. 0. 2. 6. 0.]
             [3. 3. 1. 1. 1.],
  "Velocidade": [-0.15843095 -4.51553121 -3.62113994 -1.48317612 -7.39321508]
                [ 2.10659474  2.10659474 -2.64863556  0.          0.        ],
  "funcao_objetivo": 0.23248984627607213575101632652869610856688158460618,
  "confiabilidade_total": 0.99900651294273887074820941545833064983999865003586
}
 
Individuo 11:
{
  "Posicao": [3. 1. 9. 8. 5.]
             [2. 3. 1. 1. 1.],
  "Velocidade": [-1.74445111 -2.81744392  4.74852854  1.51299989 -0.74527846]
                [0.        0.9655141 0.        0.        0.       ],
  "funcao_objetivo": 0.67863478158050405220481643197846769350442969733271,
  "confiabilidade_total": 0.99456811491383728496674670793428721832904899054560
}
 
Individuo 12:
{
  "Posicao": [8. 0. 0. 6. 9.]
             [1. 1. 2. 1. 1.],
  "Velocidade": [  0.06860281 -24.94086227  -8.8230814    1.41145769   6.64335457]
                [-2.793925   -2.793925   -0.03000846  0.          0.        ],
  "funcao_objetivo": 0.97412231054976777060348256946009128841673823890699,
  "confiabilidade_total": 0.97412231054976777060348256946009128841673823890699
}
 
Individuo 13:
{
  "Posicao": [8. 2. 2. 8. 4.]
             [2. 2. 1. 1. 1.],
  "Velocidade": [ 1.00032521  2.49766205 -7.07298647  5.1829821  -4.67744119]
                [-1.03823037 -1.03823037  0.         -3.24832404  0.        ],
  "funcao_objetivo": 0.86060447695204010384478979407582641496761920171529,
  "confiabilidade_total": 0.99127114361870684030747727551066758959993006902486
}
 
Individuo 14:
{
  "Posicao": [9. 5. 2. 0. 9.]
             [1. 2. 1. 1. 1.],
  "Velocidade": [13.23060963  3.77850893 -6.33380202 -5.60653888  9.89046805]
                [-2.12681948  0.          0.          0.          0.        ],
  "funcao_objetivo": 0.96741040374667008713372772505290709713288694737633,
  "confiabilidade_total": 0.96741040374667008713372772505290709713288694737633
}
 
Individuo 15:
{
  "Posicao": [5. 1. 7. 6. 3.]
             [2. 2. 1. 1. 1.],
  "Velocidade": [-1.95321442 -2.32555295 -2.36159275 -0.08076129 -5.84479587]
                [0.         1.03830365 0.         0.         0.        ],
  "funcao_objetivo": 0.97476715876914725808743055332900990044813941987797,
  "confiabilidade_total": 0.99126715876914717212841287172626475814845751794621
}
 
Individuo 16:
{
  "Posicao": [8. 5. 7. 2. 4.]
             [2. 2. 1. 1. 1.],
  "Velocidade": [ 0.00644184  4.51280478 -1.29280144  1.9339161  -1.553896  ]
                [0.         1.38246127 0.         0.         0.        ],
  "funcao_objetivo": 0.98939332373430878835653787834118358867491544525410,
  "confiabilidade_total": 0.98939332373430878835653787834118358867491544525410
}
 
Individuo 17:
{
  "Posicao": [4. 1. 1. 2. 3.]
             [1. 1. 2. 1. 1.],
  "Velocidade": [-0.74638095 -5.46157025 -0.6412624  -2.21366237  3.46019169]
                [-1.92089425 -1.92089425 -1.13059893  0.          0.        ],
  "funcao_objetivo": 0.95244827163192073475362502224132465844136146863104,
  "confiabilidade_total": 0.97686493829858745664463530547098624001350669224859
}
 
Individuo 18:
{
  "Posicao": [7. 0. 5. 6. 2.]
             [1. 1. 1. 3. 1.],
  "Velocidade": [ 1.17984306 -3.55666705  0.         -0.91499379  0.031568  ]
                [-1.5930764  -1.5930764   0.          5.34164491  0.        ],
  "funcao_objetivo": 0.86847017806939334220014527353559634457576276008626,
  "confiabilidade_total": 0.96797017806939331955159557118240291993367673103353
}
 
Individuo 19:
{
  "Posicao": [6. 2. 5. 7. 3.]
             [2. 2. 3. 1. 1.],
  "Velocidade": [-2.7459368   1.51470641  0.          0.37231057  1.08304587]
                [0.3604598  0.3604598  2.53255093 0.         0.        ],
  "funcao_objetivo": 0.59791951572351879675367493245588796180591450969903,
  "confiabilidade_total": 0.99586951572351901871223757307874641464941667358606
}
 
Individuo 20:
{
  "Posicao": [7. 0. 5. 6. 0.]
             [2. 2. 1. 2. 1.],
  "Velocidade": [  2.20399536 -10.44718206  -0.34450088  -3.10846076 -12.59434968]
                [ 0.34450088  0.          0.         -1.0801648   0.        ],
  "funcao_objetivo": 0.66471690417380554790140112074864833485464415159983,
  "confiabilidade_total": 0.99431690417380563525374869825596493538598379698557
}
 
Individuo 21:
{
  "Posicao": [5. 2. 6. 7. 2.]
             [2. 2. 1. 1. 1.],
  "Velocidade": [-3.32548298  1.65791774 -0.26621327  2.37009319 -1.90464105]
                [0.29463505 0.         0.         0.         0.        ],
  "funcao_objetivo": 0.89244803269684400968975195162400351720747978626145,
  "confiabilidade_total": 0.99094803269684395839744821394177134963569672046555
}
 
Individuo 22:
{
  "Posicao": [8. 4. 5. 4. 0.]
             [2. 2. 1. 1. 1.],
  "Velocidade": [-1.13455989  1.90221804  0.          0.34940872 -8.34359777]
                [0.         0.05751873 0.         0.         0.        ],
  "funcao_objetivo": 0.86147429604148999705415306977063458081640322762972,
  "confiabilidade_total": 0.98989096270815664825171225999345345091380198556429
}
 
Individuo 23:
{
  "Posicao": [2. 9. 3. 9. 0.]
             [3. 2. 1. 1. 3.],
  "Velocidade": [ 1.58923598  5.81130774 -4.91794671  3.07000093 -0.96898155]
                [1.5799934  0.         0.         0.         3.03339598],
  "funcao_objetivo": -0.14837337581695632860957932341631173176241683878030,
  "confiabilidade_total": 0.99295995751637676017862911914920763092564773641502
}
 
Individuo 24:
{
  "Posicao": [6. 1. 3. 9. 4.]
             [2. 2. 1. 3. 1.],
  "Velocidade": [ 0.63525587  1.33948154 -0.58820758  0.29085252  0.7277861 ]
                [1.19446658 1.19446658 0.         3.47057821 0.        ],
  "funcao_objetivo": 0.18064917045967436387580119294800678736129094588472,
  "confiabilidade_total": 0.99503250379300765632332127275224192536034871566011
}
 
Individuo 25:
{
  "Posicao": [8. 7. 4. 6. 4.]
             [1. 1. 1. 2. 1.],
  "Velocidade": [-0.01409201  6.77355696  1.48346126  0.47810368  1.46031065]
                [0.05679029 0.05679029 0.         0.69777928 0.        ],
  "funcao_objetivo": 0.96309350298896123995869012762979955602285738226625,
  "confiabilidade_total": 0.96309350298896123995869012762979955602285738226625
}
 
Individuo 26:
{
  "Posicao": [4. 0. 1. 6. 0.]
             [2. 3. 1. 1. 1.],
  "Velocidade": [-5.24108371 -6.69191714 -7.93938693  1.84179251  0.14259112]
                [ 0.          0.71059178  0.          0.         -3.29423919],
  "funcao_objetivo": 0.41061084837297759762733190520599800902226111267536,
  "confiabilidade_total": 0.99617751503964444391328098256132416236021658752887
}
 
Individuo 27:
{
  "Posicao": [9. 9. 6. 5. 4.]
             [1. 2. 1. 1. 2.],
  "Velocidade": [ 6.28889272 10.32738866 -3.47121059 -3.79575437 -0.4651066 ]
                [ 0.24197209  0.          0.          0.         -0.89668474],
  "funcao_objetivo": 0.77446044628925462160239417309103499631157741541686,
  "confiabilidade_total": 0.96142711295592138170172984879545891656300649638000
}
 
Individuo 28:
{
  "Posicao": [7. 5. 9. 6. 0.]
             [3. 2. 1. 1. 1.],
  "Velocidade": [ 0.09900551  5.03108874  2.89904176 -2.43091526 -6.23288707]
                [0.72809848 0.         0.         0.         0.        ],
  "funcao_objetivo": 0.79102740685947297298887958989333171855289040330553,
  "confiabilidade_total": 0.99354407352613962338707820238603787954527436021471
}
 
Individuo 29:
{
  "Posicao": [7. 1. 6. 9. 1.]
             [1. 1. 1. 2. 1.],
  "Velocidade": [ 0.28195047 -1.71670182  0.83863324  6.01881315  1.44381303]
                [-0.83863324 -0.83863324  0.          0.8384237   0.        ],
  "funcao_objetivo": 0.96347614470221658323405364428445213307131214059537,
  "confiabilidade_total": 0.96347614470221658323405364428445213307131214059537
}
 
Individuo 30:
{
  "Posicao": [9. 0. 5. 5. 0.]
             [2. 2. 1. 1. 1.],
  "Velocidade": [1.41399392 0.11554291 0.         0.28492546 0.22833011]
                [-0.50178955  0.          0.          0.          0.        ],
  "funcao_objetivo": 0.88686533984003408882495769061943873394460976405743,
  "confiabilidade_total": 0.99124867317336746537187188577928180903376639171246
}
 
Individuo 31:
{
  "Posicao": [8. 1. 5. 7. 2.]
             [2. 1. 1. 1. 1.],
  "Velocidade": [ 2.71761476 -2.21929638 -0.7665529   0.64347588  1.49309364]
                [ 0.         -1.64616541  0.          0.          0.        ],
  "funcao_objetivo": 0.96974370488688057307776072636760941343873287770644,
  "confiabilidade_total": 0.96974370488688057307776072636760941343873287770644
}
 
Individuo 32:
{
  "Posicao": [4. 6. 5. 9. 9.]
             [2. 2. 1. 3. 1.],
  "Velocidade": [-4.56217932  1.79549557  0.          3.07680229  8.63102099]
                [-1.23017083 -1.23017083  0.          3.02309833  0.        ],
  "funcao_objetivo": 0.18583546318982949683591792942134729248629921505816,
  "confiabilidade_total": 0.99465212985649606956291373913810188544141167233355
}
 
Individuo 33:
{
  "Posicao": [6. 0. 2. 1. 0.]
             [2. 3. 1. 1. 1.],
  "Velocidade": [-2.49616143  0.42459583 -2.49223103 -1.94458062 -3.15514496]
                [0.        1.6775985 0.        0.        0.       ],
  "funcao_objetivo": 0.51171439013299442100337439075247731492279187987424,
  "confiabilidade_total": 0.99549772346632776398824655149383817300556318114377
}
 
Individuo 34:
{
  "Posicao": [7. 6. 5. 9. 6.]
             [2. 1. 1. 1. 1.],
  "Velocidade": [ 1.36191666  6.20318248  0.          5.08814571 -0.05328054]
                [ 0.         -0.88256657  0.          0.          0.        ],
  "funcao_objetivo": 0.95855269929734280408523356791445268513553264460199,
  "confiabilidade_total": 0.95855269929734280408523356791445268513553264460199
}
 
Individuo 35:
{
  "Posicao": [7. 0. 7. 7. 1.]
             [1. 1. 1. 3. 1.],
  "Velocidade": [ 0.08267449 -0.90849174  6.15858075  2.56310487 -8.43591587]
                [-2.30064701 -2.30064701  0.         -0.24046256  0.        ],
  "funcao_objetivo": 0.91710596290580972959305700312128145042215676342901,
  "confiabilidade_total": 0.96770596290580974955486698588159604723905415570196
}
 
Individuo 36:
{
  "Posicao": [7. 0. 5. 6. 0.]
             [2. 1. 1. 1. 1.],
  "Velocidade": [  1.49864811   0.11368338   0.50018356   4.1933948  -11.10965164]
                [ 0.         -2.07025684  0.          0.          0.        ],
  "funcao_objetivo": 0.97438658055496643510187775315190876509307142204255,
  "confiabilidade_total": 0.97438658055496643510187775315190876509307142204255
}
 
Individuo 37:
{
  "Posicao": [6. 0. 5. 1. 0.]
             [3. 3. 1. 1. 1.],
  "Velocidade": [  0.2356455  -10.65878783  -1.33455202  -5.57129765  -4.21344523]
                [2.02712715 2.02712715 0.         0.         0.        ],
  "funcao_objetivo": 0.28306414503224402137615861530887859969413109801308,
  "confiabilidade_total": 0.99891414503224400769821095192695002167498894713417
}
 
Individuo 38:
{
  "Posicao": [7. 0. 6. 7. 1.]
             [3. 3. 1. 1. 3.],
  "Velocidade": [-2.29558592 -0.74163789 -1.45935764  4.61975548  1.20015899]
                [-0.11799501 -0.11799501  0.          0.          1.70343033],
  "funcao_objetivo": -0.24194752955754972139798540154181049731798813054362,
  "confiabilidade_total": 0.99890247044245039815082989009504577549866988947591
}
 
Individuo 39:
{
  "Posicao": [7. 7. 8. 9. 5.]
             [1. 1. 1. 1. 1.],
  "Velocidade": [ 5.41586016  4.4358123   4.11370553 11.27782186 -4.23534085]
                [-2.76102738 -2.76102738  0.          0.          0.        ],
  "funcao_objetivo": 0.93068679882857514800766769699101621838763129772451,
  "confiabilidade_total": 0.93068679882857514800766769699101621838763129772451
}
 
Individuo 40:
{
  "Posicao": [6. 3. 6. 5. 5.]
             [1. 1. 1. 1. 3.],
  "Velocidade": [ 3.68884342 -6.1454537   2.93939043 -3.40515442 -4.38031943]
                [0.28376762 0.28376762 0.         0.         2.3718552 ],
  "funcao_objetivo": 0.93619437791440482994573478605720164779086301490250,
  "confiabilidade_total": 0.94544437791440482601832083644571038604226598903122
}
 
Individuo 41:
{
  "Posicao": [9. 0. 5. 4. 2.]
             [2. 2. 1. 1. 1.],
  "Velocidade": [-0.37554982 -3.9851224   0.01924231  1.61996454 -2.43091517]
                [0.109149 0.109149 0.       0.       0.109149],
  "funcao_objetivo": 0.82011239203499026187392815997088234467333728157811,
  "confiabilidade_total": 0.99126239203499020988218391677480155663466626488499
}
 
Individuo 42:
{
  "Posicao": [7. 0. 6. 9. 1.]
             [2. 2. 1. 1. 1.],
  "Velocidade": [ 2.54363566 -2.39136738  2.52595849  5.96994201 -2.11769799]
                [1.2454046 1.2454046 0.        0.        0.       ],
  "funcao_objetivo": 0.87907049616369407959178438473760655825964371192482,
  "confiabilidade_total": 0.99192049616369414096491318601626011287800232398537
}
 
Individuo 43:
{
  "Posicao": [4. 8. 6. 9. 7.]
             [3. 3. 1. 1. 2.],
  "Velocidade": [-3.70125924  6.58531763  1.05160373  2.86906135  5.33667985]
                [1.05160373 1.05160373 0.         0.         1.13244739],
  "funcao_objetivo": 0.063799022908501834871337649153276573106369078014278,
  "confiabilidade_total": 0.99823235624183528390471312208959017245443731531896
}
 
Individuo 44:
{
  "Posicao": [7. 6. 9. 9. 9.]
             [2. 2. 1. 1. 1.],
  "Velocidade": [-2.45505901 -0.70399484  7.77681896  6.08211158 12.04456002]
                [-0.95366495 -0.95366495  0.          0.          0.        ],
  "funcao_objetivo": 0.87971388549990159607342755867601023274545796672153,
  "confiabilidade_total": 0.98736388549990145298788414498583530294780858317661
}
 
Individuo 45:
{
  "Posicao": [6. 0. 9. 6. 0.]
             [2. 2. 1. 1. 1.],
  "Velocidade": [  5.04393889 -10.53079039   5.02421093   0.433895    -3.17363875]
                [1.41921421 1.41921421 0.         0.         0.        ],
  "funcao_objetivo": 0.79892800068504365442596439659210038326532211707406,
  "confiabilidade_total": 0.99189466735171037128211326314667705401629772589974
}
 
Individuo 46:
{
  "Posicao": [9. 3. 0. 9. 9.]
             [2. 2. 1. 1. 1.],
  "Velocidade": [ 3.041626   -1.47905326 -7.90592193  0.99390677  9.95496793]
                [-0.57478957 -0.57478957  0.          0.          0.        ],
  "funcao_objetivo": 0.72621197443842956016787483199399488291380728606351,
  "confiabilidade_total": 0.99026197443842953934009089002605818456647719267972
}
 
Individuo 47:
{
  "Posicao": [8. 0. 5. 5. 1.]
             [3. 3. 1. 1. 1.],
  "Velocidade": [ 1.68778987  0.02276097  2.42539141 -1.82921822 -3.53132759]
                [-0.00060542 -0.00060542  0.          0.          0.        ],
  "funcao_objetivo": 0.49361032120006349794498500401670732054801163079556,
  "confiabilidade_total": 0.99869365453339693756366922813169345710368332269009
}
 
Individuo 48:
{
  "Posicao": [2. 0. 0. 0. 0.]
             [2. 2. 1. 1. 1.],
  "Velocidade": [ -7.07125262 -29.07240209  -7.72873321 -10.51611562 -11.37139602]
                [ 1.0478166   1.0478166   0.          0.         -0.79536392],
  "funcao_objetivo": 0.77291203473197090389864408867658351553297438740958,
  "confiabilidade_total": 0.99632870139863758396200191915347243664479651570548
}
 
Individuo 49:
{
  "Posicao": [7. 9. 9. 9. 9.]
             [2. 2. 1. 1. 3.],
  "Velocidade": [-0.07744814 12.84196219  7.58907114  7.51652087 19.10124725]
                [0.79025809 0.79025809 0.         0.         2.41155649],
  "funcao_objetivo": 0.13590035930338781878154614807935808509073282987691,
  "confiabilidade_total": 0.98775035930338775936240987014098004161796595365620
}
 
Individuo 50:
{
  "Posicao": [3. 9. 5. 9. 9.]
             [3. 3. 1. 1. 1.],
  "Velocidade": [-6.25304901  6.99787772  0.         14.52834522 10.25555174]
                [2.26137996 2.26137996 0.         0.         0.        ],
  "funcao_objetivo": 0.20227608025179056796603949107485739863759208983126,
  "confiabilidade_total": 0.99785941358512371048904232549795331782942940062227
}
 
-----------------------------------------
-----------------------------------------
-----------------------------------------
-----------------------------------------
O algoritmo PSO obteve em 10 geracoes o resultado para a funcao objetivo de 0.99229412304325628779648670196695157764104071588153
Com os seguintes valores para cada variavel de decisao:
T1: 9.0
Q1: 2.0
T2: 0.0
Q2: 2.0
T3: 5.0
Q3: 1.0
T4: 5.0
Q4: 1.0
T5: 0.0
Q5: 1.0


