POPULAÇÃO INICIAL:
Individuo 1:
{
  "Posicao": [0 3 5 7 9]
             [1 1 2 2 1],
  "Velocidade": [0. 0. 0. 0. 0.]
                [0. 0. 0. 0. 0.],
  "funcao_objetivo": 0.99106940050610510791498083666560982779178534100479,
  "confiabilidade_total": 0.99106940050610510791498083666560982779178534100479
}
 
Individuo 2:
{
  "Posicao": [5 0 5 1 7]
             [1 1 2 1 2],
  "Velocidade": [0. 0. 0. 0. 0.]
                [0. 0. 0. 0. 0.],
  "funcao_objetivo": 0.98052260173680430600700573679626409699985048783088,
  "confiabilidade_total": 0.98052260173680430600700573679626409699985048783088
}
 
Individuo 3:
{
  "Posicao": [9 1 1 0 8]
             [2 1 1 1 1],
  "Velocidade": [0. 0. 0. 0. 0.]
                [0. 0. 0. 0. 0.],
  "funcao_objetivo": 0.97852256702352280812190114338069234516542770282938,
  "confiabilidade_total": 0.97852256702352280812190114338069234516542770282938
}
 
Individuo 4:
{
  "Posicao": [2 8 1 1 7]
             [1 2 1 1 2],
  "Velocidade": [0. 0. 0. 0. 0.]
                [0. 0. 0. 0. 0.],
  "funcao_objetivo": 0.97796630899446845893260709793782373776425479281409,
  "confiabilidade_total": 0.97796630899446845893260709793782373776425479281409
}
 
Individuo 5:
{
  "Posicao": [8 4 5 0 5]
             [3 1 1 1 1],
  "Velocidade": [0. 0. 0. 0. 0.]
                [0. 0. 0. 0. 0.],
  "funcao_objetivo": 0.97770555982544259514649069163764473970459502150949,
  "confiabilidade_total": 0.97770555982544259514649069163764473970459502150949
}
 
Individuo 6:
{
  "Posicao": [0 0 3 7 2]
             [2 1 1 1 1],
  "Velocidade": [0. 0. 0. 0. 0.]
                [0. 0. 0. 0. 0.],
  "funcao_objetivo": 0.97728355738133410461126441039200029199968216712915,
  "confiabilidade_total": 0.97728355738133410461126441039200029199968216712915
}
 
Individuo 7:
{
  "Posicao": [5 0 1 3 6]
             [2 1 1 1 1],
  "Velocidade": [0. 0. 0. 0. 0.]
                [0. 0. 0. 0. 0.],
  "funcao_objetivo": 0.97703514580760173047931021808945304669141560447472,
  "confiabilidade_total": 0.97703514580760173047931021808945304669141560447472
}
 
Individuo 8:
{
  "Posicao": [0 5 6 0 1]
             [1 1 2 1 1],
  "Velocidade": [0. 0. 0. 0. 0.]
                [0. 0. 0. 0. 0.],
  "funcao_objetivo": 0.97655717492721035242113183838843457726371914194415,
  "confiabilidade_total": 0.97655717492721035242113183838843457726371914194415
}
 
Individuo 9:
{
  "Posicao": [2 9 1 0 9]
             [1 1 1 2 1],
  "Velocidade": [0. 0. 0. 0. 0.]
                [0. 0. 0. 0. 0.],
  "funcao_objetivo": 0.97619805546855500348157212876199940127083683342767,
  "confiabilidade_total": 0.97619805546855500348157212876199940127083683342767
}
 
Individuo 10:
{
  "Posicao": [0 7 5 6 5]
             [1 1 1 2 2],
  "Velocidade": [0. 0. 0. 0. 0.]
                [0. 0. 0. 0. 0.],
  "funcao_objetivo": 0.97569916723894177290901328661963638308690260928245,
  "confiabilidade_total": 0.97569916723894177290901328661963638308690260928245
}
 
Individuo 11:
{
  "Posicao": [2 0 2 7 9]
             [1 2 1 1 1],
  "Velocidade": [0. 0. 0. 0. 0.]
                [0. 0. 0. 0. 0.],
  "funcao_objetivo": 0.97524660565632399610865889210945048326675007235346,
  "confiabilidade_total": 0.97524660565632399610865889210945048326675007235346
}
 
Individuo 12:
{
  "Posicao": [1 1 0 6 1]
             [2 1 1 1 1],
  "Velocidade": [0. 0. 0. 0. 0.]
                [0. 0. 0. 0. 0.],
  "funcao_objetivo": 0.97470953401884102221847278636138733857789533737006,
  "confiabilidade_total": 0.97470953401884102221847278636138733857789533737006
}
 
Individuo 13:
{
  "Posicao": [2 0 8 7 9]
             [2 1 1 1 1],
  "Velocidade": [0. 0. 0. 0. 0.]
                [0. 0. 0. 0. 0.],
  "funcao_objetivo": 0.97448710822318590411800073198687702282523985379500,
  "confiabilidade_total": 0.97448710822318590411800073198687702282523985379500
}
 
Individuo 14:
{
  "Posicao": [7 1 4 5 7]
             [2 1 1 1 2],
  "Velocidade": [0. 0. 0. 0. 0.]
                [0. 0. 0. 0. 0.],
  "funcao_objetivo": 0.97304190352307965714960373826393480672684554377400,
  "confiabilidade_total": 0.97304190352307965714960373826393480672684554377400
}
 
Individuo 15:
{
  "Posicao": [6 9 0 7 3]
             [1 1 1 2 1],
  "Velocidade": [0. 0. 0. 0. 0.]
                [0. 0. 0. 0. 0.],
  "funcao_objetivo": 0.97281355066554815034221057666593192636815986672718,
  "confiabilidade_total": 0.97281355066554815034221057666593192636815986672718
}
 
Individuo 16:
{
  "Posicao": [1 4 6 1 8]
             [1 1 1 2 1],
  "Velocidade": [0. 0. 0. 0. 0.]
                [0. 0. 0. 0. 0.],
  "funcao_objetivo": 0.97131250799421862589497930268864589300510812512800,
  "confiabilidade_total": 0.97131250799421862589497930268864589300510812512800
}
 
Individuo 17:
{
  "Posicao": [8 7 2 1 1]
             [1 1 1 2 1],
  "Velocidade": [0. 0. 0. 0. 0.]
                [0. 0. 0. 0. 0.],
  "funcao_objetivo": 0.97018008264106515333402758564064990028749041955396,
  "confiabilidade_total": 0.97018008264106515333402758564064990028749041955396
}
 
Individuo 18:
{
  "Posicao": [6 9 7 0 5]
             [2 1 1 1 1],
  "Velocidade": [0. 0. 0. 0. 0.]
                [0. 0. 0. 0. 0.],
  "funcao_objetivo": 0.96943278848763249196083781527841249011324032900734,
  "confiabilidade_total": 0.96943278848763249196083781527841249011324032900734
}
 
Individuo 19:
{
  "Posicao": [7 7 6 7 1]
             [2 1 2 1 1],
  "Velocidade": [0. 0. 0. 0. 0.]
                [0. 0. 0. 0. 0.],
  "funcao_objetivo": 0.96844092355065072980249623093654706264240315513489,
  "confiabilidade_total": 0.96844092355065072980249623093654706264240315513489
}
 
Individuo 20:
{
  "Posicao": [3 6 6 5 7]
             [1 1 1 2 2],
  "Velocidade": [0. 0. 0. 0. 0.]
                [0. 0. 0. 0. 0.],
  "funcao_objetivo": 0.96825944359891233847513324721377122118824445996069,
  "confiabilidade_total": 0.96825944359891233847513324721377122118824445996069
}
 
Individuo 21:
{
  "Posicao": [6 6 5 8 8]
             [2 1 2 1 1],
  "Velocidade": [0. 0. 0. 0. 0.]
                [0. 0. 0. 0. 0.],
  "funcao_objetivo": 0.96743798673285945423788231465176190421744450984926,
  "confiabilidade_total": 0.96743798673285945423788231465176190421744450984926
}
 
Individuo 22:
{
  "Posicao": [5 8 1 3 7]
             [1 1 2 1 1],
  "Velocidade": [0. 0. 0. 0. 0.]
                [0. 0. 0. 0. 0.],
  "funcao_objetivo": 0.96598176165214711655079132708161347611837939514858,
  "confiabilidade_total": 0.96598176165214711655079132708161347611837939514858
}
 
Individuo 23:
{
  "Posicao": [6 8 8 1 8]
             [1 3 1 1 1],
  "Velocidade": [0. 0. 0. 0. 0.]
                [0. 0. 0. 0. 0.],
  "funcao_objetivo": 0.96569347930041990014149829575880933530161812222581,
  "confiabilidade_total": 0.96569347930041990014149829575880933530161812222581
}
 
Individuo 24:
{
  "Posicao": [3 7 0 6 6]
             [2 1 1 1 1],
  "Velocidade": [0. 0. 0. 0. 0.]
                [0. 0. 0. 0. 0.],
  "funcao_objetivo": 0.96505878997857710571339888724327743353252132822336,
  "confiabilidade_total": 0.96505878997857710571339888724327743353252132822336
}
 
Individuo 25:
{
  "Posicao": [8 8 0 8 7]
             [3 1 1 1 1],
  "Velocidade": [0. 0. 0. 0. 0.]
                [0. 0. 0. 0. 0.],
  "funcao_objetivo": 0.96486841567404751643062140553177678923210055996376,
  "confiabilidade_total": 0.96486841567404751643062140553177678923210055996376
}
 
Individuo 26:
{
  "Posicao": [2 8 8 4 4]
             [1 1 2 1 1],
  "Velocidade": [0. 0. 0. 0. 0.]
                [0. 0. 0. 0. 0.],
  "funcao_objetivo": 0.96436868736714655568220889484257195071962230208868,
  "confiabilidade_total": 0.96436868736714655568220889484257195071962230208868
}
 
Individuo 27:
{
  "Posicao": [9 6 0 5 7]
             [2 1 1 1 1],
  "Velocidade": [0. 0. 0. 0. 0.]
                [0. 0. 0. 0. 0.],
  "funcao_objetivo": 0.96393328839253684481108161725447627418214576225343,
  "confiabilidade_total": 0.96393328839253684481108161725447627418214576225343
}
 
Individuo 28:
{
  "Posicao": [5 5 3 7 1]
             [1 1 2 1 1],
  "Velocidade": [0. 0. 0. 0. 0.]
                [0. 0. 0. 0. 0.],
  "funcao_objetivo": 0.96339135963235692982620301347705368295577587098323,
  "confiabilidade_total": 0.96339135963235692982620301347705368295577587098323
}
 
Individuo 29:
{
  "Posicao": [9 2 5 1 1]
             [1 1 1 2 1],
  "Velocidade": [0. 0. 0. 0. 0.]
                [0. 0. 0. 0. 0.],
  "funcao_objetivo": 0.96317082373870824963951007646925770480106045576450,
  "confiabilidade_total": 0.96317082373870824963951007646925770480106045576450
}
 
Individuo 30:
{
  "Posicao": [8 6 2 8 8]
             [1 1 2 1 1],
  "Velocidade": [0. 0. 0. 0. 0.]
                [0. 0. 0. 0. 0.],
  "funcao_objetivo": 0.96148820395984036652364799471784811311332845699348,
  "confiabilidade_total": 0.96148820395984036652364799471784811311332845699348
}
 
Individuo 31:
{
  "Posicao": [6 6 8 7 1]
             [1 2 1 1 1],
  "Velocidade": [0. 0. 0. 0. 0.]
                [0. 0. 0. 0. 0.],
  "funcao_objetivo": 0.96139630877637595005379205260185303371601928534167,
  "confiabilidade_total": 0.96139630877637595005379205260185303371601928534167
}
 
Individuo 32:
{
  "Posicao": [2 3 0 2 3]
             [1 1 1 1 1],
  "Velocidade": [0. 0. 0. 0. 0.]
                [0. 0. 0. 0. 0.],
  "funcao_objetivo": 0.96026305969302200867729044048991040041414090053749,
  "confiabilidade_total": 0.96026305969302200867729044048991040041414090053749
}
 
Individuo 33:
{
  "Posicao": [9 8 2 9 0]
             [1 1 2 1 1],
  "Velocidade": [0. 0. 0. 0. 0.]
                [0. 0. 0. 0. 0.],
  "funcao_objetivo": 0.95978737373909193873856167045859561031683220645383,
  "confiabilidade_total": 0.95978737373909193873856167045859561031683220645383
}
 
Individuo 34:
{
  "Posicao": [9 9 5 5 0]
             [2 1 1 1 1],
  "Velocidade": [0. 0. 0. 0. 0.]
                [0. 0. 0. 0. 0.],
  "funcao_objetivo": 0.95894256688290917872567134264465240308688546064246,
  "confiabilidade_total": 0.95894256688290917872567134264465240308688546064246
}
 
Individuo 35:
{
  "Posicao": [2 9 1 1 1]
             [1 1 1 1 2],
  "Velocidade": [0. 0. 0. 0. 0.]
                [0. 0. 0. 0. 0.],
  "funcao_objetivo": 0.95833712058052383302451748681135278277929375126065,
  "confiabilidade_total": 0.95833712058052383302451748681135278277929375126065
}
 
Individuo 36:
{
  "Posicao": [2 0 3 3 6]
             [1 1 1 1 1],
  "Velocidade": [0. 0. 0. 0. 0.]
                [0. 0. 0. 0. 0.],
  "funcao_objetivo": 0.95778751590031019682312787157882383582545460093327,
  "confiabilidade_total": 0.95778751590031019682312787157882383582545460093327
}
 
Individuo 37:
{
  "Posicao": [6 6 0 3 1]
             [1 1 1 1 2],
  "Velocidade": [0. 0. 0. 0. 0.]
                [0. 0. 0. 0. 0.],
  "funcao_objetivo": 0.95520707492554961367062472571277124686212942076226,
  "confiabilidade_total": 0.95520707492554961367062472571277124686212942076226
}
 
Individuo 38:
{
  "Posicao": [1 9 4 2 8]
             [1 1 1 1 2],
  "Velocidade": [0. 0. 0. 0. 0.]
                [0. 0. 0. 0. 0.],
  "funcao_objetivo": 0.95351754938768915510175484309425506130214417022082,
  "confiabilidade_total": 0.95351754938768915510175484309425506130214417022082
}
 
Individuo 39:
{
  "Posicao": [4 1 7 6 8]
             [1 1 1 1 3],
  "Velocidade": [0. 0. 0. 0. 0.]
                [0. 0. 0. 0. 0.],
  "funcao_objetivo": 0.95142755828215444697912397951011437806618585705392,
  "confiabilidade_total": 0.95142755828215444697912397951011437806618585705392
}
 
Individuo 40:
{
  "Posicao": [1 3 6 8 1]
             [1 1 1 1 2],
  "Velocidade": [0. 0. 0. 0. 0.]
                [0. 0. 0. 0. 0.],
  "funcao_objetivo": 0.95091270747451468226950455301016760944241750123330,
  "confiabilidade_total": 0.95091270747451468226950455301016760944241750123330
}
 
Individuo 41:
{
  "Posicao": [1 6 7 8 7]
             [1 1 1 1 3],
  "Velocidade": [0. 0. 0. 0. 0.]
                [0. 0. 0. 0. 0.],
  "funcao_objetivo": 0.94811953977605538545771704564884218680829796654983,
  "confiabilidade_total": 0.94811953977605538545771704564884218680829796654983
}
 
Individuo 42:
{
  "Posicao": [9 7 0 9 0]
             [1 1 1 1 2],
  "Velocidade": [0. 0. 0. 0. 0.]
                [0. 0. 0. 0. 0.],
  "funcao_objetivo": 0.94727530532022599023436149799484852039221929567742,
  "confiabilidade_total": 0.94727530532022599023436149799484852039221929567742
}
 
Individuo 43:
{
  "Posicao": [2 5 8 7 6]
             [1 1 1 1 2],
  "Velocidade": [0. 0. 0. 0. 0.]
                [0. 0. 0. 0. 0.],
  "funcao_objetivo": 0.94593909310353271869124106046044857079121507443454,
  "confiabilidade_total": 0.94593909310353271869124106046044857079121507443454
}
 
Individuo 44:
{
  "Posicao": [4 9 1 4 5]
             [1 1 1 1 1],
  "Velocidade": [0. 0. 0. 0. 0.]
                [0. 0. 0. 0. 0.],
  "funcao_objetivo": 0.94486678628036478854937028409301968226388398740690,
  "confiabilidade_total": 0.94486678628036478854937028409301968226388398740690
}
 
Individuo 45:
{
  "Posicao": [3 6 4 4 8]
             [1 1 1 1 1],
  "Velocidade": [0. 0. 0. 0. 0.]
                [0. 0. 0. 0. 0.],
  "funcao_objetivo": 0.94317456693039021596454366285508648237849750483777,
  "confiabilidade_total": 0.94317456693039021596454366285508648237849750483777
}
 
Individuo 46:
{
  "Posicao": [9 7 4 4 7]
             [1 1 1 1 2],
  "Velocidade": [0. 0. 0. 0. 0.]
                [0. 0. 0. 0. 0.],
  "funcao_objetivo": 0.94282831328345161035634746392664876732906970420795,
  "confiabilidade_total": 0.94282831328345161035634746392664876732906970420795
}
 
Individuo 47:
{
  "Posicao": [8 8 8 4 5]
             [1 1 1 1 3],
  "Velocidade": [0. 0. 0. 0. 0.]
                [0. 0. 0. 0. 0.],
  "funcao_objetivo": 0.94095453600647332500065911611148194501257115571280,
  "confiabilidade_total": 0.94095453600647332500065911611148194501257115571280
}
 
Individuo 48:
{
  "Posicao": [6 3 8 8 1]
             [1 1 1 1 1],
  "Velocidade": [0. 0. 0. 0. 0.]
                [0. 0. 0. 0. 0.],
  "funcao_objetivo": 0.93812318087110732963155895660196443554029686021470,
  "confiabilidade_total": 0.93812318087110732963155895660196443554029686021470
}
 
Individuo 49:
{
  "Posicao": [8 9 9 2 6]
             [1 1 1 1 1],
  "Velocidade": [0. 0. 0. 0. 0.]
                [0. 0. 0. 0. 0.],
  "funcao_objetivo": 0.93467237928187695277968722152052499185296485078417,
  "confiabilidade_total": 0.93467237928187695277968722152052499185296485078417
}
 
Individuo 50:
{
  "Posicao": [8 6 8 7 9]
             [1 1 1 1 1],
  "Velocidade": [0. 0. 0. 0. 0.]
                [0. 0. 0. 0. 0.],
  "funcao_objetivo": 0.93211088799414912721040225589322644279090676446300,
  "confiabilidade_total": 0.93211088799414912721040225589322644279090676446300
}
 
 
GERACAO 1
Populacao antes da execucao:
Individuo 1:
{
  "Posicao": [0 3 5 7 9]
             [1 1 2 2 1],
  "Velocidade": [0. 0. 0. 0. 0.]
                [0. 0. 0. 0. 0.],
  "funcao_objetivo": 0.99106940050610510791498083666560982779178534100479,
  "confiabilidade_total": 0.99106940050610510791498083666560982779178534100479
}
 
Individuo 2:
{
  "Posicao": [5 0 5 1 7]
             [1 1 2 1 2],
  "Velocidade": [0. 0. 0. 0. 0.]
                [0. 0. 0. 0. 0.],
  "funcao_objetivo": 0.98052260173680430600700573679626409699985048783088,
  "confiabilidade_total": 0.98052260173680430600700573679626409699985048783088
}
 
Individuo 3:
{
  "Posicao": [9 1 1 0 8]
             [2 1 1 1 1],
  "Velocidade": [0. 0. 0. 0. 0.]
                [0. 0. 0. 0. 0.],
  "funcao_objetivo": 0.97852256702352280812190114338069234516542770282938,
  "confiabilidade_total": 0.97852256702352280812190114338069234516542770282938
}
 
Individuo 4:
{
  "Posicao": [2 8 1 1 7]
             [1 2 1 1 2],
  "Velocidade": [0. 0. 0. 0. 0.]
                [0. 0. 0. 0. 0.],
  "funcao_objetivo": 0.97796630899446845893260709793782373776425479281409,
  "confiabilidade_total": 0.97796630899446845893260709793782373776425479281409
}
 
Individuo 5:
{
  "Posicao": [8 4 5 0 5]
             [3 1 1 1 1],
  "Velocidade": [0. 0. 0. 0. 0.]
                [0. 0. 0. 0. 0.],
  "funcao_objetivo": 0.97770555982544259514649069163764473970459502150949,
  "confiabilidade_total": 0.97770555982544259514649069163764473970459502150949
}
 
Individuo 6:
{
  "Posicao": [0 0 3 7 2]
             [2 1 1 1 1],
  "Velocidade": [0. 0. 0. 0. 0.]
                [0. 0. 0. 0. 0.],
  "funcao_objetivo": 0.97728355738133410461126441039200029199968216712915,
  "confiabilidade_total": 0.97728355738133410461126441039200029199968216712915
}
 
Individuo 7:
{
  "Posicao": [5 0 1 3 6]
             [2 1 1 1 1],
  "Velocidade": [0. 0. 0. 0. 0.]
                [0. 0. 0. 0. 0.],
  "funcao_objetivo": 0.97703514580760173047931021808945304669141560447472,
  "confiabilidade_total": 0.97703514580760173047931021808945304669141560447472
}
 
Individuo 8:
{
  "Posicao": [0 5 6 0 1]
             [1 1 2 1 1],
  "Velocidade": [0. 0. 0. 0. 0.]
                [0. 0. 0. 0. 0.],
  "funcao_objetivo": 0.97655717492721035242113183838843457726371914194415,
  "confiabilidade_total": 0.97655717492721035242113183838843457726371914194415
}
 
Individuo 9:
{
  "Posicao": [2 9 1 0 9]
             [1 1 1 2 1],
  "Velocidade": [0. 0. 0. 0. 0.]
                [0. 0. 0. 0. 0.],
  "funcao_objetivo": 0.97619805546855500348157212876199940127083683342767,
  "confiabilidade_total": 0.97619805546855500348157212876199940127083683342767
}
 
Individuo 10:
{
  "Posicao": [0 7 5 6 5]
             [1 1 1 2 2],
  "Velocidade": [0. 0. 0. 0. 0.]
                [0. 0. 0. 0. 0.],
  "funcao_objetivo": 0.97569916723894177290901328661963638308690260928245,
  "confiabilidade_total": 0.97569916723894177290901328661963638308690260928245
}
 
Individuo 11:
{
  "Posicao": [2 0 2 7 9]
             [1 2 1 1 1],
  "Velocidade": [0. 0. 0. 0. 0.]
                [0. 0. 0. 0. 0.],
  "funcao_objetivo": 0.97524660565632399610865889210945048326675007235346,
  "confiabilidade_total": 0.97524660565632399610865889210945048326675007235346
}
 
Individuo 12:
{
  "Posicao": [1 1 0 6 1]
             [2 1 1 1 1],
  "Velocidade": [0. 0. 0. 0. 0.]
                [0. 0. 0. 0. 0.],
  "funcao_objetivo": 0.97470953401884102221847278636138733857789533737006,
  "confiabilidade_total": 0.97470953401884102221847278636138733857789533737006
}
 
Individuo 13:
{
  "Posicao": [2 0 8 7 9]
             [2 1 1 1 1],
  "Velocidade": [0. 0. 0. 0. 0.]
                [0. 0. 0. 0. 0.],
  "funcao_objetivo": 0.97448710822318590411800073198687702282523985379500,
  "confiabilidade_total": 0.97448710822318590411800073198687702282523985379500
}
 
Individuo 14:
{
  "Posicao": [7 1 4 5 7]
             [2 1 1 1 2],
  "Velocidade": [0. 0. 0. 0. 0.]
                [0. 0. 0. 0. 0.],
  "funcao_objetivo": 0.97304190352307965714960373826393480672684554377400,
  "confiabilidade_total": 0.97304190352307965714960373826393480672684554377400
}
 
Individuo 15:
{
  "Posicao": [6 9 0 7 3]
             [1 1 1 2 1],
  "Velocidade": [0. 0. 0. 0. 0.]
                [0. 0. 0. 0. 0.],
  "funcao_objetivo": 0.97281355066554815034221057666593192636815986672718,
  "confiabilidade_total": 0.97281355066554815034221057666593192636815986672718
}
 
Individuo 16:
{
  "Posicao": [1 4 6 1 8]
             [1 1 1 2 1],
  "Velocidade": [0. 0. 0. 0. 0.]
                [0. 0. 0. 0. 0.],
  "funcao_objetivo": 0.97131250799421862589497930268864589300510812512800,
  "confiabilidade_total": 0.97131250799421862589497930268864589300510812512800
}
 
Individuo 17:
{
  "Posicao": [8 7 2 1 1]
             [1 1 1 2 1],
  "Velocidade": [0. 0. 0. 0. 0.]
                [0. 0. 0. 0. 0.],
  "funcao_objetivo": 0.97018008264106515333402758564064990028749041955396,
  "confiabilidade_total": 0.97018008264106515333402758564064990028749041955396
}
 
Individuo 18:
{
  "Posicao": [6 9 7 0 5]
             [2 1 1 1 1],
  "Velocidade": [0. 0. 0. 0. 0.]
                [0. 0. 0. 0. 0.],
  "funcao_objetivo": 0.96943278848763249196083781527841249011324032900734,
  "confiabilidade_total": 0.96943278848763249196083781527841249011324032900734
}
 
Individuo 19:
{
  "Posicao": [7 7 6 7 1]
             [2 1 2 1 1],
  "Velocidade": [0. 0. 0. 0. 0.]
                [0. 0. 0. 0. 0.],
  "funcao_objetivo": 0.96844092355065072980249623093654706264240315513489,
  "confiabilidade_total": 0.96844092355065072980249623093654706264240315513489
}
 
Individuo 20:
{
  "Posicao": [3 6 6 5 7]
             [1 1 1 2 2],
  "Velocidade": [0. 0. 0. 0. 0.]
                [0. 0. 0. 0. 0.],
  "funcao_objetivo": 0.96825944359891233847513324721377122118824445996069,
  "confiabilidade_total": 0.96825944359891233847513324721377122118824445996069
}
 
Individuo 21:
{
  "Posicao": [6 6 5 8 8]
             [2 1 2 1 1],
  "Velocidade": [0. 0. 0. 0. 0.]
                [0. 0. 0. 0. 0.],
  "funcao_objetivo": 0.96743798673285945423788231465176190421744450984926,
  "confiabilidade_total": 0.96743798673285945423788231465176190421744450984926
}
 
Individuo 22:
{
  "Posicao": [5 8 1 3 7]
             [1 1 2 1 1],
  "Velocidade": [0. 0. 0. 0. 0.]
                [0. 0. 0. 0. 0.],
  "funcao_objetivo": 0.96598176165214711655079132708161347611837939514858,
  "confiabilidade_total": 0.96598176165214711655079132708161347611837939514858
}
 
Individuo 23:
{
  "Posicao": [6 8 8 1 8]
             [1 3 1 1 1],
  "Velocidade": [0. 0. 0. 0. 0.]
                [0. 0. 0. 0. 0.],
  "funcao_objetivo": 0.96569347930041990014149829575880933530161812222581,
  "confiabilidade_total": 0.96569347930041990014149829575880933530161812222581
}
 
Individuo 24:
{
  "Posicao": [3 7 0 6 6]
             [2 1 1 1 1],
  "Velocidade": [0. 0. 0. 0. 0.]
                [0. 0. 0. 0. 0.],
  "funcao_objetivo": 0.96505878997857710571339888724327743353252132822336,
  "confiabilidade_total": 0.96505878997857710571339888724327743353252132822336
}
 
Individuo 25:
{
  "Posicao": [8 8 0 8 7]
             [3 1 1 1 1],
  "Velocidade": [0. 0. 0. 0. 0.]
                [0. 0. 0. 0. 0.],
  "funcao_objetivo": 0.96486841567404751643062140553177678923210055996376,
  "confiabilidade_total": 0.96486841567404751643062140553177678923210055996376
}
 
Individuo 26:
{
  "Posicao": [2 8 8 4 4]
             [1 1 2 1 1],
  "Velocidade": [0. 0. 0. 0. 0.]
                [0. 0. 0. 0. 0.],
  "funcao_objetivo": 0.96436868736714655568220889484257195071962230208868,
  "confiabilidade_total": 0.96436868736714655568220889484257195071962230208868
}
 
Individuo 27:
{
  "Posicao": [9 6 0 5 7]
             [2 1 1 1 1],
  "Velocidade": [0. 0. 0. 0. 0.]
                [0. 0. 0. 0. 0.],
  "funcao_objetivo": 0.96393328839253684481108161725447627418214576225343,
  "confiabilidade_total": 0.96393328839253684481108161725447627418214576225343
}
 
Individuo 28:
{
  "Posicao": [5 5 3 7 1]
             [1 1 2 1 1],
  "Velocidade": [0. 0. 0. 0. 0.]
                [0. 0. 0. 0. 0.],
  "funcao_objetivo": 0.96339135963235692982620301347705368295577587098323,
  "confiabilidade_total": 0.96339135963235692982620301347705368295577587098323
}
 
Individuo 29:
{
  "Posicao": [9 2 5 1 1]
             [1 1 1 2 1],
  "Velocidade": [0. 0. 0. 0. 0.]
                [0. 0. 0. 0. 0.],
  "funcao_objetivo": 0.96317082373870824963951007646925770480106045576450,
  "confiabilidade_total": 0.96317082373870824963951007646925770480106045576450
}
 
Individuo 30:
{
  "Posicao": [8 6 2 8 8]
             [1 1 2 1 1],
  "Velocidade": [0. 0. 0. 0. 0.]
                [0. 0. 0. 0. 0.],
  "funcao_objetivo": 0.96148820395984036652364799471784811311332845699348,
  "confiabilidade_total": 0.96148820395984036652364799471784811311332845699348
}
 
Individuo 31:
{
  "Posicao": [6 6 8 7 1]
             [1 2 1 1 1],
  "Velocidade": [0. 0. 0. 0. 0.]
                [0. 0. 0. 0. 0.],
  "funcao_objetivo": 0.96139630877637595005379205260185303371601928534167,
  "confiabilidade_total": 0.96139630877637595005379205260185303371601928534167
}
 
Individuo 32:
{
  "Posicao": [2 3 0 2 3]
             [1 1 1 1 1],
  "Velocidade": [0. 0. 0. 0. 0.]
                [0. 0. 0. 0. 0.],
  "funcao_objetivo": 0.96026305969302200867729044048991040041414090053749,
  "confiabilidade_total": 0.96026305969302200867729044048991040041414090053749
}
 
Individuo 33:
{
  "Posicao": [9 8 2 9 0]
             [1 1 2 1 1],
  "Velocidade": [0. 0. 0. 0. 0.]
                [0. 0. 0. 0. 0.],
  "funcao_objetivo": 0.95978737373909193873856167045859561031683220645383,
  "confiabilidade_total": 0.95978737373909193873856167045859561031683220645383
}
 
Individuo 34:
{
  "Posicao": [9 9 5 5 0]
             [2 1 1 1 1],
  "Velocidade": [0. 0. 0. 0. 0.]
                [0. 0. 0. 0. 0.],
  "funcao_objetivo": 0.95894256688290917872567134264465240308688546064246,
  "confiabilidade_total": 0.95894256688290917872567134264465240308688546064246
}
 
Individuo 35:
{
  "Posicao": [2 9 1 1 1]
             [1 1 1 1 2],
  "Velocidade": [0. 0. 0. 0. 0.]
                [0. 0. 0. 0. 0.],
  "funcao_objetivo": 0.95833712058052383302451748681135278277929375126065,
  "confiabilidade_total": 0.95833712058052383302451748681135278277929375126065
}
 
Individuo 36:
{
  "Posicao": [2 0 3 3 6]
             [1 1 1 1 1],
  "Velocidade": [0. 0. 0. 0. 0.]
                [0. 0. 0. 0. 0.],
  "funcao_objetivo": 0.95778751590031019682312787157882383582545460093327,
  "confiabilidade_total": 0.95778751590031019682312787157882383582545460093327
}
 
Individuo 37:
{
  "Posicao": [6 6 0 3 1]
             [1 1 1 1 2],
  "Velocidade": [0. 0. 0. 0. 0.]
                [0. 0. 0. 0. 0.],
  "funcao_objetivo": 0.95520707492554961367062472571277124686212942076226,
  "confiabilidade_total": 0.95520707492554961367062472571277124686212942076226
}
 
Individuo 38:
{
  "Posicao": [1 9 4 2 8]
             [1 1 1 1 2],
  "Velocidade": [0. 0. 0. 0. 0.]
                [0. 0. 0. 0. 0.],
  "funcao_objetivo": 0.95351754938768915510175484309425506130214417022082,
  "confiabilidade_total": 0.95351754938768915510175484309425506130214417022082
}
 
Individuo 39:
{
  "Posicao": [4 1 7 6 8]
             [1 1 1 1 3],
  "Velocidade": [0. 0. 0. 0. 0.]
                [0. 0. 0. 0. 0.],
  "funcao_objetivo": 0.95142755828215444697912397951011437806618585705392,
  "confiabilidade_total": 0.95142755828215444697912397951011437806618585705392
}
 
Individuo 40:
{
  "Posicao": [1 3 6 8 1]
             [1 1 1 1 2],
  "Velocidade": [0. 0. 0. 0. 0.]
                [0. 0. 0. 0. 0.],
  "funcao_objetivo": 0.95091270747451468226950455301016760944241750123330,
  "confiabilidade_total": 0.95091270747451468226950455301016760944241750123330
}
 
Individuo 41:
{
  "Posicao": [1 6 7 8 7]
             [1 1 1 1 3],
  "Velocidade": [0. 0. 0. 0. 0.]
                [0. 0. 0. 0. 0.],
  "funcao_objetivo": 0.94811953977605538545771704564884218680829796654983,
  "confiabilidade_total": 0.94811953977605538545771704564884218680829796654983
}
 
Individuo 42:
{
  "Posicao": [9 7 0 9 0]
             [1 1 1 1 2],
  "Velocidade": [0. 0. 0. 0. 0.]
                [0. 0. 0. 0. 0.],
  "funcao_objetivo": 0.94727530532022599023436149799484852039221929567742,
  "confiabilidade_total": 0.94727530532022599023436149799484852039221929567742
}
 
Individuo 43:
{
  "Posicao": [2 5 8 7 6]
             [1 1 1 1 2],
  "Velocidade": [0. 0. 0. 0. 0.]
                [0. 0. 0. 0. 0.],
  "funcao_objetivo": 0.94593909310353271869124106046044857079121507443454,
  "confiabilidade_total": 0.94593909310353271869124106046044857079121507443454
}
 
Individuo 44:
{
  "Posicao": [4 9 1 4 5]
             [1 1 1 1 1],
  "Velocidade": [0. 0. 0. 0. 0.]
                [0. 0. 0. 0. 0.],
  "funcao_objetivo": 0.94486678628036478854937028409301968226388398740690,
  "confiabilidade_total": 0.94486678628036478854937028409301968226388398740690
}
 
Individuo 45:
{
  "Posicao": [3 6 4 4 8]
             [1 1 1 1 1],
  "Velocidade": [0. 0. 0. 0. 0.]
                [0. 0. 0. 0. 0.],
  "funcao_objetivo": 0.94317456693039021596454366285508648237849750483777,
  "confiabilidade_total": 0.94317456693039021596454366285508648237849750483777
}
 
Individuo 46:
{
  "Posicao": [9 7 4 4 7]
             [1 1 1 1 2],
  "Velocidade": [0. 0. 0. 0. 0.]
                [0. 0. 0. 0. 0.],
  "funcao_objetivo": 0.94282831328345161035634746392664876732906970420795,
  "confiabilidade_total": 0.94282831328345161035634746392664876732906970420795
}
 
Individuo 47:
{
  "Posicao": [8 8 8 4 5]
             [1 1 1 1 3],
  "Velocidade": [0. 0. 0. 0. 0.]
                [0. 0. 0. 0. 0.],
  "funcao_objetivo": 0.94095453600647332500065911611148194501257115571280,
  "confiabilidade_total": 0.94095453600647332500065911611148194501257115571280
}
 
Individuo 48:
{
  "Posicao": [6 3 8 8 1]
             [1 1 1 1 1],
  "Velocidade": [0. 0. 0. 0. 0.]
                [0. 0. 0. 0. 0.],
  "funcao_objetivo": 0.93812318087110732963155895660196443554029686021470,
  "confiabilidade_total": 0.93812318087110732963155895660196443554029686021470
}
 
Individuo 49:
{
  "Posicao": [8 9 9 2 6]
             [1 1 1 1 1],
  "Velocidade": [0. 0. 0. 0. 0.]
                [0. 0. 0. 0. 0.],
  "funcao_objetivo": 0.93467237928187695277968722152052499185296485078417,
  "confiabilidade_total": 0.93467237928187695277968722152052499185296485078417
}
 
Individuo 50:
{
  "Posicao": [8 6 8 7 9]
             [1 1 1 1 1],
  "Velocidade": [0. 0. 0. 0. 0.]
                [0. 0. 0. 0. 0.],
  "funcao_objetivo": 0.93211088799414912721040225589322644279090676446300,
  "confiabilidade_total": 0.93211088799414912721040225589322644279090676446300
}
 
-----------------------------------------
Populacao final da era:
Individuo 1:
{
  "Posicao": [0. 3. 5. 7. 9.]
             [1. 1. 2. 2. 1.],
  "Velocidade": [0. 0. 0. 0. 0.]
                [0. 0. 0. 0. 0.],
  "funcao_objetivo": 0.99106940050610510791498083666560982779178534100479,
  "confiabilidade_total": 0.99106940050610510791498083666560982779178534100479
}
 
Individuo 2:
{
  "Posicao": [1. 2. 5. 6. 9.]
             [1. 1. 2. 2. 1.],
  "Velocidade": [-3.80829994  2.28497996  0.          4.56995993  1.52331998]
                [ 0.          0.          0.          0.76165999 -0.76165999],
  "funcao_objetivo": 0.91828779906690527754375437343188301888839689882995,
  "confiabilidade_total": 0.99112113240023844426961914468339151931540457400085
}
 
Individuo 3:
{
  "Posicao": [0. 4. 7. 9. 9.]
             [1. 1. 3. 3. 1.],
  "Velocidade": [-14.38653255   3.19700723   6.39401447  11.18952532   1.59850362]
                [-1.59850362  0.          1.59850362  1.59850362  0.        ],
  "funcao_objetivo": 0.20559567684185821661661700039935345364800084939954,
  "confiabilidade_total": 0.99814567684185791579058624796693726046076406351086
}
 
Individuo 4:
{
  "Posicao": [0. 4. 4. 6. 9.]
             [1. 1. 2. 2. 1.],
  "Velocidade": [-1.64794499 -4.11986246  3.29588997  4.94383496  1.64794499]
                [ 0.         -0.82397249  0.82397249  0.82397249 -0.82397249],
  "funcao_objetivo": 0.73424466999722699979528333309855670397632831441055,
  "confiabilidade_total": 0.99159466999722690848499067280255703683474177228104
}
 
Individuo 5:
{
  "Posicao": [0. 2. 5. 9. 9.]
             [1. 1. 3. 3. 1.],
  "Velocidade": [-15.53557476  -1.94194684   0.          13.59362791   7.76778738]
                [-3.88389369  0.          1.94194684  1.94194684  0.        ],
  "funcao_objetivo": 0.38117306009959616529088613150122740606375201575567,
  "confiabilidade_total": 0.99832306009959625268764262999355026821203692786504
}
 
Individuo 6:
{
  "Posicao": [0. 4. 6. 7. 9.]
             [1. 1. 2. 2. 1.],
  "Velocidade": [ 0.          4.47180863  2.98120575  0.         10.43422014]
                [-1.49060288  0.          1.49060288  1.49060288  0.        ],
  "funcao_objetivo": 0.87757275767378917692284580403426614343881616212009,
  "confiabilidade_total": 0.99092275767378911037052659287925732774421581841587
}
 
Individuo 7:
{
  "Posicao": [0. 6. 8. 9. 9.]
             [1. 1. 3. 3. 1.],
  "Velocidade": [-9.24554332  5.54732599  7.39643466  7.39643466  5.54732599]
                [-1.84910866  0.          1.84910866  1.84910866  0.        ],
  "funcao_objetivo": 0.28716461562056432715585108902202944224863576718714,
  "confiabilidade_total": 0.99798128228723086835251299938433828717260885068323
}
 
Individuo 8:
{
  "Posicao": [0. 1. 4. 9. 9.]
             [1. 1. 2. 3. 1.],
  "Velocidade": [ 0.         -3.87706857 -1.93853429 13.56974    15.50827429]
                [0.         0.         0.         1.93853429 0.        ],
  "funcao_objetivo": 0.36553902112702493553109701728109351472964417036188,
  "confiabilidade_total": 0.99578902112702502346076056759349151628127228315485
}
 
Individuo 9:
{
  "Posicao": [0. 4. 5. 6. 9.]
             [1. 1. 2. 2. 1.],
  "Velocidade": [-1.7515794  -5.25473819  3.5031588   6.13052789  0.        ]
                [0.        0.        0.8757897 0.        0.       ],
  "funcao_objetivo": 0.89162893161987656608114036059273430954925376090345,
  "confiabilidade_total": 0.99104559828654305274364730136735388886443930777845
}
 
Individuo 10:
{
  "Posicao": [0. 2. 5. 7. 9.]
             [1. 1. 2. 2. 1.],
  "Velocidade": [ 0.         -4.57340172  0.          1.14335043  4.57340172]
                [ 0.          0.          1.14335043  0.         -1.14335043],
  "funcao_objetivo": 0.99162916637810066686417181657762895585298909912213,
  "confiabilidade_total": 0.99162916637810066686417181657762895585298909912213
}
 
Individuo 11:
{
  "Posicao": [1. 2. 4. 7. 9.]
             [1. 1. 2. 2. 1.],
  "Velocidade": [-1.37640996  2.06461494  2.06461494  0.          0.        ]
                [ 0.         -0.68820498  0.68820498  0.68820498  0.        ],
  "funcao_objetivo": 0.86629097708643832896936639354643887721176553567849,
  "confiabilidade_total": 0.99162431041977159783574943031234909661288667520486
}
 
Individuo 12:
{
  "Posicao": [0. 2. 3. 7. 6.]
             [1. 1. 2. 2. 1.],
  "Velocidade": [-0.64543384  1.29086768  3.2271692   0.64543384  5.16347072]
                [-0.64543384  0.          0.64543384  0.64543384  0.        ],
  "funcao_objetivo": 0.86226639736551133335296333650979115912474667722967,
  "confiabilidade_total": 0.99243306403217804161598599246565620699681317503240
}
 
Individuo 13:
{
  "Posicao": [1. 1. 7. 7. 9.]
             [2. 1. 1. 1. 1.],
  "Velocidade": [-0.87776784  1.31665176 -1.31665176  0.          0.        ]
                [-0.43888392  0.          0.43888392  0.43888392  0.        ],
  "funcao_objetivo": 0.97142603103299089616968182840096500500524794620366,
  "confiabilidade_total": 0.97142603103299089616968182840096500500524794620366
}
 
Individuo 14:
{
  "Posicao": [0. 5. 6. 9. 9.]
             [1. 1. 3. 3. 1.],
  "Velocidade": [-12.5624191   3.5892626   1.7946313   3.5892626   3.5892626]
                [-1.7946313  0.         1.7946313  1.7946313 -1.7946313],
  "funcao_objetivo": 0.24534444388773042323062851847684645285966827934470,
  "confiabilidade_total": 0.99807777722106389961989931817701720824602081840720
}
 
Individuo 15:
{
  "Posicao": [5. 8. 1. 7. 4.]
             [1. 1. 1. 2. 1.],
  "Velocidade": [-0.74673965 -0.74673965  0.62228304  0.          0.74673965]
                [0.         0.         0.12445661 0.         0.        ],
  "funcao_objetivo": 0.96958249435103391695033733406890836020539654148302,
  "confiabilidade_total": 0.96958249435103391695033733406890836020539654148302
}
 
Individuo 16:
{
  "Posicao": [0. 3. 5. 9. 9.]
             [1. 1. 2. 2. 1.],
  "Velocidade": [-1.4249279  -1.4249279  -1.4249279   8.54956741  1.4249279 ]
                [0.        0.        1.4249279 0.        0.       ],
  "funcao_objetivo": 0.91006315134832118036602986014837625177315589299387,
  "confiabilidade_total": 0.99011315134832089896890203865619951599947329869455
}
 
Individuo 17:
{
  "Posicao": [5. 6. 3. 3. 4.]
             [1. 1. 1. 2. 1.],
  "Velocidade": [-2.76230812 -1.38115406  1.03586554  2.07173109  2.76230812]
                [0.         0.         0.34528851 0.         0.        ],
  "funcao_objetivo": 0.92493742800825101987770534062853115186902676312174,
  "confiabilidade_total": 0.96618742800825092467608097902135781054261122433390
}
 
Individuo 18:
{
  "Posicao": [0. 0. 4. 9. 9.]
             [1. 1. 3. 3. 1.],
  "Velocidade": [-9.89956898 -9.89956898 -3.29985633 11.54949714  6.59971265]
                [-1.64992816  0.          1.64992816  1.64992816  0.        ],
  "funcao_objetivo": -0.0015965013291038387857270515380470449850537116349044,
  "confiabilidade_total": 0.99865349867089596714728824398458968896413070608970
}
 
Individuo 19:
{
  "Posicao": [2. 4. 5. 7. 6.]
             [1. 1. 2. 2. 1.],
  "Velocidade": [-4.78324163 -2.73328093 -0.68332023  0.          5.46656186]
                [-0.68332023  0.          0.          0.68332023  0.        ],
  "funcao_objetivo": 0.95465547959581069284519372072413312013850176857647,
  "confiabilidade_total": 0.99015547959581062029211906147015320345417225884136
}
 
Individuo 20:
{
  "Posicao": [0. 2. 5. 7. 9.]
             [1. 1. 2. 2. 1.],
  "Velocidade": [-3.74069706 -3.74069706 -1.24689902  2.49379804  2.49379804]
                [ 0.          0.          1.24689902  0.         -1.24689902],
  "funcao_objetivo": 0.99162916637810066686417181657762895585298909912213,
  "confiabilidade_total": 0.99162916637810066686417181657762895585298909912213
}
 
Individuo 21:
{
  "Posicao": [0. 1. 5. 6. 9.]
             [1. 1. 2. 3. 1.],
  "Velocidade": [-10.1480468   -5.0740234    0.          -1.69134113   1.69134113]
                [-1.69134113  0.          0.          1.69134113  0.        ],
  "funcao_objetivo": 0.71253385217712913191811183108490850070922993100696,
  "confiabilidade_total": 0.99550051884379584544359162376401555018931053556018
}
 
Individuo 22:
{
  "Posicao": [0. 2. 6. 8. 9.]
             [1. 1. 2. 2. 1.],
  "Velocidade": [-6.21530709 -6.21530709  4.97224568  4.97224568  2.48612284]
                [0.         0.         0.         1.24306142 0.        ],
  "funcao_objetivo": 0.90290403252206454682305451214299738047805098286642,
  "confiabilidade_total": 0.99132069918873109310453787528852318054225710621847
}
 
Individuo 23:
{
  "Posicao": [5. 7. 8. 2. 8.]
             [1. 3. 1. 1. 1.],
  "Velocidade": [-0.80031105 -0.66692588 -0.40015553  0.80031105  0.13338518]
                [ 0.         -0.26677035  0.13338518  0.13338518  0.        ],
  "funcao_objetivo": 0.96552664726706743768211566720042284404605767225180,
  "confiabilidade_total": 0.96552664726706743768211566720042284404605767225180
}
 
Individuo 24:
{
  "Posicao": [3. 7. 0. 6. 6.]
             [2. 1. 1. 1. 1.],
  "Velocidade": [-0.05673137 -0.07564183  0.09455229  0.01891046  0.05673137]
                [-0.01891046  0.          0.01891046  0.01891046  0.        ],
  "funcao_objetivo": 0.96505878997857710571339888724327743353252132822336,
  "confiabilidade_total": 0.96505878997857710571339888724327743353252132822336
}
 
Individuo 25:
{
  "Posicao": [2. 4. 4. 7. 9.]
             [1. 1. 2. 2. 1.],
  "Velocidade": [-6.11103742 -3.81939839  3.81939839 -0.76387968  1.52775935]
                [-1.52775935  0.          0.76387968  0.76387968  0.        ],
  "funcao_objetivo": 0.81827011988411595759684107910845844345329800650812,
  "confiabilidade_total": 0.99068678655078259236309950487896051528094807669855
}
 
Individuo 26:
{
  "Posicao": [0. 0. 3. 9. 9.]
             [1. 1. 2. 3. 1.],
  "Velocidade": [-3.58860321 -8.97150801 -5.38290481  5.38290481  8.97150801]
                [0.        0.        0.        1.7943016 0.       ],
  "funcao_objetivo": 0.40208808966248300424726932738763136316267010982687,
  "confiabilidade_total": 0.99615475632914963603813004716271390665498730953390
}
 
Individuo 27:
{
  "Posicao": [7. 5. 1. 5. 7.]
             [2. 1. 1. 1. 1.],
  "Velocidade": [-2.06750514 -0.68916838  1.14861397  0.45944559  0.45944559]
                [-0.22972279  0.          0.22972279  0.22972279  0.        ],
  "funcao_objetivo": 0.96369146946239245715294640200033918130884725417138,
  "confiabilidade_total": 0.96369146946239245715294640200033918130884725417138
}
 
Individuo 28:
{
  "Posicao": [0. 2. 6. 7. 9.]
             [1. 1. 2. 2. 1.],
  "Velocidade": [-7.0778998  -2.83115992  2.83115992  0.         11.32463967]
                [0.         0.         0.         1.41557996 0.        ],
  "funcao_objetivo": 0.91037453231319707309223228447879597150964249547167,
  "confiabilidade_total": 0.99162453231319707586778984604168732256872166569872
}
 
Individuo 29:
{
  "Posicao": [0. 4. 5. 9. 9.]
             [1. 1. 3. 2. 1.],
  "Velocidade": [-16.92452932   1.88050326   0.          11.28301955  15.04402606]
                [0.         0.         1.88050326 0.         0.        ],
  "funcao_objetivo": 0.65332445556291730711022770680962013048740429241823,
  "confiabilidade_total": 0.99315778889625048893512561296325758067580265362429
}
 
Individuo 30:
{
  "Posicao": [0. 0. 8. 6. 9.]
             [1. 1. 2. 3. 1.],
  "Velocidade": [-15.95924824  -5.98471809   5.98471809  -1.99490603   1.99490603]
                [0.         0.         0.         1.99490603 0.        ],
  "funcao_objetivo": 0.62238704075621831994260628568541132356908621027407,
  "confiabilidade_total": 0.99533704075621815713950195465245623584773840143618
}
 
Individuo 31:
{
  "Posicao": [2. 4. 6. 7. 6.]
             [1. 1. 2. 2. 1.],
  "Velocidade": [-3.88977778 -1.94488889 -1.94488889  0.          5.18637038]
                [ 0.        -0.6482963  0.6482963  0.6482963  0.       ],
  "funcao_objetivo": 0.86648319944144641859932304175266266859581481469755,
  "confiabilidade_total": 0.99014986610811310721139816184325695096960078729276
}
 
Individuo 32:
{
  "Posicao": [1. 3. 3. 5. 7.]
             [1. 1. 2. 2. 1.],
  "Velocidade": [-1.37910886  0.          3.44777216  3.44777216  4.13732659]
                [0.         0.         0.68955443 0.68955443 0.        ],
  "funcao_objetivo": 0.92349659877784847775880673669196858004298416483370,
  "confiabilidade_total": 0.99149659877784845488821242941374384731617180216280
}
 
Individuo 33:
{
  "Posicao": [0. 2. 6. 7. 9.]
             [1. 1. 2. 2. 1.],
  "Velocidade": [-10.9255269   -6.06973717   3.6418423   -2.42789487  10.9255269 ]
                [0.         0.         0.         1.21394743 0.        ],
  "funcao_objetivo": 0.91037453231319707309223228447879597150964249547167,
  "confiabilidade_total": 0.99162453231319707586778984604168732256872166569872
}
 
Individuo 34:
{
  "Posicao": [6. 7. 5. 6. 3.]
             [2. 1. 1. 1. 1.],
  "Velocidade": [-3.33369251 -2.22246167  0.          0.74082056  3.33369251]
                [-0.37041028  0.          0.37041028  0.37041028  0.        ],
  "funcao_objetivo": 0.96172126305111555839719685595583974028668653665764,
  "confiabilidade_total": 0.96172126305111555839719685595583974028668653665764
}
 
Individuo 35:
{
  "Posicao": [0. 0. 7. 9. 9.]
             [1. 1. 3. 3. 1.],
  "Velocidade": [-3.10746741 -9.32240224  6.21493483  9.32240224 12.42986966]
                [ 0.          0.          1.55373371  1.55373371 -1.55373371],
  "funcao_objetivo": 0.21425168349705395179591544183863146671322673662118,
  "confiabilidade_total": 0.99850168349705389894929946968118014254835933549814
}
 
Individuo 36:
{
  "Posicao": [0. 3. 5. 7. 9.]
             [1. 1. 2. 2. 1.],
  "Velocidade": [-1.93154914  2.89732371  1.93154914  3.86309828  2.89732371]
                [0.         0.         0.96577457 0.96577457 0.        ],
  "funcao_objetivo": 0.99106940050610510791498083666560982779178534100479,
  "confiabilidade_total": 0.99106940050610510791498083666560982779178534100479
}
 
Individuo 37:
{
  "Posicao": [5. 5. 1. 4. 3.]
             [1. 1. 1. 1. 2.],
  "Velocidade": [-1.28086267 -0.64043134  1.06738556  0.85390845  1.7078169 ]
                [ 0.          0.          0.21347711  0.21347711 -0.21347711],
  "funcao_objetivo": 0.95114348898313148202945550216280861750114100730919,
  "confiabilidade_total": 0.95114348898313148202945550216280861750114100730919
}
 
Individuo 38:
{
  "Posicao": [1. 7. 4. 4. 8.]
             [1. 1. 1. 1. 2.],
  "Velocidade": [-0.34447027 -2.06682164  0.34447027  1.72235137  0.34447027]
                [ 0.          0.          0.34447027  0.34447027 -0.34447027],
  "funcao_objetivo": 0.95211616958421848125675615769467959614547326555267,
  "confiabilidade_total": 0.95211616958421848125675615769467959614547326555267
}
 
Individuo 39:
{
  "Posicao": [0. 4. 4. 7. 9.]
             [1. 1. 2. 2. 1.],
  "Velocidade": [-5.40944676  2.70472338 -2.70472338  1.35236169  1.35236169]
                [ 0.          0.          1.35236169  1.35236169 -2.70472338],
  "funcao_objetivo": 0.78255974457266843607953312772288096152541824496314,
  "confiabilidade_total": 0.99147641123933490897527456314555943958757110751197
}
 
Individuo 40:
{
  "Posicao": [1. 3. 6. 8. 5.]
             [1. 1. 1. 1. 2.],
  "Velocidade": [-0.43794532  0.         -0.43794532 -0.43794532  3.50356256]
                [ 0.          0.          0.43794532  0.43794532 -0.43794532],
  "funcao_objetivo": 0.95047571374954678826245536203868102319134528839829,
  "confiabilidade_total": 0.95047571374954678826245536203868102319134528839829
}
 
Individuo 41:
{
  "Posicao": [0. 1. 3. 6. 9.]
             [1. 1. 3. 3. 1.],
  "Velocidade": [-1.82165826 -5.46497477 -3.64331651 -1.82165826  3.64331651]
                [ 0.          0.          1.82165826  1.82165826 -3.64331651],
  "funcao_objetivo": 0.25439096249091588329758190265170770379733070173987,
  "confiabilidade_total": 0.99880762915758241547923285305774544048141464033850
}
 
Individuo 42:
{
  "Posicao": [0. 1. 8. 6. 9.]
             [1. 1. 3. 3. 1.],
  "Velocidade": [-13.99767691  -6.22118974   7.77648717  -3.11059487  13.99767691]
                [ 0.          0.          1.55529743  1.55529743 -1.55529743],
  "funcao_objetivo": 0.40227739012991407661605923417976699558602624662775,
  "confiabilidade_total": 0.99854405679658085468990567856547530529605203398126
}
 
Individuo 43:
{
  "Posicao": [1. 4. 6. 7. 8.]
             [1. 1. 2. 2. 1.],
  "Velocidade": [-1.33308148 -1.33308148 -1.99962222  0.          1.99962222]
                [ 0.          0.          0.66654074  0.66654074 -0.66654074],
  "funcao_objetivo": 0.95063225969793689892130538423501427321480594991292,
  "confiabilidade_total": 0.99038225969793686483745852824270848220931373952474
}
 
Individuo 44:
{
  "Posicao": [3. 8. 2. 4. 6.]
             [1. 1. 1. 1. 1.],
  "Velocidade": [-0.6118385  -0.91775775  0.6118385   0.45887888  0.6118385 ]
                [0.         0.         0.15295963 0.15295963 0.        ],
  "funcao_objetivo": 0.94563694307814557861654399511808879905923431658036,
  "confiabilidade_total": 0.94563694307814557861654399511808879905923431658036
}
 
Individuo 45:
{
  "Posicao": [1. 4. 5. 6. 9.]
             [1. 1. 2. 2. 1.],
  "Velocidade": [-2.03884541 -2.03884541  0.67961514  2.03884541  0.67961514]
                [0.         0.         0.67961514 0.67961514 0.        ],
  "funcao_objetivo": 0.90910438999484237386952184397162275183838467722718,
  "confiabilidade_total": 0.99043772332817563141163002956093625891846280222718
}
 
Individuo 46:
{
  "Posicao": [0. 0. 6. 9. 9.]
             [1. 1. 3. 3. 1.],
  "Velocidade": [-15.08732601  -6.70547823   1.67636956   5.02910867   3.35273911]
                [ 0.          0.          1.67636956  1.67636956 -1.67636956],
  "funcao_objetivo": 0.14162397341242550510207443764817393647203373011531,
  "confiabilidade_total": 0.99852397341242516706136789978051050828466342982234
}
 
Individuo 47:
{
  "Posicao": [6. 7. 7. 5. 6.]
             [1. 1. 1. 1. 2.],
  "Velocidade": [-2.06612756 -1.29132973 -0.77479784  0.77479784  1.03306378]
                [ 0.          0.          0.25826595  0.25826595 -0.51653189],
  "funcao_objetivo": 0.94102763057926965838112688277458154116267207840357,
  "confiabilidade_total": 0.94102763057926965838112688277458154116267207840357
}
 
Individuo 48:
{
  "Posicao": [6. 3. 8. 8. 1.]
             [1. 1. 1. 1. 1.],
  "Velocidade": [-0.0216704   0.         -0.0108352  -0.00361173  0.02889386]
                [0.         0.         0.00361173 0.00361173 0.        ],
  "funcao_objetivo": 0.93812318087110732963155895660196443554029686021470,
  "confiabilidade_total": 0.93812318087110732963155895660196443554029686021470
}
 
Individuo 49:
{
  "Posicao": [2. 5. 6. 6. 8.]
             [1. 1. 2. 2. 1.],
  "Velocidade": [-5.76575079 -4.32431309 -2.88287539  3.60359424  2.16215655]
                [0.         0.         0.72071885 0.72071885 0.        ],
  "funcao_objetivo": 0.88880851551589107391651276188261859734175683378527,
  "confiabilidade_total": 0.98980851551589110811138192033744004238961221098254
}
 
Individuo 50:
{
  "Posicao": [0. 1. 3. 7. 9.]
             [1. 1. 3. 3. 1.],
  "Velocidade": [-12.90026855  -4.83760071  -4.83760071   0.           0.        ]
                [0.         0.         1.61253357 1.61253357 0.        ],
  "funcao_objetivo": 0.32701543708793872919761057526644807972203051952008,
  "confiabilidade_total": 0.99878210375460507472856662569116824038515841869000
}
 
-----------------------------------------
-----------------------------------------
-----------------------------------------
-----------------------------------------
GERACAO 2
Populacao antes da execucao:
Individuo 1:
{
  "Posicao": [0. 3. 5. 7. 9.]
             [1. 1. 2. 2. 1.],
  "Velocidade": [0. 0. 0. 0. 0.]
                [0. 0. 0. 0. 0.],
  "funcao_objetivo": 0.99106940050610510791498083666560982779178534100479,
  "confiabilidade_total": 0.99106940050610510791498083666560982779178534100479
}
 
Individuo 2:
{
  "Posicao": [1. 2. 5. 6. 9.]
             [1. 1. 2. 2. 1.],
  "Velocidade": [-3.80829994  2.28497996  0.          4.56995993  1.52331998]
                [ 0.          0.          0.          0.76165999 -0.76165999],
  "funcao_objetivo": 0.91828779906690527754375437343188301888839689882995,
  "confiabilidade_total": 0.99112113240023844426961914468339151931540457400085
}
 
Individuo 3:
{
  "Posicao": [0. 4. 7. 9. 9.]
             [1. 1. 3. 3. 1.],
  "Velocidade": [-14.38653255   3.19700723   6.39401447  11.18952532   1.59850362]
                [-1.59850362  0.          1.59850362  1.59850362  0.        ],
  "funcao_objetivo": 0.20559567684185821661661700039935345364800084939954,
  "confiabilidade_total": 0.99814567684185791579058624796693726046076406351086
}
 
Individuo 4:
{
  "Posicao": [0. 4. 4. 6. 9.]
             [1. 1. 2. 2. 1.],
  "Velocidade": [-1.64794499 -4.11986246  3.29588997  4.94383496  1.64794499]
                [ 0.         -0.82397249  0.82397249  0.82397249 -0.82397249],
  "funcao_objetivo": 0.73424466999722699979528333309855670397632831441055,
  "confiabilidade_total": 0.99159466999722690848499067280255703683474177228104
}
 
Individuo 5:
{
  "Posicao": [0. 2. 5. 9. 9.]
             [1. 1. 3. 3. 1.],
  "Velocidade": [-15.53557476  -1.94194684   0.          13.59362791   7.76778738]
                [-3.88389369  0.          1.94194684  1.94194684  0.        ],
  "funcao_objetivo": 0.38117306009959616529088613150122740606375201575567,
  "confiabilidade_total": 0.99832306009959625268764262999355026821203692786504
}
 
Individuo 6:
{
  "Posicao": [0. 4. 6. 7. 9.]
             [1. 1. 2. 2. 1.],
  "Velocidade": [ 0.          4.47180863  2.98120575  0.         10.43422014]
                [-1.49060288  0.          1.49060288  1.49060288  0.        ],
  "funcao_objetivo": 0.87757275767378917692284580403426614343881616212009,
  "confiabilidade_total": 0.99092275767378911037052659287925732774421581841587
}
 
Individuo 7:
{
  "Posicao": [0. 6. 8. 9. 9.]
             [1. 1. 3. 3. 1.],
  "Velocidade": [-9.24554332  5.54732599  7.39643466  7.39643466  5.54732599]
                [-1.84910866  0.          1.84910866  1.84910866  0.        ],
  "funcao_objetivo": 0.28716461562056432715585108902202944224863576718714,
  "confiabilidade_total": 0.99798128228723086835251299938433828717260885068323
}
 
Individuo 8:
{
  "Posicao": [0. 1. 4. 9. 9.]
             [1. 1. 2. 3. 1.],
  "Velocidade": [ 0.         -3.87706857 -1.93853429 13.56974    15.50827429]
                [0.         0.         0.         1.93853429 0.        ],
  "funcao_objetivo": 0.36553902112702493553109701728109351472964417036188,
  "confiabilidade_total": 0.99578902112702502346076056759349151628127228315485
}
 
Individuo 9:
{
  "Posicao": [0. 4. 5. 6. 9.]
             [1. 1. 2. 2. 1.],
  "Velocidade": [-1.7515794  -5.25473819  3.5031588   6.13052789  0.        ]
                [0.        0.        0.8757897 0.        0.       ],
  "funcao_objetivo": 0.89162893161987656608114036059273430954925376090345,
  "confiabilidade_total": 0.99104559828654305274364730136735388886443930777845
}
 
Individuo 10:
{
  "Posicao": [0. 2. 5. 7. 9.]
             [1. 1. 2. 2. 1.],
  "Velocidade": [ 0.         -4.57340172  0.          1.14335043  4.57340172]
                [ 0.          0.          1.14335043  0.         -1.14335043],
  "funcao_objetivo": 0.99162916637810066686417181657762895585298909912213,
  "confiabilidade_total": 0.99162916637810066686417181657762895585298909912213
}
 
Individuo 11:
{
  "Posicao": [1. 2. 4. 7. 9.]
             [1. 1. 2. 2. 1.],
  "Velocidade": [-1.37640996  2.06461494  2.06461494  0.          0.        ]
                [ 0.         -0.68820498  0.68820498  0.68820498  0.        ],
  "funcao_objetivo": 0.86629097708643832896936639354643887721176553567849,
  "confiabilidade_total": 0.99162431041977159783574943031234909661288667520486
}
 
Individuo 12:
{
  "Posicao": [0. 2. 3. 7. 6.]
             [1. 1. 2. 2. 1.],
  "Velocidade": [-0.64543384  1.29086768  3.2271692   0.64543384  5.16347072]
                [-0.64543384  0.          0.64543384  0.64543384  0.        ],
  "funcao_objetivo": 0.86226639736551133335296333650979115912474667722967,
  "confiabilidade_total": 0.99243306403217804161598599246565620699681317503240
}
 
Individuo 13:
{
  "Posicao": [1. 1. 7. 7. 9.]
             [2. 1. 1. 1. 1.],
  "Velocidade": [-0.87776784  1.31665176 -1.31665176  0.          0.        ]
                [-0.43888392  0.          0.43888392  0.43888392  0.        ],
  "funcao_objetivo": 0.97142603103299089616968182840096500500524794620366,
  "confiabilidade_total": 0.97142603103299089616968182840096500500524794620366
}
 
Individuo 14:
{
  "Posicao": [0. 5. 6. 9. 9.]
             [1. 1. 3. 3. 1.],
  "Velocidade": [-12.5624191   3.5892626   1.7946313   3.5892626   3.5892626]
                [-1.7946313  0.         1.7946313  1.7946313 -1.7946313],
  "funcao_objetivo": 0.24534444388773042323062851847684645285966827934470,
  "confiabilidade_total": 0.99807777722106389961989931817701720824602081840720
}
 
Individuo 15:
{
  "Posicao": [5. 8. 1. 7. 4.]
             [1. 1. 1. 2. 1.],
  "Velocidade": [-0.74673965 -0.74673965  0.62228304  0.          0.74673965]
                [0.         0.         0.12445661 0.         0.        ],
  "funcao_objetivo": 0.96958249435103391695033733406890836020539654148302,
  "confiabilidade_total": 0.96958249435103391695033733406890836020539654148302
}
 
Individuo 16:
{
  "Posicao": [0. 3. 5. 9. 9.]
             [1. 1. 2. 2. 1.],
  "Velocidade": [-1.4249279  -1.4249279  -1.4249279   8.54956741  1.4249279 ]
                [0.        0.        1.4249279 0.        0.       ],
  "funcao_objetivo": 0.91006315134832118036602986014837625177315589299387,
  "confiabilidade_total": 0.99011315134832089896890203865619951599947329869455
}
 
Individuo 17:
{
  "Posicao": [5. 6. 3. 3. 4.]
             [1. 1. 1. 2. 1.],
  "Velocidade": [-2.76230812 -1.38115406  1.03586554  2.07173109  2.76230812]
                [0.         0.         0.34528851 0.         0.        ],
  "funcao_objetivo": 0.92493742800825101987770534062853115186902676312174,
  "confiabilidade_total": 0.96618742800825092467608097902135781054261122433390
}
 
Individuo 18:
{
  "Posicao": [0. 0. 4. 9. 9.]
             [1. 1. 3. 3. 1.],
  "Velocidade": [-9.89956898 -9.89956898 -3.29985633 11.54949714  6.59971265]
                [-1.64992816  0.          1.64992816  1.64992816  0.        ],
  "funcao_objetivo": -0.0015965013291038387857270515380470449850537116349044,
  "confiabilidade_total": 0.99865349867089596714728824398458968896413070608970
}
 
Individuo 19:
{
  "Posicao": [2. 4. 5. 7. 6.]
             [1. 1. 2. 2. 1.],
  "Velocidade": [-4.78324163 -2.73328093 -0.68332023  0.          5.46656186]
                [-0.68332023  0.          0.          0.68332023  0.        ],
  "funcao_objetivo": 0.95465547959581069284519372072413312013850176857647,
  "confiabilidade_total": 0.99015547959581062029211906147015320345417225884136
}
 
Individuo 20:
{
  "Posicao": [0. 2. 5. 7. 9.]
             [1. 1. 2. 2. 1.],
  "Velocidade": [-3.74069706 -3.74069706 -1.24689902  2.49379804  2.49379804]
                [ 0.          0.          1.24689902  0.         -1.24689902],
  "funcao_objetivo": 0.99162916637810066686417181657762895585298909912213,
  "confiabilidade_total": 0.99162916637810066686417181657762895585298909912213
}
 
Individuo 21:
{
  "Posicao": [0. 1. 5. 6. 9.]
             [1. 1. 2. 3. 1.],
  "Velocidade": [-10.1480468   -5.0740234    0.          -1.69134113   1.69134113]
                [-1.69134113  0.          0.          1.69134113  0.        ],
  "funcao_objetivo": 0.71253385217712913191811183108490850070922993100696,
  "confiabilidade_total": 0.99550051884379584544359162376401555018931053556018
}
 
Individuo 22:
{
  "Posicao": [0. 2. 6. 8. 9.]
             [1. 1. 2. 2. 1.],
  "Velocidade": [-6.21530709 -6.21530709  4.97224568  4.97224568  2.48612284]
                [0.         0.         0.         1.24306142 0.        ],
  "funcao_objetivo": 0.90290403252206454682305451214299738047805098286642,
  "confiabilidade_total": 0.99132069918873109310453787528852318054225710621847
}
 
Individuo 23:
{
  "Posicao": [5. 7. 8. 2. 8.]
             [1. 3. 1. 1. 1.],
  "Velocidade": [-0.80031105 -0.66692588 -0.40015553  0.80031105  0.13338518]
                [ 0.         -0.26677035  0.13338518  0.13338518  0.        ],
  "funcao_objetivo": 0.96552664726706743768211566720042284404605767225180,
  "confiabilidade_total": 0.96552664726706743768211566720042284404605767225180
}
 
Individuo 24:
{
  "Posicao": [3. 7. 0. 6. 6.]
             [2. 1. 1. 1. 1.],
  "Velocidade": [-0.05673137 -0.07564183  0.09455229  0.01891046  0.05673137]
                [-0.01891046  0.          0.01891046  0.01891046  0.        ],
  "funcao_objetivo": 0.96505878997857710571339888724327743353252132822336,
  "confiabilidade_total": 0.96505878997857710571339888724327743353252132822336
}
 
Individuo 25:
{
  "Posicao": [2. 4. 4. 7. 9.]
             [1. 1. 2. 2. 1.],
  "Velocidade": [-6.11103742 -3.81939839  3.81939839 -0.76387968  1.52775935]
                [-1.52775935  0.          0.76387968  0.76387968  0.        ],
  "funcao_objetivo": 0.81827011988411595759684107910845844345329800650812,
  "confiabilidade_total": 0.99068678655078259236309950487896051528094807669855
}
 
Individuo 26:
{
  "Posicao": [0. 0. 3. 9. 9.]
             [1. 1. 2. 3. 1.],
  "Velocidade": [-3.58860321 -8.97150801 -5.38290481  5.38290481  8.97150801]
                [0.        0.        0.        1.7943016 0.       ],
  "funcao_objetivo": 0.40208808966248300424726932738763136316267010982687,
  "confiabilidade_total": 0.99615475632914963603813004716271390665498730953390
}
 
Individuo 27:
{
  "Posicao": [7. 5. 1. 5. 7.]
             [2. 1. 1. 1. 1.],
  "Velocidade": [-2.06750514 -0.68916838  1.14861397  0.45944559  0.45944559]
                [-0.22972279  0.          0.22972279  0.22972279  0.        ],
  "funcao_objetivo": 0.96369146946239245715294640200033918130884725417138,
  "confiabilidade_total": 0.96369146946239245715294640200033918130884725417138
}
 
Individuo 28:
{
  "Posicao": [0. 2. 6. 7. 9.]
             [1. 1. 2. 2. 1.],
  "Velocidade": [-7.0778998  -2.83115992  2.83115992  0.         11.32463967]
                [0.         0.         0.         1.41557996 0.        ],
  "funcao_objetivo": 0.91037453231319707309223228447879597150964249547167,
  "confiabilidade_total": 0.99162453231319707586778984604168732256872166569872
}
 
Individuo 29:
{
  "Posicao": [0. 4. 5. 9. 9.]
             [1. 1. 3. 2. 1.],
  "Velocidade": [-16.92452932   1.88050326   0.          11.28301955  15.04402606]
                [0.         0.         1.88050326 0.         0.        ],
  "funcao_objetivo": 0.65332445556291730711022770680962013048740429241823,
  "confiabilidade_total": 0.99315778889625048893512561296325758067580265362429
}
 
Individuo 30:
{
  "Posicao": [0. 0. 8. 6. 9.]
             [1. 1. 2. 3. 1.],
  "Velocidade": [-15.95924824  -5.98471809   5.98471809  -1.99490603   1.99490603]
                [0.         0.         0.         1.99490603 0.        ],
  "funcao_objetivo": 0.62238704075621831994260628568541132356908621027407,
  "confiabilidade_total": 0.99533704075621815713950195465245623584773840143618
}
 
Individuo 31:
{
  "Posicao": [2. 4. 6. 7. 6.]
             [1. 1. 2. 2. 1.],
  "Velocidade": [-3.88977778 -1.94488889 -1.94488889  0.          5.18637038]
                [ 0.        -0.6482963  0.6482963  0.6482963  0.       ],
  "funcao_objetivo": 0.86648319944144641859932304175266266859581481469755,
  "confiabilidade_total": 0.99014986610811310721139816184325695096960078729276
}
 
Individuo 32:
{
  "Posicao": [1. 3. 3. 5. 7.]
             [1. 1. 2. 2. 1.],
  "Velocidade": [-1.37910886  0.          3.44777216  3.44777216  4.13732659]
                [0.         0.         0.68955443 0.68955443 0.        ],
  "funcao_objetivo": 0.92349659877784847775880673669196858004298416483370,
  "confiabilidade_total": 0.99149659877784845488821242941374384731617180216280
}
 
Individuo 33:
{
  "Posicao": [0. 2. 6. 7. 9.]
             [1. 1. 2. 2. 1.],
  "Velocidade": [-10.9255269   -6.06973717   3.6418423   -2.42789487  10.9255269 ]
                [0.         0.         0.         1.21394743 0.        ],
  "funcao_objetivo": 0.91037453231319707309223228447879597150964249547167,
  "confiabilidade_total": 0.99162453231319707586778984604168732256872166569872
}
 
Individuo 34:
{
  "Posicao": [6. 7. 5. 6. 3.]
             [2. 1. 1. 1. 1.],
  "Velocidade": [-3.33369251 -2.22246167  0.          0.74082056  3.33369251]
                [-0.37041028  0.          0.37041028  0.37041028  0.        ],
  "funcao_objetivo": 0.96172126305111555839719685595583974028668653665764,
  "confiabilidade_total": 0.96172126305111555839719685595583974028668653665764
}
 
Individuo 35:
{
  "Posicao": [0. 0. 7. 9. 9.]
             [1. 1. 3. 3. 1.],
  "Velocidade": [-3.10746741 -9.32240224  6.21493483  9.32240224 12.42986966]
                [ 0.          0.          1.55373371  1.55373371 -1.55373371],
  "funcao_objetivo": 0.21425168349705395179591544183863146671322673662118,
  "confiabilidade_total": 0.99850168349705389894929946968118014254835933549814
}
 
Individuo 36:
{
  "Posicao": [0. 3. 5. 7. 9.]
             [1. 1. 2. 2. 1.],
  "Velocidade": [-1.93154914  2.89732371  1.93154914  3.86309828  2.89732371]
                [0.         0.         0.96577457 0.96577457 0.        ],
  "funcao_objetivo": 0.99106940050610510791498083666560982779178534100479,
  "confiabilidade_total": 0.99106940050610510791498083666560982779178534100479
}
 
Individuo 37:
{
  "Posicao": [5. 5. 1. 4. 3.]
             [1. 1. 1. 1. 2.],
  "Velocidade": [-1.28086267 -0.64043134  1.06738556  0.85390845  1.7078169 ]
                [ 0.          0.          0.21347711  0.21347711 -0.21347711],
  "funcao_objetivo": 0.95114348898313148202945550216280861750114100730919,
  "confiabilidade_total": 0.95114348898313148202945550216280861750114100730919
}
 
Individuo 38:
{
  "Posicao": [1. 7. 4. 4. 8.]
             [1. 1. 1. 1. 2.],
  "Velocidade": [-0.34447027 -2.06682164  0.34447027  1.72235137  0.34447027]
                [ 0.          0.          0.34447027  0.34447027 -0.34447027],
  "funcao_objetivo": 0.95211616958421848125675615769467959614547326555267,
  "confiabilidade_total": 0.95211616958421848125675615769467959614547326555267
}
 
Individuo 39:
{
  "Posicao": [0. 4. 4. 7. 9.]
             [1. 1. 2. 2. 1.],
  "Velocidade": [-5.40944676  2.70472338 -2.70472338  1.35236169  1.35236169]
                [ 0.          0.          1.35236169  1.35236169 -2.70472338],
  "funcao_objetivo": 0.78255974457266843607953312772288096152541824496314,
  "confiabilidade_total": 0.99147641123933490897527456314555943958757110751197
}
 
Individuo 40:
{
  "Posicao": [1. 3. 6. 8. 5.]
             [1. 1. 1. 1. 2.],
  "Velocidade": [-0.43794532  0.         -0.43794532 -0.43794532  3.50356256]
                [ 0.          0.          0.43794532  0.43794532 -0.43794532],
  "funcao_objetivo": 0.95047571374954678826245536203868102319134528839829,
  "confiabilidade_total": 0.95047571374954678826245536203868102319134528839829
}
 
Individuo 41:
{
  "Posicao": [0. 1. 3. 6. 9.]
             [1. 1. 3. 3. 1.],
  "Velocidade": [-1.82165826 -5.46497477 -3.64331651 -1.82165826  3.64331651]
                [ 0.          0.          1.82165826  1.82165826 -3.64331651],
  "funcao_objetivo": 0.25439096249091588329758190265170770379733070173987,
  "confiabilidade_total": 0.99880762915758241547923285305774544048141464033850
}
 
Individuo 42:
{
  "Posicao": [0. 1. 8. 6. 9.]
             [1. 1. 3. 3. 1.],
  "Velocidade": [-13.99767691  -6.22118974   7.77648717  -3.11059487  13.99767691]
                [ 0.          0.          1.55529743  1.55529743 -1.55529743],
  "funcao_objetivo": 0.40227739012991407661605923417976699558602624662775,
  "confiabilidade_total": 0.99854405679658085468990567856547530529605203398126
}
 
Individuo 43:
{
  "Posicao": [1. 4. 6. 7. 8.]
             [1. 1. 2. 2. 1.],
  "Velocidade": [-1.33308148 -1.33308148 -1.99962222  0.          1.99962222]
                [ 0.          0.          0.66654074  0.66654074 -0.66654074],
  "funcao_objetivo": 0.95063225969793689892130538423501427321480594991292,
  "confiabilidade_total": 0.99038225969793686483745852824270848220931373952474
}
 
Individuo 44:
{
  "Posicao": [3. 8. 2. 4. 6.]
             [1. 1. 1. 1. 1.],
  "Velocidade": [-0.6118385  -0.91775775  0.6118385   0.45887888  0.6118385 ]
                [0.         0.         0.15295963 0.15295963 0.        ],
  "funcao_objetivo": 0.94563694307814557861654399511808879905923431658036,
  "confiabilidade_total": 0.94563694307814557861654399511808879905923431658036
}
 
Individuo 45:
{
  "Posicao": [1. 4. 5. 6. 9.]
             [1. 1. 2. 2. 1.],
  "Velocidade": [-2.03884541 -2.03884541  0.67961514  2.03884541  0.67961514]
                [0.         0.         0.67961514 0.67961514 0.        ],
  "funcao_objetivo": 0.90910438999484237386952184397162275183838467722718,
  "confiabilidade_total": 0.99043772332817563141163002956093625891846280222718
}
 
Individuo 46:
{
  "Posicao": [0. 0. 6. 9. 9.]
             [1. 1. 3. 3. 1.],
  "Velocidade": [-15.08732601  -6.70547823   1.67636956   5.02910867   3.35273911]
                [ 0.          0.          1.67636956  1.67636956 -1.67636956],
  "funcao_objetivo": 0.14162397341242550510207443764817393647203373011531,
  "confiabilidade_total": 0.99852397341242516706136789978051050828466342982234
}
 
Individuo 47:
{
  "Posicao": [6. 7. 7. 5. 6.]
             [1. 1. 1. 1. 2.],
  "Velocidade": [-2.06612756 -1.29132973 -0.77479784  0.77479784  1.03306378]
                [ 0.          0.          0.25826595  0.25826595 -0.51653189],
  "funcao_objetivo": 0.94102763057926965838112688277458154116267207840357,
  "confiabilidade_total": 0.94102763057926965838112688277458154116267207840357
}
 
Individuo 48:
{
  "Posicao": [6. 3. 8. 8. 1.]
             [1. 1. 1. 1. 1.],
  "Velocidade": [-0.0216704   0.         -0.0108352  -0.00361173  0.02889386]
                [0.         0.         0.00361173 0.00361173 0.        ],
  "funcao_objetivo": 0.93812318087110732963155895660196443554029686021470,
  "confiabilidade_total": 0.93812318087110732963155895660196443554029686021470
}
 
Individuo 49:
{
  "Posicao": [2. 5. 6. 6. 8.]
             [1. 1. 2. 2. 1.],
  "Velocidade": [-5.76575079 -4.32431309 -2.88287539  3.60359424  2.16215655]
                [0.         0.         0.72071885 0.72071885 0.        ],
  "funcao_objetivo": 0.88880851551589107391651276188261859734175683378527,
  "confiabilidade_total": 0.98980851551589110811138192033744004238961221098254
}
 
Individuo 50:
{
  "Posicao": [0. 1. 3. 7. 9.]
             [1. 1. 3. 3. 1.],
  "Velocidade": [-12.90026855  -4.83760071  -4.83760071   0.           0.        ]
                [0.         0.         1.61253357 1.61253357 0.        ],
  "funcao_objetivo": 0.32701543708793872919761057526644807972203051952008,
  "confiabilidade_total": 0.99878210375460507472856662569116824038515841869000
}
 
-----------------------------------------
Populacao final da era:
Individuo 1:
{
  "Posicao": [0. 2. 5. 7. 9.]
             [1. 1. 2. 2. 1.],
  "Velocidade": [ 0.         -0.94256733  0.          0.          0.        ]
                [0. 0. 0. 0. 0.],
  "funcao_objetivo": 0.99162916637810066686417181657762895585298909912213,
  "confiabilidade_total": 0.99162916637810066686417181657762895585298909912213
}
 
Individuo 2:
{
  "Posicao": [0. 2. 5. 7. 9.]
             [1. 1. 2. 2. 1.],
  "Velocidade": [-1.01905918  0.25933485  0.          0.77170491 -0.49470854]
                [ 0.          0.          0.         -0.24735427  0.24735427],
  "funcao_objetivo": 0.99162916637810066686417181657762895585298909912213,
  "confiabilidade_total": 0.99162916637810066686417181657762895585298909912213
}
 
Individuo 3:
{
  "Posicao": [8. 3. 7. 9. 9.]
             [2. 1. 2. 2. 1.],
  "Velocidade": [ 7.64252858 -1.18265782 -0.21766687  2.32984266  0.84916984]
                [ 0.84916984  0.         -0.95800328 -0.95800328  0.        ],
  "funcao_objetivo": 0.65170187855998870465951376581745214344707416814918,
  "confiabilidade_total": 0.99266854522665530316588820733034160503891395849341
}
 
Individuo 4:
{
  "Posicao": [1. 4. 4. 5. 8.]
             [1. 1. 2. 2. 1.],
  "Velocidade": [ 0.72226015 -0.25046348  0.17196805 -0.5502921  -0.72226015]
                [ 0.          0.36113007 -0.36113007 -0.36113007  0.36113007],
  "funcao_objetivo": 0.87954739160257265031464289991823138527524087740054,
  "confiabilidade_total": 0.99113072493590610125760197520981423415195558382144
}
 
Individuo 5:
{
  "Posicao": [0. 4. 5. 3. 9.]
             [1. 1. 1. 1. 1.],
  "Velocidade": [ 0.48262102  2.04318263  0.         -6.35388662 -0.24131051]
                [ 0.12065526  0.         -3.02612424 -3.02612424  0.        ],
  "funcao_objetivo": 0.95164021262274101812492005850073936949501582202523,
  "confiabilidade_total": 0.95164021262274101812492005850073936949501582202523
}
 
Individuo 6:
{
  "Posicao": [0. 0. 1. 7. 6.]
             [1. 1. 2. 2. 1.],
  "Velocidade": [ 0.         -7.18708869 -4.82757734  0.         -3.47329198]
                [ 0.49618457  0.         -0.49618457 -0.49618457  0.        ],
  "funcao_objetivo": 0.91435695234441244208381692665541320306644064507872,
  "confiabilidade_total": 0.99422361901107922918377656124364418642059189401060
}
 
Individuo 7:
{
  "Posicao": [1. 0. 0. 3. 9.]
             [1. 1. 1. 1. 1.],
  "Velocidade": [  1.07411849 -10.99754845  -9.08406527  -5.76961191   0.6444711 ]
                [ 0.2148237   0.         -3.09962966 -3.09962966  0.        ],
  "funcao_objetivo": 0.96488556618402411211995036832142392572068894112011,
  "confiabilidade_total": 0.96488556618402411211995036832142392572068894112011
}
 
Individuo 8:
{
  "Posicao": [0. 4. 6. 7. 9.]
             [1. 1. 2. 1. 1.],
  "Velocidade": [ 0.          3.331829    2.35613379 -2.35363325  3.77381494]
                [ 0.          0.          0.         -2.35613379  0.        ],
  "funcao_objetivo": 0.96621940945624020346563118419979179724901634842021,
  "confiabilidade_total": 0.96621940945624020346563118419979179724901634842021
}
 
Individuo 9:
{
  "Posicao": [0. 2. 6. 8. 9.]
             [1. 1. 2. 2. 1.],
  "Velocidade": [ 0.44786173 -2.27953344  0.89572346  2.35704065  0.        ]
                [0.         0.         0.22393086 0.         0.        ],
  "funcao_objetivo": 0.90290403252206454682305451214299738047805098286642,
  "confiabilidade_total": 0.99132069918873109310453787528852318054225710621847
}
 
Individuo 10:
{
  "Posicao": [0. 0. 5. 8. 9.]
             [1. 1. 3. 2. 2.],
  "Velocidade": [ 0.         -4.5276677   0.          1.13191692  4.5276677 ]
                [0.         0.         1.13191692 0.         1.13191692],
  "funcao_objetivo": 0.48566069029686579000406668863339104513795905468299,
  "confiabilidade_total": 0.99587735696353221964551908465997070829542212841346
}
 
Individuo 11:
{
  "Posicao": [0. 4. 7. 7. 9.]
             [1. 2. 3. 3. 1.],
  "Velocidade": [-2.31374293  1.79207551  2.86911922  0.          0.        ]
                [0.         0.55537629 0.55537629 0.55537629 0.        ],
  "funcao_objetivo": 0.063324228152766460197017698149440318046169206786595,
  "confiabilidade_total": 0.99919089481943297368251291386784191399629585473581
}
 
Individuo 12:
{
  "Posicao": [0. 3. 6. 7. 9.]
             [1. 1. 2. 2. 1.],
  "Velocidade": [0.12179879 0.76077829 2.94472702 0.12179879 4.47798992]
                [0.12179879 0.         0.12179879 0.12179879 0.        ],
  "funcao_objetivo": 0.91164800554507000710309125661458650839192549931627,
  "confiabilidade_total": 0.99106467221173663603027046224715590042903776514154
}
 
Individuo 13:
{
  "Posicao": [0. 3. 4. 7. 9.]
             [1. 1. 2. 2. 1.],
  "Velocidade": [-1.57500097  2.00949605 -2.99201357  0.          0.        ]
                [-1.4170126  0.         1.4170126  1.4170126  0.       ],
  "funcao_objetivo": 0.81663220966104916225220793710994123818605658577188,
  "confiabilidade_total": 0.99161554299438233366321387227961033920078990028604
}
 
Individuo 14:
{
  "Posicao": [1. 0. 2. 1. 9.]
             [1. 1. 1. 1. 1.],
  "Velocidade": [ 1.16783514 -9.43408511 -3.84814576 -7.69629152 -0.33366718]
                [ 0.16683359  0.         -3.84814576 -3.84814576  0.16683359],
  "funcao_objetivo": 0.96422893490721034549725835782538420454166061858403,
  "confiabilidade_total": 0.96422893490721034549725835782538420454166061858403
}
 
Individuo 15:
{
  "Posicao": [0. 0. 7. 7. 9.]
             [1. 1. 3. 2. 1.],
  "Velocidade": [-7.97956599 -9.52069541  6.31522452  0.          7.97956599]
                [0.         0.         1.66434147 0.         0.        ],
  "funcao_objetivo": 0.67263450338537020567004339813411230517088597483939,
  "confiabilidade_total": 0.99556783671870347240479822761972196695863431163138
}
 
Individuo 16:
{
  "Posicao": [0. 2. 5. 5. 9.]
             [1. 1. 2. 2. 1.],
  "Velocidade": [ 0.10877198 -1.3232767  -0.10877198 -4.3801908   0.10877198]
                [0.         0.         0.10877198 0.         0.        ],
  "funcao_objetivo": 0.98898889094656039776653077457515073717802259429877,
  "confiabilidade_total": 0.99173889094656050212402564238791192281057554587310
}
 
Individuo 17:
{
  "Posicao": [3. 4. 4. 5. 6.]
             [1. 1. 2. 2. 1.],
  "Velocidade": [-2.16222424 -1.92123549  0.94107423  1.88214846  2.16222424]
                [0.         0.         0.66099845 0.         0.        ],
  "funcao_objetivo": 0.79979559590153578558177830428787514985076768693896,
  "confiabilidade_total": 0.99046226256820265860189781461697079658977372941943
}
 
Individuo 18:
{
  "Posicao": [2. 6. 7. 5. 9.]
             [1. 1. 1. 1. 1.],
  "Velocidade": [ 2.06191885  5.82250107  2.61001581 -4.18907219  1.37461257]
                [ 0.34365314  0.         -2.95366895 -2.95366895  0.        ],
  "funcao_objetivo": 0.94115939213335065463035230180734030885199791068792,
  "confiabilidade_total": 0.94115939213335065463035230180734030885199791068792
}
 
Individuo 19:
{
  "Posicao": [0. 0. 5. 7. 9.]
             [1. 1. 2. 2. 1.],
  "Velocidade": [-5.10268787 -4.04903324 -0.1885838   0.          7.18257231]
                [0.1885838 0.        0.        0.1885838 0.       ],
  "funcao_objetivo": 0.98945911501329372590789313116663526260815836438401,
  "confiabilidade_total": 0.99255911501329374878403855356798577803708888539536
}
 
Individuo 20:
{
  "Posicao": [4. 0. 4. 9. 9.]
             [1. 1. 3. 2. 2.],
  "Velocidade": [ 3.70329009 -3.70329009 -1.23443003  2.46886006  2.46886006]
                [0.         0.         1.23443003 0.         1.23443003],
  "funcao_objetivo": -0.013214718006445831626290435336195941556821518225632,
  "confiabilidade_total": 0.99533528199355417041651992997409209282266075106148
}
 
Individuo 21:
{
  "Posicao": [5. 2. 5. 8. 9.]
             [2. 1. 2. 1. 1.],
  "Velocidade": [4.91233943 1.15551241 0.         1.9372544  0.81872324]
                [ 0.81872324  0.          0.         -1.9372544   0.        ],
  "funcao_objetivo": 0.97341627923877976291227052252058878098229964923878,
  "confiabilidade_total": 0.97341627923877976291227052252058878098229964923878
}
 
Individuo 22:
{
  "Posicao": [1. 4. 4. 6. 9.]
             [1. 1. 2. 2. 1.],
  "Velocidade": [ 0.6622243   2.02529997 -2.11062924 -2.11062924 -0.26488972]
                [ 0.          0.          0.         -0.13244486  0.        ],
  "funcao_objetivo": 0.75939399680232830613914707764138345919699078004511,
  "confiabilidade_total": 0.99106066346899482699652317687082448356003170411738
}
 
Individuo 23:
{
  "Posicao": [0. 0. 2. 9. 9.]
             [1. 1. 3. 3. 1.],
  "Velocidade": [-9.58442764 -9.45237632 -6.4979499   9.58442764  2.1659833 ]
                [ 0.        -4.3319666  2.1659833  2.1659833  0.       ],
  "funcao_objetivo": 0.16057619055745089195677687918857852445958583190019,
  "confiabilidade_total": 0.99882619055745066502719064580658166186927287413652
}
 
Individuo 24:
{
  "Posicao": [0. 1. 6. 7. 9.]
             [1. 1. 2. 2. 1.],
  "Velocidade": [-3.53589249 -5.8744328   5.89315415  1.17863083  3.53589249]
                [-1.17863083  0.          1.17863083  1.17863083  0.        ],
  "funcao_objetivo": 0.91855668640929335871268917431827219711643040528409,
  "confiabilidade_total": 0.99192335307595987983096768433462500847902477135770
}
 
Individuo 25:
{
  "Posicao": [0. 0. 7. 7. 9.]
             [2. 1. 2. 2. 1.],
  "Velocidade": [-4.95776524 -3.61854117  2.77037422 -0.2914916   0.58298319]
                [0.58298319 0.         0.2914916  0.2914916  0.        ],
  "funcao_objetivo": 0.60912719095733671334716061530579279970643333330650,
  "confiabilidade_total": 0.99576052429066990343211782467059491064665130510825
}
 
Individuo 26:
{
  "Posicao": [3. 7. 0. 9. 9.]
             [1. 1. 2. 2. 1.],
  "Velocidade": [ 3.08002539  6.61983481 -3.77615531  3.77615531  7.70006347]
                [ 0.          0.          0.         -1.11807131  0.        ],
  "funcao_objetivo": 0.76625689928550777339648777619691219500904726673855,
  "confiabilidade_total": 0.99094023261884100837886410140304480068092989613308
}
 
Individuo 27:
{
  "Posicao": [5. 5. 2. 7. 9.]
             [1. 1. 2. 2. 1.],
  "Velocidade": [-1.97779964 -0.36537988  1.38499419  1.58437748  1.58437748]
                [-0.79218874  0.          0.79218874  0.79218874  0.        ],
  "funcao_objetivo": 0.97693628607405247395742991517839664775371863562488,
  "confiabilidade_total": 0.99051961940738577020468829676223004535265578944110
}
 
Individuo 28:
{
  "Posicao": [6. 0. 6. 7. 9.]
             [1. 1. 2. 3. 1.],
  "Velocidade": [ 6.11735476 -2.26898869  0.36778801  0.          9.78776761]
                [0.         0.         0.         1.22347095 0.        ],
  "funcao_objetivo": 0.66198805262066646606899521639568894072817116589492,
  "confiabilidade_total": 0.99387138595399980181521325658102915524886399121230
}
 
Individuo 29:
{
  "Posicao": [0. 1. 5. 4. 9.]
             [1. 1. 1. 2. 1.],
  "Velocidade": [ 0.11778602 -3.46413425  0.         -5.40435649 -0.10469868]
                [ 0.          0.         -2.67600357  0.          0.        ],
  "funcao_objetivo": 0.97434989947499728434897344656567602008661407673445,
  "confiabilidade_total": 0.97434989947499728434897344656567602008661407673445
}
 
Individuo 30:
{
  "Posicao": [9. 3. 9. 5. 9.]
             [1. 1. 2. 2. 1.],
  "Velocidade": [12.76021636  2.82747661  2.41856924 -0.80618975  1.59502704]
                [ 0.          0.          0.         -0.80618975  0.        ],
  "funcao_objetivo": 0.90595103142593095873951508158671578443471954729378,
  "confiabilidade_total": 0.98730103142593086723493339198131372271899746324837
}
 
Individuo 31:
{
  "Posicao": [0. 0. 4. 7. 9.]
             [1. 1. 2. 2. 1.],
  "Velocidade": [-4.72458688 -4.05224792 -2.36229344  0.          7.07161751]
                [0.         0.01526281 0.01526281 0.01526281 0.        ],
  "funcao_objetivo": 0.79245962508254936758615264079154845775367072281845,
  "confiabilidade_total": 0.99307629174921585253891612364342696481646350083358
}
 
Individuo 32:
{
  "Posicao": [0. 2. 4. 6. 7.]
             [1. 1. 1. 1. 1.],
  "Velocidade": [-0.76910446 -0.81942984  0.80522465  0.80522465  0.07224038]
                [ 0.          0.         -0.73298427 -0.73298427  0.        ],
  "funcao_objetivo": 0.95477999347464342166706172128914758616504833051662,
  "confiabilidade_total": 0.95477999347464342166706172128914758616504833051662
}
 
Individuo 33:
{
  "Posicao": [0. 3. 5. 7. 9.]
             [1. 1. 2. 2. 1.],
  "Velocidade": [ 0.090638    1.26223329 -1.39927505  0.02014178 -0.090638  ]
                [ 0.          0.          0.         -0.01007089  0.        ],
  "funcao_objetivo": 0.99106940050610510791498083666560982779178534100479,
  "confiabilidade_total": 0.99106940050610510791498083666560982779178534100479
}
 
Individuo 34:
{
  "Posicao": [0. 2. 5. 7. 9.]
             [1. 1. 2. 2. 1.],
  "Velocidade": [-6.94469057 -5.23718288  0.          1.34080152  6.94469057]
                [-0.97409534  0.          0.97409534  0.97409534  0.        ],
  "funcao_objetivo": 0.99162916637810066686417181657762895585298909912213,
  "confiabilidade_total": 0.99162916637810066686417181657762895585298909912213
}
 
Individuo 35:
{
  "Posicao": [3. 8. 9. 9. 9.]
             [1. 1. 2. 2. 3.],
  "Velocidade": [ 3.00107982  8.09804811  5.13462474  8.13570456 12.0043193 ]
                [ 0.          0.         -1.06677246 -1.06677246  1.50053991],
  "funcao_objetivo": 0.10965909008973952700587527689616858428229587168080,
  "confiabilidade_total": 0.98825909008973957461223857282288103764762179941518
}
 
Individuo 36:
{
  "Posicao": [2. 4. 7. 9. 9.]
             [1. 1. 3. 3. 1.],
  "Velocidade": [1.91223365 1.41671417 1.91223365 3.82446729 2.86835047]
                [0.         0.         0.95611682 0.95611682 0.        ],
  "funcao_objetivo": 0.25112999639502277468838329645731394675850463892108,
  "confiabilidade_total": 0.99797999639502273303281541252144055006384445215351
}
 
Individuo 37:
{
  "Posicao": [4. 5. 2. 4. 4.]
             [1. 1. 2. 2. 1.],
  "Velocidade": [-1.48039094 -0.18231235  0.93702281  0.39365469  0.78730938]
                [ 0.          0.          0.54336813  0.54336813 -0.54336813],
  "funcao_objetivo": 0.69865958477513833812799322520868805765060965041995,
  "confiabilidade_total": 0.99190958477513829327498303035236382453589025955081
}
 
Individuo 38:
{
  "Posicao": [0. 0. 5. 8. 9.]
             [1. 1. 2. 2. 1.],
  "Velocidade": [-1.4734146  -6.96476619  1.4734146   4.35896256  1.4734146 ]
                [ 0.         0.         1.4734146  1.4734146 -1.4734146],
  "funcao_objetivo": 0.99230854116747322038369407338563018194105829332970,
  "confiabilidade_total": 0.99230854116747322038369407338563018194105829332970
}
 
Individuo 39:
{
  "Posicao": [2. 0. 9. 6. 8.]
             [1. 1. 1. 1. 2.],
  "Velocidade": [ 2.41634956 -6.7483004   4.94970032 -0.60408739 -0.60408739]
                [ 0.          0.         -0.60408739 -0.60408739  1.20817478],
  "funcao_objetivo": 0.95513848223305191707604289016614841132786564522642,
  "confiabilidade_total": 0.95513848223305191707604289016614841132786564522642
}
 
Individuo 40:
{
  "Posicao": [0. 1. 4. 6. 9.]
             [1. 1. 3. 3. 1.],
  "Velocidade": [-2.36877008 -1.93520422 -2.36877008 -2.36877008  8.62816013]
                [ 0.          0.          2.36877008  2.36877008 -2.36877008],
  "funcao_objetivo": 0.15255107694781017482442194342232196291670684660058,
  "confiabilidade_total": 0.99876774361447679187152089617532564958319549406151
}
 
Individuo 41:
{
  "Posicao": [0. 4. 8. 8. 9.]
             [1. 1. 1. 1. 2.],
  "Velocidade": [0.25951156 3.46396347 4.87811292 2.43905646 0.51902311]
                [ 0.          0.         -2.43905646 -2.43905646  0.51902311],
  "funcao_objetivo": 0.95183322110051242733945306712104881366551075315093,
  "confiabilidade_total": 0.95183322110051242733945306712104881366551075315093
}
 
Individuo 42:
{
  "Posicao": [2. 7. 0. 9. 7.]
             [1. 1. 1. 1. 1.],
  "Velocidade": [ 2.08987076  5.58532674 -9.81466821  3.34895869 -2.08987076]
                [ 0.          0.         -3.11675083 -3.11675083  0.23220786],
  "funcao_objetivo": 0.94759731828472085025402202765900274343403937915454,
  "confiabilidade_total": 0.94759731828472085025402202765900274343403937915454
}
 
Individuo 43:
{
  "Posicao": [0. 0. 2. 7. 9.]
             [1. 1. 3. 3. 2.],
  "Velocidade": [-3.2641805  -5.20861034 -3.92405584  0.          3.92405584]
                [0.         0.         0.65987533 0.65987533 0.65987533],
  "funcao_objetivo": 0.024568053522200122571790580636665778946947005343898,
  "confiabilidade_total": 0.99913472018886670373648137750461007912166014010952
}
 
Individuo 44:
{
  "Posicao": [1. 4. 4. 6. 8.]
             [1. 1. 2. 2. 1.],
  "Velocidade": [-2.31958661 -4.33631316  2.31958661  2.16815658  2.31958661]
                [0.         0.         0.72271886 0.72271886 0.        ],
  "funcao_objetivo": 0.79137450263843846601303663855742975881605383718810,
  "confiabilidade_total": 0.99112450263843844913764666425505034437685248220763
}
 
Individuo 45:
{
  "Posicao": [0. 0. 6. 9. 9.]
             [1. 1. 3. 3. 1.],
  "Velocidade": [-3.18958572 -4.64512073  0.53061586  3.18958572  0.53061586]
                [0.         0.         0.53061586 0.53061586 0.        ],
  "funcao_objetivo": 0.14162397341242550510207443764817393647203373011531,
  "confiabilidade_total": 0.99852397341242516706136789978051050828466342982234
}
 
Individuo 46:
{
  "Posicao": [9. 2. 6. 9. 9.]
             [1. 1. 3. 3. 2.],
  "Velocidade": [12.33305397  1.6236555  -0.41387832  0.5425827   2.74067866]
                [ 0.          0.         -0.41387832 -0.41387832  1.37033933],
  "funcao_objetivo": -0.14571068184866218951735222564366270033953614385915,
  "confiabilidade_total": 0.99810598481800429217135556481025557787777952996897
}
 
Individuo 47:
{
  "Posicao": [0. 0. 3. 9. 9.]
             [1. 1. 3. 3. 1.],
  "Velocidade": [-11.89285813  -9.4845763   -4.04951381   4.04951381   5.94642907]
                [ 0.          0.          1.89691526  1.89691526 -2.15259855],
  "funcao_objetivo": 0.10024240744802027416705050951184335067937892454312,
  "confiabilidade_total": 0.99869240744801996747904218705860062405536693113492
}
 
Individuo 48:
{
  "Posicao": [0. 2. 4. 7. 9.]
             [1. 1. 2. 2. 1.],
  "Velocidade": [-8.16756959 -1.35768598 -4.08378479 -1.3612616  10.89009279]
                [0.        0.        1.3612616 1.3612616 0.       ],
  "funcao_objetivo": 0.83724775820848539330295525148937013146686723973260,
  "confiabilidade_total": 0.99216442487515217038592764639712622884880176331506
}
 
Individuo 49:
{
  "Posicao": [0. 0. 2. 9. 9.]
             [1. 1. 2. 2. 1.],
  "Velocidade": [-8.06277018 -8.92359129 -4.03138509  4.52279555  3.53997463]
                [0.         0.         0.49141046 0.49141046 0.        ],
  "funcao_objetivo": 0.77051699596409681138108466242380576481845945075823,
  "confiabilidade_total": 0.99313366263076332975156118649289613863256543830706
}
 
Individuo 50:
{
  "Posicao": [6. 2. 6. 7. 9.]
             [1. 1. 1. 1. 1.],
  "Velocidade": [6.29971533 0.92721163 2.59892888 0.         0.        ]
                [ 0.          0.         -1.69319665 -1.69319665  0.        ],
  "funcao_objetivo": 0.94114071120537794111643069572763759640519072190005,
  "confiabilidade_total": 0.94114071120537794111643069572763759640519072190005
}
 
-----------------------------------------
-----------------------------------------
-----------------------------------------
-----------------------------------------
GERACAO 3
Populacao antes da execucao:
Individuo 1:
{
  "Posicao": [0. 2. 5. 7. 9.]
             [1. 1. 2. 2. 1.],
  "Velocidade": [ 0.         -0.94256733  0.          0.          0.        ]
                [0. 0. 0. 0. 0.],
  "funcao_objetivo": 0.99162916637810066686417181657762895585298909912213,
  "confiabilidade_total": 0.99162916637810066686417181657762895585298909912213
}
 
Individuo 2:
{
  "Posicao": [0. 2. 5. 7. 9.]
             [1. 1. 2. 2. 1.],
  "Velocidade": [-1.01905918  0.25933485  0.          0.77170491 -0.49470854]
                [ 0.          0.          0.         -0.24735427  0.24735427],
  "funcao_objetivo": 0.99162916637810066686417181657762895585298909912213,
  "confiabilidade_total": 0.99162916637810066686417181657762895585298909912213
}
 
Individuo 3:
{
  "Posicao": [8. 3. 7. 9. 9.]
             [2. 1. 2. 2. 1.],
  "Velocidade": [ 7.64252858 -1.18265782 -0.21766687  2.32984266  0.84916984]
                [ 0.84916984  0.         -0.95800328 -0.95800328  0.        ],
  "funcao_objetivo": 0.65170187855998870465951376581745214344707416814918,
  "confiabilidade_total": 0.99266854522665530316588820733034160503891395849341
}
 
Individuo 4:
{
  "Posicao": [1. 4. 4. 5. 8.]
             [1. 1. 2. 2. 1.],
  "Velocidade": [ 0.72226015 -0.25046348  0.17196805 -0.5502921  -0.72226015]
                [ 0.          0.36113007 -0.36113007 -0.36113007  0.36113007],
  "funcao_objetivo": 0.87954739160257265031464289991823138527524087740054,
  "confiabilidade_total": 0.99113072493590610125760197520981423415195558382144
}
 
Individuo 5:
{
  "Posicao": [0. 4. 5. 3. 9.]
             [1. 1. 1. 1. 1.],
  "Velocidade": [ 0.48262102  2.04318263  0.         -6.35388662 -0.24131051]
                [ 0.12065526  0.         -3.02612424 -3.02612424  0.        ],
  "funcao_objetivo": 0.95164021262274101812492005850073936949501582202523,
  "confiabilidade_total": 0.95164021262274101812492005850073936949501582202523
}
 
Individuo 6:
{
  "Posicao": [0. 0. 1. 7. 6.]
             [1. 1. 2. 2. 1.],
  "Velocidade": [ 0.         -7.18708869 -4.82757734  0.         -3.47329198]
                [ 0.49618457  0.         -0.49618457 -0.49618457  0.        ],
  "funcao_objetivo": 0.91435695234441244208381692665541320306644064507872,
  "confiabilidade_total": 0.99422361901107922918377656124364418642059189401060
}
 
Individuo 7:
{
  "Posicao": [1. 0. 0. 3. 9.]
             [1. 1. 1. 1. 1.],
  "Velocidade": [  1.07411849 -10.99754845  -9.08406527  -5.76961191   0.6444711 ]
                [ 0.2148237   0.         -3.09962966 -3.09962966  0.        ],
  "funcao_objetivo": 0.96488556618402411211995036832142392572068894112011,
  "confiabilidade_total": 0.96488556618402411211995036832142392572068894112011
}
 
Individuo 8:
{
  "Posicao": [0. 4. 6. 7. 9.]
             [1. 1. 2. 1. 1.],
  "Velocidade": [ 0.          3.331829    2.35613379 -2.35363325  3.77381494]
                [ 0.          0.          0.         -2.35613379  0.        ],
  "funcao_objetivo": 0.96621940945624020346563118419979179724901634842021,
  "confiabilidade_total": 0.96621940945624020346563118419979179724901634842021
}
 
Individuo 9:
{
  "Posicao": [0. 2. 6. 8. 9.]
             [1. 1. 2. 2. 1.],
  "Velocidade": [ 0.44786173 -2.27953344  0.89572346  2.35704065  0.        ]
                [0.         0.         0.22393086 0.         0.        ],
  "funcao_objetivo": 0.90290403252206454682305451214299738047805098286642,
  "confiabilidade_total": 0.99132069918873109310453787528852318054225710621847
}
 
Individuo 10:
{
  "Posicao": [0. 0. 5. 8. 9.]
             [1. 1. 3. 2. 2.],
  "Velocidade": [ 0.         -4.5276677   0.          1.13191692  4.5276677 ]
                [0.         0.         1.13191692 0.         1.13191692],
  "funcao_objetivo": 0.48566069029686579000406668863339104513795905468299,
  "confiabilidade_total": 0.99587735696353221964551908465997070829542212841346
}
 
Individuo 11:
{
  "Posicao": [0. 4. 7. 7. 9.]
             [1. 2. 3. 3. 1.],
  "Velocidade": [-2.31374293  1.79207551  2.86911922  0.          0.        ]
                [0.         0.55537629 0.55537629 0.55537629 0.        ],
  "funcao_objetivo": 0.063324228152766460197017698149440318046169206786595,
  "confiabilidade_total": 0.99919089481943297368251291386784191399629585473581
}
 
Individuo 12:
{
  "Posicao": [0. 3. 6. 7. 9.]
             [1. 1. 2. 2. 1.],
  "Velocidade": [0.12179879 0.76077829 2.94472702 0.12179879 4.47798992]
                [0.12179879 0.         0.12179879 0.12179879 0.        ],
  "funcao_objetivo": 0.91164800554507000710309125661458650839192549931627,
  "confiabilidade_total": 0.99106467221173663603027046224715590042903776514154
}
 
Individuo 13:
{
  "Posicao": [0. 3. 4. 7. 9.]
             [1. 1. 2. 2. 1.],
  "Velocidade": [-1.57500097  2.00949605 -2.99201357  0.          0.        ]
                [-1.4170126  0.         1.4170126  1.4170126  0.       ],
  "funcao_objetivo": 0.81663220966104916225220793710994123818605658577188,
  "confiabilidade_total": 0.99161554299438233366321387227961033920078990028604
}
 
Individuo 14:
{
  "Posicao": [1. 0. 2. 1. 9.]
             [1. 1. 1. 1. 1.],
  "Velocidade": [ 1.16783514 -9.43408511 -3.84814576 -7.69629152 -0.33366718]
                [ 0.16683359  0.         -3.84814576 -3.84814576  0.16683359],
  "funcao_objetivo": 0.96422893490721034549725835782538420454166061858403,
  "confiabilidade_total": 0.96422893490721034549725835782538420454166061858403
}
 
Individuo 15:
{
  "Posicao": [0. 0. 7. 7. 9.]
             [1. 1. 3. 2. 1.],
  "Velocidade": [-7.97956599 -9.52069541  6.31522452  0.          7.97956599]
                [0.         0.         1.66434147 0.         0.        ],
  "funcao_objetivo": 0.67263450338537020567004339813411230517088597483939,
  "confiabilidade_total": 0.99556783671870347240479822761972196695863431163138
}
 
Individuo 16:
{
  "Posicao": [0. 2. 5. 5. 9.]
             [1. 1. 2. 2. 1.],
  "Velocidade": [ 0.10877198 -1.3232767  -0.10877198 -4.3801908   0.10877198]
                [0.         0.         0.10877198 0.         0.        ],
  "funcao_objetivo": 0.98898889094656039776653077457515073717802259429877,
  "confiabilidade_total": 0.99173889094656050212402564238791192281057554587310
}
 
Individuo 17:
{
  "Posicao": [3. 4. 4. 5. 6.]
             [1. 1. 2. 2. 1.],
  "Velocidade": [-2.16222424 -1.92123549  0.94107423  1.88214846  2.16222424]
                [0.         0.         0.66099845 0.         0.        ],
  "funcao_objetivo": 0.79979559590153578558177830428787514985076768693896,
  "confiabilidade_total": 0.99046226256820265860189781461697079658977372941943
}
 
Individuo 18:
{
  "Posicao": [2. 6. 7. 5. 9.]
             [1. 1. 1. 1. 1.],
  "Velocidade": [ 2.06191885  5.82250107  2.61001581 -4.18907219  1.37461257]
                [ 0.34365314  0.         -2.95366895 -2.95366895  0.        ],
  "funcao_objetivo": 0.94115939213335065463035230180734030885199791068792,
  "confiabilidade_total": 0.94115939213335065463035230180734030885199791068792
}
 
Individuo 19:
{
  "Posicao": [0. 0. 5. 7. 9.]
             [1. 1. 2. 2. 1.],
  "Velocidade": [-5.10268787 -4.04903324 -0.1885838   0.          7.18257231]
                [0.1885838 0.        0.        0.1885838 0.       ],
  "funcao_objetivo": 0.98945911501329372590789313116663526260815836438401,
  "confiabilidade_total": 0.99255911501329374878403855356798577803708888539536
}
 
Individuo 20:
{
  "Posicao": [4. 0. 4. 9. 9.]
             [1. 1. 3. 2. 2.],
  "Velocidade": [ 3.70329009 -3.70329009 -1.23443003  2.46886006  2.46886006]
                [0.         0.         1.23443003 0.         1.23443003],
  "funcao_objetivo": -0.013214718006445831626290435336195941556821518225632,
  "confiabilidade_total": 0.99533528199355417041651992997409209282266075106148
}
 
Individuo 21:
{
  "Posicao": [5. 2. 5. 8. 9.]
             [2. 1. 2. 1. 1.],
  "Velocidade": [4.91233943 1.15551241 0.         1.9372544  0.81872324]
                [ 0.81872324  0.          0.         -1.9372544   0.        ],
  "funcao_objetivo": 0.97341627923877976291227052252058878098229964923878,
  "confiabilidade_total": 0.97341627923877976291227052252058878098229964923878
}
 
Individuo 22:
{
  "Posicao": [1. 4. 4. 6. 9.]
             [1. 1. 2. 2. 1.],
  "Velocidade": [ 0.6622243   2.02529997 -2.11062924 -2.11062924 -0.26488972]
                [ 0.          0.          0.         -0.13244486  0.        ],
  "funcao_objetivo": 0.75939399680232830613914707764138345919699078004511,
  "confiabilidade_total": 0.99106066346899482699652317687082448356003170411738
}
 
Individuo 23:
{
  "Posicao": [0. 0. 2. 9. 9.]
             [1. 1. 3. 3. 1.],
  "Velocidade": [-9.58442764 -9.45237632 -6.4979499   9.58442764  2.1659833 ]
                [ 0.        -4.3319666  2.1659833  2.1659833  0.       ],
  "funcao_objetivo": 0.16057619055745089195677687918857852445958583190019,
  "confiabilidade_total": 0.99882619055745066502719064580658166186927287413652
}
 
Individuo 24:
{
  "Posicao": [0. 1. 6. 7. 9.]
             [1. 1. 2. 2. 1.],
  "Velocidade": [-3.53589249 -5.8744328   5.89315415  1.17863083  3.53589249]
                [-1.17863083  0.          1.17863083  1.17863083  0.        ],
  "funcao_objetivo": 0.91855668640929335871268917431827219711643040528409,
  "confiabilidade_total": 0.99192335307595987983096768433462500847902477135770
}
 
Individuo 25:
{
  "Posicao": [0. 0. 7. 7. 9.]
             [2. 1. 2. 2. 1.],
  "Velocidade": [-4.95776524 -3.61854117  2.77037422 -0.2914916   0.58298319]
                [0.58298319 0.         0.2914916  0.2914916  0.        ],
  "funcao_objetivo": 0.60912719095733671334716061530579279970643333330650,
  "confiabilidade_total": 0.99576052429066990343211782467059491064665130510825
}
 
Individuo 26:
{
  "Posicao": [3. 7. 0. 9. 9.]
             [1. 1. 2. 2. 1.],
  "Velocidade": [ 3.08002539  6.61983481 -3.77615531  3.77615531  7.70006347]
                [ 0.          0.          0.         -1.11807131  0.        ],
  "funcao_objetivo": 0.76625689928550777339648777619691219500904726673855,
  "confiabilidade_total": 0.99094023261884100837886410140304480068092989613308
}
 
Individuo 27:
{
  "Posicao": [5. 5. 2. 7. 9.]
             [1. 1. 2. 2. 1.],
  "Velocidade": [-1.97779964 -0.36537988  1.38499419  1.58437748  1.58437748]
                [-0.79218874  0.          0.79218874  0.79218874  0.        ],
  "funcao_objetivo": 0.97693628607405247395742991517839664775371863562488,
  "confiabilidade_total": 0.99051961940738577020468829676223004535265578944110
}
 
Individuo 28:
{
  "Posicao": [6. 0. 6. 7. 9.]
             [1. 1. 2. 3. 1.],
  "Velocidade": [ 6.11735476 -2.26898869  0.36778801  0.          9.78776761]
                [0.         0.         0.         1.22347095 0.        ],
  "funcao_objetivo": 0.66198805262066646606899521639568894072817116589492,
  "confiabilidade_total": 0.99387138595399980181521325658102915524886399121230
}
 
Individuo 29:
{
  "Posicao": [0. 1. 5. 4. 9.]
             [1. 1. 1. 2. 1.],
  "Velocidade": [ 0.11778602 -3.46413425  0.         -5.40435649 -0.10469868]
                [ 0.          0.         -2.67600357  0.          0.        ],
  "funcao_objetivo": 0.97434989947499728434897344656567602008661407673445,
  "confiabilidade_total": 0.97434989947499728434897344656567602008661407673445
}
 
Individuo 30:
{
  "Posicao": [9. 3. 9. 5. 9.]
             [1. 1. 2. 2. 1.],
  "Velocidade": [12.76021636  2.82747661  2.41856924 -0.80618975  1.59502704]
                [ 0.          0.          0.         -0.80618975  0.        ],
  "funcao_objetivo": 0.90595103142593095873951508158671578443471954729378,
  "confiabilidade_total": 0.98730103142593086723493339198131372271899746324837
}
 
Individuo 31:
{
  "Posicao": [0. 0. 4. 7. 9.]
             [1. 1. 2. 2. 1.],
  "Velocidade": [-4.72458688 -4.05224792 -2.36229344  0.          7.07161751]
                [0.         0.01526281 0.01526281 0.01526281 0.        ],
  "funcao_objetivo": 0.79245962508254936758615264079154845775367072281845,
  "confiabilidade_total": 0.99307629174921585253891612364342696481646350083358
}
 
Individuo 32:
{
  "Posicao": [0. 2. 4. 6. 7.]
             [1. 1. 1. 1. 1.],
  "Velocidade": [-0.76910446 -0.81942984  0.80522465  0.80522465  0.07224038]
                [ 0.          0.         -0.73298427 -0.73298427  0.        ],
  "funcao_objetivo": 0.95477999347464342166706172128914758616504833051662,
  "confiabilidade_total": 0.95477999347464342166706172128914758616504833051662
}
 
Individuo 33:
{
  "Posicao": [0. 3. 5. 7. 9.]
             [1. 1. 2. 2. 1.],
  "Velocidade": [ 0.090638    1.26223329 -1.39927505  0.02014178 -0.090638  ]
                [ 0.          0.          0.         -0.01007089  0.        ],
  "funcao_objetivo": 0.99106940050610510791498083666560982779178534100479,
  "confiabilidade_total": 0.99106940050610510791498083666560982779178534100479
}
 
Individuo 34:
{
  "Posicao": [0. 2. 5. 7. 9.]
             [1. 1. 2. 2. 1.],
  "Velocidade": [-6.94469057 -5.23718288  0.          1.34080152  6.94469057]
                [-0.97409534  0.          0.97409534  0.97409534  0.        ],
  "funcao_objetivo": 0.99162916637810066686417181657762895585298909912213,
  "confiabilidade_total": 0.99162916637810066686417181657762895585298909912213
}
 
Individuo 35:
{
  "Posicao": [3. 8. 9. 9. 9.]
             [1. 1. 2. 2. 3.],
  "Velocidade": [ 3.00107982  8.09804811  5.13462474  8.13570456 12.0043193 ]
                [ 0.          0.         -1.06677246 -1.06677246  1.50053991],
  "funcao_objetivo": 0.10965909008973952700587527689616858428229587168080,
  "confiabilidade_total": 0.98825909008973957461223857282288103764762179941518
}
 
Individuo 36:
{
  "Posicao": [2. 4. 7. 9. 9.]
             [1. 1. 3. 3. 1.],
  "Velocidade": [1.91223365 1.41671417 1.91223365 3.82446729 2.86835047]
                [0.         0.         0.95611682 0.95611682 0.        ],
  "funcao_objetivo": 0.25112999639502277468838329645731394675850463892108,
  "confiabilidade_total": 0.99797999639502273303281541252144055006384445215351
}
 
Individuo 37:
{
  "Posicao": [4. 5. 2. 4. 4.]
             [1. 1. 2. 2. 1.],
  "Velocidade": [-1.48039094 -0.18231235  0.93702281  0.39365469  0.78730938]
                [ 0.          0.          0.54336813  0.54336813 -0.54336813],
  "funcao_objetivo": 0.69865958477513833812799322520868805765060965041995,
  "confiabilidade_total": 0.99190958477513829327498303035236382453589025955081
}
 
Individuo 38:
{
  "Posicao": [0. 0. 5. 8. 9.]
             [1. 1. 2. 2. 1.],
  "Velocidade": [-1.4734146  -6.96476619  1.4734146   4.35896256  1.4734146 ]
                [ 0.         0.         1.4734146  1.4734146 -1.4734146],
  "funcao_objetivo": 0.99230854116747322038369407338563018194105829332970,
  "confiabilidade_total": 0.99230854116747322038369407338563018194105829332970
}
 
Individuo 39:
{
  "Posicao": [2. 0. 9. 6. 8.]
             [1. 1. 1. 1. 2.],
  "Velocidade": [ 2.41634956 -6.7483004   4.94970032 -0.60408739 -0.60408739]
                [ 0.          0.         -0.60408739 -0.60408739  1.20817478],
  "funcao_objetivo": 0.95513848223305191707604289016614841132786564522642,
  "confiabilidade_total": 0.95513848223305191707604289016614841132786564522642
}
 
Individuo 40:
{
  "Posicao": [0. 1. 4. 6. 9.]
             [1. 1. 3. 3. 1.],
  "Velocidade": [-2.36877008 -1.93520422 -2.36877008 -2.36877008  8.62816013]
                [ 0.          0.          2.36877008  2.36877008 -2.36877008],
  "funcao_objetivo": 0.15255107694781017482442194342232196291670684660058,
  "confiabilidade_total": 0.99876774361447679187152089617532564958319549406151
}
 
Individuo 41:
{
  "Posicao": [0. 4. 8. 8. 9.]
             [1. 1. 1. 1. 2.],
  "Velocidade": [0.25951156 3.46396347 4.87811292 2.43905646 0.51902311]
                [ 0.          0.         -2.43905646 -2.43905646  0.51902311],
  "funcao_objetivo": 0.95183322110051242733945306712104881366551075315093,
  "confiabilidade_total": 0.95183322110051242733945306712104881366551075315093
}
 
Individuo 42:
{
  "Posicao": [2. 7. 0. 9. 7.]
             [1. 1. 1. 1. 1.],
  "Velocidade": [ 2.08987076  5.58532674 -9.81466821  3.34895869 -2.08987076]
                [ 0.          0.         -3.11675083 -3.11675083  0.23220786],
  "funcao_objetivo": 0.94759731828472085025402202765900274343403937915454,
  "confiabilidade_total": 0.94759731828472085025402202765900274343403937915454
}
 
Individuo 43:
{
  "Posicao": [0. 0. 2. 7. 9.]
             [1. 1. 3. 3. 2.],
  "Velocidade": [-3.2641805  -5.20861034 -3.92405584  0.          3.92405584]
                [0.         0.         0.65987533 0.65987533 0.65987533],
  "funcao_objetivo": 0.024568053522200122571790580636665778946947005343898,
  "confiabilidade_total": 0.99913472018886670373648137750461007912166014010952
}
 
Individuo 44:
{
  "Posicao": [1. 4. 4. 6. 8.]
             [1. 1. 2. 2. 1.],
  "Velocidade": [-2.31958661 -4.33631316  2.31958661  2.16815658  2.31958661]
                [0.         0.         0.72271886 0.72271886 0.        ],
  "funcao_objetivo": 0.79137450263843846601303663855742975881605383718810,
  "confiabilidade_total": 0.99112450263843844913764666425505034437685248220763
}
 
Individuo 45:
{
  "Posicao": [0. 0. 6. 9. 9.]
             [1. 1. 3. 3. 1.],
  "Velocidade": [-3.18958572 -4.64512073  0.53061586  3.18958572  0.53061586]
                [0.         0.         0.53061586 0.53061586 0.        ],
  "funcao_objetivo": 0.14162397341242550510207443764817393647203373011531,
  "confiabilidade_total": 0.99852397341242516706136789978051050828466342982234
}
 
Individuo 46:
{
  "Posicao": [9. 2. 6. 9. 9.]
             [1. 1. 3. 3. 2.],
  "Velocidade": [12.33305397  1.6236555  -0.41387832  0.5425827   2.74067866]
                [ 0.          0.         -0.41387832 -0.41387832  1.37033933],
  "funcao_objetivo": -0.14571068184866218951735222564366270033953614385915,
  "confiabilidade_total": 0.99810598481800429217135556481025557787777952996897
}
 
Individuo 47:
{
  "Posicao": [0. 0. 3. 9. 9.]
             [1. 1. 3. 3. 1.],
  "Velocidade": [-11.89285813  -9.4845763   -4.04951381   4.04951381   5.94642907]
                [ 0.          0.          1.89691526  1.89691526 -2.15259855],
  "funcao_objetivo": 0.10024240744802027416705050951184335067937892454312,
  "confiabilidade_total": 0.99869240744801996747904218705860062405536693113492
}
 
Individuo 48:
{
  "Posicao": [0. 2. 4. 7. 9.]
             [1. 1. 2. 2. 1.],
  "Velocidade": [-8.16756959 -1.35768598 -4.08378479 -1.3612616  10.89009279]
                [0.        0.        1.3612616 1.3612616 0.       ],
  "funcao_objetivo": 0.83724775820848539330295525148937013146686723973260,
  "confiabilidade_total": 0.99216442487515217038592764639712622884880176331506
}
 
Individuo 49:
{
  "Posicao": [0. 0. 2. 9. 9.]
             [1. 1. 2. 2. 1.],
  "Velocidade": [-8.06277018 -8.92359129 -4.03138509  4.52279555  3.53997463]
                [0.         0.         0.49141046 0.49141046 0.        ],
  "funcao_objetivo": 0.77051699596409681138108466242380576481845945075823,
  "confiabilidade_total": 0.99313366263076332975156118649289613863256543830706
}
 
Individuo 50:
{
  "Posicao": [6. 2. 6. 7. 9.]
             [1. 1. 1. 1. 1.],
  "Velocidade": [6.29971533 0.92721163 2.59892888 0.         0.        ]
                [ 0.          0.         -1.69319665 -1.69319665  0.        ],
  "funcao_objetivo": 0.94114071120537794111643069572763759640519072190005,
  "confiabilidade_total": 0.94114071120537794111643069572763759640519072190005
}
 
-----------------------------------------
Populacao final da era:
Individuo 1:
{
  "Posicao": [0. 0. 5. 9. 9.]
             [1. 1. 2. 2. 1.],
  "Velocidade": [ 0.         -4.35862713  0.          1.71740845  0.        ]
                [0. 0. 0. 0. 0.],
  "funcao_objetivo": 0.88616243678995949243520955834684797464334271323701,
  "confiabilidade_total": 0.99184577012329281601338324864047250612103245627900
}
 
Individuo 2:
{
  "Posicao": [1. 1. 5. 8. 9.]
             [1. 1. 2. 2. 1.],
  "Velocidade": [ 0.9987799  -0.82759913  0.          1.29723459 -0.48486384]
                [ 0.          0.          0.         -0.24243192  0.24243192],
  "funcao_objetivo": 0.99101918690717091533033430042104075302474978063918,
  "confiabilidade_total": 0.99101918690717091533033430042104075302474978063918
}
 
Individuo 3:
{
  "Posicao": [6. 0. 2. 7. 9.]
             [2. 1. 1. 1. 1.],
  "Velocidade": [-1.90136104 -5.4208562  -4.50814675 -1.73291313  0.52077366]
                [-0.38064126  0.         -1.25043671 -1.25043671  0.        ],
  "funcao_objetivo": 0.97429497657722966046204525859785807305172851840703,
  "confiabilidade_total": 0.97429497657722966046204525859785807305172851840703
}
 
Individuo 4:
{
  "Posicao": [2. 5. 0. 1. 7.]
             [1. 3. 1. 1. 3.],
  "Velocidade": [ 1.01619826  0.9877651  -4.23354465 -3.51116428 -1.01619826]
                [ 0.          2.40083331 -2.40083331 -2.40083331  2.40083331],
  "funcao_objetivo": 0.59517245143731028955923009448507271548785636803158,
  "confiabilidade_total": 0.98433911810397700581585852774206485441007087608822
}
 
Individuo 5:
{
  "Posicao": [9. 1. 5. 0. 3.]
             [3. 1. 3. 3. 1.],
  "Velocidade": [11.37802103 -2.65952959  0.         -4.48925472 -5.68901052]
                [2.84450526 0.         1.80039114 1.80039114 0.        ],
  "funcao_objetivo": -0.26456371947925835749192476072451186206020907897640,
  "confiabilidade_total": 0.99970294718740840326244249950875441704116268616032
}
 
Individuo 6:
{
  "Posicao": [0. 7. 1. 8. 0.]
             [3. 1. 1. 1. 1.],
  "Velocidade": [ 0.          7.04406563 -0.28562777  0.54809022 -6.26694262]
                [ 1.61307045  0.         -1.61307045 -1.61307045  0.        ],
  "funcao_objetivo": 0.82746364738657900720327458239287773221854313912264,
  "confiabilidade_total": 0.96718031405324559349719575302904524915043458046786
}
 
Individuo 7:
{
  "Posicao": [7. 9. 6. 0. 6.]
             [3. 1. 3. 3. 1.],
  "Velocidade": [ 6.01482516 10.77869723  6.08863392 -4.15561755 -3.31479196]
                [1.52602807 0.         2.73811121 2.73811121 0.        ],
  "funcao_objetivo": -0.28287861033483278382941081515667963889220464273498,
  "confiabilidade_total": 0.99957138966516752809885018352730195853134882406190
}
 
Individuo 8:
{
  "Posicao": [0. 1. 7. 0. 3.]
             [1. 1. 2. 2. 1.],
  "Velocidade": [ 0.         -2.59070618  0.53808683 -9.1344908  -6.12854656]
                [0.         0.         0.         0.53808683 0.        ],
  "funcao_objetivo": 0.86914957167806708306617253628138309883904841544808,
  "confiabilidade_total": 0.99454957167806714309593147776359723954481270911874
}
 
Individuo 9:
{
  "Posicao": [2. 1. 2. 5. 9.]
             [1. 1. 2. 2. 1.],
  "Velocidade": [ 1.81155318 -0.69015748 -4.18366141 -3.18028008  0.        ]
                [ 0.          0.         -0.46682731  0.          0.        ],
  "funcao_objetivo": 0.87472172961834380339776183827816416128762373303538,
  "confiabilidade_total": 0.99272172961834376942493728474837402432449468945628
}
 
Individuo 10:
{
  "Posicao": [0. 4. 5. 9. 9.]
             [1. 1. 3. 2. 2.],
  "Velocidade": [0.         4.10157465 0.         0.94139555 4.43756711]
                [ 0.          0.         -0.15273616  0.          0.15273616],
  "funcao_objetivo": 0.32260382848881137508767675230301141538586053094098,
  "confiabilidade_total": 0.99375382848881139942376545208644278147186669549177
}
 
Individuo 11:
{
  "Posicao": [1. 0. 0. 9. 9.]
             [1. 1. 1. 1. 1.],
  "Velocidade": [  0.83012601 -11.70036299  -8.56310254   1.81528132   0.        ]
                [ 0.         -1.27095702 -4.36878248 -4.36878248  0.        ],
  "funcao_objetivo": 0.96057682745557964323023887477694181310321460758719,
  "confiabilidade_total": 0.96057682745557964323023887477694181310321460758719
}
 
Individuo 12:
{
  "Posicao": [1. 0. 4. 8. 9.]
             [2. 1. 2. 2. 1.],
  "Velocidade": [ 0.59851419 -4.81029578 -1.5212603   1.17278786  0.55576434]
                [ 0.59851419  0.         -0.3597642  -0.3597642   0.        ],
  "funcao_objetivo": 0.55092839281188339322104259995188938715561398677686,
  "confiabilidade_total": 0.99556172614521671808707499881069550552471646480420
}
 
Individuo 13:
{
  "Posicao": [1. 0. 8. 9. 9.]
             [1. 1. 2. 2. 1.],
  "Velocidade": [ 1.0748058  -7.96455616  4.3065783   2.00212228  0.        ]
                [0.07958192 0.         0.07958192 0.07958192 0.        ],
  "funcao_objetivo": 0.85851920446236448052014949240372278579556130863328,
  "confiabilidade_total": 0.99081920446236446757494902527439752445601605869432
}
 
Individuo 14:
{
  "Posicao": [9. 8. 2. 1. 6.]
             [2. 1. 3. 3. 2.],
  "Velocidade": [ 8.69496119  7.94001631 -0.29605542 -0.30449377 -2.93968822]
                [1.46984411 0.         3.48395059 3.48395059 1.46984411],
  "funcao_objetivo": -0.24712836850635284531217599826761042525360622171629,
  "confiabilidade_total": 0.99952163149364735710368585139093002478291950460207
}
 
Individuo 15:
{
  "Posicao": [4. 3. 7. 8. 9.]
             [1. 1. 2. 2. 1.],
  "Velocidade": [ 3.84501971  3.3676042  -0.26062106  0.90589711  3.84501971]
                [ 0.        0.       -0.599927  0.        0.      ],
  "funcao_objetivo": 0.97236146914314770692449227914285956317618719009012,
  "confiabilidade_total": 0.98901146914314765041552810450317310128886482385248
}
 
Individuo 16:
{
  "Posicao": [0. 0. 5. 3. 9.]
             [1. 1. 2. 2. 1.],
  "Velocidade": [ 0.10660742 -3.06984791 -0.10660742 -1.63366836  0.10660742]
                [0.         0.         0.10660742 0.         0.        ],
  "funcao_objetivo": 0.88741554644505902342329949238649549414686098547084,
  "confiabilidade_total": 0.99333221311172575178135889405769392368666067571742
}
 
Individuo 17:
{
  "Posicao": [4. 4. 4. 4. 5.]
             [1. 1. 2. 2. 1.],
  "Velocidade": [ 1.065223   -0.02801739 -0.35648127 -0.68765988 -1.065223  ]
                [ 0.          0.         -0.00422082  0.          0.        ],
  "funcao_objetivo": 0.68082653848101188644352997046901148323560683680812,
  "confiabilidade_total": 0.99107653848101180117840167925698917870069472743312
}
 
Individuo 18:
{
  "Posicao": [3. 3. 6. 4. 9.]
             [2. 1. 2. 2. 1.],
  "Velocidade": [ 0.50965225 -2.92709385 -0.77539077 -1.38329982 -0.47497506]
                [0.79237265 0.         1.22815731 1.22815731 0.        ],
  "funcao_objetivo": 0.49244892779515770307539125124836387513467458345414,
  "confiabilidade_total": 0.99461559446182402009582002929906407771894124605179
}
 
Individuo 19:
{
  "Posicao": [5. 4. 5. 8. 9.]
             [1. 1. 2. 2. 1.],
  "Velocidade": [ 5.00114439  3.96845748 -0.18483098  0.76953976  7.03963912]
                [0.18483098 0.         0.         0.18483098 0.        ],
  "funcao_objetivo": 0.98858184761390912420007060123854503782651509548850,
  "confiabilidade_total": 0.98858184761390912420007060123854503782651509548850
}
 
Individuo 20:
{
  "Posicao": [0. 0. 6. 7. 9.]
             [1. 1. 1. 2. 1.],
  "Velocidade": [-8.10973637  0.20486731  1.72496787 -2.43233397  2.41972975]
                [ 0.          0.         -1.72496787  0.         -1.72496787],
  "funcao_objetivo": 0.97473145021441905564641525529049653212260305528944,
  "confiabilidade_total": 0.97473145021441905564641525529049653212260305528944
}
 
Individuo 21:
{
  "Posicao": [1. 0. 5. 9. 9.]
             [1. 1. 2. 1. 1.],
  "Velocidade": [-3.53674664 -2.20801449  0.          1.89870303  0.80243065]
                [-0.86783546  0.          0.          0.22843693  0.        ],
  "funcao_objetivo": 0.97149130041528305872917061837835019179998937071164,
  "confiabilidade_total": 0.97149130041528305872917061837835019179998937071164
}
 
Individuo 22:
{
  "Posicao": [2. 1. 2. 6. 8.]
             [1. 1. 2. 1. 1.],
  "Velocidade": [ 1.11987611 -3.40749615 -1.93314004  0.02130086 -1.4722539 ]
                [ 0.          0.          0.         -0.73612695  0.        ],
  "funcao_objetivo": 0.96442004683476006186256562242140880119149242503269,
  "confiabilidade_total": 0.97183671350142661513151514680151357754693035943134
}
 
Individuo 23:
{
  "Posicao": [2. 1. 4. 8. 9.]
             [1. 3. 2. 2. 1.],
  "Velocidade": [ 1.56356158  1.17590724  1.950597   -1.20951765  0.81785757]
                [ 0.          1.63571515 -0.650199   -0.650199    0.        ],
  "funcao_objetivo": 0.29846242808104075020629546869932573454483125090061,
  "confiabilidade_total": 0.99572909474770739594155737776637442575796220182834
}
 
Individuo 24:
{
  "Posicao": [1. 0. 5. 8. 9.]
             [1. 1. 2. 2. 1.],
  "Velocidade": [ 0.56123049 -1.062132   -1.145911    1.30027273  0.56123049]
                [0.18707683 0.         0.18707683 0.18707683 0.        ],
  "funcao_objetivo": 0.99168231774851155212025844729579333455273676973574,
  "confiabilidade_total": 0.99168231774851155212025844729579333455273676973574
}
 
Individuo 25:
{
  "Posicao": [3. 5. 0. 9. 8.]
             [2. 1. 1. 1. 1.],
  "Velocidade": [ 3.19868227  4.51125579 -6.59745492  1.85259969 -1.44306517]
                [ 0.44753822  0.         -0.72153258 -0.72153258  0.        ],
  "funcao_objetivo": 0.96230726222804520642654667690913896984222512237375,
  "confiabilidade_total": 0.96230726222804520642654667690913896984222512237375
}
 
Individuo 26:
{
  "Posicao": [3. 8. 6. 8. 9.]
             [1. 1. 2. 1. 1.],
  "Velocidade": [-0.35373529  0.94515676  6.3394537  -0.67975494  4.0576086 ]
                [ 0.          0.          0.         -1.79366641  0.        ],
  "funcao_objetivo": 0.95924637236626427351343167579969816349153289390793,
  "confiabilidade_total": 0.95924637236626427351343167579969816349153289390793
}
 
Individuo 27:
{
  "Posicao": [0. 2. 5. 9. 9.]
             [2. 1. 3. 3. 1.],
  "Velocidade": [-4.69099541 -3.1106628   3.00896519  2.10335916  1.55284837]
                [0.77642418 0.         0.77642418 0.77642418 0.        ],
  "funcao_objetivo": 0.051727972232131558538047328379891632667464894931239,
  "confiabilidade_total": 0.99889463889879804875326794795501214133827177969686
}
 
Individuo 28:
{
  "Posicao": [7. 1. 4. 8. 9.]
             [1. 1. 2. 2. 1.],
  "Velocidade": [ 0.65950191  0.86368739 -2.27848037  0.78643547  4.65295391]
                [ 0.          0.          0.         -0.82232088  0.        ],
  "funcao_objetivo": 0.90772732012064164813569750076145465081134838878357,
  "confiabilidade_total": 0.99032732012064155774133883578120912951925797282898
}
 
Individuo 29:
{
  "Posicao": [0. 0. 5. 2. 9.]
             [1. 1. 3. 2. 1.],
  "Velocidade": [ 0.11544208 -4.28800336  0.         -1.72558827 -0.10261518]
                [0.         0.         1.72994572 0.         0.        ],
  "funcao_objetivo": 0.75865206211214359788705757079355179474993943683300,
  "confiabilidade_total": 0.99698539544547688385087518678687273667498826495800
}
 
Individuo 30:
{
  "Posicao": [9. 5. 0. 9. 9.]
             [1. 1. 2. 1. 1.],
  "Velocidade": [ 0.17451636  1.50689294 -8.70801927  5.59746293  0.7094039 ]
                [ 0.          0.          0.         -1.64402867  0.        ],
  "funcao_objetivo": 0.96013455508243505947517990507459194344499793668417,
  "confiabilidade_total": 0.96013455508243505947517990507459194344499793668417
}
 
Individuo 31:
{
  "Posicao": [4. 4. 4. 9. 9.]
             [1. 1. 2. 2. 1.],
  "Velocidade": [ 4.25516238  3.59620297 -0.28011018  1.78490347  6.43035202]
                [ 0.          0.07752662 -0.04760845 -0.04760845  0.        ],
  "funcao_objetivo": 0.64185215427590761066368717904360069356519274749303,
  "confiabilidade_total": 0.98906882094257418696560112805335934668439917602086
}
 
Individuo 32:
{
  "Posicao": [2. 2. 0. 1. 2.]
             [1. 1. 2. 2. 1.],
  "Velocidade": [ 2.04208787  0.33212807 -4.67122746 -4.53988131 -5.25827919]
                [0.         0.         0.58705172 0.58705172 0.        ],
  "funcao_objetivo": 0.78792447063640281476792223651151544454653078349276,
  "confiabilidade_total": 0.99567447063640286050911085106796491000015550883456
}
 
Individuo 33:
{
  "Posicao": [0. 3. 4. 8. 9.]
             [1. 1. 2. 2. 1.],
  "Velocidade": [ 0.08883431 -0.36003398 -1.37142948  0.5521239  -0.08883431]
                [ 0.          0.          0.         -0.00987048  0.        ],
  "funcao_objetivo": 0.83892915770161871435775434283180278501904019177391,
  "confiabilidade_total": 0.99127915770161875443541775301917244863661387026741
}
 
Individuo 34:
{
  "Posicao": [7. 0. 5. 9. 9.]
             [2. 1. 3. 3. 1.],
  "Velocidade": [ 6.80649123 -9.11703991  0.          3.30615805  6.80649123]
                [0.95471084 0.         0.95471084 0.95471084 0.        ],
  "funcao_objetivo": 0.13353068393177765250893872682465401637775631154483,
  "confiabilidade_total": 0.99899735059844431440904787443398193615896434987491
}
 
Individuo 35:
{
  "Posicao": [1. 6. 4. 9. 9.]
             [1. 1. 1. 1. 1.],
  "Velocidade": [-1.51375843 -1.54590086 -5.26682558  1.47578218  6.53449462]
                [ 0.          0.         -1.69941103 -1.69941103 -1.71735446],
  "funcao_objetivo": 0.94171095496662354918189182870234060659020914398114,
  "confiabilidade_total": 0.94171095496662354918189182870234060659020914398114
}
 
Individuo 36:
{
  "Posicao": [2. 2. 7. 9. 9.]
             [1. 1. 3. 3. 1.],
  "Velocidade": [-0.39441043 -2.06376878 -0.39441043  2.25243477  2.8112703 ]
                [ 0.          0.         -0.19720522 -0.19720522  0.        ],
  "funcao_objetivo": 0.30528181202745243419361503022850149534325899663939,
  "confiabilidade_total": 0.99813181202745223355411001997021150998454393926634
}
 
Individuo 37:
{
  "Posicao": [0. 0. 6. 9. 9.]
             [1. 1. 2. 2. 1.],
  "Velocidade": [-6.06778493 -6.87246048  4.07344674  5.61781402  6.23513949]
                [ 0.          0.         -0.08258419 -0.08258419  0.08258419],
  "funcao_objetivo": 0.75679130234448624591212752125735520071471073287465,
  "confiabilidade_total": 0.99184130234448608830486694547013272217595913070180
}
 
Individuo 38:
{
  "Posicao": [1. 7. 6. 9. 9.]
             [1. 1. 3. 3. 2.],
  "Velocidade": [1.44409365 6.82616734 1.44409365 4.2722192  1.44409365]
                [0.         0.         1.44409365 1.44409365 1.44409365],
  "funcao_objetivo": -0.09466014782948828441837486713180075529015511513771,
  "confiabilidade_total": 0.99817318550384492782663391375112590250575095175682
}
 
Individuo 39:
{
  "Posicao": [4. 7. 9. 6. 8.]
             [1. 1. 1. 1. 3.],
  "Velocidade": [ 1.93813186  6.61400923  3.99093659 -0.1619337  -0.37699988]
                [0.         0.         0.37699988 0.37699988 0.96906593],
  "funcao_objetivo": 0.94107280218788807080707952602259042755248503338054,
  "confiabilidade_total": 0.94165613552122134726808194061496210628901155244067
}
 
Individuo 40:
{
  "Posicao": [1. 0. 5. 9. 7.]
             [1. 1. 2. 2. 2.],
  "Velocidade": [ 1.05823941 -0.57386004  1.40910343  2.61305412 -1.65067746]
                [ 0.          0.         -1.40910343 -1.40910343  1.05823941],
  "funcao_objetivo": 0.71693274150808374646548544095445535202198220126548,
  "confiabilidade_total": 0.99224940817475066413877500170734705459945393435874
}
 
Individuo 41:
{
  "Posicao": [0. 5. 9. 9. 9.]
             [1. 1. 3. 3. 2.],
  "Velocidade": [0.25434728 1.19546464 3.13136401 2.39051924 0.50869455]
                [ 0.          0.          1.84062775  1.84062775 -0.04119694],
  "funcao_objetivo": -0.20831220216516473967198775110814791755663816471211,
  "confiabilidade_total": 0.99808779783483539923911708999143842024815614681133
}
 
Individuo 42:
{
  "Posicao": [2. 7. 6. 9. 7.]
             [1. 1. 3. 3. 1.],
  "Velocidade": [ 0.44403154 -0.14069905  5.60872933  2.48018902 -0.44403154]
                [0.         0.         2.25260209 2.25260209 0.22758693],
  "funcao_objetivo": 0.31542552466772607519238268328939980497097181766903,
  "confiabilidade_total": 0.99792552466772629279609550982008172800277876346982
}
 
Individuo 43:
{
  "Posicao": [3. 2. 6. 9. 9.]
             [1. 1. 1. 1. 1.],
  "Velocidade": [2.54293577 2.47980882 3.5475816  1.58946618 3.18967958]
                [ 0.          0.         -1.59900991 -1.59900991 -1.59900991],
  "funcao_objetivo": 0.94190866365954649618550489842411984280816688363162,
  "confiabilidade_total": 0.94190866365954649618550489842411984280816688363162
}
 
Individuo 44:
{
  "Posicao": [0. 0. 5. 9. 9.]
             [1. 1. 1. 1. 1.],
  "Velocidade": [-0.87873202 -5.3707167   0.87873202  2.68535835  0.87873202]
                [ 0.         0.        -0.9665321 -0.9665321  0.       ],
  "funcao_objetivo": 0.95585658385351945670847937361237199870187003461128,
  "confiabilidade_total": 0.95585658385351945670847937361237199870187003461128
}
 
Individuo 45:
{
  "Posicao": [0. 2. 3. 5. 8.]
             [1. 1. 1. 1. 1.],
  "Velocidade": [ 0.19605877  2.09166065 -3.16911463 -3.88523001 -0.58733397]
                [ 0.          0.         -3.16911463 -3.16911463  0.        ],
  "funcao_objetivo": 0.95514108710332369843024218403088400511464478625804,
  "confiabilidade_total": 0.95514108710332369843024218403088400511464478625804
}
 
Individuo 46:
{
  "Posicao": [5. 6. 1. 1. 9.]
             [1. 1. 1. 1. 2.],
  "Velocidade": [-4.49366304  4.2538902  -4.78691816 -7.65785656  0.1472286 ]
                [ 0.          0.         -4.78691816 -4.78691816 -0.49929589],
  "funcao_objetivo": 0.95577402030815569531449935043462585953775900473760,
  "confiabilidade_total": 0.95577402030815569531449935043462585953775900473760
}
 
Individuo 47:
{
  "Posicao": [0. 4. 8. 5. 9.]
             [1. 1. 1. 1. 1.],
  "Velocidade": [ 0.40442506  3.83122617  4.84644802 -4.18934817  0.20221253]
                [ 0.          0.         -2.5485216  -2.5485216   0.23446764],
  "funcao_objetivo": 0.94791568629451970072300342083448886728312191755152,
  "confiabilidade_total": 0.94791568629451970072300342083448886728312191755152
}
 
Individuo 48:
{
  "Posicao": [5. 0. 3. 8. 9.]
             [1. 1. 3. 3. 1.],
  "Velocidade": [ 4.99930355 -3.79124537 -0.51793026  0.64754903  6.66573807]
                [0.         0.         0.83321726 0.83321726 0.        ],
  "funcao_objetivo": 0.43321447785161921719560860673705061532229796230008,
  "confiabilidade_total": 0.99854781118495237726013523023761987320751562892606
}
 
Individuo 49:
{
  "Posicao": [6. 7. 9. 0. 7.]
             [1. 1. 1. 1. 1.],
  "Velocidade": [ 6.47996424  7.43405912 13.77295307 -9.86491237 -1.92382785]
                [ 0.          0.         -1.31615427 -1.31615427  0.        ],
  "funcao_objetivo": 0.94348218110104787172174893647069156600393960623668,
  "confiabilidade_total": 0.94348218110104787172174893647069156600393960623668
}
 
Individuo 50:
{
  "Posicao": [9. 2. 8. 7. 9.]
             [1. 1. 2. 2. 1.],
  "Velocidade": [4.20045935 0.25079624 2.21822826 0.32898194 0.        ]
                [0.         0.         1.33052009 1.33052009 0.        ],
  "funcao_objetivo": 0.97398913561285186078508930017909747643462475096720,
  "confiabilidade_total": 0.98848913561285174702886263952399545327826495921152
}
 
-----------------------------------------
-----------------------------------------
-----------------------------------------
-----------------------------------------
GERACAO 4
Populacao antes da execucao:
Individuo 1:
{
  "Posicao": [0. 0. 5. 9. 9.]
             [1. 1. 2. 2. 1.],
  "Velocidade": [ 0.         -4.35862713  0.          1.71740845  0.        ]
                [0. 0. 0. 0. 0.],
  "funcao_objetivo": 0.88616243678995949243520955834684797464334271323701,
  "confiabilidade_total": 0.99184577012329281601338324864047250612103245627900
}
 
Individuo 2:
{
  "Posicao": [1. 1. 5. 8. 9.]
             [1. 1. 2. 2. 1.],
  "Velocidade": [ 0.9987799  -0.82759913  0.          1.29723459 -0.48486384]
                [ 0.          0.          0.         -0.24243192  0.24243192],
  "funcao_objetivo": 0.99101918690717091533033430042104075302474978063918,
  "confiabilidade_total": 0.99101918690717091533033430042104075302474978063918
}
 
Individuo 3:
{
  "Posicao": [6. 0. 2. 7. 9.]
             [2. 1. 1. 1. 1.],
  "Velocidade": [-1.90136104 -5.4208562  -4.50814675 -1.73291313  0.52077366]
                [-0.38064126  0.         -1.25043671 -1.25043671  0.        ],
  "funcao_objetivo": 0.97429497657722966046204525859785807305172851840703,
  "confiabilidade_total": 0.97429497657722966046204525859785807305172851840703
}
 
Individuo 4:
{
  "Posicao": [2. 5. 0. 1. 7.]
             [1. 3. 1. 1. 3.],
  "Velocidade": [ 1.01619826  0.9877651  -4.23354465 -3.51116428 -1.01619826]
                [ 0.          2.40083331 -2.40083331 -2.40083331  2.40083331],
  "funcao_objetivo": 0.59517245143731028955923009448507271548785636803158,
  "confiabilidade_total": 0.98433911810397700581585852774206485441007087608822
}
 
Individuo 5:
{
  "Posicao": [9. 1. 5. 0. 3.]
             [3. 1. 3. 3. 1.],
  "Velocidade": [11.37802103 -2.65952959  0.         -4.48925472 -5.68901052]
                [2.84450526 0.         1.80039114 1.80039114 0.        ],
  "funcao_objetivo": -0.26456371947925835749192476072451186206020907897640,
  "confiabilidade_total": 0.99970294718740840326244249950875441704116268616032
}
 
Individuo 6:
{
  "Posicao": [0. 7. 1. 8. 0.]
             [3. 1. 1. 1. 1.],
  "Velocidade": [ 0.          7.04406563 -0.28562777  0.54809022 -6.26694262]
                [ 1.61307045  0.         -1.61307045 -1.61307045  0.        ],
  "funcao_objetivo": 0.82746364738657900720327458239287773221854313912264,
  "confiabilidade_total": 0.96718031405324559349719575302904524915043458046786
}
 
Individuo 7:
{
  "Posicao": [7. 9. 6. 0. 6.]
             [3. 1. 3. 3. 1.],
  "Velocidade": [ 6.01482516 10.77869723  6.08863392 -4.15561755 -3.31479196]
                [1.52602807 0.         2.73811121 2.73811121 0.        ],
  "funcao_objetivo": -0.28287861033483278382941081515667963889220464273498,
  "confiabilidade_total": 0.99957138966516752809885018352730195853134882406190
}
 
Individuo 8:
{
  "Posicao": [0. 1. 7. 0. 3.]
             [1. 1. 2. 2. 1.],
  "Velocidade": [ 0.         -2.59070618  0.53808683 -9.1344908  -6.12854656]
                [0.         0.         0.         0.53808683 0.        ],
  "funcao_objetivo": 0.86914957167806708306617253628138309883904841544808,
  "confiabilidade_total": 0.99454957167806714309593147776359723954481270911874
}
 
Individuo 9:
{
  "Posicao": [2. 1. 2. 5. 9.]
             [1. 1. 2. 2. 1.],
  "Velocidade": [ 1.81155318 -0.69015748 -4.18366141 -3.18028008  0.        ]
                [ 0.          0.         -0.46682731  0.          0.        ],
  "funcao_objetivo": 0.87472172961834380339776183827816416128762373303538,
  "confiabilidade_total": 0.99272172961834376942493728474837402432449468945628
}
 
Individuo 10:
{
  "Posicao": [0. 4. 5. 9. 9.]
             [1. 1. 3. 2. 2.],
  "Velocidade": [0.         4.10157465 0.         0.94139555 4.43756711]
                [ 0.          0.         -0.15273616  0.          0.15273616],
  "funcao_objetivo": 0.32260382848881137508767675230301141538586053094098,
  "confiabilidade_total": 0.99375382848881139942376545208644278147186669549177
}
 
Individuo 11:
{
  "Posicao": [1. 0. 0. 9. 9.]
             [1. 1. 1. 1. 1.],
  "Velocidade": [  0.83012601 -11.70036299  -8.56310254   1.81528132   0.        ]
                [ 0.         -1.27095702 -4.36878248 -4.36878248  0.        ],
  "funcao_objetivo": 0.96057682745557964323023887477694181310321460758719,
  "confiabilidade_total": 0.96057682745557964323023887477694181310321460758719
}
 
Individuo 12:
{
  "Posicao": [1. 0. 4. 8. 9.]
             [2. 1. 2. 2. 1.],
  "Velocidade": [ 0.59851419 -4.81029578 -1.5212603   1.17278786  0.55576434]
                [ 0.59851419  0.         -0.3597642  -0.3597642   0.        ],
  "funcao_objetivo": 0.55092839281188339322104259995188938715561398677686,
  "confiabilidade_total": 0.99556172614521671808707499881069550552471646480420
}
 
Individuo 13:
{
  "Posicao": [1. 0. 8. 9. 9.]
             [1. 1. 2. 2. 1.],
  "Velocidade": [ 1.0748058  -7.96455616  4.3065783   2.00212228  0.        ]
                [0.07958192 0.         0.07958192 0.07958192 0.        ],
  "funcao_objetivo": 0.85851920446236448052014949240372278579556130863328,
  "confiabilidade_total": 0.99081920446236446757494902527439752445601605869432
}
 
Individuo 14:
{
  "Posicao": [9. 8. 2. 1. 6.]
             [2. 1. 3. 3. 2.],
  "Velocidade": [ 8.69496119  7.94001631 -0.29605542 -0.30449377 -2.93968822]
                [1.46984411 0.         3.48395059 3.48395059 1.46984411],
  "funcao_objetivo": -0.24712836850635284531217599826761042525360622171629,
  "confiabilidade_total": 0.99952163149364735710368585139093002478291950460207
}
 
Individuo 15:
{
  "Posicao": [4. 3. 7. 8. 9.]
             [1. 1. 2. 2. 1.],
  "Velocidade": [ 3.84501971  3.3676042  -0.26062106  0.90589711  3.84501971]
                [ 0.        0.       -0.599927  0.        0.      ],
  "funcao_objetivo": 0.97236146914314770692449227914285956317618719009012,
  "confiabilidade_total": 0.98901146914314765041552810450317310128886482385248
}
 
Individuo 16:
{
  "Posicao": [0. 0. 5. 3. 9.]
             [1. 1. 2. 2. 1.],
  "Velocidade": [ 0.10660742 -3.06984791 -0.10660742 -1.63366836  0.10660742]
                [0.         0.         0.10660742 0.         0.        ],
  "funcao_objetivo": 0.88741554644505902342329949238649549414686098547084,
  "confiabilidade_total": 0.99333221311172575178135889405769392368666067571742
}
 
Individuo 17:
{
  "Posicao": [4. 4. 4. 4. 5.]
             [1. 1. 2. 2. 1.],
  "Velocidade": [ 1.065223   -0.02801739 -0.35648127 -0.68765988 -1.065223  ]
                [ 0.          0.         -0.00422082  0.          0.        ],
  "funcao_objetivo": 0.68082653848101188644352997046901148323560683680812,
  "confiabilidade_total": 0.99107653848101180117840167925698917870069472743312
}
 
Individuo 18:
{
  "Posicao": [3. 3. 6. 4. 9.]
             [2. 1. 2. 2. 1.],
  "Velocidade": [ 0.50965225 -2.92709385 -0.77539077 -1.38329982 -0.47497506]
                [0.79237265 0.         1.22815731 1.22815731 0.        ],
  "funcao_objetivo": 0.49244892779515770307539125124836387513467458345414,
  "confiabilidade_total": 0.99461559446182402009582002929906407771894124605179
}
 
Individuo 19:
{
  "Posicao": [5. 4. 5. 8. 9.]
             [1. 1. 2. 2. 1.],
  "Velocidade": [ 5.00114439  3.96845748 -0.18483098  0.76953976  7.03963912]
                [0.18483098 0.         0.         0.18483098 0.        ],
  "funcao_objetivo": 0.98858184761390912420007060123854503782651509548850,
  "confiabilidade_total": 0.98858184761390912420007060123854503782651509548850
}
 
Individuo 20:
{
  "Posicao": [0. 0. 6. 7. 9.]
             [1. 1. 1. 2. 1.],
  "Velocidade": [-8.10973637  0.20486731  1.72496787 -2.43233397  2.41972975]
                [ 0.          0.         -1.72496787  0.         -1.72496787],
  "funcao_objetivo": 0.97473145021441905564641525529049653212260305528944,
  "confiabilidade_total": 0.97473145021441905564641525529049653212260305528944
}
 
Individuo 21:
{
  "Posicao": [1. 0. 5. 9. 9.]
             [1. 1. 2. 1. 1.],
  "Velocidade": [-3.53674664 -2.20801449  0.          1.89870303  0.80243065]
                [-0.86783546  0.          0.          0.22843693  0.        ],
  "funcao_objetivo": 0.97149130041528305872917061837835019179998937071164,
  "confiabilidade_total": 0.97149130041528305872917061837835019179998937071164
}
 
Individuo 22:
{
  "Posicao": [2. 1. 2. 6. 8.]
             [1. 1. 2. 1. 1.],
  "Velocidade": [ 1.11987611 -3.40749615 -1.93314004  0.02130086 -1.4722539 ]
                [ 0.          0.          0.         -0.73612695  0.        ],
  "funcao_objetivo": 0.96442004683476006186256562242140880119149242503269,
  "confiabilidade_total": 0.97183671350142661513151514680151357754693035943134
}
 
Individuo 23:
{
  "Posicao": [2. 1. 4. 8. 9.]
             [1. 3. 2. 2. 1.],
  "Velocidade": [ 1.56356158  1.17590724  1.950597   -1.20951765  0.81785757]
                [ 0.          1.63571515 -0.650199   -0.650199    0.        ],
  "funcao_objetivo": 0.29846242808104075020629546869932573454483125090061,
  "confiabilidade_total": 0.99572909474770739594155737776637442575796220182834
}
 
Individuo 24:
{
  "Posicao": [1. 0. 5. 8. 9.]
             [1. 1. 2. 2. 1.],
  "Velocidade": [ 0.56123049 -1.062132   -1.145911    1.30027273  0.56123049]
                [0.18707683 0.         0.18707683 0.18707683 0.        ],
  "funcao_objetivo": 0.99168231774851155212025844729579333455273676973574,
  "confiabilidade_total": 0.99168231774851155212025844729579333455273676973574
}
 
Individuo 25:
{
  "Posicao": [3. 5. 0. 9. 8.]
             [2. 1. 1. 1. 1.],
  "Velocidade": [ 3.19868227  4.51125579 -6.59745492  1.85259969 -1.44306517]
                [ 0.44753822  0.         -0.72153258 -0.72153258  0.        ],
  "funcao_objetivo": 0.96230726222804520642654667690913896984222512237375,
  "confiabilidade_total": 0.96230726222804520642654667690913896984222512237375
}
 
Individuo 26:
{
  "Posicao": [3. 8. 6. 8. 9.]
             [1. 1. 2. 1. 1.],
  "Velocidade": [-0.35373529  0.94515676  6.3394537  -0.67975494  4.0576086 ]
                [ 0.          0.          0.         -1.79366641  0.        ],
  "funcao_objetivo": 0.95924637236626427351343167579969816349153289390793,
  "confiabilidade_total": 0.95924637236626427351343167579969816349153289390793
}
 
Individuo 27:
{
  "Posicao": [0. 2. 5. 9. 9.]
             [2. 1. 3. 3. 1.],
  "Velocidade": [-4.69099541 -3.1106628   3.00896519  2.10335916  1.55284837]
                [0.77642418 0.         0.77642418 0.77642418 0.        ],
  "funcao_objetivo": 0.051727972232131558538047328379891632667464894931239,
  "confiabilidade_total": 0.99889463889879804875326794795501214133827177969686
}
 
Individuo 28:
{
  "Posicao": [7. 1. 4. 8. 9.]
             [1. 1. 2. 2. 1.],
  "Velocidade": [ 0.65950191  0.86368739 -2.27848037  0.78643547  4.65295391]
                [ 0.          0.          0.         -0.82232088  0.        ],
  "funcao_objetivo": 0.90772732012064164813569750076145465081134838878357,
  "confiabilidade_total": 0.99032732012064155774133883578120912951925797282898
}
 
Individuo 29:
{
  "Posicao": [0. 0. 5. 2. 9.]
             [1. 1. 3. 2. 1.],
  "Velocidade": [ 0.11544208 -4.28800336  0.         -1.72558827 -0.10261518]
                [0.         0.         1.72994572 0.         0.        ],
  "funcao_objetivo": 0.75865206211214359788705757079355179474993943683300,
  "confiabilidade_total": 0.99698539544547688385087518678687273667498826495800
}
 
Individuo 30:
{
  "Posicao": [9. 5. 0. 9. 9.]
             [1. 1. 2. 1. 1.],
  "Velocidade": [ 0.17451636  1.50689294 -8.70801927  5.59746293  0.7094039 ]
                [ 0.          0.          0.         -1.64402867  0.        ],
  "funcao_objetivo": 0.96013455508243505947517990507459194344499793668417,
  "confiabilidade_total": 0.96013455508243505947517990507459194344499793668417
}
 
Individuo 31:
{
  "Posicao": [4. 4. 4. 9. 9.]
             [1. 1. 2. 2. 1.],
  "Velocidade": [ 4.25516238  3.59620297 -0.28011018  1.78490347  6.43035202]
                [ 0.          0.07752662 -0.04760845 -0.04760845  0.        ],
  "funcao_objetivo": 0.64185215427590761066368717904360069356519274749303,
  "confiabilidade_total": 0.98906882094257418696560112805335934668439917602086
}
 
Individuo 32:
{
  "Posicao": [2. 2. 0. 1. 2.]
             [1. 1. 2. 2. 1.],
  "Velocidade": [ 2.04208787  0.33212807 -4.67122746 -4.53988131 -5.25827919]
                [0.         0.         0.58705172 0.58705172 0.        ],
  "funcao_objetivo": 0.78792447063640281476792223651151544454653078349276,
  "confiabilidade_total": 0.99567447063640286050911085106796491000015550883456
}
 
Individuo 33:
{
  "Posicao": [0. 3. 4. 8. 9.]
             [1. 1. 2. 2. 1.],
  "Velocidade": [ 0.08883431 -0.36003398 -1.37142948  0.5521239  -0.08883431]
                [ 0.          0.          0.         -0.00987048  0.        ],
  "funcao_objetivo": 0.83892915770161871435775434283180278501904019177391,
  "confiabilidade_total": 0.99127915770161875443541775301917244863661387026741
}
 
Individuo 34:
{
  "Posicao": [7. 0. 5. 9. 9.]
             [2. 1. 3. 3. 1.],
  "Velocidade": [ 6.80649123 -9.11703991  0.          3.30615805  6.80649123]
                [0.95471084 0.         0.95471084 0.95471084 0.        ],
  "funcao_objetivo": 0.13353068393177765250893872682465401637775631154483,
  "confiabilidade_total": 0.99899735059844431440904787443398193615896434987491
}
 
Individuo 35:
{
  "Posicao": [1. 6. 4. 9. 9.]
             [1. 1. 1. 1. 1.],
  "Velocidade": [-1.51375843 -1.54590086 -5.26682558  1.47578218  6.53449462]
                [ 0.          0.         -1.69941103 -1.69941103 -1.71735446],
  "funcao_objetivo": 0.94171095496662354918189182870234060659020914398114,
  "confiabilidade_total": 0.94171095496662354918189182870234060659020914398114
}
 
Individuo 36:
{
  "Posicao": [2. 2. 7. 9. 9.]
             [1. 1. 3. 3. 1.],
  "Velocidade": [-0.39441043 -2.06376878 -0.39441043  2.25243477  2.8112703 ]
                [ 0.          0.         -0.19720522 -0.19720522  0.        ],
  "funcao_objetivo": 0.30528181202745243419361503022850149534325899663939,
  "confiabilidade_total": 0.99813181202745223355411001997021150998454393926634
}
 
Individuo 37:
{
  "Posicao": [0. 0. 6. 9. 9.]
             [1. 1. 2. 2. 1.],
  "Velocidade": [-6.06778493 -6.87246048  4.07344674  5.61781402  6.23513949]
                [ 0.          0.         -0.08258419 -0.08258419  0.08258419],
  "funcao_objetivo": 0.75679130234448624591212752125735520071471073287465,
  "confiabilidade_total": 0.99184130234448608830486694547013272217595913070180
}
 
Individuo 38:
{
  "Posicao": [1. 7. 6. 9. 9.]
             [1. 1. 3. 3. 2.],
  "Velocidade": [1.44409365 6.82616734 1.44409365 4.2722192  1.44409365]
                [0.         0.         1.44409365 1.44409365 1.44409365],
  "funcao_objetivo": -0.09466014782948828441837486713180075529015511513771,
  "confiabilidade_total": 0.99817318550384492782663391375112590250575095175682
}
 
Individuo 39:
{
  "Posicao": [4. 7. 9. 6. 8.]
             [1. 1. 1. 1. 3.],
  "Velocidade": [ 1.93813186  6.61400923  3.99093659 -0.1619337  -0.37699988]
                [0.         0.         0.37699988 0.37699988 0.96906593],
  "funcao_objetivo": 0.94107280218788807080707952602259042755248503338054,
  "confiabilidade_total": 0.94165613552122134726808194061496210628901155244067
}
 
Individuo 40:
{
  "Posicao": [1. 0. 5. 9. 7.]
             [1. 1. 2. 2. 2.],
  "Velocidade": [ 1.05823941 -0.57386004  1.40910343  2.61305412 -1.65067746]
                [ 0.          0.         -1.40910343 -1.40910343  1.05823941],
  "funcao_objetivo": 0.71693274150808374646548544095445535202198220126548,
  "confiabilidade_total": 0.99224940817475066413877500170734705459945393435874
}
 
Individuo 41:
{
  "Posicao": [0. 5. 9. 9. 9.]
             [1. 1. 3. 3. 2.],
  "Velocidade": [0.25434728 1.19546464 3.13136401 2.39051924 0.50869455]
                [ 0.          0.          1.84062775  1.84062775 -0.04119694],
  "funcao_objetivo": -0.20831220216516473967198775110814791755663816471211,
  "confiabilidade_total": 0.99808779783483539923911708999143842024815614681133
}
 
Individuo 42:
{
  "Posicao": [2. 7. 6. 9. 7.]
             [1. 1. 3. 3. 1.],
  "Velocidade": [ 0.44403154 -0.14069905  5.60872933  2.48018902 -0.44403154]
                [0.         0.         2.25260209 2.25260209 0.22758693],
  "funcao_objetivo": 0.31542552466772607519238268328939980497097181766903,
  "confiabilidade_total": 0.99792552466772629279609550982008172800277876346982
}
 
Individuo 43:
{
  "Posicao": [3. 2. 6. 9. 9.]
             [1. 1. 1. 1. 1.],
  "Velocidade": [2.54293577 2.47980882 3.5475816  1.58946618 3.18967958]
                [ 0.          0.         -1.59900991 -1.59900991 -1.59900991],
  "funcao_objetivo": 0.94190866365954649618550489842411984280816688363162,
  "confiabilidade_total": 0.94190866365954649618550489842411984280816688363162
}
 
Individuo 44:
{
  "Posicao": [0. 0. 5. 9. 9.]
             [1. 1. 1. 1. 1.],
  "Velocidade": [-0.87873202 -5.3707167   0.87873202  2.68535835  0.87873202]
                [ 0.         0.        -0.9665321 -0.9665321  0.       ],
  "funcao_objetivo": 0.95585658385351945670847937361237199870187003461128,
  "confiabilidade_total": 0.95585658385351945670847937361237199870187003461128
}
 
Individuo 45:
{
  "Posicao": [0. 2. 3. 5. 8.]
             [1. 1. 1. 1. 1.],
  "Velocidade": [ 0.19605877  2.09166065 -3.16911463 -3.88523001 -0.58733397]
                [ 0.          0.         -3.16911463 -3.16911463  0.        ],
  "funcao_objetivo": 0.95514108710332369843024218403088400511464478625804,
  "confiabilidade_total": 0.95514108710332369843024218403088400511464478625804
}
 
Individuo 46:
{
  "Posicao": [5. 6. 1. 1. 9.]
             [1. 1. 1. 1. 2.],
  "Velocidade": [-4.49366304  4.2538902  -4.78691816 -7.65785656  0.1472286 ]
                [ 0.          0.         -4.78691816 -4.78691816 -0.49929589],
  "funcao_objetivo": 0.95577402030815569531449935043462585953775900473760,
  "confiabilidade_total": 0.95577402030815569531449935043462585953775900473760
}
 
Individuo 47:
{
  "Posicao": [0. 4. 8. 5. 9.]
             [1. 1. 1. 1. 1.],
  "Velocidade": [ 0.40442506  3.83122617  4.84644802 -4.18934817  0.20221253]
                [ 0.          0.         -2.5485216  -2.5485216   0.23446764],
  "funcao_objetivo": 0.94791568629451970072300342083448886728312191755152,
  "confiabilidade_total": 0.94791568629451970072300342083448886728312191755152
}
 
Individuo 48:
{
  "Posicao": [5. 0. 3. 8. 9.]
             [1. 1. 3. 3. 1.],
  "Velocidade": [ 4.99930355 -3.79124537 -0.51793026  0.64754903  6.66573807]
                [0.         0.         0.83321726 0.83321726 0.        ],
  "funcao_objetivo": 0.43321447785161921719560860673705061532229796230008,
  "confiabilidade_total": 0.99854781118495237726013523023761987320751562892606
}
 
Individuo 49:
{
  "Posicao": [6. 7. 9. 0. 7.]
             [1. 1. 1. 1. 1.],
  "Velocidade": [ 6.47996424  7.43405912 13.77295307 -9.86491237 -1.92382785]
                [ 0.          0.         -1.31615427 -1.31615427  0.        ],
  "funcao_objetivo": 0.94348218110104787172174893647069156600393960623668,
  "confiabilidade_total": 0.94348218110104787172174893647069156600393960623668
}
 
Individuo 50:
{
  "Posicao": [9. 2. 8. 7. 9.]
             [1. 1. 2. 2. 1.],
  "Velocidade": [4.20045935 0.25079624 2.21822826 0.32898194 0.        ]
                [0.         0.         1.33052009 1.33052009 0.        ],
  "funcao_objetivo": 0.97398913561285186078508930017909747643462475096720,
  "confiabilidade_total": 0.98848913561285174702886263952399545327826495921152
}
 
-----------------------------------------
Populacao final da era:
Individuo 1:
{
  "Posicao": [0. 0. 5. 6. 9.]
             [1. 1. 2. 2. 1.],
  "Velocidade": [ 0.          0.21098677  0.         -2.85623732  0.        ]
                [0. 0. 0. 0. 0.],
  "funcao_objetivo": 0.92222845923873156620687892644793787129171731583422,
  "confiabilidade_total": 0.99264512590539813813451415843457975514181497208422
}
 
Individuo 2:
{
  "Posicao": [1. 0. 5. 9. 9.]
             [1. 1. 2. 2. 1.],
  "Velocidade": [-0.1104609  -1.73061183  0.          1.18271402 -0.4704629 ]
                [ 0.          0.          0.         -0.23523145  0.23523145],
  "funcao_objetivo": 0.91720855563325425027928111935584761738163172319107,
  "confiabilidade_total": 0.99120855563325421539052257051030333456900655343704
}
 
Individuo 3:
{
  "Posicao": [0. 4. 0. 0. 9.]
             [1. 1. 1. 1. 1.],
  "Velocidade": [-5.92630853  4.32851724 -1.86787332 -7.05487897 -0.42602795]
                [-1.51523953  0.          0.0673938   0.0673938   0.        ],
  "funcao_objetivo": 0.96677608645347568958927359075641871148400542473212,
  "confiabilidade_total": 0.96677608645347568958927359075641871148400542473212
}
 
Individuo 4:
{
  "Posicao": [3. 9. 2. 0. 6.]
             [1. 3. 3. 3. 3.],
  "Velocidade": [ 0.82080266  6.14789045  1.82727152 -2.82863197 -0.82080266]
                [ 0.         -0.29681377  2.24691941  2.24691941 -0.29681377],
  "funcao_objetivo": -1.0133366125134136313963129291883170884033698742344,
  "confiabilidade_total": 0.99959672081991949878100987140303810127768328738666
}
 
Individuo 5:
{
  "Posicao": [8. 1. 5. 6. 7.]
             [3. 1. 1. 1. 1.],
  "Velocidade": [-1.35083529 -0.19265842  0.          5.58261568  4.35399164]
                [-0.27538685  0.         -1.91553073 -1.91553073  0.        ],
  "funcao_objetivo": 0.97404529435072711566507749054024624122512769195254,
  "confiabilidade_total": 0.97404529435072711566507749054024624122512769195254
}
 
Individuo 6:
{
  "Posicao": [0. 2. 6. 8. 5.]
             [2. 1. 1. 1. 1.],
  "Velocidade": [ 0.         -4.78849451  5.23943037 -0.03085678  4.9248145 ]
                [-1.19312671  0.          0.46735105  0.46735105  0.        ],
  "funcao_objetivo": 0.97017645776070329633941250442486826385040961160554,
  "confiabilidade_total": 0.97017645776070329633941250442486826385040961160554
}
 
Individuo 7:
{
  "Posicao": [0. 0. 7. 9. 8.]
             [1. 1. 3. 3. 1.],
  "Velocidade": [ -8.15902876 -11.8700589    0.72964159  12.44397361   2.20363616]
                [-2.80691255  0.         -0.49847006 -0.49847006  0.        ],
  "funcao_objetivo": 0.29057975407754801876796857238096133774451187808871,
  "confiabilidade_total": 0.99851308741088148867353690827021789705685547550082
}
 
Individuo 8:
{
  "Posicao": [0. 2. 4. 1. 2.]
             [1. 1. 2. 1. 1.],
  "Velocidade": [ 0.          1.08575002 -3.01180977  0.5022793  -1.30751913]
                [ 0.          0.          0.         -0.67044313  0.        ],
  "funcao_objetivo": 0.88341911122433438563794259838598748109300490165101,
  "confiabilidade_total": 0.97783577789100092337070867191780791989524718070374
}
 
Individuo 9:
{
  "Posicao": [2. 7. 0. 0. 9.]
             [1. 1. 1. 2. 1.],
  "Velocidade": [-0.16877571  5.66807942 -2.08224162 -4.75916197  0.        ]
                [ 0.          0.         -1.36558714  0.          0.        ],
  "funcao_objetivo": 0.97977048294680360144016282740220205449876352063925,
  "confiabilidade_total": 0.97977048294680360144016282740220205449876352063925
}
 
Individuo 10:
{
  "Posicao": [0. 0. 5. 7. 9.]
             [1. 1. 1. 2. 1.],
  "Velocidade": [ 0.         -4.23899934  0.         -1.58040595  4.30576693]
                [ 0.          0.         -2.3492723   0.         -2.05287282],
  "funcao_objetivo": 0.97474460019735979372616169573852345478915384167302,
  "confiabilidade_total": 0.97474460019735979372616169573852345478915384167302
}
 
Individuo 11:
{
  "Posicao": [0. 9. 0. 9. 9.]
             [1. 2. 3. 3. 1.],
  "Velocidade": [-6.08444225e-01  1.13528505e+01  1.45649634e-03 -1.83009022e-01
  0.00000000e+00]
                [0.         1.05638832 2.6482906  2.6482906  0.        ],
  "funcao_objetivo": -0.30848313906941396558330318012362643786648611950584,
  "confiabilidade_total": 0.99948352759725242320194190969719253770133156848245
}
 
Individuo 12:
{
  "Posicao": [0. 5. 3. 9. 8.]
             [1. 1. 1. 1. 1.],
  "Velocidade": [-0.50645503  4.50007582 -1.05828206  0.80325616 -0.79953735]
                [-0.50645503  0.         -0.51642821 -0.51642821  0.        ],
  "funcao_objetivo": 0.94583966816158856848190817957077147344024267914088,
  "confiabilidade_total": 0.94583966816158856848190817957077147344024267914088
}
 
Individuo 13:
{
  "Posicao": [2. 8. 9. 9. 9.]
             [2. 1. 1. 1. 1.],
  "Velocidade": [ 0.82750251  7.72800088  1.36014333 -0.44510706  0.        ]
                [ 0.8013462   0.         -0.64690969 -0.64690969  0.        ],
  "funcao_objetivo": 0.95768989430121401894525016088262665553928342066731,
  "confiabilidade_total": 0.95768989430121401894525016088262665553928342066731
}
 
Individuo 14:
{
  "Posicao": [7. 0. 7. 9. 7.]
             [3. 1. 3. 3. 3.],
  "Velocidade": [-1.80314186 -7.51733119  4.6884297  10.5332943   0.95150996]
                [ 0.54882793  0.         -0.15950247 -0.15950247  0.54882793],
  "funcao_objetivo": -0.72157172326733328340576601931957079149427694586206,
  "confiabilidade_total": 0.99924494339933315565037762552833633445558267327856
}
 
Individuo 15:
{
  "Posicao": [6. 8. 2. 8. 9.]
             [1. 1. 1. 2. 1.],
  "Velocidade": [ 2.37802162  4.6441223  -5.18018947  0.34762724  0.54263588]
                [ 0.          0.         -1.11347239  0.          0.        ],
  "funcao_objetivo": 0.96678770725168022356277532705306590888831401649735,
  "confiabilidade_total": 0.96678770725168022356277532705306590888831401649735
}
 
Individuo 16:
{
  "Posicao": [0. 1. 5. 9. 9.]
             [1. 1. 2. 2. 1.],
  "Velocidade": [ 0.10344107  0.94985591 -0.10344107  6.88953612  0.10344107]
                [0.         0.         0.10344107 0.         0.        ],
  "funcao_objetivo": 0.91711167567996613350049320451383440516100937123587,
  "confiabilidade_total": 0.99111167567996609861173465566829012234838420148184
}
 
Individuo 17:
{
  "Posicao": [4. 1. 2. 6. 5.]
             [1. 1. 1. 2. 1.],
  "Velocidade": [-0.26426109 -2.85393271 -1.55033351  2.15951178  0.26426109]
                [ 0.          0.         -1.53299702  0.          0.        ],
  "funcao_objetivo": 0.97175907997161370654530741409253347867688914980260,
  "confiabilidade_total": 0.97175907997161370654530741409253347867688914980260
}
 
Individuo 18:
{
  "Posicao": [3. 0. 5. 3. 8.]
             [2. 1. 3. 3. 1.],
  "Velocidade": [ 0.08668893 -2.81422825 -0.88830293 -0.79844625 -1.03920665]
                [0.48831165 0.         1.0470951  1.0470951  0.        ],
  "funcao_objetivo": 0.21489875504644582881115253407055961901456443059036,
  "confiabilidade_total": 0.99938208837977897257760515607383086348086920964310
}
 
Individuo 19:
{
  "Posicao": [0. 0. 5. 9. 9.]
             [1. 1. 2. 2. 1.],
  "Velocidade": [-5.6332206  -4.53807047 -0.17934132  0.61592702  6.8305548 ]
                [0.17934132 0.         0.         0.17934132 0.        ],
  "funcao_objetivo": 0.88616243678995949243520955834684797464334271323701,
  "confiabilidade_total": 0.99184577012329281601338324864047250612103245627900
}
 
Individuo 20:
{
  "Posicao": [8. 2. 6. 6. 9.]
             [1. 1. 1. 2. 3.],
  "Velocidade": [ 7.86886909  1.53227451 -0.31369009 -1.0394125   2.34786135]
                [0.         0.         0.31369009 0.         1.6737346 ],
  "funcao_objetivo": 0.56082921488462207877575127364465948422977777303592,
  "confiabilidade_total": 0.96569588155128884228347163494831398358175607503787
}
 
Individuo 21:
{
  "Posicao": [3. 1. 5. 8. 9.]
             [2. 1. 2. 3. 1.],
  "Velocidade": [ 2.20372844  1.43772537  0.         -1.47265924  0.77859765]
                [0.94801994 0.         0.         1.74654121 0.        ],
  "funcao_objetivo": 0.54278210170546920231249995918352658703748395123855,
  "confiabilidade_total": 0.99789876837213567738427852287151188432995488324538
}
 
Individuo 22:
{
  "Posicao": [4. 7. 4. 5. 7.]
             [1. 1. 2. 2. 1.],
  "Velocidade": [ 2.22152461  6.47784457  2.28707106 -1.11424173 -1.15810149]
                [0.         0.         0.         1.23192171 0.        ],
  "funcao_objetivo": 0.91478538185737379039721919853490563245727560784627,
  "confiabilidade_total": 0.98986871519070727831060499384420127744092486169148
}
 
Individuo 23:
{
  "Posicao": [5. 6. 8. 3. 9.]
             [1. 2. 1. 1. 1.],
  "Velocidade": [ 3.49642123  4.94424025  4.27934378 -5.11264655  0.23084456]
                [ 0.         -1.31554446 -1.19360927 -1.19360927  0.        ],
  "funcao_objetivo": 0.96079435323076686813861012588516384656470885800213,
  "confiabilidade_total": 0.96079435323076686813861012588516384656470885800213
}
 
Individuo 24:
{
  "Posicao": [0. 1. 4. 9. 9.]
             [1. 1. 2. 2. 1.],
  "Velocidade": [-1.3630294   1.03058561 -1.1118763   1.26165333  0.54456138]
                [0.18152046 0.         0.18152046 0.18152046 0.        ],
  "funcao_objetivo": 0.69270655525042834516823800010735244830678532835999,
  "confiabilidade_total": 0.99163988858376165997564979586224031043778489348450
}
 
Individuo 25:
{
  "Posicao": [7. 8. 4. 9. 7.]
             [2. 1. 1. 1. 1.],
  "Velocidade": [ 3.99242836  3.10045522  3.57328227  0.71479467 -1.35169699]
                [0.38573819 0.         0.13445802 0.13445802 0.        ],
  "funcao_objetivo": 0.95754706510354420937343492300359092916214149154654,
  "confiabilidade_total": 0.95754706510354420937343492300359092916214149154654
}
 
Individuo 26:
{
  "Posicao": [0. 0. 9. 4. 9.]
             [1. 1. 2. 1. 1.],
  "Velocidade": [ -6.78770796 -14.2982485    5.72670701  -3.61448166   0.24344841]
                [0.         0.         0.         0.16152392 0.        ],
  "funcao_objetivo": 0.97564387933888486386561500532465515483002156294106,
  "confiabilidade_total": 0.97564387933888486386561500532465515483002156294106
}
 
Individuo 27:
{
  "Posicao": [1. 0. 6. 8. 9.]
             [1. 1. 2. 2. 1.],
  "Velocidade": [ 1.37296402 -3.679522    1.01237344 -0.51483009  1.50672722]
                [-1.16661295  0.         -1.16661295 -1.16661295  0.        ],
  "funcao_objetivo": 0.94094386461465540254749386129825690898833683220891,
  "confiabilidade_total": 0.99167719794798868705639889798982974083010459779052
}
 
Individuo 28:
{
  "Posicao": [1. 3. 2. 8. 9.]
             [1. 1. 2. 1. 1.],
  "Velocidade": [-6.29784509  1.90145029 -1.8360559   0.28368869  0.67964557]
                [ 0.          0.          0.         -1.27728599  0.        ],
  "funcao_objetivo": 0.96640912517628341822715187857574740837909547056478,
  "confiabilidade_total": 0.96640912517628341822715187857574740837909547056478
}
 
Individuo 29:
{
  "Posicao": [0. 3. 5. 9. 9.]
             [1. 1. 1. 2. 1.],
  "Velocidade": [ 0.11201333  2.58080699  0.          6.85078738 -0.09956741]
                [ 0.          0.         -2.37535336  0.          0.        ],
  "funcao_objetivo": 0.97134868836358630489307529460312871601638826493115,
  "confiabilidade_total": 0.97134868836358630489307529460312871601638826493115
}
 
Individuo 30:
{
  "Posicao": [0. 0. 0. 9. 9.]
             [1. 1. 2. 1. 1.],
  "Velocidade": [-13.8190903   -5.16490046   0.38453667   3.2230525   -0.0472934 ]
                [0.         0.         0.         0.12266648 0.        ],
  "funcao_objetivo": 0.97440255325019852386479262933014852866693789183652,
  "confiabilidade_total": 0.97460255325019834197235748777941397226317010864174
}
 
Individuo 31:
{
  "Posicao": [9. 9. 7. 9. 9.]
             [1. 2. 1. 1. 1.],
  "Velocidade": [ 5.41989152  4.78050385  2.94975546  0.08559908 -0.06165634]
                [ 0.          0.86285156 -0.833822   -0.833822    0.        ],
  "funcao_objetivo": 0.91722602872747288079869826219014751321726011216216,
  "confiabilidade_total": 0.95512602872747280066280034474634842543952630936675
}
 
Individuo 32:
{
  "Posicao": [0. 0. 5. 9. 9.]
             [1. 1. 1. 1. 1.],
  "Velocidade": [-1.86295632 -2.22522454  5.07849301 10.34723425  9.6501735 ]
                [ 0.          0.         -0.72728836 -0.72728836  0.        ],
  "funcao_objetivo": 0.95585658385351945670847937361237199870187003461128,
  "confiabilidade_total": 0.95585658385351945670847937361237199870187003461128
}
 
Individuo 33:
{
  "Posicao": [0. 1. 5. 7. 9.]
             [1. 1. 2. 2. 1.],
  "Velocidade": [ 0.08619584 -1.79247921  0.62168362 -0.93560881 -0.08619584]
                [ 0.          0.          0.         -0.00957732  0.        ],
  "funcao_objetivo": 0.99192793684665515523880642909185917120259793154252,
  "confiabilidade_total": 0.99192793684665515523880642909185917120259793154252
}
 
Individuo 34:
{
  "Posicao": [0. 7. 5. 9. 9.]
             [1. 1. 1. 1. 1.],
  "Velocidade": [-12.50966186   6.89765086   0.          -0.49691057   6.60433163]
                [-1.80421552  0.         -1.80421552 -1.80421552  0.        ],
  "funcao_objetivo": 0.94297625047807892246469137437471880668164695379690,
  "confiabilidade_total": 0.94297625047807892246469137437471880668164695379690
}
 
Individuo 35:
{
  "Posicao": [0. 2. 0. 0. 6.]
             [1. 1. 2. 2. 1.],
  "Velocidade": [-1.34702641 -4.37581272 -7.63647279 -9.26565205 -3.27680766]
                [0.         0.         0.56855605 0.56855605 0.46419466],
  "funcao_objetivo": 0.77169456217642125297678425080122160363155685045583,
  "confiabilidade_total": 0.99662789550975449858954603679322808385971270181997
}
 
Individuo 36:
{
  "Posicao": [0. 0. 1. 7. 9.]
             [1. 1. 1. 1. 1.],
  "Velocidade": [-5.51308558 -3.13908249 -5.51308558 -1.7109195   2.72777276]
                [ 0.          0.         -2.75654279 -2.75654279  0.        ],
  "funcao_objetivo": 0.96275845716927342554014018382663830776432587361104,
  "confiabilidade_total": 0.96275845716927342554014018382663830776432587361104
}
 
Individuo 37:
{
  "Posicao": [5. 4. 0. 3. 1.]
             [1. 1. 1. 1. 3.],
  "Velocidade": [ 4.82433102  4.04355514 -7.07697799 -5.57847997 -8.23257928]
                [ 0.          0.         -1.86544747 -1.86544747  1.86544747],
  "funcao_objetivo": 0.83091493295568909319626127706315666931763619124257,
  "confiabilidade_total": 0.95758159962235590937296192658423744636670082747304
}
 
Individuo 38:
{
  "Posicao": [1. 7. 6. 9. 9.]
             [1. 1. 3. 3. 2.],
  "Velocidade": [ 0.38848576 -0.46559473  0.38848576  3.13261315  1.40120262]
                [ 0.          0.         -0.38848576 -0.38848576  0.38848576],
  "funcao_objetivo": -0.09466014782948828441837486713180075529015511513771,
  "confiabilidade_total": 0.99817318550384492782663391375112590250575095175682
}
 
Individuo 39:
{
  "Posicao": [0. 0. 6. 9. 9.]
             [1. 1. 3. 3. 1.],
  "Velocidade": [ -7.09930502 -12.13460147  -3.4861042    3.52212888   1.47382389]
                [ 0.          0.          2.2054291   2.2054291  -3.54965251],
  "funcao_objetivo": 0.14162397341242550510207443764817393647203373011531,
  "confiabilidade_total": 0.99852397341242516706136789978051050828466342982234
}
 
Individuo 40:
{
  "Posicao": [2. 4. 8. 9. 0.]
             [1. 1. 1. 1. 3.],
  "Velocidade": [ 0.55449656  3.75125662  2.80327579  0.62710757 -9.27317142]
                [ 0.          0.         -2.80327579 -2.80327579  0.55449656],
  "funcao_objetivo": 0.74767184126094354743987997509241078277580776193292,
  "confiabilidade_total": 0.94667184126094355765393180164385095467321910836847
}
 
Individuo 41:
{
  "Posicao": [0. 3. 9. 9. 9.]
             [1. 1. 3. 3. 1.],
  "Velocidade": [ 0.24679291 -1.71507166  0.62939899  1.30876634  0.49358581]
                [ 0.          0.         -0.23052452 -0.23052452 -0.50604278],
  "funcao_objetivo": 0.044354244483155561748597881382175990687067437325915,
  "confiabilidade_total": 0.99797091114982195222138196863323290769880526081224
}
 
Individuo 42:
{
  "Posicao": [0. 0. 0. 9. 9.]
             [1. 1. 1. 1. 1.],
  "Velocidade": [ -2.87216652 -11.69705474  -7.78348622   0.75501998   2.87216652]
                [ 0.          0.         -3.3238493  -3.3238493   0.22082737],
  "funcao_objetivo": 0.96307221187807005169156009759117714522786994591274,
  "confiabilidade_total": 0.96307221187807005169156009759117714522786994591274
}
 
Individuo 43:
{
  "Posicao": [1. 4. 9. 8. 9.]
             [1. 1. 1. 1. 3.],
  "Velocidade": [-2.20863681  2.48813954  2.52340262 -1.29616286  2.13513888]
                [0.         0.         0.32709857 0.32709857 1.55151772],
  "funcao_objetivo": 0.73138771410673030992537519805874328500541696665803,
  "confiabilidade_total": 0.94830438077339690094884645359807766414197931407014
}
 
Individuo 44:
{
  "Posicao": [1. 5. 6. 9. 9.]
             [1. 1. 1. 1. 1.],
  "Velocidade": [0.8526328  5.21120104 0.8526328  1.29124128 0.8526328 ]
                [0.         0.         0.37653411 0.37653411 0.        ],
  "funcao_objetivo": 0.93993125185682497533572160843852859164042099031112,
  "confiabilidade_total": 0.93993125185682497533572160843852859164042099031112
}
 
Individuo 45:
{
  "Posicao": [0. 1. 3. 6. 9.]
             [1. 1. 2. 2. 1.],
  "Velocidade": [ 0.19023563 -1.25899272  0.2135402   1.16295863  1.07437491]
                [0.         0.         1.43072428 1.43072428 0.        ],
  "funcao_objetivo": 0.81672516731297069999700103724200984892082797973686,
  "confiabilidade_total": 0.99272516731297074529410044194839669820500003784233
}
 
Individuo 46:
{
  "Posicao": [0. 0. 4. 6. 9.]
             [1. 1. 3. 3. 1.],
  "Velocidade": [-13.39635182  -6.71584067   2.58418215   5.22020653   0.14285576]
                [ 0.          0.          2.83751089  2.83751089 -2.29169732],
  "funcao_objetivo": 0.12097054101554901755082723860982338047345616678848,
  "confiabilidade_total": 0.99887054101554903122877490199175195849259831766738
}
 
Individuo 47:
{
  "Posicao": [0. 1. 8. 6. 9.]
             [1. 1. 2. 2. 1.],
  "Velocidade": [ 0.39241323 -2.51809041  0.02585967  0.61172366  0.19620661]
                [0.         0.         0.91394663 0.91394663 0.22750371],
  "funcao_objetivo": 0.94094386461465540254749386129825690898833683220891,
  "confiabilidade_total": 0.99167719794798868705639889798982974083010459779052
}
 
Individuo 48:
{
  "Posicao": [3. 2. 9. 9. 0.]
             [1. 1. 1. 1. 1.],
  "Velocidade": [-1.7037227   1.93491517 12.22367173  0.62831617 -8.50172571]
                [ 0.         0.        -4.6190468 -4.6190468  0.       ],
  "funcao_objetivo": 0.94201797967560309019627055366328951941615268465683,
  "confiabilidade_total": 0.94201797967560309019627055366328951941615268465683
}
 
Individuo 49:
{
  "Posicao": [6. 7. 9. 1. 7.]
             [1. 1. 1. 1. 1.],
  "Velocidade": [-0.16251185 -0.31175698  9.06387281  0.97189505  0.28331665]
                [0.         0.         0.20206072 0.20206072 0.        ],
  "funcao_objetivo": 0.94007636943925574896105931524712383158190404733843,
  "confiabilidade_total": 0.94007636943925574896105931524712383158190404733843
}
 
Individuo 50:
{
  "Posicao": [1. 0. 6. 9. 9.]
             [1. 1. 3. 3. 1.],
  "Velocidade": [-7.54344847 -2.33868599 -1.72070533  1.61022751  0.        ]
                [0.         0.         1.29100232 1.29100232 0.        ],
  "funcao_objetivo": 0.17319603983372092721585573080656534117290696217635,
  "confiabilidade_total": 0.99841270650038774765581279488824723344871720387557
}
 
-----------------------------------------
-----------------------------------------
-----------------------------------------
-----------------------------------------
GERACAO 5
Populacao antes da execucao:
Individuo 1:
{
  "Posicao": [0. 0. 5. 6. 9.]
             [1. 1. 2. 2. 1.],
  "Velocidade": [ 0.          0.21098677  0.         -2.85623732  0.        ]
                [0. 0. 0. 0. 0.],
  "funcao_objetivo": 0.92222845923873156620687892644793787129171731583422,
  "confiabilidade_total": 0.99264512590539813813451415843457975514181497208422
}
 
Individuo 2:
{
  "Posicao": [1. 0. 5. 9. 9.]
             [1. 1. 2. 2. 1.],
  "Velocidade": [-0.1104609  -1.73061183  0.          1.18271402 -0.4704629 ]
                [ 0.          0.          0.         -0.23523145  0.23523145],
  "funcao_objetivo": 0.91720855563325425027928111935584761738163172319107,
  "confiabilidade_total": 0.99120855563325421539052257051030333456900655343704
}
 
Individuo 3:
{
  "Posicao": [0. 4. 0. 0. 9.]
             [1. 1. 1. 1. 1.],
  "Velocidade": [-5.92630853  4.32851724 -1.86787332 -7.05487897 -0.42602795]
                [-1.51523953  0.          0.0673938   0.0673938   0.        ],
  "funcao_objetivo": 0.96677608645347568958927359075641871148400542473212,
  "confiabilidade_total": 0.96677608645347568958927359075641871148400542473212
}
 
Individuo 4:
{
  "Posicao": [3. 9. 2. 0. 6.]
             [1. 3. 3. 3. 3.],
  "Velocidade": [ 0.82080266  6.14789045  1.82727152 -2.82863197 -0.82080266]
                [ 0.         -0.29681377  2.24691941  2.24691941 -0.29681377],
  "funcao_objetivo": -1.0133366125134136313963129291883170884033698742344,
  "confiabilidade_total": 0.99959672081991949878100987140303810127768328738666
}
 
Individuo 5:
{
  "Posicao": [8. 1. 5. 6. 7.]
             [3. 1. 1. 1. 1.],
  "Velocidade": [-1.35083529 -0.19265842  0.          5.58261568  4.35399164]
                [-0.27538685  0.         -1.91553073 -1.91553073  0.        ],
  "funcao_objetivo": 0.97404529435072711566507749054024624122512769195254,
  "confiabilidade_total": 0.97404529435072711566507749054024624122512769195254
}
 
Individuo 6:
{
  "Posicao": [0. 2. 6. 8. 5.]
             [2. 1. 1. 1. 1.],
  "Velocidade": [ 0.         -4.78849451  5.23943037 -0.03085678  4.9248145 ]
                [-1.19312671  0.          0.46735105  0.46735105  0.        ],
  "funcao_objetivo": 0.97017645776070329633941250442486826385040961160554,
  "confiabilidade_total": 0.97017645776070329633941250442486826385040961160554
}
 
Individuo 7:
{
  "Posicao": [0. 0. 7. 9. 8.]
             [1. 1. 3. 3. 1.],
  "Velocidade": [ -8.15902876 -11.8700589    0.72964159  12.44397361   2.20363616]
                [-2.80691255  0.         -0.49847006 -0.49847006  0.        ],
  "funcao_objetivo": 0.29057975407754801876796857238096133774451187808871,
  "confiabilidade_total": 0.99851308741088148867353690827021789705685547550082
}
 
Individuo 8:
{
  "Posicao": [0. 2. 4. 1. 2.]
             [1. 1. 2. 1. 1.],
  "Velocidade": [ 0.          1.08575002 -3.01180977  0.5022793  -1.30751913]
                [ 0.          0.          0.         -0.67044313  0.        ],
  "funcao_objetivo": 0.88341911122433438563794259838598748109300490165101,
  "confiabilidade_total": 0.97783577789100092337070867191780791989524718070374
}
 
Individuo 9:
{
  "Posicao": [2. 7. 0. 0. 9.]
             [1. 1. 1. 2. 1.],
  "Velocidade": [-0.16877571  5.66807942 -2.08224162 -4.75916197  0.        ]
                [ 0.          0.         -1.36558714  0.          0.        ],
  "funcao_objetivo": 0.97977048294680360144016282740220205449876352063925,
  "confiabilidade_total": 0.97977048294680360144016282740220205449876352063925
}
 
Individuo 10:
{
  "Posicao": [0. 0. 5. 7. 9.]
             [1. 1. 1. 2. 1.],
  "Velocidade": [ 0.         -4.23899934  0.         -1.58040595  4.30576693]
                [ 0.          0.         -2.3492723   0.         -2.05287282],
  "funcao_objetivo": 0.97474460019735979372616169573852345478915384167302,
  "confiabilidade_total": 0.97474460019735979372616169573852345478915384167302
}
 
Individuo 11:
{
  "Posicao": [0. 9. 0. 9. 9.]
             [1. 2. 3. 3. 1.],
  "Velocidade": [-6.08444225e-01  1.13528505e+01  1.45649634e-03 -1.83009022e-01
  0.00000000e+00]
                [0.         1.05638832 2.6482906  2.6482906  0.        ],
  "funcao_objetivo": -0.30848313906941396558330318012362643786648611950584,
  "confiabilidade_total": 0.99948352759725242320194190969719253770133156848245
}
 
Individuo 12:
{
  "Posicao": [0. 5. 3. 9. 8.]
             [1. 1. 1. 1. 1.],
  "Velocidade": [-0.50645503  4.50007582 -1.05828206  0.80325616 -0.79953735]
                [-0.50645503  0.         -0.51642821 -0.51642821  0.        ],
  "funcao_objetivo": 0.94583966816158856848190817957077147344024267914088,
  "confiabilidade_total": 0.94583966816158856848190817957077147344024267914088
}
 
Individuo 13:
{
  "Posicao": [2. 8. 9. 9. 9.]
             [2. 1. 1. 1. 1.],
  "Velocidade": [ 0.82750251  7.72800088  1.36014333 -0.44510706  0.        ]
                [ 0.8013462   0.         -0.64690969 -0.64690969  0.        ],
  "funcao_objetivo": 0.95768989430121401894525016088262665553928342066731,
  "confiabilidade_total": 0.95768989430121401894525016088262665553928342066731
}
 
Individuo 14:
{
  "Posicao": [7. 0. 7. 9. 7.]
             [3. 1. 3. 3. 3.],
  "Velocidade": [-1.80314186 -7.51733119  4.6884297  10.5332943   0.95150996]
                [ 0.54882793  0.         -0.15950247 -0.15950247  0.54882793],
  "funcao_objetivo": -0.72157172326733328340576601931957079149427694586206,
  "confiabilidade_total": 0.99924494339933315565037762552833633445558267327856
}
 
Individuo 15:
{
  "Posicao": [6. 8. 2. 8. 9.]
             [1. 1. 1. 2. 1.],
  "Velocidade": [ 2.37802162  4.6441223  -5.18018947  0.34762724  0.54263588]
                [ 0.          0.         -1.11347239  0.          0.        ],
  "funcao_objetivo": 0.96678770725168022356277532705306590888831401649735,
  "confiabilidade_total": 0.96678770725168022356277532705306590888831401649735
}
 
Individuo 16:
{
  "Posicao": [0. 1. 5. 9. 9.]
             [1. 1. 2. 2. 1.],
  "Velocidade": [ 0.10344107  0.94985591 -0.10344107  6.88953612  0.10344107]
                [0.         0.         0.10344107 0.         0.        ],
  "funcao_objetivo": 0.91711167567996613350049320451383440516100937123587,
  "confiabilidade_total": 0.99111167567996609861173465566829012234838420148184
}
 
Individuo 17:
{
  "Posicao": [4. 1. 2. 6. 5.]
             [1. 1. 1. 2. 1.],
  "Velocidade": [-0.26426109 -2.85393271 -1.55033351  2.15951178  0.26426109]
                [ 0.          0.         -1.53299702  0.          0.        ],
  "funcao_objetivo": 0.97175907997161370654530741409253347867688914980260,
  "confiabilidade_total": 0.97175907997161370654530741409253347867688914980260
}
 
Individuo 18:
{
  "Posicao": [3. 0. 5. 3. 8.]
             [2. 1. 3. 3. 1.],
  "Velocidade": [ 0.08668893 -2.81422825 -0.88830293 -0.79844625 -1.03920665]
                [0.48831165 0.         1.0470951  1.0470951  0.        ],
  "funcao_objetivo": 0.21489875504644582881115253407055961901456443059036,
  "confiabilidade_total": 0.99938208837977897257760515607383086348086920964310
}
 
Individuo 19:
{
  "Posicao": [0. 0. 5. 9. 9.]
             [1. 1. 2. 2. 1.],
  "Velocidade": [-5.6332206  -4.53807047 -0.17934132  0.61592702  6.8305548 ]
                [0.17934132 0.         0.         0.17934132 0.        ],
  "funcao_objetivo": 0.88616243678995949243520955834684797464334271323701,
  "confiabilidade_total": 0.99184577012329281601338324864047250612103245627900
}
 
Individuo 20:
{
  "Posicao": [8. 2. 6. 6. 9.]
             [1. 1. 1. 2. 3.],
  "Velocidade": [ 7.86886909  1.53227451 -0.31369009 -1.0394125   2.34786135]
                [0.         0.         0.31369009 0.         1.6737346 ],
  "funcao_objetivo": 0.56082921488462207877575127364465948422977777303592,
  "confiabilidade_total": 0.96569588155128884228347163494831398358175607503787
}
 
Individuo 21:
{
  "Posicao": [3. 1. 5. 8. 9.]
             [2. 1. 2. 3. 1.],
  "Velocidade": [ 2.20372844  1.43772537  0.         -1.47265924  0.77859765]
                [0.94801994 0.         0.         1.74654121 0.        ],
  "funcao_objetivo": 0.54278210170546920231249995918352658703748395123855,
  "confiabilidade_total": 0.99789876837213567738427852287151188432995488324538
}
 
Individuo 22:
{
  "Posicao": [4. 7. 4. 5. 7.]
             [1. 1. 2. 2. 1.],
  "Velocidade": [ 2.22152461  6.47784457  2.28707106 -1.11424173 -1.15810149]
                [0.         0.         0.         1.23192171 0.        ],
  "funcao_objetivo": 0.91478538185737379039721919853490563245727560784627,
  "confiabilidade_total": 0.98986871519070727831060499384420127744092486169148
}
 
Individuo 23:
{
  "Posicao": [5. 6. 8. 3. 9.]
             [1. 2. 1. 1. 1.],
  "Velocidade": [ 3.49642123  4.94424025  4.27934378 -5.11264655  0.23084456]
                [ 0.         -1.31554446 -1.19360927 -1.19360927  0.        ],
  "funcao_objetivo": 0.96079435323076686813861012588516384656470885800213,
  "confiabilidade_total": 0.96079435323076686813861012588516384656470885800213
}
 
Individuo 24:
{
  "Posicao": [0. 1. 4. 9. 9.]
             [1. 1. 2. 2. 1.],
  "Velocidade": [-1.3630294   1.03058561 -1.1118763   1.26165333  0.54456138]
                [0.18152046 0.         0.18152046 0.18152046 0.        ],
  "funcao_objetivo": 0.69270655525042834516823800010735244830678532835999,
  "confiabilidade_total": 0.99163988858376165997564979586224031043778489348450
}
 
Individuo 25:
{
  "Posicao": [7. 8. 4. 9. 7.]
             [2. 1. 1. 1. 1.],
  "Velocidade": [ 3.99242836  3.10045522  3.57328227  0.71479467 -1.35169699]
                [0.38573819 0.         0.13445802 0.13445802 0.        ],
  "funcao_objetivo": 0.95754706510354420937343492300359092916214149154654,
  "confiabilidade_total": 0.95754706510354420937343492300359092916214149154654
}
 
Individuo 26:
{
  "Posicao": [0. 0. 9. 4. 9.]
             [1. 1. 2. 1. 1.],
  "Velocidade": [ -6.78770796 -14.2982485    5.72670701  -3.61448166   0.24344841]
                [0.         0.         0.         0.16152392 0.        ],
  "funcao_objetivo": 0.97564387933888486386561500532465515483002156294106,
  "confiabilidade_total": 0.97564387933888486386561500532465515483002156294106
}
 
Individuo 27:
{
  "Posicao": [1. 0. 6. 8. 9.]
             [1. 1. 2. 2. 1.],
  "Velocidade": [ 1.37296402 -3.679522    1.01237344 -0.51483009  1.50672722]
                [-1.16661295  0.         -1.16661295 -1.16661295  0.        ],
  "funcao_objetivo": 0.94094386461465540254749386129825690898833683220891,
  "confiabilidade_total": 0.99167719794798868705639889798982974083010459779052
}
 
Individuo 28:
{
  "Posicao": [1. 3. 2. 8. 9.]
             [1. 1. 2. 1. 1.],
  "Velocidade": [-6.29784509  1.90145029 -1.8360559   0.28368869  0.67964557]
                [ 0.          0.          0.         -1.27728599  0.        ],
  "funcao_objetivo": 0.96640912517628341822715187857574740837909547056478,
  "confiabilidade_total": 0.96640912517628341822715187857574740837909547056478
}
 
Individuo 29:
{
  "Posicao": [0. 3. 5. 9. 9.]
             [1. 1. 1. 2. 1.],
  "Velocidade": [ 0.11201333  2.58080699  0.          6.85078738 -0.09956741]
                [ 0.          0.         -2.37535336  0.          0.        ],
  "funcao_objetivo": 0.97134868836358630489307529460312871601638826493115,
  "confiabilidade_total": 0.97134868836358630489307529460312871601638826493115
}
 
Individuo 30:
{
  "Posicao": [0. 0. 0. 9. 9.]
             [1. 1. 2. 1. 1.],
  "Velocidade": [-13.8190903   -5.16490046   0.38453667   3.2230525   -0.0472934 ]
                [0.         0.         0.         0.12266648 0.        ],
  "funcao_objetivo": 0.97440255325019852386479262933014852866693789183652,
  "confiabilidade_total": 0.97460255325019834197235748777941397226317010864174
}
 
Individuo 31:
{
  "Posicao": [9. 9. 7. 9. 9.]
             [1. 2. 1. 1. 1.],
  "Velocidade": [ 5.41989152  4.78050385  2.94975546  0.08559908 -0.06165634]
                [ 0.          0.86285156 -0.833822   -0.833822    0.        ],
  "funcao_objetivo": 0.91722602872747288079869826219014751321726011216216,
  "confiabilidade_total": 0.95512602872747280066280034474634842543952630936675
}
 
Individuo 32:
{
  "Posicao": [0. 0. 5. 9. 9.]
             [1. 1. 1. 1. 1.],
  "Velocidade": [-1.86295632 -2.22522454  5.07849301 10.34723425  9.6501735 ]
                [ 0.          0.         -0.72728836 -0.72728836  0.        ],
  "funcao_objetivo": 0.95585658385351945670847937361237199870187003461128,
  "confiabilidade_total": 0.95585658385351945670847937361237199870187003461128
}
 
Individuo 33:
{
  "Posicao": [0. 1. 5. 7. 9.]
             [1. 1. 2. 2. 1.],
  "Velocidade": [ 0.08619584 -1.79247921  0.62168362 -0.93560881 -0.08619584]
                [ 0.          0.          0.         -0.00957732  0.        ],
  "funcao_objetivo": 0.99192793684665515523880642909185917120259793154252,
  "confiabilidade_total": 0.99192793684665515523880642909185917120259793154252
}
 
Individuo 34:
{
  "Posicao": [0. 7. 5. 9. 9.]
             [1. 1. 1. 1. 1.],
  "Velocidade": [-12.50966186   6.89765086   0.          -0.49691057   6.60433163]
                [-1.80421552  0.         -1.80421552 -1.80421552  0.        ],
  "funcao_objetivo": 0.94297625047807892246469137437471880668164695379690,
  "confiabilidade_total": 0.94297625047807892246469137437471880668164695379690
}
 
Individuo 35:
{
  "Posicao": [0. 2. 0. 0. 6.]
             [1. 1. 2. 2. 1.],
  "Velocidade": [-1.34702641 -4.37581272 -7.63647279 -9.26565205 -3.27680766]
                [0.         0.         0.56855605 0.56855605 0.46419466],
  "funcao_objetivo": 0.77169456217642125297678425080122160363155685045583,
  "confiabilidade_total": 0.99662789550975449858954603679322808385971270181997
}
 
Individuo 36:
{
  "Posicao": [0. 0. 1. 7. 9.]
             [1. 1. 1. 1. 1.],
  "Velocidade": [-5.51308558 -3.13908249 -5.51308558 -1.7109195   2.72777276]
                [ 0.          0.         -2.75654279 -2.75654279  0.        ],
  "funcao_objetivo": 0.96275845716927342554014018382663830776432587361104,
  "confiabilidade_total": 0.96275845716927342554014018382663830776432587361104
}
 
Individuo 37:
{
  "Posicao": [5. 4. 0. 3. 1.]
             [1. 1. 1. 1. 3.],
  "Velocidade": [ 4.82433102  4.04355514 -7.07697799 -5.57847997 -8.23257928]
                [ 0.          0.         -1.86544747 -1.86544747  1.86544747],
  "funcao_objetivo": 0.83091493295568909319626127706315666931763619124257,
  "confiabilidade_total": 0.95758159962235590937296192658423744636670082747304
}
 
Individuo 38:
{
  "Posicao": [1. 7. 6. 9. 9.]
             [1. 1. 3. 3. 2.],
  "Velocidade": [ 0.38848576 -0.46559473  0.38848576  3.13261315  1.40120262]
                [ 0.          0.         -0.38848576 -0.38848576  0.38848576],
  "funcao_objetivo": -0.09466014782948828441837486713180075529015511513771,
  "confiabilidade_total": 0.99817318550384492782663391375112590250575095175682
}
 
Individuo 39:
{
  "Posicao": [0. 0. 6. 9. 9.]
             [1. 1. 3. 3. 1.],
  "Velocidade": [ -7.09930502 -12.13460147  -3.4861042    3.52212888   1.47382389]
                [ 0.          0.          2.2054291   2.2054291  -3.54965251],
  "funcao_objetivo": 0.14162397341242550510207443764817393647203373011531,
  "confiabilidade_total": 0.99852397341242516706136789978051050828466342982234
}
 
Individuo 40:
{
  "Posicao": [2. 4. 8. 9. 0.]
             [1. 1. 1. 1. 3.],
  "Velocidade": [ 0.55449656  3.75125662  2.80327579  0.62710757 -9.27317142]
                [ 0.          0.         -2.80327579 -2.80327579  0.55449656],
  "funcao_objetivo": 0.74767184126094354743987997509241078277580776193292,
  "confiabilidade_total": 0.94667184126094355765393180164385095467321910836847
}
 
Individuo 41:
{
  "Posicao": [0. 3. 9. 9. 9.]
             [1. 1. 3. 3. 1.],
  "Velocidade": [ 0.24679291 -1.71507166  0.62939899  1.30876634  0.49358581]
                [ 0.          0.         -0.23052452 -0.23052452 -0.50604278],
  "funcao_objetivo": 0.044354244483155561748597881382175990687067437325915,
  "confiabilidade_total": 0.99797091114982195222138196863323290769880526081224
}
 
Individuo 42:
{
  "Posicao": [0. 0. 0. 9. 9.]
             [1. 1. 1. 1. 1.],
  "Velocidade": [ -2.87216652 -11.69705474  -7.78348622   0.75501998   2.87216652]
                [ 0.          0.         -3.3238493  -3.3238493   0.22082737],
  "funcao_objetivo": 0.96307221187807005169156009759117714522786994591274,
  "confiabilidade_total": 0.96307221187807005169156009759117714522786994591274
}
 
Individuo 43:
{
  "Posicao": [1. 4. 9. 8. 9.]
             [1. 1. 1. 1. 3.],
  "Velocidade": [-2.20863681  2.48813954  2.52340262 -1.29616286  2.13513888]
                [0.         0.         0.32709857 0.32709857 1.55151772],
  "funcao_objetivo": 0.73138771410673030992537519805874328500541696665803,
  "confiabilidade_total": 0.94830438077339690094884645359807766414197931407014
}
 
Individuo 44:
{
  "Posicao": [1. 5. 6. 9. 9.]
             [1. 1. 1. 1. 1.],
  "Velocidade": [0.8526328  5.21120104 0.8526328  1.29124128 0.8526328 ]
                [0.         0.         0.37653411 0.37653411 0.        ],
  "funcao_objetivo": 0.93993125185682497533572160843852859164042099031112,
  "confiabilidade_total": 0.93993125185682497533572160843852859164042099031112
}
 
Individuo 45:
{
  "Posicao": [0. 1. 3. 6. 9.]
             [1. 1. 2. 2. 1.],
  "Velocidade": [ 0.19023563 -1.25899272  0.2135402   1.16295863  1.07437491]
                [0.         0.         1.43072428 1.43072428 0.        ],
  "funcao_objetivo": 0.81672516731297069999700103724200984892082797973686,
  "confiabilidade_total": 0.99272516731297074529410044194839669820500003784233
}
 
Individuo 46:
{
  "Posicao": [0. 0. 4. 6. 9.]
             [1. 1. 3. 3. 1.],
  "Velocidade": [-13.39635182  -6.71584067   2.58418215   5.22020653   0.14285576]
                [ 0.          0.          2.83751089  2.83751089 -2.29169732],
  "funcao_objetivo": 0.12097054101554901755082723860982338047345616678848,
  "confiabilidade_total": 0.99887054101554903122877490199175195849259831766738
}
 
Individuo 47:
{
  "Posicao": [0. 1. 8. 6. 9.]
             [1. 1. 2. 2. 1.],
  "Velocidade": [ 0.39241323 -2.51809041  0.02585967  0.61172366  0.19620661]
                [0.         0.         0.91394663 0.91394663 0.22750371],
  "funcao_objetivo": 0.94094386461465540254749386129825690898833683220891,
  "confiabilidade_total": 0.99167719794798868705639889798982974083010459779052
}
 
Individuo 48:
{
  "Posicao": [3. 2. 9. 9. 0.]
             [1. 1. 1. 1. 1.],
  "Velocidade": [-1.7037227   1.93491517 12.22367173  0.62831617 -8.50172571]
                [ 0.         0.        -4.6190468 -4.6190468  0.       ],
  "funcao_objetivo": 0.94201797967560309019627055366328951941615268465683,
  "confiabilidade_total": 0.94201797967560309019627055366328951941615268465683
}
 
Individuo 49:
{
  "Posicao": [6. 7. 9. 1. 7.]
             [1. 1. 1. 1. 1.],
  "Velocidade": [-0.16251185 -0.31175698  9.06387281  0.97189505  0.28331665]
                [0.         0.         0.20206072 0.20206072 0.        ],
  "funcao_objetivo": 0.94007636943925574896105931524712383158190404733843,
  "confiabilidade_total": 0.94007636943925574896105931524712383158190404733843
}
 
Individuo 50:
{
  "Posicao": [1. 0. 6. 9. 9.]
             [1. 1. 3. 3. 1.],
  "Velocidade": [-7.54344847 -2.33868599 -1.72070533  1.61022751  0.        ]
                [0.         0.         1.29100232 1.29100232 0.        ],
  "funcao_objetivo": 0.17319603983372092721585573080656534117290696217635,
  "confiabilidade_total": 0.99841270650038774765581279488824723344871720387557
}
 
-----------------------------------------
Populacao final da era:
Individuo 1:
{
  "Posicao": [0. 2. 5. 6. 9.]
             [1. 1. 2. 2. 1.],
  "Velocidade": [0.         1.62229215 0.         0.37556797 0.        ]
                [0. 0. 0. 0. 0.],
  "funcao_objetivo": 0.90081679349821164015964827013048710246052032266751,
  "confiabilidade_total": 0.99173346016487827192830452941306651514436488901272
}
 
Individuo 2:
{
  "Posicao": [0. 0. 5. 7. 9.]
             [1. 1. 2. 2. 1.],
  "Velocidade": [-2.09247229  0.35530584  0.         -1.50381011 -0.45192478]
                [ 0.          0.          0.         -0.22596239  0.22596239],
  "funcao_objetivo": 0.98945911501329372590789313116663526260815836438401,
  "confiabilidade_total": 0.99255911501329374878403855356798577803708888539536
}
 
Individuo 3:
{
  "Posicao": [5. 5. 0. 6. 7.]
             [1. 1. 1. 1. 1.],
  "Velocidade": [ 4.74247118  0.50730923  0.41951423  6.43243394 -1.56871402]
                [0.29605977 0.         0.10779505 0.10779505 0.        ],
  "funcao_objetivo": 0.94705815421607545107067783253788236188360605127478,
  "confiabilidade_total": 0.94705815421607545107067783253788236188360605127478
}
 
Individuo 4:
{
  "Posicao": [2. 9. 2. 0. 7.]
             [1. 1. 1. 1. 1.],
  "Velocidade": [-1.35115704  3.54306767 -0.16139251  0.39176031  1.35115704]
                [ 0.         -2.38757583 -1.93505631 -1.93505631 -2.38757583],
  "funcao_objetivo": 0.95589318532127864213987521008890406956913739971464,
  "confiabilidade_total": 0.95589318532127864213987521008890406956913739971464
}
 
Individuo 5:
{
  "Posicao": [0. 6. 5. 2. 9.]
             [1. 1. 2. 2. 1.],
  "Velocidade": [-9.7957976   4.62755527  0.         -4.26260601  2.39037732]
                [-2.38908316  0.          0.77777735  0.77777735  0.        ],
  "funcao_objetivo": 0.87903353595276723672334590143411591497587258788156,
  "confiabilidade_total": 0.99253353595276726814265749832604600896464879485177
}
 
Individuo 6:
{
  "Posicao": [0. 0. 8. 7. 7.]
             [1. 1. 2. 2. 1.],
  "Velocidade": [ 0.         -7.01586394  1.73986425 -1.07218292  2.26507344]
                [-1.31159834  0.          0.61442114  0.61442114  0.        ],
  "funcao_objetivo": 0.95790899253846722399879130102430910906272009837280,
  "confiabilidade_total": 0.99230899253846720320431404979512710692809895503174
}
 
Individuo 7:
{
  "Posicao": [6. 9. 4. 9. 9.]
             [3. 1. 1. 1. 1.],
  "Velocidade": [ 5.76833407 11.40233122 -3.37243956  8.67544838  2.08427288]
                [ 2.28246971  0.         -2.10165425 -2.10165425  0.        ],
  "funcao_objetivo": 0.75542253559761590934836075919609047829359876681677,
  "confiabilidade_total": 0.95928920226428232085987116309386383633315670062414
}
 
Individuo 8:
{
  "Posicao": [0. 2. 4. 9. 9.]
             [1. 1. 2. 2. 1.],
  "Velocidade": [ 0.          0.14886973  0.27075903 10.98611597  9.24763082]
                [0.        0.        0.        0.9673849 0.       ],
  "funcao_objetivo": 0.70638149225776175866072136656477162099781131411853,
  "confiabilidade_total": 0.99129815892442817415793242886685695915820693637195
}
 
Individuo 9:
{
  "Posicao": [1. 8. 1. 0. 9.]
             [1. 1. 2. 2. 1.],
  "Velocidade": [-1.36533359  1.23350537  1.0078278   0.24120127  0.        ]
                [0.        0.        0.7101734 0.        0.       ],
  "funcao_objetivo": 0.85372692899355459362025593142776927397795135857723,
  "confiabilidade_total": 0.99507692899355430560619888316965955727942402245663
}
 
Individuo 10:
{
  "Posicao": [0. 1. 5. 6. 9.]
             [1. 1. 1. 2. 3.],
  "Velocidade": [ 0.          1.03471533  0.         -0.66874138  4.13610253]
                [0.         0.         0.11131394 0.         1.97198144],
  "funcao_objetivo": 0.54840014664157538904554523955220267820295560148126,
  "confiabilidade_total": 0.97761681330824207981145302741560064899858701017267
}
 
Individuo 11:
{
  "Posicao": [1. 0. 9. 6. 9.]
             [1. 1. 2. 2. 1.],
  "Velocidade": [ 0.94770688 -9.94142323  9.28476077 -3.25821085  0.        ]
                [ 0.         -0.53547473 -0.53847572 -0.53847572  0.        ],
  "funcao_objetivo": 0.78774043594646813393479042138465995960015510535541,
  "confiabilidade_total": 0.99110710261313467684119578966970987677652095771137
}
 
Individuo 12:
{
  "Posicao": [0. 1. 1. 6. 2.]
             [1. 1. 1. 1. 1.],
  "Velocidade": [ 0.459927   -4.42535658 -1.87089511 -3.06015415 -6.40053048]
                [0.459927   0.         0.49640286 0.49640286 0.        ],
  "funcao_objetivo": 0.96092160834713326610653464953108596060991757887414,
  "confiabilidade_total": 0.96092160834713326610653464953108596060991757887414
}
 
Individuo 13:
{
  "Posicao": [2. 1. 8. 5. 9.]
             [2. 1. 1. 1. 1.],
  "Velocidade": [ 0.18362966 -7.45311089 -1.46992538 -3.84108452  0.        ]
                [0.46413699 0.         0.31578589 0.31578589 0.        ],
  "funcao_objetivo": 0.97103552485387617569326614575246231789870880285992,
  "confiabilidade_total": 0.97103552485387617569326614575246231789870880285992
}
 
Individuo 14:
{
  "Posicao": [0. 7. 9. 9. 9.]
             [2. 1. 2. 2. 2.],
  "Velocidade": [-8.17192252  7.07533175  2.22637517  8.61511813  2.75396857]
                [-1.45853658  0.         -1.36476658 -1.36476658 -1.45853658],
  "funcao_objetivo": 0.079025274387559439513937676332946147343459684606471,
  "confiabilidade_total": 0.99327527438755939110821380267612098487311895584671
}
 
Individuo 15:
{
  "Posicao": [3. 6. 0. 8. 6.]
             [1. 1. 1. 2. 1.],
  "Velocidade": [-2.72725516 -1.555384   -3.80145933 -0.33165896 -3.47227596]
                [0.         0.         0.23433493 0.         0.        ],
  "funcao_objetivo": 0.97471461277594251098221562918431939081772332821255,
  "confiabilidade_total": 0.97471461277594251098221562918431939081772332821255
}
 
Individuo 16:
{
  "Posicao": [0. 2. 5. 6. 9.]
             [1. 1. 2. 2. 1.],
  "Velocidade": [ 0.09936508  1.09816571 -0.09936508 -3.25766555  0.09936508]
                [0.         0.         0.09936508 0.         0.        ],
  "funcao_objetivo": 0.90081679349821164015964827013048710246052032266751,
  "confiabilidade_total": 0.99173346016487827192830452941306651514436488901272
}
 
Individuo 17:
{
  "Posicao": [0. 0. 3. 9. 9.]
             [1. 1. 2. 2. 1.],
  "Velocidade": [-3.5396553  -3.56292816  0.97511118  3.71732197  3.5396553 ]
                [0.         0.         0.65113903 0.         0.        ],
  "funcao_objetivo": 0.72977670560400273575346056463769606051064362318902,
  "confiabilidade_total": 0.99252670560400252503313049078298468810535301955132
}
 
Individuo 18:
{
  "Posicao": [2. 7. 6. 6. 5.]
             [1. 1. 1. 1. 1.],
  "Velocidade": [-1.09367662  6.81009836  1.26079637  3.30869511 -2.72003783]
                [-0.98029465  0.         -2.55762611 -2.55762611  0.        ],
  "funcao_objetivo": 0.94173266619995109171991986887344789103309656620270,
  "confiabilidade_total": 0.94173266619995109171991986887344789103309656620270
}
 
Individuo 19:
{
  "Posicao": [5. 4. 5. 9. 9.]
             [1. 1. 2. 2. 1.],
  "Velocidade": [ 5.41124923  4.35925239 -0.17227456 -0.21725135  6.56140368]
                [0.17227456 0.         0.         0.17227456 0.        ],
  "funcao_objetivo": 0.96149629825028268855267911500630524392171878900135,
  "confiabilidade_total": 0.98791296491694925262548644776996460427462239350880
}
 
Individuo 20:
{
  "Posicao": [6. 2. 4. 7. 9.]
             [1. 1. 3. 2. 2.],
  "Velocidade": [-2.45613655 -0.28136704 -1.55319705  1.13004401  2.25534625]
                [ 0.          0.          1.55319705  0.         -0.89595242],
  "funcao_objetivo": 0.21003647594702475163967694853375324959200200549383,
  "confiabilidade_total": 0.99510314261369155307261583103275516981523808947820
}
 
Individuo 21:
{
  "Posicao": [3. 2. 5. 7. 9.]
             [1. 1. 2. 1. 1.],
  "Velocidade": [-0.13547874  1.12226323  0.         -1.41463059  0.7479178 ]
                [-0.82408728  0.          0.         -3.0089138   0.        ],
  "funcao_objetivo": 0.96738863013562354490440453310311003402857010282977,
  "confiabilidade_total": 0.96738863013562354490440453310311003402857010282977
}
 
Individuo 22:
{
  "Posicao": [0. 1. 3. 6. 9.]
             [1. 1. 2. 2. 1.],
  "Velocidade": [-3.8825237  -5.54319123 -0.83417676  1.38056739  2.72038001]
                [ 0.         0.         0.        -0.4658049  0.       ],
  "funcao_objetivo": 0.81672516731297069999700103724200984892082797973686,
  "confiabilidade_total": 0.99272516731297074529410044194839669820500003784233
}
 
Individuo 23:
{
  "Posicao": [2. 4. 8. 4. 9.]
             [1. 1. 1. 1. 1.],
  "Velocidade": [-3.00141005 -2.36425691 -0.09411117  0.8008759  -0.42624619]
                [ 0.         -2.01732278  0.25503428  0.25503428  0.        ],
  "funcao_objetivo": 0.94473645322403182874696691396741444907301305893983,
  "confiabilidade_total": 0.94473645322403182874696691396741444907301305893983
}
 
Individuo 24:
{
  "Posicao": [1. 0. 5. 8. 9.]
             [1. 1. 2. 2. 1.],
  "Velocidade": [ 0.50121262 -1.14342546  1.06533795 -0.92146274  0.52310349]
                [0.17436783 0.         0.17436783 0.17436783 0.        ],
  "funcao_objetivo": 0.99168231774851155212025844729579333455273676973574,
  "confiabilidade_total": 0.99168231774851155212025844729579333455273676973574
}
 
Individuo 25:
{
  "Posicao": [5. 4. 6. 8. 7.]
             [2. 1. 2. 2. 1.],
  "Velocidade": [-1.72567282 -3.88897261  2.49862088 -0.61984503  0.41837964]
                [-0.03980188  0.          0.98756702  0.98756702  0.        ],
  "funcao_objetivo": 0.84589987462415238031513097447016490095668695060625,
  "confiabilidade_total": 0.99329987462415236967919439856116524369829557029619
}
 
Individuo 26:
{
  "Posicao": [7. 9. 9. 3. 9.]
             [1. 1. 2. 2. 1.],
  "Velocidade": [ 6.52024519 13.73484046  2.65189988 -0.62290464  0.23385558]
                [0.         0.         0.         0.86744724 0.        ],
  "funcao_objetivo": 0.78755354083970879398645270332452412402931210956634,
  "confiabilidade_total": 0.98790354083970862776386145644608689180317876300872
}
 
Individuo 27:
{
  "Posicao": [9. 5. 0. 6. 9.]
             [2. 1. 1. 1. 1.],
  "Velocidade": [ 7.98959702  5.17172923 -6.28680627 -2.23579641  1.44735615]
                [ 1.12064375  0.         -1.12064375 -1.12064375  0.        ],
  "funcao_objetivo": 0.96363120443997750840164642987187276581234676670104,
  "confiabilidade_total": 0.96363120443997750840164642987187276581234676670104
}
 
Individuo 28:
{
  "Posicao": [0. 1. 4. 8. 9.]
             [1. 1. 2. 1. 1.],
  "Velocidade": [-7.28334318 -1.8744494   1.93726699  0.27251022  0.65286482]
                [0.         0.         0.         0.00670249 0.        ],
  "funcao_objetivo": 0.97101725329990148339696452817467692715321999815597,
  "confiabilidade_total": 0.97101725329990148339696452817467692715321999815597
}
 
Individuo 29:
{
  "Posicao": [0. 3. 5. 9. 9.]
             [1. 1. 3. 2. 1.],
  "Velocidade": [ 0.10759956 -0.2359081   0.          2.33938409 -0.09564405]
                [0.         0.         1.89004765 0.         0.        ],
  "funcao_objetivo": 0.68740678789047090786366157648286481891687808742324,
  "confiabilidade_total": 0.99330678789047078820382398238349289205785690059463
}
 
Individuo 30:
{
  "Posicao": [9. 5. 5. 9. 9.]
             [1. 1. 2. 2. 1.],
  "Velocidade": [13.274563    4.96138278  5.10762798  2.14840265 -0.04542985]
                [0.         0.         0.         1.06548165 0.        ],
  "funcao_objetivo": 0.96594106022278773489326505380930995454282688072791,
  "confiabilidade_total": 0.98684106022278776802787122374710690348611401489844
}
 
Individuo 31:
{
  "Posicao": [0. 0. 9. 5. 0.]
             [1. 2. 1. 1. 1.],
  "Velocidade": [-10.02332632 -10.63751956   1.95016629  -4.11096765 -12.0640757 ]
                [ 0.         -0.36312981  0.39101549  0.39101549  0.        ],
  "funcao_objetivo": 0.97565402513592467451147238787143824165819226140386,
  "confiabilidade_total": 0.97565402513592467451147238787143824165819226140386
}
 
Individuo 32:
{
  "Posicao": [2. 2. 9. 9. 9.]
             [1. 1. 2. 2. 1.],
  "Velocidade": [1.78280071 2.12742027 4.86151088 8.17437706 9.24967508]
                [0.         0.         1.04288765 1.04288765 0.        ],
  "funcao_objetivo": 0.76361910190258826379899696797563383913381439586015,
  "confiabilidade_total": 0.98883576856925491215438521515805196574671608348222
}
 
Individuo 33:
{
  "Posicao": [0. 0. 6. 8. 9.]
             [1. 1. 2. 2. 1.],
  "Velocidade": [ 0.08279938 -3.53918327  0.59718681  0.9185928  -0.08279938]
                [ 0.          0.          0.         -0.00919993  0.        ],
  "funcao_objetivo": 0.90988740040263573484937313582600881476978712802556,
  "confiabilidade_total": 0.99230406706930232957821373605180314757022016769078
}
 
Individuo 34:
{
  "Posicao": [9. 3. 5. 5. 9.]
             [3. 1. 1. 1. 1.],
  "Velocidade": [12.01673127 -3.81761917  0.         -3.99841892  6.34409462]
                [1.73312223 0.         0.20972802 0.20972802 0.        ],
  "funcao_objetivo": 0.88723002902730908594057662605915981022499512241792,
  "confiabilidade_total": 0.96858002902730899443599493645375774850927303837251
}
 
Individuo 35:
{
  "Posicao": [0. 0. 2. 5. 6.]
             [1. 1. 2. 2. 2.],
  "Velocidade": [ 0.47643462 -4.71547656  1.50665603  5.00175167 -0.13139356]
                [0.         0.         0.13739588 0.13739588 0.85466032],
  "funcao_objetivo": 0.69882870706230754909576896009393319547710744857531,
  "confiabilidade_total": 0.99466204039564088612984570884445499688921300887804
}
 
Individuo 36:
{
  "Posicao": [5. 1. 7. 7. 9.]
             [1. 1. 1. 1. 1.],
  "Velocidade": [ 5.29584801  1.34621033  5.78691004 -0.32667975  2.62028763]
                [0.         0.         0.12276551 0.12276551 0.        ],
  "funcao_objetivo": 0.94244295554227199527144074307822205322529948125619,
  "confiabilidade_total": 0.94244295554227199527144074307822205322529948125619
}
 
Individuo 37:
{
  "Posicao": [7. 8. 3. 2. 0.]
             [1. 1. 2. 2. 2.],
  "Velocidade": [ 2.30717775  4.04096326  2.78907425 -1.34962303 -1.4937147 ]
                [ 0.          0.          0.99013288  0.99013288 -1.49366282],
  "funcao_objetivo": 0.63379939875137832179637271195146870222520170539863,
  "confiabilidade_total": 0.99254939875137825185232216056660665553640661567695
}
 
Individuo 38:
{
  "Posicao": [0. 0. 5. 9. 9.]
             [1. 1. 1. 1. 1.],
  "Velocidade": [ -0.99509596 -10.02516521  -0.99509596   1.64090187   1.34598965]
                [ 0.          0.         -1.74145169 -1.74145169 -0.99509596],
  "funcao_objetivo": 0.95585658385351945670847937361237199870187003461128,
  "confiabilidade_total": 0.95585658385351945670847937361237199870187003461128
}
 
Individuo 39:
{
  "Posicao": [5. 9. 3. 8. 9.]
             [1. 1. 2. 2. 3.],
  "Velocidade": [ 5.17181527 11.65644975 -2.61913396 -0.83029962  0.59187495]
                [ 0.          0.         -1.27124178 -1.27124178  2.58590764],
  "funcao_objetivo": 0.32012588948638619888100605296343935688939853416712,
  "confiabilidade_total": 0.99000922281971936298674448609957842191663547264369
}
 
Individuo 40:
{
  "Posicao": [0. 1. 5. 8. 5.]
             [1. 1. 2. 2. 1.],
  "Velocidade": [-2.94894178 -2.99941815 -2.70972674 -1.31855628  5.49826713]
                [ 0.          0.          1.13217988  1.13217988 -2.94894178],
  "funcao_objetivo": 0.99175022118997312133632903752496305273128635248970,
  "confiabilidade_total": 0.99175022118997312133632903752496305273128635248970
}
 
Individuo 41:
{
  "Posicao": [0. 2. 7. 8. 9.]
             [1. 1. 1. 1. 2.],
  "Velocidade": [ 0.23706828 -0.76526056 -2.26073364 -0.75823549  0.47413656]
                [ 0.          0.         -3.96900317 -3.96900317  1.24602835],
  "funcao_objetivo": 0.95617134116954062662704594022841340483189628182957,
  "confiabilidade_total": 0.95617134116954062662704594022841340483189628182957
}
 
Individuo 42:
{
  "Posicao": [3. 9. 1. 8. 9.]
             [1. 1. 3. 3. 1.],
  "Velocidade": [ 2.7589917  11.23614411  0.70540388 -0.91116876  2.7589917 ]
                [0.         0.         1.55643844 1.55643844 0.21212589],
  "funcao_objetivo": 0.37140811307120102311489535104695992314952443298787,
  "confiabilidade_total": 0.99842477973786768972235012306695157432693074402302
}
 
Individuo 43:
{
  "Posicao": [0. 0. 0. 5. 9.]
             [1. 1. 3. 3. 1.],
  "Velocidade": [-3.69953156 -3.92159849 -9.28506539 -3.04420237  0.2518924 ]
                [ 0.          0.          3.69124692  3.69124692 -5.26369295],
  "funcao_objetivo": 0.34025483902403272260059455212656289862407370108542,
  "confiabilidade_total": 0.99920483902403242523845963652463511155856771964010
}
 
Individuo 44:
{
  "Posicao": [0. 0. 4. 9. 9.]
             [1. 1. 2. 2. 1.],
  "Velocidade": [-1.98545537 -9.01659626 -1.98545537  0.36034958  0.81903567]
                [0.        0.        1.2417088 1.2417088 0.       ],
  "funcao_objetivo": 0.66174515504826349679987982571175519366501186943138,
  "confiabilidade_total": 0.99236182171492988904902075236306257535456036186302
}
 
Individuo 45:
{
  "Posicao": [0. 2. 3. 5. 8.]
             [1. 1. 1. 1. 1.],
  "Velocidade": [ 0.18273959  0.7375693   0.28705402 -0.78885517 -0.9558765 ]
                [ 0.          0.         -0.61356872 -0.61356872  0.        ],
  "funcao_objetivo": 0.95514108710332369843024218403088400511464478625804,
  "confiabilidade_total": 0.95514108710332369843024218403088400511464478625804
}
 
Individuo 46:
{
  "Posicao": [7. 1. 5. 8. 9.]
             [1. 1. 2. 2. 2.],
  "Velocidade": [6.77541647 0.860469   0.60843286 2.48527829 0.13722668]
                [ 0.          0.         -1.49344179 -1.49344179  0.98278217],
  "funcao_objetivo": 0.80172393159643152912517816287957303985236122657385,
  "confiabilidade_total": 0.99070726492976479623740882073773592538414433051672
}
 
Individuo 47:
{
  "Posicao": [0. 0. 6. 7. 9.]
             [1. 1. 2. 2. 1.],
  "Velocidade": [ 0.37695058 -1.81885824 -1.69272574  1.34181976  0.18847529]
                [0.         0.         0.48708965 0.48708965 0.21853916],
  "funcao_objetivo": 0.88750463749341514350426778862304066709763982346351,
  "confiabilidade_total": 0.99255463749341486349491874791230960685349681427772
}
 
Individuo 48:
{
  "Posicao": [0. 0. 9. 8. 7.]
             [1. 1. 3. 3. 1.],
  "Velocidade": [-6.69604046 -1.5142957   4.99607531 -1.08292574  7.01162991]
                [0.         0.         2.75055419 2.75055419 0.        ],
  "funcao_objetivo": 0.31315393151223906143227262132074325091936404207112,
  "confiabilidade_total": 0.99845393151223913719389182174142556942798907258870
}
 
Individuo 49:
{
  "Posicao": [0. 0. 9. 9. 9.]
             [1. 1. 3. 3. 1.],
  "Velocidade": [-11.58445562 -13.63254446   1.0878218   13.88159583   4.08160197]
                [0.         0.         2.09882329 2.09882329 0.        ],
  "funcao_objetivo": 0.019057156140063301543898937840401476474680884253189,
  "confiabilidade_total": 0.99830715614006325535862111343388939485160349167506
}
 
Individuo 50:
{
  "Posicao": [0. 1. 5. 9. 9.]
             [1. 1. 3. 3. 1.],
  "Velocidade": [-3.99735147  1.30487    -1.22903493  0.08732102  0.        ]
                [ 0.          0.         -0.25150578 -0.25150578  0.        ],
  "funcao_objetivo": 0.36722131273663390417080317410788346750594651139082,
  "confiabilidade_total": 0.99838797940330061332200424976387374771691834366621
}
 
-----------------------------------------
-----------------------------------------
-----------------------------------------
-----------------------------------------
GERACAO 6
Populacao antes da execucao:
Individuo 1:
{
  "Posicao": [0. 2. 5. 6. 9.]
             [1. 1. 2. 2. 1.],
  "Velocidade": [0.         1.62229215 0.         0.37556797 0.        ]
                [0. 0. 0. 0. 0.],
  "funcao_objetivo": 0.90081679349821164015964827013048710246052032266751,
  "confiabilidade_total": 0.99173346016487827192830452941306651514436488901272
}
 
Individuo 2:
{
  "Posicao": [0. 0. 5. 7. 9.]
             [1. 1. 2. 2. 1.],
  "Velocidade": [-2.09247229  0.35530584  0.         -1.50381011 -0.45192478]
                [ 0.          0.          0.         -0.22596239  0.22596239],
  "funcao_objetivo": 0.98945911501329372590789313116663526260815836438401,
  "confiabilidade_total": 0.99255911501329374878403855356798577803708888539536
}
 
Individuo 3:
{
  "Posicao": [5. 5. 0. 6. 7.]
             [1. 1. 1. 1. 1.],
  "Velocidade": [ 4.74247118  0.50730923  0.41951423  6.43243394 -1.56871402]
                [0.29605977 0.         0.10779505 0.10779505 0.        ],
  "funcao_objetivo": 0.94705815421607545107067783253788236188360605127478,
  "confiabilidade_total": 0.94705815421607545107067783253788236188360605127478
}
 
Individuo 4:
{
  "Posicao": [2. 9. 2. 0. 7.]
             [1. 1. 1. 1. 1.],
  "Velocidade": [-1.35115704  3.54306767 -0.16139251  0.39176031  1.35115704]
                [ 0.         -2.38757583 -1.93505631 -1.93505631 -2.38757583],
  "funcao_objetivo": 0.95589318532127864213987521008890406956913739971464,
  "confiabilidade_total": 0.95589318532127864213987521008890406956913739971464
}
 
Individuo 5:
{
  "Posicao": [0. 6. 5. 2. 9.]
             [1. 1. 2. 2. 1.],
  "Velocidade": [-9.7957976   4.62755527  0.         -4.26260601  2.39037732]
                [-2.38908316  0.          0.77777735  0.77777735  0.        ],
  "funcao_objetivo": 0.87903353595276723672334590143411591497587258788156,
  "confiabilidade_total": 0.99253353595276726814265749832604600896464879485177
}
 
Individuo 6:
{
  "Posicao": [0. 0. 8. 7. 7.]
             [1. 1. 2. 2. 1.],
  "Velocidade": [ 0.         -7.01586394  1.73986425 -1.07218292  2.26507344]
                [-1.31159834  0.          0.61442114  0.61442114  0.        ],
  "funcao_objetivo": 0.95790899253846722399879130102430910906272009837280,
  "confiabilidade_total": 0.99230899253846720320431404979512710692809895503174
}
 
Individuo 7:
{
  "Posicao": [6. 9. 4. 9. 9.]
             [3. 1. 1. 1. 1.],
  "Velocidade": [ 5.76833407 11.40233122 -3.37243956  8.67544838  2.08427288]
                [ 2.28246971  0.         -2.10165425 -2.10165425  0.        ],
  "funcao_objetivo": 0.75542253559761590934836075919609047829359876681677,
  "confiabilidade_total": 0.95928920226428232085987116309386383633315670062414
}
 
Individuo 8:
{
  "Posicao": [0. 2. 4. 9. 9.]
             [1. 1. 2. 2. 1.],
  "Velocidade": [ 0.          0.14886973  0.27075903 10.98611597  9.24763082]
                [0.        0.        0.        0.9673849 0.       ],
  "funcao_objetivo": 0.70638149225776175866072136656477162099781131411853,
  "confiabilidade_total": 0.99129815892442817415793242886685695915820693637195
}
 
Individuo 9:
{
  "Posicao": [1. 8. 1. 0. 9.]
             [1. 1. 2. 2. 1.],
  "Velocidade": [-1.36533359  1.23350537  1.0078278   0.24120127  0.        ]
                [0.        0.        0.7101734 0.        0.       ],
  "funcao_objetivo": 0.85372692899355459362025593142776927397795135857723,
  "confiabilidade_total": 0.99507692899355430560619888316965955727942402245663
}
 
Individuo 10:
{
  "Posicao": [0. 1. 5. 6. 9.]
             [1. 1. 1. 2. 3.],
  "Velocidade": [ 0.          1.03471533  0.         -0.66874138  4.13610253]
                [0.         0.         0.11131394 0.         1.97198144],
  "funcao_objetivo": 0.54840014664157538904554523955220267820295560148126,
  "confiabilidade_total": 0.97761681330824207981145302741560064899858701017267
}
 
Individuo 11:
{
  "Posicao": [1. 0. 9. 6. 9.]
             [1. 1. 2. 2. 1.],
  "Velocidade": [ 0.94770688 -9.94142323  9.28476077 -3.25821085  0.        ]
                [ 0.         -0.53547473 -0.53847572 -0.53847572  0.        ],
  "funcao_objetivo": 0.78774043594646813393479042138465995960015510535541,
  "confiabilidade_total": 0.99110710261313467684119578966970987677652095771137
}
 
Individuo 12:
{
  "Posicao": [0. 1. 1. 6. 2.]
             [1. 1. 1. 1. 1.],
  "Velocidade": [ 0.459927   -4.42535658 -1.87089511 -3.06015415 -6.40053048]
                [0.459927   0.         0.49640286 0.49640286 0.        ],
  "funcao_objetivo": 0.96092160834713326610653464953108596060991757887414,
  "confiabilidade_total": 0.96092160834713326610653464953108596060991757887414
}
 
Individuo 13:
{
  "Posicao": [2. 1. 8. 5. 9.]
             [2. 1. 1. 1. 1.],
  "Velocidade": [ 0.18362966 -7.45311089 -1.46992538 -3.84108452  0.        ]
                [0.46413699 0.         0.31578589 0.31578589 0.        ],
  "funcao_objetivo": 0.97103552485387617569326614575246231789870880285992,
  "confiabilidade_total": 0.97103552485387617569326614575246231789870880285992
}
 
Individuo 14:
{
  "Posicao": [0. 7. 9. 9. 9.]
             [2. 1. 2. 2. 2.],
  "Velocidade": [-8.17192252  7.07533175  2.22637517  8.61511813  2.75396857]
                [-1.45853658  0.         -1.36476658 -1.36476658 -1.45853658],
  "funcao_objetivo": 0.079025274387559439513937676332946147343459684606471,
  "confiabilidade_total": 0.99327527438755939110821380267612098487311895584671
}
 
Individuo 15:
{
  "Posicao": [3. 6. 0. 8. 6.]
             [1. 1. 1. 2. 1.],
  "Velocidade": [-2.72725516 -1.555384   -3.80145933 -0.33165896 -3.47227596]
                [0.         0.         0.23433493 0.         0.        ],
  "funcao_objetivo": 0.97471461277594251098221562918431939081772332821255,
  "confiabilidade_total": 0.97471461277594251098221562918431939081772332821255
}
 
Individuo 16:
{
  "Posicao": [0. 2. 5. 6. 9.]
             [1. 1. 2. 2. 1.],
  "Velocidade": [ 0.09936508  1.09816571 -0.09936508 -3.25766555  0.09936508]
                [0.         0.         0.09936508 0.         0.        ],
  "funcao_objetivo": 0.90081679349821164015964827013048710246052032266751,
  "confiabilidade_total": 0.99173346016487827192830452941306651514436488901272
}
 
Individuo 17:
{
  "Posicao": [0. 0. 3. 9. 9.]
             [1. 1. 2. 2. 1.],
  "Velocidade": [-3.5396553  -3.56292816  0.97511118  3.71732197  3.5396553 ]
                [0.         0.         0.65113903 0.         0.        ],
  "funcao_objetivo": 0.72977670560400273575346056463769606051064362318902,
  "confiabilidade_total": 0.99252670560400252503313049078298468810535301955132
}
 
Individuo 18:
{
  "Posicao": [2. 7. 6. 6. 5.]
             [1. 1. 1. 1. 1.],
  "Velocidade": [-1.09367662  6.81009836  1.26079637  3.30869511 -2.72003783]
                [-0.98029465  0.         -2.55762611 -2.55762611  0.        ],
  "funcao_objetivo": 0.94173266619995109171991986887344789103309656620270,
  "confiabilidade_total": 0.94173266619995109171991986887344789103309656620270
}
 
Individuo 19:
{
  "Posicao": [5. 4. 5. 9. 9.]
             [1. 1. 2. 2. 1.],
  "Velocidade": [ 5.41124923  4.35925239 -0.17227456 -0.21725135  6.56140368]
                [0.17227456 0.         0.         0.17227456 0.        ],
  "funcao_objetivo": 0.96149629825028268855267911500630524392171878900135,
  "confiabilidade_total": 0.98791296491694925262548644776996460427462239350880
}
 
Individuo 20:
{
  "Posicao": [6. 2. 4. 7. 9.]
             [1. 1. 3. 2. 2.],
  "Velocidade": [-2.45613655 -0.28136704 -1.55319705  1.13004401  2.25534625]
                [ 0.          0.          1.55319705  0.         -0.89595242],
  "funcao_objetivo": 0.21003647594702475163967694853375324959200200549383,
  "confiabilidade_total": 0.99510314261369155307261583103275516981523808947820
}
 
Individuo 21:
{
  "Posicao": [3. 2. 5. 7. 9.]
             [1. 1. 2. 1. 1.],
  "Velocidade": [-0.13547874  1.12226323  0.         -1.41463059  0.7479178 ]
                [-0.82408728  0.          0.         -3.0089138   0.        ],
  "funcao_objetivo": 0.96738863013562354490440453310311003402857010282977,
  "confiabilidade_total": 0.96738863013562354490440453310311003402857010282977
}
 
Individuo 22:
{
  "Posicao": [0. 1. 3. 6. 9.]
             [1. 1. 2. 2. 1.],
  "Velocidade": [-3.8825237  -5.54319123 -0.83417676  1.38056739  2.72038001]
                [ 0.         0.         0.        -0.4658049  0.       ],
  "funcao_objetivo": 0.81672516731297069999700103724200984892082797973686,
  "confiabilidade_total": 0.99272516731297074529410044194839669820500003784233
}
 
Individuo 23:
{
  "Posicao": [2. 4. 8. 4. 9.]
             [1. 1. 1. 1. 1.],
  "Velocidade": [-3.00141005 -2.36425691 -0.09411117  0.8008759  -0.42624619]
                [ 0.         -2.01732278  0.25503428  0.25503428  0.        ],
  "funcao_objetivo": 0.94473645322403182874696691396741444907301305893983,
  "confiabilidade_total": 0.94473645322403182874696691396741444907301305893983
}
 
Individuo 24:
{
  "Posicao": [1. 0. 5. 8. 9.]
             [1. 1. 2. 2. 1.],
  "Velocidade": [ 0.50121262 -1.14342546  1.06533795 -0.92146274  0.52310349]
                [0.17436783 0.         0.17436783 0.17436783 0.        ],
  "funcao_objetivo": 0.99168231774851155212025844729579333455273676973574,
  "confiabilidade_total": 0.99168231774851155212025844729579333455273676973574
}
 
Individuo 25:
{
  "Posicao": [5. 4. 6. 8. 7.]
             [2. 1. 2. 2. 1.],
  "Velocidade": [-1.72567282 -3.88897261  2.49862088 -0.61984503  0.41837964]
                [-0.03980188  0.          0.98756702  0.98756702  0.        ],
  "funcao_objetivo": 0.84589987462415238031513097447016490095668695060625,
  "confiabilidade_total": 0.99329987462415236967919439856116524369829557029619
}
 
Individuo 26:
{
  "Posicao": [7. 9. 9. 3. 9.]
             [1. 1. 2. 2. 1.],
  "Velocidade": [ 6.52024519 13.73484046  2.65189988 -0.62290464  0.23385558]
                [0.         0.         0.         0.86744724 0.        ],
  "funcao_objetivo": 0.78755354083970879398645270332452412402931210956634,
  "confiabilidade_total": 0.98790354083970862776386145644608689180317876300872
}
 
Individuo 27:
{
  "Posicao": [9. 5. 0. 6. 9.]
             [2. 1. 1. 1. 1.],
  "Velocidade": [ 7.98959702  5.17172923 -6.28680627 -2.23579641  1.44735615]
                [ 1.12064375  0.         -1.12064375 -1.12064375  0.        ],
  "funcao_objetivo": 0.96363120443997750840164642987187276581234676670104,
  "confiabilidade_total": 0.96363120443997750840164642987187276581234676670104
}
 
Individuo 28:
{
  "Posicao": [0. 1. 4. 8. 9.]
             [1. 1. 2. 1. 1.],
  "Velocidade": [-7.28334318 -1.8744494   1.93726699  0.27251022  0.65286482]
                [0.         0.         0.         0.00670249 0.        ],
  "funcao_objetivo": 0.97101725329990148339696452817467692715321999815597,
  "confiabilidade_total": 0.97101725329990148339696452817467692715321999815597
}
 
Individuo 29:
{
  "Posicao": [0. 3. 5. 9. 9.]
             [1. 1. 3. 2. 1.],
  "Velocidade": [ 0.10759956 -0.2359081   0.          2.33938409 -0.09564405]
                [0.         0.         1.89004765 0.         0.        ],
  "funcao_objetivo": 0.68740678789047090786366157648286481891687808742324,
  "confiabilidade_total": 0.99330678789047078820382398238349289205785690059463
}
 
Individuo 30:
{
  "Posicao": [9. 5. 5. 9. 9.]
             [1. 1. 2. 2. 1.],
  "Velocidade": [13.274563    4.96138278  5.10762798  2.14840265 -0.04542985]
                [0.         0.         0.         1.06548165 0.        ],
  "funcao_objetivo": 0.96594106022278773489326505380930995454282688072791,
  "confiabilidade_total": 0.98684106022278776802787122374710690348611401489844
}
 
Individuo 31:
{
  "Posicao": [0. 0. 9. 5. 0.]
             [1. 2. 1. 1. 1.],
  "Velocidade": [-10.02332632 -10.63751956   1.95016629  -4.11096765 -12.0640757 ]
                [ 0.         -0.36312981  0.39101549  0.39101549  0.        ],
  "funcao_objetivo": 0.97565402513592467451147238787143824165819226140386,
  "confiabilidade_total": 0.97565402513592467451147238787143824165819226140386
}
 
Individuo 32:
{
  "Posicao": [2. 2. 9. 9. 9.]
             [1. 1. 2. 2. 1.],
  "Velocidade": [1.78280071 2.12742027 4.86151088 8.17437706 9.24967508]
                [0.         0.         1.04288765 1.04288765 0.        ],
  "funcao_objetivo": 0.76361910190258826379899696797563383913381439586015,
  "confiabilidade_total": 0.98883576856925491215438521515805196574671608348222
}
 
Individuo 33:
{
  "Posicao": [0. 0. 6. 8. 9.]
             [1. 1. 2. 2. 1.],
  "Velocidade": [ 0.08279938 -3.53918327  0.59718681  0.9185928  -0.08279938]
                [ 0.          0.          0.         -0.00919993  0.        ],
  "funcao_objetivo": 0.90988740040263573484937313582600881476978712802556,
  "confiabilidade_total": 0.99230406706930232957821373605180314757022016769078
}
 
Individuo 34:
{
  "Posicao": [9. 3. 5. 5. 9.]
             [3. 1. 1. 1. 1.],
  "Velocidade": [12.01673127 -3.81761917  0.         -3.99841892  6.34409462]
                [1.73312223 0.         0.20972802 0.20972802 0.        ],
  "funcao_objetivo": 0.88723002902730908594057662605915981022499512241792,
  "confiabilidade_total": 0.96858002902730899443599493645375774850927303837251
}
 
Individuo 35:
{
  "Posicao": [0. 0. 2. 5. 6.]
             [1. 1. 2. 2. 2.],
  "Velocidade": [ 0.47643462 -4.71547656  1.50665603  5.00175167 -0.13139356]
                [0.         0.         0.13739588 0.13739588 0.85466032],
  "funcao_objetivo": 0.69882870706230754909576896009393319547710744857531,
  "confiabilidade_total": 0.99466204039564088612984570884445499688921300887804
}
 
Individuo 36:
{
  "Posicao": [5. 1. 7. 7. 9.]
             [1. 1. 1. 1. 1.],
  "Velocidade": [ 5.29584801  1.34621033  5.78691004 -0.32667975  2.62028763]
                [0.         0.         0.12276551 0.12276551 0.        ],
  "funcao_objetivo": 0.94244295554227199527144074307822205322529948125619,
  "confiabilidade_total": 0.94244295554227199527144074307822205322529948125619
}
 
Individuo 37:
{
  "Posicao": [7. 8. 3. 2. 0.]
             [1. 1. 2. 2. 2.],
  "Velocidade": [ 2.30717775  4.04096326  2.78907425 -1.34962303 -1.4937147 ]
                [ 0.          0.          0.99013288  0.99013288 -1.49366282],
  "funcao_objetivo": 0.63379939875137832179637271195146870222520170539863,
  "confiabilidade_total": 0.99254939875137825185232216056660665553640661567695
}
 
Individuo 38:
{
  "Posicao": [0. 0. 5. 9. 9.]
             [1. 1. 1. 1. 1.],
  "Velocidade": [ -0.99509596 -10.02516521  -0.99509596   1.64090187   1.34598965]
                [ 0.          0.         -1.74145169 -1.74145169 -0.99509596],
  "funcao_objetivo": 0.95585658385351945670847937361237199870187003461128,
  "confiabilidade_total": 0.95585658385351945670847937361237199870187003461128
}
 
Individuo 39:
{
  "Posicao": [5. 9. 3. 8. 9.]
             [1. 1. 2. 2. 3.],
  "Velocidade": [ 5.17181527 11.65644975 -2.61913396 -0.83029962  0.59187495]
                [ 0.          0.         -1.27124178 -1.27124178  2.58590764],
  "funcao_objetivo": 0.32012588948638619888100605296343935688939853416712,
  "confiabilidade_total": 0.99000922281971936298674448609957842191663547264369
}
 
Individuo 40:
{
  "Posicao": [0. 1. 5. 8. 5.]
             [1. 1. 2. 2. 1.],
  "Velocidade": [-2.94894178 -2.99941815 -2.70972674 -1.31855628  5.49826713]
                [ 0.          0.          1.13217988  1.13217988 -2.94894178],
  "funcao_objetivo": 0.99175022118997312133632903752496305273128635248970,
  "confiabilidade_total": 0.99175022118997312133632903752496305273128635248970
}
 
Individuo 41:
{
  "Posicao": [0. 2. 7. 8. 9.]
             [1. 1. 1. 1. 2.],
  "Velocidade": [ 0.23706828 -0.76526056 -2.26073364 -0.75823549  0.47413656]
                [ 0.          0.         -3.96900317 -3.96900317  1.24602835],
  "funcao_objetivo": 0.95617134116954062662704594022841340483189628182957,
  "confiabilidade_total": 0.95617134116954062662704594022841340483189628182957
}
 
Individuo 42:
{
  "Posicao": [3. 9. 1. 8. 9.]
             [1. 1. 3. 3. 1.],
  "Velocidade": [ 2.7589917  11.23614411  0.70540388 -0.91116876  2.7589917 ]
                [0.         0.         1.55643844 1.55643844 0.21212589],
  "funcao_objetivo": 0.37140811307120102311489535104695992314952443298787,
  "confiabilidade_total": 0.99842477973786768972235012306695157432693074402302
}
 
Individuo 43:
{
  "Posicao": [0. 0. 0. 5. 9.]
             [1. 1. 3. 3. 1.],
  "Velocidade": [-3.69953156 -3.92159849 -9.28506539 -3.04420237  0.2518924 ]
                [ 0.          0.          3.69124692  3.69124692 -5.26369295],
  "funcao_objetivo": 0.34025483902403272260059455212656289862407370108542,
  "confiabilidade_total": 0.99920483902403242523845963652463511155856771964010
}
 
Individuo 44:
{
  "Posicao": [0. 0. 4. 9. 9.]
             [1. 1. 2. 2. 1.],
  "Velocidade": [-1.98545537 -9.01659626 -1.98545537  0.36034958  0.81903567]
                [0.        0.        1.2417088 1.2417088 0.       ],
  "funcao_objetivo": 0.66174515504826349679987982571175519366501186943138,
  "confiabilidade_total": 0.99236182171492988904902075236306257535456036186302
}
 
Individuo 45:
{
  "Posicao": [0. 2. 3. 5. 8.]
             [1. 1. 1. 1. 1.],
  "Velocidade": [ 0.18273959  0.7375693   0.28705402 -0.78885517 -0.9558765 ]
                [ 0.          0.         -0.61356872 -0.61356872  0.        ],
  "funcao_objetivo": 0.95514108710332369843024218403088400511464478625804,
  "confiabilidade_total": 0.95514108710332369843024218403088400511464478625804
}
 
Individuo 46:
{
  "Posicao": [7. 1. 5. 8. 9.]
             [1. 1. 2. 2. 2.],
  "Velocidade": [6.77541647 0.860469   0.60843286 2.48527829 0.13722668]
                [ 0.          0.         -1.49344179 -1.49344179  0.98278217],
  "funcao_objetivo": 0.80172393159643152912517816287957303985236122657385,
  "confiabilidade_total": 0.99070726492976479623740882073773592538414433051672
}
 
Individuo 47:
{
  "Posicao": [0. 0. 6. 7. 9.]
             [1. 1. 2. 2. 1.],
  "Velocidade": [ 0.37695058 -1.81885824 -1.69272574  1.34181976  0.18847529]
                [0.         0.         0.48708965 0.48708965 0.21853916],
  "funcao_objetivo": 0.88750463749341514350426778862304066709763982346351,
  "confiabilidade_total": 0.99255463749341486349491874791230960685349681427772
}
 
Individuo 48:
{
  "Posicao": [0. 0. 9. 8. 7.]
             [1. 1. 3. 3. 1.],
  "Velocidade": [-6.69604046 -1.5142957   4.99607531 -1.08292574  7.01162991]
                [0.         0.         2.75055419 2.75055419 0.        ],
  "funcao_objetivo": 0.31315393151223906143227262132074325091936404207112,
  "confiabilidade_total": 0.99845393151223913719389182174142556942798907258870
}
 
Individuo 49:
{
  "Posicao": [0. 0. 9. 9. 9.]
             [1. 1. 3. 3. 1.],
  "Velocidade": [-11.58445562 -13.63254446   1.0878218   13.88159583   4.08160197]
                [0.         0.         2.09882329 2.09882329 0.        ],
  "funcao_objetivo": 0.019057156140063301543898937840401476474680884253189,
  "confiabilidade_total": 0.99830715614006325535862111343388939485160349167506
}
 
Individuo 50:
{
  "Posicao": [0. 1. 5. 9. 9.]
             [1. 1. 3. 3. 1.],
  "Velocidade": [-3.99735147  1.30487    -1.22903493  0.08732102  0.        ]
                [ 0.          0.         -0.25150578 -0.25150578  0.        ],
  "funcao_objetivo": 0.36722131273663390417080317410788346750594651139082,
  "confiabilidade_total": 0.99838797940330061332200424976387374771691834366621
}
 
-----------------------------------------
Populacao final da era:
Individuo 1:
{
  "Posicao": [0. 0. 5. 9. 9.]
             [1. 1. 2. 2. 1.],
  "Velocidade": [ 0.         -2.38677411  0.          6.25409493  0.        ]
                [0. 0. 0. 0. 0.],
  "funcao_objetivo": 0.88616243678995949243520955834684797464334271323701,
  "confiabilidade_total": 0.99184577012329281601338324864047250612103245627900
}
 
Individuo 2:
{
  "Posicao": [2. 2. 5. 6. 9.]
             [1. 1. 2. 2. 1.],
  "Velocidade": [ 1.98992033  1.84514422  0.         -0.67962889 -0.42977597]
                [ 0.          0.          0.         -0.21488798  0.21488798],
  "funcao_objetivo": 0.87941461817099735624969126659585297046883002315324,
  "confiabilidade_total": 0.99083128483766406173715636098882666728181735072892
}
 
Individuo 3:
{
  "Posicao": [5. 0. 9. 9. 9.]
             [2. 1. 3. 3. 1.],
  "Velocidade": [  0.23532451 -10.13264499   8.63640514   4.33986309   2.27867703]
                [1.07409647 0.         1.59149296 1.59149296 0.        ],
  "funcao_objetivo": -0.10201519259923862981950423362235139419926668712583,
  "confiabilidade_total": 0.99891814073409457851751950058002424130545590808901
}
 
Individuo 4:
{
  "Posicao": [0. 0. 4. 9. 9.]
             [1. 2. 1. 1. 2.],
  "Velocidade": [ -4.08371233 -10.84926415   2.42048365  13.19185869   4.08371233]
                [0.         0.64636404 0.44083159 0.44083159 0.64636404],
  "funcao_objetivo": 0.65759195090273420225738208663098186316395282237878,
  "confiabilidade_total": 0.97990861756940075921921094667051358210349559276452
}
 
Individuo 5:
{
  "Posicao": [2. 0. 5. 3. 6.]
             [1. 1. 1. 1. 1.],
  "Velocidade": [ 1.69558277 -6.28883182  0.          1.13025052 -3.23241936]
                [ 0.48082789  0.         -0.63675258 -0.63675258  0.        ],
  "funcao_objetivo": 0.95536411765620852979627461339048016368821493593398,
  "confiabilidade_total": 0.95536411765620852979627461339048016368821493593398
}
 
Individuo 6:
{
  "Posicao": [0. 7. 3. 6. 4.]
             [1. 1. 1. 1. 1.],
  "Velocidade": [ 0.          6.6720168  -4.66451753 -0.77142445 -2.9239946 ]
                [ 0.13242126  0.         -0.53058732 -0.53058732  0.        ],
  "funcao_objetivo": 0.94924039793922136425920645413022403921730809155595,
  "confiabilidade_total": 0.94924039793922136425920645413022403921730809155595
}
 
Individuo 7:
{
  "Posicao": [0. 0. 0. 6. 6.]
             [1. 1. 1. 1. 1.],
  "Velocidade": [ -6.03510777 -18.54196444  -6.39776519  -3.08436281  -2.85962277]
                [-2.74558283  0.          0.34751546  0.34751546  0.        ],
  "funcao_objetivo": 0.96565150403197127006120701367569752959113688448700,
  "confiabilidade_total": 0.96565150403197127006120701367569752959113688448700
}
 
Individuo 8:
{
  "Posicao": [0. 5. 7. 8. 8.]
             [1. 1. 2. 2. 1.],
  "Velocidade": [ 0.          2.67359796  3.13932863 -0.72985579 -0.68639887]
                [ 0.          0.          0.         -0.26512705  0.        ],
  "funcao_objetivo": 0.99011214363315197922456441221129122421650307237759,
  "confiabilidade_total": 0.99011214363315197922456441221129122421650307237759
}
 
Individuo 9:
{
  "Posicao": [0. 0. 7. 9. 9.]
             [1. 1. 1. 2. 1.],
  "Velocidade": [ -1.39557166 -13.19767388   5.87821329  13.0897162    0.        ]
                [ 0.          0.         -0.83502118  0.          0.        ],
  "funcao_objetivo": 0.96950644512668528886812369026068787019949531770350,
  "confiabilidade_total": 0.97380644512668535739247654890613099082157141185404
}
 
Individuo 10:
{
  "Posicao": [0. 2. 5. 7. 9.]
             [1. 1. 2. 2. 3.],
  "Velocidade": [0.         0.6872616  0.         0.86951052 3.93339235]
                [ 0.          0.          1.0105956   0.         -0.06586043],
  "funcao_objetivo": 0.40012691625141345981615922672444858170216477828150,
  "confiabilidade_total": 0.99274358291808030681265103983987492091124452071314
}
 
Individuo 11:
{
  "Posicao": [2. 9. 0. 8. 9.]
             [1. 2. 1. 1. 1.],
  "Velocidade": [  0.87365442   9.45419457 -11.474734     2.46414674   0.        ]
                [ 0.          1.32658954 -2.34790574 -2.34790574  0.        ],
  "funcao_objetivo": 0.97439820548589711192738783460775726142257300469024,
  "confiabilidade_total": 0.97439820548589711192738783460775726142257300469024
}
 
Individuo 12:
{
  "Posicao": [0. 0. 1. 4. 0.]
             [1. 1. 2. 2. 1.],
  "Velocidade": [ 0.49202715 -4.63215723 -0.13909516 -2.06280184 -3.17567186]
                [0.49202715 0.         0.89576133 0.89576133 0.        ],
  "funcao_objetivo": 0.73171653104272329612523850160914104021865622590509,
  "confiabilidade_total": 0.99506653104272341484138652477712990771759049485650
}
 
Individuo 13:
{
  "Posicao": [1. 0. 4. 8. 9.]
             [2. 1. 2. 2. 1.],
  "Velocidade": [-1.3419809  -9.80754809 -3.67280073  2.54489987  0.        ]
                [-0.31691578  0.          1.05861468  1.05861468  0.        ],
  "funcao_objetivo": 0.55092839281188339322104259995188938715561398677686,
  "confiabilidade_total": 0.99556172614521671808707499881069550552471646480420
}
 
Individuo 14:
{
  "Posicao": [5. 0. 0. 8. 8.]
             [1. 1. 1. 1. 1.],
  "Velocidade": [  4.8860633  -17.23828046 -14.41955771  -0.91389452  -0.99742624]
                [-3.26099402  0.         -3.10609092 -3.10609092 -3.26099402],
  "funcao_objetivo": 0.95658854239150268604622816701995840963945950531215,
  "confiabilidade_total": 0.95658854239150268604622816701995840963945950531215
}
 
Individuo 15:
{
  "Posicao": [0. 3. 2. 8. 4.]
             [1. 1. 2. 2. 1.],
  "Velocidade": [-3.54853019 -3.38903004  2.02358722 -0.31540437 -2.34716222]
                [0.         0.         0.54116274 0.         0.        ],
  "funcao_objetivo": 0.81900748184567449048303345305759634662929453507557,
  "confiabilidade_total": 0.99225748184567442231533974107298476461831011429920
}
 
Individuo 16:
{
  "Posicao": [0. 2. 5. 3. 9.]
             [1. 1. 2. 2. 1.],
  "Velocidade": [ 0.09449521  0.08078151 -0.09449521 -3.32014674  0.09449521]
                [0.         0.         0.09449521 0.         0.        ],
  "funcao_objetivo": 0.86614993131181980858529717027829937244014992876575,
  "confiabilidade_total": 0.99256659797848659678437759924543533081369652910755
}
 
Individuo 17:
{
  "Posicao": [1. 2. 4. 9. 8.]
             [1. 1. 2. 2. 1.],
  "Velocidade": [ 1.08976739  2.27432314  1.1049722  -0.4526407  -1.08976739]
                [ 0.          0.         -0.49475935  0.          0.        ],
  "funcao_objetivo": 0.81389177291591677611442025352139161184791222087077,
  "confiabilidade_total": 0.99080843958258359875817002148400923686463132373026
}
 
Individuo 18:
{
  "Posicao": [5. 8. 7. 2. 8.]
             [2. 1. 2. 2. 1.],
  "Velocidade": [ 2.71720639  0.61481311  1.49331166 -3.77941411  2.5733802 ]
                [0.65208368 0.         1.1422497  1.1422497  0.        ],
  "funcao_objetivo": 0.89166961753116761878372399375460878724142334724909,
  "confiabilidade_total": 0.99483628419783448347717081939503038080319187904841
}
 
Individuo 19:
{
  "Posicao": [0. 0. 5. 4. 9.]
             [1. 1. 2. 2. 1.],
  "Velocidade": [-11.0453763   -8.80753074  -0.16383139  -4.84822381   6.23982962]
                [0.16383139 0.         0.         0.16383139 0.        ],
  "funcao_objetivo": 0.86058359079101401505887670900255868674640439354651,
  "confiabilidade_total": 0.99316692412434731812012890422329035119538091027014
}
 
Individuo 20:
{
  "Posicao": [0. 0. 5. 9. 9.]
             [1. 1. 2. 2. 1.],
  "Velocidade": [-19.75455366  -2.20912221   1.4260571    2.04543309   2.14481184]
                [ 0.          0.         -1.4260571   0.         -3.75517387],
  "funcao_objetivo": 0.88616243678995949243520955834684797464334271323701,
  "confiabilidade_total": 0.99184577012329281601338324864047250612103245627900
}
 
Individuo 21:
{
  "Posicao": [0. 0. 5. 8. 9.]
             [1. 1. 2. 2. 1.],
  "Velocidade": [-3.42848599 -2.11190676  0.          0.97883677  0.71126238]
                [0.04914639 0.         0.         1.27186312 0.        ],
  "funcao_objetivo": 0.99230854116747322038369407338563018194105829332970,
  "confiabilidade_total": 0.99230854116747322038369407338563018194105829332970
}
 
Individuo 22:
{
  "Posicao": [4. 7. 0. 2. 8.]
             [1. 1. 2. 1. 1.],
  "Velocidade": [ 4.37838669  6.02132876 -4.0094833  -3.51740927 -0.64119692]
                [ 0.          0.          0.         -2.05710144  0.        ],
  "funcao_objetivo": 0.97117175551075806240743592088021727125007427532425,
  "confiabilidade_total": 0.97117175551075806240743592088021727125007427532425
}
 
Individuo 23:
{
  "Posicao": [4. 5. 6. 3. 7.]
             [1. 2. 2. 2. 1.],
  "Velocidade": [ 1.74582367  0.83428305 -2.36569916 -0.79164241 -1.93475631]
                [0.         1.14034694 1.00126852 1.00126852 0.        ],
  "funcao_objetivo": 0.72985821596702617623326202918402153937859312445394,
  "confiabilidade_total": 0.99402488263369300351219292495666772066397444159261
}
 
Individuo 24:
{
  "Posicao": [1. 1. 6. 7. 9.]
             [1. 1. 2. 2. 1.],
  "Velocidade": [ 0.19542872  1.08738623  1.01312579 -0.87630189  0.49746621]
                [0.16582207 0.         0.16582207 0.16582207 0.        ],
  "funcao_objetivo": 0.94962315892670909045760660135543702747347240282773,
  "confiabilidade_total": 0.99130649226004224270061201637177845807420496775388
}
 
Individuo 25:
{
  "Posicao": [0. 0. 0. 7. 9.]
             [1. 1. 2. 2. 1.],
  "Velocidade": [-7.05342591 -6.3284361  -5.71798007 -0.58946646  3.83765672]
                [-0.69536665  0.         -0.12320905 -0.12320905  0.        ],
  "funcao_objetivo": 0.81068986255812514890524112560789668190146489635377,
  "confiabilidade_total": 0.99470652922479171348319993457600226814712090984254
}
 
Individuo 26:
{
  "Posicao": [0. 0. 4. 9. 9.]
             [1. 1. 2. 1. 1.],
  "Velocidade": [-19.09724829 -19.46422186  -4.90328194  10.44682717   0.22239433]
                [ 0.          0.          0.         -0.93275416  0.        ],
  "funcao_objetivo": 0.93257161995289700281763337780823065807452062941772,
  "confiabilidade_total": 0.97307161995289687919429958579704988190313438750488
}
 
Individuo 27:
{
  "Posicao": [0. 4. 3. 8. 9.]
             [1. 1. 3. 3. 1.],
  "Velocidade": [-8.77011297 -1.18614301  2.81582052  1.66059462  1.3764213 ]
                [-1.50021249  0.          1.50021249  1.50021249  0.        ],
  "funcao_objetivo": 0.32072440396815285823220511630080914303635567756986,
  "confiabilidade_total": 0.99852440396815270528788124393924413427685708137845
}
 
Individuo 28:
{
  "Posicao": [7. 0. 7. 8. 9.]
             [1. 1. 2. 2. 1.],
  "Velocidade": [ 6.9263869  -3.15465013  3.21438903  0.25915451  0.62086795]
                [0.        0.        0.        1.3784414 0.       ],
  "funcao_objetivo": 0.93886728971057442109530136127765315638666218594220,
  "confiabilidade_total": 0.99006728971057446518225766914261937660907572582867
}
 
Individuo 29:
{
  "Posicao": [0. 2. 5. 9. 9.]
             [1. 1. 2. 2. 1.],
  "Velocidade": [ 0.10232611 -1.36901093  0.         -0.49944894 -0.09095654]
                [ 0.          0.         -0.69505391  0.          0.        ],
  "funcao_objetivo": 0.92668085608619381740228499588408271925390411917477,
  "confiabilidade_total": 0.99076418941952712901225448071851974496484448019772
}
 
Individuo 30:
{
  "Posicao": [9. 3. 6. 9. 9.]
             [1. 1. 2. 2. 1.],
  "Velocidade": [ 0.37120847 -2.08886815  1.11027503  1.43109646 -0.04320333]
                [0.         0.         0.         0.26385678 0.        ],
  "funcao_objetivo": 0.77675544641527527593156919982683901582122981217738,
  "confiabilidade_total": 0.98747211308194177263049228321287372056604563859340
}
 
Individuo 31:
{
  "Posicao": [9. 9. 9. 1. 9.]
             [1. 2. 1. 1. 1.],
  "Velocidade": [ 9.5320836  10.11617525  1.39744348 -3.56663039 10.44423912]
                [ 0.         -0.45961915  0.48613816  0.48613816  0.        ],
  "funcao_objetivo": 0.91887123355185630495200872135545084708115689105737,
  "confiabilidade_total": 0.95587123355185619209783826820828851301899782962549
}
 
Individuo 32:
{
  "Posicao": [2. 4. 0. 7. 9.]
             [1. 1. 2. 2. 1.],
  "Velocidade": [ 0.25375675  1.88081912 -9.9540829  -2.04241145  1.00035336]
                [ 0.          0.         -0.30755683 -0.30755683  0.        ],
  "funcao_objetivo": 0.84614335581177770870437868244331883575858996097610,
  "confiabilidade_total": 0.99276002247844451345688440857153881184848473255202
}
 
Individuo 33:
{
  "Posicao": [0. 2. 4. 8. 9.]
             [1. 1. 2. 2. 1.],
  "Velocidade": [ 0.07874139  2.3870781  -2.16920885 -0.10507736 -0.07874139]
                [ 0.          0.          0.         -0.00874904  0.        ],
  "funcao_objetivo": 0.84127680171817412788227739258008276061576558121156,
  "confiabilidade_total": 0.99186013505150739141958991114524158598345471390199
}
 
Individuo 34:
{
  "Posicao": [6. 0. 5. 5. 9.]
             [2. 1. 3. 3. 1.],
  "Velocidade": [-2.62625316 -6.32528234  0.         -0.11273353  6.03317085]
                [-1.47493912  0.          1.76100982  1.76100982  0.        ],
  "funcao_objetivo": 0.40169665780574552214800156388383068294140913857364,
  "confiabilidade_total": 0.99919665780574546996751940650147328303072073830509
}
 
Individuo 35:
{
  "Posicao": [3. 7. 3. 5. 0.]
             [1. 1. 1. 1. 3.],
  "Velocidade": [ 3.06398631  7.26468647  0.8571861   0.26463469 -5.92238622]
                [ 0.          0.         -1.17478874 -1.17478874  0.56949944],
  "funcao_objetivo": 0.83117960176428555898282432254093680331683016728578,
  "confiabilidade_total": 0.94776293509761897273331207288977554800188399266420
}
 
Individuo 36:
{
  "Posicao": [0. 4. 6. 8. 9.]
             [1. 1. 3. 3. 1.],
  "Velocidade": [-10.01061997   2.85104561  -0.51547362   1.17198231   2.49186746]
                [0.         0.         3.12613252 3.12613252 0.        ],
  "funcao_objetivo": 0.36209526923824874220187152248529357023495349044987,
  "confiabilidade_total": 0.99834526923824861341600066596713488109367999191471
}
 
Individuo 37:
{
  "Posicao": [5. 6. 3. 4. 3.]
             [1. 1. 2. 2. 1.],
  "Velocidade": [-1.75496378 -1.58812886  0.26235581  2.25440729  3.35092205]
                [ 0.          0.         -0.12918983 -0.12918983 -1.83163999],
  "funcao_objetivo": 0.75158180736258745202490494113604687074690612924177,
  "confiabilidade_total": 0.99074847402925403505477041937425415883332046639997
}
 
Individuo 38:
{
  "Posicao": [1. 9. 4. 8. 9.]
             [1. 1. 2. 2. 2.],
  "Velocidade": [ 0.94632635  9.53383236 -0.94632635 -0.73459407  1.28002276]
                [0.         0.         0.63897219 0.63897219 0.94632635],
  "funcao_objetivo": 0.51171284540422585568394929156671517103988581309410,
  "confiabilidade_total": 0.99062951207089251287671281476537935942489557871910
}
 
Individuo 39:
{
  "Posicao": [0. 0. 9. 3. 8.]
             [1. 1. 1. 1. 1.],
  "Velocidade": [-10.89075361 -24.12004969  12.8313226   -4.53896232  -1.31181063]
                [ 0.          0.         -3.0836161  -3.0836161  -3.48953139],
  "funcao_objetivo": 0.95811332635853174297136630118490676238605924948107,
  "confiabilidade_total": 0.95811332635853174297136630118490676238605924948107
}
 
Individuo 40:
{
  "Posicao": [3. 0. 2. 7. 9.]
             [1. 1. 3. 3. 3.],
  "Velocidade": [ 2.80441429 -4.53196871 -2.57692317 -1.2539339  11.94700489]
                [0.         0.         1.0766918  1.0766918  2.80441429],
  "funcao_objetivo": -0.28120843387819406818923632581988845893000105007569,
  "confiabilidade_total": 0.99904156612180593092258525447998630873109361545166
}
 
Individuo 41:
{
  "Posicao": [0. 0. 4. 7. 9.]
             [1. 1. 3. 3. 3.],
  "Velocidade": [ 0.22544958 -1.92242998 -3.34461    -0.72107441  0.45089915]
                [0.         0.         3.17714512 3.17714512 0.58762316],
  "funcao_objetivo": -0.46887632357194869127269031030361796686342141248897,
  "confiabilidade_total": 0.99900700976138484853251965598549437752077200792118
}
 
Individuo 42:
{
  "Posicao": [0. 0. 6. 9. 9.]
             [1. 1. 1. 1. 1.],
  "Velocidade": [ -7.71422346 -20.32853012   4.8295341    1.0585464    2.62377366]
                [ 0.          0.         -3.8909004  -3.8909004   0.20172961],
  "funcao_objetivo": 0.95584423488777395337476827613248337533059951585811,
  "confiabilidade_total": 0.95584423488777395337476827613248337533059951585811
}
 
Individuo 43:
{
  "Posicao": [2. 4. 5. 7. 7.]
             [1. 1. 2. 2. 3.],
  "Velocidade": [ 1.67261742  3.65299998  4.5234486   2.16410543 -1.60605311]
                [ 0.          0.         -1.20876847 -1.20876847  5.00571962],
  "funcao_objetivo": 0.58541967277288941761584638696095175520572027467563,
  "confiabilidade_total": 0.99133633943955614874946335019504153580459913514926
}
 
Individuo 44:
{
  "Posicao": [2. 9. 5. 8. 9.]
             [1. 1. 2. 2. 1.],
  "Velocidade": [ 1.8881483   8.57469332  0.51928256 -0.73088263  0.77889477]
                [ 0.          0.         -0.15300665 -0.15300665  0.        ],
  "funcao_objetivo": 0.98860742173555846460984628365358387107432103249585,
  "confiabilidade_total": 0.98860742173555846460984628365358387107432103249585
}
 
Individuo 45:
{
  "Posicao": [0. 0. 7. 9. 9.]
             [1. 1. 2. 2. 1.],
  "Velocidade": [ 0.17378353 -2.57432988  3.54873646  4.163433    0.72884643]
                [0.         0.         1.05437773 1.05437773 0.        ],
  "funcao_objetivo": 0.80513883558540148161666345048827931277997759762410,
  "confiabilidade_total": 0.99175550225206789862377782628057754591651228848104
}
 
Individuo 46:
{
  "Posicao": [9. 9. 0. 0. 9.]
             [1. 1. 1. 1. 3.],
  "Velocidade": [ 3.17983745  8.15493281 -5.32624734 -7.97003171  0.1305012 ]
                [ 0.          0.         -2.89646351 -2.89646351  0.89017525],
  "funcao_objetivo": 0.64252180625395111425349409037440669352245049062186,
  "confiabilidade_total": 0.95913847292061770223495425844081215189826206746512
}
 
Individuo 47:
{
  "Posicao": [0. 5. 6. 7. 9.]
             [1. 1. 1. 1. 1.],
  "Velocidade": [ 0.35847625  4.65023659 -0.03260529 -0.30110281  0.17923813]
                [ 0.          0.         -1.13177076 -1.13177076  0.20782856],
  "funcao_objetivo": 0.94615814572687579733345456865869199202050935344388,
  "confiabilidade_total": 0.94615814572687579733345456865869199202050935344388
}
 
Individuo 48:
{
  "Posicao": [1. 2. 9. 9. 2.]
             [1. 1. 2. 2. 1.],
  "Velocidade": [ 1.27103854  1.95780607  3.66176047  0.6690915  -4.67988273]
                [ 0.          0.         -1.05450091 -1.05450091  0.        ],
  "funcao_objetivo": 0.79735586759395248373108707911164812425725033433896,
  "confiabilidade_total": 0.98958920092728571903542808145907612665198614747983
}
 
Individuo 49:
{
  "Posicao": [9. 9. 2. 9. 9.]
             [1. 1. 3. 3. 1.],
  "Velocidade": [10.23870484 12.05675075 -6.54501566 10.13938289  3.62223047]
                [ 0.          0.         -0.15825317 -0.15825317  0.        ],
  "funcao_objetivo": 0.15715661362784221043568958822522633805605786611194,
  "confiabilidade_total": 0.99800661362784208573543946232764371767374890615100
}
 
Individuo 50:
{
  "Posicao": [9. 4. 9. 6. 9.]
             [1. 1. 1. 1. 1.],
  "Velocidade": [11.2293969   2.75915256  3.84147947 -3.40900387  0.        ]
                [ 0.          0.         -2.06113163 -2.06113163  0.        ],
  "funcao_objetivo": 0.93088610972584698940090667802361116802696271804185,
  "confiabilidade_total": 0.93088610972584698940090667802361116802696271804185
}
 
-----------------------------------------
-----------------------------------------
-----------------------------------------
-----------------------------------------
GERACAO 7
Populacao antes da execucao:
Individuo 1:
{
  "Posicao": [0. 0. 5. 9. 9.]
             [1. 1. 2. 2. 1.],
  "Velocidade": [ 0.         -2.38677411  0.          6.25409493  0.        ]
                [0. 0. 0. 0. 0.],
  "funcao_objetivo": 0.88616243678995949243520955834684797464334271323701,
  "confiabilidade_total": 0.99184577012329281601338324864047250612103245627900
}
 
Individuo 2:
{
  "Posicao": [2. 2. 5. 6. 9.]
             [1. 1. 2. 2. 1.],
  "Velocidade": [ 1.98992033  1.84514422  0.         -0.67962889 -0.42977597]
                [ 0.          0.          0.         -0.21488798  0.21488798],
  "funcao_objetivo": 0.87941461817099735624969126659585297046883002315324,
  "confiabilidade_total": 0.99083128483766406173715636098882666728181735072892
}
 
Individuo 3:
{
  "Posicao": [5. 0. 9. 9. 9.]
             [2. 1. 3. 3. 1.],
  "Velocidade": [  0.23532451 -10.13264499   8.63640514   4.33986309   2.27867703]
                [1.07409647 0.         1.59149296 1.59149296 0.        ],
  "funcao_objetivo": -0.10201519259923862981950423362235139419926668712583,
  "confiabilidade_total": 0.99891814073409457851751950058002424130545590808901
}
 
Individuo 4:
{
  "Posicao": [0. 0. 4. 9. 9.]
             [1. 2. 1. 1. 2.],
  "Velocidade": [ -4.08371233 -10.84926415   2.42048365  13.19185869   4.08371233]
                [0.         0.64636404 0.44083159 0.44083159 0.64636404],
  "funcao_objetivo": 0.65759195090273420225738208663098186316395282237878,
  "confiabilidade_total": 0.97990861756940075921921094667051358210349559276452
}
 
Individuo 5:
{
  "Posicao": [2. 0. 5. 3. 6.]
             [1. 1. 1. 1. 1.],
  "Velocidade": [ 1.69558277 -6.28883182  0.          1.13025052 -3.23241936]
                [ 0.48082789  0.         -0.63675258 -0.63675258  0.        ],
  "funcao_objetivo": 0.95536411765620852979627461339048016368821493593398,
  "confiabilidade_total": 0.95536411765620852979627461339048016368821493593398
}
 
Individuo 6:
{
  "Posicao": [0. 7. 3. 6. 4.]
             [1. 1. 1. 1. 1.],
  "Velocidade": [ 0.          6.6720168  -4.66451753 -0.77142445 -2.9239946 ]
                [ 0.13242126  0.         -0.53058732 -0.53058732  0.        ],
  "funcao_objetivo": 0.94924039793922136425920645413022403921730809155595,
  "confiabilidade_total": 0.94924039793922136425920645413022403921730809155595
}
 
Individuo 7:
{
  "Posicao": [0. 0. 0. 6. 6.]
             [1. 1. 1. 1. 1.],
  "Velocidade": [ -6.03510777 -18.54196444  -6.39776519  -3.08436281  -2.85962277]
                [-2.74558283  0.          0.34751546  0.34751546  0.        ],
  "funcao_objetivo": 0.96565150403197127006120701367569752959113688448700,
  "confiabilidade_total": 0.96565150403197127006120701367569752959113688448700
}
 
Individuo 8:
{
  "Posicao": [0. 5. 7. 8. 8.]
             [1. 1. 2. 2. 1.],
  "Velocidade": [ 0.          2.67359796  3.13932863 -0.72985579 -0.68639887]
                [ 0.          0.          0.         -0.26512705  0.        ],
  "funcao_objetivo": 0.99011214363315197922456441221129122421650307237759,
  "confiabilidade_total": 0.99011214363315197922456441221129122421650307237759
}
 
Individuo 9:
{
  "Posicao": [0. 0. 7. 9. 9.]
             [1. 1. 1. 2. 1.],
  "Velocidade": [ -1.39557166 -13.19767388   5.87821329  13.0897162    0.        ]
                [ 0.          0.         -0.83502118  0.          0.        ],
  "funcao_objetivo": 0.96950644512668528886812369026068787019949531770350,
  "confiabilidade_total": 0.97380644512668535739247654890613099082157141185404
}
 
Individuo 10:
{
  "Posicao": [0. 2. 5. 7. 9.]
             [1. 1. 2. 2. 3.],
  "Velocidade": [0.         0.6872616  0.         0.86951052 3.93339235]
                [ 0.          0.          1.0105956   0.         -0.06586043],
  "funcao_objetivo": 0.40012691625141345981615922672444858170216477828150,
  "confiabilidade_total": 0.99274358291808030681265103983987492091124452071314
}
 
Individuo 11:
{
  "Posicao": [2. 9. 0. 8. 9.]
             [1. 2. 1. 1. 1.],
  "Velocidade": [  0.87365442   9.45419457 -11.474734     2.46414674   0.        ]
                [ 0.          1.32658954 -2.34790574 -2.34790574  0.        ],
  "funcao_objetivo": 0.97439820548589711192738783460775726142257300469024,
  "confiabilidade_total": 0.97439820548589711192738783460775726142257300469024
}
 
Individuo 12:
{
  "Posicao": [0. 0. 1. 4. 0.]
             [1. 1. 2. 2. 1.],
  "Velocidade": [ 0.49202715 -4.63215723 -0.13909516 -2.06280184 -3.17567186]
                [0.49202715 0.         0.89576133 0.89576133 0.        ],
  "funcao_objetivo": 0.73171653104272329612523850160914104021865622590509,
  "confiabilidade_total": 0.99506653104272341484138652477712990771759049485650
}
 
Individuo 13:
{
  "Posicao": [1. 0. 4. 8. 9.]
             [2. 1. 2. 2. 1.],
  "Velocidade": [-1.3419809  -9.80754809 -3.67280073  2.54489987  0.        ]
                [-0.31691578  0.          1.05861468  1.05861468  0.        ],
  "funcao_objetivo": 0.55092839281188339322104259995188938715561398677686,
  "confiabilidade_total": 0.99556172614521671808707499881069550552471646480420
}
 
Individuo 14:
{
  "Posicao": [5. 0. 0. 8. 8.]
             [1. 1. 1. 1. 1.],
  "Velocidade": [  4.8860633  -17.23828046 -14.41955771  -0.91389452  -0.99742624]
                [-3.26099402  0.         -3.10609092 -3.10609092 -3.26099402],
  "funcao_objetivo": 0.95658854239150268604622816701995840963945950531215,
  "confiabilidade_total": 0.95658854239150268604622816701995840963945950531215
}
 
Individuo 15:
{
  "Posicao": [0. 3. 2. 8. 4.]
             [1. 1. 2. 2. 1.],
  "Velocidade": [-3.54853019 -3.38903004  2.02358722 -0.31540437 -2.34716222]
                [0.         0.         0.54116274 0.         0.        ],
  "funcao_objetivo": 0.81900748184567449048303345305759634662929453507557,
  "confiabilidade_total": 0.99225748184567442231533974107298476461831011429920
}
 
Individuo 16:
{
  "Posicao": [0. 2. 5. 3. 9.]
             [1. 1. 2. 2. 1.],
  "Velocidade": [ 0.09449521  0.08078151 -0.09449521 -3.32014674  0.09449521]
                [0.         0.         0.09449521 0.         0.        ],
  "funcao_objetivo": 0.86614993131181980858529717027829937244014992876575,
  "confiabilidade_total": 0.99256659797848659678437759924543533081369652910755
}
 
Individuo 17:
{
  "Posicao": [1. 2. 4. 9. 8.]
             [1. 1. 2. 2. 1.],
  "Velocidade": [ 1.08976739  2.27432314  1.1049722  -0.4526407  -1.08976739]
                [ 0.          0.         -0.49475935  0.          0.        ],
  "funcao_objetivo": 0.81389177291591677611442025352139161184791222087077,
  "confiabilidade_total": 0.99080843958258359875817002148400923686463132373026
}
 
Individuo 18:
{
  "Posicao": [5. 8. 7. 2. 8.]
             [2. 1. 2. 2. 1.],
  "Velocidade": [ 2.71720639  0.61481311  1.49331166 -3.77941411  2.5733802 ]
                [0.65208368 0.         1.1422497  1.1422497  0.        ],
  "funcao_objetivo": 0.89166961753116761878372399375460878724142334724909,
  "confiabilidade_total": 0.99483628419783448347717081939503038080319187904841
}
 
Individuo 19:
{
  "Posicao": [0. 0. 5. 4. 9.]
             [1. 1. 2. 2. 1.],
  "Velocidade": [-11.0453763   -8.80753074  -0.16383139  -4.84822381   6.23982962]
                [0.16383139 0.         0.         0.16383139 0.        ],
  "funcao_objetivo": 0.86058359079101401505887670900255868674640439354651,
  "confiabilidade_total": 0.99316692412434731812012890422329035119538091027014
}
 
Individuo 20:
{
  "Posicao": [0. 0. 5. 9. 9.]
             [1. 1. 2. 2. 1.],
  "Velocidade": [-19.75455366  -2.20912221   1.4260571    2.04543309   2.14481184]
                [ 0.          0.         -1.4260571   0.         -3.75517387],
  "funcao_objetivo": 0.88616243678995949243520955834684797464334271323701,
  "confiabilidade_total": 0.99184577012329281601338324864047250612103245627900
}
 
Individuo 21:
{
  "Posicao": [0. 0. 5. 8. 9.]
             [1. 1. 2. 2. 1.],
  "Velocidade": [-3.42848599 -2.11190676  0.          0.97883677  0.71126238]
                [0.04914639 0.         0.         1.27186312 0.        ],
  "funcao_objetivo": 0.99230854116747322038369407338563018194105829332970,
  "confiabilidade_total": 0.99230854116747322038369407338563018194105829332970
}
 
Individuo 22:
{
  "Posicao": [4. 7. 0. 2. 8.]
             [1. 1. 2. 1. 1.],
  "Velocidade": [ 4.37838669  6.02132876 -4.0094833  -3.51740927 -0.64119692]
                [ 0.          0.          0.         -2.05710144  0.        ],
  "funcao_objetivo": 0.97117175551075806240743592088021727125007427532425,
  "confiabilidade_total": 0.97117175551075806240743592088021727125007427532425
}
 
Individuo 23:
{
  "Posicao": [4. 5. 6. 3. 7.]
             [1. 2. 2. 2. 1.],
  "Velocidade": [ 1.74582367  0.83428305 -2.36569916 -0.79164241 -1.93475631]
                [0.         1.14034694 1.00126852 1.00126852 0.        ],
  "funcao_objetivo": 0.72985821596702617623326202918402153937859312445394,
  "confiabilidade_total": 0.99402488263369300351219292495666772066397444159261
}
 
Individuo 24:
{
  "Posicao": [1. 1. 6. 7. 9.]
             [1. 1. 2. 2. 1.],
  "Velocidade": [ 0.19542872  1.08738623  1.01312579 -0.87630189  0.49746621]
                [0.16582207 0.         0.16582207 0.16582207 0.        ],
  "funcao_objetivo": 0.94962315892670909045760660135543702747347240282773,
  "confiabilidade_total": 0.99130649226004224270061201637177845807420496775388
}
 
Individuo 25:
{
  "Posicao": [0. 0. 0. 7. 9.]
             [1. 1. 2. 2. 1.],
  "Velocidade": [-7.05342591 -6.3284361  -5.71798007 -0.58946646  3.83765672]
                [-0.69536665  0.         -0.12320905 -0.12320905  0.        ],
  "funcao_objetivo": 0.81068986255812514890524112560789668190146489635377,
  "confiabilidade_total": 0.99470652922479171348319993457600226814712090984254
}
 
Individuo 26:
{
  "Posicao": [0. 0. 4. 9. 9.]
             [1. 1. 2. 1. 1.],
  "Velocidade": [-19.09724829 -19.46422186  -4.90328194  10.44682717   0.22239433]
                [ 0.          0.          0.         -0.93275416  0.        ],
  "funcao_objetivo": 0.93257161995289700281763337780823065807452062941772,
  "confiabilidade_total": 0.97307161995289687919429958579704988190313438750488
}
 
Individuo 27:
{
  "Posicao": [0. 4. 3. 8. 9.]
             [1. 1. 3. 3. 1.],
  "Velocidade": [-8.77011297 -1.18614301  2.81582052  1.66059462  1.3764213 ]
                [-1.50021249  0.          1.50021249  1.50021249  0.        ],
  "funcao_objetivo": 0.32072440396815285823220511630080914303635567756986,
  "confiabilidade_total": 0.99852440396815270528788124393924413427685708137845
}
 
Individuo 28:
{
  "Posicao": [7. 0. 7. 8. 9.]
             [1. 1. 2. 2. 1.],
  "Velocidade": [ 6.9263869  -3.15465013  3.21438903  0.25915451  0.62086795]
                [0.        0.        0.        1.3784414 0.       ],
  "funcao_objetivo": 0.93886728971057442109530136127765315638666218594220,
  "confiabilidade_total": 0.99006728971057446518225766914261937660907572582867
}
 
Individuo 29:
{
  "Posicao": [0. 2. 5. 9. 9.]
             [1. 1. 2. 2. 1.],
  "Velocidade": [ 0.10232611 -1.36901093  0.         -0.49944894 -0.09095654]
                [ 0.          0.         -0.69505391  0.          0.        ],
  "funcao_objetivo": 0.92668085608619381740228499588408271925390411917477,
  "confiabilidade_total": 0.99076418941952712901225448071851974496484448019772
}
 
Individuo 30:
{
  "Posicao": [9. 3. 6. 9. 9.]
             [1. 1. 2. 2. 1.],
  "Velocidade": [ 0.37120847 -2.08886815  1.11027503  1.43109646 -0.04320333]
                [0.         0.         0.         0.26385678 0.        ],
  "funcao_objetivo": 0.77675544641527527593156919982683901582122981217738,
  "confiabilidade_total": 0.98747211308194177263049228321287372056604563859340
}
 
Individuo 31:
{
  "Posicao": [9. 9. 9. 1. 9.]
             [1. 2. 1. 1. 1.],
  "Velocidade": [ 9.5320836  10.11617525  1.39744348 -3.56663039 10.44423912]
                [ 0.         -0.45961915  0.48613816  0.48613816  0.        ],
  "funcao_objetivo": 0.91887123355185630495200872135545084708115689105737,
  "confiabilidade_total": 0.95587123355185619209783826820828851301899782962549
}
 
Individuo 32:
{
  "Posicao": [2. 4. 0. 7. 9.]
             [1. 1. 2. 2. 1.],
  "Velocidade": [ 0.25375675  1.88081912 -9.9540829  -2.04241145  1.00035336]
                [ 0.          0.         -0.30755683 -0.30755683  0.        ],
  "funcao_objetivo": 0.84614335581177770870437868244331883575858996097610,
  "confiabilidade_total": 0.99276002247844451345688440857153881184848473255202
}
 
Individuo 33:
{
  "Posicao": [0. 2. 4. 8. 9.]
             [1. 1. 2. 2. 1.],
  "Velocidade": [ 0.07874139  2.3870781  -2.16920885 -0.10507736 -0.07874139]
                [ 0.          0.          0.         -0.00874904  0.        ],
  "funcao_objetivo": 0.84127680171817412788227739258008276061576558121156,
  "confiabilidade_total": 0.99186013505150739141958991114524158598345471390199
}
 
Individuo 34:
{
  "Posicao": [6. 0. 5. 5. 9.]
             [2. 1. 3. 3. 1.],
  "Velocidade": [-2.62625316 -6.32528234  0.         -0.11273353  6.03317085]
                [-1.47493912  0.          1.76100982  1.76100982  0.        ],
  "funcao_objetivo": 0.40169665780574552214800156388383068294140913857364,
  "confiabilidade_total": 0.99919665780574546996751940650147328303072073830509
}
 
Individuo 35:
{
  "Posicao": [3. 7. 3. 5. 0.]
             [1. 1. 1. 1. 3.],
  "Velocidade": [ 3.06398631  7.26468647  0.8571861   0.26463469 -5.92238622]
                [ 0.          0.         -1.17478874 -1.17478874  0.56949944],
  "funcao_objetivo": 0.83117960176428555898282432254093680331683016728578,
  "confiabilidade_total": 0.94776293509761897273331207288977554800188399266420
}
 
Individuo 36:
{
  "Posicao": [0. 4. 6. 8. 9.]
             [1. 1. 3. 3. 1.],
  "Velocidade": [-10.01061997   2.85104561  -0.51547362   1.17198231   2.49186746]
                [0.         0.         3.12613252 3.12613252 0.        ],
  "funcao_objetivo": 0.36209526923824874220187152248529357023495349044987,
  "confiabilidade_total": 0.99834526923824861341600066596713488109367999191471
}
 
Individuo 37:
{
  "Posicao": [5. 6. 3. 4. 3.]
             [1. 1. 2. 2. 1.],
  "Velocidade": [-1.75496378 -1.58812886  0.26235581  2.25440729  3.35092205]
                [ 0.          0.         -0.12918983 -0.12918983 -1.83163999],
  "funcao_objetivo": 0.75158180736258745202490494113604687074690612924177,
  "confiabilidade_total": 0.99074847402925403505477041937425415883332046639997
}
 
Individuo 38:
{
  "Posicao": [1. 9. 4. 8. 9.]
             [1. 1. 2. 2. 2.],
  "Velocidade": [ 0.94632635  9.53383236 -0.94632635 -0.73459407  1.28002276]
                [0.         0.         0.63897219 0.63897219 0.94632635],
  "funcao_objetivo": 0.51171284540422585568394929156671517103988581309410,
  "confiabilidade_total": 0.99062951207089251287671281476537935942489557871910
}
 
Individuo 39:
{
  "Posicao": [0. 0. 9. 3. 8.]
             [1. 1. 1. 1. 1.],
  "Velocidade": [-10.89075361 -24.12004969  12.8313226   -4.53896232  -1.31181063]
                [ 0.          0.         -3.0836161  -3.0836161  -3.48953139],
  "funcao_objetivo": 0.95811332635853174297136630118490676238605924948107,
  "confiabilidade_total": 0.95811332635853174297136630118490676238605924948107
}
 
Individuo 40:
{
  "Posicao": [3. 0. 2. 7. 9.]
             [1. 1. 3. 3. 3.],
  "Velocidade": [ 2.80441429 -4.53196871 -2.57692317 -1.2539339  11.94700489]
                [0.         0.         1.0766918  1.0766918  2.80441429],
  "funcao_objetivo": -0.28120843387819406818923632581988845893000105007569,
  "confiabilidade_total": 0.99904156612180593092258525447998630873109361545166
}
 
Individuo 41:
{
  "Posicao": [0. 0. 4. 7. 9.]
             [1. 1. 3. 3. 3.],
  "Velocidade": [ 0.22544958 -1.92242998 -3.34461    -0.72107441  0.45089915]
                [0.         0.         3.17714512 3.17714512 0.58762316],
  "funcao_objetivo": -0.46887632357194869127269031030361796686342141248897,
  "confiabilidade_total": 0.99900700976138484853251965598549437752077200792118
}
 
Individuo 42:
{
  "Posicao": [0. 0. 6. 9. 9.]
             [1. 1. 1. 1. 1.],
  "Velocidade": [ -7.71422346 -20.32853012   4.8295341    1.0585464    2.62377366]
                [ 0.          0.         -3.8909004  -3.8909004   0.20172961],
  "funcao_objetivo": 0.95584423488777395337476827613248337533059951585811,
  "confiabilidade_total": 0.95584423488777395337476827613248337533059951585811
}
 
Individuo 43:
{
  "Posicao": [2. 4. 5. 7. 7.]
             [1. 1. 2. 2. 3.],
  "Velocidade": [ 1.67261742  3.65299998  4.5234486   2.16410543 -1.60605311]
                [ 0.          0.         -1.20876847 -1.20876847  5.00571962],
  "funcao_objetivo": 0.58541967277288941761584638696095175520572027467563,
  "confiabilidade_total": 0.99133633943955614874946335019504153580459913514926
}
 
Individuo 44:
{
  "Posicao": [2. 9. 5. 8. 9.]
             [1. 1. 2. 2. 1.],
  "Velocidade": [ 1.8881483   8.57469332  0.51928256 -0.73088263  0.77889477]
                [ 0.          0.         -0.15300665 -0.15300665  0.        ],
  "funcao_objetivo": 0.98860742173555846460984628365358387107432103249585,
  "confiabilidade_total": 0.98860742173555846460984628365358387107432103249585
}
 
Individuo 45:
{
  "Posicao": [0. 0. 7. 9. 9.]
             [1. 1. 2. 2. 1.],
  "Velocidade": [ 0.17378353 -2.57432988  3.54873646  4.163433    0.72884643]
                [0.         0.         1.05437773 1.05437773 0.        ],
  "funcao_objetivo": 0.80513883558540148161666345048827931277997759762410,
  "confiabilidade_total": 0.99175550225206789862377782628057754591651228848104
}
 
Individuo 46:
{
  "Posicao": [9. 9. 0. 0. 9.]
             [1. 1. 1. 1. 3.],
  "Velocidade": [ 3.17983745  8.15493281 -5.32624734 -7.97003171  0.1305012 ]
                [ 0.          0.         -2.89646351 -2.89646351  0.89017525],
  "funcao_objetivo": 0.64252180625395111425349409037440669352245049062186,
  "confiabilidade_total": 0.95913847292061770223495425844081215189826206746512
}
 
Individuo 47:
{
  "Posicao": [0. 5. 6. 7. 9.]
             [1. 1. 1. 1. 1.],
  "Velocidade": [ 0.35847625  4.65023659 -0.03260529 -0.30110281  0.17923813]
                [ 0.          0.         -1.13177076 -1.13177076  0.20782856],
  "funcao_objetivo": 0.94615814572687579733345456865869199202050935344388,
  "confiabilidade_total": 0.94615814572687579733345456865869199202050935344388
}
 
Individuo 48:
{
  "Posicao": [1. 2. 9. 9. 2.]
             [1. 1. 2. 2. 1.],
  "Velocidade": [ 1.27103854  1.95780607  3.66176047  0.6690915  -4.67988273]
                [ 0.          0.         -1.05450091 -1.05450091  0.        ],
  "funcao_objetivo": 0.79735586759395248373108707911164812425725033433896,
  "confiabilidade_total": 0.98958920092728571903542808145907612665198614747983
}
 
Individuo 49:
{
  "Posicao": [9. 9. 2. 9. 9.]
             [1. 1. 3. 3. 1.],
  "Velocidade": [10.23870484 12.05675075 -6.54501566 10.13938289  3.62223047]
                [ 0.          0.         -0.15825317 -0.15825317  0.        ],
  "funcao_objetivo": 0.15715661362784221043568958822522633805605786611194,
  "confiabilidade_total": 0.99800661362784208573543946232764371767374890615100
}
 
Individuo 50:
{
  "Posicao": [9. 4. 9. 6. 9.]
             [1. 1. 1. 1. 1.],
  "Velocidade": [11.2293969   2.75915256  3.84147947 -3.40900387  0.        ]
                [ 0.          0.         -2.06113163 -2.06113163  0.        ],
  "funcao_objetivo": 0.93088610972584698940090667802361116802696271804185,
  "confiabilidade_total": 0.93088610972584698940090667802361116802696271804185
}
 
-----------------------------------------
Populacao final da era:
Individuo 1:
{
  "Posicao": [0. 1. 5. 9. 9.]
             [1. 1. 2. 2. 1.],
  "Velocidade": [0.         0.70442915 0.         2.0245646  0.        ]
                [0. 0. 0. 0. 0.],
  "funcao_objetivo": 0.91711167567996613350049320451383440516100937123587,
  "confiabilidade_total": 0.99111167567996609861173465566829012234838420148184
}
 
Individuo 2:
{
  "Posicao": [0. 1. 5. 9. 9.]
             [1. 1. 2. 2. 1.],
  "Velocidade": [-4.25767554 -1.05585605  0.          3.82222726 -0.40462554]
                [ 0.          0.          0.         -0.20231277  0.20231277],
  "funcao_objetivo": 0.91711167567996613350049320451383440516100937123587,
  "confiabilidade_total": 0.99111167567996609861173465566829012234838420148184
}
 
Individuo 3:
{
  "Posicao": [9. 8. 0. 0. 9.]
             [3. 1. 1. 1. 1.],
  "Velocidade": [  6.27656736   7.59921121  -8.75828144 -13.71973682   0.20485628]
                [ 0.66986498  0.         -2.72396233 -2.72396233  0.        ],
  "funcao_objetivo": 0.73620578186589316788823390101029045651798079812252,
  "confiabilidade_total": 0.97650578186589298718833441301981193716769049966061
}
 
Individuo 4:
{
  "Posicao": [2. 1. 4. 9. 9.]
             [1. 1. 3. 3. 1.],
  "Velocidade": [1.5691101  1.11187088 0.38235301 1.80042545 1.5691101 ]
                [ 0.         -0.90841277  1.93198587  1.93198587 -0.90841277],
  "funcao_objetivo": 0.075517373106021084076787904163246495421696432149202,
  "confiabilidade_total": 0.99838403977268753050481243252219304978447032741287
}
 
Individuo 5:
{
  "Posicao": [9. 2. 5. 1. 2.]
             [3. 1. 2. 2. 1.],
  "Velocidade": [ 7.37610373  2.04193556  0.         -1.74863285 -3.95512848]
                [2.39212729 0.         0.58020696 0.58020696 0.        ],
  "funcao_objetivo": 0.38607245097549624219696832401384051010552172103428,
  "confiabilidade_total": 0.99702245097549615200244980346612316608968500533604
}
 
Individuo 6:
{
  "Posicao": [0. 0. 1. 9. 3.]
             [3. 1. 1. 1. 1.],
  "Velocidade": [  0.         -10.84361263  -2.49353657   2.6691811   -1.00274326]
                [1.6221198  0.         0.44946961 0.44946961 0.        ],
  "funcao_objetivo": 0.72342288079621445474008208141515519269444406281994,
  "confiabilidade_total": 0.97752288079621446115717116374855999634303510438488
}
 
Individuo 7:
{
  "Posicao": [2. 9. 0. 1. 6.]
             [2. 1. 2. 2. 1.],
  "Velocidade": [ 1.60335652 17.45689145  0.20411668 -5.36686979  0.16997841]
                [1.12785359 0.         1.2812644  1.2812644  0.        ],
  "funcao_objetivo": 0.54910233375794013015683305553209189292532707454909,
  "confiabilidade_total": 0.99628566709127363214784680308837247048062587978591
}
 
Individuo 8:
{
  "Posicao": [0. 0. 6. 7. 9.]
             [1. 1. 2. 2. 1.],
  "Velocidade": [ 0.         -7.68059117 -1.12347665 -0.68714474  1.39331521]
                [ 0.          0.          0.         -0.24961186  0.        ],
  "funcao_objetivo": 0.88750463749341514350426778862304066709763982346351,
  "confiabilidade_total": 0.99255463749341486349491874791230960685349681427772
}
 
Individuo 9:
{
  "Posicao": [2. 2. 0. 7. 9.]
             [1. 1. 2. 2. 1.],
  "Velocidade": [ 1.6419351   2.07991459 -7.81387153 -2.47889317  0.        ]
                [0.         0.         0.71517376 0.         0.        ],
  "funcao_objetivo": 0.88748374267425562197253015020109298389409924144326,
  "confiabilidade_total": 0.99340040934092235033058955187229141343389893168984
}
 
Individuo 10:
{
  "Posicao": [0. 1. 5. 9. 9.]
             [1. 1. 3. 2. 1.],
  "Velocidade": [ 0.         -0.74108227  0.          1.5126896   3.70321082]
                [ 0.          0.          0.95145569  0.         -5.36076595],
  "funcao_objetivo": 0.69435833460285062725807320392024595179539440169136,
  "confiabilidade_total": 0.99420833460285052165365910157535582669955013289253
}
 
Individuo 11:
{
  "Posicao": [0. 1. 2. 9. 9.]
             [1. 1. 1. 1. 1.],
  "Velocidade": [-2.76701664 -7.74899742  1.71893156  2.26472505  0.        ]
                [ 0.         -0.54581475  0.41573418  0.41573418  0.        ],
  "funcao_objetivo": 0.95605002469337275197780252480572183588110787096107,
  "confiabilidade_total": 0.95605002469337275197780252480572183588110787096107
}
 
Individuo 12:
{
  "Posicao": [2. 3. 7. 9. 9.]
             [3. 1. 2. 2. 1.],
  "Velocidade": [ 1.56266608  3.2616518   6.17142759  7.65859279 14.76368448]
                [ 1.56266608  0.         -0.25609077 -0.25609077  0.        ],
  "funcao_objetivo": 0.30974592329296826887109645989450734644706933348362,
  "confiabilidade_total": 0.99366258995963494160698232784536310076292245238011
}
 
Individuo 13:
{
  "Posicao": [0. 9. 1. 9. 9.]
             [1. 1. 3. 3. 1.],
  "Velocidade": [-2.0157771   9.23361185 -2.65571318  2.3860073   0.        ]
                [-1.06066405  0.          0.98669929  0.98669929  0.        ],
  "funcao_objetivo": 0.11674615406928606740221103928371333474579554793465,
  "confiabilidade_total": 0.99834615406928611767310959431080148512783747908699
}
 
Individuo 14:
{
  "Posicao": [3. 9. 7. 7. 8.]
             [3. 1. 3. 3. 3.],
  "Velocidade": [-1.69954777 16.20856158  7.15042429 -0.92322539  0.3083165 ]
                [3.04922385 0.         1.65601215 1.65601215 3.04922385],
  "funcao_objetivo": -0.60835198279218450832008937833160116233803075298473,
  "confiabilidade_total": 0.99901468387448210197685358470045075855277735248402
}
 
Individuo 15:
{
  "Posicao": [1. 0. 6. 8. 9.]
             [1. 1. 2. 2. 1.],
  "Velocidade": [ 0.84131096 -4.37484928  3.92249856 -0.29694696  5.59607412]
                [ 0.          0.         -0.32369261  0.          0.        ],
  "funcao_objetivo": 0.94094386461465540254749386129825690898833683220891,
  "confiabilidade_total": 0.99167719794798868705639889798982974083010459779052
}
 
Individuo 16:
{
  "Posicao": [0. 2. 5. 3. 9.]
             [1. 1. 2. 2. 1.],
  "Velocidade": [ 0.08896536 -0.18983934 -0.08896536  0.38783004  0.08896536]
                [0.         0.         0.08896536 0.         0.        ],
  "funcao_objetivo": 0.86614993131181980858529717027829937244014992876575,
  "confiabilidade_total": 0.99256659797848659678437759924543533081369652910755
}
 
Individuo 17:
{
  "Posicao": [5. 2. 3. 5. 4.]
             [1. 1. 1. 2. 1.],
  "Velocidade": [ 3.69452972 -0.3095586  -0.51567462 -4.43292493 -3.69452972]
                [ 0.          0.         -1.57835745  0.          0.        ],
  "funcao_objetivo": 0.96677954299037469557117566872064520544413875699211,
  "confiabilidade_total": 0.96677954299037469557117566872064520544413875699211
}
 
Individuo 18:
{
  "Posicao": [1. 0. 5. 6. 9.]
             [1. 1. 2. 2. 1.],
  "Velocidade": [ -4.48196668 -11.06875474  -1.6656944    4.37884638   2.04195026]
                [-0.921885    0.          0.43652377  0.43652377  0.        ],
  "funcao_objetivo": 0.93969356322884417808669552783321525848069341024255,
  "confiabilidade_total": 0.99202689656217752089393200463455107009568364461755
}
 
Individuo 19:
{
  "Posicao": [9. 8. 5. 4. 9.]
             [1. 1. 2. 2. 1.],
  "Velocidade": [10.39900253  8.29211535 -0.154244    0.42535389  5.87467572]
                [0.154244 0.       0.       0.154244 0.      ],
  "funcao_objetivo": 0.91901819631289376177736070639816018632991293017243,
  "confiabilidade_total": 0.98868486297956054120567924082655947535676935259675
}
 
Individuo 20:
{
  "Posicao": [9. 1. 6. 8. 9.]
             [1. 1. 1. 2. 3.],
  "Velocidade": [18.59852013  1.28729358  1.34260445 -0.5033808   2.01929777]
                [ 0.          0.         -1.34260445  0.          3.53542166],
  "funcao_objetivo": 0.53978644011873634065243045030561967423398424150808,
  "confiabilidade_total": 0.96391977345206973057753209219859906142790246965749
}
 
Individuo 21:
{
  "Posicao": [3. 2. 5. 9. 9.]
             [1. 1. 2. 3. 1.],
  "Velocidade": [3.22785151 1.98831829 0.         0.92155539 0.66963942]
                [0.04627035 0.         0.         1.19743388 0.        ],
  "funcao_objetivo": 0.62819493428882552239624933545823090415449976478729,
  "confiabilidade_total": 0.99386160095549210675838244324662604074927210365448
}
 
Individuo 22:
{
  "Posicao": [7. 9. 3. 0. 8.]
             [1. 1. 2. 3. 1.],
  "Velocidade": [ 3.39778753  4.40130241  2.86937816 -2.22500607 -0.42258001]
                [0.         0.         0.         1.75562602 0.        ],
  "funcao_objetivo": 0.54356393800137495279996424069538415971067448868511,
  "confiabilidade_total": 0.99501393800137497074116831863791385295656224503277
}
 
Individuo 23:
{
  "Posicao": [6. 7. 5. 2. 6.]
             [1. 3. 2. 2. 1.],
  "Velocidade": [ 2.38683383  2.11328146 -0.84491151 -1.27543386 -0.59771785]
                [0.         1.65825903 0.14497216 0.14497216 0.        ],
  "funcao_objetivo": 0.59407618962907545745414359919975410330536665238708,
  "confiabilidade_total": 0.99442618962907564927847779393430115770044626511901
}
 
Individuo 24:
{
  "Posicao": [1. 0. 5. 8. 9.]
             [1. 1. 2. 2. 1.],
  "Velocidade": [ 0.00313461 -0.98931158 -1.0592263   1.18804329  0.46835457]
                [0.15611819 0.         0.15611819 0.15611819 0.        ],
  "funcao_objetivo": 0.99168231774851155212025844729579333455273676973574,
  "confiabilidade_total": 0.99168231774851155212025844729579333455273676973574
}
 
Individuo 25:
{
  "Posicao": [5. 6. 4. 8. 9.]
             [3. 1. 1. 1. 1.],
  "Velocidade": [4.83643924 5.51900275 4.28871268 1.0985969  0.74380269]
                [ 2.21460103  0.         -1.55063634 -1.55063634  0.        ],
  "funcao_objetivo": 0.95677814662224861473261164315027171527008435082275,
  "confiabilidade_total": 0.96469481328891518666024687513691359912018200707275
}
 
Individuo 26:
{
  "Posicao": [9. 9. 7. 9. 9.]
             [1. 1. 2. 2. 1.],
  "Velocidade": [17.97968018 18.3251785   2.83009074  2.38904705  0.20937984]
                [0.         0.         0.         0.52895409 0.        ],
  "funcao_objetivo": 0.79679192743431903205178923996325669905451136894384,
  "confiabilidade_total": 0.98600859410098561677405094136443698844919923014798
}
 
Individuo 27:
{
  "Posicao": [8. 0. 9. 9. 9.]
             [2. 1. 3. 3. 1.],
  "Velocidade": [ 8.03584099 -7.78342461  5.96228175  1.51920761  1.29587333]
                [ 1.41242028  0.         -0.30951492 -0.30951492  0.        ],
  "funcao_objetivo": -0.16033575624066984203084718400447194790964708082669,
  "confiabilidade_total": 0.99889757709266332926913644870268149906272306687839
}
 
Individuo 28:
{
  "Posicao": [0. 1. 3. 8. 9.]
             [1. 1. 2. 1. 1.],
  "Velocidade": [-11.84624798   1.08486767  -4.10669041   0.24398882   0.58453485]
                [ 0.          0.          0.         -0.58739759  0.        ],
  "funcao_objetivo": 0.97117605768234598158330209892267692982435514563431,
  "confiabilidade_total": 0.97117605768234598158330209892267692982435514563431
}
 
Individuo 29:
{
  "Posicao": [0. 0. 5. 7. 9.]
             [1. 1. 1. 2. 1.],
  "Velocidade": [ 0.096338   -3.8917539   0.         -2.19460587 -0.08563378]
                [ 0.          0.         -0.74836967  0.          0.        ],
  "funcao_objetivo": 0.97474460019735979372616169573852345478915384167302,
  "confiabilidade_total": 0.97474460019735979372616169573852345478915384167302
}
 
Individuo 30:
{
  "Posicao": [0. 0. 2. 9. 9.]
             [1. 1. 2. 2. 1.],
  "Velocidade": [-13.37104455  -6.54013789  -4.18786156   0.5645776   -0.04067508]
                [ 0.          0.          0.         -0.49331611  0.        ],
  "funcao_objetivo": 0.77051699596409681138108466242380576481845945075823,
  "confiabilidade_total": 0.99313366263076332975156118649289613863256543830706
}
 
Individuo 31:
{
  "Posicao": [9. 9. 8. 2. 9.]
             [1. 1. 2. 2. 1.],
  "Velocidade": [ 2.07576206  2.62567276 -0.52567775  1.08909798  7.07756023]
                [ 0.         -0.89305806  0.91802519  0.91802519  0.        ],
  "funcao_objetivo": 0.90705024685113821180135537521085466747672103044058,
  "confiabilidade_total": 0.98913358018447149776517299120417560940176985856558
}
 
Individuo 32:
{
  "Posicao": [1. 3. 7. 4. 8.]
             [1. 1. 1. 1. 1.],
  "Velocidade": [-0.81054359 -0.65977319  6.74794512 -3.05629452 -1.04794311]
                [ 0.          0.         -0.62118464 -0.62118464  0.        ],
  "funcao_objetivo": 0.94830298985486839579292982897457288058971081338173,
  "confiabilidade_total": 0.94830298985486839579292982897457288058971081338173
}
 
Individuo 33:
{
  "Posicao": [0. 4. 2. 8. 9.]
             [1. 1. 2. 2. 1.],
  "Velocidade": [ 0.07413345  1.65353667 -1.71248991 -0.16463261 -0.07413345]
                [ 0.          0.          0.         -0.00823705  0.        ],
  "funcao_objetivo": 0.84986878807074385264301038302206626950438094055077,
  "confiabilidade_total": 0.99195212140407705311965510287833359880979132568261
}
 
Individuo 34:
{
  "Posicao": [0. 4. 5. 9. 9.]
             [1. 1. 3. 3. 1.],
  "Velocidade": [-15.3940434    4.49394616   0.           5.62401191   5.6801106 ]
                [-3.5422056   0.         -0.49562391 -0.49562391  0.        ],
  "funcao_objetivo": 0.32702059840139815416324973184940425405619955993344,
  "confiabilidade_total": 0.99817059840139790094358227534370051423428870177915
}
 
Individuo 35:
{
  "Posicao": [3. 9. 3. 2. 2.]
             [1. 1. 1. 1. 1.],
  "Velocidade": [-0.49042617  4.39940601 -0.28758152 -2.64701359  2.04100818]
                [ 0.          0.          0.39908882  0.39908882 -2.13198458],
  "funcao_objetivo": 0.94645778418024799457221784089392221580898168293795,
  "confiabilidade_total": 0.94645778418024799457221784089392221580898168293795
}
 
Individuo 36:
{
  "Posicao": [9. 0. 2. 7. 9.]
             [1. 1. 3. 3. 1.],
  "Velocidade": [ 9.42479998 -5.21199761 -3.66412652 -0.50295954  2.34604375]
                [ 0.          0.         -0.23562662 -0.23562662  0.        ],
  "funcao_objetivo": 0.35420622926126750533932050618338172980330951310219,
  "confiabilidade_total": 0.99875622926126723959633733190591221400283343888344
}
 
Individuo 37:
{
  "Posicao": [0. 1. 4. 8. 9.]
             [1. 1. 2. 2. 2.],
  "Velocidade": [-4.56471571 -5.3672645   0.59486837  4.3895864   6.39834908]
                [ 0.          0.         -0.43590477 -0.43590477  1.41017758],
  "funcao_objetivo": 0.51542185964604886875924730493667213450149256253919,
  "confiabilidade_total": 0.99303852631271550259291839002204271237329203153333
}
 
Individuo 38:
{
  "Posicao": [0. 0. 5. 7. 9.]
             [1. 1. 3. 3. 1.],
  "Velocidade": [ -1.27762643 -10.54125121   1.27762643  -0.69160574   1.20511602]
                [ 0.          0.          0.60157964  0.60157964 -1.27762643],
  "funcao_objetivo": 0.53086978142856191190096356339303419786071654892813,
  "confiabilidade_total": 0.99871978142856170571034343000896151038384315110098
}
 
Individuo 39:
{
  "Posicao": [9. 9. 9. 0. 7.]
             [1. 1. 3. 3. 3.],
  "Velocidade": [10.25342834 22.70854799 11.69236038 -3.788249   -1.13802489]
                [0.         0.         2.80614457 2.80614457 3.28532454],
  "funcao_objetivo": -0.44708329454097517964465594340567829058308156556547,
  "confiabilidade_total": 0.99850003879235770752705122723141333117347208433688
}
 
Individuo 40:
{
  "Posicao": [0. 2. 9. 9. 9.]
             [1. 1. 1. 1. 1.],
  "Velocidade": [-8.7360036   2.44521984  8.95018198  2.61154745  3.96171299]
                [ 0.          0.         -2.77841737 -2.77841737 -4.94390227],
  "funcao_objetivo": 0.94805074536567970607668742221557950985853254985590,
  "confiabilidade_total": 0.94805074536567970607668742221557950985853254985590
}
 
Individuo 41:
{
  "Posicao": [0. 1. 7. 9. 9.]
             [1. 1. 1. 1. 1.],
  "Velocidade": [0.2122563  1.3836744  3.09530433 2.37170695 0.4245126 ]
                [ 0.          0.         -1.65616716 -1.65616716 -3.95113081],
  "funcao_objetivo": 0.95177561047801133949639673401047360361397530084851,
  "confiabilidade_total": 0.95177561047801133949639673401047360361397530084851
}
 
Individuo 42:
{
  "Posicao": [7. 9. 6. 9. 9.]
             [1. 1. 3. 3. 1.],
  "Velocidade": [ 7.26278826 19.13890757  0.03663101  0.85067916  2.47023081]
                [0.         0.         3.51728422 3.51728422 0.18992442],
  "funcao_objetivo": 0.20308402374639492276972887348915052156166219895477,
  "confiabilidade_total": 0.99758402374639485127136608762906931827978277390594
}
 
Individuo 43:
{
  "Posicao": [1. 4. 9. 9. 8.]
             [1. 1. 1. 1. 1.],
  "Velocidade": [-0.63856635  0.1565767   4.83071438  2.85812487  0.70123532]
                [ 0.          0.         -1.13803152 -1.13803152 -1.92750591],
  "funcao_objetivo": 0.94034228312891547852427838475895635388662653345401,
  "confiabilidade_total": 0.94034228312891547852427838475895635388662653345401
}
 
Individuo 44:
{
  "Posicao": [2. 7. 5. 7. 9.]
             [1. 1. 2. 2. 1.],
  "Velocidade": [-0.39667952 -1.71159792  0.48889422 -0.68811148  0.73331397]
                [ 0.          0.         -0.14405273 -0.14405273  0.        ],
  "funcao_objetivo": 0.98954170237274253358016232933240846635951139356614,
  "confiabilidade_total": 0.98954170237274253358016232933240846635951139356614
}
 
Individuo 45:
{
  "Posicao": [0. 0. 6. 8. 9.]
             [1. 1. 2. 2. 1.],
  "Velocidade": [ 0.16361374  0.20500115 -1.26788482 -0.60336469 -0.42314522]
                [ 0.          0.         -0.11666397 -0.11666397  0.        ],
  "funcao_objetivo": 0.90988740040263573484937313582600881476978712802556,
  "confiabilidade_total": 0.99230406706930232957821373605180314757022016769078
}
 
Individuo 46:
{
  "Posicao": [0. 0. 5. 8. 9.]
             [1. 1. 2. 2. 1.],
  "Velocidade": [-16.26047989 -10.84449369   4.78753376   7.74049759   0.12286429]
                [ 0.          0.          0.91295146  0.91295146 -3.52197324],
  "funcao_objetivo": 0.99230854116747322038369407338563018194105829332970,
  "confiabilidade_total": 0.99230854116747322038369407338563018194105829332970
}
 
Individuo 47:
{
  "Posicao": [0. 6. 7. 6. 9.]
             [1. 1. 2. 2. 1.],
  "Velocidade": [ 0.33749828  1.0674909   0.88264083 -1.19682039  0.16874914]
                [0.         0.         0.54664052 0.54664052 0.19566647],
  "funcao_objetivo": 0.92496483226075108364438665081622918534524881649037,
  "confiabilidade_total": 0.99053149892741766410131026948563619099989676284810
}
 
Individuo 48:
{
  "Posicao": [4. 0. 6. 8. 6.]
             [1. 1. 1. 1. 1.],
  "Velocidade": [ 2.61950295 -1.57890074 -3.39679779 -1.08113178  4.43754679]
                [ 0.          0.         -2.55974844 -2.55974844  0.        ],
  "funcao_objetivo": 0.94849315772390828664503655178168207270220211810015,
  "confiabilidade_total": 0.94849315772390828664503655178168207270220211810015
}
 
Individuo 49:
{
  "Posicao": [7. 9. 3. 9. 9.]
             [1. 1. 1. 1. 1.],
  "Velocidade": [-2.36174412 -0.0803449   1.25689536  3.27476126  2.27076791]
                [ 0.          0.         -2.43204308 -2.43204308  0.        ],
  "funcao_objetivo": 0.93132320421295234364728510646048734438875107660799,
  "confiabilidade_total": 0.93132320421295234364728510646048734438875107660799
}
 
Individuo 50:
{
  "Posicao": [9. 0. 8. 6. 9.]
             [1. 1. 2. 2. 1.],
  "Velocidade": [ 4.48052434 -3.850578   -0.96117377  0.01462321  0.        ]
                [0.         0.         0.60675928 0.60675928 0.        ],
  "funcao_objetivo": 0.90578248924379620599172618514564992111983154966279,
  "confiabilidade_total": 0.98949915591046275642544366038926118236842011167451
}
 
-----------------------------------------
-----------------------------------------
-----------------------------------------
-----------------------------------------
GERACAO 8
Populacao antes da execucao:
Individuo 1:
{
  "Posicao": [0. 1. 5. 9. 9.]
             [1. 1. 2. 2. 1.],
  "Velocidade": [0.         0.70442915 0.         2.0245646  0.        ]
                [0. 0. 0. 0. 0.],
  "funcao_objetivo": 0.91711167567996613350049320451383440516100937123587,
  "confiabilidade_total": 0.99111167567996609861173465566829012234838420148184
}
 
Individuo 2:
{
  "Posicao": [0. 1. 5. 9. 9.]
             [1. 1. 2. 2. 1.],
  "Velocidade": [-4.25767554 -1.05585605  0.          3.82222726 -0.40462554]
                [ 0.          0.          0.         -0.20231277  0.20231277],
  "funcao_objetivo": 0.91711167567996613350049320451383440516100937123587,
  "confiabilidade_total": 0.99111167567996609861173465566829012234838420148184
}
 
Individuo 3:
{
  "Posicao": [9. 8. 0. 0. 9.]
             [3. 1. 1. 1. 1.],
  "Velocidade": [  6.27656736   7.59921121  -8.75828144 -13.71973682   0.20485628]
                [ 0.66986498  0.         -2.72396233 -2.72396233  0.        ],
  "funcao_objetivo": 0.73620578186589316788823390101029045651798079812252,
  "confiabilidade_total": 0.97650578186589298718833441301981193716769049966061
}
 
Individuo 4:
{
  "Posicao": [2. 1. 4. 9. 9.]
             [1. 1. 3. 3. 1.],
  "Velocidade": [1.5691101  1.11187088 0.38235301 1.80042545 1.5691101 ]
                [ 0.         -0.90841277  1.93198587  1.93198587 -0.90841277],
  "funcao_objetivo": 0.075517373106021084076787904163246495421696432149202,
  "confiabilidade_total": 0.99838403977268753050481243252219304978447032741287
}
 
Individuo 5:
{
  "Posicao": [9. 2. 5. 1. 2.]
             [3. 1. 2. 2. 1.],
  "Velocidade": [ 7.37610373  2.04193556  0.         -1.74863285 -3.95512848]
                [2.39212729 0.         0.58020696 0.58020696 0.        ],
  "funcao_objetivo": 0.38607245097549624219696832401384051010552172103428,
  "confiabilidade_total": 0.99702245097549615200244980346612316608968500533604
}
 
Individuo 6:
{
  "Posicao": [0. 0. 1. 9. 3.]
             [3. 1. 1. 1. 1.],
  "Velocidade": [  0.         -10.84361263  -2.49353657   2.6691811   -1.00274326]
                [1.6221198  0.         0.44946961 0.44946961 0.        ],
  "funcao_objetivo": 0.72342288079621445474008208141515519269444406281994,
  "confiabilidade_total": 0.97752288079621446115717116374855999634303510438488
}
 
Individuo 7:
{
  "Posicao": [2. 9. 0. 1. 6.]
             [2. 1. 2. 2. 1.],
  "Velocidade": [ 1.60335652 17.45689145  0.20411668 -5.36686979  0.16997841]
                [1.12785359 0.         1.2812644  1.2812644  0.        ],
  "funcao_objetivo": 0.54910233375794013015683305553209189292532707454909,
  "confiabilidade_total": 0.99628566709127363214784680308837247048062587978591
}
 
Individuo 8:
{
  "Posicao": [0. 0. 6. 7. 9.]
             [1. 1. 2. 2. 1.],
  "Velocidade": [ 0.         -7.68059117 -1.12347665 -0.68714474  1.39331521]
                [ 0.          0.          0.         -0.24961186  0.        ],
  "funcao_objetivo": 0.88750463749341514350426778862304066709763982346351,
  "confiabilidade_total": 0.99255463749341486349491874791230960685349681427772
}
 
Individuo 9:
{
  "Posicao": [2. 2. 0. 7. 9.]
             [1. 1. 2. 2. 1.],
  "Velocidade": [ 1.6419351   2.07991459 -7.81387153 -2.47889317  0.        ]
                [0.         0.         0.71517376 0.         0.        ],
  "funcao_objetivo": 0.88748374267425562197253015020109298389409924144326,
  "confiabilidade_total": 0.99340040934092235033058955187229141343389893168984
}
 
Individuo 10:
{
  "Posicao": [0. 1. 5. 9. 9.]
             [1. 1. 3. 2. 1.],
  "Velocidade": [ 0.         -0.74108227  0.          1.5126896   3.70321082]
                [ 0.          0.          0.95145569  0.         -5.36076595],
  "funcao_objetivo": 0.69435833460285062725807320392024595179539440169136,
  "confiabilidade_total": 0.99420833460285052165365910157535582669955013289253
}
 
Individuo 11:
{
  "Posicao": [0. 1. 2. 9. 9.]
             [1. 1. 1. 1. 1.],
  "Velocidade": [-2.76701664 -7.74899742  1.71893156  2.26472505  0.        ]
                [ 0.         -0.54581475  0.41573418  0.41573418  0.        ],
  "funcao_objetivo": 0.95605002469337275197780252480572183588110787096107,
  "confiabilidade_total": 0.95605002469337275197780252480572183588110787096107
}
 
Individuo 12:
{
  "Posicao": [2. 3. 7. 9. 9.]
             [3. 1. 2. 2. 1.],
  "Velocidade": [ 1.56266608  3.2616518   6.17142759  7.65859279 14.76368448]
                [ 1.56266608  0.         -0.25609077 -0.25609077  0.        ],
  "funcao_objetivo": 0.30974592329296826887109645989450734644706933348362,
  "confiabilidade_total": 0.99366258995963494160698232784536310076292245238011
}
 
Individuo 13:
{
  "Posicao": [0. 9. 1. 9. 9.]
             [1. 1. 3. 3. 1.],
  "Velocidade": [-2.0157771   9.23361185 -2.65571318  2.3860073   0.        ]
                [-1.06066405  0.          0.98669929  0.98669929  0.        ],
  "funcao_objetivo": 0.11674615406928606740221103928371333474579554793465,
  "confiabilidade_total": 0.99834615406928611767310959431080148512783747908699
}
 
Individuo 14:
{
  "Posicao": [3. 9. 7. 7. 8.]
             [3. 1. 3. 3. 3.],
  "Velocidade": [-1.69954777 16.20856158  7.15042429 -0.92322539  0.3083165 ]
                [3.04922385 0.         1.65601215 1.65601215 3.04922385],
  "funcao_objetivo": -0.60835198279218450832008937833160116233803075298473,
  "confiabilidade_total": 0.99901468387448210197685358470045075855277735248402
}
 
Individuo 15:
{
  "Posicao": [1. 0. 6. 8. 9.]
             [1. 1. 2. 2. 1.],
  "Velocidade": [ 0.84131096 -4.37484928  3.92249856 -0.29694696  5.59607412]
                [ 0.          0.         -0.32369261  0.          0.        ],
  "funcao_objetivo": 0.94094386461465540254749386129825690898833683220891,
  "confiabilidade_total": 0.99167719794798868705639889798982974083010459779052
}
 
Individuo 16:
{
  "Posicao": [0. 2. 5. 3. 9.]
             [1. 1. 2. 2. 1.],
  "Velocidade": [ 0.08896536 -0.18983934 -0.08896536  0.38783004  0.08896536]
                [0.         0.         0.08896536 0.         0.        ],
  "funcao_objetivo": 0.86614993131181980858529717027829937244014992876575,
  "confiabilidade_total": 0.99256659797848659678437759924543533081369652910755
}
 
Individuo 17:
{
  "Posicao": [5. 2. 3. 5. 4.]
             [1. 1. 1. 2. 1.],
  "Velocidade": [ 3.69452972 -0.3095586  -0.51567462 -4.43292493 -3.69452972]
                [ 0.          0.         -1.57835745  0.          0.        ],
  "funcao_objetivo": 0.96677954299037469557117566872064520544413875699211,
  "confiabilidade_total": 0.96677954299037469557117566872064520544413875699211
}
 
Individuo 18:
{
  "Posicao": [1. 0. 5. 6. 9.]
             [1. 1. 2. 2. 1.],
  "Velocidade": [ -4.48196668 -11.06875474  -1.6656944    4.37884638   2.04195026]
                [-0.921885    0.          0.43652377  0.43652377  0.        ],
  "funcao_objetivo": 0.93969356322884417808669552783321525848069341024255,
  "confiabilidade_total": 0.99202689656217752089393200463455107009568364461755
}
 
Individuo 19:
{
  "Posicao": [9. 8. 5. 4. 9.]
             [1. 1. 2. 2. 1.],
  "Velocidade": [10.39900253  8.29211535 -0.154244    0.42535389  5.87467572]
                [0.154244 0.       0.       0.154244 0.      ],
  "funcao_objetivo": 0.91901819631289376177736070639816018632991293017243,
  "confiabilidade_total": 0.98868486297956054120567924082655947535676935259675
}
 
Individuo 20:
{
  "Posicao": [9. 1. 6. 8. 9.]
             [1. 1. 1. 2. 3.],
  "Velocidade": [18.59852013  1.28729358  1.34260445 -0.5033808   2.01929777]
                [ 0.          0.         -1.34260445  0.          3.53542166],
  "funcao_objetivo": 0.53978644011873634065243045030561967423398424150808,
  "confiabilidade_total": 0.96391977345206973057753209219859906142790246965749
}
 
Individuo 21:
{
  "Posicao": [3. 2. 5. 9. 9.]
             [1. 1. 2. 3. 1.],
  "Velocidade": [3.22785151 1.98831829 0.         0.92155539 0.66963942]
                [0.04627035 0.         0.         1.19743388 0.        ],
  "funcao_objetivo": 0.62819493428882552239624933545823090415449976478729,
  "confiabilidade_total": 0.99386160095549210675838244324662604074927210365448
}
 
Individuo 22:
{
  "Posicao": [7. 9. 3. 0. 8.]
             [1. 1. 2. 3. 1.],
  "Velocidade": [ 3.39778753  4.40130241  2.86937816 -2.22500607 -0.42258001]
                [0.         0.         0.         1.75562602 0.        ],
  "funcao_objetivo": 0.54356393800137495279996424069538415971067448868511,
  "confiabilidade_total": 0.99501393800137497074116831863791385295656224503277
}
 
Individuo 23:
{
  "Posicao": [6. 7. 5. 2. 6.]
             [1. 3. 2. 2. 1.],
  "Velocidade": [ 2.38683383  2.11328146 -0.84491151 -1.27543386 -0.59771785]
                [0.         1.65825903 0.14497216 0.14497216 0.        ],
  "funcao_objetivo": 0.59407618962907545745414359919975410330536665238708,
  "confiabilidade_total": 0.99442618962907564927847779393430115770044626511901
}
 
Individuo 24:
{
  "Posicao": [1. 0. 5. 8. 9.]
             [1. 1. 2. 2. 1.],
  "Velocidade": [ 0.00313461 -0.98931158 -1.0592263   1.18804329  0.46835457]
                [0.15611819 0.         0.15611819 0.15611819 0.        ],
  "funcao_objetivo": 0.99168231774851155212025844729579333455273676973574,
  "confiabilidade_total": 0.99168231774851155212025844729579333455273676973574
}
 
Individuo 25:
{
  "Posicao": [5. 6. 4. 8. 9.]
             [3. 1. 1. 1. 1.],
  "Velocidade": [4.83643924 5.51900275 4.28871268 1.0985969  0.74380269]
                [ 2.21460103  0.         -1.55063634 -1.55063634  0.        ],
  "funcao_objetivo": 0.95677814662224861473261164315027171527008435082275,
  "confiabilidade_total": 0.96469481328891518666024687513691359912018200707275
}
 
Individuo 26:
{
  "Posicao": [9. 9. 7. 9. 9.]
             [1. 1. 2. 2. 1.],
  "Velocidade": [17.97968018 18.3251785   2.83009074  2.38904705  0.20937984]
                [0.         0.         0.         0.52895409 0.        ],
  "funcao_objetivo": 0.79679192743431903205178923996325669905451136894384,
  "confiabilidade_total": 0.98600859410098561677405094136443698844919923014798
}
 
Individuo 27:
{
  "Posicao": [8. 0. 9. 9. 9.]
             [2. 1. 3. 3. 1.],
  "Velocidade": [ 8.03584099 -7.78342461  5.96228175  1.51920761  1.29587333]
                [ 1.41242028  0.         -0.30951492 -0.30951492  0.        ],
  "funcao_objetivo": -0.16033575624066984203084718400447194790964708082669,
  "confiabilidade_total": 0.99889757709266332926913644870268149906272306687839
}
 
Individuo 28:
{
  "Posicao": [0. 1. 3. 8. 9.]
             [1. 1. 2. 1. 1.],
  "Velocidade": [-11.84624798   1.08486767  -4.10669041   0.24398882   0.58453485]
                [ 0.          0.          0.         -0.58739759  0.        ],
  "funcao_objetivo": 0.97117605768234598158330209892267692982435514563431,
  "confiabilidade_total": 0.97117605768234598158330209892267692982435514563431
}
 
Individuo 29:
{
  "Posicao": [0. 0. 5. 7. 9.]
             [1. 1. 1. 2. 1.],
  "Velocidade": [ 0.096338   -3.8917539   0.         -2.19460587 -0.08563378]
                [ 0.          0.         -0.74836967  0.          0.        ],
  "funcao_objetivo": 0.97474460019735979372616169573852345478915384167302,
  "confiabilidade_total": 0.97474460019735979372616169573852345478915384167302
}
 
Individuo 30:
{
  "Posicao": [0. 0. 2. 9. 9.]
             [1. 1. 2. 2. 1.],
  "Velocidade": [-13.37104455  -6.54013789  -4.18786156   0.5645776   -0.04067508]
                [ 0.          0.          0.         -0.49331611  0.        ],
  "funcao_objetivo": 0.77051699596409681138108466242380576481845945075823,
  "confiabilidade_total": 0.99313366263076332975156118649289613863256543830706
}
 
Individuo 31:
{
  "Posicao": [9. 9. 8. 2. 9.]
             [1. 1. 2. 2. 1.],
  "Velocidade": [ 2.07576206  2.62567276 -0.52567775  1.08909798  7.07756023]
                [ 0.         -0.89305806  0.91802519  0.91802519  0.        ],
  "funcao_objetivo": 0.90705024685113821180135537521085466747672103044058,
  "confiabilidade_total": 0.98913358018447149776517299120417560940176985856558
}
 
Individuo 32:
{
  "Posicao": [1. 3. 7. 4. 8.]
             [1. 1. 1. 1. 1.],
  "Velocidade": [-0.81054359 -0.65977319  6.74794512 -3.05629452 -1.04794311]
                [ 0.          0.         -0.62118464 -0.62118464  0.        ],
  "funcao_objetivo": 0.94830298985486839579292982897457288058971081338173,
  "confiabilidade_total": 0.94830298985486839579292982897457288058971081338173
}
 
Individuo 33:
{
  "Posicao": [0. 4. 2. 8. 9.]
             [1. 1. 2. 2. 1.],
  "Velocidade": [ 0.07413345  1.65353667 -1.71248991 -0.16463261 -0.07413345]
                [ 0.          0.          0.         -0.00823705  0.        ],
  "funcao_objetivo": 0.84986878807074385264301038302206626950438094055077,
  "confiabilidade_total": 0.99195212140407705311965510287833359880979132568261
}
 
Individuo 34:
{
  "Posicao": [0. 4. 5. 9. 9.]
             [1. 1. 3. 3. 1.],
  "Velocidade": [-15.3940434    4.49394616   0.           5.62401191   5.6801106 ]
                [-3.5422056   0.         -0.49562391 -0.49562391  0.        ],
  "funcao_objetivo": 0.32702059840139815416324973184940425405619955993344,
  "confiabilidade_total": 0.99817059840139790094358227534370051423428870177915
}
 
Individuo 35:
{
  "Posicao": [3. 9. 3. 2. 2.]
             [1. 1. 1. 1. 1.],
  "Velocidade": [-0.49042617  4.39940601 -0.28758152 -2.64701359  2.04100818]
                [ 0.          0.          0.39908882  0.39908882 -2.13198458],
  "funcao_objetivo": 0.94645778418024799457221784089392221580898168293795,
  "confiabilidade_total": 0.94645778418024799457221784089392221580898168293795
}
 
Individuo 36:
{
  "Posicao": [9. 0. 2. 7. 9.]
             [1. 1. 3. 3. 1.],
  "Velocidade": [ 9.42479998 -5.21199761 -3.66412652 -0.50295954  2.34604375]
                [ 0.          0.         -0.23562662 -0.23562662  0.        ],
  "funcao_objetivo": 0.35420622926126750533932050618338172980330951310219,
  "confiabilidade_total": 0.99875622926126723959633733190591221400283343888344
}
 
Individuo 37:
{
  "Posicao": [0. 1. 4. 8. 9.]
             [1. 1. 2. 2. 2.],
  "Velocidade": [-4.56471571 -5.3672645   0.59486837  4.3895864   6.39834908]
                [ 0.          0.         -0.43590477 -0.43590477  1.41017758],
  "funcao_objetivo": 0.51542185964604886875924730493667213450149256253919,
  "confiabilidade_total": 0.99303852631271550259291839002204271237329203153333
}
 
Individuo 38:
{
  "Posicao": [0. 0. 5. 7. 9.]
             [1. 1. 3. 3. 1.],
  "Velocidade": [ -1.27762643 -10.54125121   1.27762643  -0.69160574   1.20511602]
                [ 0.          0.          0.60157964  0.60157964 -1.27762643],
  "funcao_objetivo": 0.53086978142856191190096356339303419786071654892813,
  "confiabilidade_total": 0.99871978142856170571034343000896151038384315110098
}
 
Individuo 39:
{
  "Posicao": [9. 9. 9. 0. 7.]
             [1. 1. 3. 3. 3.],
  "Velocidade": [10.25342834 22.70854799 11.69236038 -3.788249   -1.13802489]
                [0.         0.         2.80614457 2.80614457 3.28532454],
  "funcao_objetivo": -0.44708329454097517964465594340567829058308156556547,
  "confiabilidade_total": 0.99850003879235770752705122723141333117347208433688
}
 
Individuo 40:
{
  "Posicao": [0. 2. 9. 9. 9.]
             [1. 1. 1. 1. 1.],
  "Velocidade": [-8.7360036   2.44521984  8.95018198  2.61154745  3.96171299]
                [ 0.          0.         -2.77841737 -2.77841737 -4.94390227],
  "funcao_objetivo": 0.94805074536567970607668742221557950985853254985590,
  "confiabilidade_total": 0.94805074536567970607668742221557950985853254985590
}
 
Individuo 41:
{
  "Posicao": [0. 1. 7. 9. 9.]
             [1. 1. 1. 1. 1.],
  "Velocidade": [0.2122563  1.3836744  3.09530433 2.37170695 0.4245126 ]
                [ 0.          0.         -1.65616716 -1.65616716 -3.95113081],
  "funcao_objetivo": 0.95177561047801133949639673401047360361397530084851,
  "confiabilidade_total": 0.95177561047801133949639673401047360361397530084851
}
 
Individuo 42:
{
  "Posicao": [7. 9. 6. 9. 9.]
             [1. 1. 3. 3. 1.],
  "Velocidade": [ 7.26278826 19.13890757  0.03663101  0.85067916  2.47023081]
                [0.         0.         3.51728422 3.51728422 0.18992442],
  "funcao_objetivo": 0.20308402374639492276972887348915052156166219895477,
  "confiabilidade_total": 0.99758402374639485127136608762906931827978277390594
}
 
Individuo 43:
{
  "Posicao": [1. 4. 9. 9. 8.]
             [1. 1. 1. 1. 1.],
  "Velocidade": [-0.63856635  0.1565767   4.83071438  2.85812487  0.70123532]
                [ 0.          0.         -1.13803152 -1.13803152 -1.92750591],
  "funcao_objetivo": 0.94034228312891547852427838475895635388662653345401,
  "confiabilidade_total": 0.94034228312891547852427838475895635388662653345401
}
 
Individuo 44:
{
  "Posicao": [2. 7. 5. 7. 9.]
             [1. 1. 2. 2. 1.],
  "Velocidade": [-0.39667952 -1.71159792  0.48889422 -0.68811148  0.73331397]
                [ 0.          0.         -0.14405273 -0.14405273  0.        ],
  "funcao_objetivo": 0.98954170237274253358016232933240846635951139356614,
  "confiabilidade_total": 0.98954170237274253358016232933240846635951139356614
}
 
Individuo 45:
{
  "Posicao": [0. 0. 6. 8. 9.]
             [1. 1. 2. 2. 1.],
  "Velocidade": [ 0.16361374  0.20500115 -1.26788482 -0.60336469 -0.42314522]
                [ 0.          0.         -0.11666397 -0.11666397  0.        ],
  "funcao_objetivo": 0.90988740040263573484937313582600881476978712802556,
  "confiabilidade_total": 0.99230406706930232957821373605180314757022016769078
}
 
Individuo 46:
{
  "Posicao": [0. 0. 5. 8. 9.]
             [1. 1. 2. 2. 1.],
  "Velocidade": [-16.26047989 -10.84449369   4.78753376   7.74049759   0.12286429]
                [ 0.          0.          0.91295146  0.91295146 -3.52197324],
  "funcao_objetivo": 0.99230854116747322038369407338563018194105829332970,
  "confiabilidade_total": 0.99230854116747322038369407338563018194105829332970
}
 
Individuo 47:
{
  "Posicao": [0. 6. 7. 6. 9.]
             [1. 1. 2. 2. 1.],
  "Velocidade": [ 0.33749828  1.0674909   0.88264083 -1.19682039  0.16874914]
                [0.         0.         0.54664052 0.54664052 0.19566647],
  "funcao_objetivo": 0.92496483226075108364438665081622918534524881649037,
  "confiabilidade_total": 0.99053149892741766410131026948563619099989676284810
}
 
Individuo 48:
{
  "Posicao": [4. 0. 6. 8. 6.]
             [1. 1. 1. 1. 1.],
  "Velocidade": [ 2.61950295 -1.57890074 -3.39679779 -1.08113178  4.43754679]
                [ 0.          0.         -2.55974844 -2.55974844  0.        ],
  "funcao_objetivo": 0.94849315772390828664503655178168207270220211810015,
  "confiabilidade_total": 0.94849315772390828664503655178168207270220211810015
}
 
Individuo 49:
{
  "Posicao": [7. 9. 3. 9. 9.]
             [1. 1. 1. 1. 1.],
  "Velocidade": [-2.36174412 -0.0803449   1.25689536  3.27476126  2.27076791]
                [ 0.          0.         -2.43204308 -2.43204308  0.        ],
  "funcao_objetivo": 0.93132320421295234364728510646048734438875107660799,
  "confiabilidade_total": 0.93132320421295234364728510646048734438875107660799
}
 
Individuo 50:
{
  "Posicao": [9. 0. 8. 6. 9.]
             [1. 1. 2. 2. 1.],
  "Velocidade": [ 4.48052434 -3.850578   -0.96117377  0.01462321  0.        ]
                [0.         0.         0.60675928 0.60675928 0.        ],
  "funcao_objetivo": 0.90578248924379620599172618514564992111983154966279,
  "confiabilidade_total": 0.98949915591046275642544366038926118236842011167451
}
 
-----------------------------------------
Populacao final da era:
Individuo 1:
{
  "Posicao": [0. 1. 5. 6. 9.]
             [1. 1. 2. 2. 1.],
  "Velocidade": [ 0.          0.21831567  0.         -3.30429986  0.        ]
                [0. 0. 0. 0. 0.],
  "funcao_objetivo": 0.93969302343911255247166950321877338079486668946695,
  "confiabilidade_total": 0.99202635677244589527890598002010919240985692384195
}
 
Individuo 2:
{
  "Posicao": [4. 0. 5. 9. 9.]
             [1. 1. 2. 2. 1.],
  "Velocidade": [ 3.96843184 -1.12936769  0.          1.88236037 -0.37713745]
                [ 0.          0.          0.         -0.18856872  0.18856872],
  "funcao_objetivo": 0.87621522764252148845886214871996361220926286689070,
  "confiabilidade_total": 0.99019856097585451548536373138802463113069774619367
}
 
Individuo 3:
{
  "Posicao": [8. 3. 4. 7. 8.]
             [1. 1. 3. 3. 1.],
  "Velocidade": [-0.84587586 -5.27427194  3.52823724  6.83564967 -0.72408796]
                [-1.77867987  0.          1.7949057   1.7949057   0.        ],
  "funcao_objetivo": 0.37001028286444271313525049216941983458244867256382,
  "confiabilidade_total": 0.99829361619777601792845060580539570209229059150914
}
 
Individuo 4:
{
  "Posicao": [2. 4. 4. 7. 9.]
             [1. 2. 3. 3. 2.],
  "Velocidade": [-0.07298434  2.57368502  0.13622783 -1.72403167  0.80391388]
                [ 0.          0.51740043 -0.37438906 -0.37438906  0.51740043],
  "funcao_objetivo": -0.43817413963583378921609218386147526314781388142205,
  "confiabilidade_total": 0.99930919369749943493050742100312950798942366740608
}
 
Individuo 5:
{
  "Posicao": [9. 4. 5. 3. 6.]
             [2. 1. 2. 2. 1.],
  "Velocidade": [-0.02442784  2.28887957  0.          2.20129329  3.59866252]
                [-0.88829747  0.         -0.32270104 -0.32270104  0.        ],
  "funcao_objetivo": 0.64246683206246079872838041143139812140916471821245,
  "confiabilidade_total": 0.99441683206246067278468049795364017575238828998980
}
 
Individuo 6:
{
  "Posicao": [0. 9. 8. 8. 9.]
             [1. 1. 3. 3. 1.],
  "Velocidade": [ 0.         10.10695557  6.61381947 -1.33549484  8.23536504]
                [-2.9570576   0.          2.12380587  2.12380587  0.        ],
  "funcao_objetivo": 0.47540539931804443978570223372196015759772011743038,
  "confiabilidade_total": 0.99805539931804427671614437677896750017470070825070
}
 
Individuo 7:
{
  "Posicao": [7. 8. 3. 2. 7.]
             [3. 1. 2. 2. 1.],
  "Velocidade": [ 5.47363728 -0.82584749  3.46568201  0.51675081  1.19027067]
                [ 0.70728669  0.         -0.36147697 -0.36147697  0.        ],
  "funcao_objetivo": 0.49816094378820594643125556022329698854984921220817,
  "confiabilidade_total": 0.99582761045487267578851568405713630447091740373649
}
 
Individuo 8:
{
  "Posicao": [0. 1. 5. 9. 9.]
             [1. 1. 2. 2. 1.],
  "Velocidade": [ 0.          1.16557609 -1.11279024  2.75492837 -0.36621697]
                [ 0.          0.          0.         -0.23265456  0.        ],
  "funcao_objetivo": 0.91711167567996613350049320451383440516100937123587,
  "confiabilidade_total": 0.99111167567996609861173465566829012234838420148184
}
 
Individuo 9:
{
  "Posicao": [2. 8. 3. 0. 9.]
             [1. 1. 1. 2. 1.],
  "Velocidade": [-0.07184913  6.22718504  3.27743905 -9.75650257  0.        ]
                [ 0.          0.         -0.51157305  0.          0.        ],
  "funcao_objetivo": 0.97231920709439455972607821349791458017547736760452,
  "confiabilidade_total": 0.97231920709439455972607821349791458017547736760452
}
 
Individuo 10:
{
  "Posicao": [0. 1. 5. 5. 9.]
             [1. 1. 1. 2. 3.],
  "Velocidade": [ 0.         -0.34025925  0.         -4.12394846  3.45163448]
                [ 0.          0.         -2.68560451  0.          4.99658418],
  "funcao_objetivo": 0.67777128675807520994943833192688640235056709711843,
  "confiabilidade_total": 0.97762128675807532638962915461330436198105644648367
}
 
Individuo 11:
{
  "Posicao": [1. 0. 5. 7. 9.]
             [1. 2. 2. 2. 1.],
  "Velocidade": [ 1.01432555 -9.33334156  2.54441645 -1.79658078  0.        ]
                [0.         1.28794793 0.70157806 0.70157806 0.        ],
  "funcao_objetivo": 0.72118181613223043181519780222165762758064157193205,
  "confiabilidade_total": 0.99519848279889713184036561545886114550936109250090
}
 
Individuo 12:
{
  "Posicao": [3. 6. 9. 9. 9.]
             [2. 1. 2. 2. 1.],
  "Velocidade": [ 1.19614393  2.60531151  4.96121105  6.78704423 13.05325234]
                [-1.19614393  0.         -0.32712663 -0.32712663  0.        ],
  "funcao_objetivo": 0.43608041234768621920824525415364887873204911894641,
  "confiabilidade_total": 0.99196374568101939308394630399116549948724473662219
}
 
Individuo 13:
{
  "Posicao": [1. 9. 4. 9. 9.]
             [1. 1. 2. 2. 1.],
  "Velocidade": [0.78987484 0.20672697 2.89130022 0.74614496 0.        ]
                [ 0.44412764  0.         -0.55810154 -0.55810154  0.        ],
  "funcao_objetivo": 0.68854933143595715032343539218753422097994045293835,
  "confiabilidade_total": 0.98878266476929036358984935572560489596558765447644
}
 
Individuo 14:
{
  "Posicao": [2. 9. 9. 5. 8.]
             [2. 1. 3. 3. 2.],
  "Velocidade": [-0.61869367  5.55229553  3.78038292 -1.59734939  0.17309467]
                [-1.20292919  0.         -0.20991162 -0.20991162 -1.20292919],
  "funcao_objetivo": -0.082542066011065559760852173579013147993277713281272,
  "confiabilidade_total": 0.99890793398893435159894154034848866458396990634763
}
 
Individuo 15:
{
  "Posicao": [2. 0. 4. 8. 9.]
             [1. 1. 1. 2. 1.],
  "Velocidade": [ 0.63727106  0.30558632 -1.52027288 -0.27677397  3.32987722]
                [ 0.          0.         -0.93037919  0.          0.        ],
  "funcao_objetivo": 0.97171113064007191700781417621035474447048336621792,
  "confiabilidade_total": 0.97171113064007191700781417621035474447048336621792
}
 
Individuo 16:
{
  "Posicao": [0. 1. 5. 7. 9.]
             [1. 1. 2. 2. 1.],
  "Velocidade": [ 0.08292153 -0.64716386 -0.08292153  3.68701478  0.08292153]
                [0.         0.         0.08292153 0.         0.        ],
  "funcao_objetivo": 0.99192793684665515523880642909185917120259793154252,
  "confiabilidade_total": 0.99192793684665515523880642909185917120259793154252
}
 
Individuo 17:
{
  "Posicao": [5. 0. 2. 3. 4.]
             [1. 1. 2. 2. 1.],
  "Velocidade": [ 0.10438394 -2.52209093 -1.24007508 -1.52968126 -0.10438394]
                [0.         0.         1.10259992 0.         0.        ],
  "funcao_objetivo": 0.75584789579810499009742153108866286823998486039105,
  "confiabilidade_total": 0.99343122913143824763952971667797637532006298539105
}
 
Individuo 18:
{
  "Posicao": [0. 4. 5. 7. 8.]
             [1. 1. 2. 2. 1.],
  "Velocidade": [-1.33421626  4.13385908 -0.17854855  1.1428068  -0.84474388]
                [ 0.17226333  0.         -0.28012506 -0.28012506  0.        ],
  "funcao_objetivo": 0.99099367025521107011098237970228085365863515056194,
  "confiabilidade_total": 0.99099367025521107011098237970228085365863515056194
}
 
Individuo 19:
{
  "Posicao": [6. 4. 5. 9. 9.]
             [1. 1. 2. 2. 1.],
  "Velocidade": [-3.29402013 -3.81482444 -0.14376549  5.38584688  5.47558167]
                [0.14376549 0.         0.         0.14376549 0.        ],
  "funcao_objetivo": 0.91340948190481456922012980973856651767898252009026,
  "confiabilidade_total": 0.98790948190481445237609536184474786646939715145699
}
 
Individuo 20:
{
  "Posicao": [9. 3. 6. 7. 9.]
             [1. 1. 1. 2. 2.],
  "Velocidade": [ 5.68789968  1.89190761 -0.04273119 -1.46227988  1.88211748]
                [ 0.          0.          0.04273119  0.         -0.70699147],
  "funcao_objetivo": 0.84121015463407932239696813852271799208377686323100,
  "confiabilidade_total": 0.96271015463407913887710216798434186005746212781840
}
 
Individuo 21:
{
  "Posicao": [0. 0. 5. 8. 9.]
             [1. 1. 2. 2. 1.],
  "Velocidade": [-2.87498813 -2.06912853  0.         -1.10223571  0.6241477 ]
                [ 0.04312699  0.          0.         -0.84509893  0.        ],
  "funcao_objetivo": 0.99230854116747322038369407338563018194105829332970,
  "confiabilidade_total": 0.99230854116747322038369407338563018194105829332970
}
 
Individuo 22:
{
  "Posicao": [0. 0. 4. 9. 9.]
             [1. 1. 2. 1. 1.],
  "Velocidade": [-9.04728577 -9.18492591  1.1447187  10.02620781  0.79329631]
                [ 0.          0.          0.         -2.15352117  0.        ],
  "funcao_objetivo": 0.93257161995289700281763337780823065807452062941772,
  "confiabilidade_total": 0.97307161995289687919429958579704988190313438750488
}
 
Individuo 23:
{
  "Posicao": [2. 4. 9. 5. 9.]
             [1. 3. 1. 1. 1.],
  "Velocidade": [-3.66252074 -2.99119343  4.93497819  2.79092116  6.20148477]
                [ 0.         -0.41679617 -1.77237345 -1.77237345  0.        ],
  "funcao_objetivo": 0.75722874162962909860948714040129573401462270138398,
  "confiabilidade_total": 0.96997874162962912103599223782945785057198239681855
}
 
Individuo 24:
{
  "Posicao": [0. 1. 4. 9. 9.]
             [1. 1. 2. 2. 1.],
  "Velocidade": [-0.85900937  0.92210304 -0.98726813  1.10733398  0.43653706]
                [0.14551235 0.         0.14551235 0.14551235 0.        ],
  "funcao_objetivo": 0.69270655525042834516823800010735244830678532835999,
  "confiabilidade_total": 0.99163988858376165997564979586224031043778489348450
}
 
Individuo 25:
{
  "Posicao": [4. 4. 8. 9. 9.]
             [3. 1. 1. 1. 1.],
  "Velocidade": [-0.58268745 -1.6288131   3.60403467  1.02396411 -0.13698539]
                [-0.47022793  0.          0.17810399  0.17810399  0.        ],
  "funcao_objetivo": 0.69441675870445922652616603253490927568223433357469,
  "confiabilidade_total": 0.96531675870445903414672032548778395107533888679735
}
 
Individuo 26:
{
  "Posicao": [0. 0. 9. 1. 9.]
             [1. 1. 2. 1. 1.],
  "Velocidade": [-13.63709422 -13.3150672    3.14820579  -8.41540533   0.1951557 ]
                [ 0.          0.          0.         -1.32320379  0.        ],
  "funcao_objetivo": 0.97597988644583266591507551527149673043176053607434,
  "confiabilidade_total": 0.97937988644583269998643236223676951035748689019650
}
 
Individuo 27:
{
  "Posicao": [0. 0. 0. 6. 9.]
             [1. 1. 1. 1. 1.],
  "Velocidade": [-7.5784761   0.28368142 -9.64504315 -2.73311802  1.20783863]
                [-1.438455    0.         -3.04341113 -3.04341113  0.        ],
  "funcao_objetivo": 0.96523435195984079138992384813049671365810129502679,
  "confiabilidade_total": 0.96523435195984079138992384813049671365810129502679
}
 
Individuo 28:
{
  "Posicao": [9. 0. 3. 8. 9.]
             [1. 1. 2. 2. 1.],
  "Velocidade": [11.04147724 -0.82031973 -0.16472926  0.22741353  0.54482468]
                [0.         0.         0.         1.28399434 0.        ],
  "funcao_objetivo": 0.87935563223796072321028407077532169135784474641321,
  "confiabilidade_total": 0.99077229890462718583646252841530217050140467912195
}
 
Individuo 29:
{
  "Posicao": [0. 4. 5. 5. 9.]
             [1. 1. 2. 2. 1.],
  "Velocidade": [ 0.08979331  3.62736896  0.         -2.02626675 -0.07981628]
                [0.         0.         0.67828011 0.         0.        ],
  "funcao_objetivo": 0.97980174738245844733914513908628550157149115076345,
  "confiabilidade_total": 0.99105174738245840008527765347806024979066827764791
}
 
Individuo 30:
{
  "Posicao": [9. 6. 1. 8. 9.]
             [1. 1. 2. 1. 1.],
  "Velocidade": [12.46268729  6.0958359  -1.34692247 -0.79892114 -0.03791183]
                [ 0.          0.          0.         -1.16930029  0.        ],
  "funcao_objetivo": 0.96122399519255072683525486921668609731205203205088,
  "confiabilidade_total": 0.96122399519255072683525486921668609731205203205088
}
 
Individuo 31:
{
  "Posicao": [0. 0. 4. 9. 9.]
             [1. 2. 3. 3. 1.],
  "Velocidade": [-9.59410905 -9.08155635 -3.82661671  8.32128808  5.4575715 ]
                [0.         0.70581324 0.72908423 0.72908423 0.        ],
  "funcao_objetivo": -0.33091658115387602000914443779975712013953268191324,
  "confiabilidade_total": 0.99935008551279068834269606012612045096642434933676
}
 
Individuo 32:
{
  "Posicao": [2. 2. 2. 0. 0.]
             [1. 1. 1. 1. 1.],
  "Velocidade": [ 0.69569048 -1.09102533 -5.29688552 -5.43362397 -8.86736665]
                [0.         0.         0.42029348 0.42029348 0.        ],
  "funcao_objetivo": 0.96379643097365903301050006919531830503042540668502,
  "confiabilidade_total": 0.96379643097365903301050006919531830503042540668502
}
 
Individuo 33:
{
  "Posicao": [0. 0. 9. 6. 9.]
             [1. 1. 2. 2. 1.],
  "Velocidade": [  0.06909722 -10.16597311   8.29171568  -1.63009525  -0.06909722]
                [ 0.          0.          0.         -0.00767747  0.        ],
  "funcao_objetivo": 0.75679130234448624591212752125735520071471073287465,
  "confiabilidade_total": 0.99184130234448608830486694547013272217595913070180
}
 
Individuo 34:
{
  "Posicao": [9. 0. 5. 9. 9.]
             [3. 1. 1. 1. 1.],
  "Velocidade": [14.34825442 -4.20160911  0.          1.41446102  5.29423426]
                [ 3.30156709  0.         -3.13615917 -3.13615917  0.        ],
  "funcao_objetivo": 0.76290583073621342972348370004908748175051827500706,
  "confiabilidade_total": 0.97535583073621315906221252668217449187335391114598
}
 
Individuo 35:
{
  "Posicao": [0. 0. 3. 9. 9.]
             [1. 1. 3. 3. 1.],
  "Velocidade": [-7.94603855e+00 -1.30476406e+01 -3.08156983e-03  7.19205559e+00
  1.34669510e+01]
                [0.         0.         2.27732959 2.27732959 0.21427782],
  "funcao_objetivo": 0.10024240744802027416705050951184335067937892454312,
  "confiabilidade_total": 0.99869240744801996747904218705860062405536693113492
}
 
Individuo 36:
{
  "Posicao": [2. 1. 4. 7. 9.]
             [1. 1. 1. 1. 1.],
  "Velocidade": [-6.97397008  0.51452619  1.83762783 -0.16564549  2.18666608]
                [ 0.         0.        -1.9705638 -1.9705638  0.       ],
  "funcao_objetivo": 0.95087071608185891699806869646171364112043890444239,
  "confiabilidade_total": 0.95087071608185891699806869646171364112043890444239
}
 
Individuo 37:
{
  "Posicao": [4. 1. 1. 6. 4.]
             [1. 1. 1. 1. 1.],
  "Velocidade": [ 3.65229382 -0.32759936 -2.80276784 -2.49770792 -4.57886342]
                [ 0.          0.         -1.72410959 -1.72410959 -0.59966975],
  "funcao_objetivo": 0.95342837937310417315116577940485138712110257550890,
  "confiabilidade_total": 0.95342837937310417315116577940485138712110257550890
}
 
Individuo 38:
{
  "Posicao": [1. 9. 6. 7. 9.]
             [1. 1. 3. 3. 2.],
  "Velocidade": [ 1.19083132  9.82513498  1.19083132 -0.05413508  1.12324689]
                [ 0.          0.         -0.02977513 -0.02977513  1.19083132],
  "funcao_objetivo": 0.035526485229798440700440275416517024570171088616851,
  "confiabilidade_total": 0.99835981856313181503801065157229858421630069677115
}
 
Individuo 39:
{
  "Posicao": [0. 1. 9. 9. 9.]
             [1. 1. 1. 1. 1.],
  "Velocidade": [-19.28561194  -7.67662651   4.24939457  14.39407516   3.80616847]
                [ 0.          0.         -2.13176692 -2.13176692 -3.34730222],
  "funcao_objetivo": 0.94988166618450618153648299281054316847135244737098,
  "confiabilidade_total": 0.94988166618450618153648299281054316847135244737098
}
 
Individuo 40:
{
  "Posicao": [8. 3. 9. 9. 9.]
             [1. 1. 2. 2. 3.],
  "Velocidade": [8.14252623 0.70126665 3.93101644 1.33134837 1.18165142]
                [0.         0.         1.48688204 1.48688204 4.60803999],
  "funcao_objetivo": 0.10965909008973952700587527689616858428229587168080,
  "confiabilidade_total": 0.98825909008973957461223857282288103764762179941518
}
 
Individuo 41:
{
  "Posicao": [0. 2. 9. 9. 9.]
             [1. 1. 2. 2. 3.],
  "Velocidade": [0.19783674 1.13887693 2.44272754 1.91908552 0.39567349]
                [0.         0.         1.32250683 1.32250683 3.61236095],
  "funcao_objetivo": 0.057721202237684959829466844444062904981173711250616,
  "confiabilidade_total": 0.99127120223768495077004696350278553512433929962952
}
 
Individuo 42:
{
  "Posicao": [7. 9. 2. 9. 9.]
             [1. 1. 1. 1. 1.],
  "Velocidade": [ 0.32457883  9.55252256 -3.55738096  0.40636793  2.30241654]
                [ 0.          0.         -1.82348383 -1.82348383  0.17702197],
  "funcao_objetivo": 0.93439588791569794718628719035495222112073697705854,
  "confiabilidade_total": 0.93439588791569794718628719035495222112073697705854
}
 
Individuo 43:
{
  "Posicao": [0. 1. 4. 7. 9.]
             [1. 1. 3. 3. 3.],
  "Velocidade": [-1.36213832 -2.9218713  -4.54968457 -2.09260362  1.4205499 ]
                [0.         0.         1.70103802 1.70103802 1.79656146],
  "funcao_objetivo": -0.43728908709466064583828449356636955191210823673343,
  "confiabilidade_total": 0.99891091290533927529147183706250981639309806209469
}
 
Individuo 44:
{
  "Posicao": [0. 0. 5. 8. 9.]
             [1. 1. 2. 2. 1.],
  "Velocidade": [ -4.02056811 -14.3732502    0.45568137   1.18405357   0.68349654]
                [ 0.          0.         -0.13426655 -0.13426655  0.        ],
  "funcao_objetivo": 0.99230854116747322038369407338563018194105829332970,
  "confiabilidade_total": 0.99230854116747322038369407338563018194105829332970
}
 
Individuo 45:
{
  "Posicao": [0. 3. 0. 3. 7.]
             [1. 1. 1. 1. 1.],
  "Velocidade": [ 0.1524987   2.94614346 -6.88253237 -4.69497881 -1.77193349]
                [ 0.          0.         -1.48627294 -1.48627294  0.        ],
  "funcao_objetivo": 0.96042440113063000320424325742522632915717273617216,
  "confiabilidade_total": 0.96042440113063000320424325742522632915717273617216
}
 
Individuo 46:
{
  "Posicao": [9. 9. 9. 9. 9.]
             [1. 1. 3. 3. 3.],
  "Velocidade": [15.15582984 10.10777678  4.46229432  7.21464958  0.11451755]
                [0.         0.         0.85093042 0.85093042 3.28270922],
  "funcao_objetivo": -0.64699263866706485557891732063658911735269393644218,
  "confiabilidade_total": 0.99749069466626888548752254970090087502744827547188
}
 
Individuo 47:
{
  "Posicao": [0. 0. 5. 7. 9.]
             [1. 1. 2. 2. 1.],
  "Velocidade": [ 0.31457045 -9.84512355 -1.64006977  1.3472339   0.15728522]
                [ 0.          0.         -0.18086505 -0.18086505  0.18237393],
  "funcao_objetivo": 0.98945911501329372590789313116663526260815836438401,
  "confiabilidade_total": 0.99255911501329374878403855356798577803708888539536
}
 
Individuo 48:
{
  "Posicao": [5. 1. 2. 7. 9.]
             [1. 1. 3. 3. 1.],
  "Velocidade": [ 1.0144049   1.47163867 -3.52282328 -1.00768547  5.20644086]
                [0.         0.         2.02906707 2.02906707 0.        ],
  "funcao_objetivo": 0.49131594414776508780735391186978444422430460632835,
  "confiabilidade_total": 0.99871594414776510548210446390227656776852076233421
}
 
Individuo 49:
{
  "Posicao": [0. 0. 9. 0. 8.]
             [1. 1. 3. 3. 1.],
  "Velocidade": [ -9.06109135  -9.98135597  11.82534788 -11.40322193  -0.92636051]
                [0.         0.         1.50420034 1.50420034 0.        ],
  "funcao_objetivo": 0.099960828163438635271159943015788565424340974514825,
  "confiabilidade_total": 0.99899416149677231931654526860523864164676071328436
}
 
Individuo 50:
{
  "Posicao": [0. 0. 2. 9. 9.]
             [1. 1. 3. 3. 1.],
  "Velocidade": [-11.90219462   0.2255643   -6.25532213   5.49387067   0.        ]
                [0.        0.        0.5655393 0.5655393 0.       ],
  "funcao_objetivo": 0.16057619055745089195677687918857852445958583190019,
  "confiabilidade_total": 0.99882619055745066502719064580658166186927287413652
}
 
-----------------------------------------
-----------------------------------------
-----------------------------------------
-----------------------------------------
GERACAO 9
Populacao antes da execucao:
Individuo 1:
{
  "Posicao": [0. 1. 5. 6. 9.]
             [1. 1. 2. 2. 1.],
  "Velocidade": [ 0.          0.21831567  0.         -3.30429986  0.        ]
                [0. 0. 0. 0. 0.],
  "funcao_objetivo": 0.93969302343911255247166950321877338079486668946695,
  "confiabilidade_total": 0.99202635677244589527890598002010919240985692384195
}
 
Individuo 2:
{
  "Posicao": [4. 0. 5. 9. 9.]
             [1. 1. 2. 2. 1.],
  "Velocidade": [ 3.96843184 -1.12936769  0.          1.88236037 -0.37713745]
                [ 0.          0.          0.         -0.18856872  0.18856872],
  "funcao_objetivo": 0.87621522764252148845886214871996361220926286689070,
  "confiabilidade_total": 0.99019856097585451548536373138802463113069774619367
}
 
Individuo 3:
{
  "Posicao": [8. 3. 4. 7. 8.]
             [1. 1. 3. 3. 1.],
  "Velocidade": [-0.84587586 -5.27427194  3.52823724  6.83564967 -0.72408796]
                [-1.77867987  0.          1.7949057   1.7949057   0.        ],
  "funcao_objetivo": 0.37001028286444271313525049216941983458244867256382,
  "confiabilidade_total": 0.99829361619777601792845060580539570209229059150914
}
 
Individuo 4:
{
  "Posicao": [2. 4. 4. 7. 9.]
             [1. 2. 3. 3. 2.],
  "Velocidade": [-0.07298434  2.57368502  0.13622783 -1.72403167  0.80391388]
                [ 0.          0.51740043 -0.37438906 -0.37438906  0.51740043],
  "funcao_objetivo": -0.43817413963583378921609218386147526314781388142205,
  "confiabilidade_total": 0.99930919369749943493050742100312950798942366740608
}
 
Individuo 5:
{
  "Posicao": [9. 4. 5. 3. 6.]
             [2. 1. 2. 2. 1.],
  "Velocidade": [-0.02442784  2.28887957  0.          2.20129329  3.59866252]
                [-0.88829747  0.         -0.32270104 -0.32270104  0.        ],
  "funcao_objetivo": 0.64246683206246079872838041143139812140916471821245,
  "confiabilidade_total": 0.99441683206246067278468049795364017575238828998980
}
 
Individuo 6:
{
  "Posicao": [0. 9. 8. 8. 9.]
             [1. 1. 3. 3. 1.],
  "Velocidade": [ 0.         10.10695557  6.61381947 -1.33549484  8.23536504]
                [-2.9570576   0.          2.12380587  2.12380587  0.        ],
  "funcao_objetivo": 0.47540539931804443978570223372196015759772011743038,
  "confiabilidade_total": 0.99805539931804427671614437677896750017470070825070
}
 
Individuo 7:
{
  "Posicao": [7. 8. 3. 2. 7.]
             [3. 1. 2. 2. 1.],
  "Velocidade": [ 5.47363728 -0.82584749  3.46568201  0.51675081  1.19027067]
                [ 0.70728669  0.         -0.36147697 -0.36147697  0.        ],
  "funcao_objetivo": 0.49816094378820594643125556022329698854984921220817,
  "confiabilidade_total": 0.99582761045487267578851568405713630447091740373649
}
 
Individuo 8:
{
  "Posicao": [0. 1. 5. 9. 9.]
             [1. 1. 2. 2. 1.],
  "Velocidade": [ 0.          1.16557609 -1.11279024  2.75492837 -0.36621697]
                [ 0.          0.          0.         -0.23265456  0.        ],
  "funcao_objetivo": 0.91711167567996613350049320451383440516100937123587,
  "confiabilidade_total": 0.99111167567996609861173465566829012234838420148184
}
 
Individuo 9:
{
  "Posicao": [2. 8. 3. 0. 9.]
             [1. 1. 1. 2. 1.],
  "Velocidade": [-0.07184913  6.22718504  3.27743905 -9.75650257  0.        ]
                [ 0.          0.         -0.51157305  0.          0.        ],
  "funcao_objetivo": 0.97231920709439455972607821349791458017547736760452,
  "confiabilidade_total": 0.97231920709439455972607821349791458017547736760452
}
 
Individuo 10:
{
  "Posicao": [0. 1. 5. 5. 9.]
             [1. 1. 1. 2. 3.],
  "Velocidade": [ 0.         -0.34025925  0.         -4.12394846  3.45163448]
                [ 0.          0.         -2.68560451  0.          4.99658418],
  "funcao_objetivo": 0.67777128675807520994943833192688640235056709711843,
  "confiabilidade_total": 0.97762128675807532638962915461330436198105644648367
}
 
Individuo 11:
{
  "Posicao": [1. 0. 5. 7. 9.]
             [1. 2. 2. 2. 1.],
  "Velocidade": [ 1.01432555 -9.33334156  2.54441645 -1.79658078  0.        ]
                [0.         1.28794793 0.70157806 0.70157806 0.        ],
  "funcao_objetivo": 0.72118181613223043181519780222165762758064157193205,
  "confiabilidade_total": 0.99519848279889713184036561545886114550936109250090
}
 
Individuo 12:
{
  "Posicao": [3. 6. 9. 9. 9.]
             [2. 1. 2. 2. 1.],
  "Velocidade": [ 1.19614393  2.60531151  4.96121105  6.78704423 13.05325234]
                [-1.19614393  0.         -0.32712663 -0.32712663  0.        ],
  "funcao_objetivo": 0.43608041234768621920824525415364887873204911894641,
  "confiabilidade_total": 0.99196374568101939308394630399116549948724473662219
}
 
Individuo 13:
{
  "Posicao": [1. 9. 4. 9. 9.]
             [1. 1. 2. 2. 1.],
  "Velocidade": [0.78987484 0.20672697 2.89130022 0.74614496 0.        ]
                [ 0.44412764  0.         -0.55810154 -0.55810154  0.        ],
  "funcao_objetivo": 0.68854933143595715032343539218753422097994045293835,
  "confiabilidade_total": 0.98878266476929036358984935572560489596558765447644
}
 
Individuo 14:
{
  "Posicao": [2. 9. 9. 5. 8.]
             [2. 1. 3. 3. 2.],
  "Velocidade": [-0.61869367  5.55229553  3.78038292 -1.59734939  0.17309467]
                [-1.20292919  0.         -0.20991162 -0.20991162 -1.20292919],
  "funcao_objetivo": -0.082542066011065559760852173579013147993277713281272,
  "confiabilidade_total": 0.99890793398893435159894154034848866458396990634763
}
 
Individuo 15:
{
  "Posicao": [2. 0. 4. 8. 9.]
             [1. 1. 1. 2. 1.],
  "Velocidade": [ 0.63727106  0.30558632 -1.52027288 -0.27677397  3.32987722]
                [ 0.          0.         -0.93037919  0.          0.        ],
  "funcao_objetivo": 0.97171113064007191700781417621035474447048336621792,
  "confiabilidade_total": 0.97171113064007191700781417621035474447048336621792
}
 
Individuo 16:
{
  "Posicao": [0. 1. 5. 7. 9.]
             [1. 1. 2. 2. 1.],
  "Velocidade": [ 0.08292153 -0.64716386 -0.08292153  3.68701478  0.08292153]
                [0.         0.         0.08292153 0.         0.        ],
  "funcao_objetivo": 0.99192793684665515523880642909185917120259793154252,
  "confiabilidade_total": 0.99192793684665515523880642909185917120259793154252
}
 
Individuo 17:
{
  "Posicao": [5. 0. 2. 3. 4.]
             [1. 1. 2. 2. 1.],
  "Velocidade": [ 0.10438394 -2.52209093 -1.24007508 -1.52968126 -0.10438394]
                [0.         0.         1.10259992 0.         0.        ],
  "funcao_objetivo": 0.75584789579810499009742153108866286823998486039105,
  "confiabilidade_total": 0.99343122913143824763952971667797637532006298539105
}
 
Individuo 18:
{
  "Posicao": [0. 4. 5. 7. 8.]
             [1. 1. 2. 2. 1.],
  "Velocidade": [-1.33421626  4.13385908 -0.17854855  1.1428068  -0.84474388]
                [ 0.17226333  0.         -0.28012506 -0.28012506  0.        ],
  "funcao_objetivo": 0.99099367025521107011098237970228085365863515056194,
  "confiabilidade_total": 0.99099367025521107011098237970228085365863515056194
}
 
Individuo 19:
{
  "Posicao": [6. 4. 5. 9. 9.]
             [1. 1. 2. 2. 1.],
  "Velocidade": [-3.29402013 -3.81482444 -0.14376549  5.38584688  5.47558167]
                [0.14376549 0.         0.         0.14376549 0.        ],
  "funcao_objetivo": 0.91340948190481456922012980973856651767898252009026,
  "confiabilidade_total": 0.98790948190481445237609536184474786646939715145699
}
 
Individuo 20:
{
  "Posicao": [9. 3. 6. 7. 9.]
             [1. 1. 1. 2. 2.],
  "Velocidade": [ 5.68789968  1.89190761 -0.04273119 -1.46227988  1.88211748]
                [ 0.          0.          0.04273119  0.         -0.70699147],
  "funcao_objetivo": 0.84121015463407932239696813852271799208377686323100,
  "confiabilidade_total": 0.96271015463407913887710216798434186005746212781840
}
 
Individuo 21:
{
  "Posicao": [0. 0. 5. 8. 9.]
             [1. 1. 2. 2. 1.],
  "Velocidade": [-2.87498813 -2.06912853  0.         -1.10223571  0.6241477 ]
                [ 0.04312699  0.          0.         -0.84509893  0.        ],
  "funcao_objetivo": 0.99230854116747322038369407338563018194105829332970,
  "confiabilidade_total": 0.99230854116747322038369407338563018194105829332970
}
 
Individuo 22:
{
  "Posicao": [0. 0. 4. 9. 9.]
             [1. 1. 2. 1. 1.],
  "Velocidade": [-9.04728577 -9.18492591  1.1447187  10.02620781  0.79329631]
                [ 0.          0.          0.         -2.15352117  0.        ],
  "funcao_objetivo": 0.93257161995289700281763337780823065807452062941772,
  "confiabilidade_total": 0.97307161995289687919429958579704988190313438750488
}
 
Individuo 23:
{
  "Posicao": [2. 4. 9. 5. 9.]
             [1. 3. 1. 1. 1.],
  "Velocidade": [-3.66252074 -2.99119343  4.93497819  2.79092116  6.20148477]
                [ 0.         -0.41679617 -1.77237345 -1.77237345  0.        ],
  "funcao_objetivo": 0.75722874162962909860948714040129573401462270138398,
  "confiabilidade_total": 0.96997874162962912103599223782945785057198239681855
}
 
Individuo 24:
{
  "Posicao": [0. 1. 4. 9. 9.]
             [1. 1. 2. 2. 1.],
  "Velocidade": [-0.85900937  0.92210304 -0.98726813  1.10733398  0.43653706]
                [0.14551235 0.         0.14551235 0.14551235 0.        ],
  "funcao_objetivo": 0.69270655525042834516823800010735244830678532835999,
  "confiabilidade_total": 0.99163988858376165997564979586224031043778489348450
}
 
Individuo 25:
{
  "Posicao": [4. 4. 8. 9. 9.]
             [3. 1. 1. 1. 1.],
  "Velocidade": [-0.58268745 -1.6288131   3.60403467  1.02396411 -0.13698539]
                [-0.47022793  0.          0.17810399  0.17810399  0.        ],
  "funcao_objetivo": 0.69441675870445922652616603253490927568223433357469,
  "confiabilidade_total": 0.96531675870445903414672032548778395107533888679735
}
 
Individuo 26:
{
  "Posicao": [0. 0. 9. 1. 9.]
             [1. 1. 2. 1. 1.],
  "Velocidade": [-13.63709422 -13.3150672    3.14820579  -8.41540533   0.1951557 ]
                [ 0.          0.          0.         -1.32320379  0.        ],
  "funcao_objetivo": 0.97597988644583266591507551527149673043176053607434,
  "confiabilidade_total": 0.97937988644583269998643236223676951035748689019650
}
 
Individuo 27:
{
  "Posicao": [0. 0. 0. 6. 9.]
             [1. 1. 1. 1. 1.],
  "Velocidade": [-7.5784761   0.28368142 -9.64504315 -2.73311802  1.20783863]
                [-1.438455    0.         -3.04341113 -3.04341113  0.        ],
  "funcao_objetivo": 0.96523435195984079138992384813049671365810129502679,
  "confiabilidade_total": 0.96523435195984079138992384813049671365810129502679
}
 
Individuo 28:
{
  "Posicao": [9. 0. 3. 8. 9.]
             [1. 1. 2. 2. 1.],
  "Velocidade": [11.04147724 -0.82031973 -0.16472926  0.22741353  0.54482468]
                [0.         0.         0.         1.28399434 0.        ],
  "funcao_objetivo": 0.87935563223796072321028407077532169135784474641321,
  "confiabilidade_total": 0.99077229890462718583646252841530217050140467912195
}
 
Individuo 29:
{
  "Posicao": [0. 4. 5. 5. 9.]
             [1. 1. 2. 2. 1.],
  "Velocidade": [ 0.08979331  3.62736896  0.         -2.02626675 -0.07981628]
                [0.         0.         0.67828011 0.         0.        ],
  "funcao_objetivo": 0.97980174738245844733914513908628550157149115076345,
  "confiabilidade_total": 0.99105174738245840008527765347806024979066827764791
}
 
Individuo 30:
{
  "Posicao": [9. 6. 1. 8. 9.]
             [1. 1. 2. 1. 1.],
  "Velocidade": [12.46268729  6.0958359  -1.34692247 -0.79892114 -0.03791183]
                [ 0.          0.          0.         -1.16930029  0.        ],
  "funcao_objetivo": 0.96122399519255072683525486921668609731205203205088,
  "confiabilidade_total": 0.96122399519255072683525486921668609731205203205088
}
 
Individuo 31:
{
  "Posicao": [0. 0. 4. 9. 9.]
             [1. 2. 3. 3. 1.],
  "Velocidade": [-9.59410905 -9.08155635 -3.82661671  8.32128808  5.4575715 ]
                [0.         0.70581324 0.72908423 0.72908423 0.        ],
  "funcao_objetivo": -0.33091658115387602000914443779975712013953268191324,
  "confiabilidade_total": 0.99935008551279068834269606012612045096642434933676
}
 
Individuo 32:
{
  "Posicao": [2. 2. 2. 0. 0.]
             [1. 1. 1. 1. 1.],
  "Velocidade": [ 0.69569048 -1.09102533 -5.29688552 -5.43362397 -8.86736665]
                [0.         0.         0.42029348 0.42029348 0.        ],
  "funcao_objetivo": 0.96379643097365903301050006919531830503042540668502,
  "confiabilidade_total": 0.96379643097365903301050006919531830503042540668502
}
 
Individuo 33:
{
  "Posicao": [0. 0. 9. 6. 9.]
             [1. 1. 2. 2. 1.],
  "Velocidade": [  0.06909722 -10.16597311   8.29171568  -1.63009525  -0.06909722]
                [ 0.          0.          0.         -0.00767747  0.        ],
  "funcao_objetivo": 0.75679130234448624591212752125735520071471073287465,
  "confiabilidade_total": 0.99184130234448608830486694547013272217595913070180
}
 
Individuo 34:
{
  "Posicao": [9. 0. 5. 9. 9.]
             [3. 1. 1. 1. 1.],
  "Velocidade": [14.34825442 -4.20160911  0.          1.41446102  5.29423426]
                [ 3.30156709  0.         -3.13615917 -3.13615917  0.        ],
  "funcao_objetivo": 0.76290583073621342972348370004908748175051827500706,
  "confiabilidade_total": 0.97535583073621315906221252668217449187335391114598
}
 
Individuo 35:
{
  "Posicao": [0. 0. 3. 9. 9.]
             [1. 1. 3. 3. 1.],
  "Velocidade": [-7.94603855e+00 -1.30476406e+01 -3.08156983e-03  7.19205559e+00
  1.34669510e+01]
                [0.         0.         2.27732959 2.27732959 0.21427782],
  "funcao_objetivo": 0.10024240744802027416705050951184335067937892454312,
  "confiabilidade_total": 0.99869240744801996747904218705860062405536693113492
}
 
Individuo 36:
{
  "Posicao": [2. 1. 4. 7. 9.]
             [1. 1. 1. 1. 1.],
  "Velocidade": [-6.97397008  0.51452619  1.83762783 -0.16564549  2.18666608]
                [ 0.         0.        -1.9705638 -1.9705638  0.       ],
  "funcao_objetivo": 0.95087071608185891699806869646171364112043890444239,
  "confiabilidade_total": 0.95087071608185891699806869646171364112043890444239
}
 
Individuo 37:
{
  "Posicao": [4. 1. 1. 6. 4.]
             [1. 1. 1. 1. 1.],
  "Velocidade": [ 3.65229382 -0.32759936 -2.80276784 -2.49770792 -4.57886342]
                [ 0.          0.         -1.72410959 -1.72410959 -0.59966975],
  "funcao_objetivo": 0.95342837937310417315116577940485138712110257550890,
  "confiabilidade_total": 0.95342837937310417315116577940485138712110257550890
}
 
Individuo 38:
{
  "Posicao": [1. 9. 6. 7. 9.]
             [1. 1. 3. 3. 2.],
  "Velocidade": [ 1.19083132  9.82513498  1.19083132 -0.05413508  1.12324689]
                [ 0.          0.         -0.02977513 -0.02977513  1.19083132],
  "funcao_objetivo": 0.035526485229798440700440275416517024570171088616851,
  "confiabilidade_total": 0.99835981856313181503801065157229858421630069677115
}
 
Individuo 39:
{
  "Posicao": [0. 1. 9. 9. 9.]
             [1. 1. 1. 1. 1.],
  "Velocidade": [-19.28561194  -7.67662651   4.24939457  14.39407516   3.80616847]
                [ 0.          0.         -2.13176692 -2.13176692 -3.34730222],
  "funcao_objetivo": 0.94988166618450618153648299281054316847135244737098,
  "confiabilidade_total": 0.94988166618450618153648299281054316847135244737098
}
 
Individuo 40:
{
  "Posicao": [8. 3. 9. 9. 9.]
             [1. 1. 2. 2. 3.],
  "Velocidade": [8.14252623 0.70126665 3.93101644 1.33134837 1.18165142]
                [0.         0.         1.48688204 1.48688204 4.60803999],
  "funcao_objetivo": 0.10965909008973952700587527689616858428229587168080,
  "confiabilidade_total": 0.98825909008973957461223857282288103764762179941518
}
 
Individuo 41:
{
  "Posicao": [0. 2. 9. 9. 9.]
             [1. 1. 2. 2. 3.],
  "Velocidade": [0.19783674 1.13887693 2.44272754 1.91908552 0.39567349]
                [0.         0.         1.32250683 1.32250683 3.61236095],
  "funcao_objetivo": 0.057721202237684959829466844444062904981173711250616,
  "confiabilidade_total": 0.99127120223768495077004696350278553512433929962952
}
 
Individuo 42:
{
  "Posicao": [7. 9. 2. 9. 9.]
             [1. 1. 1. 1. 1.],
  "Velocidade": [ 0.32457883  9.55252256 -3.55738096  0.40636793  2.30241654]
                [ 0.          0.         -1.82348383 -1.82348383  0.17702197],
  "funcao_objetivo": 0.93439588791569794718628719035495222112073697705854,
  "confiabilidade_total": 0.93439588791569794718628719035495222112073697705854
}
 
Individuo 43:
{
  "Posicao": [0. 1. 4. 7. 9.]
             [1. 1. 3. 3. 3.],
  "Velocidade": [-1.36213832 -2.9218713  -4.54968457 -2.09260362  1.4205499 ]
                [0.         0.         1.70103802 1.70103802 1.79656146],
  "funcao_objetivo": -0.43728908709466064583828449356636955191210823673343,
  "confiabilidade_total": 0.99891091290533927529147183706250981639309806209469
}
 
Individuo 44:
{
  "Posicao": [0. 0. 5. 8. 9.]
             [1. 1. 2. 2. 1.],
  "Velocidade": [ -4.02056811 -14.3732502    0.45568137   1.18405357   0.68349654]
                [ 0.          0.         -0.13426655 -0.13426655  0.        ],
  "funcao_objetivo": 0.99230854116747322038369407338563018194105829332970,
  "confiabilidade_total": 0.99230854116747322038369407338563018194105829332970
}
 
Individuo 45:
{
  "Posicao": [0. 3. 0. 3. 7.]
             [1. 1. 1. 1. 1.],
  "Velocidade": [ 0.1524987   2.94614346 -6.88253237 -4.69497881 -1.77193349]
                [ 0.          0.         -1.48627294 -1.48627294  0.        ],
  "funcao_objetivo": 0.96042440113063000320424325742522632915717273617216,
  "confiabilidade_total": 0.96042440113063000320424325742522632915717273617216
}
 
Individuo 46:
{
  "Posicao": [9. 9. 9. 9. 9.]
             [1. 1. 3. 3. 3.],
  "Velocidade": [15.15582984 10.10777678  4.46229432  7.21464958  0.11451755]
                [0.         0.         0.85093042 0.85093042 3.28270922],
  "funcao_objetivo": -0.64699263866706485557891732063658911735269393644218,
  "confiabilidade_total": 0.99749069466626888548752254970090087502744827547188
}
 
Individuo 47:
{
  "Posicao": [0. 0. 5. 7. 9.]
             [1. 1. 2. 2. 1.],
  "Velocidade": [ 0.31457045 -9.84512355 -1.64006977  1.3472339   0.15728522]
                [ 0.          0.         -0.18086505 -0.18086505  0.18237393],
  "funcao_objetivo": 0.98945911501329372590789313116663526260815836438401,
  "confiabilidade_total": 0.99255911501329374878403855356798577803708888539536
}
 
Individuo 48:
{
  "Posicao": [5. 1. 2. 7. 9.]
             [1. 1. 3. 3. 1.],
  "Velocidade": [ 1.0144049   1.47163867 -3.52282328 -1.00768547  5.20644086]
                [0.         0.         2.02906707 2.02906707 0.        ],
  "funcao_objetivo": 0.49131594414776508780735391186978444422430460632835,
  "confiabilidade_total": 0.99871594414776510548210446390227656776852076233421
}
 
Individuo 49:
{
  "Posicao": [0. 0. 9. 0. 8.]
             [1. 1. 3. 3. 1.],
  "Velocidade": [ -9.06109135  -9.98135597  11.82534788 -11.40322193  -0.92636051]
                [0.         0.         1.50420034 1.50420034 0.        ],
  "funcao_objetivo": 0.099960828163438635271159943015788565424340974514825,
  "confiabilidade_total": 0.99899416149677231931654526860523864164676071328436
}
 
Individuo 50:
{
  "Posicao": [0. 0. 2. 9. 9.]
             [1. 1. 3. 3. 1.],
  "Velocidade": [-11.90219462   0.2255643   -6.25532213   5.49387067   0.        ]
                [0.        0.        0.5655393 0.5655393 0.       ],
  "funcao_objetivo": 0.16057619055745089195677687918857852445958583190019,
  "confiabilidade_total": 0.99882619055745066502719064580658166186927287413652
}
 
-----------------------------------------
Populacao final da era:
Individuo 1:
{
  "Posicao": [0. 0. 5. 7. 9.]
             [1. 1. 2. 2. 1.],
  "Velocidade": [ 0.         -0.74232238  0.          1.38424165  0.        ]
                [0. 0. 0. 0. 0.],
  "funcao_objetivo": 0.98945911501329372590789313116663526260815836438401,
  "confiabilidade_total": 0.99255911501329374878403855356798577803708888539536
}
 
Individuo 2:
{
  "Posicao": [0. 0. 5. 8. 9.]
             [1. 1. 2. 2. 1.],
  "Velocidade": [-4.06284797  0.0486963   0.         -0.69094718 -0.34800158]
                [ 0.          0.          0.         -0.17400079  0.17400079],
  "funcao_objetivo": 0.99230854116747322038369407338563018194105829332970,
  "confiabilidade_total": 0.99230854116747322038369407338563018194105829332970
}
 
Individuo 3:
{
  "Posicao": [4. 0. 7. 9. 8.]
             [2. 1. 2. 2. 1.],
  "Velocidade": [-4.34063939 -6.8381993   2.93035671  4.91050514 -0.18964218]
                [ 1.3733302   0.         -0.64185915 -0.64185915  0.        ],
  "funcao_objetivo": 0.53780811102432409491940312094474404138413267306081,
  "confiabilidade_total": 0.99472477769099073257224141074065311831322508028737
}
 
Individuo 4:
{
  "Posicao": [0. 6. 2. 0. 7.]
             [1. 1. 1. 1. 1.],
  "Velocidade": [-2.30653866  2.43432757 -2.15809426 -7.27803299 -1.52712216]
                [ 0.         -0.64216787 -3.73399132 -3.73399132 -0.64216787],
  "funcao_objetivo": 0.96205022418309732579776971300903797957644350400965,
  "confiabilidade_total": 0.96205022418309732579776971300903797957644350400965
}
 
Individuo 5:
{
  "Posicao": [0. 1. 5. 8. 9.]
             [1. 1. 1. 1. 1.],
  "Velocidade": [-12.9983297   -3.13373413   0.           5.07014946   6.08221453]
                [-0.95834676  0.         -1.47054209 -1.47054209  0.        ],
  "funcao_objetivo": 0.95339988867368635653369362351371228108390915577380,
  "confiabilidade_total": 0.95339988867368635653369362351371228108390915577380
}
 
Individuo 6:
{
  "Posicao": [0. 4. 6. 5. 6.]
             [2. 1. 2. 2. 1.],
  "Velocidade": [ 0.         -5.02259712 -1.67750283 -2.73104948 -2.8919615 ]
                [ 1.22988051  0.         -1.13330219 -1.13330219  0.        ],
  "funcao_objetivo": 0.67264198257957101574604887853482607149196517265857,
  "confiabilidade_total": 0.99429198257957110436405070411482112810624491966785
}
 
Individuo 7:
{
  "Posicao": [8. 0. 5. 5. 8.]
             [2. 1. 1. 1. 1.],
  "Velocidade": [  1.47138699 -10.20372799   1.81268919   2.87600163   0.64948317]
                [-0.77135763  0.         -1.26996868 -1.26996868  0.        ],
  "funcao_objetivo": 0.97274228694774214525941779433998662405737181763322,
  "confiabilidade_total": 0.97274228694774214525941779433998662405737181763322
}
 
Individuo 8:
{
  "Posicao": [0. 8. 8. 8. 7.]
             [1. 1. 2. 2. 1.],
  "Velocidade": [ 0.          6.99152804  2.67916566 -0.80687295 -2.19091824]
                [ 0.          0.          0.         -0.21468076  0.        ],
  "funcao_objetivo": 0.98961045559238606876694817834063744385945067867467,
  "confiabilidade_total": 0.98961045559238606876694817834063744385945067867467
}
 
Individuo 9:
{
  "Posicao": [0. 0. 8. 7. 9.]
             [1. 1. 3. 2. 1.],
  "Velocidade": [ -4.13004886 -11.2630445    4.82555613   7.25224086   0.        ]
                [0.         0.         1.55982391 0.         0.        ],
  "funcao_objetivo": 0.70651869314814517620097413989441969966856332721817,
  "confiabilidade_total": 0.99550202648147837947538088180608151084152551593888
}
 
Individuo 10:
{
  "Posicao": [0. 1. 5. 5. 9.]
             [1. 1. 2. 2. 2.],
  "Velocidade": [0.00000000e+00 4.63144489e-01 0.00000000e+00 2.44936600e-04
 3.18497741e+00]
                [ 0.          0.          0.80046534  0.         -1.25524758],
  "funcao_objetivo": 0.79854684088935534811694389822562654854820696396237,
  "confiabilidade_total": 0.99293017422268885317217319374733917767272917312985
}
 
Individuo 11:
{
  "Posicao": [1. 9. 5. 7. 9.]
             [1. 2. 2. 2. 1.],
  "Velocidade": [ 0.48129402  8.6122914  -0.15868796 -0.3676043   0.        ]
                [ 0.         -0.10173396 -0.18813415 -0.18813415  0.        ],
  "funcao_objetivo": 0.71779837559357692360231481890406902546679023484638,
  "confiabilidade_total": 0.99441504226024347605663819896546519028638843278339
}
 
Individuo 12:
{
  "Posicao": [0. 0. 1. 9. 9.]
             [1. 1. 1. 1. 1.],
  "Velocidade": [-3.7321861  -8.15745553 -7.50441278  2.57488574  4.92762119]
                [-2.12260948  0.         -1.19150413 -1.19150413  0.        ],
  "funcao_objetivo": 0.96085388513090584778873091871014304133340329354694,
  "confiabilidade_total": 0.96085388513090584778873091871014304133340329354694
}
 
Individuo 13:
{
  "Posicao": [2. 0. 9. 8. 9.]
             [2. 1. 1. 1. 1.],
  "Velocidade": [  0.72202485 -11.64739513   5.94606536  -1.28110993   0.        ]
                [ 1.06407751  0.         -1.16924633 -1.16924633  0.        ],
  "funcao_objetivo": 0.97353065340662562794048466212934483104691202546733,
  "confiabilidade_total": 0.97353065340662562794048466212934483104691202546733
}
 
Individuo 14:
{
  "Posicao": [2. 0. 3. 8. 9.]
             [1. 1. 1. 1. 1.],
  "Velocidade": [  0.22226985 -13.69595033  -5.93610135   2.84168606   0.8642153 ]
                [-2.54854044  0.         -3.10034034 -3.10034034 -2.54854044],
  "funcao_objetivo": 0.95426359309070425726576165968567801450566499796117,
  "confiabilidade_total": 0.95426359309070425726576165968567801450566499796117
}
 
Individuo 15:
{
  "Posicao": [2. 5. 0. 8. 9.]
             [1. 1. 1. 2. 1.],
  "Velocidade": [ 0.32013076  4.99261909 -4.01674375 -0.25539171  0.71730607]
                [0.         0.         0.33199518 0.         0.        ],
  "funcao_objetivo": 0.97620830863370688692767078149779556969356175998851,
  "confiabilidade_total": 0.97620830863370688692767078149779556969356175998851
}
 
Individuo 16:
{
  "Posicao": [0. 0. 5. 9. 9.]
             [1. 1. 2. 2. 1.],
  "Velocidade": [ 0.0765154  -0.77163278 -0.0765154   3.57663909  0.0765154 ]
                [0.        0.        0.0765154 0.        0.       ],
  "funcao_objetivo": 0.88616243678995949243520955834684797464334271323701,
  "confiabilidade_total": 0.99184577012329281601338324864047250612103245627900
}
 
Individuo 17:
{
  "Posicao": [0. 1. 3. 9. 9.]
             [1. 1. 2. 2. 1.],
  "Velocidade": [-5.33843098  1.15917015  1.41573219  6.35939721  5.33843098]
                [ 0.          0.         -0.15065766  0.          0.        ],
  "funcao_objetivo": 0.76074199147278972151394678525934244421606879308481,
  "confiabilidade_total": 0.99180865813945641947409977269375479695683341100473
}
 
Individuo 18:
{
  "Posicao": [1. 7. 5. 8. 8.]
             [1. 1. 2. 2. 1.],
  "Velocidade": [ 1.23114098  2.55465631 -0.16475473  1.36947897 -0.46452288]
                [ 0.15895507  0.         -0.25848392 -0.25848392  0.        ],
  "funcao_objetivo": 0.98952607139864828424104956461678601805055890721214,
  "confiabilidade_total": 0.98952607139864828424104956461678601805055890721214
}
 
Individuo 19:
{
  "Posicao": [0. 0. 5. 9. 9.]
             [1. 1. 2. 2. 1.],
  "Velocidade": [-8.761727   -7.33490061 -0.13265884  3.70182892  5.05256393]
                [0.13265884 0.         0.         0.13265884 0.        ],
  "funcao_objetivo": 0.88616243678995949243520955834684797464334271323701,
  "confiabilidade_total": 0.99184577012329281601338324864047250612103245627900
}
 
Individuo 20:
{
  "Posicao": [0. 0. 3. 7. 9.]
             [1. 1. 3. 2. 1.],
  "Velocidade": [-23.18892206  -3.72780138  -3.19914124  -0.19239208   1.73671392]
                [ 0.          0.          3.19914124  0.         -3.81208389],
  "funcao_objetivo": 0.55862355119030570958192735524631593728818377299688,
  "confiabilidade_total": 0.99575688452363888900874352820961526016153773112676
}
 
Individuo 21:
{
  "Posicao": [3. 2. 5. 7. 9.]
             [1. 1. 2. 1. 1.],
  "Velocidade": [ 2.65288004  1.90927737  0.         -1.01708216  0.57592897]
                [ 0.0397952   0.          0.         -0.77981055  0.        ],
  "funcao_objetivo": 0.96738863013562354490440453310311003402857010282977,
  "confiabilidade_total": 0.96738863013562354490440453310311003402857010282977
}
 
Individuo 22:
{
  "Posicao": [6. 4. 3. 9. 9.]
             [1. 1. 2. 3. 1.],
  "Velocidade": [ 6.02009795  4.40092691 -0.91659603  4.82185747  0.14995072]
                [0.         0.         0.         1.63179238 0.        ],
  "funcao_objetivo": 0.43131121780552523356142118775072917910105981203188,
  "confiabilidade_total": 0.99419455113885866345455171614934402154571809145082
}
 
Individuo 23:
{
  "Posicao": [0. 0. 9. 8. 9.]
             [1. 2. 2. 2. 1.],
  "Velocidade": [-3.20546071 -3.53567251  2.37342733  2.87603458  5.44144058]
                [ 0.         -1.33427196  1.16061045  1.16061045  0.        ],
  "funcao_objetivo": 0.50107296656061562644957051255966119281463942350416,
  "confiabilidade_total": 0.99507296656061556560934876310108277759962401212720
}
 
Individuo 24:
{
  "Posicao": [1. 0. 5. 8. 9.]
             [1. 1. 2. 2. 1.],
  "Velocidade": [ 0.9423209  -1.14615144  1.08602069 -0.97523057  0.40281226]
                [0.13427075 0.         0.13427075 0.13427075 0.        ],
  "funcao_objetivo": 0.99168231774851155212025844729579333455273676973574,
  "confiabilidade_total": 0.99168231774851155212025844729579333455273676973574
}
 
Individuo 25:
{
  "Posicao": [3. 2. 4. 9. 8.]
             [1. 1. 2. 2. 1.],
  "Velocidade": [-0.97095489 -1.93626179 -3.50872803 -0.34698507 -1.30992428]
                [-1.83406363  0.          0.86442617  0.86442617  0.        ],
  "funcao_objetivo": 0.79189146990133815430401390739867840907315430289421,
  "confiabilidade_total": 0.99005813656800483969644225607631872421840843802605
}
 
Individuo 26:
{
  "Posicao": [9. 9. 9. 0. 9.]
             [1. 1. 2. 2. 1.],
  "Velocidade": [12.58355634 12.28640761  2.55473933 -7.15233163  0.18007888]
                [0.         0.         0.         1.13341657 0.        ],
  "funcao_objetivo": 0.67317795162954473999689917476277874249331404171424,
  "confiabilidade_total": 0.98979461829621132797835934282918420086912561855750
}
 
Individuo 27:
{
  "Posicao": [1. 8. 0. 7. 9.]
             [2. 1. 1. 1. 1.],
  "Velocidade": [1.1556134  8.41037754 0.28997999 1.24794729 1.11452669]
                [1.32732672 0.         0.10847155 0.10847155 0.        ],
  "funcao_objetivo": 0.96423844461767138310061909457536325160698158292183,
  "confiabilidade_total": 0.96423844461767138310061909457536325160698158292183
}
 
Individuo 28:
{
  "Posicao": [0. 1. 6. 8. 9.]
             [1. 1. 2. 2. 1.],
  "Velocidade": [-17.67817436   0.54944541   3.4278012    0.20984463   0.50273408]
                [ 0.          0.          0.         -0.12159212  0.        ],
  "funcao_objetivo": 0.94090329866213686206332309660916339426289375869211,
  "confiabilidade_total": 0.99163663199547014657222813330073622610466152427372
}
 
Individuo 29:
{
  "Posicao": [0. 0. 5. 9. 9.]
             [1. 1. 3. 2. 1.],
  "Velocidade": [ 0.0828563  -4.36285562  0.          3.91276642 -0.07365005]
                [0.         0.         0.62587937 0.         0.        ],
  "funcao_objetivo": 0.66333779977225106149091964988065309455763748421837,
  "confiabilidade_total": 0.99487113310558404720602248624663924431573799386192
}
 
Individuo 30:
{
  "Posicao": [1. 0. 5. 8. 9.]
             [1. 1. 2. 1. 1.],
  "Velocidade": [-8.36837513 -7.62060224  4.15147606 -0.05000157 -0.03498294]
                [0.         0.         0.         0.44141943 0.        ],
  "funcao_objetivo": 0.97278593433047763784978971463605570725248184274495,
  "confiabilidade_total": 0.97278593433047763784978971463605570725248184274495
}
 
Individuo 31:
{
  "Posicao": [9. 8. 3. 9. 9.]
             [1. 1. 2. 2. 1.],
  "Velocidade": [ 8.85291323  8.37995794 -1.02873415  5.36959646  3.29509167]
                [ 0.         -0.88382988 -1.24921303 -1.24921303  0.        ],
  "funcao_objetivo": 0.79865797415978834664342943928193163764639077691613,
  "confiabilidade_total": 0.98769130749312151110443924029812079560918984918176
}
 
Individuo 32:
{
  "Posicao": [2. 0. 0. 3. 5.]
             [1. 1. 2. 2. 1.],
  "Velocidade": [ 0.02545309 -1.62322945 -3.96293559  2.54788123  5.40810326]
                [0.         0.         0.69606938 0.69606938 0.        ],
  "funcao_objetivo": 0.80704180807618916712151444611784761671478775345582,
  "confiabilidade_total": 0.99512514140952243620994208780878914420063522660035
}
 
Individuo 33:
{
  "Posicao": [0. 8. 9. 6. 9.]
             [1. 1. 2. 2. 1.],
  "Velocidade": [ 0.06375909  7.80690773  0.96756943  0.26393185 -0.06375909]
                [ 0.          0.          0.         -0.00708434  0.        ],
  "funcao_objetivo": 0.82946872949162087091630945708269188296851271328119,
  "confiabilidade_total": 0.98950206282495417615359878056873036664780729946283
}
 
Individuo 34:
{
  "Posicao": [0. 0. 5. 5. 9.]
             [1. 1. 2. 2. 1.],
  "Velocidade": [-19.12422896   0.14299771   0.          -4.30081922   4.88522657]
                [-4.1454975   0.          0.70212628  0.70212628  0.        ],
  "funcao_objetivo": 0.99264960466095726696364592680060366594455441465644,
  "confiabilidade_total": 0.99264960466095726696364592680060366594455441465644
}
 
Individuo 35:
{
  "Posicao": [6. 6. 2. 9. 9.]
             [1. 1. 2. 2. 2.],
  "Velocidade": [ 6.02412923  6.15348061 -0.84822832  1.17296297  7.19441481]
                [ 0.          0.         -0.56203268 -0.56203268  0.85174156],
  "funcao_objetivo": 0.51558070947153759871491245643866324333196819289019,
  "confiabilidade_total": 0.99054737613820410807037802055148250890618503554156
}
 
Individuo 36:
{
  "Posicao": [0. 2. 8. 8. 9.]
             [1. 1. 2. 2. 1.],
  "Velocidade": [-11.42225536   1.420642     4.18919206   1.19421676   2.01773453]
                [0.         0.         0.67520344 0.67520344 0.        ],
  "funcao_objetivo": 0.99097273732932592390096769405479488267272125440684,
  "confiabilidade_total": 0.99097273732932592390096769405479488267272125440684
}
 
Individuo 37:
{
  "Posicao": [2. 2. 4. 5. 6.]
             [1. 1. 1. 1. 1.],
  "Velocidade": [-1.63921906  0.62068403  2.90651756 -0.76687563  1.79486889]
                [0.         0.         0.09687308 0.09687308 0.06993918],
  "funcao_objetivo": 0.95010687238947525824577349777051181380932713611061,
  "confiabilidade_total": 0.95010687238947525824577349777051181380932713611061
}
 
Individuo 38:
{
  "Posicao": [0. 0. 5. 9. 9.]
             [1. 1. 1. 1. 1.],
  "Velocidade": [ -1.40694895 -13.48594894  -1.40694895   2.45582938   1.0364701 ]
                [ 0.          0.         -2.53325708 -2.53325708 -1.40694895],
  "funcao_objetivo": 0.95585658385351945670847937361237199870187003461128,
  "confiabilidade_total": 0.95585658385351945670847937361237199870187003461128
}
 
Individuo 39:
{
  "Posicao": [9. 0. 8. 9. 9.]
             [1. 1. 2. 2. 3.],
  "Velocidade": [17.79569609 -9.72018612 -0.51273933  3.0046451   1.98396343]
                [0.         0.         0.85861521 0.85861521 3.08870536],
  "funcao_objetivo": 0.16223513209620900855077429875368449608127251797680,
  "confiabilidade_total": 0.99015179876287536509514275345995753774682656460766
}
 
Individuo 40:
{
  "Posicao": [0. 0. 4. 8. 4.]
             [1. 1. 3. 3. 3.],
  "Velocidade": [-9.97736981 -4.32571496 -5.11809678 -0.95786069 -5.2546813 ]
                [ 0.          0.          1.37201251  1.37201251 -0.12066622],
  "funcao_objetivo": -0.45598112900384905770673711460405459102555219517718,
  "confiabilidade_total": 0.99895220432948424300084226841134520772532518519392
}
 
Individuo 41:
{
  "Posicao": [0. 0. 5. 9. 9.]
             [1. 1. 3. 3. 3.],
  "Velocidade": [ 0.18255281 -2.04415952 -4.1307833   0.12595348  0.36510561]
                [ 0.          0.          1.12298975  1.12298975 -0.14088831],
  "funcao_objetivo": -0.32675508436240915085496083867502319000898796858111,
  "confiabilidade_total": 0.99872824897092397381565575977555555917085211930952
}
 
Individuo 42:
{
  "Posicao": [0. 0. 0. 9. 9.]
             [1. 1. 2. 2. 1.],
  "Velocidade": [-16.70287204 -13.04565748  -4.44767076  -0.36356719   2.12454265]
                [0.         0.         0.94406899 0.94406899 0.16334609],
  "funcao_objetivo": 0.67997184585932091790144203920632347313455735029632,
  "confiabilidade_total": 0.99398851252598763957595883263407952932409439863616
}
 
Individuo 43:
{
  "Posicao": [1. 3. 5. 7. 8.]
             [1. 1. 1. 1. 1.],
  "Velocidade": [ 0.71876894  1.71652045  1.26751523 -0.41657605 -0.66486997]
                [ 0.          0.         -1.92041388 -1.92041388 -5.32230781],
  "funcao_objetivo": 0.94623398377703407998709329813329417891793159315848,
  "confiabilidade_total": 0.94623398377703407998709329813329417891793159315848
}
 
Individuo 44:
{
  "Posicao": [4. 9. 5. 9. 9.]
             [1. 1. 2. 2. 1.],
  "Velocidade": [ 3.7099579  13.26284036  0.42047756  1.09257915  0.6306928 ]
                [ 0.          0.         -0.12389375 -0.12389375  0.        ],
  "funcao_objetivo": 0.87187866717930301328503707624331586192732015546910,
  "confiabilidade_total": 0.98716200051263623020408479079815155490671554502598
}
 
Individuo 45:
{
  "Posicao": [0. 0. 2. 7. 9.]
             [1. 1. 1. 1. 1.],
  "Velocidade": [ 0.14071737 -2.51321859  2.3687745   4.38732794  1.85279566]
                [0.         0.         0.37246848 0.37246848 0.        ],
  "funcao_objetivo": 0.96170165200599326088427313543666412692473109962192,
  "confiabilidade_total": 0.96170165200599326088427313543666412692473109962192
}
 
Individuo 46:
{
  "Posicao": [2. 0. 4. 9. 9.]
             [1. 1. 1. 1. 1.],
  "Velocidade": [ -6.80301034 -11.46107452  -5.12154022   4.34750496   0.10567046]
                [ 0.          0.         -1.52458313 -1.52458313 -1.5904468 ],
  "funcao_objetivo": 0.95241727363065448534498734593637227488074702622804,
  "confiabilidade_total": 0.95241727363065448534498734593637227488074702622804
}
 
Individuo 47:
{
  "Posicao": [0. 9. 3. 9. 9.]
             [1. 1. 2. 2. 1.],
  "Velocidade": [ 0.29026821  9.08453552 -1.51336568  1.73992551  0.14513411]
                [ 0.          0.         -0.16689227 -0.16689227  0.16828458],
  "funcao_objetivo": 0.72545909471592375435802859868122924037212351155565,
  "confiabilidade_total": 0.98950909471592348373006411605307094670766809773729
}
 
Individuo 48:
{
  "Posicao": [0. 0. 6. 8. 9.]
             [1. 1. 2. 2. 1.],
  "Velocidade": [-8.0165203  -0.81747767  3.75674815  1.24558803  3.36079179]
                [ 0.          0.         -0.78425488 -0.78425488  0.        ],
  "funcao_objetivo": 0.90988740040263573484937313582600881476978712802556,
  "confiabilidade_total": 0.99230406706930232957821373605180314757022016769078
}
 
Individuo 49:
{
  "Posicao": [1. 1. 9. 4. 7.]
             [1. 1. 1. 1. 1.],
  "Velocidade": [ 0.68328845  1.34151289  3.59106683  4.11915784 -0.53201044]
                [ 0.          0.         -3.45697213 -3.45697213  0.        ],
  "funcao_objetivo": 0.95072874353501269697067812255434863938416758227610,
  "confiabilidade_total": 0.95072874353501269697067812255434863938416758227610
}
 
Individuo 50:
{
  "Posicao": [6. 4. 9. 9. 9.]
             [1. 1. 1. 1. 1.],
  "Velocidade": [6.25816499 4.03943869 7.57288232 0.62112414 0.        ]
                [ 0.          0.         -2.01081727 -2.01081727  0.        ],
  "funcao_objetivo": 0.93142173644535998904092854696524023728126031165472,
  "confiabilidade_total": 0.93142173644535998904092854696524023728126031165472
}
 
-----------------------------------------
-----------------------------------------
-----------------------------------------
-----------------------------------------
GERACAO 10
Populacao antes da execucao:
Individuo 1:
{
  "Posicao": [0. 0. 5. 7. 9.]
             [1. 1. 2. 2. 1.],
  "Velocidade": [ 0.         -0.74232238  0.          1.38424165  0.        ]
                [0. 0. 0. 0. 0.],
  "funcao_objetivo": 0.98945911501329372590789313116663526260815836438401,
  "confiabilidade_total": 0.99255911501329374878403855356798577803708888539536
}
 
Individuo 2:
{
  "Posicao": [0. 0. 5. 8. 9.]
             [1. 1. 2. 2. 1.],
  "Velocidade": [-4.06284797  0.0486963   0.         -0.69094718 -0.34800158]
                [ 0.          0.          0.         -0.17400079  0.17400079],
  "funcao_objetivo": 0.99230854116747322038369407338563018194105829332970,
  "confiabilidade_total": 0.99230854116747322038369407338563018194105829332970
}
 
Individuo 3:
{
  "Posicao": [4. 0. 7. 9. 8.]
             [2. 1. 2. 2. 1.],
  "Velocidade": [-4.34063939 -6.8381993   2.93035671  4.91050514 -0.18964218]
                [ 1.3733302   0.         -0.64185915 -0.64185915  0.        ],
  "funcao_objetivo": 0.53780811102432409491940312094474404138413267306081,
  "confiabilidade_total": 0.99472477769099073257224141074065311831322508028737
}
 
Individuo 4:
{
  "Posicao": [0. 6. 2. 0. 7.]
             [1. 1. 1. 1. 1.],
  "Velocidade": [-2.30653866  2.43432757 -2.15809426 -7.27803299 -1.52712216]
                [ 0.         -0.64216787 -3.73399132 -3.73399132 -0.64216787],
  "funcao_objetivo": 0.96205022418309732579776971300903797957644350400965,
  "confiabilidade_total": 0.96205022418309732579776971300903797957644350400965
}
 
Individuo 5:
{
  "Posicao": [0. 1. 5. 8. 9.]
             [1. 1. 1. 1. 1.],
  "Velocidade": [-12.9983297   -3.13373413   0.           5.07014946   6.08221453]
                [-0.95834676  0.         -1.47054209 -1.47054209  0.        ],
  "funcao_objetivo": 0.95339988867368635653369362351371228108390915577380,
  "confiabilidade_total": 0.95339988867368635653369362351371228108390915577380
}
 
Individuo 6:
{
  "Posicao": [0. 4. 6. 5. 6.]
             [2. 1. 2. 2. 1.],
  "Velocidade": [ 0.         -5.02259712 -1.67750283 -2.73104948 -2.8919615 ]
                [ 1.22988051  0.         -1.13330219 -1.13330219  0.        ],
  "funcao_objetivo": 0.67264198257957101574604887853482607149196517265857,
  "confiabilidade_total": 0.99429198257957110436405070411482112810624491966785
}
 
Individuo 7:
{
  "Posicao": [8. 0. 5. 5. 8.]
             [2. 1. 1. 1. 1.],
  "Velocidade": [  1.47138699 -10.20372799   1.81268919   2.87600163   0.64948317]
                [-0.77135763  0.         -1.26996868 -1.26996868  0.        ],
  "funcao_objetivo": 0.97274228694774214525941779433998662405737181763322,
  "confiabilidade_total": 0.97274228694774214525941779433998662405737181763322
}
 
Individuo 8:
{
  "Posicao": [0. 8. 8. 8. 7.]
             [1. 1. 2. 2. 1.],
  "Velocidade": [ 0.          6.99152804  2.67916566 -0.80687295 -2.19091824]
                [ 0.          0.          0.         -0.21468076  0.        ],
  "funcao_objetivo": 0.98961045559238606876694817834063744385945067867467,
  "confiabilidade_total": 0.98961045559238606876694817834063744385945067867467
}
 
Individuo 9:
{
  "Posicao": [0. 0. 8. 7. 9.]
             [1. 1. 3. 2. 1.],
  "Velocidade": [ -4.13004886 -11.2630445    4.82555613   7.25224086   0.        ]
                [0.         0.         1.55982391 0.         0.        ],
  "funcao_objetivo": 0.70651869314814517620097413989441969966856332721817,
  "confiabilidade_total": 0.99550202648147837947538088180608151084152551593888
}
 
Individuo 10:
{
  "Posicao": [0. 1. 5. 5. 9.]
             [1. 1. 2. 2. 2.],
  "Velocidade": [0.00000000e+00 4.63144489e-01 0.00000000e+00 2.44936600e-04
 3.18497741e+00]
                [ 0.          0.          0.80046534  0.         -1.25524758],
  "funcao_objetivo": 0.79854684088935534811694389822562654854820696396237,
  "confiabilidade_total": 0.99293017422268885317217319374733917767272917312985
}
 
Individuo 11:
{
  "Posicao": [1. 9. 5. 7. 9.]
             [1. 2. 2. 2. 1.],
  "Velocidade": [ 0.48129402  8.6122914  -0.15868796 -0.3676043   0.        ]
                [ 0.         -0.10173396 -0.18813415 -0.18813415  0.        ],
  "funcao_objetivo": 0.71779837559357692360231481890406902546679023484638,
  "confiabilidade_total": 0.99441504226024347605663819896546519028638843278339
}
 
Individuo 12:
{
  "Posicao": [0. 0. 1. 9. 9.]
             [1. 1. 1. 1. 1.],
  "Velocidade": [-3.7321861  -8.15745553 -7.50441278  2.57488574  4.92762119]
                [-2.12260948  0.         -1.19150413 -1.19150413  0.        ],
  "funcao_objetivo": 0.96085388513090584778873091871014304133340329354694,
  "confiabilidade_total": 0.96085388513090584778873091871014304133340329354694
}
 
Individuo 13:
{
  "Posicao": [2. 0. 9. 8. 9.]
             [2. 1. 1. 1. 1.],
  "Velocidade": [  0.72202485 -11.64739513   5.94606536  -1.28110993   0.        ]
                [ 1.06407751  0.         -1.16924633 -1.16924633  0.        ],
  "funcao_objetivo": 0.97353065340662562794048466212934483104691202546733,
  "confiabilidade_total": 0.97353065340662562794048466212934483104691202546733
}
 
Individuo 14:
{
  "Posicao": [2. 0. 3. 8. 9.]
             [1. 1. 1. 1. 1.],
  "Velocidade": [  0.22226985 -13.69595033  -5.93610135   2.84168606   0.8642153 ]
                [-2.54854044  0.         -3.10034034 -3.10034034 -2.54854044],
  "funcao_objetivo": 0.95426359309070425726576165968567801450566499796117,
  "confiabilidade_total": 0.95426359309070425726576165968567801450566499796117
}
 
Individuo 15:
{
  "Posicao": [2. 5. 0. 8. 9.]
             [1. 1. 1. 2. 1.],
  "Velocidade": [ 0.32013076  4.99261909 -4.01674375 -0.25539171  0.71730607]
                [0.         0.         0.33199518 0.         0.        ],
  "funcao_objetivo": 0.97620830863370688692767078149779556969356175998851,
  "confiabilidade_total": 0.97620830863370688692767078149779556969356175998851
}
 
Individuo 16:
{
  "Posicao": [0. 0. 5. 9. 9.]
             [1. 1. 2. 2. 1.],
  "Velocidade": [ 0.0765154  -0.77163278 -0.0765154   3.57663909  0.0765154 ]
                [0.        0.        0.0765154 0.        0.       ],
  "funcao_objetivo": 0.88616243678995949243520955834684797464334271323701,
  "confiabilidade_total": 0.99184577012329281601338324864047250612103245627900
}
 
Individuo 17:
{
  "Posicao": [0. 1. 3. 9. 9.]
             [1. 1. 2. 2. 1.],
  "Velocidade": [-5.33843098  1.15917015  1.41573219  6.35939721  5.33843098]
                [ 0.          0.         -0.15065766  0.          0.        ],
  "funcao_objetivo": 0.76074199147278972151394678525934244421606879308481,
  "confiabilidade_total": 0.99180865813945641947409977269375479695683341100473
}
 
Individuo 18:
{
  "Posicao": [1. 7. 5. 8. 8.]
             [1. 1. 2. 2. 1.],
  "Velocidade": [ 1.23114098  2.55465631 -0.16475473  1.36947897 -0.46452288]
                [ 0.15895507  0.         -0.25848392 -0.25848392  0.        ],
  "funcao_objetivo": 0.98952607139864828424104956461678601805055890721214,
  "confiabilidade_total": 0.98952607139864828424104956461678601805055890721214
}
 
Individuo 19:
{
  "Posicao": [0. 0. 5. 9. 9.]
             [1. 1. 2. 2. 1.],
  "Velocidade": [-8.761727   -7.33490061 -0.13265884  3.70182892  5.05256393]
                [0.13265884 0.         0.         0.13265884 0.        ],
  "funcao_objetivo": 0.88616243678995949243520955834684797464334271323701,
  "confiabilidade_total": 0.99184577012329281601338324864047250612103245627900
}
 
Individuo 20:
{
  "Posicao": [0. 0. 3. 7. 9.]
             [1. 1. 3. 2. 1.],
  "Velocidade": [-23.18892206  -3.72780138  -3.19914124  -0.19239208   1.73671392]
                [ 0.          0.          3.19914124  0.         -3.81208389],
  "funcao_objetivo": 0.55862355119030570958192735524631593728818377299688,
  "confiabilidade_total": 0.99575688452363888900874352820961526016153773112676
}
 
Individuo 21:
{
  "Posicao": [3. 2. 5. 7. 9.]
             [1. 1. 2. 1. 1.],
  "Velocidade": [ 2.65288004  1.90927737  0.         -1.01708216  0.57592897]
                [ 0.0397952   0.          0.         -0.77981055  0.        ],
  "funcao_objetivo": 0.96738863013562354490440453310311003402857010282977,
  "confiabilidade_total": 0.96738863013562354490440453310311003402857010282977
}
 
Individuo 22:
{
  "Posicao": [6. 4. 3. 9. 9.]
             [1. 1. 2. 3. 1.],
  "Velocidade": [ 6.02009795  4.40092691 -0.91659603  4.82185747  0.14995072]
                [0.         0.         0.         1.63179238 0.        ],
  "funcao_objetivo": 0.43131121780552523356142118775072917910105981203188,
  "confiabilidade_total": 0.99419455113885866345455171614934402154571809145082
}
 
Individuo 23:
{
  "Posicao": [0. 0. 9. 8. 9.]
             [1. 2. 2. 2. 1.],
  "Velocidade": [-3.20546071 -3.53567251  2.37342733  2.87603458  5.44144058]
                [ 0.         -1.33427196  1.16061045  1.16061045  0.        ],
  "funcao_objetivo": 0.50107296656061562644957051255966119281463942350416,
  "confiabilidade_total": 0.99507296656061556560934876310108277759962401212720
}
 
Individuo 24:
{
  "Posicao": [1. 0. 5. 8. 9.]
             [1. 1. 2. 2. 1.],
  "Velocidade": [ 0.9423209  -1.14615144  1.08602069 -0.97523057  0.40281226]
                [0.13427075 0.         0.13427075 0.13427075 0.        ],
  "funcao_objetivo": 0.99168231774851155212025844729579333455273676973574,
  "confiabilidade_total": 0.99168231774851155212025844729579333455273676973574
}
 
Individuo 25:
{
  "Posicao": [3. 2. 4. 9. 8.]
             [1. 1. 2. 2. 1.],
  "Velocidade": [-0.97095489 -1.93626179 -3.50872803 -0.34698507 -1.30992428]
                [-1.83406363  0.          0.86442617  0.86442617  0.        ],
  "funcao_objetivo": 0.79189146990133815430401390739867840907315430289421,
  "confiabilidade_total": 0.99005813656800483969644225607631872421840843802605
}
 
Individuo 26:
{
  "Posicao": [9. 9. 9. 0. 9.]
             [1. 1. 2. 2. 1.],
  "Velocidade": [12.58355634 12.28640761  2.55473933 -7.15233163  0.18007888]
                [0.         0.         0.         1.13341657 0.        ],
  "funcao_objetivo": 0.67317795162954473999689917476277874249331404171424,
  "confiabilidade_total": 0.98979461829621132797835934282918420086912561855750
}
 
Individuo 27:
{
  "Posicao": [1. 8. 0. 7. 9.]
             [2. 1. 1. 1. 1.],
  "Velocidade": [1.1556134  8.41037754 0.28997999 1.24794729 1.11452669]
                [1.32732672 0.         0.10847155 0.10847155 0.        ],
  "funcao_objetivo": 0.96423844461767138310061909457536325160698158292183,
  "confiabilidade_total": 0.96423844461767138310061909457536325160698158292183
}
 
Individuo 28:
{
  "Posicao": [0. 1. 6. 8. 9.]
             [1. 1. 2. 2. 1.],
  "Velocidade": [-17.67817436   0.54944541   3.4278012    0.20984463   0.50273408]
                [ 0.          0.          0.         -0.12159212  0.        ],
  "funcao_objetivo": 0.94090329866213686206332309660916339426289375869211,
  "confiabilidade_total": 0.99163663199547014657222813330073622610466152427372
}
 
Individuo 29:
{
  "Posicao": [0. 0. 5. 9. 9.]
             [1. 1. 3. 2. 1.],
  "Velocidade": [ 0.0828563  -4.36285562  0.          3.91276642 -0.07365005]
                [0.         0.         0.62587937 0.         0.        ],
  "funcao_objetivo": 0.66333779977225106149091964988065309455763748421837,
  "confiabilidade_total": 0.99487113310558404720602248624663924431573799386192
}
 
Individuo 30:
{
  "Posicao": [1. 0. 5. 8. 9.]
             [1. 1. 2. 1. 1.],
  "Velocidade": [-8.36837513 -7.62060224  4.15147606 -0.05000157 -0.03498294]
                [0.         0.         0.         0.44141943 0.        ],
  "funcao_objetivo": 0.97278593433047763784978971463605570725248184274495,
  "confiabilidade_total": 0.97278593433047763784978971463605570725248184274495
}
 
Individuo 31:
{
  "Posicao": [9. 8. 3. 9. 9.]
             [1. 1. 2. 2. 1.],
  "Velocidade": [ 8.85291323  8.37995794 -1.02873415  5.36959646  3.29509167]
                [ 0.         -0.88382988 -1.24921303 -1.24921303  0.        ],
  "funcao_objetivo": 0.79865797415978834664342943928193163764639077691613,
  "confiabilidade_total": 0.98769130749312151110443924029812079560918984918176
}
 
Individuo 32:
{
  "Posicao": [2. 0. 0. 3. 5.]
             [1. 1. 2. 2. 1.],
  "Velocidade": [ 0.02545309 -1.62322945 -3.96293559  2.54788123  5.40810326]
                [0.         0.         0.69606938 0.69606938 0.        ],
  "funcao_objetivo": 0.80704180807618916712151444611784761671478775345582,
  "confiabilidade_total": 0.99512514140952243620994208780878914420063522660035
}
 
Individuo 33:
{
  "Posicao": [0. 8. 9. 6. 9.]
             [1. 1. 2. 2. 1.],
  "Velocidade": [ 0.06375909  7.80690773  0.96756943  0.26393185 -0.06375909]
                [ 0.          0.          0.         -0.00708434  0.        ],
  "funcao_objetivo": 0.82946872949162087091630945708269188296851271328119,
  "confiabilidade_total": 0.98950206282495417615359878056873036664780729946283
}
 
Individuo 34:
{
  "Posicao": [0. 0. 5. 5. 9.]
             [1. 1. 2. 2. 1.],
  "Velocidade": [-19.12422896   0.14299771   0.          -4.30081922   4.88522657]
                [-4.1454975   0.          0.70212628  0.70212628  0.        ],
  "funcao_objetivo": 0.99264960466095726696364592680060366594455441465644,
  "confiabilidade_total": 0.99264960466095726696364592680060366594455441465644
}
 
Individuo 35:
{
  "Posicao": [6. 6. 2. 9. 9.]
             [1. 1. 2. 2. 2.],
  "Velocidade": [ 6.02412923  6.15348061 -0.84822832  1.17296297  7.19441481]
                [ 0.          0.         -0.56203268 -0.56203268  0.85174156],
  "funcao_objetivo": 0.51558070947153759871491245643866324333196819289019,
  "confiabilidade_total": 0.99054737613820410807037802055148250890618503554156
}
 
Individuo 36:
{
  "Posicao": [0. 2. 8. 8. 9.]
             [1. 1. 2. 2. 1.],
  "Velocidade": [-11.42225536   1.420642     4.18919206   1.19421676   2.01773453]
                [0.         0.         0.67520344 0.67520344 0.        ],
  "funcao_objetivo": 0.99097273732932592390096769405479488267272125440684,
  "confiabilidade_total": 0.99097273732932592390096769405479488267272125440684
}
 
Individuo 37:
{
  "Posicao": [2. 2. 4. 5. 6.]
             [1. 1. 1. 1. 1.],
  "Velocidade": [-1.63921906  0.62068403  2.90651756 -0.76687563  1.79486889]
                [0.         0.         0.09687308 0.09687308 0.06993918],
  "funcao_objetivo": 0.95010687238947525824577349777051181380932713611061,
  "confiabilidade_total": 0.95010687238947525824577349777051181380932713611061
}
 
Individuo 38:
{
  "Posicao": [0. 0. 5. 9. 9.]
             [1. 1. 1. 1. 1.],
  "Velocidade": [ -1.40694895 -13.48594894  -1.40694895   2.45582938   1.0364701 ]
                [ 0.          0.         -2.53325708 -2.53325708 -1.40694895],
  "funcao_objetivo": 0.95585658385351945670847937361237199870187003461128,
  "confiabilidade_total": 0.95585658385351945670847937361237199870187003461128
}
 
Individuo 39:
{
  "Posicao": [9. 0. 8. 9. 9.]
             [1. 1. 2. 2. 3.],
  "Velocidade": [17.79569609 -9.72018612 -0.51273933  3.0046451   1.98396343]
                [0.         0.         0.85861521 0.85861521 3.08870536],
  "funcao_objetivo": 0.16223513209620900855077429875368449608127251797680,
  "confiabilidade_total": 0.99015179876287536509514275345995753774682656460766
}
 
Individuo 40:
{
  "Posicao": [0. 0. 4. 8. 4.]
             [1. 1. 3. 3. 3.],
  "Velocidade": [-9.97736981 -4.32571496 -5.11809678 -0.95786069 -5.2546813 ]
                [ 0.          0.          1.37201251  1.37201251 -0.12066622],
  "funcao_objetivo": -0.45598112900384905770673711460405459102555219517718,
  "confiabilidade_total": 0.99895220432948424300084226841134520772532518519392
}
 
Individuo 41:
{
  "Posicao": [0. 0. 5. 9. 9.]
             [1. 1. 3. 3. 3.],
  "Velocidade": [ 0.18255281 -2.04415952 -4.1307833   0.12595348  0.36510561]
                [ 0.          0.          1.12298975  1.12298975 -0.14088831],
  "funcao_objetivo": -0.32675508436240915085496083867502319000898796858111,
  "confiabilidade_total": 0.99872824897092397381565575977555555917085211930952
}
 
Individuo 42:
{
  "Posicao": [0. 0. 0. 9. 9.]
             [1. 1. 2. 2. 1.],
  "Velocidade": [-16.70287204 -13.04565748  -4.44767076  -0.36356719   2.12454265]
                [0.         0.         0.94406899 0.94406899 0.16334609],
  "funcao_objetivo": 0.67997184585932091790144203920632347313455735029632,
  "confiabilidade_total": 0.99398851252598763957595883263407952932409439863616
}
 
Individuo 43:
{
  "Posicao": [1. 3. 5. 7. 8.]
             [1. 1. 1. 1. 1.],
  "Velocidade": [ 0.71876894  1.71652045  1.26751523 -0.41657605 -0.66486997]
                [ 0.          0.         -1.92041388 -1.92041388 -5.32230781],
  "funcao_objetivo": 0.94623398377703407998709329813329417891793159315848,
  "confiabilidade_total": 0.94623398377703407998709329813329417891793159315848
}
 
Individuo 44:
{
  "Posicao": [4. 9. 5. 9. 9.]
             [1. 1. 2. 2. 1.],
  "Velocidade": [ 3.7099579  13.26284036  0.42047756  1.09257915  0.6306928 ]
                [ 0.          0.         -0.12389375 -0.12389375  0.        ],
  "funcao_objetivo": 0.87187866717930301328503707624331586192732015546910,
  "confiabilidade_total": 0.98716200051263623020408479079815155490671554502598
}
 
Individuo 45:
{
  "Posicao": [0. 0. 2. 7. 9.]
             [1. 1. 1. 1. 1.],
  "Velocidade": [ 0.14071737 -2.51321859  2.3687745   4.38732794  1.85279566]
                [0.         0.         0.37246848 0.37246848 0.        ],
  "funcao_objetivo": 0.96170165200599326088427313543666412692473109962192,
  "confiabilidade_total": 0.96170165200599326088427313543666412692473109962192
}
 
Individuo 46:
{
  "Posicao": [2. 0. 4. 9. 9.]
             [1. 1. 1. 1. 1.],
  "Velocidade": [ -6.80301034 -11.46107452  -5.12154022   4.34750496   0.10567046]
                [ 0.          0.         -1.52458313 -1.52458313 -1.5904468 ],
  "funcao_objetivo": 0.95241727363065448534498734593637227488074702622804,
  "confiabilidade_total": 0.95241727363065448534498734593637227488074702622804
}
 
Individuo 47:
{
  "Posicao": [0. 9. 3. 9. 9.]
             [1. 1. 2. 2. 1.],
  "Velocidade": [ 0.29026821  9.08453552 -1.51336568  1.73992551  0.14513411]
                [ 0.          0.         -0.16689227 -0.16689227  0.16828458],
  "funcao_objetivo": 0.72545909471592375435802859868122924037212351155565,
  "confiabilidade_total": 0.98950909471592348373006411605307094670766809773729
}
 
Individuo 48:
{
  "Posicao": [0. 0. 6. 8. 9.]
             [1. 1. 2. 2. 1.],
  "Velocidade": [-8.0165203  -0.81747767  3.75674815  1.24558803  3.36079179]
                [ 0.          0.         -0.78425488 -0.78425488  0.        ],
  "funcao_objetivo": 0.90988740040263573484937313582600881476978712802556,
  "confiabilidade_total": 0.99230406706930232957821373605180314757022016769078
}
 
Individuo 49:
{
  "Posicao": [1. 1. 9. 4. 7.]
             [1. 1. 1. 1. 1.],
  "Velocidade": [ 0.68328845  1.34151289  3.59106683  4.11915784 -0.53201044]
                [ 0.          0.         -3.45697213 -3.45697213  0.        ],
  "funcao_objetivo": 0.95072874353501269697067812255434863938416758227610,
  "confiabilidade_total": 0.95072874353501269697067812255434863938416758227610
}
 
Individuo 50:
{
  "Posicao": [6. 4. 9. 9. 9.]
             [1. 1. 1. 1. 1.],
  "Velocidade": [6.25816499 4.03943869 7.57288232 0.62112414 0.        ]
                [ 0.          0.         -2.01081727 -2.01081727  0.        ],
  "funcao_objetivo": 0.93142173644535998904092854696524023728126031165472,
  "confiabilidade_total": 0.93142173644535998904092854696524023728126031165472
}
 
-----------------------------------------
Populacao final da era:
Individuo 1:
{
  "Posicao": [0. 1. 5. 5. 9.]
             [1. 1. 2. 2. 1.],
  "Velocidade": [ 0.          0.59153436  0.         -1.85813995  0.        ]
                [0. 0. 0. 0. 0.],
  "funcao_objetivo": 0.99203148169068566120172210811929127107770310945332,
  "confiabilidade_total": 0.99203148169068566120172210811929127107770310945332
}
 
Individuo 2:
{
  "Posicao": [4. 0. 5. 2. 9.]
             [1. 1. 2. 2. 1.],
  "Velocidade": [ 3.7114817   0.04448491  0.         -5.65777909 -0.31790545]
                [ 0.          0.          0.         -0.15895272  0.15895272],
  "funcao_objetivo": 0.84783873588561020640596845659315854852200244259301,
  "confiabilidade_total": 0.99242206921894349236978607258647949044705127071801
}
 
Individuo 3:
{
  "Posicao": [0. 5. 0. 0. 9.]
             [2. 1. 1. 1. 1.],
  "Velocidade": [ -4.1081695    4.94329466  -8.47443473 -13.9063461    1.49188665]
                [-0.41056723  0.         -1.88986774 -1.88986774  0.        ],
  "funcao_objetivo": 0.97686147805959386853007792795624195751143687736768,
  "confiabilidade_total": 0.97686147805959386853007792795624195751143687736768
}
 
Individuo 4:
{
  "Posicao": [1. 1. 4. 4. 9.]
             [1. 2. 3. 3. 2.],
  "Velocidade": [ 1.00048969 -5.2738489   1.77736823  3.74283566  2.14001479]
                [0.         0.96714484 1.64353186 1.64353186 0.96714484],
  "funcao_objetivo": -0.58811886184849743460917864909259020337650389865403,
  "confiabilidade_total": 0.99941447148483591725747770865002297809532074734206
}
 
Individuo 5:
{
  "Posicao": [1. 2. 5. 0. 8.]
             [3. 1. 2. 2. 1.],
  "Velocidade": [  1.42652633   1.37234876   0.         -10.92716418  -1.09415447]
                [2.44971488 0.         0.59066274 0.59066274 0.        ],
  "funcao_objetivo": 0.45155531466167785300167956866253223264419518866273,
  "confiabilidade_total": 0.99760531466167788835118067272751647973262750067445
}
 
Individuo 6:
{
  "Posicao": [0. 0. 4. 3. 6.]
             [2. 1. 1. 1. 1.],
  "Velocidade": [ 0.         -7.99321627 -2.46994585 -2.40858951 -0.39006586]
                [ 0.31540591  0.         -1.07842674 -1.07842674  0.        ],
  "funcao_objetivo": 0.92260345499898113608738823042980090575484487225661,
  "confiabilidade_total": 0.97868678833231450304197549282829147158382388760695
}
 
Individuo 7:
{
  "Posicao": [0. 9. 6. 7. 9.]
             [1. 1. 1. 1. 1.],
  "Velocidade": [-7.83683467  9.32128151  1.04543812  2.32203474  1.37846028]
                [-1.79503707  0.          0.06974973  0.06974973  0.        ],
  "funcao_objetivo": 0.94278311512793742278924749400820906864989070612923,
  "confiabilidade_total": 0.94278311512793742278924749400820906864989070612923
}
 
Individuo 8:
{
  "Posicao": [0. 3. 6. 5. 8.]
             [1. 1. 2. 2. 1.],
  "Velocidade": [ 0.         -4.6122607  -1.50111026 -3.27683463  1.10055194]
                [ 0.          0.          0.         -0.19611458  0.        ],
  "funcao_objetivo": 0.93708397270223182610211490103428977819993657836829,
  "confiabilidade_total": 0.99125063936889861258034964183243309891685409316932
}
 
Individuo 9:
{
  "Posicao": [3. 9. 6. 9. 9.]
             [1. 1. 2. 2. 1.],
  "Velocidade": [ 3.31106857  8.67267738 -2.41768616  1.68960192  0.        ]
                [ 0.          0.         -0.69644482  0.          0.        ],
  "funcao_objetivo": 0.77657795791940990497056930471607519391363372534278,
  "confiabilidade_total": 0.98729462458607640166949238810210989865844955175880
}
 
Individuo 10:
{
  "Posicao": [0. 2. 5. 6. 9.]
             [1. 1. 3. 2. 1.],
  "Velocidade": [0.         0.97646508 0.         1.42615171 2.90953179]
                [ 0.          0.          0.73123889  0.         -2.01924367],
  "funcao_objetivo": 0.78120566850245731150211540190733239943354396745357,
  "confiabilidade_total": 0.99487233516912387188343117779234626287787227555904
}
 
Individuo 11:
{
  "Posicao": [1. 0. 1. 3. 9.]
             [1. 1. 1. 1. 1.],
  "Velocidade": [  0.03882158 -18.00154495  -3.85519459  -3.61099741   0.        ]
                [ 0.         -1.73052801 -1.40860726 -1.40860726  0.        ],
  "funcao_objetivo": 0.96230616703055395362166645445794666360229477717919,
  "confiabilidade_total": 0.96230616703055395362166645445794666360229477717919
}
 
Individuo 12:
{
  "Posicao": [3. 7. 0. 2. 6.]
             [2. 1. 2. 2. 1.],
  "Velocidade": [ 2.52314822  6.56570817 -1.10140258 -6.94687801 -2.58867826]
                [1.05277222 0.         0.57160945 0.57160945 0.        ],
  "funcao_objetivo": 0.60181131071957288109731675229962734321727433810986,
  "confiabilidade_total": 0.99609464405290624520418195653459138285963812480725
}
 
Individuo 13:
{
  "Posicao": [1. 9. 9. 4. 9.]
             [2. 1. 1. 1. 1.],
  "Velocidade": [-0.85582355 10.64009634  1.91774723 -3.9266992   0.        ]
                [0.21435031 0.         0.31042383 0.31042383 0.        ],
  "funcao_objetivo": 0.96154375584922549630860482790507592328521144778749,
  "confiabilidade_total": 0.96154375584922549630860482790507592328521144778749
}
 
Individuo 14:
{
  "Posicao": [8. 9. 1. 3. 7.]
             [2. 1. 3. 3. 2.],
  "Velocidade": [ 6.42392053 10.88879662 -1.90746276 -5.11100842 -2.45590488]
                [0.70544542 0.         1.88592539 1.88592539 0.70544542],
  "funcao_objetivo": -0.18286008515164693236462164712422831957730217134860,
  "confiabilidade_total": 0.99923991484835299622583340898570300037470893704983
}
 
Individuo 15:
{
  "Posicao": [0. 0. 6. 2. 9.]
             [1. 1. 3. 2. 1.],
  "Velocidade": [-3.569837   -5.09486127  5.98634023 -6.02672769  0.65527146]
                [0.         0.         2.23442431 0.         0.        ],
  "funcao_objetivo": 0.56540091386028951988973609022344976741736965767519,
  "confiabilidade_total": 0.99698424719362278320500400386357728470033245674746
}
 
Individuo 16:
{
  "Posicao": [0. 1. 5. 5. 9.]
             [1. 1. 2. 2. 1.],
  "Velocidade": [ 0.06989814  0.65663326 -0.06989814 -3.62921712  0.06989814]
                [0.         0.         0.06989814 0.         0.        ],
  "funcao_objetivo": 0.99203148169068566120172210811929127107770310945332,
  "confiabilidade_total": 0.99203148169068566120172210811929127107770310945332
}
 
Individuo 17:
{
  "Posicao": [0. 2. 4. 9. 9.]
             [1. 1. 1. 2. 1.],
  "Velocidade": [ 0.02444785  0.71784967  0.75014113  0.76923254 -0.02444785]
                [ 0.          0.         -1.36292752  0.          0.        ],
  "funcao_objetivo": 0.95749975008669518436996249003486876502088472819852,
  "confiabilidade_total": 0.97399975008669509841094480843212362272120282626676
}
 
Individuo 18:
{
  "Posicao": [1. 0. 5. 5. 9.]
             [1. 1. 2. 2. 1.],
  "Velocidade": [-0.46217373 -7.06831561 -0.15050629 -2.65655532  0.7360282 ]
                [ 0.1452082   0.         -0.23612952 -0.23612952  0.        ],
  "funcao_objetivo": 0.99203148169068566120172210811929127107770310945332,
  "confiabilidade_total": 0.99203148169068566120172210811929127107770310945332
}
 
Individuo 19:
{
  "Posicao": [8. 7. 5. 8. 9.]
             [1. 1. 2. 2. 1.],
  "Velocidade": [ 8.00398874  6.70055822 -0.12118614 -0.91075332  4.6156043 ]
                [0.12118614 0.         0.         0.12118614 0.        ],
  "funcao_objetivo": 0.98781851316651348823139079580820990498529552515180,
  "confiabilidade_total": 0.98781851316651348823139079580820990498529552515180
}
 
Individuo 20:
{
  "Posicao": [9. 3. 2. 5. 9.]
             [1. 1. 1. 2. 3.],
  "Velocidade": [21.18348025  3.23176732 -1.1059533  -1.81862735  1.58651812]
                [ 0.          0.         -2.014212    0.          3.48240438],
  "funcao_objetivo": 0.60413557782665270639598778088473053421959896841282,
  "confiabilidade_total": 0.96980224449331954055830142933334726613149662771458
}
 
Individuo 21:
{
  "Posicao": [5. 3. 5. 6. 9.]
             [1. 1. 2. 1. 1.],
  "Velocidade": [ 1.69540395  1.25879266  0.         -0.77471343  0.52612105]
                [0.0363536  0.         0.         0.46968781 0.        ],
  "funcao_objetivo": 0.96400677456355713311899695647429476348110483230929,
  "confiabilidade_total": 0.96400677456355713311899695647429476348110483230929
}
 
Individuo 22:
{
  "Posicao": [0. 6. 1. 0. 8.]
             [1. 1. 2. 1. 1.],
  "Velocidade": [ -6.48978124   1.77868242  -1.70730253 -11.10876598  -1.19021501]
                [ 0.         0.         0.        -2.7195329  0.       ],
  "funcao_objetivo": 0.97750346264510262952082753427933843861227238220447,
  "confiabilidade_total": 0.97750346264510262952082753427933843861227238220447
}
 
Individuo 23:
{
  "Posicao": [5. 7. 4. 0. 9.]
             [1. 1. 2. 2. 1.],
  "Velocidade": [  4.95327724   7.2787967   -5.12833051 -11.05498338   3.65726301]
                [ 0.         -1.40102126 -0.25334916 -0.25334916  0.        ],
  "funcao_objetivo": 0.83260022786705705868074374214603748686957541675056,
  "confiabilidade_total": 0.99275022786705672630217462986667241484272662372078
}
 
Individuo 24:
{
  "Posicao": [2. 1. 6. 6. 9.]
             [1. 1. 2. 2. 1.],
  "Velocidade": [ 0.64050249  1.04702911  0.99209863 -1.55186165  0.36797594]
                [0.12265865 0.         0.12265865 0.12265865 0.        ],
  "funcao_objetivo": 0.83011585461299978486464168093698290207267365523313,
  "confiabilidade_total": 0.99111585461299973357233794325475073450089058943723
}
 
Individuo 25:
{
  "Posicao": [2. 3. 0. 2. 7.]
             [1. 1. 2. 2. 1.],
  "Velocidade": [-0.94925215  0.57204832 -5.26910036 -7.24931171 -0.58029015]
                [ 0.11132795  0.         -0.10372014 -0.10372014  0.        ],
  "funcao_objetivo": 0.78627440230490368025995845965813115909168518963782,
  "confiabilidade_total": 0.99485773563823702306719493645946697070667542401282
}
 
Individuo 26:
{
  "Posicao": [9. 9. 9. 5. 9.]
             [1. 1. 2. 2. 1.],
  "Velocidade": [0.73479293 0.46334245 2.02440777 5.0287762  0.16450517]
                [ 0.          0.          0.         -0.08286817  0.        ],
  "funcao_objetivo": 0.87787830813536970045884717873266011647995232190369,
  "confiabilidade_total": 0.98616164146870289554813467159535533337969003762482
}
 
Individuo 27:
{
  "Posicao": [1. 1. 9. 5. 9.]
             [1. 1. 3. 3. 1.],
  "Velocidade": [ 0.40617247 -7.11776247  9.54969666 -2.35435866  1.01813935]
                [-0.8090766   0.          2.12070307  2.12070307  0.        ],
  "funcao_objetivo": 0.39879431526637720637473397485052046366946128827605,
  "confiabilidade_total": 0.99827764859971057440623757113541287370936302167448
}
 
Individuo 28:
{
  "Posicao": [9. 0. 2. 4. 9.]
             [1. 1. 2. 1. 1.],
  "Velocidade": [16.14931718 -1.02209736 -3.53519203 -4.38037898  0.45925625]
                [ 0.          0.          0.         -1.82525061  0.        ],
  "funcao_objetivo": 0.92167245927368679712266508788235675761318242799138,
  "confiabilidade_total": 0.97417245927368677436309308306664767892873323212956
}
 
Individuo 29:
{
  "Posicao": [0. 1. 5. 6. 9.]
             [1. 1. 2. 2. 1.],
  "Velocidade": [ 0.07569066  1.34700031  0.         -2.80598899 -0.06728059]
                [ 0.          0.         -1.02334055  0.          0.        ],
  "funcao_objetivo": 0.93969302343911255247166950321877338079486668946695,
  "confiabilidade_total": 0.99202635677244589527890598002010919240985692384195
}
 
Individuo 30:
{
  "Posicao": [0. 7. 3. 4. 9.]
             [1. 1. 2. 3. 1.],
  "Velocidade": [-10.52123417   6.96155158  -1.85451594  -4.15784602  -0.03195752]
                [0.         0.         0.         2.15043123 0.        ],
  "funcao_objetivo": 0.44464316758566234932568762703790135456890965979453,
  "confiabilidade_total": 0.99600983425232890988463908686294026448101903479453
}
 
Individuo 31:
{
  "Posicao": [0. 0. 9. 5. 2.]
             [1. 1. 1. 1. 1.],
  "Velocidade": [-13.02354434 -11.10994902   8.15486069  -4.47737358  -6.89737122]
                [ 0.          0.29343886 -2.24201035 -2.24201035  0.        ],
  "funcao_objetivo": 0.95732017046170762548758401923726025256914975089756,
  "confiabilidade_total": 0.95732017046170762548758401923726025256914975089756
}
 
Individuo 32:
{
  "Posicao": [2. 1. 2. 2. 5.]
             [1. 1. 2. 2. 1.],
  "Velocidade": [ 0.00773976  0.54467379  1.55390795 -0.69823731 -0.09738497]
                [ 0.          0.         -0.37788956 -0.37788956  0.        ],
  "funcao_objetivo": 0.77365798393835507711705123882800704438988818368251,
  "confiabilidade_total": 0.99432465060502167147119156824281104479734553536708
}
 
Individuo 33:
{
  "Posicao": [0. 6. 5. 7. 9.]
             [1. 1. 2. 2. 1.],
  "Velocidade": [ 0.05824503 -2.19987585 -4.17950703  0.56560884 -0.05824503]
                [ 0.          0.          0.         -0.00647167  0.        ],
  "funcao_objetivo": 0.99050254635357171281145636686179376804070361275989,
  "confiabilidade_total": 0.99050254635357171281145636686179376804070361275989
}
 
Individuo 34:
{
  "Posicao": [9. 0. 5. 1. 9.]
             [3. 1. 3. 3. 1.],
  "Velocidade": [17.470313    0.13063087  0.         -3.92887253  4.46273873]
                [3.78698347 0.         0.64140446 0.64140446 0.        ],
  "funcao_objetivo": -0.22819801788813546359108161832869452488352418480044,
  "confiabilidade_total": 0.99963531544519775753571135955548445630143522682066
}
 
Individuo 35:
{
  "Posicao": [8. 9. 2. 5. 9.]
             [1. 1. 1. 1. 2.],
  "Velocidade": [ 1.64152363  4.51853274 -0.02642192 -3.60486965  3.419257  ]
                [ 0.          0.         -0.90754717 -0.90754717  0.39722397],
  "funcao_objetivo": 0.94305703074344890052978280702607659707652343069427,
  "confiabilidade_total": 0.94305703074344890052978280702607659707652343069427
}
 
Individuo 36:
{
  "Posicao": [9. 3. 4. 5. 9.]
             [1. 1. 3. 3. 1.],
  "Velocidade": [10.43442727  1.29991465 -3.76220418 -3.12380848  1.84323529]
                [0.         0.         0.61680999 0.61680999 0.        ],
  "funcao_objetivo": 0.33875178332646867580345567159726611380649811703121,
  "confiabilidade_total": 0.99826844999313514923210415884001973127199418026364
}
 
Individuo 37:
{
  "Posicao": [5. 7. 1. 1. 3.]
             [1. 1. 3. 3. 3.],
  "Velocidade": [ 2.66328421  4.72774467 -3.18501159 -4.46035007 -2.72156699]
                [0.         0.         1.76792163 1.76792163 1.94378862],
  "funcao_objetivo": -0.19603707867455163226696228995198393509366681435490,
  "confiabilidade_total": 0.99927958799211506169638780883186487212202379843807
}
 
Individuo 38:
{
  "Posicao": [1. 9. 4. 9. 9.]
             [1. 1. 2. 2. 2.],
  "Velocidade": [ 1.28527213 12.31964696 -1.28527213  0.72845586  0.94683332]
                [0.         0.         1.47827593 1.47827593 1.28527213],
  "funcao_objetivo": 0.35837962793912381507108648213909512025530309655999,
  "confiabilidade_total": 0.98992962793912359329293508301782460523064107873773
}
 
Individuo 39:
{
  "Posicao": [9. 9. 6. 9. 9.]
             [1. 1. 3. 3. 1.],
  "Velocidade": [10.44367785  8.87955767 -2.01630949 -0.03363558  1.71494668]
                [ 0.          0.          0.68692166  0.68692166 -1.52980841],
  "funcao_objetivo": 0.13799349971339955433220139562389052402483967401566,
  "confiabilidade_total": 0.99749349971339959607658712152977644395339039423050
}
 
Individuo 40:
{
  "Posicao": [9. 3. 1. 5. 3.]
             [1. 1. 3. 3. 1.],
  "Velocidade": [ 9.11449941  3.01061477 -3.10311256 -2.76909227 -0.70245818]
                [ 0.          0.         -0.31900003 -0.31900003 -3.25494493],
  "funcao_objetivo": 0.48605590710823735847821712303912921383964838776293,
  "confiabilidade_total": 0.99868924044157077149595767713536464184510531220141
}
 
Individuo 41:
{
  "Posicao": [0. 1. 4. 8. 9.]
             [1. 1. 1. 1. 1.],
  "Velocidade": [ 0.16676514  1.09146262 -0.81470419 -1.40676275  0.33353027]
                [ 0.          0.         -1.94356825 -1.94356825 -1.62932502],
  "funcao_objetivo": 0.95491572555390692731045297505520388007874252036335,
  "confiabilidade_total": 0.95491572555390692731045297505520388007874252036335
}
 
Individuo 42:
{
  "Posicao": [9. 9. 0. 6. 9.]
             [1. 1. 1. 1. 1.],
  "Velocidade": [15.25836169 11.91743311  0.43037666 -3.23824273  1.94080635]
                [ 0.          0.         -0.91887379 -0.91887379  0.14921947],
  "funcao_objetivo": 0.94114660899705911982658486587640843140797067849271,
  "confiabilidade_total": 0.94114660899705911982658486587640843140797067849271
}
 
Individuo 43:
{
  "Posicao": [1. 4. 7. 6. 8.]
             [1. 1. 2. 2. 3.],
  "Velocidade": [ 0.16102697  0.66051127  1.7370798  -1.3717111  -0.11178933]
                [0.         0.         0.67956757 0.67956757 4.86201998],
  "funcao_objetivo": 0.47625474755822864368945937004120218172650092984567,
  "confiabilidade_total": 0.99160474755822861846519225055764558330158943082223
}
 
Individuo 44:
{
  "Posicao": [0. 5. 5. 7. 9.]
             [1. 1. 2. 2. 1.],
  "Velocidade": [-3.76193146 -3.97401105  0.38411351 -1.56582151  0.57614875]
                [ 0.          0.         -0.11317908 -0.11317908  0.        ],
  "funcao_objetivo": 0.99050605999175377663419014333886633453540867036291,
  "confiabilidade_total": 0.99050605999175377663419014333886633453540867036291
}
 
Individuo 45:
{
  "Posicao": [0. 2. 8. 9. 9.]
             [1. 1. 2. 2. 1.],
  "Velocidade": [0.12854774 2.29586853 5.50784723 1.7786125  1.69256079]
                [0.     0.     1.4549 1.4549 0.    ],
  "funcao_objetivo": 0.87212881538862959085030818418401671166674869033428,
  "confiabilidade_total": 0.99041214872196268553380088750911730400429742309185
}
 
Individuo 46:
{
  "Posicao": [0. 9. 1. 8. 9.]
             [1. 1. 1. 1. 2.],
  "Velocidade": [-9.34388317 10.46988925 -3.11400738 -1.00585262  0.09653179]
                [0.         0.         0.17187496 0.17187496 1.45290059],
  "funcao_objetivo": 0.95191629034882831021930800892956853999391442305517,
  "confiabilidade_total": 0.95191629034882831021930800892956853999391442305517
}
 
Individuo 47:
{
  "Posicao": [0. 8. 4. 8. 9.]
             [1. 1. 2. 2. 1.],
  "Velocidade": [ 0.26516502 -1.3877831   0.77010613 -1.42298852  0.13258251]
                [ 0.          0.         -0.15245897 -0.15245897  0.15373087],
  "funcao_objetivo": 0.88745620594336395890840815092456886263255491314214,
  "confiabilidade_total": 0.99042287261003054031734801321004760170046701488775
}
 
Individuo 48:
{
  "Posicao": [7. 1. 9. 8. 9.]
             [1. 1. 1. 1. 1.],
  "Velocidade": [6.62842851 0.74677995 3.17362029 0.36316434 2.54904048]
                [ 0.          0.         -0.89013062 -0.89013062  0.        ],
  "funcao_objetivo": 0.93841082409133515687620784251252146246886248484123,
  "confiabilidade_total": 0.93841082409133515687620784251252146246886248484123
}
 
Individuo 49:
{
  "Posicao": [1. 1. 9. 9. 8.]
             [1. 1. 3. 3. 1.],
  "Velocidade": [-0.20284906  0.39845032 -0.02767788  4.58996657  1.16808897]
                [0.         0.         2.33095883 2.33095883 0.        ],
  "funcao_objetivo": 0.15847121199550571835453283209647957494163033516817,
  "confiabilidade_total": 0.99803787866217267921549805076796069999837395699434
}
 
Individuo 50:
{
  "Posicao": [6. 3. 9. 5. 9.]
             [1. 1. 1. 1. 1.],
  "Velocidade": [ 0.1262888  -1.2187658   2.3045361  -4.34145509  0.        ]
                [0.         0.         0.46198048 0.46198048 0.        ],
  "funcao_objetivo": 0.93522137059861144431987257156280088803674244601013,
  "confiabilidade_total": 0.93522137059861144431987257156280088803674244601013
}
 
-----------------------------------------
-----------------------------------------
-----------------------------------------
-----------------------------------------
O algoritmo PSO obteve em 10 geracoes o resultado para a funcao objetivo de 0.99264960466095726696364592680060366594455441465644
Com os seguintes valores para cada variavel de decisao:
T1: 0.0
Q1: 1.0
T2: 1.0
Q2: 1.0
T3: 5.0
Q3: 2.0
T4: 5.0
Q4: 2.0
T5: 9.0
Q5: 1.0


