POPULAÇÃO INICIAL:
Individuo 1:
{
  "Posicao": [1 7 7 5 3]
             [2 2 1 1 1],
  "Velocidade": [0. 0. 0. 0. 0.]
                [0. 0. 0. 0. 0.],
  "funcao_objetivo": 0.99115455061397402988831563401674430639208379350076,
  "confiabilidade_total": 0.99115455061397402988831563401674430639208379350076
}
 
Individuo 2:
{
  "Posicao": [5 5 6 1 2]
             [2 2 1 1 1],
  "Velocidade": [0. 0. 0. 0. 0.]
                [0. 0. 0. 0. 0.],
  "funcao_objetivo": 0.99039666041870072183297696819133324518562848327012,
  "confiabilidade_total": 0.99039666041870072183297696819133324518562848327012
}
 
Individuo 3:
{
  "Posicao": [8 8 4 1 5]
             [2 1 1 2 1],
  "Velocidade": [0. 0. 0. 0. 0.]
                [0. 0. 0. 0. 0.],
  "funcao_objetivo": 0.98749411730510410378300947156748933753586543593715,
  "confiabilidade_total": 0.98749411730510410378300947156748933753586543593715
}
 
Individuo 4:
{
  "Posicao": [5 7 8 1 6]
             [2 1 1 2 1],
  "Velocidade": [0. 0. 0. 0. 0.]
                [0. 0. 0. 0. 0.],
  "funcao_objetivo": 0.98699425117558525826271778504734524198271388266954,
  "confiabilidade_total": 0.98699425117558525826271778504734524198271388266954
}
 
Individuo 5:
{
  "Posicao": [7 0 2 2 7]
             [2 1 1 1 1],
  "Velocidade": [0. 0. 0. 0. 0.]
                [0. 0. 0. 0. 0.],
  "funcao_objetivo": 0.97834362665115733687069306484730617898608782931431,
  "confiabilidade_total": 0.97834362665115733687069306484730617898608782931431
}
 
Individuo 6:
{
  "Posicao": [7 8 6 0 3]
             [3 1 1 1 1],
  "Velocidade": [0. 0. 0. 0. 0.]
                [0. 0. 0. 0. 0.],
  "funcao_objetivo": 0.97551770151512111119691215230897363751711614978560,
  "confiabilidade_total": 0.97551770151512111119691215230897363751711614978560
}
 
Individuo 7:
{
  "Posicao": [1 5 4 0 7]
             [2 1 1 1 1],
  "Velocidade": [0. 0. 0. 0. 0.]
                [0. 0. 0. 0. 0.],
  "funcao_objetivo": 0.97459795302278434551302086257194968849815263388034,
  "confiabilidade_total": 0.97459795302278434551302086257194968849815263388034
}
 
Individuo 8:
{
  "Posicao": [5 5 5 2 9]
             [2 1 2 1 1],
  "Velocidade": [0. 0. 0. 0. 0.]
                [0. 0. 0. 0. 0.],
  "funcao_objetivo": 0.97450790320272657676532367330640803901651179150147,
  "confiabilidade_total": 0.97450790320272657676532367330640803901651179150147
}
 
Individuo 9:
{
  "Posicao": [8 5 1 5 0]
             [1 1 1 3 1],
  "Velocidade": [0. 0. 0. 0. 0.]
                [0. 0. 0. 0. 0.],
  "funcao_objetivo": 0.97438269035370189373604595360064646722727800586570,
  "confiabilidade_total": 0.97438269035370189373604595360064646722727800586570
}
 
Individuo 10:
{
  "Posicao": [2 7 7 5 5]
             [1 2 1 2 1],
  "Velocidade": [0. 0. 0. 0. 0.]
                [0. 0. 0. 0. 0.],
  "funcao_objetivo": 0.97430705152955249049965059953361476164707165320950,
  "confiabilidade_total": 0.97430705152955249049965059953361476164707165320950
}
 
Individuo 11:
{
  "Posicao": [9 0 6 3 6]
             [2 1 1 1 1],
  "Velocidade": [0. 0. 0. 0. 0.]
                [0. 0. 0. 0. 0.],
  "funcao_objetivo": 0.97403946607992963999203710469743829955675124218109,
  "confiabilidade_total": 0.97403946607992963999203710469743829955675124218109
}
 
Individuo 12:
{
  "Posicao": [1 0 7 5 7]
             [1 1 2 1 1],
  "Velocidade": [0. 0. 0. 0. 0.]
                [0. 0. 0. 0. 0.],
  "funcao_objetivo": 0.97402301027900154680980834402247360196887614829045,
  "confiabilidade_total": 0.97402301027900154680980834402247360196887614829045
}
 
Individuo 13:
{
  "Posicao": [1 0 8 5 8]
             [1 1 1 2 2],
  "Velocidade": [0. 0. 0. 0. 0.]
                [0. 0. 0. 0. 0.],
  "funcao_objetivo": 0.97351863705585748894375042654615005828836145375255,
  "confiabilidade_total": 0.97351863705585748894375042654615005828836145375255
}
 
Individuo 14:
{
  "Posicao": [8 1 4 7 8]
             [2 1 1 1 2],
  "Velocidade": [0. 0. 0. 0. 0.]
                [0. 0. 0. 0. 0.],
  "funcao_objetivo": 0.97242213985444363267748089210175018892701624099072,
  "confiabilidade_total": 0.97242213985444363267748089210175018892701624099072
}
 
Individuo 15:
{
  "Posicao": [2 1 3 5 5]
             [1 1 1 2 1],
  "Velocidade": [0. 0. 0. 0. 0.]
                [0. 0. 0. 0. 0.],
  "funcao_objetivo": 0.97206171291554140377036848467426840408940263231132,
  "confiabilidade_total": 0.97206171291554140377036848467426840408940263231132
}
 
Individuo 16:
{
  "Posicao": [8 8 1 0 0]
             [1 2 1 1 1],
  "Velocidade": [0. 0. 0. 0. 0.]
                [0. 0. 0. 0. 0.],
  "funcao_objetivo": 0.97171852989601938183310093557188149536377350640845,
  "confiabilidade_total": 0.97171852989601938183310093557188149536377350640845
}
 
Individuo 17:
{
  "Posicao": [8 1 8 4 1]
             [1 1 2 1 1],
  "Velocidade": [0. 0. 0. 0. 0.]
                [0. 0. 0. 0. 0.],
  "funcao_objetivo": 0.97089934113353428085139749313252868378595709681001,
  "confiabilidade_total": 0.97089934113353428085139749313252868378595709681001
}
 
Individuo 18:
{
  "Posicao": [2 6 7 1 9]
             [1 1 2 1 1],
  "Velocidade": [0. 0. 0. 0. 0.]
                [0. 0. 0. 0. 0.],
  "funcao_objetivo": 0.97085887867373137127026104684503791459130179679800,
  "confiabilidade_total": 0.97085887867373137127026104684503791459130179679800
}
 
Individuo 19:
{
  "Posicao": [3 0 5 0 5]
             [1 1 1 2 1],
  "Velocidade": [0. 0. 0. 0. 0.]
                [0. 0. 0. 0. 0.],
  "funcao_objetivo": 0.96972878691932455391494786871157636691023574903588,
  "confiabilidade_total": 0.96972878691932455391494786871157636691023574903588
}
 
Individuo 20:
{
  "Posicao": [6 3 1 9 8]
             [1 1 1 2 1],
  "Velocidade": [0. 0. 0. 0. 0.]
                [0. 0. 0. 0. 0.],
  "funcao_objetivo": 0.96930567522206419544537400672124954463202428994665,
  "confiabilidade_total": 0.96930567522206419544537400672124954463202428994665
}
 
Individuo 21:
{
  "Posicao": [5 2 4 7 5]
             [1 1 1 2 2],
  "Velocidade": [0. 0. 0. 0. 0.]
                [0. 0. 0. 0. 0.],
  "funcao_objetivo": 0.96859784983256666779032552690491627615507330938290,
  "confiabilidade_total": 0.96859784983256666779032552690491627615507330938290
}
 
Individuo 22:
{
  "Posicao": [5 5 4 6 7]
             [1 3 1 1 1],
  "Velocidade": [0. 0. 0. 0. 0.]
                [0. 0. 0. 0. 0.],
  "funcao_objetivo": 0.96806674197108439152100679880299156595480530936043,
  "confiabilidade_total": 0.96806674197108439152100679880299156595480530936043
}
 
Individuo 23:
{
  "Posicao": [1 6 6 3 5]
             [1 1 2 1 1],
  "Velocidade": [0. 0. 0. 0. 0.]
                [0. 0. 0. 0. 0.],
  "funcao_objetivo": 0.96693212256856876436315585756298078394808670730830,
  "confiabilidade_total": 0.96693212256856876436315585756298078394808670730830
}
 
Individuo 24:
{
  "Posicao": [6 7 8 8 1]
             [1 1 1 2 2],
  "Velocidade": [0. 0. 0. 0. 0.]
                [0. 0. 0. 0. 0.],
  "funcao_objetivo": 0.96393853543860146408781274290537954319808720304214,
  "confiabilidade_total": 0.96393853543860146408781274290537954319808720304214
}
 
Individuo 25:
{
  "Posicao": [5 5 6 2 7]
             [1 1 1 2 1],
  "Velocidade": [0. 0. 0. 0. 0.]
                [0. 0. 0. 0. 0.],
  "funcao_objetivo": 0.96347508896319046974657013541178559098313230181200,
  "confiabilidade_total": 0.96347508896319046974657013541178559098313230181200
}
 
Individuo 26:
{
  "Posicao": [5 4 0 9 9]
             [1 1 2 1 1],
  "Velocidade": [0. 0. 0. 0. 0.]
                [0. 0. 0. 0. 0.],
  "funcao_objetivo": 0.96314045010339375013412611764509101621994020949169,
  "confiabilidade_total": 0.96314045010339375013412611764509101621994020949169
}
 
Individuo 27:
{
  "Posicao": [0 7 8 8 8]
             [2 1 1 1 1],
  "Velocidade": [0. 0. 0. 0. 0.]
                [0. 0. 0. 0. 0.],
  "funcao_objetivo": 0.96258997221991827496399817008231384740607142322952,
  "confiabilidade_total": 0.96258997221991827496399817008231384740607142322952
}
 
Individuo 28:
{
  "Posicao": [8 7 0 8 7]
             [1 1 2 1 1],
  "Velocidade": [0. 0. 0. 0. 0.]
                [0. 0. 0. 0. 0.],
  "funcao_objetivo": 0.96257719325399715967960278339626153504828969891920,
  "confiabilidade_total": 0.96257719325399715967960278339626153504828969891920
}
 
Individuo 29:
{
  "Posicao": [0 8 1 0 6]
             [1 1 1 1 1],
  "Velocidade": [0. 0. 0. 0. 0.]
                [0. 0. 0. 0. 0.],
  "funcao_objetivo": 0.96229948517157722746250308405762754247685826614724,
  "confiabilidade_total": 0.96229948517157722746250308405762754247685826614724
}
 
Individuo 30:
{
  "Posicao": [0 6 6 0 8]
             [1 1 1 1 2],
  "Velocidade": [0. 0. 0. 0. 0.]
                [0. 0. 0. 0. 0.],
  "funcao_objetivo": 0.96213589533758670568410743548095554923961252782028,
  "confiabilidade_total": 0.96213589533758670568410743548095554923961252782028
}
 
Individuo 31:
{
  "Posicao": [7 7 5 3 8]
             [1 2 1 1 1],
  "Velocidade": [0. 0. 0. 0. 0.]
                [0. 0. 0. 0. 0.],
  "funcao_objetivo": 0.96183560749723115968849293728870655321784222769703,
  "confiabilidade_total": 0.96183560749723115968849293728870655321784222769703
}
 
Individuo 32:
{
  "Posicao": [0 2 2 6 5]
             [1 1 1 1 2],
  "Velocidade": [0. 0. 0. 0. 0.]
                [0. 0. 0. 0. 0.],
  "funcao_objetivo": 0.96127869097410067725276975642155923986421850924255,
  "confiabilidade_total": 0.96127869097410067725276975642155923986421850924255
}
 
Individuo 33:
{
  "Posicao": [4 5 9 5 9]
             [1 1 2 1 1],
  "Velocidade": [0. 0. 0. 0. 0.]
                [0. 0. 0. 0. 0.],
  "funcao_objetivo": 0.96079351998604518526697758697847037721036007985007,
  "confiabilidade_total": 0.96079351998604518526697758697847037721036007985007
}
 
Individuo 34:
{
  "Posicao": [5 1 4 0 0]
             [1 1 1 1 2],
  "Velocidade": [0. 0. 0. 0. 0.]
                [0. 0. 0. 0. 0.],
  "funcao_objetivo": 0.95920663961553519862058599987385386986051668723245,
  "confiabilidade_total": 0.95920663961553519862058599987385386986051668723245
}
 
Individuo 35:
{
  "Posicao": [2 0 5 1 4]
             [1 1 1 1 1],
  "Velocidade": [0. 0. 0. 0. 0.]
                [0. 0. 0. 0. 0.],
  "funcao_objetivo": 0.95879199551796221117890595940673147870204573240885,
  "confiabilidade_total": 0.95879199551796221117890595940673147870204573240885
}
 
Individuo 36:
{
  "Posicao": [8 1 9 9 6]
             [1 2 1 1 1],
  "Velocidade": [0. 0. 0. 0. 0.]
                [0. 0. 0. 0. 0.],
  "funcao_objetivo": 0.95866874862722107694418208090476145472506995144643,
  "confiabilidade_total": 0.95866874862722107694418208090476145472506995144643
}
 
Individuo 37:
{
  "Posicao": [3 0 2 6 4]
             [1 1 1 1 1],
  "Velocidade": [0. 0. 0. 0. 0.]
                [0. 0. 0. 0. 0.],
  "funcao_objetivo": 0.95594727698393634168077271486066934078016368620308,
  "confiabilidade_total": 0.95594727698393634168077271486066934078016368620308
}
 
Individuo 38:
{
  "Posicao": [5 7 1 0 7]
             [1 1 1 1 1],
  "Velocidade": [0. 0. 0. 0. 0.]
                [0. 0. 0. 0. 0.],
  "funcao_objetivo": 0.95467412086207410758330736607156029202575419871637,
  "confiabilidade_total": 0.95467412086207410758330736607156029202575419871637
}
 
Individuo 39:
{
  "Posicao": [9 9 0 0 8]
             [1 1 1 1 1],
  "Velocidade": [0. 0. 0. 0. 0.]
                [0. 0. 0. 0. 0.],
  "funcao_objetivo": 0.95404748425059791851265691955442969769671125972191,
  "confiabilidade_total": 0.95404748425059791851265691955442969769671125972191
}
 
Individuo 40:
{
  "Posicao": [4 3 0 5 1]
             [1 1 1 1 1],
  "Velocidade": [0. 0. 0. 0. 0.]
                [0. 0. 0. 0. 0.],
  "funcao_objetivo": 0.95300427204510526898300368007951604685532037897123,
  "confiabilidade_total": 0.95300427204510526898300368007951604685532037897123
}
 
Individuo 41:
{
  "Posicao": [3 2 1 7 2]
             [1 1 1 1 1],
  "Velocidade": [0. 0. 0. 0. 0.]
                [0. 0. 0. 0. 0.],
  "funcao_objetivo": 0.95282999445889353648775965561343828489306242682020,
  "confiabilidade_total": 0.95282999445889353648775965561343828489306242682020
}
 
Individuo 42:
{
  "Posicao": [5 0 4 3 7]
             [1 1 1 1 1],
  "Velocidade": [0. 0. 0. 0. 0.]
                [0. 0. 0. 0. 0.],
  "funcao_objetivo": 0.95137679125405491954204055771321398044439789697619,
  "confiabilidade_total": 0.95137679125405491954204055771321398044439789697619
}
 
Individuo 43:
{
  "Posicao": [2 6 0 5 9]
             [1 1 1 1 1],
  "Velocidade": [0. 0. 0. 0. 0.]
                [0. 0. 0. 0. 0.],
  "funcao_objetivo": 0.95074937703660876840345655159368078461396339613370,
  "confiabilidade_total": 0.95074937703660876840345655159368078461396339613370
}
 
Individuo 44:
{
  "Posicao": [0 8 4 8 7]
             [1 1 1 1 2],
  "Velocidade": [0. 0. 0. 0. 0.]
                [0. 0. 0. 0. 0.],
  "funcao_objetivo": 0.95063350783022776681048135451212181927290448698102,
  "confiabilidade_total": 0.95063350783022776681048135451212181927290448698102
}
 
Individuo 45:
{
  "Posicao": [4 3 4 3 1]
             [1 1 1 1 1],
  "Velocidade": [0. 0. 0. 0. 0.]
                [0. 0. 0. 0. 0.],
  "funcao_objetivo": 0.94774437440800576527469123689039798536422029135727,
  "confiabilidade_total": 0.94774437440800576527469123689039798536422029135727
}
 
Individuo 46:
{
  "Posicao": [2 6 5 7 9]
             [1 1 1 1 2],
  "Velocidade": [0. 0. 0. 0. 0.]
                [0. 0. 0. 0. 0.],
  "funcao_objetivo": 0.94674170782627818657402649451575417566337491491005,
  "confiabilidade_total": 0.94674170782627818657402649451575417566337491491005
}
 
Individuo 47:
{
  "Posicao": [3 9 9 0 1]
             [1 1 1 1 1],
  "Velocidade": [0. 0. 0. 0. 0.]
                [0. 0. 0. 0. 0.],
  "funcao_objetivo": 0.94637124878374906328203974005819079433966290418923,
  "confiabilidade_total": 0.94637124878374906328203974005819079433966290418923
}
 
Individuo 48:
{
  "Posicao": [5 5 2 4 1]
             [1 1 1 1 1],
  "Velocidade": [0. 0. 0. 0. 0.]
                [0. 0. 0. 0. 0.],
  "funcao_objetivo": 0.94594653934759817849274564528363442744044681732654,
  "confiabilidade_total": 0.94594653934759817849274564528363442744044681732654
}
 
Individuo 49:
{
  "Posicao": [3 4 5 8 7]
             [1 1 1 1 2],
  "Velocidade": [0. 0. 0. 0. 0.]
                [0. 0. 0. 0. 0.],
  "funcao_objetivo": 0.94542721995171044068177523041037713151531442209980,
  "confiabilidade_total": 0.94542721995171044068177523041037713151531442209980
}
 
Individuo 50:
{
  "Posicao": [5 3 5 2 9]
             [1 1 1 1 1],
  "Velocidade": [0. 0. 0. 0. 0.]
                [0. 0. 0. 0. 0.],
  "funcao_objetivo": 0.94404120344074325655177130597759277184371176652842,
  "confiabilidade_total": 0.94404120344074325655177130597759277184371176652842
}
 
 
GERACAO 1
Populacao antes da execucao:
Individuo 1:
{
  "Posicao": [1 7 7 5 3]
             [2 2 1 1 1],
  "Velocidade": [0. 0. 0. 0. 0.]
                [0. 0. 0. 0. 0.],
  "funcao_objetivo": 0.99115455061397402988831563401674430639208379350076,
  "confiabilidade_total": 0.99115455061397402988831563401674430639208379350076
}
 
Individuo 2:
{
  "Posicao": [5 5 6 1 2]
             [2 2 1 1 1],
  "Velocidade": [0. 0. 0. 0. 0.]
                [0. 0. 0. 0. 0.],
  "funcao_objetivo": 0.99039666041870072183297696819133324518562848327012,
  "confiabilidade_total": 0.99039666041870072183297696819133324518562848327012
}
 
Individuo 3:
{
  "Posicao": [8 8 4 1 5]
             [2 1 1 2 1],
  "Velocidade": [0. 0. 0. 0. 0.]
                [0. 0. 0. 0. 0.],
  "funcao_objetivo": 0.98749411730510410378300947156748933753586543593715,
  "confiabilidade_total": 0.98749411730510410378300947156748933753586543593715
}
 
Individuo 4:
{
  "Posicao": [5 7 8 1 6]
             [2 1 1 2 1],
  "Velocidade": [0. 0. 0. 0. 0.]
                [0. 0. 0. 0. 0.],
  "funcao_objetivo": 0.98699425117558525826271778504734524198271388266954,
  "confiabilidade_total": 0.98699425117558525826271778504734524198271388266954
}
 
Individuo 5:
{
  "Posicao": [7 0 2 2 7]
             [2 1 1 1 1],
  "Velocidade": [0. 0. 0. 0. 0.]
                [0. 0. 0. 0. 0.],
  "funcao_objetivo": 0.97834362665115733687069306484730617898608782931431,
  "confiabilidade_total": 0.97834362665115733687069306484730617898608782931431
}
 
Individuo 6:
{
  "Posicao": [7 8 6 0 3]
             [3 1 1 1 1],
  "Velocidade": [0. 0. 0. 0. 0.]
                [0. 0. 0. 0. 0.],
  "funcao_objetivo": 0.97551770151512111119691215230897363751711614978560,
  "confiabilidade_total": 0.97551770151512111119691215230897363751711614978560
}
 
Individuo 7:
{
  "Posicao": [1 5 4 0 7]
             [2 1 1 1 1],
  "Velocidade": [0. 0. 0. 0. 0.]
                [0. 0. 0. 0. 0.],
  "funcao_objetivo": 0.97459795302278434551302086257194968849815263388034,
  "confiabilidade_total": 0.97459795302278434551302086257194968849815263388034
}
 
Individuo 8:
{
  "Posicao": [5 5 5 2 9]
             [2 1 2 1 1],
  "Velocidade": [0. 0. 0. 0. 0.]
                [0. 0. 0. 0. 0.],
  "funcao_objetivo": 0.97450790320272657676532367330640803901651179150147,
  "confiabilidade_total": 0.97450790320272657676532367330640803901651179150147
}
 
Individuo 9:
{
  "Posicao": [8 5 1 5 0]
             [1 1 1 3 1],
  "Velocidade": [0. 0. 0. 0. 0.]
                [0. 0. 0. 0. 0.],
  "funcao_objetivo": 0.97438269035370189373604595360064646722727800586570,
  "confiabilidade_total": 0.97438269035370189373604595360064646722727800586570
}
 
Individuo 10:
{
  "Posicao": [2 7 7 5 5]
             [1 2 1 2 1],
  "Velocidade": [0. 0. 0. 0. 0.]
                [0. 0. 0. 0. 0.],
  "funcao_objetivo": 0.97430705152955249049965059953361476164707165320950,
  "confiabilidade_total": 0.97430705152955249049965059953361476164707165320950
}
 
Individuo 11:
{
  "Posicao": [9 0 6 3 6]
             [2 1 1 1 1],
  "Velocidade": [0. 0. 0. 0. 0.]
                [0. 0. 0. 0. 0.],
  "funcao_objetivo": 0.97403946607992963999203710469743829955675124218109,
  "confiabilidade_total": 0.97403946607992963999203710469743829955675124218109
}
 
Individuo 12:
{
  "Posicao": [1 0 7 5 7]
             [1 1 2 1 1],
  "Velocidade": [0. 0. 0. 0. 0.]
                [0. 0. 0. 0. 0.],
  "funcao_objetivo": 0.97402301027900154680980834402247360196887614829045,
  "confiabilidade_total": 0.97402301027900154680980834402247360196887614829045
}
 
Individuo 13:
{
  "Posicao": [1 0 8 5 8]
             [1 1 1 2 2],
  "Velocidade": [0. 0. 0. 0. 0.]
                [0. 0. 0. 0. 0.],
  "funcao_objetivo": 0.97351863705585748894375042654615005828836145375255,
  "confiabilidade_total": 0.97351863705585748894375042654615005828836145375255
}
 
Individuo 14:
{
  "Posicao": [8 1 4 7 8]
             [2 1 1 1 2],
  "Velocidade": [0. 0. 0. 0. 0.]
                [0. 0. 0. 0. 0.],
  "funcao_objetivo": 0.97242213985444363267748089210175018892701624099072,
  "confiabilidade_total": 0.97242213985444363267748089210175018892701624099072
}
 
Individuo 15:
{
  "Posicao": [2 1 3 5 5]
             [1 1 1 2 1],
  "Velocidade": [0. 0. 0. 0. 0.]
                [0. 0. 0. 0. 0.],
  "funcao_objetivo": 0.97206171291554140377036848467426840408940263231132,
  "confiabilidade_total": 0.97206171291554140377036848467426840408940263231132
}
 
Individuo 16:
{
  "Posicao": [8 8 1 0 0]
             [1 2 1 1 1],
  "Velocidade": [0. 0. 0. 0. 0.]
                [0. 0. 0. 0. 0.],
  "funcao_objetivo": 0.97171852989601938183310093557188149536377350640845,
  "confiabilidade_total": 0.97171852989601938183310093557188149536377350640845
}
 
Individuo 17:
{
  "Posicao": [8 1 8 4 1]
             [1 1 2 1 1],
  "Velocidade": [0. 0. 0. 0. 0.]
                [0. 0. 0. 0. 0.],
  "funcao_objetivo": 0.97089934113353428085139749313252868378595709681001,
  "confiabilidade_total": 0.97089934113353428085139749313252868378595709681001
}
 
Individuo 18:
{
  "Posicao": [2 6 7 1 9]
             [1 1 2 1 1],
  "Velocidade": [0. 0. 0. 0. 0.]
                [0. 0. 0. 0. 0.],
  "funcao_objetivo": 0.97085887867373137127026104684503791459130179679800,
  "confiabilidade_total": 0.97085887867373137127026104684503791459130179679800
}
 
Individuo 19:
{
  "Posicao": [3 0 5 0 5]
             [1 1 1 2 1],
  "Velocidade": [0. 0. 0. 0. 0.]
                [0. 0. 0. 0. 0.],
  "funcao_objetivo": 0.96972878691932455391494786871157636691023574903588,
  "confiabilidade_total": 0.96972878691932455391494786871157636691023574903588
}
 
Individuo 20:
{
  "Posicao": [6 3 1 9 8]
             [1 1 1 2 1],
  "Velocidade": [0. 0. 0. 0. 0.]
                [0. 0. 0. 0. 0.],
  "funcao_objetivo": 0.96930567522206419544537400672124954463202428994665,
  "confiabilidade_total": 0.96930567522206419544537400672124954463202428994665
}
 
Individuo 21:
{
  "Posicao": [5 2 4 7 5]
             [1 1 1 2 2],
  "Velocidade": [0. 0. 0. 0. 0.]
                [0. 0. 0. 0. 0.],
  "funcao_objetivo": 0.96859784983256666779032552690491627615507330938290,
  "confiabilidade_total": 0.96859784983256666779032552690491627615507330938290
}
 
Individuo 22:
{
  "Posicao": [5 5 4 6 7]
             [1 3 1 1 1],
  "Velocidade": [0. 0. 0. 0. 0.]
                [0. 0. 0. 0. 0.],
  "funcao_objetivo": 0.96806674197108439152100679880299156595480530936043,
  "confiabilidade_total": 0.96806674197108439152100679880299156595480530936043
}
 
Individuo 23:
{
  "Posicao": [1 6 6 3 5]
             [1 1 2 1 1],
  "Velocidade": [0. 0. 0. 0. 0.]
                [0. 0. 0. 0. 0.],
  "funcao_objetivo": 0.96693212256856876436315585756298078394808670730830,
  "confiabilidade_total": 0.96693212256856876436315585756298078394808670730830
}
 
Individuo 24:
{
  "Posicao": [6 7 8 8 1]
             [1 1 1 2 2],
  "Velocidade": [0. 0. 0. 0. 0.]
                [0. 0. 0. 0. 0.],
  "funcao_objetivo": 0.96393853543860146408781274290537954319808720304214,
  "confiabilidade_total": 0.96393853543860146408781274290537954319808720304214
}
 
Individuo 25:
{
  "Posicao": [5 5 6 2 7]
             [1 1 1 2 1],
  "Velocidade": [0. 0. 0. 0. 0.]
                [0. 0. 0. 0. 0.],
  "funcao_objetivo": 0.96347508896319046974657013541178559098313230181200,
  "confiabilidade_total": 0.96347508896319046974657013541178559098313230181200
}
 
Individuo 26:
{
  "Posicao": [5 4 0 9 9]
             [1 1 2 1 1],
  "Velocidade": [0. 0. 0. 0. 0.]
                [0. 0. 0. 0. 0.],
  "funcao_objetivo": 0.96314045010339375013412611764509101621994020949169,
  "confiabilidade_total": 0.96314045010339375013412611764509101621994020949169
}
 
Individuo 27:
{
  "Posicao": [0 7 8 8 8]
             [2 1 1 1 1],
  "Velocidade": [0. 0. 0. 0. 0.]
                [0. 0. 0. 0. 0.],
  "funcao_objetivo": 0.96258997221991827496399817008231384740607142322952,
  "confiabilidade_total": 0.96258997221991827496399817008231384740607142322952
}
 
Individuo 28:
{
  "Posicao": [8 7 0 8 7]
             [1 1 2 1 1],
  "Velocidade": [0. 0. 0. 0. 0.]
                [0. 0. 0. 0. 0.],
  "funcao_objetivo": 0.96257719325399715967960278339626153504828969891920,
  "confiabilidade_total": 0.96257719325399715967960278339626153504828969891920
}
 
Individuo 29:
{
  "Posicao": [0 8 1 0 6]
             [1 1 1 1 1],
  "Velocidade": [0. 0. 0. 0. 0.]
                [0. 0. 0. 0. 0.],
  "funcao_objetivo": 0.96229948517157722746250308405762754247685826614724,
  "confiabilidade_total": 0.96229948517157722746250308405762754247685826614724
}
 
Individuo 30:
{
  "Posicao": [0 6 6 0 8]
             [1 1 1 1 2],
  "Velocidade": [0. 0. 0. 0. 0.]
                [0. 0. 0. 0. 0.],
  "funcao_objetivo": 0.96213589533758670568410743548095554923961252782028,
  "confiabilidade_total": 0.96213589533758670568410743548095554923961252782028
}
 
Individuo 31:
{
  "Posicao": [7 7 5 3 8]
             [1 2 1 1 1],
  "Velocidade": [0. 0. 0. 0. 0.]
                [0. 0. 0. 0. 0.],
  "funcao_objetivo": 0.96183560749723115968849293728870655321784222769703,
  "confiabilidade_total": 0.96183560749723115968849293728870655321784222769703
}
 
Individuo 32:
{
  "Posicao": [0 2 2 6 5]
             [1 1 1 1 2],
  "Velocidade": [0. 0. 0. 0. 0.]
                [0. 0. 0. 0. 0.],
  "funcao_objetivo": 0.96127869097410067725276975642155923986421850924255,
  "confiabilidade_total": 0.96127869097410067725276975642155923986421850924255
}
 
Individuo 33:
{
  "Posicao": [4 5 9 5 9]
             [1 1 2 1 1],
  "Velocidade": [0. 0. 0. 0. 0.]
                [0. 0. 0. 0. 0.],
  "funcao_objetivo": 0.96079351998604518526697758697847037721036007985007,
  "confiabilidade_total": 0.96079351998604518526697758697847037721036007985007
}
 
Individuo 34:
{
  "Posicao": [5 1 4 0 0]
             [1 1 1 1 2],
  "Velocidade": [0. 0. 0. 0. 0.]
                [0. 0. 0. 0. 0.],
  "funcao_objetivo": 0.95920663961553519862058599987385386986051668723245,
  "confiabilidade_total": 0.95920663961553519862058599987385386986051668723245
}
 
Individuo 35:
{
  "Posicao": [2 0 5 1 4]
             [1 1 1 1 1],
  "Velocidade": [0. 0. 0. 0. 0.]
                [0. 0. 0. 0. 0.],
  "funcao_objetivo": 0.95879199551796221117890595940673147870204573240885,
  "confiabilidade_total": 0.95879199551796221117890595940673147870204573240885
}
 
Individuo 36:
{
  "Posicao": [8 1 9 9 6]
             [1 2 1 1 1],
  "Velocidade": [0. 0. 0. 0. 0.]
                [0. 0. 0. 0. 0.],
  "funcao_objetivo": 0.95866874862722107694418208090476145472506995144643,
  "confiabilidade_total": 0.95866874862722107694418208090476145472506995144643
}
 
Individuo 37:
{
  "Posicao": [3 0 2 6 4]
             [1 1 1 1 1],
  "Velocidade": [0. 0. 0. 0. 0.]
                [0. 0. 0. 0. 0.],
  "funcao_objetivo": 0.95594727698393634168077271486066934078016368620308,
  "confiabilidade_total": 0.95594727698393634168077271486066934078016368620308
}
 
Individuo 38:
{
  "Posicao": [5 7 1 0 7]
             [1 1 1 1 1],
  "Velocidade": [0. 0. 0. 0. 0.]
                [0. 0. 0. 0. 0.],
  "funcao_objetivo": 0.95467412086207410758330736607156029202575419871637,
  "confiabilidade_total": 0.95467412086207410758330736607156029202575419871637
}
 
Individuo 39:
{
  "Posicao": [9 9 0 0 8]
             [1 1 1 1 1],
  "Velocidade": [0. 0. 0. 0. 0.]
                [0. 0. 0. 0. 0.],
  "funcao_objetivo": 0.95404748425059791851265691955442969769671125972191,
  "confiabilidade_total": 0.95404748425059791851265691955442969769671125972191
}
 
Individuo 40:
{
  "Posicao": [4 3 0 5 1]
             [1 1 1 1 1],
  "Velocidade": [0. 0. 0. 0. 0.]
                [0. 0. 0. 0. 0.],
  "funcao_objetivo": 0.95300427204510526898300368007951604685532037897123,
  "confiabilidade_total": 0.95300427204510526898300368007951604685532037897123
}
 
Individuo 41:
{
  "Posicao": [3 2 1 7 2]
             [1 1 1 1 1],
  "Velocidade": [0. 0. 0. 0. 0.]
                [0. 0. 0. 0. 0.],
  "funcao_objetivo": 0.95282999445889353648775965561343828489306242682020,
  "confiabilidade_total": 0.95282999445889353648775965561343828489306242682020
}
 
Individuo 42:
{
  "Posicao": [5 0 4 3 7]
             [1 1 1 1 1],
  "Velocidade": [0. 0. 0. 0. 0.]
                [0. 0. 0. 0. 0.],
  "funcao_objetivo": 0.95137679125405491954204055771321398044439789697619,
  "confiabilidade_total": 0.95137679125405491954204055771321398044439789697619
}
 
Individuo 43:
{
  "Posicao": [2 6 0 5 9]
             [1 1 1 1 1],
  "Velocidade": [0. 0. 0. 0. 0.]
                [0. 0. 0. 0. 0.],
  "funcao_objetivo": 0.95074937703660876840345655159368078461396339613370,
  "confiabilidade_total": 0.95074937703660876840345655159368078461396339613370
}
 
Individuo 44:
{
  "Posicao": [0 8 4 8 7]
             [1 1 1 1 2],
  "Velocidade": [0. 0. 0. 0. 0.]
                [0. 0. 0. 0. 0.],
  "funcao_objetivo": 0.95063350783022776681048135451212181927290448698102,
  "confiabilidade_total": 0.95063350783022776681048135451212181927290448698102
}
 
Individuo 45:
{
  "Posicao": [4 3 4 3 1]
             [1 1 1 1 1],
  "Velocidade": [0. 0. 0. 0. 0.]
                [0. 0. 0. 0. 0.],
  "funcao_objetivo": 0.94774437440800576527469123689039798536422029135727,
  "confiabilidade_total": 0.94774437440800576527469123689039798536422029135727
}
 
Individuo 46:
{
  "Posicao": [2 6 5 7 9]
             [1 1 1 1 2],
  "Velocidade": [0. 0. 0. 0. 0.]
                [0. 0. 0. 0. 0.],
  "funcao_objetivo": 0.94674170782627818657402649451575417566337491491005,
  "confiabilidade_total": 0.94674170782627818657402649451575417566337491491005
}
 
Individuo 47:
{
  "Posicao": [3 9 9 0 1]
             [1 1 1 1 1],
  "Velocidade": [0. 0. 0. 0. 0.]
                [0. 0. 0. 0. 0.],
  "funcao_objetivo": 0.94637124878374906328203974005819079433966290418923,
  "confiabilidade_total": 0.94637124878374906328203974005819079433966290418923
}
 
Individuo 48:
{
  "Posicao": [5 5 2 4 1]
             [1 1 1 1 1],
  "Velocidade": [0. 0. 0. 0. 0.]
                [0. 0. 0. 0. 0.],
  "funcao_objetivo": 0.94594653934759817849274564528363442744044681732654,
  "confiabilidade_total": 0.94594653934759817849274564528363442744044681732654
}
 
Individuo 49:
{
  "Posicao": [3 4 5 8 7]
             [1 1 1 1 2],
  "Velocidade": [0. 0. 0. 0. 0.]
                [0. 0. 0. 0. 0.],
  "funcao_objetivo": 0.94542721995171044068177523041037713151531442209980,
  "confiabilidade_total": 0.94542721995171044068177523041037713151531442209980
}
 
Individuo 50:
{
  "Posicao": [5 3 5 2 9]
             [1 1 1 1 1],
  "Velocidade": [0. 0. 0. 0. 0.]
                [0. 0. 0. 0. 0.],
  "funcao_objetivo": 0.94404120344074325655177130597759277184371176652842,
  "confiabilidade_total": 0.94404120344074325655177130597759277184371176652842
}
 
-----------------------------------------
Populacao final da era:
Individuo 1:
{
  "Posicao": [1. 7. 7. 5. 3.]
             [2. 2. 1. 1. 1.],
  "Velocidade": [0. 0. 0. 0. 0.]
                [0. 0. 0. 0. 0.],
  "funcao_objetivo": 0.99115455061397402988831563401674430639208379350076,
  "confiabilidade_total": 0.99115455061397402988831563401674430639208379350076
}
 
Individuo 2:
{
  "Posicao": [0. 8. 7. 7. 3.]
             [2. 2. 1. 1. 1.],
  "Velocidade": [-5.67936603  2.83968301  1.41984151  5.67936603  1.41984151]
                [0. 0. 0. 0. 0.],
  "funcao_objetivo": 0.98450925997413972384259212402123964112277954468728,
  "confiabilidade_total": 0.99155925997413989650759941598234306057591803023816
}
 
Individuo 3:
{
  "Posicao": [3. 7. 6. 4. 4.]
             [2. 2. 1. 1. 1.],
  "Velocidade": [-5.14596263 -0.73513752  2.20541255  2.94055007 -1.47027504]
                [ 0.          0.73513752  0.         -0.73513752  0.        ],
  "funcao_objetivo": 0.82253229673299109900173575776566593606635526754989,
  "confiabilidade_total": 0.99019896339965781281587353684731368605658010580673
}
 
Individuo 4:
{
  "Posicao": [0. 7. 7. 7. 2.]
             [2. 2. 1. 1. 1.],
  "Velocidade": [-5.9672612  0.        -1.4918153  5.9672612 -4.4754459]
                [ 0.         1.4918153  0.        -1.4918153  0.       ],
  "funcao_objetivo": 0.98134005374126407595165580020680730685463509008102,
  "confiabilidade_total": 0.99204005374126400773955316723718946322670540258102
}
 
Individuo 5:
{
  "Posicao": [0. 8. 8. 6. 2.]
             [2. 2. 1. 1. 1.],
  "Velocidade": [-7.13744303  8.32701687  5.94786919  3.56872151 -4.75829535]
                [0.         1.18957384 0.         0.         0.        ],
  "funcao_objetivo": 0.93305548382311459163262865712319347317546507898427,
  "confiabilidade_total": 0.99163881715644793305208635314308360926091572824574
}
 
Individuo 6:
{
  "Posicao": [3. 7. 7. 4. 3.]
             [2. 2. 1. 1. 1.],
  "Velocidade": [-4.44691147 -0.74115191  0.74115191  3.70575956  0.        ]
                [-0.74115191  0.74115191  0.          0.          0.        ],
  "funcao_objetivo": 0.88475938164623701816974579707224788554120873468431,
  "confiabilidade_total": 0.99017604831290373220592818107892694361615990655931
}
 
Individuo 7:
{
  "Posicao": [1. 8. 9. 8. 1.]
             [2. 3. 1. 1. 1.],
  "Velocidade": [ 0.          3.21671934  4.825079    8.04179834 -6.43343867]
                [0.         1.60835967 0.         0.         0.        ],
  "funcao_objetivo": 0.74919204887891005583620792257840374545708549550086,
  "confiabilidade_total": 0.99550871554557671182993057918189887018457305958777
}
 
Individuo 8:
{
  "Posicao": [0. 8. 8. 7. 0.]
             [2. 3. 1. 1. 1.],
  "Velocidade": [-6.07176752  3.03588376  3.03588376  4.55382564 -9.10765127]
                [ 0.          1.51794188 -1.51794188  0.          0.        ],
  "funcao_objetivo": 0.72026565476811675743624299990273745754258625097967,
  "confiabilidade_total": 0.99663232143478336517967300629692933545904151983953
}
 
Individuo 9:
{
  "Posicao": [0. 8. 9. 5. 5.]
             [3. 3. 1. 1. 1.],
  "Velocidade": [-11.34317938   3.24090839   9.72272518   0.           4.86136259]
                [ 1.6204542   1.6204542   0.         -3.24090839  0.        ],
  "funcao_objetivo": 0.46054905848219380732255161740080364563853501140721,
  "confiabilidade_total": 0.99861572514886027835311837145321913578898667156346
}
 
Individuo 10:
{
  "Posicao": [1. 7. 7. 5. 3.]
             [2. 2. 1. 1. 1.],
  "Velocidade": [-0.85485256  0.          0.          0.         -1.70970511]
                [ 0.85485256  0.          0.         -0.85485256  0.        ],
  "funcao_objetivo": 0.99115455061397402988831563401674430639208379350076,
  "confiabilidade_total": 0.99115455061397402988831563401674430639208379350076
}
 
Individuo 11:
{
  "Posicao": [0. 9. 8. 7. 0.]
             [2. 3. 1. 1. 1.],
  "Velocidade": [-14.69451417  12.8576999    1.83681427   3.67362854  -5.51044281]
                [0.         1.83681427 0.         0.         0.        ],
  "funcao_objetivo": 0.49112671868397499457642026715617352329287869224188,
  "confiabilidade_total": 0.99644338535064163080817308543188222847972256431220
}
 
Individuo 12:
{
  "Posicao": [1. 6. 7. 5. 3.]
             [2. 2. 1. 1. 1.],
  "Velocidade": [ 0.          6.39680825  0.          0.         -3.655319  ]
                [ 0.91382975  0.91382975 -0.91382975  0.          0.        ],
  "funcao_objetivo": 0.93070138147658640766829475013784324664275333946217,
  "confiabilidade_total": 0.99128471480991982719194222853749600153069183891285
}
 
Individuo 13:
{
  "Posicao": [1. 9. 6. 5. 0.]
             [3. 3. 1. 1. 1.],
  "Velocidade": [ 0.         11.0307037  -1.57581481  0.         -7.87907407]
                [ 1.57581481  1.57581481  0.         -1.57581481 -1.57581481],
  "funcao_objetivo": 0.26302807235320910521525114685200744393044857418668,
  "confiabilidade_total": 0.99837807235320944192369005516948302360946087277066
}
 
Individuo 14:
{
  "Posicao": [5. 4. 5. 6. 6.]
             [2. 1. 1. 1. 2.],
  "Velocidade": [-3.19437471  2.73803546  1.36901773 -0.91267849 -2.28169622]
                [ 0.          0.45633924  0.          0.         -0.45633924],
  "funcao_objetivo": 0.90095369937012310869364171433325048601592350775553,
  "confiabilidade_total": 0.96762036603678977443512252714562003566289711767985
}
 
Individuo 15:
{
  "Posicao": [1. 5. 5. 5. 4.]
             [2. 2. 1. 1. 1.],
  "Velocidade": [-0.61218541  3.67311246  2.44874164  0.         -1.22437082]
                [ 0.61218541  0.61218541  0.         -0.61218541  0.        ],
  "funcao_objetivo": 0.99130596480784050215146643534911274025322160730086,
  "confiabilidade_total": 0.99130596480784050215146643534911274025322160730086
}
 
Individuo 16:
{
  "Posicao": [0. 7. 9. 7. 4.]
             [2. 2. 1. 1. 1.],
  "Velocidade": [-9.20088812 -1.31441259  7.88647553  6.57206294  3.94323776]
                [1.31441259 0.         0.         0.         0.        ],
  "funcao_objetivo": 0.86306032581980153684043352164766724024313104623789,
  "confiabilidade_total": 0.99167699248646817988895571112183710363107336038584
}
 
Individuo 17:
{
  "Posicao": [6. 3. 8. 4. 2.]
             [1. 1. 2. 1. 1.],
  "Velocidade": [-1.90379734  1.63182629 -0.27197105  0.27197105  0.5439421 ]
                [ 0.27197105  0.27197105 -0.27197105  0.          0.        ],
  "funcao_objetivo": 0.96705642516602527177366727954730911241880549049964,
  "confiabilidade_total": 0.96705642516602527177366727954730911241880549049964
}
 
Individuo 18:
{
  "Posicao": [2. 6. 7. 3. 7.]
             [1. 1. 2. 1. 1.],
  "Velocidade": [-0.38115817  0.38115817  0.          1.52463267 -2.286949  ]
                [ 0.38115817  0.38115817 -0.38115817  0.          0.        ],
  "funcao_objetivo": 0.96635507603012337061093104859416187673700605534563,
  "confiabilidade_total": 0.96635507603012337061093104859416187673700605534563
}
 
Individuo 19:
{
  "Posicao": [0. 9. 8. 8. 2.]
             [3. 3. 1. 1. 1.],
  "Velocidade": [-3.05328569 10.68649991  3.05328569  7.63321422 -3.05328569]
                [ 1.52664284  1.52664284  0.         -1.52664284  0.        ],
  "funcao_objetivo": 0.22011039476340194603709607363752787830032523325225,
  "confiabilidade_total": 0.99842706143006849167465008250046288491882498911163
}
 
Individuo 20:
{
  "Posicao": [6. 3. 1. 9. 8.]
             [1. 1. 1. 2. 1.],
  "Velocidade": [-0.23375664  0.18700531  0.28050797 -0.18700531 -0.23375664]
                [ 0.04675133  0.04675133  0.         -0.04675133  0.        ],
  "funcao_objetivo": 0.96930567522206419544537400672124954463202428994665,
  "confiabilidade_total": 0.96930567522206419544537400672124954463202428994665
}
 
Individuo 21:
{
  "Posicao": [0. 8. 8. 5. 3.]
             [2. 2. 1. 1. 1.],
  "Velocidade": [-4.920248  6.15031   3.690186 -2.460124 -2.460124]
                [ 1.230062  1.230062  0.       -1.230062 -1.230062],
  "funcao_objetivo": 0.98187188491673047173293621258161410507716531820627,
  "confiabilidade_total": 0.99153855158339710939965229018533763876155312128397
}
 
Individuo 22:
{
  "Posicao": [0. 8. 9. 4. 1.]
             [3. 1. 1. 1. 1.],
  "Velocidade": [-6.23529837  3.11764919  4.67647378 -1.55882459 -6.23529837]
                [ 1.55882459 -1.55882459  0.          0.          0.        ],
  "funcao_objetivo": 0.75506215377628979591009808159892052138646222404542,
  "confiabilidade_total": 0.96807882044295641400080667749957135605116463951173
}
 
Individuo 23:
{
  "Posicao": [1. 6. 6. 4. 4.]
             [1. 1. 2. 1. 1.],
  "Velocidade": [ 0.          0.44179573  0.44179573  0.88359146 -0.88359146]
                [ 0.44179573  0.44179573 -0.44179573  0.          0.        ],
  "funcao_objetivo": 0.91922907812335129351082789858705297435924026525152,
  "confiabilidade_total": 0.96639574479001793499393562333975211574986192739141
}
 
Individuo 24:
{
  "Posicao": [2. 7. 7. 6. 3.]
             [2. 2. 1. 1. 1.],
  "Velocidade": [-3.80980862  0.         -0.76196172 -2.28588517  1.52392345]
                [ 0.76196172  0.76196172  0.         -0.76196172 -0.76196172],
  "funcao_objetivo": 0.90670106998138372507657542532011227398781147218468,
  "confiabilidade_total": 0.99070106998138382743913829575954530104665127015831
}
 
Individuo 25:
{
  "Posicao": [1. 7. 7. 5. 3.]
             [2. 2. 1. 1. 1.],
  "Velocidade": [-4.13370451  2.06685226  1.03342613  3.10027839 -4.13370451]
                [ 1.03342613  1.03342613  0.         -1.03342613  0.        ],
  "funcao_objetivo": 0.99115455061397402988831563401674430639208379350076,
  "confiabilidade_total": 0.99115455061397402988831563401674430639208379350076
}
 
Individuo 26:
{
  "Posicao": [0. 9. 9. 2. 0.]
             [3. 3. 1. 1. 1.],
  "Velocidade": [-6.50714503  4.88035878 11.38750381 -6.50714503 -9.76071755]
                [ 1.62678626  1.62678626 -1.62678626  0.          0.        ],
  "funcao_objetivo": 0.069062280430892719505375282961346955283468792000821,
  "confiabilidade_total": 0.99871228043089258485752685642236173270542008594613
}
 
Individuo 27:
{
  "Posicao": [1. 7. 7. 5. 2.]
             [2. 2. 1. 1. 1.],
  "Velocidade": [ 1.14474922  0.         -1.14474922 -3.43424767 -5.72374611]
                [0.         1.14474922 0.         0.         0.        ],
  "funcao_objetivo": 0.99126107844553260789612380323201413705978199376287,
  "confiabilidade_total": 0.99126107844553260789612380323201413705978199376287
}
 
Individuo 28:
{
  "Posicao": [1. 7. 7. 5. 3.]
             [2. 2. 1. 1. 1.],
  "Velocidade": [-7.27357718  0.          7.27357718 -3.11724736 -4.15632981]
                [ 1.03908245  1.03908245 -1.03908245  0.          0.        ],
  "funcao_objetivo": 0.99115455061397402988831563401674430639208379350076,
  "confiabilidade_total": 0.99115455061397402988831563401674430639208379350076
}
 
Individuo 29:
{
  "Posicao": [1. 7. 4. 3. 4.]
             [2. 2. 1. 1. 1.],
  "Velocidade": [ 0.54204368 -0.54204368  3.25226208  2.7102184  -1.62613104]
                [0.54204368 0.54204368 0.         0.         0.        ],
  "funcao_objetivo": 0.87401646108492187055963457835441603934637913980004,
  "confiabilidade_total": 0.99193312775158858182025940079820374636225114144799
}
 
Individuo 30:
{
  "Posicao": [1. 7. 7. 6. 2.]
             [2. 2. 1. 1. 1.],
  "Velocidade": [ 1.16861614  1.16861614  1.16861614  5.84308068 -5.84308068]
                [ 1.16861614  1.16861614  0.          0.         -1.16861614],
  "funcao_objetivo": 0.97959120996513629245214934139079671161004916106856,
  "confiabilidade_total": 0.99125787663180300648833172539747576968500033294356
}
 
Individuo 31:
{
  "Posicao": [0. 7. 9. 7. 0.]
             [3. 2. 1. 1. 1.],
  "Velocidade": [-10.74130714   0.           3.58043571   3.58043571  -8.95108929]
                [1.79021786 0.         0.         0.         0.        ],
  "funcao_objetivo": 0.54378491437077599364860370205512402708757896499165,
  "confiabilidade_total": 0.99411824770410916259491452255694560836184997634419
}
 
Individuo 32:
{
  "Posicao": [2. 9. 9. 4. 1.]
             [3. 3. 1. 1. 1.],
  "Velocidade": [ 1.87624528  9.3812264   9.3812264  -1.87624528 -3.75249056]
                [ 1.87624528  1.87624528  0.          0.         -1.87624528],
  "funcao_objetivo": 0.18342823736590026953941241729358807553824959627750,
  "confiabilidade_total": 0.99829490403256689759992377432814464320716439119938
}
 
Individuo 33:
{
  "Posicao": [4. 5. 9. 5. 8.]
             [1. 1. 2. 1. 1.],
  "Velocidade": [-0.26816381  0.17877588 -0.17877588  0.         -0.53632763]
                [ 0.08938794  0.08938794 -0.08938794  0.          0.        ],
  "funcao_objetivo": 0.96105097641609972368624205183452574193156882352602,
  "confiabilidade_total": 0.96105097641609972368624205183452574193156882352602
}
 
Individuo 34:
{
  "Posicao": [4. 3. 5. 1. 1.]
             [1. 1. 1. 1. 2.],
  "Velocidade": [-1.0400839   1.56012585  0.78006292  1.30010487  0.78006292]
                [ 0.26002097  0.26002097  0.          0.         -0.26002097],
  "funcao_objetivo": 0.95349509313511708960633831561171124244075213764962,
  "confiabilidade_total": 0.95349509313511708960633831561171124244075213764962
}
 
Individuo 35:
{
  "Posicao": [2. 1. 5. 2. 4.]
             [1. 1. 1. 1. 1.],
  "Velocidade": [-0.14595899  1.02171295  0.29191799  0.58383597 -0.14595899]
                [0.14595899 0.14595899 0.         0.         0.        ],
  "funcao_objetivo": 0.95489479470905678611109324860374634576650463677910,
  "confiabilidade_total": 0.95489479470905678611109324860374634576650463677910
}
 
Individuo 36:
{
  "Posicao": [5. 4. 8. 7. 5.]
             [1. 2. 1. 1. 1.],
  "Velocidade": [-3.24724868  2.78335601 -0.92778534 -1.85557067 -1.391678  ]
                [0.46389267 0.         0.         0.         0.        ],
  "funcao_objetivo": 0.96103957620241902894328014903915020372616843290840,
  "confiabilidade_total": 0.96103957620241902894328014903915020372616843290840
}
 
Individuo 37:
{
  "Posicao": [3. 0. 2. 6. 4.]
             [1. 1. 1. 1. 1.],
  "Velocidade": [-0.0873858   0.30585031  0.21846451 -0.0436929  -0.0436929 ]
                [0.0436929 0.0436929 0.        0.        0.       ],
  "funcao_objetivo": 0.95594727698393634168077271486066934078016368620308,
  "confiabilidade_total": 0.95594727698393634168077271486066934078016368620308
}
 
Individuo 38:
{
  "Posicao": [4. 7. 3. 2. 6.]
             [1. 1. 1. 1. 1.],
  "Velocidade": [-1.29683705  0.          1.94525557  1.62104631 -1.29683705]
                [0.32420926 0.32420926 0.         0.         0.        ],
  "funcao_objetivo": 0.94693661639426490027277288291112854177914440070774,
  "confiabilidade_total": 0.94693661639426490027277288291112854177914440070774
}
 
Individuo 39:
{
  "Posicao": [0. 6. 9. 8. 0.]
             [3. 3. 1. 1. 1.],
  "Velocidade": [-13.15511602  -3.28877901  11.51072652   8.22194752  -8.22194752]
                [1.6443895 1.6443895 0.        0.        0.       ],
  "funcao_objetivo": 0.22078878165378910992707739222816153120009519862167,
  "confiabilidade_total": 0.99877211498712263649842890498540791373459913538925
}
 
Individuo 40:
{
  "Posicao": [1. 7. 8. 5. 3.]
             [2. 2. 1. 1. 1.],
  "Velocidade": [-3.2897941   4.38639214  7.67618624  0.          2.19319607]
                [1.09659803 1.09659803 0.         0.         0.        ],
  "funcao_objetivo": 0.99104337923041255997129146168662631952948375084689,
  "confiabilidade_total": 0.99104337923041255997129146168662631952948375084689
}
 
Individuo 41:
{
  "Posicao": [0. 9. 9. 3. 4.]
             [3. 3. 1. 1. 1.],
  "Velocidade": [-3.70985081  9.27462702 11.12955243 -3.70985081  1.8549254 ]
                [1.8549254 1.8549254 0.        0.        0.       ],
  "funcao_objetivo": 0.040526738976901231947292729422870815286216187458532,
  "confiabilidade_total": 0.99854340564356774845259457212169820118862097261478
}
 
Individuo 42:
{
  "Posicao": [5. 0. 4. 3. 7.]
             [1. 1. 1. 1. 1.],
  "Velocidade": [-0.26129644  0.45726877  0.19597233  0.13064822 -0.26129644]
                [0.06532411 0.06532411 0.         0.         0.        ],
  "funcao_objetivo": 0.95137679125405491954204055771321398044439789697619,
  "confiabilidade_total": 0.95137679125405491954204055771321398044439789697619
}
 
Individuo 43:
{
  "Posicao": [1. 7. 6. 5. 4.]
             [2. 2. 1. 1. 1.],
  "Velocidade": [-0.87619955  0.87619955  6.13339684  0.         -5.25719729]
                [0.87619955 0.87619955 0.         0.         0.        ],
  "funcao_objetivo": 0.96616674141824171026603438979157607429661997881903,
  "confiabilidade_total": 0.99116674141824171165381317057302174982615956393256
}
 
Individuo 44:
{
  "Posicao": [2. 6. 9. 2. 0.]
             [3. 3. 1. 1. 1.],
  "Velocidade": [ 1.83610331 -1.83610331  5.50830992 -5.50830992 -7.34441322]
                [ 1.83610331  1.83610331  0.          0.         -1.83610331],
  "funcao_objetivo": 0.32852392471440218735609615093166964757401550899323,
  "confiabilidade_total": 0.99872392471440219141951242105974258552450741420563
}
 
Individuo 45:
{
  "Posicao": [1. 7. 7. 5. 3.]
             [2. 2. 1. 1. 1.],
  "Velocidade": [-2.69400747  3.59200996  2.69400747  1.79600498  1.79600498]
                [0.89800249 0.89800249 0.         0.         0.        ],
  "funcao_objetivo": 0.99115455061397402988831563401674430639208379350076,
  "confiabilidade_total": 0.99115455061397402988831563401674430639208379350076
}
 
Individuo 46:
{
  "Posicao": [1. 7. 6. 6. 5.]
             [2. 2. 1. 1. 1.],
  "Velocidade": [-0.63477197  0.63477197  1.26954395 -1.26954395 -3.80863185]
                [ 0.63477197  0.63477197  0.          0.         -0.63477197],
  "funcao_objetivo": 0.99108383995643495686391166527577815555743528506736,
  "confiabilidade_total": 0.99108383995643495686391166527577815555743528506736
}
 
Individuo 47:
{
  "Posicao": [0. 6. 6. 8. 4.]
             [3. 3. 1. 1. 1.],
  "Velocidade": [-3.11197914 -3.11197914 -3.11197914  7.77994784  3.11197914]
                [1.55598957 1.55598957 0.         0.         0.        ],
  "funcao_objetivo": 0.25325984954556358480793365191693297065475394359170,
  "confiabilidade_total": 0.99875984954556369183343322578202346749284674754678
}
 
Individuo 48:
{
  "Posicao": [0. 8. 9. 5. 4.]
             [2. 2. 1. 1. 1.],
  "Velocidade": [-5.39157464  2.69578732  6.7394683   1.34789366  2.69578732]
                [1.34789366 1.34789366 0.         0.         0.        ],
  "funcao_objetivo": 0.92583864139334279647456543444138590282529495326458,
  "confiabilidade_total": 0.99135530806000951601190290546571561869934104052960
}
 
Individuo 49:
{
  "Posicao": [0. 9. 8. 3. 1.]
             [3. 3. 1. 1. 1.],
  "Velocidade": [-3.23519552  4.85279329  3.23519552 -4.85279329 -6.47039105]
                [ 1.61759776  1.61759776  0.          0.         -1.61759776],
  "funcao_objetivo": 0.15688288822851559018668300923185550097700747840070,
  "confiabilidade_total": 0.99859955489518203670352537956081457857367190711164
}
 
Individuo 50:
{
  "Posicao": [3. 5. 6. 4. 6.]
             [2. 2. 1. 1. 1.],
  "Velocidade": [-2.10016619  2.10016619  1.05008309  1.57512464 -3.15024928]
                [0.52504155 0.52504155 0.         0.         0.        ],
  "funcao_objetivo": 0.84398820345906942016466057663301953721227691415042,
  "confiabilidade_total": 0.99023820345906927250499830148719966086926505807132
}
 
-----------------------------------------
-----------------------------------------
-----------------------------------------
-----------------------------------------
GERACAO 2
Populacao antes da execucao:
Individuo 1:
{
  "Posicao": [1. 7. 7. 5. 3.]
             [2. 2. 1. 1. 1.],
  "Velocidade": [0. 0. 0. 0. 0.]
                [0. 0. 0. 0. 0.],
  "funcao_objetivo": 0.99115455061397402988831563401674430639208379350076,
  "confiabilidade_total": 0.99115455061397402988831563401674430639208379350076
}
 
Individuo 2:
{
  "Posicao": [0. 8. 7. 7. 3.]
             [2. 2. 1. 1. 1.],
  "Velocidade": [-5.67936603  2.83968301  1.41984151  5.67936603  1.41984151]
                [0. 0. 0. 0. 0.],
  "funcao_objetivo": 0.98450925997413972384259212402123964112277954468728,
  "confiabilidade_total": 0.99155925997413989650759941598234306057591803023816
}
 
Individuo 3:
{
  "Posicao": [3. 7. 6. 4. 4.]
             [2. 2. 1. 1. 1.],
  "Velocidade": [-5.14596263 -0.73513752  2.20541255  2.94055007 -1.47027504]
                [ 0.          0.73513752  0.         -0.73513752  0.        ],
  "funcao_objetivo": 0.82253229673299109900173575776566593606635526754989,
  "confiabilidade_total": 0.99019896339965781281587353684731368605658010580673
}
 
Individuo 4:
{
  "Posicao": [0. 7. 7. 7. 2.]
             [2. 2. 1. 1. 1.],
  "Velocidade": [-5.9672612  0.        -1.4918153  5.9672612 -4.4754459]
                [ 0.         1.4918153  0.        -1.4918153  0.       ],
  "funcao_objetivo": 0.98134005374126407595165580020680730685463509008102,
  "confiabilidade_total": 0.99204005374126400773955316723718946322670540258102
}
 
Individuo 5:
{
  "Posicao": [0. 8. 8. 6. 2.]
             [2. 2. 1. 1. 1.],
  "Velocidade": [-7.13744303  8.32701687  5.94786919  3.56872151 -4.75829535]
                [0.         1.18957384 0.         0.         0.        ],
  "funcao_objetivo": 0.93305548382311459163262865712319347317546507898427,
  "confiabilidade_total": 0.99163881715644793305208635314308360926091572824574
}
 
Individuo 6:
{
  "Posicao": [3. 7. 7. 4. 3.]
             [2. 2. 1. 1. 1.],
  "Velocidade": [-4.44691147 -0.74115191  0.74115191  3.70575956  0.        ]
                [-0.74115191  0.74115191  0.          0.          0.        ],
  "funcao_objetivo": 0.88475938164623701816974579707224788554120873468431,
  "confiabilidade_total": 0.99017604831290373220592818107892694361615990655931
}
 
Individuo 7:
{
  "Posicao": [1. 8. 9. 8. 1.]
             [2. 3. 1. 1. 1.],
  "Velocidade": [ 0.          3.21671934  4.825079    8.04179834 -6.43343867]
                [0.         1.60835967 0.         0.         0.        ],
  "funcao_objetivo": 0.74919204887891005583620792257840374545708549550086,
  "confiabilidade_total": 0.99550871554557671182993057918189887018457305958777
}
 
Individuo 8:
{
  "Posicao": [0. 8. 8. 7. 0.]
             [2. 3. 1. 1. 1.],
  "Velocidade": [-6.07176752  3.03588376  3.03588376  4.55382564 -9.10765127]
                [ 0.          1.51794188 -1.51794188  0.          0.        ],
  "funcao_objetivo": 0.72026565476811675743624299990273745754258625097967,
  "confiabilidade_total": 0.99663232143478336517967300629692933545904151983953
}
 
Individuo 9:
{
  "Posicao": [0. 8. 9. 5. 5.]
             [3. 3. 1. 1. 1.],
  "Velocidade": [-11.34317938   3.24090839   9.72272518   0.           4.86136259]
                [ 1.6204542   1.6204542   0.         -3.24090839  0.        ],
  "funcao_objetivo": 0.46054905848219380732255161740080364563853501140721,
  "confiabilidade_total": 0.99861572514886027835311837145321913578898667156346
}
 
Individuo 10:
{
  "Posicao": [1. 7. 7. 5. 3.]
             [2. 2. 1. 1. 1.],
  "Velocidade": [-0.85485256  0.          0.          0.         -1.70970511]
                [ 0.85485256  0.          0.         -0.85485256  0.        ],
  "funcao_objetivo": 0.99115455061397402988831563401674430639208379350076,
  "confiabilidade_total": 0.99115455061397402988831563401674430639208379350076
}
 
Individuo 11:
{
  "Posicao": [0. 9. 8. 7. 0.]
             [2. 3. 1. 1. 1.],
  "Velocidade": [-14.69451417  12.8576999    1.83681427   3.67362854  -5.51044281]
                [0.         1.83681427 0.         0.         0.        ],
  "funcao_objetivo": 0.49112671868397499457642026715617352329287869224188,
  "confiabilidade_total": 0.99644338535064163080817308543188222847972256431220
}
 
Individuo 12:
{
  "Posicao": [1. 6. 7. 5. 3.]
             [2. 2. 1. 1. 1.],
  "Velocidade": [ 0.          6.39680825  0.          0.         -3.655319  ]
                [ 0.91382975  0.91382975 -0.91382975  0.          0.        ],
  "funcao_objetivo": 0.93070138147658640766829475013784324664275333946217,
  "confiabilidade_total": 0.99128471480991982719194222853749600153069183891285
}
 
Individuo 13:
{
  "Posicao": [1. 9. 6. 5. 0.]
             [3. 3. 1. 1. 1.],
  "Velocidade": [ 0.         11.0307037  -1.57581481  0.         -7.87907407]
                [ 1.57581481  1.57581481  0.         -1.57581481 -1.57581481],
  "funcao_objetivo": 0.26302807235320910521525114685200744393044857418668,
  "confiabilidade_total": 0.99837807235320944192369005516948302360946087277066
}
 
Individuo 14:
{
  "Posicao": [5. 4. 5. 6. 6.]
             [2. 1. 1. 1. 2.],
  "Velocidade": [-3.19437471  2.73803546  1.36901773 -0.91267849 -2.28169622]
                [ 0.          0.45633924  0.          0.         -0.45633924],
  "funcao_objetivo": 0.90095369937012310869364171433325048601592350775553,
  "confiabilidade_total": 0.96762036603678977443512252714562003566289711767985
}
 
Individuo 15:
{
  "Posicao": [1. 5. 5. 5. 4.]
             [2. 2. 1. 1. 1.],
  "Velocidade": [-0.61218541  3.67311246  2.44874164  0.         -1.22437082]
                [ 0.61218541  0.61218541  0.         -0.61218541  0.        ],
  "funcao_objetivo": 0.99130596480784050215146643534911274025322160730086,
  "confiabilidade_total": 0.99130596480784050215146643534911274025322160730086
}
 
Individuo 16:
{
  "Posicao": [0. 7. 9. 7. 4.]
             [2. 2. 1. 1. 1.],
  "Velocidade": [-9.20088812 -1.31441259  7.88647553  6.57206294  3.94323776]
                [1.31441259 0.         0.         0.         0.        ],
  "funcao_objetivo": 0.86306032581980153684043352164766724024313104623789,
  "confiabilidade_total": 0.99167699248646817988895571112183710363107336038584
}
 
Individuo 17:
{
  "Posicao": [6. 3. 8. 4. 2.]
             [1. 1. 2. 1. 1.],
  "Velocidade": [-1.90379734  1.63182629 -0.27197105  0.27197105  0.5439421 ]
                [ 0.27197105  0.27197105 -0.27197105  0.          0.        ],
  "funcao_objetivo": 0.96705642516602527177366727954730911241880549049964,
  "confiabilidade_total": 0.96705642516602527177366727954730911241880549049964
}
 
Individuo 18:
{
  "Posicao": [2. 6. 7. 3. 7.]
             [1. 1. 2. 1. 1.],
  "Velocidade": [-0.38115817  0.38115817  0.          1.52463267 -2.286949  ]
                [ 0.38115817  0.38115817 -0.38115817  0.          0.        ],
  "funcao_objetivo": 0.96635507603012337061093104859416187673700605534563,
  "confiabilidade_total": 0.96635507603012337061093104859416187673700605534563
}
 
Individuo 19:
{
  "Posicao": [0. 9. 8. 8. 2.]
             [3. 3. 1. 1. 1.],
  "Velocidade": [-3.05328569 10.68649991  3.05328569  7.63321422 -3.05328569]
                [ 1.52664284  1.52664284  0.         -1.52664284  0.        ],
  "funcao_objetivo": 0.22011039476340194603709607363752787830032523325225,
  "confiabilidade_total": 0.99842706143006849167465008250046288491882498911163
}
 
Individuo 20:
{
  "Posicao": [6. 3. 1. 9. 8.]
             [1. 1. 1. 2. 1.],
  "Velocidade": [-0.23375664  0.18700531  0.28050797 -0.18700531 -0.23375664]
                [ 0.04675133  0.04675133  0.         -0.04675133  0.        ],
  "funcao_objetivo": 0.96930567522206419544537400672124954463202428994665,
  "confiabilidade_total": 0.96930567522206419544537400672124954463202428994665
}
 
Individuo 21:
{
  "Posicao": [0. 8. 8. 5. 3.]
             [2. 2. 1. 1. 1.],
  "Velocidade": [-4.920248  6.15031   3.690186 -2.460124 -2.460124]
                [ 1.230062  1.230062  0.       -1.230062 -1.230062],
  "funcao_objetivo": 0.98187188491673047173293621258161410507716531820627,
  "confiabilidade_total": 0.99153855158339710939965229018533763876155312128397
}
 
Individuo 22:
{
  "Posicao": [0. 8. 9. 4. 1.]
             [3. 1. 1. 1. 1.],
  "Velocidade": [-6.23529837  3.11764919  4.67647378 -1.55882459 -6.23529837]
                [ 1.55882459 -1.55882459  0.          0.          0.        ],
  "funcao_objetivo": 0.75506215377628979591009808159892052138646222404542,
  "confiabilidade_total": 0.96807882044295641400080667749957135605116463951173
}
 
Individuo 23:
{
  "Posicao": [1. 6. 6. 4. 4.]
             [1. 1. 2. 1. 1.],
  "Velocidade": [ 0.          0.44179573  0.44179573  0.88359146 -0.88359146]
                [ 0.44179573  0.44179573 -0.44179573  0.          0.        ],
  "funcao_objetivo": 0.91922907812335129351082789858705297435924026525152,
  "confiabilidade_total": 0.96639574479001793499393562333975211574986192739141
}
 
Individuo 24:
{
  "Posicao": [2. 7. 7. 6. 3.]
             [2. 2. 1. 1. 1.],
  "Velocidade": [-3.80980862  0.         -0.76196172 -2.28588517  1.52392345]
                [ 0.76196172  0.76196172  0.         -0.76196172 -0.76196172],
  "funcao_objetivo": 0.90670106998138372507657542532011227398781147218468,
  "confiabilidade_total": 0.99070106998138382743913829575954530104665127015831
}
 
Individuo 25:
{
  "Posicao": [1. 7. 7. 5. 3.]
             [2. 2. 1. 1. 1.],
  "Velocidade": [-4.13370451  2.06685226  1.03342613  3.10027839 -4.13370451]
                [ 1.03342613  1.03342613  0.         -1.03342613  0.        ],
  "funcao_objetivo": 0.99115455061397402988831563401674430639208379350076,
  "confiabilidade_total": 0.99115455061397402988831563401674430639208379350076
}
 
Individuo 26:
{
  "Posicao": [0. 9. 9. 2. 0.]
             [3. 3. 1. 1. 1.],
  "Velocidade": [-6.50714503  4.88035878 11.38750381 -6.50714503 -9.76071755]
                [ 1.62678626  1.62678626 -1.62678626  0.          0.        ],
  "funcao_objetivo": 0.069062280430892719505375282961346955283468792000821,
  "confiabilidade_total": 0.99871228043089258485752685642236173270542008594613
}
 
Individuo 27:
{
  "Posicao": [1. 7. 7. 5. 2.]
             [2. 2. 1. 1. 1.],
  "Velocidade": [ 1.14474922  0.         -1.14474922 -3.43424767 -5.72374611]
                [0.         1.14474922 0.         0.         0.        ],
  "funcao_objetivo": 0.99126107844553260789612380323201413705978199376287,
  "confiabilidade_total": 0.99126107844553260789612380323201413705978199376287
}
 
Individuo 28:
{
  "Posicao": [1. 7. 7. 5. 3.]
             [2. 2. 1. 1. 1.],
  "Velocidade": [-7.27357718  0.          7.27357718 -3.11724736 -4.15632981]
                [ 1.03908245  1.03908245 -1.03908245  0.          0.        ],
  "funcao_objetivo": 0.99115455061397402988831563401674430639208379350076,
  "confiabilidade_total": 0.99115455061397402988831563401674430639208379350076
}
 
Individuo 29:
{
  "Posicao": [1. 7. 4. 3. 4.]
             [2. 2. 1. 1. 1.],
  "Velocidade": [ 0.54204368 -0.54204368  3.25226208  2.7102184  -1.62613104]
                [0.54204368 0.54204368 0.         0.         0.        ],
  "funcao_objetivo": 0.87401646108492187055963457835441603934637913980004,
  "confiabilidade_total": 0.99193312775158858182025940079820374636225114144799
}
 
Individuo 30:
{
  "Posicao": [1. 7. 7. 6. 2.]
             [2. 2. 1. 1. 1.],
  "Velocidade": [ 1.16861614  1.16861614  1.16861614  5.84308068 -5.84308068]
                [ 1.16861614  1.16861614  0.          0.         -1.16861614],
  "funcao_objetivo": 0.97959120996513629245214934139079671161004916106856,
  "confiabilidade_total": 0.99125787663180300648833172539747576968500033294356
}
 
Individuo 31:
{
  "Posicao": [0. 7. 9. 7. 0.]
             [3. 2. 1. 1. 1.],
  "Velocidade": [-10.74130714   0.           3.58043571   3.58043571  -8.95108929]
                [1.79021786 0.         0.         0.         0.        ],
  "funcao_objetivo": 0.54378491437077599364860370205512402708757896499165,
  "confiabilidade_total": 0.99411824770410916259491452255694560836184997634419
}
 
Individuo 32:
{
  "Posicao": [2. 9. 9. 4. 1.]
             [3. 3. 1. 1. 1.],
  "Velocidade": [ 1.87624528  9.3812264   9.3812264  -1.87624528 -3.75249056]
                [ 1.87624528  1.87624528  0.          0.         -1.87624528],
  "funcao_objetivo": 0.18342823736590026953941241729358807553824959627750,
  "confiabilidade_total": 0.99829490403256689759992377432814464320716439119938
}
 
Individuo 33:
{
  "Posicao": [4. 5. 9. 5. 8.]
             [1. 1. 2. 1. 1.],
  "Velocidade": [-0.26816381  0.17877588 -0.17877588  0.         -0.53632763]
                [ 0.08938794  0.08938794 -0.08938794  0.          0.        ],
  "funcao_objetivo": 0.96105097641609972368624205183452574193156882352602,
  "confiabilidade_total": 0.96105097641609972368624205183452574193156882352602
}
 
Individuo 34:
{
  "Posicao": [4. 3. 5. 1. 1.]
             [1. 1. 1. 1. 2.],
  "Velocidade": [-1.0400839   1.56012585  0.78006292  1.30010487  0.78006292]
                [ 0.26002097  0.26002097  0.          0.         -0.26002097],
  "funcao_objetivo": 0.95349509313511708960633831561171124244075213764962,
  "confiabilidade_total": 0.95349509313511708960633831561171124244075213764962
}
 
Individuo 35:
{
  "Posicao": [2. 1. 5. 2. 4.]
             [1. 1. 1. 1. 1.],
  "Velocidade": [-0.14595899  1.02171295  0.29191799  0.58383597 -0.14595899]
                [0.14595899 0.14595899 0.         0.         0.        ],
  "funcao_objetivo": 0.95489479470905678611109324860374634576650463677910,
  "confiabilidade_total": 0.95489479470905678611109324860374634576650463677910
}
 
Individuo 36:
{
  "Posicao": [5. 4. 8. 7. 5.]
             [1. 2. 1. 1. 1.],
  "Velocidade": [-3.24724868  2.78335601 -0.92778534 -1.85557067 -1.391678  ]
                [0.46389267 0.         0.         0.         0.        ],
  "funcao_objetivo": 0.96103957620241902894328014903915020372616843290840,
  "confiabilidade_total": 0.96103957620241902894328014903915020372616843290840
}
 
Individuo 37:
{
  "Posicao": [3. 0. 2. 6. 4.]
             [1. 1. 1. 1. 1.],
  "Velocidade": [-0.0873858   0.30585031  0.21846451 -0.0436929  -0.0436929 ]
                [0.0436929 0.0436929 0.        0.        0.       ],
  "funcao_objetivo": 0.95594727698393634168077271486066934078016368620308,
  "confiabilidade_total": 0.95594727698393634168077271486066934078016368620308
}
 
Individuo 38:
{
  "Posicao": [4. 7. 3. 2. 6.]
             [1. 1. 1. 1. 1.],
  "Velocidade": [-1.29683705  0.          1.94525557  1.62104631 -1.29683705]
                [0.32420926 0.32420926 0.         0.         0.        ],
  "funcao_objetivo": 0.94693661639426490027277288291112854177914440070774,
  "confiabilidade_total": 0.94693661639426490027277288291112854177914440070774
}
 
Individuo 39:
{
  "Posicao": [0. 6. 9. 8. 0.]
             [3. 3. 1. 1. 1.],
  "Velocidade": [-13.15511602  -3.28877901  11.51072652   8.22194752  -8.22194752]
                [1.6443895 1.6443895 0.        0.        0.       ],
  "funcao_objetivo": 0.22078878165378910992707739222816153120009519862167,
  "confiabilidade_total": 0.99877211498712263649842890498540791373459913538925
}
 
Individuo 40:
{
  "Posicao": [1. 7. 8. 5. 3.]
             [2. 2. 1. 1. 1.],
  "Velocidade": [-3.2897941   4.38639214  7.67618624  0.          2.19319607]
                [1.09659803 1.09659803 0.         0.         0.        ],
  "funcao_objetivo": 0.99104337923041255997129146168662631952948375084689,
  "confiabilidade_total": 0.99104337923041255997129146168662631952948375084689
}
 
Individuo 41:
{
  "Posicao": [0. 9. 9. 3. 4.]
             [3. 3. 1. 1. 1.],
  "Velocidade": [-3.70985081  9.27462702 11.12955243 -3.70985081  1.8549254 ]
                [1.8549254 1.8549254 0.        0.        0.       ],
  "funcao_objetivo": 0.040526738976901231947292729422870815286216187458532,
  "confiabilidade_total": 0.99854340564356774845259457212169820118862097261478
}
 
Individuo 42:
{
  "Posicao": [5. 0. 4. 3. 7.]
             [1. 1. 1. 1. 1.],
  "Velocidade": [-0.26129644  0.45726877  0.19597233  0.13064822 -0.26129644]
                [0.06532411 0.06532411 0.         0.         0.        ],
  "funcao_objetivo": 0.95137679125405491954204055771321398044439789697619,
  "confiabilidade_total": 0.95137679125405491954204055771321398044439789697619
}
 
Individuo 43:
{
  "Posicao": [1. 7. 6. 5. 4.]
             [2. 2. 1. 1. 1.],
  "Velocidade": [-0.87619955  0.87619955  6.13339684  0.         -5.25719729]
                [0.87619955 0.87619955 0.         0.         0.        ],
  "funcao_objetivo": 0.96616674141824171026603438979157607429661997881903,
  "confiabilidade_total": 0.99116674141824171165381317057302174982615956393256
}
 
Individuo 44:
{
  "Posicao": [2. 6. 9. 2. 0.]
             [3. 3. 1. 1. 1.],
  "Velocidade": [ 1.83610331 -1.83610331  5.50830992 -5.50830992 -7.34441322]
                [ 1.83610331  1.83610331  0.          0.         -1.83610331],
  "funcao_objetivo": 0.32852392471440218735609615093166964757401550899323,
  "confiabilidade_total": 0.99872392471440219141951242105974258552450741420563
}
 
Individuo 45:
{
  "Posicao": [1. 7. 7. 5. 3.]
             [2. 2. 1. 1. 1.],
  "Velocidade": [-2.69400747  3.59200996  2.69400747  1.79600498  1.79600498]
                [0.89800249 0.89800249 0.         0.         0.        ],
  "funcao_objetivo": 0.99115455061397402988831563401674430639208379350076,
  "confiabilidade_total": 0.99115455061397402988831563401674430639208379350076
}
 
Individuo 46:
{
  "Posicao": [1. 7. 6. 6. 5.]
             [2. 2. 1. 1. 1.],
  "Velocidade": [-0.63477197  0.63477197  1.26954395 -1.26954395 -3.80863185]
                [ 0.63477197  0.63477197  0.          0.         -0.63477197],
  "funcao_objetivo": 0.99108383995643495686391166527577815555743528506736,
  "confiabilidade_total": 0.99108383995643495686391166527577815555743528506736
}
 
Individuo 47:
{
  "Posicao": [0. 6. 6. 8. 4.]
             [3. 3. 1. 1. 1.],
  "Velocidade": [-3.11197914 -3.11197914 -3.11197914  7.77994784  3.11197914]
                [1.55598957 1.55598957 0.         0.         0.        ],
  "funcao_objetivo": 0.25325984954556358480793365191693297065475394359170,
  "confiabilidade_total": 0.99875984954556369183343322578202346749284674754678
}
 
Individuo 48:
{
  "Posicao": [0. 8. 9. 5. 4.]
             [2. 2. 1. 1. 1.],
  "Velocidade": [-5.39157464  2.69578732  6.7394683   1.34789366  2.69578732]
                [1.34789366 1.34789366 0.         0.         0.        ],
  "funcao_objetivo": 0.92583864139334279647456543444138590282529495326458,
  "confiabilidade_total": 0.99135530806000951601190290546571561869934104052960
}
 
Individuo 49:
{
  "Posicao": [0. 9. 8. 3. 1.]
             [3. 3. 1. 1. 1.],
  "Velocidade": [-3.23519552  4.85279329  3.23519552 -4.85279329 -6.47039105]
                [ 1.61759776  1.61759776  0.          0.         -1.61759776],
  "funcao_objetivo": 0.15688288822851559018668300923185550097700747840070,
  "confiabilidade_total": 0.99859955489518203670352537956081457857367190711164
}
 
Individuo 50:
{
  "Posicao": [3. 5. 6. 4. 6.]
             [2. 2. 1. 1. 1.],
  "Velocidade": [-2.10016619  2.10016619  1.05008309  1.57512464 -3.15024928]
                [0.52504155 0.52504155 0.         0.         0.        ],
  "funcao_objetivo": 0.84398820345906942016466057663301953721227691415042,
  "confiabilidade_total": 0.99023820345906927250499830148719966086926505807132
}
 
-----------------------------------------
Populacao final da era:
Individuo 1:
{
  "Posicao": [1. 5. 5. 5. 4.]
             [2. 2. 1. 1. 1.],
  "Velocidade": [ 0.         -1.67969786 -1.67969786  0.          0.83984893]
                [0. 0. 0. 0. 0.],
  "funcao_objetivo": 0.99130596480784050215146643534911274025322160730086,
  "confiabilidade_total": 0.99130596480784050215146643534911274025322160730086
}
 
Individuo 2:
{
  "Posicao": [3. 5. 5. 8. 6.]
             [2. 2. 1. 1. 1.],
  "Velocidade": [ 3.02409674 -3.18007207 -2.43825669  1.02697732  3.10208441]
                [0. 0. 0. 0. 0.],
  "funcao_objetivo": 0.96385734559876266643170335248092444840226444783875,
  "confiabilidade_total": 0.98960734559876257481054824528988094994206103864380
}
 
Individuo 3:
{
  "Posicao": [0. 5. 7. 7. 3.]
             [2. 3. 1. 2. 1.],
  "Velocidade": [-5.7021476  -2.20114214  0.9056108   3.10675295 -1.23914444]
                [0.         0.51135829 0.         0.51135829 0.        ],
  "funcao_objetivo": 0.55670992376977161469999922586444446590748943437037,
  "confiabilidade_total": 0.99762659043643807160852910668486876186934627641138
}
 
Individuo 4:
{
  "Posicao": [2. 6. 5. 8. 1.]
             [2. 3. 1. 2. 1.],
  "Velocidade": [ 1.99206746 -0.99116912 -1.78407895  0.81249559 -0.70357307]
                [0.         0.79290983 0.         0.79290983 0.        ],
  "funcao_objetivo": 0.52207395126110917026773226454816230110012416489297,
  "confiabilidade_total": 0.99649061792777605938608563194202778398178939469033
}
 
Individuo 5:
{
  "Posicao": [4. 2. 3. 3. 6.]
             [2. 2. 1. 1. 1.],
  "Velocidade": [ 4.4765102  -6.15005765 -5.39250123 -3.34017557  4.3663384 ]
                [ 0.         -0.37877821  0.          0.          0.        ],
  "funcao_objetivo": 0.68170825579793175906072814621927905627050951133964,
  "confiabilidade_total": 0.99237492246459868315110678930557556249657228599784
}
 
Individuo 6:
{
  "Posicao": [0. 5. 6. 8. 4.]
             [1. 3. 1. 1. 1.],
  "Velocidade": [-5.8641384  -2.210887   -0.75370659  4.38924961  0.7411484 ]
                [-0.72859021  0.72859021  0.          0.          0.        ],
  "funcao_objetivo": 0.95448274579961965427140352389635370930632771727787,
  "confiabilidade_total": 0.97789941246628622261856950146686575029021324393497
}
 
Individuo 7:
{
  "Posicao": [1. 4. 2. 0. 7.]
             [2. 1. 1. 1. 1.],
  "Velocidade": [ 0.         -3.94337398 -6.60715679 -8.56696333  6.39907237]
                [ 0.         -2.66378281  0.          0.          0.        ],
  "funcao_objetivo": 0.97708070741472859858777549337806573925802882943944,
  "confiabilidade_total": 0.97708070741472859858777549337806573925802882943944
}
 
Individuo 8:
{
  "Posicao": [2. 8. 8. 7. 1.]
             [2. 3. 2. 1. 1.],
  "Velocidade": [ 2.03871294 -0.05973701 -0.05973701  0.25184224  1.2413302 ]
                [ 0.         -0.25663725  0.76511673  0.          0.        ],
  "funcao_objetivo": 0.58973651521365776409992581658423695136280059605572,
  "confiabilidade_total": 0.99801984854699106778290290559505627844901084691021
}
 
Individuo 9:
{
  "Posicao": [3. 3. 1. 5. 1.]
             [1. 1. 1. 1. 1.],
  "Velocidade": [ 2.64677591 -4.92849444 -7.6033655   0.         -4.27912071]
                [-2.7029662 -2.7029662  0.         0.0187301  0.       ],
  "funcao_objetivo": 0.95050934755387327599339855328431408248429069207991,
  "confiabilidade_total": 0.95050934755387327599339855328431408248429069207991
}
 
Individuo 10:
{
  "Posicao": [0. 4. 4. 5. 3.]
             [3. 2. 1. 2. 1.],
  "Velocidade": [-0.84630403 -3.31475495 -3.31475495  0.         -0.03523059]
                [0.84630403 0.         0.         0.84630403 0.        ],
  "funcao_objetivo": 0.23740229874759605256811751280301682063081398696395,
  "confiabilidade_total": 0.99848563208092955302702348637658137240150109023543
}
 
Individuo 11:
{
  "Posicao": [4. 7. 4. 4. 6.]
             [2. 1. 1. 1. 1.],
  "Velocidade": [ 3.83103004 -2.14116576 -4.40907149 -3.27981008  6.30429835]
                [ 0.         -1.63990504  0.          0.          0.        ],
  "funcao_objetivo": 0.88833404400159847374299092786777572755513641563724,
  "confiabilidade_total": 0.96475071066826527304430160308647709016499969688724
}
 
Individuo 12:
{
  "Posicao": [1. 1. 4. 5. 8.]
             [1. 1. 2. 1. 1.],
  "Velocidade": [ 0.         -5.42455204 -3.46794083  0.          4.7974858 ]
                [-0.76587885 -0.76587885  0.76587885  0.          0.        ],
  "funcao_objetivo": 0.97139296969162026673363580961815874487586008595814,
  "confiabilidade_total": 0.97139296969162026673363580961815874487586008595814
}
 
Individuo 13:
{
  "Posicao": [1. 2. 8. 5. 8.]
             [1. 1. 1. 1. 1.],
  "Velocidade": [ 0.         -7.06532662  1.78874755  0.          8.3395023 ]
                [-2.47488974 -2.47488974  0.          0.28588099  0.28588099],
  "funcao_objetivo": 0.94856745476215893908890052736137605720078379023436,
  "confiabilidade_total": 0.94856745476215893908890052736137605720078379023436
}
 
Individuo 14:
{
  "Posicao": [0. 2. 4. 5. 4.]
             [2. 3. 1. 1. 1.],
  "Velocidade": [-4.55304716 -1.54697566 -0.6914657  -0.73950744 -1.93079073]
                [ 0.          2.33452484  0.          0.         -2.33452484],
  "funcao_objetivo": 0.57269294412210945947248910626590392210162281208941,
  "confiabilidade_total": 0.99735961078877592970369528258820670314705967122027
}
 
Individuo 15:
{
  "Posicao": [0. 9. 7. 5. 3.]
             [3. 3. 1. 2. 1.],
  "Velocidade": [-0.60606356  3.63638133  2.42425422  0.         -1.21212711]
                [0.60606356 0.60606356 0.         0.60606356 0.        ],
  "funcao_objetivo": -0.0069923516886507385315499182803523840085348166312525,
  "confiabilidade_total": 0.99940764831134922274387098279418748601519260036093
}
 
Individuo 16:
{
  "Posicao": [4. 5. 9. 8. 6.]
             [3. 2. 1. 1. 1.],
  "Velocidade": [ 3.75390694 -1.90860495  0.65022715  1.1448373   1.52672112]
                [0.7069974 0.        0.        0.        0.       ],
  "funcao_objetivo": 0.64975874346794643083511810731647089662265693816277,
  "confiabilidade_total": 0.99325874346794668041325404305166118385505592497918
}
 
Individuo 17:
{
  "Posicao": [0. 5. 3. 6. 4.]
             [3. 3. 1. 1. 1.],
  "Velocidade": [-6.8436478   2.30035101 -4.54329679  1.69393315  2.30560599]
                [ 1.69393315  1.69393315 -1.69393315  0.          0.        ],
  "funcao_objetivo": 0.39799855136871265560005633289951956018634353589515,
  "confiabilidade_total": 0.99883188470204615250624862767258318260140930127601
}
 
Individuo 18:
{
  "Posicao": [0. 5. 4. 7. 1.]
             [3. 3. 1. 1. 1.],
  "Velocidade": [-2.08886864 -1.33417547 -3.42304411  3.89563813 -6.36185336]
                [ 2.08886864  2.08886864 -2.08886864  0.          0.        ],
  "funcao_objetivo": 0.42827192528524515798640261260624536158200209181297,
  "confiabilidade_total": 0.99883859195191168563834362254164441333766882460106
}
 
Individuo 19:
{
  "Posicao": [3. 1. 3. 0. 6.]
             [1. 1. 1. 1. 1.],
  "Velocidade": [ 2.82695247 -7.85901086 -4.60601222 -8.33884201  3.71648234]
                [-2.68493708 -2.68493708  0.          0.14201539  0.        ],
  "funcao_objetivo": 0.95815261202269133538981805025390072567052356452188,
  "confiabilidade_total": 0.95815261202269133538981805025390072567052356452188
}
 
Individuo 20:
{
  "Posicao": [0. 6. 7. 3. 2.]
             [3. 3. 1. 1. 1.],
  "Velocidade": [-7.53168418  3.1052413   6.11791498 -6.02534735 -6.07163116]
                [ 1.50633684  1.50633684  0.         -1.50633684  0.        ],
  "funcao_objetivo": 0.28222954256702788063447206122468192635352746787245,
  "confiabilidade_total": 0.99889620923369458245820117435463903976853029074843
}
 
Individuo 21:
{
  "Posicao": [4. 9. 9. 3. 1.]
             [3. 3. 1. 2. 2.],
  "Velocidade": [ 4.44633834  4.81468537  2.37916261 -2.43552276 -2.01081558]
                [1.21776138 1.21776138 0.         1.21776138 1.21776138],
  "funcao_objetivo": -0.54656461904271786980891075168711254289289766176084,
  "confiabilidade_total": 0.99908538095728209857193750698842918584207243101259
}
 
Individuo 22:
{
  "Posicao": [1. 5. 4. 6. 5.]
             [1. 3. 1. 1. 1.],
  "Velocidade": [ 1.49066795 -3.29692733 -5.26544432  1.96851699  4.36231463]
                [-1.96851699  1.96851699  0.          0.          0.        ],
  "funcao_objetivo": 0.96920262763412243986237078716343405990101288700434,
  "confiabilidade_total": 0.97578596096745570647361330515949505656663220072123
}
 
Individuo 23:
{
  "Posicao": [1. 6. 6. 5. 4.]
             [2. 2. 1. 1. 1.],
  "Velocidade": [ 0.         -0.21624125 -0.21624125  1.04636739 -0.39274837]
                [ 1.09099679  1.09099679 -1.09099679  0.          0.        ],
  "funcao_objetivo": 0.86846379782817467109303142625619584999713063361146,
  "confiabilidade_total": 0.99129713116150807651684649191636054150494694830873
}
 
Individuo 24:
{
  "Posicao": [0. 5. 5. 4. 4.]
             [2. 2. 1. 1. 1.],
  "Velocidade": [-1.6736021  -2.44940031 -2.37304027 -1.82632218  1.07198008]
                [-0.07636004 -0.07636004  0.          0.07636004  0.07636004],
  "funcao_objetivo": 0.89060595910429165535703141403931229467918900827137,
  "confiabilidade_total": 0.99252262577095847730689179161120708193113831857410
}
 
Individuo 25:
{
  "Posicao": [0. 6. 5. 8. 0.]
             [3. 3. 1. 2. 1.],
  "Velocidade": [-4.09236747 -0.50363973 -1.52673159  3.0692756  -2.81745574]
                [1.02309187 1.02309187 0.         1.02309187 0.        ],
  "funcao_objetivo": 0.072012259133491664801679741465247202459366283932657,
  "confiabilidade_total": 0.99952892580015837626214470834156308675149198583695
}
 
Individuo 26:
{
  "Posicao": [0. 7. 8. 5. 2.]
             [2. 2. 1. 1. 1.],
  "Velocidade": [ 0.0776077  -2.10078078 -0.59884788  2.7710427   2.20936628]
                [-1.04884197 -1.04884197  0.37548322  0.          0.        ],
  "funcao_objetivo": 0.98468532281732384698925896387641354671169989779396,
  "confiabilidade_total": 0.99201865615065726085076901668776794543911688998146
}
 
Individuo 27:
{
  "Posicao": [2. 5. 4. 2. 0.]
             [2. 3. 1. 1. 1.],
  "Velocidade": [ 1.13330173 -2.18601669 -3.31931842 -3.39990519 -3.48049196]
                [0.         1.13330173 0.         0.         0.        ],
  "funcao_objetivo": 0.69273280528841034963446208148354745018204845580056,
  "confiabilidade_total": 0.99606613862174374884102820924283551531752742918923
}
 
Individuo 28:
{
  "Posicao": [0. 6. 9. 2. 0.]
             [3. 3. 2. 1. 1.],
  "Velocidade": [-7.2008414  -0.78090495  6.41993645 -3.08607489 -3.72431404]
                [1.02869163 1.02869163 1.02869163 0.         0.        ],
  "funcao_objetivo": -0.13937396197927949400975015653735447493009328322559,
  "confiabilidade_total": 0.99924270468738722730949526901035148832388163132519
}
 
Individuo 29:
{
  "Posicao": [1. 5. 6. 6. 4.]
             [2. 2. 1. 1. 1.],
  "Velocidade": [-0.04993744 -1.59733699  2.28369462  2.57070859 -0.43674836]
                [-0.04993744 -0.04993744  0.          0.          0.        ],
  "funcao_objetivo": 0.91255077219879126896866360778232855681992746232399,
  "confiabilidade_total": 0.99130077219879117237926046539370953996397233842262
}
 
Individuo 30:
{
  "Posicao": [2. 6. 6. 9. 0.]
             [3. 3. 1. 1. 2.],
  "Velocidade": [ 1.15692997 -0.52383705 -0.52383705  4.94426636 -4.10388285]
                [1.15692997 1.15692997 0.         0.         1.15692997],
  "funcao_objetivo": -0.0078109665665404638048958080502719004583351519374375,
  "confiabilidade_total": 0.99862236676679293815502342077940438492775035831647
}
 
Individuo 31:
{
  "Posicao": [1. 4. 2. 3. 6.]
             [1. 2. 1. 1. 1.],
  "Velocidade": [ 0.98709514 -2.8856189  -6.91460043 -4.02898153  6.28564739]
                [-2.01449077  0.          0.          0.          0.        ],
  "funcao_objetivo": 0.88798534500420800292779531387856860478917245314401,
  "confiabilidade_total": 0.97548534500420799737668019075278590267101411268991
}
 
Individuo 32:
{
  "Posicao": [0. 6. 6. 6. 4.]
             [1. 1. 1. 1. 1.],
  "Velocidade": [-1.62178708 -2.9149016  -2.9149016   1.62178708  3.29331626]
                [-1.62178708 -1.62178708  0.          0.          0.14271892],
  "funcao_objetivo": 0.94752672459819507500921487951113446444456174749244,
  "confiabilidade_total": 0.94752672459819507500921487951113446444456174749244
}
 
Individuo 33:
{
  "Posicao": [1. 5. 5. 5. 3.]
             [2. 2. 1. 1. 1.],
  "Velocidade": [-3.39514334  0.17698812 -4.34986967  0.         -4.7038459 ]
                [ 1.13171445  1.13171445 -1.13171445  0.          0.        ],
  "funcao_objetivo": 0.99133236554160242674063272098178622017528243194881,
  "confiabilidade_total": 0.99133236554160242674063272098178622017528243194881
}
 
Individuo 34:
{
  "Posicao": [0. 6. 5. 7. 5.]
             [3. 3. 1. 1. 1.],
  "Velocidade": [-4.63131512  2.66752201 -0.18630567  6.40880256  4.37389436]
                [ 1.77748744  1.77748744  0.          0.         -1.77748744],
  "funcao_objetivo": 0.41911058261665659291218133295441256647926554728601,
  "confiabilidade_total": 0.99877724928332322856661817842503987064582095194910
}
 
Individuo 35:
{
  "Posicao": [0. 7. 5. 6. 4.]
             [3. 3. 1. 1. 1.],
  "Velocidade": [-1.90913811  6.44691017  0.28899881  4.24877326 -0.1444994 ]
                [1.90913811 1.90913811 0.         0.         0.        ],
  "funcao_objetivo": 0.35506444753738441499529308247149971141360848370507,
  "confiabilidade_total": 0.99876444753738446491092026961853776886008828106835
}
 
Individuo 36:
{
  "Posicao": [0. 8. 4. 3. 2.]
             [3. 2. 1. 1. 1.],
  "Velocidade": [-7.79931812  3.90165793 -4.35691393 -4.12928593 -2.52389671]
                [1.60538922 0.         0.         0.         0.        ],
  "funcao_objetivo": 0.56726755069441205542048615222205383728076043675019,
  "confiabilidade_total": 0.99433421736107858051891420551959284606207433292939
}
 
Individuo 37:
{
  "Posicao": [2. 3. 4. 5. 4.]
             [2. 2. 1. 1. 1.],
  "Velocidade": [-1.3233729   3.3949442   2.07157129 -0.66168645 -0.04325597]
                [0.66168645 0.66168645 0.         0.         0.        ],
  "funcao_objetivo": 0.72557452150860796042251821314774719856723544329718,
  "confiabilidade_total": 0.99215785484194113269949810752503840111240145892218
}
 
Individuo 38:
{
  "Posicao": [2. 6. 5. 4. 4.]
             [2. 2. 1. 1. 1.],
  "Velocidade": [-1.99986454 -0.72440611  1.90898252  1.9502184  -1.63766148]
                [0.68317022 0.68317022 0.         0.         0.        ],
  "funcao_objetivo": 0.76015063904040604497405584987935568518243585189025,
  "confiabilidade_total": 0.99123397237373951878760923244916326678596292098205
}
 
Individuo 39:
{
  "Posicao": [5. 5. 9. 8. 0.]
             [3. 3. 1. 1. 1.],
  "Velocidade": [ 5.28515495 -1.30086904  2.25220181  0.27243244  0.1959034 ]
                [-0.45596225 -0.45596225  0.          0.          0.        ],
  "funcao_objetivo": 0.72660306210633792126228652445061024029312018939576,
  "confiabilidade_total": 0.99803639543967112837806493156531368133184794971070
}
 
Individuo 40:
{
  "Posicao": [0. 9. 9. 5. 6.]
             [3. 3. 1. 1. 1.],
  "Velocidade": [-3.25689616  3.13823477  5.79298421  0.          2.77341083]
                [1.08563205 1.08563205 0.         0.         0.        ],
  "funcao_objetivo": 0.16671760691076737363242001295965666240882470709319,
  "confiabilidade_total": 0.99841760691076736848098517869893031484317376715178
}
 
Individuo 41:
{
  "Posicao": [0. 8. 9. 5. 5.]
             [2. 2. 1. 1. 1.],
  "Velocidade": [ 0.39829891 -1.20137317  0.09209105  1.79033062  0.7505523 ]
                [-0.89516531 -0.89516531  0.          0.          0.        ],
  "funcao_objetivo": 0.99127428734964712998825613751625410068470741633429,
  "confiabilidade_total": 0.99127428734964712998825613751625410068470741633429
}
 
Individuo 42:
{
  "Posicao": [0. 9. 6. 7. 1.]
             [3. 3. 1. 1. 1.],
  "Velocidade": [-7.75020479  9.81709773  2.06689294  3.8751024  -5.87732446]
                [1.9375512 1.9375512 0.        0.        0.       ],
  "funcao_objetivo": 0.15930673641255520516445135561569227380770287751187,
  "confiabilidade_total": 0.99849006974588854184325673648616398228424630402555
}
 
Individuo 43:
{
  "Posicao": [0. 7. 9. 5. 0.]
             [3. 3. 1. 1. 1.],
  "Velocidade": [-0.86743755  0.31208261  5.7943854   0.         -5.20462532]
                [0.86743755 0.86743755 0.         0.         0.        ],
  "funcao_objetivo": 0.32259444575227097049645159120270534150094894252598,
  "confiabilidade_total": 0.99877777908560449546908194849972630582542327724277
}
 
Individuo 44:
{
  "Posicao": [1. 4. 4. 6. 5.]
             [2. 2. 1. 1. 2.],
  "Velocidade": [-1.36248257 -2.23401568 -5.19470898  4.08744772  4.75894243]
                [-1.36248257 -1.36248257  0.          0.          1.12675441],
  "funcao_objetivo": 0.63918308666941612791633880500416197414123417290966,
  "confiabilidade_total": 0.99303308666941634089042161884794112360649706277172
}
 
Individuo 45:
{
  "Posicao": [0. 8. 7. 7. 6.]
             [3. 3. 1. 1. 1.],
  "Velocidade": [-2.66706739  0.87912222 -0.00990025  1.77804493  3.11652875]
                [0.88902246 0.88902246 0.         0.         0.        ],
  "funcao_objetivo": 0.42041946447539417422972624538667023283442768661954,
  "confiabilidade_total": 0.99863613114206116386767226234220888567170414535977
}
 
Individuo 46:
{
  "Posicao": [0. 7. 7. 5. 1.]
             [3. 3. 1. 1. 2.],
  "Velocidade": [-0.62842425  0.14380283  1.0145378  -1.49915922 -4.01285624]
                [0.62842425 0.62842425 0.         0.         0.62842425],
  "funcao_objetivo": 0.12105662286440371053851198941663009918658605580794,
  "confiabilidade_total": 0.99888995619773728693667284735090201593367925649153
}
 
Individuo 47:
{
  "Posicao": [1. 5. 5. 3. 4.]
             [1. 1. 1. 1. 1.],
  "Velocidade": [ 1.3603132  -0.89840625 -0.89840625 -4.51743166 -0.23095347]
                [-1.79680526 -1.79680526  0.          0.          0.        ],
  "funcao_objetivo": 0.94715549840759015862315642144513445343958634793786,
  "confiabilidade_total": 0.94715549840759015862315642144513445343958634793786
}
 
Individuo 48:
{
  "Posicao": [2. 7. 9. 6. 5.]
             [3. 3. 1. 1. 1.],
  "Velocidade": [ 1.87042543 -0.85865863  0.25020311  0.7615637   0.95027637]
                [0.7615637 0.7615637 0.        0.        0.       ],
  "funcao_objetivo": 0.49885198040400863585559436636753916787990901159586,
  "confiabilidade_total": 0.99845198040400881868712206163831824484357211279215
}
 
Individuo 49:
{
  "Posicao": [1. 5. 5. 6. 4.]
             [1. 1. 1. 1. 1.],
  "Velocidade": [ 1.28213019 -4.40162443 -2.76578749  2.91796713  3.30608903]
                [-1.63583694 -1.63583694  0.          0.          0.35370675],
  "funcao_objetivo": 0.94418861934781262094979746636756659238974744190083,
  "confiabilidade_total": 0.94418861934781262094979746636756659238974744190083
}
 
Individuo 50:
{
  "Posicao": [0. 5. 4. 5. 3.]
             [1. 1. 1. 1. 1.],
  "Velocidade": [-2.8463343  -0.47194898 -1.89511613  0.66740153 -2.6103598 ]
                [-0.75576562 -0.75576562  0.          0.          0.        ],
  "funcao_objetivo": 0.94925984699766918344747034840269872089970698721507,
  "confiabilidade_total": 0.94925984699766918344747034840269872089970698721507
}
 
-----------------------------------------
-----------------------------------------
-----------------------------------------
-----------------------------------------
GERACAO 3
Populacao antes da execucao:
Individuo 1:
{
  "Posicao": [1. 5. 5. 5. 4.]
             [2. 2. 1. 1. 1.],
  "Velocidade": [ 0.         -1.67969786 -1.67969786  0.          0.83984893]
                [0. 0. 0. 0. 0.],
  "funcao_objetivo": 0.99130596480784050215146643534911274025322160730086,
  "confiabilidade_total": 0.99130596480784050215146643534911274025322160730086
}
 
Individuo 2:
{
  "Posicao": [3. 5. 5. 8. 6.]
             [2. 2. 1. 1. 1.],
  "Velocidade": [ 3.02409674 -3.18007207 -2.43825669  1.02697732  3.10208441]
                [0. 0. 0. 0. 0.],
  "funcao_objetivo": 0.96385734559876266643170335248092444840226444783875,
  "confiabilidade_total": 0.98960734559876257481054824528988094994206103864380
}
 
Individuo 3:
{
  "Posicao": [0. 5. 7. 7. 3.]
             [2. 3. 1. 2. 1.],
  "Velocidade": [-5.7021476  -2.20114214  0.9056108   3.10675295 -1.23914444]
                [0.         0.51135829 0.         0.51135829 0.        ],
  "funcao_objetivo": 0.55670992376977161469999922586444446590748943437037,
  "confiabilidade_total": 0.99762659043643807160852910668486876186934627641138
}
 
Individuo 4:
{
  "Posicao": [2. 6. 5. 8. 1.]
             [2. 3. 1. 2. 1.],
  "Velocidade": [ 1.99206746 -0.99116912 -1.78407895  0.81249559 -0.70357307]
                [0.         0.79290983 0.         0.79290983 0.        ],
  "funcao_objetivo": 0.52207395126110917026773226454816230110012416489297,
  "confiabilidade_total": 0.99649061792777605938608563194202778398178939469033
}
 
Individuo 5:
{
  "Posicao": [4. 2. 3. 3. 6.]
             [2. 2. 1. 1. 1.],
  "Velocidade": [ 4.4765102  -6.15005765 -5.39250123 -3.34017557  4.3663384 ]
                [ 0.         -0.37877821  0.          0.          0.        ],
  "funcao_objetivo": 0.68170825579793175906072814621927905627050951133964,
  "confiabilidade_total": 0.99237492246459868315110678930557556249657228599784
}
 
Individuo 6:
{
  "Posicao": [0. 5. 6. 8. 4.]
             [1. 3. 1. 1. 1.],
  "Velocidade": [-5.8641384  -2.210887   -0.75370659  4.38924961  0.7411484 ]
                [-0.72859021  0.72859021  0.          0.          0.        ],
  "funcao_objetivo": 0.95448274579961965427140352389635370930632771727787,
  "confiabilidade_total": 0.97789941246628622261856950146686575029021324393497
}
 
Individuo 7:
{
  "Posicao": [1. 4. 2. 0. 7.]
             [2. 1. 1. 1. 1.],
  "Velocidade": [ 0.         -3.94337398 -6.60715679 -8.56696333  6.39907237]
                [ 0.         -2.66378281  0.          0.          0.        ],
  "funcao_objetivo": 0.97708070741472859858777549337806573925802882943944,
  "confiabilidade_total": 0.97708070741472859858777549337806573925802882943944
}
 
Individuo 8:
{
  "Posicao": [2. 8. 8. 7. 1.]
             [2. 3. 2. 1. 1.],
  "Velocidade": [ 2.03871294 -0.05973701 -0.05973701  0.25184224  1.2413302 ]
                [ 0.         -0.25663725  0.76511673  0.          0.        ],
  "funcao_objetivo": 0.58973651521365776409992581658423695136280059605572,
  "confiabilidade_total": 0.99801984854699106778290290559505627844901084691021
}
 
Individuo 9:
{
  "Posicao": [3. 3. 1. 5. 1.]
             [1. 1. 1. 1. 1.],
  "Velocidade": [ 2.64677591 -4.92849444 -7.6033655   0.         -4.27912071]
                [-2.7029662 -2.7029662  0.         0.0187301  0.       ],
  "funcao_objetivo": 0.95050934755387327599339855328431408248429069207991,
  "confiabilidade_total": 0.95050934755387327599339855328431408248429069207991
}
 
Individuo 10:
{
  "Posicao": [0. 4. 4. 5. 3.]
             [3. 2. 1. 2. 1.],
  "Velocidade": [-0.84630403 -3.31475495 -3.31475495  0.         -0.03523059]
                [0.84630403 0.         0.         0.84630403 0.        ],
  "funcao_objetivo": 0.23740229874759605256811751280301682063081398696395,
  "confiabilidade_total": 0.99848563208092955302702348637658137240150109023543
}
 
Individuo 11:
{
  "Posicao": [4. 7. 4. 4. 6.]
             [2. 1. 1. 1. 1.],
  "Velocidade": [ 3.83103004 -2.14116576 -4.40907149 -3.27981008  6.30429835]
                [ 0.         -1.63990504  0.          0.          0.        ],
  "funcao_objetivo": 0.88833404400159847374299092786777572755513641563724,
  "confiabilidade_total": 0.96475071066826527304430160308647709016499969688724
}
 
Individuo 12:
{
  "Posicao": [1. 1. 4. 5. 8.]
             [1. 1. 2. 1. 1.],
  "Velocidade": [ 0.         -5.42455204 -3.46794083  0.          4.7974858 ]
                [-0.76587885 -0.76587885  0.76587885  0.          0.        ],
  "funcao_objetivo": 0.97139296969162026673363580961815874487586008595814,
  "confiabilidade_total": 0.97139296969162026673363580961815874487586008595814
}
 
Individuo 13:
{
  "Posicao": [1. 2. 8. 5. 8.]
             [1. 1. 1. 1. 1.],
  "Velocidade": [ 0.         -7.06532662  1.78874755  0.          8.3395023 ]
                [-2.47488974 -2.47488974  0.          0.28588099  0.28588099],
  "funcao_objetivo": 0.94856745476215893908890052736137605720078379023436,
  "confiabilidade_total": 0.94856745476215893908890052736137605720078379023436
}
 
Individuo 14:
{
  "Posicao": [0. 2. 4. 5. 4.]
             [2. 3. 1. 1. 1.],
  "Velocidade": [-4.55304716 -1.54697566 -0.6914657  -0.73950744 -1.93079073]
                [ 0.          2.33452484  0.          0.         -2.33452484],
  "funcao_objetivo": 0.57269294412210945947248910626590392210162281208941,
  "confiabilidade_total": 0.99735961078877592970369528258820670314705967122027
}
 
Individuo 15:
{
  "Posicao": [0. 9. 7. 5. 3.]
             [3. 3. 1. 2. 1.],
  "Velocidade": [-0.60606356  3.63638133  2.42425422  0.         -1.21212711]
                [0.60606356 0.60606356 0.         0.60606356 0.        ],
  "funcao_objetivo": -0.0069923516886507385315499182803523840085348166312525,
  "confiabilidade_total": 0.99940764831134922274387098279418748601519260036093
}
 
Individuo 16:
{
  "Posicao": [4. 5. 9. 8. 6.]
             [3. 2. 1. 1. 1.],
  "Velocidade": [ 3.75390694 -1.90860495  0.65022715  1.1448373   1.52672112]
                [0.7069974 0.        0.        0.        0.       ],
  "funcao_objetivo": 0.64975874346794643083511810731647089662265693816277,
  "confiabilidade_total": 0.99325874346794668041325404305166118385505592497918
}
 
Individuo 17:
{
  "Posicao": [0. 5. 3. 6. 4.]
             [3. 3. 1. 1. 1.],
  "Velocidade": [-6.8436478   2.30035101 -4.54329679  1.69393315  2.30560599]
                [ 1.69393315  1.69393315 -1.69393315  0.          0.        ],
  "funcao_objetivo": 0.39799855136871265560005633289951956018634353589515,
  "confiabilidade_total": 0.99883188470204615250624862767258318260140930127601
}
 
Individuo 18:
{
  "Posicao": [0. 5. 4. 7. 1.]
             [3. 3. 1. 1. 1.],
  "Velocidade": [-2.08886864 -1.33417547 -3.42304411  3.89563813 -6.36185336]
                [ 2.08886864  2.08886864 -2.08886864  0.          0.        ],
  "funcao_objetivo": 0.42827192528524515798640261260624536158200209181297,
  "confiabilidade_total": 0.99883859195191168563834362254164441333766882460106
}
 
Individuo 19:
{
  "Posicao": [3. 1. 3. 0. 6.]
             [1. 1. 1. 1. 1.],
  "Velocidade": [ 2.82695247 -7.85901086 -4.60601222 -8.33884201  3.71648234]
                [-2.68493708 -2.68493708  0.          0.14201539  0.        ],
  "funcao_objetivo": 0.95815261202269133538981805025390072567052356452188,
  "confiabilidade_total": 0.95815261202269133538981805025390072567052356452188
}
 
Individuo 20:
{
  "Posicao": [0. 6. 7. 3. 2.]
             [3. 3. 1. 1. 1.],
  "Velocidade": [-7.53168418  3.1052413   6.11791498 -6.02534735 -6.07163116]
                [ 1.50633684  1.50633684  0.         -1.50633684  0.        ],
  "funcao_objetivo": 0.28222954256702788063447206122468192635352746787245,
  "confiabilidade_total": 0.99889620923369458245820117435463903976853029074843
}
 
Individuo 21:
{
  "Posicao": [4. 9. 9. 3. 1.]
             [3. 3. 1. 2. 2.],
  "Velocidade": [ 4.44633834  4.81468537  2.37916261 -2.43552276 -2.01081558]
                [1.21776138 1.21776138 0.         1.21776138 1.21776138],
  "funcao_objetivo": -0.54656461904271786980891075168711254289289766176084,
  "confiabilidade_total": 0.99908538095728209857193750698842918584207243101259
}
 
Individuo 22:
{
  "Posicao": [1. 5. 4. 6. 5.]
             [1. 3. 1. 1. 1.],
  "Velocidade": [ 1.49066795 -3.29692733 -5.26544432  1.96851699  4.36231463]
                [-1.96851699  1.96851699  0.          0.          0.        ],
  "funcao_objetivo": 0.96920262763412243986237078716343405990101288700434,
  "confiabilidade_total": 0.97578596096745570647361330515949505656663220072123
}
 
Individuo 23:
{
  "Posicao": [1. 6. 6. 5. 4.]
             [2. 2. 1. 1. 1.],
  "Velocidade": [ 0.         -0.21624125 -0.21624125  1.04636739 -0.39274837]
                [ 1.09099679  1.09099679 -1.09099679  0.          0.        ],
  "funcao_objetivo": 0.86846379782817467109303142625619584999713063361146,
  "confiabilidade_total": 0.99129713116150807651684649191636054150494694830873
}
 
Individuo 24:
{
  "Posicao": [0. 5. 5. 4. 4.]
             [2. 2. 1. 1. 1.],
  "Velocidade": [-1.6736021  -2.44940031 -2.37304027 -1.82632218  1.07198008]
                [-0.07636004 -0.07636004  0.          0.07636004  0.07636004],
  "funcao_objetivo": 0.89060595910429165535703141403931229467918900827137,
  "confiabilidade_total": 0.99252262577095847730689179161120708193113831857410
}
 
Individuo 25:
{
  "Posicao": [0. 6. 5. 8. 0.]
             [3. 3. 1. 2. 1.],
  "Velocidade": [-4.09236747 -0.50363973 -1.52673159  3.0692756  -2.81745574]
                [1.02309187 1.02309187 0.         1.02309187 0.        ],
  "funcao_objetivo": 0.072012259133491664801679741465247202459366283932657,
  "confiabilidade_total": 0.99952892580015837626214470834156308675149198583695
}
 
Individuo 26:
{
  "Posicao": [0. 7. 8. 5. 2.]
             [2. 2. 1. 1. 1.],
  "Velocidade": [ 0.0776077  -2.10078078 -0.59884788  2.7710427   2.20936628]
                [-1.04884197 -1.04884197  0.37548322  0.          0.        ],
  "funcao_objetivo": 0.98468532281732384698925896387641354671169989779396,
  "confiabilidade_total": 0.99201865615065726085076901668776794543911688998146
}
 
Individuo 27:
{
  "Posicao": [2. 5. 4. 2. 0.]
             [2. 3. 1. 1. 1.],
  "Velocidade": [ 1.13330173 -2.18601669 -3.31931842 -3.39990519 -3.48049196]
                [0.         1.13330173 0.         0.         0.        ],
  "funcao_objetivo": 0.69273280528841034963446208148354745018204845580056,
  "confiabilidade_total": 0.99606613862174374884102820924283551531752742918923
}
 
Individuo 28:
{
  "Posicao": [0. 6. 9. 2. 0.]
             [3. 3. 2. 1. 1.],
  "Velocidade": [-7.2008414  -0.78090495  6.41993645 -3.08607489 -3.72431404]
                [1.02869163 1.02869163 1.02869163 0.         0.        ],
  "funcao_objetivo": -0.13937396197927949400975015653735447493009328322559,
  "confiabilidade_total": 0.99924270468738722730949526901035148832388163132519
}
 
Individuo 29:
{
  "Posicao": [1. 5. 6. 6. 4.]
             [2. 2. 1. 1. 1.],
  "Velocidade": [-0.04993744 -1.59733699  2.28369462  2.57070859 -0.43674836]
                [-0.04993744 -0.04993744  0.          0.          0.        ],
  "funcao_objetivo": 0.91255077219879126896866360778232855681992746232399,
  "confiabilidade_total": 0.99130077219879117237926046539370953996397233842262
}
 
Individuo 30:
{
  "Posicao": [2. 6. 6. 9. 0.]
             [3. 3. 1. 1. 2.],
  "Velocidade": [ 1.15692997 -0.52383705 -0.52383705  4.94426636 -4.10388285]
                [1.15692997 1.15692997 0.         0.         1.15692997],
  "funcao_objetivo": -0.0078109665665404638048958080502719004583351519374375,
  "confiabilidade_total": 0.99862236676679293815502342077940438492775035831647
}
 
Individuo 31:
{
  "Posicao": [1. 4. 2. 3. 6.]
             [1. 2. 1. 1. 1.],
  "Velocidade": [ 0.98709514 -2.8856189  -6.91460043 -4.02898153  6.28564739]
                [-2.01449077  0.          0.          0.          0.        ],
  "funcao_objetivo": 0.88798534500420800292779531387856860478917245314401,
  "confiabilidade_total": 0.97548534500420799737668019075278590267101411268991
}
 
Individuo 32:
{
  "Posicao": [0. 6. 6. 6. 4.]
             [1. 1. 1. 1. 1.],
  "Velocidade": [-1.62178708 -2.9149016  -2.9149016   1.62178708  3.29331626]
                [-1.62178708 -1.62178708  0.          0.          0.14271892],
  "funcao_objetivo": 0.94752672459819507500921487951113446444456174749244,
  "confiabilidade_total": 0.94752672459819507500921487951113446444456174749244
}
 
Individuo 33:
{
  "Posicao": [1. 5. 5. 5. 3.]
             [2. 2. 1. 1. 1.],
  "Velocidade": [-3.39514334  0.17698812 -4.34986967  0.         -4.7038459 ]
                [ 1.13171445  1.13171445 -1.13171445  0.          0.        ],
  "funcao_objetivo": 0.99133236554160242674063272098178622017528243194881,
  "confiabilidade_total": 0.99133236554160242674063272098178622017528243194881
}
 
Individuo 34:
{
  "Posicao": [0. 6. 5. 7. 5.]
             [3. 3. 1. 1. 1.],
  "Velocidade": [-4.63131512  2.66752201 -0.18630567  6.40880256  4.37389436]
                [ 1.77748744  1.77748744  0.          0.         -1.77748744],
  "funcao_objetivo": 0.41911058261665659291218133295441256647926554728601,
  "confiabilidade_total": 0.99877724928332322856661817842503987064582095194910
}
 
Individuo 35:
{
  "Posicao": [0. 7. 5. 6. 4.]
             [3. 3. 1. 1. 1.],
  "Velocidade": [-1.90913811  6.44691017  0.28899881  4.24877326 -0.1444994 ]
                [1.90913811 1.90913811 0.         0.         0.        ],
  "funcao_objetivo": 0.35506444753738441499529308247149971141360848370507,
  "confiabilidade_total": 0.99876444753738446491092026961853776886008828106835
}
 
Individuo 36:
{
  "Posicao": [0. 8. 4. 3. 2.]
             [3. 2. 1. 1. 1.],
  "Velocidade": [-7.79931812  3.90165793 -4.35691393 -4.12928593 -2.52389671]
                [1.60538922 0.         0.         0.         0.        ],
  "funcao_objetivo": 0.56726755069441205542048615222205383728076043675019,
  "confiabilidade_total": 0.99433421736107858051891420551959284606207433292939
}
 
Individuo 37:
{
  "Posicao": [2. 3. 4. 5. 4.]
             [2. 2. 1. 1. 1.],
  "Velocidade": [-1.3233729   3.3949442   2.07157129 -0.66168645 -0.04325597]
                [0.66168645 0.66168645 0.         0.         0.        ],
  "funcao_objetivo": 0.72557452150860796042251821314774719856723544329718,
  "confiabilidade_total": 0.99215785484194113269949810752503840111240145892218
}
 
Individuo 38:
{
  "Posicao": [2. 6. 5. 4. 4.]
             [2. 2. 1. 1. 1.],
  "Velocidade": [-1.99986454 -0.72440611  1.90898252  1.9502184  -1.63766148]
                [0.68317022 0.68317022 0.         0.         0.        ],
  "funcao_objetivo": 0.76015063904040604497405584987935568518243585189025,
  "confiabilidade_total": 0.99123397237373951878760923244916326678596292098205
}
 
Individuo 39:
{
  "Posicao": [5. 5. 9. 8. 0.]
             [3. 3. 1. 1. 1.],
  "Velocidade": [ 5.28515495 -1.30086904  2.25220181  0.27243244  0.1959034 ]
                [-0.45596225 -0.45596225  0.          0.          0.        ],
  "funcao_objetivo": 0.72660306210633792126228652445061024029312018939576,
  "confiabilidade_total": 0.99803639543967112837806493156531368133184794971070
}
 
Individuo 40:
{
  "Posicao": [0. 9. 9. 5. 6.]
             [3. 3. 1. 1. 1.],
  "Velocidade": [-3.25689616  3.13823477  5.79298421  0.          2.77341083]
                [1.08563205 1.08563205 0.         0.         0.        ],
  "funcao_objetivo": 0.16671760691076737363242001295965666240882470709319,
  "confiabilidade_total": 0.99841760691076736848098517869893031484317376715178
}
 
Individuo 41:
{
  "Posicao": [0. 8. 9. 5. 5.]
             [2. 2. 1. 1. 1.],
  "Velocidade": [ 0.39829891 -1.20137317  0.09209105  1.79033062  0.7505523 ]
                [-0.89516531 -0.89516531  0.          0.          0.        ],
  "funcao_objetivo": 0.99127428734964712998825613751625410068470741633429,
  "confiabilidade_total": 0.99127428734964712998825613751625410068470741633429
}
 
Individuo 42:
{
  "Posicao": [0. 9. 6. 7. 1.]
             [3. 3. 1. 1. 1.],
  "Velocidade": [-7.75020479  9.81709773  2.06689294  3.8751024  -5.87732446]
                [1.9375512 1.9375512 0.        0.        0.       ],
  "funcao_objetivo": 0.15930673641255520516445135561569227380770287751187,
  "confiabilidade_total": 0.99849006974588854184325673648616398228424630402555
}
 
Individuo 43:
{
  "Posicao": [0. 7. 9. 5. 0.]
             [3. 3. 1. 1. 1.],
  "Velocidade": [-0.86743755  0.31208261  5.7943854   0.         -5.20462532]
                [0.86743755 0.86743755 0.         0.         0.        ],
  "funcao_objetivo": 0.32259444575227097049645159120270534150094894252598,
  "confiabilidade_total": 0.99877777908560449546908194849972630582542327724277
}
 
Individuo 44:
{
  "Posicao": [1. 4. 4. 6. 5.]
             [2. 2. 1. 1. 2.],
  "Velocidade": [-1.36248257 -2.23401568 -5.19470898  4.08744772  4.75894243]
                [-1.36248257 -1.36248257  0.          0.          1.12675441],
  "funcao_objetivo": 0.63918308666941612791633880500416197414123417290966,
  "confiabilidade_total": 0.99303308666941634089042161884794112360649706277172
}
 
Individuo 45:
{
  "Posicao": [0. 8. 7. 7. 6.]
             [3. 3. 1. 1. 1.],
  "Velocidade": [-2.66706739  0.87912222 -0.00990025  1.77804493  3.11652875]
                [0.88902246 0.88902246 0.         0.         0.        ],
  "funcao_objetivo": 0.42041946447539417422972624538667023283442768661954,
  "confiabilidade_total": 0.99863613114206116386767226234220888567170414535977
}
 
Individuo 46:
{
  "Posicao": [0. 7. 7. 5. 1.]
             [3. 3. 1. 1. 2.],
  "Velocidade": [-0.62842425  0.14380283  1.0145378  -1.49915922 -4.01285624]
                [0.62842425 0.62842425 0.         0.         0.62842425],
  "funcao_objetivo": 0.12105662286440371053851198941663009918658605580794,
  "confiabilidade_total": 0.99888995619773728693667284735090201593367925649153
}
 
Individuo 47:
{
  "Posicao": [1. 5. 5. 3. 4.]
             [1. 1. 1. 1. 1.],
  "Velocidade": [ 1.3603132  -0.89840625 -0.89840625 -4.51743166 -0.23095347]
                [-1.79680526 -1.79680526  0.          0.          0.        ],
  "funcao_objetivo": 0.94715549840759015862315642144513445343958634793786,
  "confiabilidade_total": 0.94715549840759015862315642144513445343958634793786
}
 
Individuo 48:
{
  "Posicao": [2. 7. 9. 6. 5.]
             [3. 3. 1. 1. 1.],
  "Velocidade": [ 1.87042543 -0.85865863  0.25020311  0.7615637   0.95027637]
                [0.7615637 0.7615637 0.        0.        0.       ],
  "funcao_objetivo": 0.49885198040400863585559436636753916787990901159586,
  "confiabilidade_total": 0.99845198040400881868712206163831824484357211279215
}
 
Individuo 49:
{
  "Posicao": [1. 5. 5. 6. 4.]
             [1. 1. 1. 1. 1.],
  "Velocidade": [ 1.28213019 -4.40162443 -2.76578749  2.91796713  3.30608903]
                [-1.63583694 -1.63583694  0.          0.          0.35370675],
  "funcao_objetivo": 0.94418861934781262094979746636756659238974744190083,
  "confiabilidade_total": 0.94418861934781262094979746636756659238974744190083
}
 
Individuo 50:
{
  "Posicao": [0. 5. 4. 5. 3.]
             [1. 1. 1. 1. 1.],
  "Velocidade": [-2.8463343  -0.47194898 -1.89511613  0.66740153 -2.6103598 ]
                [-0.75576562 -0.75576562  0.          0.          0.        ],
  "funcao_objetivo": 0.94925984699766918344747034840269872089970698721507,
  "confiabilidade_total": 0.94925984699766918344747034840269872089970698721507
}
 
-----------------------------------------
Populacao final da era:
Individuo 1:
{
  "Posicao": [1. 3. 3. 5. 4.]
             [2. 2. 1. 1. 1.],
  "Velocidade": [ 0.         -1.64627187 -1.64627187  0.         -0.43080851]
                [0. 0. 0. 0. 0.],
  "funcao_objetivo": 0.81657365986584822205158887866731361311392223235753,
  "confiabilidade_total": 0.99265699319918150823745109958566586312369739410069
}
 
Individuo 2:
{
  "Posicao": [4. 2. 3. 0. 1.]
             [2. 2. 1. 1. 1.],
  "Velocidade": [ 1.30301211 -3.11678864 -1.5513761  -9.86841005 -5.31951974]
                [0. 0. 0. 0. 0.],
  "funcao_objetivo": 0.71453527883598853371919334174558880569599593821663,
  "confiabilidade_total": 0.99353527883598867049866997556487458588741744700569
}
 
Individuo 3:
{
  "Posicao": [9. 8. 1. 0. 6.]
             [2. 1. 1. 2. 1.],
  "Velocidade": [ 9.99359689  3.4670703  -5.90451227 -9.37158256  2.53512101]
                [ 0.         -3.83227006  0.         -0.08266359  0.        ],
  "funcao_objetivo": 0.82307823326298696241024546806176211506622871173022,
  "confiabilidade_total": 0.98961156659632042607636040555763891719776233447192
}
 
Individuo 4:
{
  "Posicao": [8. 6. 7. 0. 8.]
             [2. 1. 1. 2. 1.],
  "Velocidade": [  5.83545222   0.09921369   2.46997675 -10.05353922   7.01240019]
                [ 0.         -2.37076306  0.          0.44160529  0.        ],
  "funcao_objetivo": 0.98747888797530898381227147904544476822231572334153,
  "confiabilidade_total": 0.98747888797530898381227147904544476822231572334153
}
 
Individuo 5:
{
  "Posicao": [9. 0. 0. 0. 9.]
             [2. 1. 1. 1. 1.],
  "Velocidade": [ 7.82011328 -8.24180479 -6.35509519 -4.34361081  5.2750292 ]
                [ 0.         -1.58979287  0.          0.          0.        ],
  "funcao_objetivo": 0.96473696610560395255634757898913182536659950188288,
  "confiabilidade_total": 0.98173696610560383928584349160753578864557856491694
}
 
Individuo 6:
{
  "Posicao": [8. 8. 4. 0. 2.]
             [3. 1. 1. 1. 1.],
  "Velocidade": [  7.60838861   3.01957088  -1.99279563 -13.29092314  -2.25650867]
                [ 3.99763736 -3.99763736  0.          0.          0.        ],
  "funcao_objetivo": 0.93397038299127516714826458490033254179350252144882,
  "confiabilidade_total": 0.97622038299127510752928816252942632104448194497177
}
 
Individuo 7:
{
  "Posicao": [1. 1. 0. 6. 9.]
             [2. 3. 1. 1. 1.],
  "Velocidade": [ 0.         -3.34659481 -4.9207563   5.80495065  4.19850674]
                [0.         2.09246751 0.         0.         0.        ],
  "funcao_objetivo": 0.55381793079841102537408194810216130540232784893429,
  "confiabilidade_total": 0.99735126413174436036534833154239507243495113994992
}
 
Individuo 8:
{
  "Posicao": [6. 5. 5. 3. 8.]
             [2. 1. 2. 1. 1.],
  "Velocidade": [ 3.67248353 -3.18189731 -3.18189731 -3.87199514  7.37204645]
                [ 0.         -1.97151086  0.38763888  0.          0.        ],
  "funcao_objetivo": 0.96370044728604355854666956874166481233083745917721,
  "confiabilidade_total": 0.97170044728604350667149874313122546103664776763363
}
 
Individuo 9:
{
  "Posicao": [7. 2. 0. 5. 0.]
             [3. 3. 1. 3. 1.],
  "Velocidade": [ 4.4898729  -1.29277641 -3.48158159  0.         -2.984929  ]
                [1.65655794 1.65655794 0.         1.57075989 0.        ],
  "funcao_objetivo": 0.0099123757869802126001636972961494783891610983586331,
  "confiabilidade_total": 0.99939570912031342742088989530943930996789263522387
}
 
Individuo 10:
{
  "Posicao": [1. 5. 5. 5. 3.]
             [2. 2. 1. 1. 1.],
  "Velocidade": [ 0.80344101  1.48336528  1.48336528  0.         -0.0345295 ]
                [-0.80344101  0.          0.         -0.80344101  0.        ],
  "funcao_objetivo": 0.99133236554160242674063272098178622017528243194881,
  "confiabilidade_total": 0.99133236554160242674063272098178622017528243194881
}
 
Individuo 11:
{
  "Posicao": [3. 1. 2. 2. 7.]
             [2. 1. 1. 1. 1.],
  "Velocidade": [-0.71402061 -6.26087006 -2.41191523 -1.64860814  1.13755963]
                [0.        0.0731568 0.        0.        0.       ],
  "funcao_objetivo": 0.95959900113315550066668578039947690378771000663162,
  "confiabilidade_total": 0.97634900113315554329924992600548805605516606131912
}
 
Individuo 12:
{
  "Posicao": [1. 0. 4. 5. 7.]
             [1. 1. 2. 1. 1.],
  "Velocidade": [ 0.         -1.7011113  -0.09701594  0.         -1.47753078]
                [ 0.33769978  0.33769978 -0.33769978  0.          0.        ],
  "funcao_objetivo": 0.97467771256941004658443089920629469412937590410069,
  "confiabilidade_total": 0.97467771256941004658443089920629469412937590410069
}
 
Individuo 13:
{
  "Posicao": [1. 0. 6. 5. 9.]
             [2. 2. 1. 2. 2.],
  "Velocidade": [ 0.         -5.2415039  -2.06769415  0.          1.80547017]
                [1.15202423 1.15202423 0.         1.34900341 1.34900341],
  "funcao_objetivo": 0.33521538827756777391928624341824306077801733546454,
  "confiabilidade_total": 0.99678205494423457668449275546743282950961142115790
}
 
Individuo 14:
{
  "Posicao": [4. 0. 4. 6. 6.]
             [2. 3. 1. 1. 2.],
  "Velocidade": [ 3.92701823 -1.92964196 -0.4744315   1.32175519  1.99745083]
                [ 0.         -0.03824733  0.          0.          1.26479458],
  "funcao_objetivo": 0.11914921297236068870667078191515428610745477607640,
  "confiabilidade_total": 0.99574921297236067902552600718378925361338663032445
}
 
Individuo 15:
{
  "Posicao": [2. 2. 4. 5. 3.]
             [1. 1. 1. 1. 1.],
  "Velocidade": [ 2.11257227 -7.26228331 -3.03713877  0.          0.01413249]
                [-2.11257227 -2.11257227  0.         -2.11257227  0.        ],
  "funcao_objetivo": 0.95065171108221316247843157701977916974548234672784,
  "confiabilidade_total": 0.95065171108221316247843157701977916974548234672784
}
 
Individuo 16:
{
  "Posicao": [8. 8. 0. 0. 0.]
             [1. 2. 1. 1. 1.],
  "Velocidade": [  4.49409298   2.73733536 -18.75601204 -16.49489242 -13.04863538]
                [-4.15539677  0.          0.          0.          0.        ],
  "funcao_objetivo": 0.97504859288629177019082871575196276792217514975077,
  "confiabilidade_total": 0.97504859288629177019082871575196276792217514975077
}
 
Individuo 17:
{
  "Posicao": [6. 1. 8. 4. 1.]
             [1. 1. 1. 1. 1.],
  "Velocidade": [ 6.19234167 -3.59189101  5.26893772 -2.46987944 -3.33199516]
                [-2.46987944 -2.46987944  0.19860763  0.          0.        ],
  "funcao_objetivo": 0.94561710341808710804169694737170291066819566527293,
  "confiabilidade_total": 0.94561710341808710804169694737170291066819566527293
}
 
Individuo 18:
{
  "Posicao": [1. 4. 3. 7. 0.]
             [2. 2. 3. 1. 1.],
  "Velocidade": [ 0.65873511 -0.79936309 -1.45809819  0.02446025 -1.42507321]
                [-0.65873511 -0.65873511  1.53903786  0.          0.        ],
  "funcao_objetivo": 0.21256564249182247711231875843359450261155448095248,
  "confiabilidade_total": 0.99534897582515572484005540633652419234672866002962
}
 
Individuo 19:
{
  "Posicao": [3. 0. 5. 1. 3.]
             [2. 2. 1. 3. 1.],
  "Velocidade": [-0.20220467 -3.68879503  2.3225083   0.7406471  -2.74880687]
                [1.14505644 1.14505644 0.         2.07116933 0.        ],
  "funcao_objetivo": 0.30162228463899090786688936734343581949385900605486,
  "confiabilidade_total": 0.99565561797232432656897180752047273446831007111834
}
 
Individuo 20:
{
  "Posicao": [4. 7. 9. 1. 0.]
             [3. 3. 1. 2. 1.],
  "Velocidade": [ 4.35261803  1.12786962  2.16501371 -2.07428817 -2.92162006]
                [-0.06801389 -0.06801389  0.          1.10515798  0.        ],
  "funcao_objetivo": -0.072829477956701698806359464245018087479158908596066,
  "confiabilidade_total": 0.99907052204329804308899177089858939483495089365003
}
 
Individuo 21:
{
  "Posicao": [4. 9. 8. 3. 2.]
             [3. 3. 1. 2. 2.],
  "Velocidade": [-0.41733793  1.00163819 -1.38541767  0.3887622   0.8050177 ]
                [-0.1943811 -0.1943811  0.        -0.1943811 -0.1943811],
  "funcao_objetivo": -0.44217715454734863673811899327087350234176117241788,
  "confiabilidade_total": 0.99912284545265127781911703157707914665554565131259
}
 
Individuo 22:
{
  "Posicao": [2. 2. 0. 7. 8.]
             [2. 2. 1. 1. 1.],
  "Velocidade": [ 1.46100366 -3.23131847 -4.30225196  1.07093348  2.55868453]
                [ 1.07093348 -1.07093348  0.          0.          0.        ],
  "funcao_objetivo": 0.82793358861805598093268973129916819158373893237757,
  "confiabilidade_total": 0.99393358861805610061473178589104324925123275256800
}
 
Individuo 23:
{
  "Posicao": [1. 5. 5. 3. 4.]
             [2. 2. 1. 1. 1.],
  "Velocidade": [ 0.         -0.75021723 -0.75021723 -1.63861058  0.40886577]
                [-0.26279167 -0.26279167  0.26279167  0.          0.        ],
  "funcao_objetivo": 0.93939412714133587458820929525116862669546363459230,
  "confiabilidade_total": 0.99181079380800247216199639607892659433145282374025
}
 
Individuo 24:
{
  "Posicao": [9. 6. 8. 9. 0.]
             [1. 1. 1. 3. 3.],
  "Velocidade": [ 8.83119474  0.86355545  2.57050228  5.41730109 -4.52452544]
                [-1.70694682 -1.70694682  0.          1.70694682  1.70694682],
  "funcao_objetivo": 0.10457010884448506066495356784705539296122864644762,
  "confiabilidade_total": 0.96542010884448495372827183595197741935702637593981
}
 
Individuo 25:
{
  "Posicao": [2. 5. 4. 5. 3.]
             [2. 2. 1. 1. 1.],
  "Velocidade": [ 2.16870349 -1.44448904 -0.60499551 -2.51848059  2.76528924]
                [-0.83949353 -0.83949353  0.         -0.83949353  0.        ],
  "funcao_objetivo": 0.86157585606977117632120129524858492612126830343340,
  "confiabilidade_total": 0.99115918940310461549579630951350844650748732809160
}
 
Individuo 26:
{
  "Posicao": [1. 3. 4. 8. 5.]
             [1. 1. 1. 1. 1.],
  "Velocidade": [ 1.09975664 -4.1063619  -3.6580108   2.71589895  3.18909322]
                [-1.02797002 -1.02797002  0.36801111  0.          0.        ],
  "funcao_objetivo": 0.94733462429335813948313328015996081215949506208016,
  "confiabilidade_total": 0.94733462429335813948313328015996081215949506208016
}
 
Individuo 27:
{
  "Posicao": [1. 3. 3. 5. 3.]
             [2. 2. 1. 1. 1.],
  "Velocidade": [-1.01627225 -1.60294104 -0.5866688   3.04881674  2.70004669]
                [ 0.         -1.01627225  0.          0.          0.        ],
  "funcao_objetivo": 0.82992912141287058569543229530130927188946301307615,
  "confiabilidade_total": 0.99267912141287059146859202335212328209234768714842
}
 
Individuo 28:
{
  "Posicao": [5. 6. 8. 6. 4.]
             [2. 2. 1. 1. 1.],
  "Velocidade": [ 4.59072837 -0.29295763 -0.63586183  4.37578686  3.75024867]
                [-1.45859562 -1.45859562 -1.45859562  0.          0.        ],
  "funcao_objetivo": 0.92323816818704967451934462714641444897266012590181,
  "confiabilidade_total": 0.98865483485371629751723899189025719230981451432954
}
 
Individuo 29:
{
  "Posicao": [0. 7. 2. 1. 6.]
             [1. 1. 1. 1. 1.],
  "Velocidade": [-1.2743766   2.11074875 -4.40555465 -5.34968516  1.50616956]
                [-1.2743766 -1.2743766  0.         0.         0.       ],
  "funcao_objetivo": 0.95849630021322365814989098858008789186635399227999,
  "confiabilidade_total": 0.95849630021322365814989098858008789186635399227999
}
 
Individuo 30:
{
  "Posicao": [1. 7. 7. 8. 0.]
             [2. 2. 1. 1. 1.],
  "Velocidade": [-0.91455653  1.47556323  1.47556323 -1.32925916  0.10445544]
                [-0.91455653 -0.91455653  0.          0.         -0.91455653],
  "funcao_objetivo": 0.95640133842491664946054430976956501992568875187265,
  "confiabilidade_total": 0.99120133842491654991794792187802960554287339084970
}
 
Individuo 31:
{
  "Posicao": [6. 3. 0. 0. 9.]
             [3. 2. 1. 1. 1.],
  "Velocidade": [ 4.59767551 -0.84780367 -4.46604923 -3.61824556  6.87479867]
                [1.80912278 0.         0.         0.         0.        ],
  "funcao_objetivo": 0.52465350818789978551213163954821488650296818610627,
  "confiabilidade_total": 0.99637017485456656953677349592476225288365971442658
}
 
Individuo 32:
{
  "Posicao": [0. 0. 0. 6. 7.]
             [1. 1. 1. 1. 2.],
  "Velocidade": [ 0.14874282 -9.51234621 -9.51234621 -0.14874282  2.71882162]
                [0.14874282 0.14874282 0.         0.         1.36917751],
  "funcao_objetivo": 0.96896880939288423313816451378641727382210193264408,
  "confiabilidade_total": 0.96896880939288423313816451378641727382210193264408
}
 
Individuo 33:
{
  "Posicao": [0. 5. 1. 5. 0.]
             [3. 3. 2. 1. 1.],
  "Velocidade": [-3.32757999  0.17346605 -4.26330726  0.         -4.61023937]
                [1.10919333 1.10919333 1.10919333 0.         0.        ],
  "funcao_objetivo": 0.17897515604190282003104956803894388625537454802177,
  "confiabilidade_total": 0.99910848937523608983001994548998559961234628874443
}
 
Individuo 34:
{
  "Posicao": [4. 0. 4. 1. 0.]
             [1. 1. 1. 1. 1.],
  "Velocidade": [ 3.77908488 -5.70379851 -1.47937832 -6.46486587 -5.86571914]
                [-2.685781   -2.685781    0.          0.          0.44533531],
  "funcao_objetivo": 0.95845399024305900962662847508781682762456918217070,
  "confiabilidade_total": 0.95845399024305900962662847508781682762456918217070
}
 
Individuo 35:
{
  "Posicao": [3. 0. 5. 0. 3.]
             [1. 1. 1. 1. 1.],
  "Velocidade": [ 2.73306352 -8.90934673  0.28324773 -6.45953095 -0.73280442]
                [-2.73306352 -2.73306352  0.          0.          0.        ],
  "funcao_objetivo": 0.95819236395959230791992525823919141345742399054508,
  "confiabilidade_total": 0.95819236395959230791992525823919141345742399054508
}
 
Individuo 36:
{
  "Posicao": [1. 6. 5. 4. 3.]
             [2. 2. 1. 1. 1.],
  "Velocidade": [ 1.32425281 -1.6138129   0.82039765  1.21710527  1.38768794]
                [-1.05866723  0.          0.          0.          0.        ],
  "funcao_objetivo": 0.85111992980603984192650086572638171626957478493506,
  "confiabilidade_total": 0.99170326313937320760433164980594226061137738198096
}
 
Individuo 37:
{
  "Posicao": [0. 6. 6. 5. 3.]
             [2. 2. 1. 1. 1.],
  "Velocidade": [-1.52310672  3.27672051  1.75361379 -0.14571672 -0.77126629]
                [0.14571672 0.14571672 0.         0.         0.        ],
  "funcao_objetivo": 0.84650065675474774609393654146656105156632465277622,
  "confiabilidade_total": 0.99216732342141432934584662462979964773746532355259
}
 
Individuo 38:
{
  "Posicao": [2. 6. 4. 4. 4.]
             [2. 2. 1. 1. 1.],
  "Velocidade": [-0.34642029 -0.43826821 -0.81285569 -0.37320026  0.00857493]
                [-0.00138723 -0.00138723  0.          0.          0.        ],
  "funcao_objetivo": 0.68525877440510278351065259160624386302590854611808,
  "confiabilidade_total": 0.99150877440510280571511308410937467149854190793449
}
 
Individuo 39:
{
  "Posicao": [9. 9. 0. 0. 9.]
             [1. 1. 1. 1. 1.],
  "Velocidade": [ 12.18783493   6.11978172 -14.81774371 -14.81269757  15.27171353]
                [-4.24099756 -4.24099756  0.          0.          0.        ],
  "funcao_objetivo": 0.95374964300055005871057820881945902829731682307914,
  "confiabilidade_total": 0.95374964300055005871057820881945902829731682307914
}
 
Individuo 40:
{
  "Posicao": [3. 9. 9. 5. 7.]
             [2. 2. 1. 1. 1.],
  "Velocidade": [2.67317065 1.33322947 4.10169874 0.         1.16148011]
                [-0.54511469 -0.54511469  0.          0.          0.        ],
  "funcao_objetivo": 0.89323233714487260571812105520719052665178796813645,
  "confiabilidade_total": 0.98811567047820594954121159954054457275440117881455
}
 
Individuo 41:
{
  "Posicao": [2. 2. 2. 7. 2.]
             [1. 1. 1. 1. 1.],
  "Velocidade": [ 2.05270261 -6.16445539 -6.55906095  1.75470304 -2.58904339]
                [-0.87735152 -0.87735152  0.          0.          0.        ],
  "funcao_objetivo": 0.95388902044688874068619975458101872526628222396402,
  "confiabilidade_total": 0.95388902044688874068619975458101872526628222396402
}
 
Individuo 42:
{
  "Posicao": [0. 1. 4. 3. 6.]
             [1. 1. 1. 1. 1.],
  "Velocidade": [ 0.3151564  -7.98228174 -2.05614056 -4.36581679  4.95625881]
                [-2.1829084 -2.1829084  0.         0.         0.       ],
  "funcao_objetivo": 0.95876877101872696851444754619858298387182976172016,
  "confiabilidade_total": 0.95876877101872696851444754619858298387182976172016
}
 
Individuo 43:
{
  "Posicao": [1. 5. 7. 5. 2.]
             [2. 2. 1. 1. 1.],
  "Velocidade": [ 1.17315326 -2.02750532 -1.55759802  0.          1.8255732 ]
                [-1.17315326 -1.17315326  0.          0.          0.        ],
  "funcao_objetivo": 0.99139637303817454600999095386071819847728861504923,
  "confiabilidade_total": 0.99139637303817454600999095386071819847728861504923
}
 
Individuo 44:
{
  "Posicao": [0. 5. 0. 9. 9.]
             [1. 1. 1. 1. 2.],
  "Velocidade": [-1.87186034  0.9980065  -4.0497337   4.03748928  3.65402068]
                [-1.87186034 -1.87186034  0.          0.          0.06273143],
  "funcao_objetivo": 0.95543375072910262615612801810909729027246082079738,
  "confiabilidade_total": 0.95543375072910262615612801810909729027246082079738
}
 
Individuo 45:
{
  "Posicao": [2. 8. 7. 7. 6.]
             [3. 3. 1. 1. 1.],
  "Velocidade": [ 1.55088285 -0.35980031 -0.16802132 -0.38355798 -0.13481989]
                [-0.19177899 -0.19177899  0.          0.          0.        ],
  "funcao_objetivo": 0.55727250462043616098547451525948161045302737997878,
  "confiabilidade_total": 0.99838917128710315097869190009507035622586597250808
}
 
Individuo 46:
{
  "Posicao": [0. 6. 7. 4. 0.]
             [3. 3. 1. 1. 2.],
  "Velocidade": [ 0.29164187 -0.78428083 -0.37582298 -1.02437647 -1.22798047]
                [-0.29164187 -0.29164187  0.          0.         -0.29164187],
  "funcao_objetivo": -0.12733077005863050948483034881687644252211734639153,
  "confiabilidade_total": 0.99898589660803612319420879065833133330910518778816
}
 
Individuo 47:
{
  "Posicao": [2. 4. 4. 0. 3.]
             [2. 2. 1. 1. 1.],
  "Velocidade": [ 1.33324297 -0.88052797 -0.88052797 -3.43894985 -0.72064996]
                [1.26675638 1.26675638 0.         0.         0.        ],
  "funcao_objetivo": 0.66746886692712660487576394907559824373689824785642,
  "confiabilidade_total": 0.99355220026046016306626720315730289753643209185056
}
 
Individuo 48:
{
  "Posicao": [8. 1. 0. 2. 0.]
             [1. 1. 1. 1. 1.],
  "Velocidade": [  6.06711332  -6.04241972 -15.2822229   -3.56259901  -7.68664931]
                [-3.56259901 -3.56259901  0.          0.          0.        ],
  "funcao_objetivo": 0.96021982359497220953607277885797385624597544952518,
  "confiabilidade_total": 0.96021982359497220953607277885797385624597544952518
}
 
Individuo 49:
{
  "Posicao": [4. 0. 2. 9. 8.]
             [1. 1. 1. 1. 2.],
  "Velocidade": [ 2.91972066 -5.14558453 -2.71074832  3.05115122  4.26310193]
                [0.13143056 0.13143056 0.         0.         1.17822042],
  "funcao_objetivo": 0.95727080947377172800270177683013148577096029010346,
  "confiabilidade_total": 0.95727080947377172800270177683013148577096029010346
}
 
Individuo 50:
{
  "Posicao": [1. 5. 4. 6. 0.]
             [2. 2. 1. 1. 1.],
  "Velocidade": [ 1.14540177 -0.4625572  -0.21311284  0.65412023 -2.55841364]
                [0.90356459 0.90356459 0.         0.         0.        ],
  "funcao_objetivo": 0.91100559930811332184738486397465474525229660448516,
  "confiabilidade_total": 0.99183893264144656506761603189944888086752621111358
}
 
-----------------------------------------
-----------------------------------------
-----------------------------------------
-----------------------------------------
GERACAO 4
Populacao antes da execucao:
Individuo 1:
{
  "Posicao": [1. 3. 3. 5. 4.]
             [2. 2. 1. 1. 1.],
  "Velocidade": [ 0.         -1.64627187 -1.64627187  0.         -0.43080851]
                [0. 0. 0. 0. 0.],
  "funcao_objetivo": 0.81657365986584822205158887866731361311392223235753,
  "confiabilidade_total": 0.99265699319918150823745109958566586312369739410069
}
 
Individuo 2:
{
  "Posicao": [4. 2. 3. 0. 1.]
             [2. 2. 1. 1. 1.],
  "Velocidade": [ 1.30301211 -3.11678864 -1.5513761  -9.86841005 -5.31951974]
                [0. 0. 0. 0. 0.],
  "funcao_objetivo": 0.71453527883598853371919334174558880569599593821663,
  "confiabilidade_total": 0.99353527883598867049866997556487458588741744700569
}
 
Individuo 3:
{
  "Posicao": [9. 8. 1. 0. 6.]
             [2. 1. 1. 2. 1.],
  "Velocidade": [ 9.99359689  3.4670703  -5.90451227 -9.37158256  2.53512101]
                [ 0.         -3.83227006  0.         -0.08266359  0.        ],
  "funcao_objetivo": 0.82307823326298696241024546806176211506622871173022,
  "confiabilidade_total": 0.98961156659632042607636040555763891719776233447192
}
 
Individuo 4:
{
  "Posicao": [8. 6. 7. 0. 8.]
             [2. 1. 1. 2. 1.],
  "Velocidade": [  5.83545222   0.09921369   2.46997675 -10.05353922   7.01240019]
                [ 0.         -2.37076306  0.          0.44160529  0.        ],
  "funcao_objetivo": 0.98747888797530898381227147904544476822231572334153,
  "confiabilidade_total": 0.98747888797530898381227147904544476822231572334153
}
 
Individuo 5:
{
  "Posicao": [9. 0. 0. 0. 9.]
             [2. 1. 1. 1. 1.],
  "Velocidade": [ 7.82011328 -8.24180479 -6.35509519 -4.34361081  5.2750292 ]
                [ 0.         -1.58979287  0.          0.          0.        ],
  "funcao_objetivo": 0.96473696610560395255634757898913182536659950188288,
  "confiabilidade_total": 0.98173696610560383928584349160753578864557856491694
}
 
Individuo 6:
{
  "Posicao": [8. 8. 4. 0. 2.]
             [3. 1. 1. 1. 1.],
  "Velocidade": [  7.60838861   3.01957088  -1.99279563 -13.29092314  -2.25650867]
                [ 3.99763736 -3.99763736  0.          0.          0.        ],
  "funcao_objetivo": 0.93397038299127516714826458490033254179350252144882,
  "confiabilidade_total": 0.97622038299127510752928816252942632104448194497177
}
 
Individuo 7:
{
  "Posicao": [1. 1. 0. 6. 9.]
             [2. 3. 1. 1. 1.],
  "Velocidade": [ 0.         -3.34659481 -4.9207563   5.80495065  4.19850674]
                [0.         2.09246751 0.         0.         0.        ],
  "funcao_objetivo": 0.55381793079841102537408194810216130540232784893429,
  "confiabilidade_total": 0.99735126413174436036534833154239507243495113994992
}
 
Individuo 8:
{
  "Posicao": [6. 5. 5. 3. 8.]
             [2. 1. 2. 1. 1.],
  "Velocidade": [ 3.67248353 -3.18189731 -3.18189731 -3.87199514  7.37204645]
                [ 0.         -1.97151086  0.38763888  0.          0.        ],
  "funcao_objetivo": 0.96370044728604355854666956874166481233083745917721,
  "confiabilidade_total": 0.97170044728604350667149874313122546103664776763363
}
 
Individuo 9:
{
  "Posicao": [7. 2. 0. 5. 0.]
             [3. 3. 1. 3. 1.],
  "Velocidade": [ 4.4898729  -1.29277641 -3.48158159  0.         -2.984929  ]
                [1.65655794 1.65655794 0.         1.57075989 0.        ],
  "funcao_objetivo": 0.0099123757869802126001636972961494783891610983586331,
  "confiabilidade_total": 0.99939570912031342742088989530943930996789263522387
}
 
Individuo 10:
{
  "Posicao": [1. 5. 5. 5. 3.]
             [2. 2. 1. 1. 1.],
  "Velocidade": [ 0.80344101  1.48336528  1.48336528  0.         -0.0345295 ]
                [-0.80344101  0.          0.         -0.80344101  0.        ],
  "funcao_objetivo": 0.99133236554160242674063272098178622017528243194881,
  "confiabilidade_total": 0.99133236554160242674063272098178622017528243194881
}
 
Individuo 11:
{
  "Posicao": [3. 1. 2. 2. 7.]
             [2. 1. 1. 1. 1.],
  "Velocidade": [-0.71402061 -6.26087006 -2.41191523 -1.64860814  1.13755963]
                [0.        0.0731568 0.        0.        0.       ],
  "funcao_objetivo": 0.95959900113315550066668578039947690378771000663162,
  "confiabilidade_total": 0.97634900113315554329924992600548805605516606131912
}
 
Individuo 12:
{
  "Posicao": [1. 0. 4. 5. 7.]
             [1. 1. 2. 1. 1.],
  "Velocidade": [ 0.         -1.7011113  -0.09701594  0.         -1.47753078]
                [ 0.33769978  0.33769978 -0.33769978  0.          0.        ],
  "funcao_objetivo": 0.97467771256941004658443089920629469412937590410069,
  "confiabilidade_total": 0.97467771256941004658443089920629469412937590410069
}
 
Individuo 13:
{
  "Posicao": [1. 0. 6. 5. 9.]
             [2. 2. 1. 2. 2.],
  "Velocidade": [ 0.         -5.2415039  -2.06769415  0.          1.80547017]
                [1.15202423 1.15202423 0.         1.34900341 1.34900341],
  "funcao_objetivo": 0.33521538827756777391928624341824306077801733546454,
  "confiabilidade_total": 0.99678205494423457668449275546743282950961142115790
}
 
Individuo 14:
{
  "Posicao": [4. 0. 4. 6. 6.]
             [2. 3. 1. 1. 2.],
  "Velocidade": [ 3.92701823 -1.92964196 -0.4744315   1.32175519  1.99745083]
                [ 0.         -0.03824733  0.          0.          1.26479458],
  "funcao_objetivo": 0.11914921297236068870667078191515428610745477607640,
  "confiabilidade_total": 0.99574921297236067902552600718378925361338663032445
}
 
Individuo 15:
{
  "Posicao": [2. 2. 4. 5. 3.]
             [1. 1. 1. 1. 1.],
  "Velocidade": [ 2.11257227 -7.26228331 -3.03713877  0.          0.01413249]
                [-2.11257227 -2.11257227  0.         -2.11257227  0.        ],
  "funcao_objetivo": 0.95065171108221316247843157701977916974548234672784,
  "confiabilidade_total": 0.95065171108221316247843157701977916974548234672784
}
 
Individuo 16:
{
  "Posicao": [8. 8. 0. 0. 0.]
             [1. 2. 1. 1. 1.],
  "Velocidade": [  4.49409298   2.73733536 -18.75601204 -16.49489242 -13.04863538]
                [-4.15539677  0.          0.          0.          0.        ],
  "funcao_objetivo": 0.97504859288629177019082871575196276792217514975077,
  "confiabilidade_total": 0.97504859288629177019082871575196276792217514975077
}
 
Individuo 17:
{
  "Posicao": [6. 1. 8. 4. 1.]
             [1. 1. 1. 1. 1.],
  "Velocidade": [ 6.19234167 -3.59189101  5.26893772 -2.46987944 -3.33199516]
                [-2.46987944 -2.46987944  0.19860763  0.          0.        ],
  "funcao_objetivo": 0.94561710341808710804169694737170291066819566527293,
  "confiabilidade_total": 0.94561710341808710804169694737170291066819566527293
}
 
Individuo 18:
{
  "Posicao": [1. 4. 3. 7. 0.]
             [2. 2. 3. 1. 1.],
  "Velocidade": [ 0.65873511 -0.79936309 -1.45809819  0.02446025 -1.42507321]
                [-0.65873511 -0.65873511  1.53903786  0.          0.        ],
  "funcao_objetivo": 0.21256564249182247711231875843359450261155448095248,
  "confiabilidade_total": 0.99534897582515572484005540633652419234672866002962
}
 
Individuo 19:
{
  "Posicao": [3. 0. 5. 1. 3.]
             [2. 2. 1. 3. 1.],
  "Velocidade": [-0.20220467 -3.68879503  2.3225083   0.7406471  -2.74880687]
                [1.14505644 1.14505644 0.         2.07116933 0.        ],
  "funcao_objetivo": 0.30162228463899090786688936734343581949385900605486,
  "confiabilidade_total": 0.99565561797232432656897180752047273446831007111834
}
 
Individuo 20:
{
  "Posicao": [4. 7. 9. 1. 0.]
             [3. 3. 1. 2. 1.],
  "Velocidade": [ 4.35261803  1.12786962  2.16501371 -2.07428817 -2.92162006]
                [-0.06801389 -0.06801389  0.          1.10515798  0.        ],
  "funcao_objetivo": -0.072829477956701698806359464245018087479158908596066,
  "confiabilidade_total": 0.99907052204329804308899177089858939483495089365003
}
 
Individuo 21:
{
  "Posicao": [4. 9. 8. 3. 2.]
             [3. 3. 1. 2. 2.],
  "Velocidade": [-0.41733793  1.00163819 -1.38541767  0.3887622   0.8050177 ]
                [-0.1943811 -0.1943811  0.        -0.1943811 -0.1943811],
  "funcao_objetivo": -0.44217715454734863673811899327087350234176117241788,
  "confiabilidade_total": 0.99912284545265127781911703157707914665554565131259
}
 
Individuo 22:
{
  "Posicao": [2. 2. 0. 7. 8.]
             [2. 2. 1. 1. 1.],
  "Velocidade": [ 1.46100366 -3.23131847 -4.30225196  1.07093348  2.55868453]
                [ 1.07093348 -1.07093348  0.          0.          0.        ],
  "funcao_objetivo": 0.82793358861805598093268973129916819158373893237757,
  "confiabilidade_total": 0.99393358861805610061473178589104324925123275256800
}
 
Individuo 23:
{
  "Posicao": [1. 5. 5. 3. 4.]
             [2. 2. 1. 1. 1.],
  "Velocidade": [ 0.         -0.75021723 -0.75021723 -1.63861058  0.40886577]
                [-0.26279167 -0.26279167  0.26279167  0.          0.        ],
  "funcao_objetivo": 0.93939412714133587458820929525116862669546363459230,
  "confiabilidade_total": 0.99181079380800247216199639607892659433145282374025
}
 
Individuo 24:
{
  "Posicao": [9. 6. 8. 9. 0.]
             [1. 1. 1. 3. 3.],
  "Velocidade": [ 8.83119474  0.86355545  2.57050228  5.41730109 -4.52452544]
                [-1.70694682 -1.70694682  0.          1.70694682  1.70694682],
  "funcao_objetivo": 0.10457010884448506066495356784705539296122864644762,
  "confiabilidade_total": 0.96542010884448495372827183595197741935702637593981
}
 
Individuo 25:
{
  "Posicao": [2. 5. 4. 5. 3.]
             [2. 2. 1. 1. 1.],
  "Velocidade": [ 2.16870349 -1.44448904 -0.60499551 -2.51848059  2.76528924]
                [-0.83949353 -0.83949353  0.         -0.83949353  0.        ],
  "funcao_objetivo": 0.86157585606977117632120129524858492612126830343340,
  "confiabilidade_total": 0.99115918940310461549579630951350844650748732809160
}
 
Individuo 26:
{
  "Posicao": [1. 3. 4. 8. 5.]
             [1. 1. 1. 1. 1.],
  "Velocidade": [ 1.09975664 -4.1063619  -3.6580108   2.71589895  3.18909322]
                [-1.02797002 -1.02797002  0.36801111  0.          0.        ],
  "funcao_objetivo": 0.94733462429335813948313328015996081215949506208016,
  "confiabilidade_total": 0.94733462429335813948313328015996081215949506208016
}
 
Individuo 27:
{
  "Posicao": [1. 3. 3. 5. 3.]
             [2. 2. 1. 1. 1.],
  "Velocidade": [-1.01627225 -1.60294104 -0.5866688   3.04881674  2.70004669]
                [ 0.         -1.01627225  0.          0.          0.        ],
  "funcao_objetivo": 0.82992912141287058569543229530130927188946301307615,
  "confiabilidade_total": 0.99267912141287059146859202335212328209234768714842
}
 
Individuo 28:
{
  "Posicao": [5. 6. 8. 6. 4.]
             [2. 2. 1. 1. 1.],
  "Velocidade": [ 4.59072837 -0.29295763 -0.63586183  4.37578686  3.75024867]
                [-1.45859562 -1.45859562 -1.45859562  0.          0.        ],
  "funcao_objetivo": 0.92323816818704967451934462714641444897266012590181,
  "confiabilidade_total": 0.98865483485371629751723899189025719230981451432954
}
 
Individuo 29:
{
  "Posicao": [0. 7. 2. 1. 6.]
             [1. 1. 1. 1. 1.],
  "Velocidade": [-1.2743766   2.11074875 -4.40555465 -5.34968516  1.50616956]
                [-1.2743766 -1.2743766  0.         0.         0.       ],
  "funcao_objetivo": 0.95849630021322365814989098858008789186635399227999,
  "confiabilidade_total": 0.95849630021322365814989098858008789186635399227999
}
 
Individuo 30:
{
  "Posicao": [1. 7. 7. 8. 0.]
             [2. 2. 1. 1. 1.],
  "Velocidade": [-0.91455653  1.47556323  1.47556323 -1.32925916  0.10445544]
                [-0.91455653 -0.91455653  0.          0.         -0.91455653],
  "funcao_objetivo": 0.95640133842491664946054430976956501992568875187265,
  "confiabilidade_total": 0.99120133842491654991794792187802960554287339084970
}
 
Individuo 31:
{
  "Posicao": [6. 3. 0. 0. 9.]
             [3. 2. 1. 1. 1.],
  "Velocidade": [ 4.59767551 -0.84780367 -4.46604923 -3.61824556  6.87479867]
                [1.80912278 0.         0.         0.         0.        ],
  "funcao_objetivo": 0.52465350818789978551213163954821488650296818610627,
  "confiabilidade_total": 0.99637017485456656953677349592476225288365971442658
}
 
Individuo 32:
{
  "Posicao": [0. 0. 0. 6. 7.]
             [1. 1. 1. 1. 2.],
  "Velocidade": [ 0.14874282 -9.51234621 -9.51234621 -0.14874282  2.71882162]
                [0.14874282 0.14874282 0.         0.         1.36917751],
  "funcao_objetivo": 0.96896880939288423313816451378641727382210193264408,
  "confiabilidade_total": 0.96896880939288423313816451378641727382210193264408
}
 
Individuo 33:
{
  "Posicao": [0. 5. 1. 5. 0.]
             [3. 3. 2. 1. 1.],
  "Velocidade": [-3.32757999  0.17346605 -4.26330726  0.         -4.61023937]
                [1.10919333 1.10919333 1.10919333 0.         0.        ],
  "funcao_objetivo": 0.17897515604190282003104956803894388625537454802177,
  "confiabilidade_total": 0.99910848937523608983001994548998559961234628874443
}
 
Individuo 34:
{
  "Posicao": [4. 0. 4. 1. 0.]
             [1. 1. 1. 1. 1.],
  "Velocidade": [ 3.77908488 -5.70379851 -1.47937832 -6.46486587 -5.86571914]
                [-2.685781   -2.685781    0.          0.          0.44533531],
  "funcao_objetivo": 0.95845399024305900962662847508781682762456918217070,
  "confiabilidade_total": 0.95845399024305900962662847508781682762456918217070
}
 
Individuo 35:
{
  "Posicao": [3. 0. 5. 0. 3.]
             [1. 1. 1. 1. 1.],
  "Velocidade": [ 2.73306352 -8.90934673  0.28324773 -6.45953095 -0.73280442]
                [-2.73306352 -2.73306352  0.          0.          0.        ],
  "funcao_objetivo": 0.95819236395959230791992525823919141345742399054508,
  "confiabilidade_total": 0.95819236395959230791992525823919141345742399054508
}
 
Individuo 36:
{
  "Posicao": [1. 6. 5. 4. 3.]
             [2. 2. 1. 1. 1.],
  "Velocidade": [ 1.32425281 -1.6138129   0.82039765  1.21710527  1.38768794]
                [-1.05866723  0.          0.          0.          0.        ],
  "funcao_objetivo": 0.85111992980603984192650086572638171626957478493506,
  "confiabilidade_total": 0.99170326313937320760433164980594226061137738198096
}
 
Individuo 37:
{
  "Posicao": [0. 6. 6. 5. 3.]
             [2. 2. 1. 1. 1.],
  "Velocidade": [-1.52310672  3.27672051  1.75361379 -0.14571672 -0.77126629]
                [0.14571672 0.14571672 0.         0.         0.        ],
  "funcao_objetivo": 0.84650065675474774609393654146656105156632465277622,
  "confiabilidade_total": 0.99216732342141432934584662462979964773746532355259
}
 
Individuo 38:
{
  "Posicao": [2. 6. 4. 4. 4.]
             [2. 2. 1. 1. 1.],
  "Velocidade": [-0.34642029 -0.43826821 -0.81285569 -0.37320026  0.00857493]
                [-0.00138723 -0.00138723  0.          0.          0.        ],
  "funcao_objetivo": 0.68525877440510278351065259160624386302590854611808,
  "confiabilidade_total": 0.99150877440510280571511308410937467149854190793449
}
 
Individuo 39:
{
  "Posicao": [9. 9. 0. 0. 9.]
             [1. 1. 1. 1. 1.],
  "Velocidade": [ 12.18783493   6.11978172 -14.81774371 -14.81269757  15.27171353]
                [-4.24099756 -4.24099756  0.          0.          0.        ],
  "funcao_objetivo": 0.95374964300055005871057820881945902829731682307914,
  "confiabilidade_total": 0.95374964300055005871057820881945902829731682307914
}
 
Individuo 40:
{
  "Posicao": [3. 9. 9. 5. 7.]
             [2. 2. 1. 1. 1.],
  "Velocidade": [2.67317065 1.33322947 4.10169874 0.         1.16148011]
                [-0.54511469 -0.54511469  0.          0.          0.        ],
  "funcao_objetivo": 0.89323233714487260571812105520719052665178796813645,
  "confiabilidade_total": 0.98811567047820594954121159954054457275440117881455
}
 
Individuo 41:
{
  "Posicao": [2. 2. 2. 7. 2.]
             [1. 1. 1. 1. 1.],
  "Velocidade": [ 2.05270261 -6.16445539 -6.55906095  1.75470304 -2.58904339]
                [-0.87735152 -0.87735152  0.          0.          0.        ],
  "funcao_objetivo": 0.95388902044688874068619975458101872526628222396402,
  "confiabilidade_total": 0.95388902044688874068619975458101872526628222396402
}
 
Individuo 42:
{
  "Posicao": [0. 1. 4. 3. 6.]
             [1. 1. 1. 1. 1.],
  "Velocidade": [ 0.3151564  -7.98228174 -2.05614056 -4.36581679  4.95625881]
                [-2.1829084 -2.1829084  0.         0.         0.       ],
  "funcao_objetivo": 0.95876877101872696851444754619858298387182976172016,
  "confiabilidade_total": 0.95876877101872696851444754619858298387182976172016
}
 
Individuo 43:
{
  "Posicao": [1. 5. 7. 5. 2.]
             [2. 2. 1. 1. 1.],
  "Velocidade": [ 1.17315326 -2.02750532 -1.55759802  0.          1.8255732 ]
                [-1.17315326 -1.17315326  0.          0.          0.        ],
  "funcao_objetivo": 0.99139637303817454600999095386071819847728861504923,
  "confiabilidade_total": 0.99139637303817454600999095386071819847728861504923
}
 
Individuo 44:
{
  "Posicao": [0. 5. 0. 9. 9.]
             [1. 1. 1. 1. 2.],
  "Velocidade": [-1.87186034  0.9980065  -4.0497337   4.03748928  3.65402068]
                [-1.87186034 -1.87186034  0.          0.          0.06273143],
  "funcao_objetivo": 0.95543375072910262615612801810909729027246082079738,
  "confiabilidade_total": 0.95543375072910262615612801810909729027246082079738
}
 
Individuo 45:
{
  "Posicao": [2. 8. 7. 7. 6.]
             [3. 3. 1. 1. 1.],
  "Velocidade": [ 1.55088285 -0.35980031 -0.16802132 -0.38355798 -0.13481989]
                [-0.19177899 -0.19177899  0.          0.          0.        ],
  "funcao_objetivo": 0.55727250462043616098547451525948161045302737997878,
  "confiabilidade_total": 0.99838917128710315097869190009507035622586597250808
}
 
Individuo 46:
{
  "Posicao": [0. 6. 7. 4. 0.]
             [3. 3. 1. 1. 2.],
  "Velocidade": [ 0.29164187 -0.78428083 -0.37582298 -1.02437647 -1.22798047]
                [-0.29164187 -0.29164187  0.          0.         -0.29164187],
  "funcao_objetivo": -0.12733077005863050948483034881687644252211734639153,
  "confiabilidade_total": 0.99898589660803612319420879065833133330910518778816
}
 
Individuo 47:
{
  "Posicao": [2. 4. 4. 0. 3.]
             [2. 2. 1. 1. 1.],
  "Velocidade": [ 1.33324297 -0.88052797 -0.88052797 -3.43894985 -0.72064996]
                [1.26675638 1.26675638 0.         0.         0.        ],
  "funcao_objetivo": 0.66746886692712660487576394907559824373689824785642,
  "confiabilidade_total": 0.99355220026046016306626720315730289753643209185056
}
 
Individuo 48:
{
  "Posicao": [8. 1. 0. 2. 0.]
             [1. 1. 1. 1. 1.],
  "Velocidade": [  6.06711332  -6.04241972 -15.2822229   -3.56259901  -7.68664931]
                [-3.56259901 -3.56259901  0.          0.          0.        ],
  "funcao_objetivo": 0.96021982359497220953607277885797385624597544952518,
  "confiabilidade_total": 0.96021982359497220953607277885797385624597544952518
}
 
Individuo 49:
{
  "Posicao": [4. 0. 2. 9. 8.]
             [1. 1. 1. 1. 2.],
  "Velocidade": [ 2.91972066 -5.14558453 -2.71074832  3.05115122  4.26310193]
                [0.13143056 0.13143056 0.         0.         1.17822042],
  "funcao_objetivo": 0.95727080947377172800270177683013148577096029010346,
  "confiabilidade_total": 0.95727080947377172800270177683013148577096029010346
}
 
Individuo 50:
{
  "Posicao": [1. 5. 4. 6. 0.]
             [2. 2. 1. 1. 1.],
  "Velocidade": [ 1.14540177 -0.4625572  -0.21311284  0.65412023 -2.55841364]
                [0.90356459 0.90356459 0.         0.         0.        ],
  "funcao_objetivo": 0.91100559930811332184738486397465474525229660448516,
  "confiabilidade_total": 0.99183893264144656506761603189944888086752621111358
}
 
-----------------------------------------
Populacao final da era:
Individuo 1:
{
  "Posicao": [1. 5. 7. 5. 1.]
             [2. 2. 1. 1. 1.],
  "Velocidade": [ 0.          1.77079547  4.14146047  0.         -2.78867806]
                [0. 0. 0. 0. 0.],
  "funcao_objetivo": 0.99145235205552033101988273667032505537625256790297,
  "confiabilidade_total": 0.99145235205552033101988273667032505537625256790297
}
 
Individuo 2:
{
  "Posicao": [6. 2. 5. 8. 0.]
             [2. 2. 1. 1. 1.],
  "Velocidade": [ 1.70543265  0.37410168  2.06593279  7.75088399 -4.02875182]
                [0. 0. 0. 0. 0.],
  "funcao_objetivo": 0.86534238378394194858855042355711346023306195064113,
  "confiabilidade_total": 0.99100905045060870836592142212024198376163784785793
}
 
Individuo 3:
{
  "Posicao": [4. 6. 9. 0. 1.]
             [2. 3. 1. 1. 1.],
  "Velocidade": [-4.79725403 -1.62962089  7.79065658  0.40707818 -5.37591808]
                [ 0.          2.0538759   0.         -1.74478031  0.        ],
  "funcao_objetivo": 0.48650397209931699845479976614654062247905734117712,
  "confiabilidade_total": 0.99440397209931693330691268114235483042035105760779
}
 
Individuo 4:
{
  "Posicao": [9. 6. 9. 9. 9.]
             [2. 3. 1. 2. 1.],
  "Velocidade": [ 4.18913126 -0.11416194  2.39661597  8.70279463  5.54155159]
                [0.         2.08992014 0.         0.21806029 0.        ],
  "funcao_objetivo": 0.13333168568008805866108190079471633416448042522044,
  "confiabilidade_total": 0.99283168568008787836086270166929416936669752727122
}
 
Individuo 5:
{
  "Posicao": [9. 5. 1. 0. 9.]
             [2. 2. 1. 1. 1.],
  "Velocidade": [ 1.35005104  4.66980827  0.59398679  0.02687182 -0.45400016]
                [0.        0.8771331 0.        0.        0.       ],
  "funcao_objetivo": 0.91711167567996625146168957093671682517187410588550,
  "confiabilidade_total": 0.99111167567996609861173465566829012234838420148181
}
 
Individuo 6:
{
  "Posicao": [9. 9. 3. 9. 0.]
             [1. 3. 1. 1. 1.],
  "Velocidade": [ 6.36405982  2.67011531 -0.84939826 12.46321728 -1.77726908]
                [-3.79231311  3.79231311  0.          0.          0.        ],
  "funcao_objetivo": 0.67563125963091966649466009834098868306587930409403,
  "confiabilidade_total": 0.96661459296425303807887737342638202246140237538310
}
 
Individuo 7:
{
  "Posicao": [1. 3. 4. 9. 5.]
             [2. 3. 1. 1. 1.],
  "Velocidade": [ 0.          1.93943536  3.64639187  3.27681582 -4.34718989]
                [ 0.         -0.48150286  0.          0.          0.        ],
  "funcao_objetivo": 0.59092063588536278951872367972269346202721040876507,
  "confiabilidade_total": 0.99622063588536258883480974847939721505155008466839
}
 
Individuo 8:
{
  "Posicao": [6. 2. 3. 0. 9.]
             [2. 2. 2. 1. 1.],
  "Velocidade": [ 0.16343662 -3.08739178 -1.94722228 -3.16637022  4.2821275 ]
                [ 0.          1.34287026 -0.19395913  0.          0.        ],
  "funcao_objetivo": 0.57682827904678447822342076514505437563931840679152,
  "confiabilidade_total": 0.99662827904678474144619767352341854467815059444411
}
 
Individuo 9:
{
  "Posicao": [9. 5. 0. 5. 2.]
             [2. 2. 1. 2. 1.],
  "Velocidade": [3.97720089 3.20107756 0.29490498 0.         2.36356771]
                [-1.09659534 -1.09659534  0.         -0.99140083  0.        ],
  "funcao_objetivo": 0.81440872383151534033612747393627376136017414504773,
  "confiabilidade_total": 0.99477539049818186628387614107205752356556626731640
}
 
Individuo 10:
{
  "Posicao": [2. 6. 8. 5. 2.]
             [1. 2. 1. 2. 1.],
  "Velocidade": [ 0.77957801  1.43930784  3.47871745  0.         -1.05320874]
                [-0.77957801  0.          0.          0.77957801  0.        ],
  "funcao_objetivo": 0.89429713436150728753509203823507412517238249071910,
  "confiabilidade_total": 0.97379713436150721936739832625046254316139806994273
}
 
Individuo 11:
{
  "Posicao": [6. 0. 2. 1. 7.]
             [2. 1. 1. 1. 1.],
  "Velocidade": [ 2.55294927 -6.43662497  0.13317905 -0.89572651  0.30208312]
                [0.         0.11987073 0.         0.         0.        ],
  "funcao_objetivo": 0.97942313690648056402606636047184139405944507010324,
  "confiabilidade_total": 0.97942313690648056402606636047184139405944507010324
}
 
Individuo 12:
{
  "Posicao": [1. 6. 9. 5. 0.]
             [3. 3. 1. 1. 1.],
  "Velocidade": [ 0.          6.02993381  4.51417777  0.         -9.11416705]
                [ 1.86377384  1.86377384 -1.86377384  0.          0.        ],
  "funcao_objetivo": 0.34486653561487114386537017316480112241636251157293,
  "confiabilidade_total": 0.99864986894820463784057368292745147811304067319403
}
 
Individuo 13:
{
  "Posicao": [1. 2. 6. 5. 1.]
             [3. 3. 1. 2. 2.],
  "Velocidade": [ 0.          1.60394554  0.44955662  0.         -8.1727762 ]
                [ 0.55886602  0.55886602  0.         -0.02901765 -0.02901765],
  "funcao_objetivo": -0.08728922730683462611153596482639712616607242290900,
  "confiabilidade_total": 0.99956077269316557870240761802248145118549770648553
}
 
Individuo 14:
{
  "Posicao": [9. 3. 5. 9. 9.]
             [2. 1. 1. 1. 3.],
  "Velocidade": [10.41092166  2.79940769  1.1161478   2.80125867  3.92465426]
                [ 0.         -4.65112142  0.          0.          0.70173285],
  "funcao_objetivo": 0.44700705505230757548986235839409503447175927196527,
  "confiabilidade_total": 0.96514038838564093788143298958319221915961213146234
}
 
Individuo 15:
{
  "Posicao": [1. 3. 7. 5. 2.]
             [2. 2. 1. 3. 1.],
  "Velocidade": [-0.56533483  0.79889856  2.81134206  0.         -0.51423883]
                [0.56533483 0.56533483 0.         2.04982676 0.        ],
  "funcao_objetivo": 0.56289168983591626793879848933397817407375643805914,
  "confiabilidade_total": 0.99650835650258271003695322165481422078436682776861
}
 
Individuo 16:
{
  "Posicao": [0. 5. 6. 7. 9.]
             [3. 2. 1. 1. 1.],
  "Velocidade": [-7.84203523 -2.57367302  5.99629057  7.28879965  9.17460667]
                [2.28874174 0.         0.         0.         0.        ],
  "funcao_objetivo": 0.66407090509952925449831778362447801797965641818457,
  "confiabilidade_total": 0.99398757176619627895285785282492577850202198825293
}
 
Individuo 17:
{
  "Posicao": [9. 2. 9. 3. 0.]
             [2. 2. 3. 1. 1.],
  "Velocidade": [ 4.16974012  1.26559998  3.92474294 -1.20881949 -2.04532951]
                [1.20881949 1.20881949 2.24262253 0.         0.        ],
  "funcao_objetivo": 0.13668504951604886866587423840399718509938685012353,
  "confiabilidade_total": 0.99630171618271567525024795516372545288827387404931
}
 
Individuo 18:
{
  "Posicao": [3. 7. 9. 0. 9.]
             [1. 1. 2. 1. 1.],
  "Velocidade": [  2.29505727   2.74737763   6.0536551  -10.33403843  13.94268684]
                [-2.29505727 -2.29505727 -0.58500901  0.          0.        ],
  "funcao_objetivo": 0.97246981919666498870442130026384330877420392388369,
  "confiabilidade_total": 0.97246981919666498870442130026384330877420392388369
}
 
Individuo 19:
{
  "Posicao": [2. 2. 8. 2. 3.]
             [2. 2. 1. 3. 1.],
  "Velocidade": [-0.88634168  1.85387739  2.94367017  0.56651412  0.05260491]
                [-0.4213733  -0.4213733   0.         -0.21290958  0.        ],
  "funcao_objetivo": 0.36411138682372024472097463266783123927379198191321,
  "confiabilidade_total": 0.99611138682372025093822357056870786564612932322180
}
 
Individuo 20:
{
  "Posicao": [6. 0. 0. 9. 9.]
             [1. 1. 1. 1. 1.],
  "Velocidade": [  1.73211327  -7.33881258 -11.41174639  14.85368695  10.677612  ]
                [-4.28258549 -4.28258549  0.         -0.60462115  0.        ],
  "funcao_objetivo": 0.95494149749581728478344698706804528700159244568571,
  "confiabilidade_total": 0.95494149749581728478344698706804528700159244568571
}
 
Individuo 21:
{
  "Posicao": [0. 4. 5. 7. 4.]
             [1. 1. 1. 1. 1.],
  "Velocidade": [-7.21579043 -4.75611525 -2.58282071  4.40191516  1.55490634]
                [-2.20095758 -2.20095758  0.         -2.20095758 -2.20095758],
  "funcao_objetivo": 0.94954190683542907489224279052622687986102439215751,
  "confiabilidade_total": 0.94954190683542907489224279052622687986102439215751
}
 
Individuo 22:
{
  "Posicao": [1. 6. 8. 5. 1.]
             [1. 3. 1. 1. 1.],
  "Velocidade": [-1.07574241  4.3447133   7.59912829 -2.05428974 -6.79755723]
                [-0.85416448  0.85416448  0.          0.          0.        ],
  "funcao_objetivo": 0.92761876011526464865305611167284842688940972682931,
  "confiabilidade_total": 0.97403542678193126171445440602154013343506068584420
}
 
Individuo 23:
{
  "Posicao": [1. 5. 8. 4. 2.]
             [1. 1. 2. 1. 1.],
  "Velocidade": [ 0.         -0.01602568  2.68085998  1.10694345 -1.58825425]
                [-0.96689585 -0.96689585  0.96689585  0.          0.        ],
  "funcao_objetivo": 0.96645438316077736822797089929576811063688788559904,
  "confiabilidade_total": 0.96645438316077736822797089929576811063688788559904
}
 
Individuo 24:
{
  "Posicao": [8. 6. 9. 9. 2.]
             [2. 2. 1. 2. 2.],
  "Velocidade": [-0.77202011  0.22190331  1.47698028  0.78652798  1.95461967]
                [ 0.63907329  0.63907329  0.         -0.77927405 -0.77927405],
  "funcao_objetivo": 0.33926591838387032113654822534100795752187334015550,
  "confiabilidade_total": 0.99291591838387035768509019600116126826782785370531
}
 
Individuo 25:
{
  "Posicao": [3. 4. 8. 3. 5.]
             [1. 1. 1. 2. 1.],
  "Velocidade": [ 0.70345438 -0.5773614   3.61548278 -2.4436792   1.69443338]
                [-0.81455973 -0.81455973  0.          0.81455973  0.        ],
  "funcao_objetivo": 0.96469922261772233297109709782707008270252697560729,
  "confiabilidade_total": 0.96469922261772233297109709782707008270252697560729
}
 
Individuo 26:
{
  "Posicao": [1. 8. 9. 1. 0.]
             [3. 3. 1. 1. 1.],
  "Velocidade": [-0.36418835  5.28014379  7.4848875  -6.96773658 -6.50859665]
                [2.20355192 2.20355192 0.35708081 0.         0.        ],
  "funcao_objetivo": 0.37909341551169655270572373500165951445971296275610,
  "confiabilidade_total": 0.99876008217836330715402421536403664395485685313695
}
 
Individuo 27:
{
  "Posicao": [0. 7. 9. 8. 4.]
             [2. 1. 1. 1. 1.],
  "Velocidade": [-0.98608795  4.23123676  6.40581927  2.95826384  0.87608675]
                [ 0.         -0.98608795  0.          0.          0.        ],
  "funcao_objetivo": 0.96278962164020665696563623421485603188855680720612,
  "confiabilidade_total": 0.96278962164020665696563623421485603188855680720612
}
 
Individuo 28:
{
  "Posicao": [0. 5. 4. 7. 3.]
             [1. 1. 2. 1. 1.],
  "Velocidade": [-7.45402873 -0.92473626 -3.59407807  1.26871965 -1.14703031]
                [-1.41527387 -1.41527387  1.41527387  0.          0.        ],
  "funcao_objetivo": 0.96522192872961033249524219561375574832919837639723,
  "confiabilidade_total": 0.96522192872961033249524219561375574832919837639723
}
 
Individuo 29:
{
  "Posicao": [1. 9. 0. 0. 5.]
             [2. 2. 1. 1. 1.],
  "Velocidade": [ 0.63367831  2.06453841 -2.48264218 -4.00157911 -0.94995731]
                [0.63367831 0.63367831 0.         0.         0.        ],
  "funcao_objetivo": 0.84833341377877171681712847643323502243569211516945,
  "confiabilidade_total": 0.99351674711210497833383509018060894423237161193458
}
 
Individuo 30:
{
  "Posicao": [0. 7. 8. 4. 2.]
             [1. 1. 1. 1. 2.],
  "Velocidade": [-0.88739328 -0.46727581  1.43173752 -4.26563638  2.12770389]
                [-0.88739328 -0.88739328  0.          0.          0.88739328],
  "funcao_objetivo": 0.95326128972861366838528929803666715564241001421623,
  "confiabilidade_total": 0.95326128972861366838528929803666715564241001421623
}
 
Individuo 31:
{
  "Posicao": [9. 9. 6. 3. 9.]
             [1. 2. 1. 1. 1.],
  "Velocidade": [5.16400451 6.61074006 5.90367407 2.79953261 3.44673032]
                [-1.96129153  0.          0.          0.          0.        ],
  "funcao_objetivo": 0.95761783178648217683280569275646123490076873940000,
  "confiabilidade_total": 0.95761783178648217683280569275646123490076873940000
}
 
Individuo 32:
{
  "Posicao": [2. 0. 3. 4. 1.]
             [3. 3. 1. 1. 2.],
  "Velocidade": [ 1.9378603   0.26214358  3.32492699 -1.9378603  -6.32960653]
                [ 1.9378603   1.9378603   0.          0.         -0.46502372],
  "funcao_objetivo": -0.08297430883888619396881219728906370117185266498774,
  "confiabilidade_total": 0.99939235782778061616827519827116549597265569682867
}
 
Individuo 33:
{
  "Posicao": [2. 5. 1. 5. 3.]
             [3. 3. 2. 1. 1.],
  "Velocidade": [ 2.4983691   0.16831394 -0.05300563  0.          2.86325707]
                [-0.34587075 -0.34587075  0.34587075  0.          0.        ],
  "funcao_objetivo": 0.34164312624324261023641211303773770673622731895172,
  "confiabilidade_total": 0.99904312624324260848225973412999037286688928336822
}
 
Individuo 34:
{
  "Posicao": [7. 0. 5. 0. 4.]
             [3. 3. 1. 1. 3.],
  "Velocidade": [ 3.38348245  0.23219674  0.6591431  -5.29129893  4.29511315]
                [1.90781648 1.90781648 0.         0.         2.24333098],
  "funcao_objetivo": -0.36083217552673354238130393077329848682539352840671,
  "confiabilidade_total": 0.99898449113993313115394251490766997659547439151517
}
 
Individuo 35:
{
  "Posicao": [5. 8. 6. 5. 3.]
             [3. 3. 1. 1. 1.],
  "Velocidade": [ 1.88818891  8.00094232  0.53235015  5.11770379 -0.33361225]
                [2.52313121 2.52313121 0.         0.         0.        ],
  "funcao_objetivo": 0.73465745229250676659013787182744685596525584521294,
  "confiabilidade_total": 0.99797411895917354870519612584872497281730090441704
}
 
Individuo 36:
{
  "Posicao": [6. 1. 9. 9. 4.]
             [1. 2. 1. 1. 1.],
  "Velocidade": [ 4.56481757 -4.98477402  6.81384288  5.41982311  1.20747563]
                [-1.84719785  0.          0.          0.          0.        ],
  "funcao_objetivo": 0.96064539978696679460746803607834865833479692107426,
  "confiabilidade_total": 0.96064539978696679460746803607834865833479692107426
}
 
Individuo 37:
{
  "Posicao": [1. 4. 5. 6. 3.]
             [1. 1. 1. 1. 1.],
  "Velocidade": [ 1.21998034 -1.73796107 -0.77947872  0.59844803 -0.48686092]
                [-0.59844803 -0.59844803  0.          0.          0.        ],
  "funcao_objetivo": 0.94662476329364224742061142630318658012649845931554,
  "confiabilidade_total": 0.94662476329364224742061142630318658012649845931554
}
 
Individuo 38:
{
  "Posicao": [1. 4. 7. 4. 1.]
             [2. 2. 1. 1. 1.],
  "Velocidade": [-1.34341538 -1.83300511  3.43454866  0.4449334  -2.60695268]
                [-0.20158091 -0.20158091  0.          0.          0.        ],
  "funcao_objetivo": 0.81627861344522564838482495855758171311617442250092,
  "confiabilidade_total": 0.99254528011189254955464925825752144229636140942414
}
 
Individuo 39:
{
  "Posicao": [9. 9. 9. 9. 9.]
             [3. 3. 1. 1. 1.],
  "Velocidade": [ 5.40313643  2.72666427  8.75777273 10.35855337  7.54941274]
                [3.31219724 3.31219724 0.         0.         0.        ],
  "funcao_objetivo": 0.015275380428403612549442341684181115880398638318949,
  "confiabilidade_total": 0.99712538042840344654889569973077519173899162537950
}
 
Individuo 40:
{
  "Posicao": [1. 4. 9. 5. 0.]
             [1. 1. 1. 1. 1.],
  "Velocidade": [-2.0575641  -5.11792413  0.77409651  0.         -9.05580305]
                [-0.52892424 -0.52892424  0.          0.          0.        ],
  "funcao_objetivo": 0.94577144575021124841375811206822790051761187060511,
  "confiabilidade_total": 0.94577144575021124841375811206822790051761187060511
}
 
Individuo 41:
{
  "Posicao": [2. 3. 6. 5. 1.]
             [2. 2. 1. 1. 1.],
  "Velocidade": [-0.31281617  0.93228947  3.66792078 -1.91279216 -1.02155999]
                [0.95639608 0.95639608 0.         0.         0.        ],
  "funcao_objetivo": 0.80364760890627474303213206861361482622945561856316,
  "confiabilidade_total": 0.99206427557294128098694274707046657311642423123406
}
 
Individuo 42:
{
  "Posicao": [1. 0. 3. 0. 9.]
             [3. 3. 1. 1. 1.],
  "Velocidade": [ 0.61524882 -6.50738847 -1.06671248 -3.6172419   3.57124144]
                [1.80862095 1.80862095 0.         0.         0.        ],
  "funcao_objetivo": 0.14869891727345139727066458041281553270778549632713,
  "confiabilidade_total": 0.99946558394011834587476760722256845148763550243064
}
 
Individuo 43:
{
  "Posicao": [2. 3. 5. 5. 4.]
             [1. 1. 1. 1. 1.],
  "Velocidade": [ 1.13830943 -1.96728638 -1.5113358   0.          1.77135185]
                [-1.13830943 -1.13830943  0.          0.          0.        ],
  "funcao_objetivo": 0.94566057250683876733360049919359830223893573029221,
  "confiabilidade_total": 0.94566057250683876733360049919359830223893573029221
}
 
Individuo 44:
{
  "Posicao": [1. 6. 4. 8. 5.]
             [2. 2. 1. 1. 1.],
  "Velocidade": [ 0.6720428   0.96836471  4.08009736 -0.65931385 -4.46405731]
                [ 0.6720428   0.6720428   0.          0.         -1.08335317],
  "funcao_objetivo": 0.91373284359053686638701095524079377504213840974506,
  "confiabilidade_total": 0.99123284359053696297641409762941279189809353364643
}
 
Individuo 45:
{
  "Posicao": [2. 5. 7. 4. 1.]
             [2. 2. 1. 1. 1.],
  "Velocidade": [ 0.20192475 -3.40600697 -0.16303092 -2.97795658 -4.91650047]
                [-1.48897829 -1.48897829  0.          0.          0.        ],
  "funcao_objetivo": 0.90038723460239231588084393955360784258675603347519,
  "confiabilidade_total": 0.99138723460239245221623136352283100660872487502792
}
 
Individuo 46:
{
  "Posicao": [3. 6. 5. 7. 8.]
             [1. 1. 1. 1. 1.],
  "Velocidade": [ 2.51990173  0.31877149 -2.02300082  2.90131062  8.2573561 ]
                [-2.51990173 -2.51990173  0.          0.         -2.51990173],
  "funcao_objetivo": 0.93844940191460957118584085496280769563989378942134,
  "confiabilidade_total": 0.93844940191460957118584085496280769563989378942134
}
 
Individuo 47:
{
  "Posicao": [1. 6. 9. 8. 1.]
             [3. 3. 1. 1. 1.],
  "Velocidade": [-1.17022802  1.60949693  5.27096177  7.71627224 -1.89683844]
                [0.59599253 0.59599253 0.         0.         0.        ],
  "funcao_objetivo": 0.34734097295780901300763688523387956228445826952494,
  "confiabilidade_total": 0.99859097295780917510019848050673446413468181078471
}
 
Individuo 48:
{
  "Posicao": [7. 0. 8. 2. 5.]
             [3. 3. 1. 1. 1.],
  "Velocidade": [-1.05834563 -1.89423403  7.88306599 -0.48024642  5.47398825]
                [2.46460631 2.46460631 0.         0.         0.        ],
  "funcao_objetivo": 0.44461298179837294582445734901039270555838066124428,
  "confiabilidade_total": 0.99877964846503930903016395146760498976572471642007
}
 
Individuo 49:
{
  "Posicao": [5. 2. 2. 9. 8.]
             [2. 2. 1. 1. 3.],
  "Velocidade": [0.95558173 1.86372168 0.49879746 0.4573019  0.38164292]
                [0.75333371 0.75333371 0.         0.         0.51741932],
  "funcao_objetivo": 0.59152341583596151954090231244544013590339761496310,
  "confiabilidade_total": 0.99249008250262822684913316722367055901114087820773
}
 
Individuo 50:
{
  "Posicao": [2. 5. 8. 5. 1.]
             [3. 3. 1. 1. 1.],
  "Velocidade": [ 0.94160335 -0.44881879  4.09447105 -0.96883804  0.89441314]
                [0.70694898 0.70694898 0.         0.         0.        ],
  "funcao_objetivo": 0.66698299896166203715103494948330427639188881799295,
  "confiabilidade_total": 0.99856633229499532267076335562656260214748497888162
}
 
-----------------------------------------
-----------------------------------------
-----------------------------------------
-----------------------------------------
GERACAO 5
Populacao antes da execucao:
Individuo 1:
{
  "Posicao": [1. 5. 7. 5. 1.]
             [2. 2. 1. 1. 1.],
  "Velocidade": [ 0.          1.77079547  4.14146047  0.         -2.78867806]
                [0. 0. 0. 0. 0.],
  "funcao_objetivo": 0.99145235205552033101988273667032505537625256790297,
  "confiabilidade_total": 0.99145235205552033101988273667032505537625256790297
}
 
Individuo 2:
{
  "Posicao": [6. 2. 5. 8. 0.]
             [2. 2. 1. 1. 1.],
  "Velocidade": [ 1.70543265  0.37410168  2.06593279  7.75088399 -4.02875182]
                [0. 0. 0. 0. 0.],
  "funcao_objetivo": 0.86534238378394194858855042355711346023306195064113,
  "confiabilidade_total": 0.99100905045060870836592142212024198376163784785793
}
 
Individuo 3:
{
  "Posicao": [4. 6. 9. 0. 1.]
             [2. 3. 1. 1. 1.],
  "Velocidade": [-4.79725403 -1.62962089  7.79065658  0.40707818 -5.37591808]
                [ 0.          2.0538759   0.         -1.74478031  0.        ],
  "funcao_objetivo": 0.48650397209931699845479976614654062247905734117712,
  "confiabilidade_total": 0.99440397209931693330691268114235483042035105760779
}
 
Individuo 4:
{
  "Posicao": [9. 6. 9. 9. 9.]
             [2. 3. 1. 2. 1.],
  "Velocidade": [ 4.18913126 -0.11416194  2.39661597  8.70279463  5.54155159]
                [0.         2.08992014 0.         0.21806029 0.        ],
  "funcao_objetivo": 0.13333168568008805866108190079471633416448042522044,
  "confiabilidade_total": 0.99283168568008787836086270166929416936669752727122
}
 
Individuo 5:
{
  "Posicao": [9. 5. 1. 0. 9.]
             [2. 2. 1. 1. 1.],
  "Velocidade": [ 1.35005104  4.66980827  0.59398679  0.02687182 -0.45400016]
                [0.        0.8771331 0.        0.        0.       ],
  "funcao_objetivo": 0.91711167567996625146168957093671682517187410588550,
  "confiabilidade_total": 0.99111167567996609861173465566829012234838420148181
}
 
Individuo 6:
{
  "Posicao": [9. 9. 3. 9. 0.]
             [1. 3. 1. 1. 1.],
  "Velocidade": [ 6.36405982  2.67011531 -0.84939826 12.46321728 -1.77726908]
                [-3.79231311  3.79231311  0.          0.          0.        ],
  "funcao_objetivo": 0.67563125963091966649466009834098868306587930409403,
  "confiabilidade_total": 0.96661459296425303807887737342638202246140237538310
}
 
Individuo 7:
{
  "Posicao": [1. 3. 4. 9. 5.]
             [2. 3. 1. 1. 1.],
  "Velocidade": [ 0.          1.93943536  3.64639187  3.27681582 -4.34718989]
                [ 0.         -0.48150286  0.          0.          0.        ],
  "funcao_objetivo": 0.59092063588536278951872367972269346202721040876507,
  "confiabilidade_total": 0.99622063588536258883480974847939721505155008466839
}
 
Individuo 8:
{
  "Posicao": [6. 2. 3. 0. 9.]
             [2. 2. 2. 1. 1.],
  "Velocidade": [ 0.16343662 -3.08739178 -1.94722228 -3.16637022  4.2821275 ]
                [ 0.          1.34287026 -0.19395913  0.          0.        ],
  "funcao_objetivo": 0.57682827904678447822342076514505437563931840679152,
  "confiabilidade_total": 0.99662827904678474144619767352341854467815059444411
}
 
Individuo 9:
{
  "Posicao": [9. 5. 0. 5. 2.]
             [2. 2. 1. 2. 1.],
  "Velocidade": [3.97720089 3.20107756 0.29490498 0.         2.36356771]
                [-1.09659534 -1.09659534  0.         -0.99140083  0.        ],
  "funcao_objetivo": 0.81440872383151534033612747393627376136017414504773,
  "confiabilidade_total": 0.99477539049818186628387614107205752356556626731640
}
 
Individuo 10:
{
  "Posicao": [2. 6. 8. 5. 2.]
             [1. 2. 1. 2. 1.],
  "Velocidade": [ 0.77957801  1.43930784  3.47871745  0.         -1.05320874]
                [-0.77957801  0.          0.          0.77957801  0.        ],
  "funcao_objetivo": 0.89429713436150728753509203823507412517238249071910,
  "confiabilidade_total": 0.97379713436150721936739832625046254316139806994273
}
 
Individuo 11:
{
  "Posicao": [6. 0. 2. 1. 7.]
             [2. 1. 1. 1. 1.],
  "Velocidade": [ 2.55294927 -6.43662497  0.13317905 -0.89572651  0.30208312]
                [0.         0.11987073 0.         0.         0.        ],
  "funcao_objetivo": 0.97942313690648056402606636047184139405944507010324,
  "confiabilidade_total": 0.97942313690648056402606636047184139405944507010324
}
 
Individuo 12:
{
  "Posicao": [1. 6. 9. 5. 0.]
             [3. 3. 1. 1. 1.],
  "Velocidade": [ 0.          6.02993381  4.51417777  0.         -9.11416705]
                [ 1.86377384  1.86377384 -1.86377384  0.          0.        ],
  "funcao_objetivo": 0.34486653561487114386537017316480112241636251157293,
  "confiabilidade_total": 0.99864986894820463784057368292745147811304067319403
}
 
Individuo 13:
{
  "Posicao": [1. 2. 6. 5. 1.]
             [3. 3. 1. 2. 2.],
  "Velocidade": [ 0.          1.60394554  0.44955662  0.         -8.1727762 ]
                [ 0.55886602  0.55886602  0.         -0.02901765 -0.02901765],
  "funcao_objetivo": -0.08728922730683462611153596482639712616607242290900,
  "confiabilidade_total": 0.99956077269316557870240761802248145118549770648553
}
 
Individuo 14:
{
  "Posicao": [9. 3. 5. 9. 9.]
             [2. 1. 1. 1. 3.],
  "Velocidade": [10.41092166  2.79940769  1.1161478   2.80125867  3.92465426]
                [ 0.         -4.65112142  0.          0.          0.70173285],
  "funcao_objetivo": 0.44700705505230757548986235839409503447175927196527,
  "confiabilidade_total": 0.96514038838564093788143298958319221915961213146234
}
 
Individuo 15:
{
  "Posicao": [1. 3. 7. 5. 2.]
             [2. 2. 1. 3. 1.],
  "Velocidade": [-0.56533483  0.79889856  2.81134206  0.         -0.51423883]
                [0.56533483 0.56533483 0.         2.04982676 0.        ],
  "funcao_objetivo": 0.56289168983591626793879848933397817407375643805914,
  "confiabilidade_total": 0.99650835650258271003695322165481422078436682776861
}
 
Individuo 16:
{
  "Posicao": [0. 5. 6. 7. 9.]
             [3. 2. 1. 1. 1.],
  "Velocidade": [-7.84203523 -2.57367302  5.99629057  7.28879965  9.17460667]
                [2.28874174 0.         0.         0.         0.        ],
  "funcao_objetivo": 0.66407090509952925449831778362447801797965641818457,
  "confiabilidade_total": 0.99398757176619627895285785282492577850202198825293
}
 
Individuo 17:
{
  "Posicao": [9. 2. 9. 3. 0.]
             [2. 2. 3. 1. 1.],
  "Velocidade": [ 4.16974012  1.26559998  3.92474294 -1.20881949 -2.04532951]
                [1.20881949 1.20881949 2.24262253 0.         0.        ],
  "funcao_objetivo": 0.13668504951604886866587423840399718509938685012353,
  "confiabilidade_total": 0.99630171618271567525024795516372545288827387404931
}
 
Individuo 18:
{
  "Posicao": [3. 7. 9. 0. 9.]
             [1. 1. 2. 1. 1.],
  "Velocidade": [  2.29505727   2.74737763   6.0536551  -10.33403843  13.94268684]
                [-2.29505727 -2.29505727 -0.58500901  0.          0.        ],
  "funcao_objetivo": 0.97246981919666498870442130026384330877420392388369,
  "confiabilidade_total": 0.97246981919666498870442130026384330877420392388369
}
 
Individuo 19:
{
  "Posicao": [2. 2. 8. 2. 3.]
             [2. 2. 1. 3. 1.],
  "Velocidade": [-0.88634168  1.85387739  2.94367017  0.56651412  0.05260491]
                [-0.4213733  -0.4213733   0.         -0.21290958  0.        ],
  "funcao_objetivo": 0.36411138682372024472097463266783123927379198191321,
  "confiabilidade_total": 0.99611138682372025093822357056870786564612932322180
}
 
Individuo 20:
{
  "Posicao": [6. 0. 0. 9. 9.]
             [1. 1. 1. 1. 1.],
  "Velocidade": [  1.73211327  -7.33881258 -11.41174639  14.85368695  10.677612  ]
                [-4.28258549 -4.28258549  0.         -0.60462115  0.        ],
  "funcao_objetivo": 0.95494149749581728478344698706804528700159244568571,
  "confiabilidade_total": 0.95494149749581728478344698706804528700159244568571
}
 
Individuo 21:
{
  "Posicao": [0. 4. 5. 7. 4.]
             [1. 1. 1. 1. 1.],
  "Velocidade": [-7.21579043 -4.75611525 -2.58282071  4.40191516  1.55490634]
                [-2.20095758 -2.20095758  0.         -2.20095758 -2.20095758],
  "funcao_objetivo": 0.94954190683542907489224279052622687986102439215751,
  "confiabilidade_total": 0.94954190683542907489224279052622687986102439215751
}
 
Individuo 22:
{
  "Posicao": [1. 6. 8. 5. 1.]
             [1. 3. 1. 1. 1.],
  "Velocidade": [-1.07574241  4.3447133   7.59912829 -2.05428974 -6.79755723]
                [-0.85416448  0.85416448  0.          0.          0.        ],
  "funcao_objetivo": 0.92761876011526464865305611167284842688940972682931,
  "confiabilidade_total": 0.97403542678193126171445440602154013343506068584420
}
 
Individuo 23:
{
  "Posicao": [1. 5. 8. 4. 2.]
             [1. 1. 2. 1. 1.],
  "Velocidade": [ 0.         -0.01602568  2.68085998  1.10694345 -1.58825425]
                [-0.96689585 -0.96689585  0.96689585  0.          0.        ],
  "funcao_objetivo": 0.96645438316077736822797089929576811063688788559904,
  "confiabilidade_total": 0.96645438316077736822797089929576811063688788559904
}
 
Individuo 24:
{
  "Posicao": [8. 6. 9. 9. 2.]
             [2. 2. 1. 2. 2.],
  "Velocidade": [-0.77202011  0.22190331  1.47698028  0.78652798  1.95461967]
                [ 0.63907329  0.63907329  0.         -0.77927405 -0.77927405],
  "funcao_objetivo": 0.33926591838387032113654822534100795752187334015550,
  "confiabilidade_total": 0.99291591838387035768509019600116126826782785370531
}
 
Individuo 25:
{
  "Posicao": [3. 4. 8. 3. 5.]
             [1. 1. 1. 2. 1.],
  "Velocidade": [ 0.70345438 -0.5773614   3.61548278 -2.4436792   1.69443338]
                [-0.81455973 -0.81455973  0.          0.81455973  0.        ],
  "funcao_objetivo": 0.96469922261772233297109709782707008270252697560729,
  "confiabilidade_total": 0.96469922261772233297109709782707008270252697560729
}
 
Individuo 26:
{
  "Posicao": [1. 8. 9. 1. 0.]
             [3. 3. 1. 1. 1.],
  "Velocidade": [-0.36418835  5.28014379  7.4848875  -6.96773658 -6.50859665]
                [2.20355192 2.20355192 0.35708081 0.         0.        ],
  "funcao_objetivo": 0.37909341551169655270572373500165951445971296275610,
  "confiabilidade_total": 0.99876008217836330715402421536403664395485685313695
}
 
Individuo 27:
{
  "Posicao": [0. 7. 9. 8. 4.]
             [2. 1. 1. 1. 1.],
  "Velocidade": [-0.98608795  4.23123676  6.40581927  2.95826384  0.87608675]
                [ 0.         -0.98608795  0.          0.          0.        ],
  "funcao_objetivo": 0.96278962164020665696563623421485603188855680720612,
  "confiabilidade_total": 0.96278962164020665696563623421485603188855680720612
}
 
Individuo 28:
{
  "Posicao": [0. 5. 4. 7. 3.]
             [1. 1. 2. 1. 1.],
  "Velocidade": [-7.45402873 -0.92473626 -3.59407807  1.26871965 -1.14703031]
                [-1.41527387 -1.41527387  1.41527387  0.          0.        ],
  "funcao_objetivo": 0.96522192872961033249524219561375574832919837639723,
  "confiabilidade_total": 0.96522192872961033249524219561375574832919837639723
}
 
Individuo 29:
{
  "Posicao": [1. 9. 0. 0. 5.]
             [2. 2. 1. 1. 1.],
  "Velocidade": [ 0.63367831  2.06453841 -2.48264218 -4.00157911 -0.94995731]
                [0.63367831 0.63367831 0.         0.         0.        ],
  "funcao_objetivo": 0.84833341377877171681712847643323502243569211516945,
  "confiabilidade_total": 0.99351674711210497833383509018060894423237161193458
}
 
Individuo 30:
{
  "Posicao": [0. 7. 8. 4. 2.]
             [1. 1. 1. 1. 2.],
  "Velocidade": [-0.88739328 -0.46727581  1.43173752 -4.26563638  2.12770389]
                [-0.88739328 -0.88739328  0.          0.          0.88739328],
  "funcao_objetivo": 0.95326128972861366838528929803666715564241001421623,
  "confiabilidade_total": 0.95326128972861366838528929803666715564241001421623
}
 
Individuo 31:
{
  "Posicao": [9. 9. 6. 3. 9.]
             [1. 2. 1. 1. 1.],
  "Velocidade": [5.16400451 6.61074006 5.90367407 2.79953261 3.44673032]
                [-1.96129153  0.          0.          0.          0.        ],
  "funcao_objetivo": 0.95761783178648217683280569275646123490076873940000,
  "confiabilidade_total": 0.95761783178648217683280569275646123490076873940000
}
 
Individuo 32:
{
  "Posicao": [2. 0. 3. 4. 1.]
             [3. 3. 1. 1. 2.],
  "Velocidade": [ 1.9378603   0.26214358  3.32492699 -1.9378603  -6.32960653]
                [ 1.9378603   1.9378603   0.          0.         -0.46502372],
  "funcao_objetivo": -0.08297430883888619396881219728906370117185266498774,
  "confiabilidade_total": 0.99939235782778061616827519827116549597265569682867
}
 
Individuo 33:
{
  "Posicao": [2. 5. 1. 5. 3.]
             [3. 3. 2. 1. 1.],
  "Velocidade": [ 2.4983691   0.16831394 -0.05300563  0.          2.86325707]
                [-0.34587075 -0.34587075  0.34587075  0.          0.        ],
  "funcao_objetivo": 0.34164312624324261023641211303773770673622731895172,
  "confiabilidade_total": 0.99904312624324260848225973412999037286688928336822
}
 
Individuo 34:
{
  "Posicao": [7. 0. 5. 0. 4.]
             [3. 3. 1. 1. 3.],
  "Velocidade": [ 3.38348245  0.23219674  0.6591431  -5.29129893  4.29511315]
                [1.90781648 1.90781648 0.         0.         2.24333098],
  "funcao_objetivo": -0.36083217552673354238130393077329848682539352840671,
  "confiabilidade_total": 0.99898449113993313115394251490766997659547439151517
}
 
Individuo 35:
{
  "Posicao": [5. 8. 6. 5. 3.]
             [3. 3. 1. 1. 1.],
  "Velocidade": [ 1.88818891  8.00094232  0.53235015  5.11770379 -0.33361225]
                [2.52313121 2.52313121 0.         0.         0.        ],
  "funcao_objetivo": 0.73465745229250676659013787182744685596525584521294,
  "confiabilidade_total": 0.99797411895917354870519612584872497281730090441704
}
 
Individuo 36:
{
  "Posicao": [6. 1. 9. 9. 4.]
             [1. 2. 1. 1. 1.],
  "Velocidade": [ 4.56481757 -4.98477402  6.81384288  5.41982311  1.20747563]
                [-1.84719785  0.          0.          0.          0.        ],
  "funcao_objetivo": 0.96064539978696679460746803607834865833479692107426,
  "confiabilidade_total": 0.96064539978696679460746803607834865833479692107426
}
 
Individuo 37:
{
  "Posicao": [1. 4. 5. 6. 3.]
             [1. 1. 1. 1. 1.],
  "Velocidade": [ 1.21998034 -1.73796107 -0.77947872  0.59844803 -0.48686092]
                [-0.59844803 -0.59844803  0.          0.          0.        ],
  "funcao_objetivo": 0.94662476329364224742061142630318658012649845931554,
  "confiabilidade_total": 0.94662476329364224742061142630318658012649845931554
}
 
Individuo 38:
{
  "Posicao": [1. 4. 7. 4. 1.]
             [2. 2. 1. 1. 1.],
  "Velocidade": [-1.34341538 -1.83300511  3.43454866  0.4449334  -2.60695268]
                [-0.20158091 -0.20158091  0.          0.          0.        ],
  "funcao_objetivo": 0.81627861344522564838482495855758171311617442250092,
  "confiabilidade_total": 0.99254528011189254955464925825752144229636140942414
}
 
Individuo 39:
{
  "Posicao": [9. 9. 9. 9. 9.]
             [3. 3. 1. 1. 1.],
  "Velocidade": [ 5.40313643  2.72666427  8.75777273 10.35855337  7.54941274]
                [3.31219724 3.31219724 0.         0.         0.        ],
  "funcao_objetivo": 0.015275380428403612549442341684181115880398638318949,
  "confiabilidade_total": 0.99712538042840344654889569973077519173899162537950
}
 
Individuo 40:
{
  "Posicao": [1. 4. 9. 5. 0.]
             [1. 1. 1. 1. 1.],
  "Velocidade": [-2.0575641  -5.11792413  0.77409651  0.         -9.05580305]
                [-0.52892424 -0.52892424  0.          0.          0.        ],
  "funcao_objetivo": 0.94577144575021124841375811206822790051761187060511,
  "confiabilidade_total": 0.94577144575021124841375811206822790051761187060511
}
 
Individuo 41:
{
  "Posicao": [2. 3. 6. 5. 1.]
             [2. 2. 1. 1. 1.],
  "Velocidade": [-0.31281617  0.93228947  3.66792078 -1.91279216 -1.02155999]
                [0.95639608 0.95639608 0.         0.         0.        ],
  "funcao_objetivo": 0.80364760890627474303213206861361482622945561856316,
  "confiabilidade_total": 0.99206427557294128098694274707046657311642423123406
}
 
Individuo 42:
{
  "Posicao": [1. 0. 3. 0. 9.]
             [3. 3. 1. 1. 1.],
  "Velocidade": [ 0.61524882 -6.50738847 -1.06671248 -3.6172419   3.57124144]
                [1.80862095 1.80862095 0.         0.         0.        ],
  "funcao_objetivo": 0.14869891727345139727066458041281553270778549632713,
  "confiabilidade_total": 0.99946558394011834587476760722256845148763550243064
}
 
Individuo 43:
{
  "Posicao": [2. 3. 5. 5. 4.]
             [1. 1. 1. 1. 1.],
  "Velocidade": [ 1.13830943 -1.96728638 -1.5113358   0.          1.77135185]
                [-1.13830943 -1.13830943  0.          0.          0.        ],
  "funcao_objetivo": 0.94566057250683876733360049919359830223893573029221,
  "confiabilidade_total": 0.94566057250683876733360049919359830223893573029221
}
 
Individuo 44:
{
  "Posicao": [1. 6. 4. 8. 5.]
             [2. 2. 1. 1. 1.],
  "Velocidade": [ 0.6720428   0.96836471  4.08009736 -0.65931385 -4.46405731]
                [ 0.6720428   0.6720428   0.          0.         -1.08335317],
  "funcao_objetivo": 0.91373284359053686638701095524079377504213840974506,
  "confiabilidade_total": 0.99123284359053696297641409762941279189809353364643
}
 
Individuo 45:
{
  "Posicao": [2. 5. 7. 4. 1.]
             [2. 2. 1. 1. 1.],
  "Velocidade": [ 0.20192475 -3.40600697 -0.16303092 -2.97795658 -4.91650047]
                [-1.48897829 -1.48897829  0.          0.          0.        ],
  "funcao_objetivo": 0.90038723460239231588084393955360784258675603347519,
  "confiabilidade_total": 0.99138723460239245221623136352283100660872487502792
}
 
Individuo 46:
{
  "Posicao": [3. 6. 5. 7. 8.]
             [1. 1. 1. 1. 1.],
  "Velocidade": [ 2.51990173  0.31877149 -2.02300082  2.90131062  8.2573561 ]
                [-2.51990173 -2.51990173  0.          0.         -2.51990173],
  "funcao_objetivo": 0.93844940191460957118584085496280769563989378942134,
  "confiabilidade_total": 0.93844940191460957118584085496280769563989378942134
}
 
Individuo 47:
{
  "Posicao": [1. 6. 9. 8. 1.]
             [3. 3. 1. 1. 1.],
  "Velocidade": [-1.17022802  1.60949693  5.27096177  7.71627224 -1.89683844]
                [0.59599253 0.59599253 0.         0.         0.        ],
  "funcao_objetivo": 0.34734097295780901300763688523387956228445826952494,
  "confiabilidade_total": 0.99859097295780917510019848050673446413468181078471
}
 
Individuo 48:
{
  "Posicao": [7. 0. 8. 2. 5.]
             [3. 3. 1. 1. 1.],
  "Velocidade": [-1.05834563 -1.89423403  7.88306599 -0.48024642  5.47398825]
                [2.46460631 2.46460631 0.         0.         0.        ],
  "funcao_objetivo": 0.44461298179837294582445734901039270555838066124428,
  "confiabilidade_total": 0.99877964846503930903016395146760498976572471642007
}
 
Individuo 49:
{
  "Posicao": [5. 2. 2. 9. 8.]
             [2. 2. 1. 1. 3.],
  "Velocidade": [0.95558173 1.86372168 0.49879746 0.4573019  0.38164292]
                [0.75333371 0.75333371 0.         0.         0.51741932],
  "funcao_objetivo": 0.59152341583596151954090231244544013590339761496310,
  "confiabilidade_total": 0.99249008250262822684913316722367055901114087820773
}
 
Individuo 50:
{
  "Posicao": [2. 5. 8. 5. 1.]
             [3. 3. 1. 1. 1.],
  "Velocidade": [ 0.94160335 -0.44881879  4.09447105 -0.96883804  0.89441314]
                [0.70694898 0.70694898 0.         0.         0.        ],
  "funcao_objetivo": 0.66698299896166203715103494948330427639188881799295,
  "confiabilidade_total": 0.99856633229499532267076335562656260214748497888162
}
 
-----------------------------------------
Populacao final da era:
Individuo 1:
{
  "Posicao": [1. 7. 9. 5. 0.]
             [2. 2. 1. 1. 1.],
  "Velocidade": [ 0.          1.70101906  3.9782704   0.         -2.67879302]
                [0. 0. 0. 0. 0.],
  "funcao_objetivo": 0.95724529998054916965306222158429962145976026205244,
  "confiabilidade_total": 0.99114529998054917617007137613396851374647815374556
}
 
Individuo 2:
{
  "Posicao": [0. 9. 9. 5. 1.]
             [2. 2. 1. 1. 1.],
  "Velocidade": [-6.80978584  7.61212203  5.90972157 -3.44721133  0.54243625]
                [0. 0. 0. 0. 0.],
  "funcao_objetivo": 0.81268654744968836256670639322640104685660561813126,
  "confiabilidade_total": 0.99085321411635503019556634790153671522375306380997
}
 
Individuo 3:
{
  "Posicao": [3. 7. 8. 4. 2.]
             [2. 2. 1. 1. 1.],
  "Velocidade": [-0.521685    0.74253593 -0.6682524   4.45642561  0.51049789]
                [ 0.         -1.3936951   0.          0.25738316  0.        ],
  "funcao_objetivo": 0.87631303131378594619206185230795473818244846243256,
  "confiabilidade_total": 0.99014636464711924647775648596579505157234580892914
}
 
Individuo 4:
{
  "Posicao": [0. 4. 4. 0. 0.]
             [2. 1. 1. 1. 1.],
  "Velocidade": [-11.88312612  -1.87913251  -4.73963205 -14.48093827 -10.58399656]
                [ 0.         -3.26477384  0.         -1.56000116  0.        ],
  "funcao_objetivo": 0.90692365552700181819043415403906142160077811371859,
  "confiabilidade_total": 0.97842365552700168740616185319562095969696761261996
}
 
Individuo 5:
{
  "Posicao": [0. 2. 9. 9. 0.]
             [2. 1. 1. 1. 1.],
  "Velocidade": [-15.38658785  -3.24982178  12.30960036  11.61330704 -17.11955223]
                [ 0.         -0.70455364  0.          0.          0.        ],
  "funcao_objetivo": 0.96665504225174094202260438705571172695459746690331,
  "confiabilidade_total": 0.96965504225174081891968763783757307910678856940804
}
 
Individuo 6:
{
  "Posicao": [8. 8. 8. 8. 2.]
             [2. 2. 1. 1. 1.],
  "Velocidade": [-0.90708702 -0.94528663  5.06306015 -1.01327189  2.42740958]
                [ 0.69263367 -0.69263367  0.          0.          0.        ],
  "funcao_objetivo": 0.98753174113922988835091804259945397239478334426304,
  "confiabilidade_total": 0.98753174113922988835091804259945397239478334426304
}
 
Individuo 7:
{
  "Posicao": [1. 9. 9. 0. 0.]
             [2. 1. 1. 1. 1.],
  "Velocidade": [  0.           6.43117682   5.6490336  -15.40047031  -7.93402454]
                [ 0.         -4.76343419  0.          0.          0.        ],
  "funcao_objetivo": 0.97292748062511849912516972388277638079502117647589,
  "confiabilidade_total": 0.97292748062511849912516972388277638079502117647589
}
 
Individuo 8:
{
  "Posicao": [0. 6. 9. 7. 0.]
             [2. 3. 1. 1. 1.],
  "Velocidade": [ -9.53260381   4.02104721   6.46769796   7.13675744 -10.60795054]
                [ 0.          0.80119615 -2.02648451  0.          0.        ],
  "funcao_objetivo": 0.53735797874090306278302403436077565006674159194461,
  "confiabilidade_total": 0.99664131207423655054097860622254937939108241225711
}
 
Individuo 9:
{
  "Posicao": [9. 8. 3. 5. 3.]
             [1. 1. 1. 1. 1.],
  "Velocidade": [0.89090808 3.07494233 2.8809456  0.         1.3899958 ]
                [-1.32764698 -1.32764698  0.         -1.00998798  0.        ],
  "funcao_objetivo": 0.93549207261126363049527082052857559656410301891343,
  "confiabilidade_total": 0.93549207261126363049527082052857559656410301891343
}
 
Individuo 10:
{
  "Posicao": [1. 6. 8. 5. 1.]
             [2. 2. 1. 1. 1.],
  "Velocidade": [-0.95598305 -0.32224921 -0.25495064  0.         -0.82480053]
                [ 0.95598305  0.          0.         -0.95598305  0.        ],
  "funcao_objetivo": 0.96092136410569841466050395014686083125284917433084,
  "confiabilidade_total": 0.99133803077236512800279694376281705156303055364908
}
 
Individuo 11:
{
  "Posicao": [3. 1. 7. 4. 1.]
             [2. 2. 1. 1. 1.],
  "Velocidade": [-2.52609063  1.20455274  5.10637479  3.12232351 -5.68395238]
                [0.         1.11083604 0.         0.         0.        ],
  "funcao_objetivo": 0.85518357583149571950639910134981241445548825456538,
  "confiabilidade_total": 0.99268357583149573060862934760137781869180493547358
}
 
Individuo 12:
{
  "Posicao": [1. 3. 6. 5. 1.]
             [2. 2. 1. 1. 1.],
  "Velocidade": [ 0.         -2.53764668 -3.0026692   0.          0.90651364]
                [-1.21336691 -1.21336691  0.45876461  0.          0.        ],
  "funcao_objetivo": 0.88125299154106967238083873498823356787255294545206,
  "confiabilidade_total": 0.99250299154106961853502204066814135732641704304727
}
 
Individuo 13:
{
  "Posicao": [1. 3. 8. 5. 0.]
             [2. 2. 1. 2. 2.],
  "Velocidade": [ 0.          0.9036971   2.40213858  0.         -2.1212927 ]
                [-1.43345182 -1.43345182  0.         -0.36118666 -0.36118666],
  "funcao_objetivo": 0.42418450050755428530334306837202155182213408072328,
  "confiabilidade_total": 0.99635116717422088654086615046279610285610777457093
}
 
Individuo 14:
{
  "Posicao": [4. 5. 7. 1. 0.]
             [2. 3. 1. 1. 1.],
  "Velocidade": [ -5.25070418   2.1176149    2.44927482  -7.85770806 -11.48138676]
                [ 0.          2.80499851  0.          0.         -4.60021121],
  "funcao_objetivo": 0.74587191204385401586551444432390352594988605820397,
  "confiabilidade_total": 0.99472191204385402455856072713887923746692201935510
}
 
Individuo 15:
{
  "Posicao": [0. 9. 8. 5. 2.]
             [3. 3. 1. 1. 1.],
  "Velocidade": [-5.43058386e-01  6.23798076e+00  5.50106779e-01  0.00000000e+00
 -3.57098251e-03]
                [ 0.54305839  0.54305839  0.         -3.50150658  0.        ],
  "funcao_objetivo": 0.24931183654533902700488380466992330356498858859643,
  "confiabilidade_total": 0.99847850321200550789423101739372887267728946139916
}
 
Individuo 16:
{
  "Posicao": [0. 5. 7. 7. 7.]
             [3. 2. 1. 1. 1.],
  "Velocidade": [ 0.35634719  0.07068205  1.0696303   0.27705699 -1.97974907]
                [-0.10775978  0.          0.          0.          0.        ],
  "funcao_objetivo": 0.75334368853278945220881096606087507567851850690862,
  "confiabilidade_total": 0.99404368853278981032234978915136875472514936628362
}
 
Individuo 17:
{
  "Posicao": [5. 3. 9. 5. 1.]
             [1. 1. 2. 1. 1.],
  "Velocidade": [-3.7610454   1.49620454  0.39285967  2.21604556  0.68095598]
                [-0.75296277 -0.75296277 -1.22297849  0.          0.        ],
  "funcao_objetivo": 0.96451481770115519100568319728267966504875433391552,
  "confiabilidade_total": 0.96451481770115519100568319728267966504875433391552
}
 
Individuo 18:
{
  "Posicao": [5. 9. 9. 8. 9.]
             [3. 3. 1. 1. 1.],
  "Velocidade": [ 1.52349745  1.95799458  5.13399153  8.22402257 10.66878772]
                [ 1.86406015  1.86406015 -0.90252002  0.          0.        ],
  "funcao_objetivo": 0.40843379364431141546765684873252299614459638686436,
  "confiabilidade_total": 0.99756712697764459111971473797029008157760267348545
}
 
Individuo 19:
{
  "Posicao": [0. 7. 9. 6. 1.]
             [1. 1. 1. 1. 1.],
  "Velocidade": [-1.73851563  4.75276355  0.69802527  3.51612754 -1.72366661]
                [-0.71540781 -0.71540781  0.         -2.91063368  0.        ],
  "funcao_objetivo": 0.94605351168118300583275255716557535927364029943565,
  "confiabilidade_total": 0.94605351168118300583275255716557535927364029943565
}
 
Individuo 20:
{
  "Posicao": [6. 2. 8. 9. 9.]
             [3. 3. 1. 2. 1.],
  "Velocidade": [ 0.39317629  1.54831126  7.77290665 13.25184457  6.81356312]
                [3.85969757 3.85969757 0.         0.82941601 0.        ],
  "funcao_objetivo": 0.025421263590034757117242880157893383662529823394576,
  "confiabilidade_total": 0.99892126359003456704706106433109366313678824624614
}
 
Individuo 21:
{
  "Posicao": [6. 8. 9. 5. 0.]
             [2. 2. 1. 3. 3.],
  "Velocidade": [ 5.56468674  3.68478841  5.41753898 -1.94844386 -4.32836168]
                [0.97422193 0.97422193 0.         2.11423107 2.11423107],
  "funcao_objetivo": -0.095598178655684480643901983599328544310066223025565,
  "confiabilidade_total": 0.99438515467764904548336031930785522205498504650569
}
 
Individuo 22:
{
  "Posicao": [0. 9. 9. 4. 0.]
             [1. 3. 1. 1. 1.],
  "Velocidade": [-1.03335386  2.54557678  3.25933443 -1.16920239 -3.31314581]
                [ 0.00329035 -0.00329035  0.          0.          0.        ],
  "funcao_objetivo": 0.65319282215391228696067959820848280520155732898495,
  "confiabilidade_total": 0.97680948882057875625929843384565409229114358691952
}
 
Individuo 23:
{
  "Posicao": [1. 6. 9. 5. 2.]
             [1. 1. 2. 1. 1.],
  "Velocidade": [ 0.          0.60271458  0.52296069  1.26126183 -0.48738951]
                [0.11275115 0.11275115 0.11275115 0.         0.        ],
  "funcao_objetivo": 0.96364042481615642632365082476068427807476091883697,
  "confiabilidade_total": 0.96364042481615642632365082476068427807476091883697
}
 
Individuo 24:
{
  "Posicao": [0. 6. 5. 1. 0.]
             [1. 1. 1. 1. 1.],
  "Velocidade": [-16.43756307   0.33564626  -3.85403545  -7.95083451  -1.6784403 ]
                [-1.22537223 -1.22537223  0.         -2.4653442  -2.4653442 ],
  "funcao_objetivo": 0.95649355139229312787561427318043069174686477749995,
  "confiabilidade_total": 0.95649355139229312787561427318043069174686477749995
}
 
Individuo 25:
{
  "Posicao": [0. 9. 9. 7. 0.]
             [3. 3. 1. 1. 1.],
  "Velocidade": [-5.26360988  5.76698499  0.50334566  3.59195686 -6.89910139]
                [ 2.18720985  2.18720985  0.         -2.18720985  0.        ],
  "funcao_objetivo": 0.086827822558909244880313970910278929184124253432355,
  "confiabilidade_total": 0.99847782255890948282331260857382867277686335865696
}
 
Individuo 26:
{
  "Posicao": [0. 9. 9. 2. 3.]
             [3. 3. 1. 1. 1.],
  "Velocidade": [-1.98690524  2.20406868  4.73225303  1.49635487  2.5676809 ]
                [-0.06933948 -0.06933948  0.3430104   0.          0.        ],
  "funcao_objetivo": 0.094641667496594385974930385152472917516648688196859,
  "confiabilidade_total": 0.99865833416326096554090002656019179948133222091170
}
 
Individuo 27:
{
  "Posicao": [0. 9. 9. 8. 3.]
             [2. 1. 1. 1. 1.],
  "Velocidade": [ 0.09595405  3.19765575  4.45084824  0.28786215 -1.29441746]
                [0.         0.09595405 0.         0.         0.        ],
  "funcao_objetivo": 0.95975637658778425679633797974985057469161210453175,
  "confiabilidade_total": 0.95975637658778425679633797974985057469161210453175
}
 
Individuo 28:
{
  "Posicao": [6. 6. 5. 5. 1.]
             [1. 1. 2. 1. 1.],
  "Velocidade": [ 5.77901593  1.31950044  0.69142592 -1.54386161 -1.65662298]
                [ 0.02178789  0.02178789 -0.02178789  0.          0.        ],
  "funcao_objetivo": 0.96280153573686090714785603854803077106250023304384,
  "confiabilidade_total": 0.96280153573686090714785603854803077106250023304384
}
 
Individuo 29:
{
  "Posicao": [1. 7. 3. 0. 2.]
             [2. 2. 1. 1. 1.],
  "Velocidade": [-0.21808839 -1.65056706  3.35415613  0.33520445 -2.89268514]
                [-0.21808839 -0.21808839  0.          0.          0.        ],
  "funcao_objetivo": 0.91308494195839600154681841489484511611671488981685,
  "confiabilidade_total": 0.99350160862506272113411592202730687630982440214595
}
 
Individuo 30:
{
  "Posicao": [0. 6. 8. 1. 4.]
             [1. 1. 1. 1. 2.],
  "Velocidade": [ 0.02385183 -0.85650429  0.49904308 -2.54881724  1.84004336]
                [ 0.02385183  0.02385183  0.          0.         -0.02385183],
  "funcao_objetivo": 0.95443699733599481400130452323701343563714862873818,
  "confiabilidade_total": 0.95835366400266147084712335124031620513977349808480
}
 
Individuo 31:
{
  "Posicao": [5. 9. 9. 8. 4.]
             [2. 2. 1. 1. 1.],
  "Velocidade": [-3.69573431  1.4874682   6.08476018  4.58595692 -4.81068695]
                [0.93564029 0.         0.         0.         0.        ],
  "funcao_objetivo": 0.94786075487732436492686075333349536298582329638271,
  "confiabilidade_total": 0.98682742154399095194242688997601463119307532198696
}
 
Individuo 32:
{
  "Posicao": [0. 3. 2. 7. 7.]
             [1. 1. 1. 1. 1.],
  "Velocidade": [-2.74508032  3.16168875 -0.51509804  2.74508032  5.99362398]
                [-2.74508032 -2.74508032  0.          0.         -1.02867486],
  "funcao_objetivo": 0.95395584934294660043925425853671965366545673907351,
  "confiabilidade_total": 0.95395584934294660043925425853671965366545673907351
}
 
Individuo 33:
{
  "Posicao": [2. 5. 9. 5. 4.]
             [1. 1. 1. 1. 1.],
  "Velocidade": [0.45737376 0.1616817  9.67031329 0.         0.79940157]
                [-2.27479169 -2.27479169 -1.61030757  0.          0.        ],
  "funcao_objetivo": 0.93996007722705425759375948605940067646545999619211,
  "confiabilidade_total": 0.93996007722705425759375948605940067646545999619211
}
 
Individuo 34:
{
  "Posicao": [0. 9. 8. 3. 1.]
             [2. 2. 1. 1. 1.],
  "Velocidade": [-7.49327355  8.72609718  3.08978677  2.74553255 -3.26999829]
                [-1.08245921 -1.08245921  0.          0.         -1.65111522],
  "funcao_objetivo": 0.81121987040017947398153125791946162420293405850088,
  "confiabilidade_total": 0.99160320373351274455765775260811291585644796688711
}
 
Individuo 35:
{
  "Posicao": [2. 6. 6. 5. 3.]
             [3. 3. 1. 1. 1.],
  "Velocidade": [-2.56165644 -2.16629395 -0.39444812  0.34534334  0.34850087]
                [-0.09849554 -0.09849554  0.          0.          0.        ],
  "funcao_objetivo": 0.45324424888736593894774074442935212637339613222650,
  "confiabilidade_total": 0.99856091555403274384665713193001462123165733003190
}
 
Individuo 36:
{
  "Posicao": [4. 5. 9. 7. 4.]
             [2. 2. 1. 1. 1.],
  "Velocidade": [-1.97058181  3.7419319   3.06335824 -1.75772364 -0.14733718]
                [0.81656579 0.         0.         0.         0.        ],
  "funcao_objetivo": 0.87854907084299829582830160709339134488801457805149,
  "confiabilidade_total": 0.98913240417633171812750664705593545083503224772922
}
 
Individuo 37:
{
  "Posicao": [3. 3. 6. 5. 0.]
             [2. 2. 1. 1. 1.],
  "Velocidade": [ 1.80334277 -1.47266663  1.22344584 -0.88481409 -3.07132116]
                [0.88481409 0.88481409 0.         0.         0.        ],
  "funcao_objetivo": 0.79445163410453752671599455774716284865979009463924,
  "confiabilidade_total": 0.99128496743787088684271021870094069088343435123104
}
 
Individuo 38:
{
  "Posicao": [3. 5. 6. 2. 3.]
             [1. 1. 1. 1. 1.],
  "Velocidade": [ 1.85095004  1.04261    -1.41293051 -2.26671298  2.20791591]
                [-0.9789952 -0.9789952  0.         0.         0.       ],
  "funcao_objetivo": 0.94570540331701641582715919065307639249036036316442,
  "confiabilidade_total": 0.94570540331701641582715919065307639249036036316442
}
 
Individuo 39:
{
  "Posicao": [1. 5. 2. 0. 2.]
             [2. 2. 1. 1. 1.],
  "Velocidade": [-7.56218305 -3.75698436 -7.08463006 -8.73503015 -6.86816837]
                [-1.1477479 -1.1477479  0.         0.         0.       ],
  "funcao_objetivo": 0.89900119538909114175787661400654593628592241321211,
  "confiabilidade_total": 0.99391786205575769381251970520288574655301321063643
}
 
Individuo 40:
{
  "Posicao": [0. 6. 5. 5. 2.]
             [3. 3. 1. 1. 1.],
  "Velocidade": [-1.97648787  1.54312553 -4.20177556  0.          2.23958524]
                [2.76194192 2.76194192 0.         0.         0.        ],
  "funcao_objetivo": 0.40115033312759547272767597851478718238589870940502,
  "confiabilidade_total": 0.99881699979426187456914383792744707333562481414135
}
 
Individuo 41:
{
  "Posicao": [0. 9. 9. 3. 8.]
             [3. 3. 1. 1. 1.],
  "Velocidade": [-5.54985645 13.38897396 10.76744399 -1.83742051  6.99744323]
                [0.91871026 0.91871026 0.         0.         0.        ],
  "funcao_objetivo": 0.12381873319142270397741075263943485107371309795972,
  "confiabilidade_total": 0.99851873319142262599534550296843945171782473126050
}
 
Individuo 42:
{
  "Posicao": [1. 0. 7. 5. 1.]
             [2. 2. 1. 1. 1.],
  "Velocidade": [-0.17631597  0.31371495  4.38053363  4.62462129 -8.14722804]
                [-0.95676197 -0.95676197  0.          0.          0.        ],
  "funcao_objetivo": 0.94744304714109030707091266884042873325375843510283,
  "confiabilidade_total": 0.99464304714109058005810107879704467531843114361419
}
 
Individuo 43:
{
  "Posicao": [0. 6. 9. 5. 0.]
             [3. 3. 1. 1. 1.],
  "Velocidade": [-1.5340369   3.36521736  3.80320166  0.         -4.16599674]
                [1.5340369 1.5340369 0.        0.        0.       ],
  "funcao_objetivo": 0.24997722782687674182429368860925404148206936576424,
  "confiabilidade_total": 0.99881056116020987058053101768040885942087399222909
}
 
Individuo 44:
{
  "Posicao": [1. 5. 7. 6. 1.]
             [2. 2. 1. 1. 1.],
  "Velocidade": [-0.17724192 -0.64808405  2.89457436 -2.07699403 -4.01889253]
                [-0.17724192 -0.17724192  0.          0.          0.21786119],
  "funcao_objetivo": 0.99144923055849063289561050294535857901722111937151,
  "confiabilidade_total": 0.99144923055849063289561050294535857901722111937151
}
 
Individuo 45:
{
  "Posicao": [1. 2. 7. 2. 0.]
             [1. 1. 1. 1. 1.],
  "Velocidade": [-0.78000672 -3.09712475 -0.15660685 -1.88663838 -4.54809878]
                [-1.4303066 -1.4303066  0.         0.         0.       ],
  "funcao_objetivo": 0.95631671893741315882727021264397253278065079253668,
  "confiabilidade_total": 0.95631671893741315882727021264397253278065079253668
}
 
Individuo 46:
{
  "Posicao": [0. 6. 7. 6. 2.]
             [1. 1. 1. 1. 3.],
  "Velocidade": [-2.61000542 -0.24929504  2.10742604 -1.26372515 -5.75556043]
                [0.09469894 0.09469894 0.         0.         2.42060755],
  "funcao_objetivo": 0.76387736544484417911219177002704813601190700391897,
  "confiabilidade_total": 0.95262736544484398593338548524981010229999675611624
}
 
Individuo 47:
{
  "Posicao": [0. 5. 6. 5. 2.]
             [1. 1. 1. 1. 1.],
  "Velocidade": [-1.12411637 -1.21907389 -2.55972151 -2.97591625  1.31693342]
                [-3.23898512 -3.23898512  0.          0.          0.        ],
  "funcao_objetivo": 0.94827676293359926920075671551366007047462183598862,
  "confiabilidade_total": 0.94827676293359926920075671551366007047462183598862
}
 
Individuo 48:
{
  "Posicao": [6. 0. 6. 2. 3.]
             [3. 3. 1. 1. 1.],
  "Velocidade": [-0.72121045  0.18740396 -2.41526159  0.00546779 -1.50916271]
                [-0.24613249 -0.24613249  0.          0.          0.        ],
  "funcao_objetivo": 0.25798178472708676609108573035093348024062014430809,
  "confiabilidade_total": 0.99886511806042013203537004034053159428409434169579
}
 
Individuo 49:
{
  "Posicao": [0. 7. 9. 4. 0.]
             [2. 2. 1. 1. 1.],
  "Velocidade": [-4.58053793  5.19968693  7.02747701 -4.79938495 -8.80106316]
                [ 0.46385077  0.46385077  0.          0.         -2.38210132],
  "funcao_objetivo": 0.80009830942683235217989256652032611246377429018578,
  "confiabilidade_total": 0.99241497609349898796755617494597220148116549501976
}
 
Individuo 50:
{
  "Posicao": [0. 5. 3. 4. 6.]
             [1. 1. 1. 1. 1.],
  "Velocidade": [-3.87523517 -0.43113353 -4.79730445 -0.93066195  4.80987111]
                [-4.10064322 -4.10064322  0.          0.          0.        ],
  "funcao_objetivo": 0.95143987453556784400043661661281281872967232421143,
  "confiabilidade_total": 0.95143987453556784400043661661281281872967232421143
}
 
-----------------------------------------
-----------------------------------------
-----------------------------------------
-----------------------------------------
GERACAO 6
Populacao antes da execucao:
Individuo 1:
{
  "Posicao": [1. 7. 9. 5. 0.]
             [2. 2. 1. 1. 1.],
  "Velocidade": [ 0.          1.70101906  3.9782704   0.         -2.67879302]
                [0. 0. 0. 0. 0.],
  "funcao_objetivo": 0.95724529998054916965306222158429962145976026205244,
  "confiabilidade_total": 0.99114529998054917617007137613396851374647815374556
}
 
Individuo 2:
{
  "Posicao": [0. 9. 9. 5. 1.]
             [2. 2. 1. 1. 1.],
  "Velocidade": [-6.80978584  7.61212203  5.90972157 -3.44721133  0.54243625]
                [0. 0. 0. 0. 0.],
  "funcao_objetivo": 0.81268654744968836256670639322640104685660561813126,
  "confiabilidade_total": 0.99085321411635503019556634790153671522375306380997
}
 
Individuo 3:
{
  "Posicao": [3. 7. 8. 4. 2.]
             [2. 2. 1. 1. 1.],
  "Velocidade": [-0.521685    0.74253593 -0.6682524   4.45642561  0.51049789]
                [ 0.         -1.3936951   0.          0.25738316  0.        ],
  "funcao_objetivo": 0.87631303131378594619206185230795473818244846243256,
  "confiabilidade_total": 0.99014636464711924647775648596579505157234580892914
}
 
Individuo 4:
{
  "Posicao": [0. 4. 4. 0. 0.]
             [2. 1. 1. 1. 1.],
  "Velocidade": [-11.88312612  -1.87913251  -4.73963205 -14.48093827 -10.58399656]
                [ 0.         -3.26477384  0.         -1.56000116  0.        ],
  "funcao_objetivo": 0.90692365552700181819043415403906142160077811371859,
  "confiabilidade_total": 0.97842365552700168740616185319562095969696761261996
}
 
Individuo 5:
{
  "Posicao": [0. 2. 9. 9. 0.]
             [2. 1. 1. 1. 1.],
  "Velocidade": [-15.38658785  -3.24982178  12.30960036  11.61330704 -17.11955223]
                [ 0.         -0.70455364  0.          0.          0.        ],
  "funcao_objetivo": 0.96665504225174094202260438705571172695459746690331,
  "confiabilidade_total": 0.96965504225174081891968763783757307910678856940804
}
 
Individuo 6:
{
  "Posicao": [8. 8. 8. 8. 2.]
             [2. 2. 1. 1. 1.],
  "Velocidade": [-0.90708702 -0.94528663  5.06306015 -1.01327189  2.42740958]
                [ 0.69263367 -0.69263367  0.          0.          0.        ],
  "funcao_objetivo": 0.98753174113922988835091804259945397239478334426304,
  "confiabilidade_total": 0.98753174113922988835091804259945397239478334426304
}
 
Individuo 7:
{
  "Posicao": [1. 9. 9. 0. 0.]
             [2. 1. 1. 1. 1.],
  "Velocidade": [  0.           6.43117682   5.6490336  -15.40047031  -7.93402454]
                [ 0.         -4.76343419  0.          0.          0.        ],
  "funcao_objetivo": 0.97292748062511849912516972388277638079502117647589,
  "confiabilidade_total": 0.97292748062511849912516972388277638079502117647589
}
 
Individuo 8:
{
  "Posicao": [0. 6. 9. 7. 0.]
             [2. 3. 1. 1. 1.],
  "Velocidade": [ -9.53260381   4.02104721   6.46769796   7.13675744 -10.60795054]
                [ 0.          0.80119615 -2.02648451  0.          0.        ],
  "funcao_objetivo": 0.53735797874090306278302403436077565006674159194461,
  "confiabilidade_total": 0.99664131207423655054097860622254937939108241225711
}
 
Individuo 9:
{
  "Posicao": [9. 8. 3. 5. 3.]
             [1. 1. 1. 1. 1.],
  "Velocidade": [0.89090808 3.07494233 2.8809456  0.         1.3899958 ]
                [-1.32764698 -1.32764698  0.         -1.00998798  0.        ],
  "funcao_objetivo": 0.93549207261126363049527082052857559656410301891343,
  "confiabilidade_total": 0.93549207261126363049527082052857559656410301891343
}
 
Individuo 10:
{
  "Posicao": [1. 6. 8. 5. 1.]
             [2. 2. 1. 1. 1.],
  "Velocidade": [-0.95598305 -0.32224921 -0.25495064  0.         -0.82480053]
                [ 0.95598305  0.          0.         -0.95598305  0.        ],
  "funcao_objetivo": 0.96092136410569841466050395014686083125284917433084,
  "confiabilidade_total": 0.99133803077236512800279694376281705156303055364908
}
 
Individuo 11:
{
  "Posicao": [3. 1. 7. 4. 1.]
             [2. 2. 1. 1. 1.],
  "Velocidade": [-2.52609063  1.20455274  5.10637479  3.12232351 -5.68395238]
                [0.         1.11083604 0.         0.         0.        ],
  "funcao_objetivo": 0.85518357583149571950639910134981241445548825456538,
  "confiabilidade_total": 0.99268357583149573060862934760137781869180493547358
}
 
Individuo 12:
{
  "Posicao": [1. 3. 6. 5. 1.]
             [2. 2. 1. 1. 1.],
  "Velocidade": [ 0.         -2.53764668 -3.0026692   0.          0.90651364]
                [-1.21336691 -1.21336691  0.45876461  0.          0.        ],
  "funcao_objetivo": 0.88125299154106967238083873498823356787255294545206,
  "confiabilidade_total": 0.99250299154106961853502204066814135732641704304727
}
 
Individuo 13:
{
  "Posicao": [1. 3. 8. 5. 0.]
             [2. 2. 1. 2. 2.],
  "Velocidade": [ 0.          0.9036971   2.40213858  0.         -2.1212927 ]
                [-1.43345182 -1.43345182  0.         -0.36118666 -0.36118666],
  "funcao_objetivo": 0.42418450050755428530334306837202155182213408072328,
  "confiabilidade_total": 0.99635116717422088654086615046279610285610777457093
}
 
Individuo 14:
{
  "Posicao": [4. 5. 7. 1. 0.]
             [2. 3. 1. 1. 1.],
  "Velocidade": [ -5.25070418   2.1176149    2.44927482  -7.85770806 -11.48138676]
                [ 0.          2.80499851  0.          0.         -4.60021121],
  "funcao_objetivo": 0.74587191204385401586551444432390352594988605820397,
  "confiabilidade_total": 0.99472191204385402455856072713887923746692201935510
}
 
Individuo 15:
{
  "Posicao": [0. 9. 8. 5. 2.]
             [3. 3. 1. 1. 1.],
  "Velocidade": [-5.43058386e-01  6.23798076e+00  5.50106779e-01  0.00000000e+00
 -3.57098251e-03]
                [ 0.54305839  0.54305839  0.         -3.50150658  0.        ],
  "funcao_objetivo": 0.24931183654533902700488380466992330356498858859643,
  "confiabilidade_total": 0.99847850321200550789423101739372887267728946139916
}
 
Individuo 16:
{
  "Posicao": [0. 5. 7. 7. 7.]
             [3. 2. 1. 1. 1.],
  "Velocidade": [ 0.35634719  0.07068205  1.0696303   0.27705699 -1.97974907]
                [-0.10775978  0.          0.          0.          0.        ],
  "funcao_objetivo": 0.75334368853278945220881096606087507567851850690862,
  "confiabilidade_total": 0.99404368853278981032234978915136875472514936628362
}
 
Individuo 17:
{
  "Posicao": [5. 3. 9. 5. 1.]
             [1. 1. 2. 1. 1.],
  "Velocidade": [-3.7610454   1.49620454  0.39285967  2.21604556  0.68095598]
                [-0.75296277 -0.75296277 -1.22297849  0.          0.        ],
  "funcao_objetivo": 0.96451481770115519100568319728267966504875433391552,
  "confiabilidade_total": 0.96451481770115519100568319728267966504875433391552
}
 
Individuo 18:
{
  "Posicao": [5. 9. 9. 8. 9.]
             [3. 3. 1. 1. 1.],
  "Velocidade": [ 1.52349745  1.95799458  5.13399153  8.22402257 10.66878772]
                [ 1.86406015  1.86406015 -0.90252002  0.          0.        ],
  "funcao_objetivo": 0.40843379364431141546765684873252299614459638686436,
  "confiabilidade_total": 0.99756712697764459111971473797029008157760267348545
}
 
Individuo 19:
{
  "Posicao": [0. 7. 9. 6. 1.]
             [1. 1. 1. 1. 1.],
  "Velocidade": [-1.73851563  4.75276355  0.69802527  3.51612754 -1.72366661]
                [-0.71540781 -0.71540781  0.         -2.91063368  0.        ],
  "funcao_objetivo": 0.94605351168118300583275255716557535927364029943565,
  "confiabilidade_total": 0.94605351168118300583275255716557535927364029943565
}
 
Individuo 20:
{
  "Posicao": [6. 2. 8. 9. 9.]
             [3. 3. 1. 2. 1.],
  "Velocidade": [ 0.39317629  1.54831126  7.77290665 13.25184457  6.81356312]
                [3.85969757 3.85969757 0.         0.82941601 0.        ],
  "funcao_objetivo": 0.025421263590034757117242880157893383662529823394576,
  "confiabilidade_total": 0.99892126359003456704706106433109366313678824624614
}
 
Individuo 21:
{
  "Posicao": [6. 8. 9. 5. 0.]
             [2. 2. 1. 3. 3.],
  "Velocidade": [ 5.56468674  3.68478841  5.41753898 -1.94844386 -4.32836168]
                [0.97422193 0.97422193 0.         2.11423107 2.11423107],
  "funcao_objetivo": -0.095598178655684480643901983599328544310066223025565,
  "confiabilidade_total": 0.99438515467764904548336031930785522205498504650569
}
 
Individuo 22:
{
  "Posicao": [0. 9. 9. 4. 0.]
             [1. 3. 1. 1. 1.],
  "Velocidade": [-1.03335386  2.54557678  3.25933443 -1.16920239 -3.31314581]
                [ 0.00329035 -0.00329035  0.          0.          0.        ],
  "funcao_objetivo": 0.65319282215391228696067959820848280520155732898495,
  "confiabilidade_total": 0.97680948882057875625929843384565409229114358691952
}
 
Individuo 23:
{
  "Posicao": [1. 6. 9. 5. 2.]
             [1. 1. 2. 1. 1.],
  "Velocidade": [ 0.          0.60271458  0.52296069  1.26126183 -0.48738951]
                [0.11275115 0.11275115 0.11275115 0.         0.        ],
  "funcao_objetivo": 0.96364042481615642632365082476068427807476091883697,
  "confiabilidade_total": 0.96364042481615642632365082476068427807476091883697
}
 
Individuo 24:
{
  "Posicao": [0. 6. 5. 1. 0.]
             [1. 1. 1. 1. 1.],
  "Velocidade": [-16.43756307   0.33564626  -3.85403545  -7.95083451  -1.6784403 ]
                [-1.22537223 -1.22537223  0.         -2.4653442  -2.4653442 ],
  "funcao_objetivo": 0.95649355139229312787561427318043069174686477749995,
  "confiabilidade_total": 0.95649355139229312787561427318043069174686477749995
}
 
Individuo 25:
{
  "Posicao": [0. 9. 9. 7. 0.]
             [3. 3. 1. 1. 1.],
  "Velocidade": [-5.26360988  5.76698499  0.50334566  3.59195686 -6.89910139]
                [ 2.18720985  2.18720985  0.         -2.18720985  0.        ],
  "funcao_objetivo": 0.086827822558909244880313970910278929184124253432355,
  "confiabilidade_total": 0.99847782255890948282331260857382867277686335865696
}
 
Individuo 26:
{
  "Posicao": [0. 9. 9. 2. 3.]
             [3. 3. 1. 1. 1.],
  "Velocidade": [-1.98690524  2.20406868  4.73225303  1.49635487  2.5676809 ]
                [-0.06933948 -0.06933948  0.3430104   0.          0.        ],
  "funcao_objetivo": 0.094641667496594385974930385152472917516648688196859,
  "confiabilidade_total": 0.99865833416326096554090002656019179948133222091170
}
 
Individuo 27:
{
  "Posicao": [0. 9. 9. 8. 3.]
             [2. 1. 1. 1. 1.],
  "Velocidade": [ 0.09595405  3.19765575  4.45084824  0.28786215 -1.29441746]
                [0.         0.09595405 0.         0.         0.        ],
  "funcao_objetivo": 0.95975637658778425679633797974985057469161210453175,
  "confiabilidade_total": 0.95975637658778425679633797974985057469161210453175
}
 
Individuo 28:
{
  "Posicao": [6. 6. 5. 5. 1.]
             [1. 1. 2. 1. 1.],
  "Velocidade": [ 5.77901593  1.31950044  0.69142592 -1.54386161 -1.65662298]
                [ 0.02178789  0.02178789 -0.02178789  0.          0.        ],
  "funcao_objetivo": 0.96280153573686090714785603854803077106250023304384,
  "confiabilidade_total": 0.96280153573686090714785603854803077106250023304384
}
 
Individuo 29:
{
  "Posicao": [1. 7. 3. 0. 2.]
             [2. 2. 1. 1. 1.],
  "Velocidade": [-0.21808839 -1.65056706  3.35415613  0.33520445 -2.89268514]
                [-0.21808839 -0.21808839  0.          0.          0.        ],
  "funcao_objetivo": 0.91308494195839600154681841489484511611671488981685,
  "confiabilidade_total": 0.99350160862506272113411592202730687630982440214595
}
 
Individuo 30:
{
  "Posicao": [0. 6. 8. 1. 4.]
             [1. 1. 1. 1. 2.],
  "Velocidade": [ 0.02385183 -0.85650429  0.49904308 -2.54881724  1.84004336]
                [ 0.02385183  0.02385183  0.          0.         -0.02385183],
  "funcao_objetivo": 0.95443699733599481400130452323701343563714862873818,
  "confiabilidade_total": 0.95835366400266147084712335124031620513977349808480
}
 
Individuo 31:
{
  "Posicao": [5. 9. 9. 8. 4.]
             [2. 2. 1. 1. 1.],
  "Velocidade": [-3.69573431  1.4874682   6.08476018  4.58595692 -4.81068695]
                [0.93564029 0.         0.         0.         0.        ],
  "funcao_objetivo": 0.94786075487732436492686075333349536298582329638271,
  "confiabilidade_total": 0.98682742154399095194242688997601463119307532198696
}
 
Individuo 32:
{
  "Posicao": [0. 3. 2. 7. 7.]
             [1. 1. 1. 1. 1.],
  "Velocidade": [-2.74508032  3.16168875 -0.51509804  2.74508032  5.99362398]
                [-2.74508032 -2.74508032  0.          0.         -1.02867486],
  "funcao_objetivo": 0.95395584934294660043925425853671965366545673907351,
  "confiabilidade_total": 0.95395584934294660043925425853671965366545673907351
}
 
Individuo 33:
{
  "Posicao": [2. 5. 9. 5. 4.]
             [1. 1. 1. 1. 1.],
  "Velocidade": [0.45737376 0.1616817  9.67031329 0.         0.79940157]
                [-2.27479169 -2.27479169 -1.61030757  0.          0.        ],
  "funcao_objetivo": 0.93996007722705425759375948605940067646545999619211,
  "confiabilidade_total": 0.93996007722705425759375948605940067646545999619211
}
 
Individuo 34:
{
  "Posicao": [0. 9. 8. 3. 1.]
             [2. 2. 1. 1. 1.],
  "Velocidade": [-7.49327355  8.72609718  3.08978677  2.74553255 -3.26999829]
                [-1.08245921 -1.08245921  0.          0.         -1.65111522],
  "funcao_objetivo": 0.81121987040017947398153125791946162420293405850088,
  "confiabilidade_total": 0.99160320373351274455765775260811291585644796688711
}
 
Individuo 35:
{
  "Posicao": [2. 6. 6. 5. 3.]
             [3. 3. 1. 1. 1.],
  "Velocidade": [-2.56165644 -2.16629395 -0.39444812  0.34534334  0.34850087]
                [-0.09849554 -0.09849554  0.          0.          0.        ],
  "funcao_objetivo": 0.45324424888736593894774074442935212637339613222650,
  "confiabilidade_total": 0.99856091555403274384665713193001462123165733003190
}
 
Individuo 36:
{
  "Posicao": [4. 5. 9. 7. 4.]
             [2. 2. 1. 1. 1.],
  "Velocidade": [-1.97058181  3.7419319   3.06335824 -1.75772364 -0.14733718]
                [0.81656579 0.         0.         0.         0.        ],
  "funcao_objetivo": 0.87854907084299829582830160709339134488801457805149,
  "confiabilidade_total": 0.98913240417633171812750664705593545083503224772922
}
 
Individuo 37:
{
  "Posicao": [3. 3. 6. 5. 0.]
             [2. 2. 1. 1. 1.],
  "Velocidade": [ 1.80334277 -1.47266663  1.22344584 -0.88481409 -3.07132116]
                [0.88481409 0.88481409 0.         0.         0.        ],
  "funcao_objetivo": 0.79445163410453752671599455774716284865979009463924,
  "confiabilidade_total": 0.99128496743787088684271021870094069088343435123104
}
 
Individuo 38:
{
  "Posicao": [3. 5. 6. 2. 3.]
             [1. 1. 1. 1. 1.],
  "Velocidade": [ 1.85095004  1.04261    -1.41293051 -2.26671298  2.20791591]
                [-0.9789952 -0.9789952  0.         0.         0.       ],
  "funcao_objetivo": 0.94570540331701641582715919065307639249036036316442,
  "confiabilidade_total": 0.94570540331701641582715919065307639249036036316442
}
 
Individuo 39:
{
  "Posicao": [1. 5. 2. 0. 2.]
             [2. 2. 1. 1. 1.],
  "Velocidade": [-7.56218305 -3.75698436 -7.08463006 -8.73503015 -6.86816837]
                [-1.1477479 -1.1477479  0.         0.         0.       ],
  "funcao_objetivo": 0.89900119538909114175787661400654593628592241321211,
  "confiabilidade_total": 0.99391786205575769381251970520288574655301321063643
}
 
Individuo 40:
{
  "Posicao": [0. 6. 5. 5. 2.]
             [3. 3. 1. 1. 1.],
  "Velocidade": [-1.97648787  1.54312553 -4.20177556  0.          2.23958524]
                [2.76194192 2.76194192 0.         0.         0.        ],
  "funcao_objetivo": 0.40115033312759547272767597851478718238589870940502,
  "confiabilidade_total": 0.99881699979426187456914383792744707333562481414135
}
 
Individuo 41:
{
  "Posicao": [0. 9. 9. 3. 8.]
             [3. 3. 1. 1. 1.],
  "Velocidade": [-5.54985645 13.38897396 10.76744399 -1.83742051  6.99744323]
                [0.91871026 0.91871026 0.         0.         0.        ],
  "funcao_objetivo": 0.12381873319142270397741075263943485107371309795972,
  "confiabilidade_total": 0.99851873319142262599534550296843945171782473126050
}
 
Individuo 42:
{
  "Posicao": [1. 0. 7. 5. 1.]
             [2. 2. 1. 1. 1.],
  "Velocidade": [-0.17631597  0.31371495  4.38053363  4.62462129 -8.14722804]
                [-0.95676197 -0.95676197  0.          0.          0.        ],
  "funcao_objetivo": 0.94744304714109030707091266884042873325375843510283,
  "confiabilidade_total": 0.99464304714109058005810107879704467531843114361419
}
 
Individuo 43:
{
  "Posicao": [0. 6. 9. 5. 0.]
             [3. 3. 1. 1. 1.],
  "Velocidade": [-1.5340369   3.36521736  3.80320166  0.         -4.16599674]
                [1.5340369 1.5340369 0.        0.        0.       ],
  "funcao_objetivo": 0.24997722782687674182429368860925404148206936576424,
  "confiabilidade_total": 0.99881056116020987058053101768040885942087399222909
}
 
Individuo 44:
{
  "Posicao": [1. 5. 7. 6. 1.]
             [2. 2. 1. 1. 1.],
  "Velocidade": [-0.17724192 -0.64808405  2.89457436 -2.07699403 -4.01889253]
                [-0.17724192 -0.17724192  0.          0.          0.21786119],
  "funcao_objetivo": 0.99144923055849063289561050294535857901722111937151,
  "confiabilidade_total": 0.99144923055849063289561050294535857901722111937151
}
 
Individuo 45:
{
  "Posicao": [1. 2. 7. 2. 0.]
             [1. 1. 1. 1. 1.],
  "Velocidade": [-0.78000672 -3.09712475 -0.15660685 -1.88663838 -4.54809878]
                [-1.4303066 -1.4303066  0.         0.         0.       ],
  "funcao_objetivo": 0.95631671893741315882727021264397253278065079253668,
  "confiabilidade_total": 0.95631671893741315882727021264397253278065079253668
}
 
Individuo 46:
{
  "Posicao": [0. 6. 7. 6. 2.]
             [1. 1. 1. 1. 3.],
  "Velocidade": [-2.61000542 -0.24929504  2.10742604 -1.26372515 -5.75556043]
                [0.09469894 0.09469894 0.         0.         2.42060755],
  "funcao_objetivo": 0.76387736544484417911219177002704813601190700391897,
  "confiabilidade_total": 0.95262736544484398593338548524981010229999675611624
}
 
Individuo 47:
{
  "Posicao": [0. 5. 6. 5. 2.]
             [1. 1. 1. 1. 1.],
  "Velocidade": [-1.12411637 -1.21907389 -2.55972151 -2.97591625  1.31693342]
                [-3.23898512 -3.23898512  0.          0.          0.        ],
  "funcao_objetivo": 0.94827676293359926920075671551366007047462183598862,
  "confiabilidade_total": 0.94827676293359926920075671551366007047462183598862
}
 
Individuo 48:
{
  "Posicao": [6. 0. 6. 2. 3.]
             [3. 3. 1. 1. 1.],
  "Velocidade": [-0.72121045  0.18740396 -2.41526159  0.00546779 -1.50916271]
                [-0.24613249 -0.24613249  0.          0.          0.        ],
  "funcao_objetivo": 0.25798178472708676609108573035093348024062014430809,
  "confiabilidade_total": 0.99886511806042013203537004034053159428409434169579
}
 
Individuo 49:
{
  "Posicao": [0. 7. 9. 4. 0.]
             [2. 2. 1. 1. 1.],
  "Velocidade": [-4.58053793  5.19968693  7.02747701 -4.79938495 -8.80106316]
                [ 0.46385077  0.46385077  0.          0.         -2.38210132],
  "funcao_objetivo": 0.80009830942683235217989256652032611246377429018578,
  "confiabilidade_total": 0.99241497609349898796755617494597220148116549501976
}
 
Individuo 50:
{
  "Posicao": [0. 5. 3. 4. 6.]
             [1. 1. 1. 1. 1.],
  "Velocidade": [-3.87523517 -0.43113353 -4.79730445 -0.93066195  4.80987111]
                [-4.10064322 -4.10064322  0.          0.          0.        ],
  "funcao_objetivo": 0.95143987453556784400043661661281281872967232421143,
  "confiabilidade_total": 0.95143987453556784400043661661281281872967232421143
}
 
-----------------------------------------
Populacao final da era:
Individuo 1:
{
  "Posicao": [1. 2. 7. 5. 1.]
             [2. 2. 1. 1. 1.],
  "Velocidade": [ 0.         -4.58277911 -2.41713575  0.          0.55271015]
                [0. 0. 0. 0. 0.],
  "funcao_objetivo": 0.92137011514694962475688050954667600002193993372642,
  "confiabilidade_total": 0.99337011514694974421687795921351974960470742029869
}
 
Individuo 2:
{
  "Posicao": [3. 9. 9. 0. 2.]
             [2. 2. 1. 1. 1.],
  "Velocidade": [ 3.16962114  0.77091363  1.96367138 -4.96764643  0.93819716]
                [0. 0. 0. 0. 0.],
  "funcao_objetivo": 0.77361032356558731801472818540065586621510493953840,
  "confiabilidade_total": 0.99066032356558724503421766166599068146767723758832
}
 
Individuo 3:
{
  "Posicao": [3. 6. 4. 8. 3.]
             [2. 1. 1. 2. 1.],
  "Velocidade": [ 0.31956465 -0.63608743 -3.73427004  3.56043627  1.16305856]
                [ 0.         -1.86486857  0.          0.78424723  0.        ],
  "funcao_objetivo": 0.82543477787997786591742104747819621748707699549970,
  "confiabilidade_total": 0.98693477787997781506920651964602666608474659694013
}
 
Individuo 4:
{
  "Posicao": [2. 6. 7. 9. 3.]
             [2. 3. 1. 1. 1.],
  "Velocidade": [1.95986045 2.30524948 3.18535978 8.59031484 3.19531974]
                [0.         2.06858476 0.         0.04450598 0.        ],
  "funcao_objetivo": 0.65304754897190950712006382527943791565010936807341,
  "confiabilidade_total": 0.99529754897190969487265507720122335804151983808226
}
 
Individuo 5:
{
  "Posicao": [5. 1. 9. 7. 7.]
             [2. 2. 1. 1. 1.],
  "Velocidade": [ 5.223794   -1.27425111  0.9266758  -2.47735964  6.87182589]
                [0.         0.70091021 0.         0.         0.        ],
  "funcao_objetivo": 0.99063363228100257230294296389471924344960032640264,
  "confiabilidade_total": 0.99063363228100257230294296389471924344960032640264
}
 
Individuo 6:
{
  "Posicao": [1. 5. 9. 5. 3.]
             [3. 1. 1. 1. 1.],
  "Velocidade": [-6.75536641 -3.42441633  3.97310044 -3.48906964  1.46662297]
                [ 0.65868772 -0.65868772  0.          0.          0.        ],
  "funcao_objetivo": 0.93054732544626229827828458434658117419641883480054,
  "confiabilidade_total": 0.96654732544626224004708694275712062897693784343701
}
 
Individuo 7:
{
  "Posicao": [1. 7. 7. 9. 2.]
             [2. 3. 1. 1. 1.],
  "Velocidade": [ 0.         -1.79140421 -1.53063506  8.85745053  1.80001728]
                [0.         3.37232982 0.         0.         0.        ],
  "funcao_objetivo": 0.71820795474357095967924723753484196865891703055917,
  "confiabilidade_total": 0.99577462141023762955075770195279384868180044578134
}
 
Individuo 8:
{
  "Posicao": [0. 7. 7. 4. 5.]
             [2. 1. 1. 1. 1.],
  "Velocidade": [ 0.35584582  1.26337496 -2.04496776 -2.94594     4.77047476]
                [ 0.         -3.33591252  0.38992545  0.          0.        ],
  "funcao_objetivo": 0.96640547489189393753385793658864440287542988679693,
  "confiabilidade_total": 0.96640547489189393753385793658864440287542988679693
}
 
Individuo 9:
{
  "Posicao": [6. 5. 4. 5. 0.]
             [2. 2. 1. 3. 1.],
  "Velocidade": [-2.90626776 -2.58367567  0.71141346  0.         -3.91210867]
                [0.98864468 0.98864468 0.         2.16358619 0.        ],
  "funcao_objetivo": 0.61613935939309334811852550925366622977504312328005,
  "confiabilidade_total": 0.99478935939309340409597041085405899793455182841921
}
 
Individuo 10:
{
  "Posicao": [0. 2. 0. 5. 4.]
             [3. 2. 1. 2. 1.],
  "Velocidade": [-0.90913037 -4.03330186 -7.81963579  0.          3.06595709]
                [0.90913037 0.         0.         0.90913037 0.        ],
  "funcao_objetivo": 0.32027982333757376991090804459269636029783397987625,
  "confiabilidade_total": 0.99899649000424057125502908512168575728717953041336
}
 
Individuo 11:
{
  "Posicao": [1. 2. 9. 7. 0.]
             [2. 3. 1. 1. 1.],
  "Velocidade": [-2.49032614  1.35996922  4.81773824  3.00180612 -5.35933411]
                [0.         1.04871935 0.         0.         0.        ],
  "funcao_objetivo": 0.61891980112125107701651569857320046433767409025756,
  "confiabilidade_total": 0.99618646778791766057928822863148289182743162809936
}
 
Individuo 12:
{
  "Posicao": [1. 0. 1. 5. 9.]
             [1. 1. 3. 1. 1.],
  "Velocidade": [ 0.         -6.01619603 -5.34454971  0.          9.11306386]
                [-2.52906292 -2.52906292  1.81144365  0.          0.        ],
  "funcao_objetivo": 0.89694905165214408019339387245681736175158184380012,
  "confiabilidade_total": 0.97746571831881096223962657298843568213471334785896
}
 
Individuo 13:
{
  "Posicao": [1. 3. 9. 5. 3.]
             [1. 1. 1. 1. 1.],
  "Velocidade": [0.         0.09049613 1.87802823 0.         2.60685113]
                [-1.89042313 -1.89042313  0.         -0.74986658 -0.74986658],
  "funcao_objetivo": 0.94494047199055898324479007574505104014400385964012,
  "confiabilidade_total": 0.94494047199055898324479007574505104014400385964012
}
 
Individuo 14:
{
  "Posicao": [2. 0. 4. 9. 6.]
             [2. 1. 1. 1. 3.],
  "Velocidade": [-2.10675644 -5.65541472 -3.42269808 10.40811185  6.01401775]
                [ 0.         -2.76130851  0.          0.          2.45744373],
  "funcao_objetivo": 0.53659917439750433167750057572805375045155694718743,
  "confiabilidade_total": 0.97648250773083757599685253803175286108618190522576
}
 
Individuo 15:
{
  "Posicao": [2. 3. 3. 5. 4.]
             [1. 1. 1. 3. 1.],
  "Velocidade": [ 2.35150979 -5.53955403 -5.44524631  0.          1.77931032]
                [-2.35150979 -2.35150979  0.          3.32989791  0.        ],
  "funcao_objetivo": 0.85023500651746424759501594304000569962949233103906,
  "confiabilidade_total": 0.97498500651746423349518353030051763624937014628564
}
 
Individuo 16:
{
  "Posicao": [9. 9. 0. 0. 0.]
             [1. 2. 1. 1. 1.],
  "Velocidade": [ 10.57574671   3.51232197  -7.02136834  -9.87493757 -16.22081747]
                [-3.44913446  0.          0.          0.          0.        ],
  "funcao_objetivo": 0.95644029826450266878624397918755291799354497813823,
  "confiabilidade_total": 0.97344029826450255551573989180595688127252404117229
}
 
Individuo 17:
{
  "Posicao": [0. 5. 6. 6. 2.]
             [2. 2. 1. 1. 1.],
  "Velocidade": [-5.51890711  1.8784083  -3.17530209  1.07631226  0.64758236]
                [ 0.54283125  0.54283125 -2.42193173  0.          0.        ],
  "funcao_objetivo": 0.88584872659996398307309353076512334244620927448050,
  "confiabilidade_total": 0.99226539326663050370842502506953305872452386493460
}
 
Individuo 18:
{
  "Posicao": [3. 7. 9. 6. 9.]
             [2. 2. 1. 1. 1.],
  "Velocidade": [-2.21363286 -1.80043041  4.14273044 -2.02120271  7.18733326]
                [-0.78029448 -0.78029448  0.2332999   0.          0.        ],
  "funcao_objetivo": 0.89452830755428375404974262165831883102399061578129,
  "confiabilidade_total": 0.98909497422095043832639683058767682304349492448185
}
 
Individuo 19:
{
  "Posicao": [1. 6. 6. 5. 1.]
             [1. 1. 1. 3. 1.],
  "Velocidade": [ 0.8144264  -0.89923675 -3.30447449 -0.57471318  0.29518089]
                [0.33661374 0.33661374 0.         2.284391   0.        ],
  "funcao_objetivo": 0.97051851333571540285737314788975376863028736413599,
  "confiabilidade_total": 0.97410184666904879300521328409815518674669669569612
}
 
Individuo 20:
{
  "Posicao": [3. 7. 4. 9. 9.]
             [3. 3. 1. 2. 1.],
  "Velocidade": [-2.50055063  4.7183121  -3.83139817 10.30280643  0.35928986]
                [-0.05322434 -0.05322434  0.          0.2138749   0.        ],
  "funcao_objetivo": -0.045283266132936744609423004561102670578510211519453,
  "confiabilidade_total": 0.99908340053372942115422089855827046469017799038484
}
 
Individuo 21:
{
  "Posicao": [5. 9. 9. 3. 1.]
             [3. 3. 1. 3. 3.],
  "Velocidade": [-0.60401998  3.23666857  4.06532317 -1.85295072  1.30200231]
                [ 0.92647536  0.92647536  0.         -0.01556008 -0.01556008],
  "funcao_objetivo": -0.81192004644357050168078663038310948716749372166978,
  "confiabilidade_total": 0.99904662022309600079129618105373922778020677881850
}
 
Individuo 22:
{
  "Posicao": [1. 4. 5. 6. 3.]
             [2. 2. 1. 1. 1.],
  "Velocidade": [ 0.86764688 -4.98060629 -3.92559643  1.84661588  3.13222582]
                [ 0.74532562 -0.74532562  0.          0.          0.        ],
  "funcao_objetivo": 0.82044479600375588505230655467388192179955470554066,
  "confiabilidade_total": 0.99211146267042249139685555004037655878223407260609
}
 
Individuo 23:
{
  "Posicao": [1. 5. 0. 2. 6.]
             [3. 3. 1. 1. 1.],
  "Velocidade": [ 0.         -0.90926714 -8.60249515 -2.89051264  4.18899486]
                [ 1.58966793  1.58966793 -1.37521749  0.          0.        ],
  "funcao_objetivo": 0.52155711102450490920582682965065759509979198842283,
  "confiabilidade_total": 0.99897377769117178711092764833044201970277737050291
}
 
Individuo 24:
{
  "Posicao": [6. 7. 7. 7. 1.]
             [1. 1. 1. 2. 2.],
  "Velocidade": [5.52019283 1.16624951 2.46847223 6.2716243  0.68785797]
                [0.44682443 0.44682443 0.         0.77897219 0.77897219],
  "funcao_objetivo": 0.95294644143976724351936069294280136273036259390579,
  "confiabilidade_total": 0.96524644143976714133998462156651916484142202116714
}
 
Individuo 25:
{
  "Posicao": [3. 9. 6. 6. 1.]
             [3. 3. 1. 3. 1.],
  "Velocidade": [ 3.02844255  1.39356244 -3.47571943 -0.5384809   0.76576932]
                [-0.10281673 -0.10281673  0.          2.0800148   0.        ],
  "funcao_objetivo": -0.36836063912570362770597768014947518999949011819102,
  "confiabilidade_total": 0.99920602754096308046822713383637733463868584616445
}
 
Individuo 26:
{
  "Posicao": [1. 3. 9. 9. 2.]
             [1. 1. 1. 1. 1.],
  "Velocidade": [ 0.51409854 -5.76967517  0.56746427  9.09531668 -1.49102229]
                [-2.62337385 -2.62337385  0.32619948  0.          0.        ],
  "funcao_objetivo": 0.94271869753882766758977189764536784973167253589366,
  "confiabilidade_total": 0.94271869753882766758977189764536784973167253589366
}
 
Individuo 27:
{
  "Posicao": [0. 9. 9. 8. 1.]
             [2. 1. 1. 1. 1.],
  "Velocidade": [ 0.31733476  2.40942301  3.78054557 -0.4044962  -1.54673602]
                [0.         0.31733476 0.         0.         0.        ],
  "funcao_objetivo": 0.96052319371705568484770273010104583987364280389299,
  "confiabilidade_total": 0.96052319371705568484770273010104583987364280389299
}
 
Individuo 28:
{
  "Posicao": [6. 7. 8. 4. 0.]
             [2. 2. 1. 1. 1.],
  "Velocidade": [ 0.49391339  1.17217242  2.65828847 -1.46819703 -0.65771669]
                [ 1.02109472  1.02109472 -1.02109472  0.          0.        ],
  "funcao_objetivo": 0.93147790119612859494181332305402381137523485590272,
  "confiabilidade_total": 0.98931123452946190793956158866990651261571480203919
}
 
Individuo 29:
{
  "Posicao": [0. 6. 6. 2. 2.]
             [1. 1. 1. 1. 1.],
  "Velocidade": [-0.873115   -1.46347257  2.97736853  1.71756315 -0.36781176]
                [-0.873115 -0.873115  0.        0.        0.      ],
  "funcao_objetivo": 0.95405232053997970266130176666710267894855254842222,
  "confiabilidade_total": 0.95405232053997970266130176666710267894855254842222
}
 
Individuo 30:
{
  "Posicao": [1. 4. 7. 4. 2.]
             [2. 2. 1. 1. 1.],
  "Velocidade": [ 1.41131866 -1.55359309 -0.9140508   3.45542827 -2.09125959]
                [ 1.41131866  1.41131866  0.          0.         -1.41131866],
  "funcao_objetivo": 0.78974532712481798990774607680010571132306256746602,
  "confiabilidade_total": 0.99249532712481808671919382411375603626374402498555
}
 
Individuo 31:
{
  "Posicao": [0. 6. 9. 6. 1.]
             [2. 2. 1. 1. 1.],
  "Velocidade": [-4.53747389 -2.765407    1.32872881 -1.53625018 -3.36887397]
                [0.10050783 0.         0.         0.         0.        ],
  "funcao_objetivo": 0.83076629704526744516748489141073880918345144664653,
  "confiabilidade_total": 0.99204963037860069253439905631049262328094533359416
}
 
Individuo 32:
{
  "Posicao": [1. 7. 9. 5. 2.]
             [2. 2. 1. 1. 1.],
  "Velocidade": [ 0.81225885  4.16825304  6.878205   -1.79771034 -5.0898345 ]
                [0.81225885 0.81225885 0.         0.         0.16657558],
  "funcao_objetivo": 0.98787567130939179556358222719262708181520847151582,
  "confiabilidade_total": 0.99095900464272516661905578680028961883397696087663
}
 
Individuo 33:
{
  "Posicao": [0. 5. 9. 5. 0.]
             [2. 2. 3. 1. 1.],
  "Velocidade": [-2.52894828  0.15375769  0.62431439  0.         -5.48725059]
                [0.8006019  0.8006019  1.53138648 0.         0.        ],
  "funcao_objetivo": 0.33320955056860755668137755768590330296745176274712,
  "confiabilidade_total": 0.99475955056860769461548613711535188519945020635064
}
 
Individuo 34:
{
  "Posicao": [2. 7. 7. 6. 0.]
             [1. 1. 1. 1. 2.],
  "Velocidade": [ 2.28915553 -2.09514708 -1.15235712  2.58464722 -3.8558953 ]
                [-1.7755674  -1.7755674   0.          0.          0.82403468],
  "funcao_objetivo": 0.94732438358370636561835000127887457715054752931781,
  "confiabilidade_total": 0.94732438358370636561835000127887457715054752931781
}
 
Individuo 35:
{
  "Posicao": [0. 0. 5. 0. 2.]
             [1. 1. 1. 1. 1.],
  "Velocidade": [ -4.12887665 -15.09811537  -0.57322012  -7.23506493  -1.16324212]
                [-5.56817665 -5.56817665  0.          0.          0.        ],
  "funcao_objetivo": 0.96645242639732056016766911895832773797620138026270,
  "confiabilidade_total": 0.96645242639732056016766911895832773797620138026270
}
 
Individuo 36:
{
  "Posicao": [0. 8. 8. 2. 0.]
             [3. 2. 1. 1. 1.],
  "Velocidade": [-7.0276437   3.49545555 -0.62767756 -5.149394   -5.2937562 ]
                [0.71346148 0.         0.         0.         0.        ],
  "funcao_objetivo": 0.62550421630251620514882808711796925131972828087784,
  "confiabilidade_total": 0.99488754963584951869058563480017865736778774437882
}
 
Individuo 37:
{
  "Posicao": [1. 4. 8. 5. 0.]
             [2. 2. 1. 1. 1.],
  "Velocidade": [-2.02600023  1.19047241  1.5006354  -0.45811689  0.48301481]
                [0.45811689 0.45811689 0.         0.         0.        ],
  "funcao_objetivo": 0.88155835386769591084268096148524105773049087914556,
  "confiabilidade_total": 0.99222502053436258790843662547420731969850750359624
}
 
Individuo 38:
{
  "Posicao": [4. 7. 3. 2. 5.]
             [1. 1. 1. 1. 1.],
  "Velocidade": [ 0.69379053  2.16519826 -3.15783365  0.0308886   2.20694804]
                [0.18905085 0.18905085 0.         0.         0.        ],
  "funcao_objetivo": 0.94694019716841924296079069579841863677234106320297,
  "confiabilidade_total": 0.94694019716841924296079069579841863677234106320297
}
 
Individuo 39:
{
  "Posicao": [0. 2. 0. 3. 0.]
             [1. 1. 1. 1. 1.],
  "Velocidade": [-6.92166742 -3.43790803 -1.95748167  3.45952238 -7.2986206 ]
                [-1.12523351 -1.12523351  0.          0.          0.        ],
  "funcao_objetivo": 0.96465917596947614506078282989202240840899270280216,
  "confiabilidade_total": 0.96465917596947614506078282989202240840899270280216
}
 
Individuo 40:
{
  "Posicao": [0. 8. 6. 5. 5.]
             [2. 2. 1. 1. 1.],
  "Velocidade": [0.01679114 2.32928057 1.17607361 0.         2.99160683]
                [-0.73016785 -0.73016785  0.          0.          0.        ],
  "funcao_objetivo": 0.99155654363382958526335473910049620499330560153123,
  "confiabilidade_total": 0.99155654363382958526335473910049620499330560153123
}
 
Individuo 41:
{
  "Posicao": [4. 9. 9. 4. 4.]
             [2. 2. 1. 1. 1.],
  "Velocidade": [ 3.80097493  6.75328755  7.28596542  1.3503183  -3.89956483]
                [-0.67515915 -0.67515915  0.          0.          0.        ],
  "funcao_objetivo": 0.64121769275153613836629626408167918203273330848032,
  "confiabilidade_total": 0.98843435941820243711245405680230272924402271430307
}
 
Individuo 42:
{
  "Posicao": [0. 4. 8. 7. 0.]
             [1. 1. 1. 1. 1.],
  "Velocidade": [-1.22974483  4.31750584  0.97963361  2.27382864 -2.43758232]
                [-1.97194121 -1.97194121  0.          0.          0.        ],
  "funcao_objetivo": 0.95022624603070995720606987774010957332847153809510,
  "confiabilidade_total": 0.95022624603070995720606987774010957332847153809510
}
 
Individuo 43:
{
  "Posicao": [1. 7. 8. 5. 1.]
             [2. 2. 1. 1. 1.],
  "Velocidade": [ 0.66778339  1.073651   -0.63646751  0.          1.07766595]
                [-0.66778339 -0.66778339  0.          0.          0.        ],
  "funcao_objetivo": 0.99120987391895659405218558253042162748470177223549,
  "confiabilidade_total": 0.99120987391895659405218558253042162748470177223549
}
 
Individuo 44:
{
  "Posicao": [1. 4. 9. 3. 0.]
             [2. 2. 1. 1. 1.],
  "Velocidade": [-0.1685553  -0.61632148  2.75271142 -2.97783019 -3.82192681]
                [-0.1685553  -0.1685553   0.          0.          0.20718382],
  "funcao_objetivo": 0.75345521419465748699176958670162281016010623701584,
  "confiabilidade_total": 0.99247188086132423225852565341395535035181623228562
}
 
Individuo 45:
{
  "Posicao": [0. 5. 7. 5. 1.]
             [1. 1. 1. 1. 1.],
  "Velocidade": [-0.74177863  3.31750672 -0.14893156  2.86477437  1.16832095]
                [0.19277555 0.19277555 0.         0.         0.        ],
  "funcao_objetivo": 0.94834092208113107605048209074687213178668934420484,
  "confiabilidade_total": 0.94834092208113107605048209074687213178668934420484
}
 
Individuo 46:
{
  "Posicao": [1. 6. 8. 4. 0.]
             [2. 2. 1. 1. 3.],
  "Velocidade": [ 1.13813679  0.18029445  1.12347922 -1.66508047 -3.29478519]
                [ 1.43401015  1.43401015  0.          0.         -0.38593111],
  "funcao_objetivo": 0.23141556813838138360008954082535184821722229962200,
  "confiabilidade_total": 0.99251556813838116031203482821386843821642121319621
}
 
Individuo 47:
{
  "Posicao": [1. 4. 4. 2. 3.]
             [3. 3. 1. 1. 1.],
  "Velocidade": [ 0.69354268 -1.15932714 -2.05878888 -2.83006674  0.87690978]
                [2.70476182 2.70476182 0.         0.         0.        ],
  "funcao_objetivo": 0.16204731023160749979172915914085956438631903163918,
  "confiabilidade_total": 0.99901397689827421964548019218335889428110014431007
}
 
Individuo 48:
{
  "Posicao": [2. 7. 0. 5. 0.]
             [1. 1. 1. 1. 1.],
  "Velocidade": [-3.64957596  6.59916683 -8.15765366  3.16632122 -6.99984853]
                [-3.59260037 -3.59260037  0.          0.          0.        ],
  "funcao_objetivo": 0.95280723310288520649517901200746094135834428946304,
  "confiabilidade_total": 0.95280723310288520649517901200746094135834428946304
}
 
Individuo 49:
{
  "Posicao": [1. 2. 5. 7. 3.]
             [1. 1. 1. 1. 2.],
  "Velocidade": [ 1.48108182 -5.29846699 -3.56025681  2.70389858  3.19115672]
                [-0.98982064 -0.98982064  0.          0.          0.83441655],
  "funcao_objetivo": 0.95437710540523116303681077005543193115821046759604,
  "confiabilidade_total": 0.95437710540523116303681077005543193115821046759604
}
 
Individuo 50:
{
  "Posicao": [3. 5. 2. 4. 6.]
             [3. 3. 1. 1. 1.],
  "Velocidade": [ 2.80458135 -0.4100037  -1.03927386 -0.00432152  0.17049589]
                [3.01894216 3.01894216 0.         0.         0.        ],
  "funcao_objetivo": 0.49468159381403565032258481759809746168235354013779,
  "confiabilidade_total": 0.99854826048070232481817417957982633256966285295822
}
 
-----------------------------------------
-----------------------------------------
-----------------------------------------
-----------------------------------------
GERACAO 7
Populacao antes da execucao:
Individuo 1:
{
  "Posicao": [1. 2. 7. 5. 1.]
             [2. 2. 1. 1. 1.],
  "Velocidade": [ 0.         -4.58277911 -2.41713575  0.          0.55271015]
                [0. 0. 0. 0. 0.],
  "funcao_objetivo": 0.92137011514694962475688050954667600002193993372642,
  "confiabilidade_total": 0.99337011514694974421687795921351974960470742029869
}
 
Individuo 2:
{
  "Posicao": [3. 9. 9. 0. 2.]
             [2. 2. 1. 1. 1.],
  "Velocidade": [ 3.16962114  0.77091363  1.96367138 -4.96764643  0.93819716]
                [0. 0. 0. 0. 0.],
  "funcao_objetivo": 0.77361032356558731801472818540065586621510493953840,
  "confiabilidade_total": 0.99066032356558724503421766166599068146767723758832
}
 
Individuo 3:
{
  "Posicao": [3. 6. 4. 8. 3.]
             [2. 1. 1. 2. 1.],
  "Velocidade": [ 0.31956465 -0.63608743 -3.73427004  3.56043627  1.16305856]
                [ 0.         -1.86486857  0.          0.78424723  0.        ],
  "funcao_objetivo": 0.82543477787997786591742104747819621748707699549970,
  "confiabilidade_total": 0.98693477787997781506920651964602666608474659694013
}
 
Individuo 4:
{
  "Posicao": [2. 6. 7. 9. 3.]
             [2. 3. 1. 1. 1.],
  "Velocidade": [1.95986045 2.30524948 3.18535978 8.59031484 3.19531974]
                [0.         2.06858476 0.         0.04450598 0.        ],
  "funcao_objetivo": 0.65304754897190950712006382527943791565010936807341,
  "confiabilidade_total": 0.99529754897190969487265507720122335804151983808226
}
 
Individuo 5:
{
  "Posicao": [5. 1. 9. 7. 7.]
             [2. 2. 1. 1. 1.],
  "Velocidade": [ 5.223794   -1.27425111  0.9266758  -2.47735964  6.87182589]
                [0.         0.70091021 0.         0.         0.        ],
  "funcao_objetivo": 0.99063363228100257230294296389471924344960032640264,
  "confiabilidade_total": 0.99063363228100257230294296389471924344960032640264
}
 
Individuo 6:
{
  "Posicao": [1. 5. 9. 5. 3.]
             [3. 1. 1. 1. 1.],
  "Velocidade": [-6.75536641 -3.42441633  3.97310044 -3.48906964  1.46662297]
                [ 0.65868772 -0.65868772  0.          0.          0.        ],
  "funcao_objetivo": 0.93054732544626229827828458434658117419641883480054,
  "confiabilidade_total": 0.96654732544626224004708694275712062897693784343701
}
 
Individuo 7:
{
  "Posicao": [1. 7. 7. 9. 2.]
             [2. 3. 1. 1. 1.],
  "Velocidade": [ 0.         -1.79140421 -1.53063506  8.85745053  1.80001728]
                [0.         3.37232982 0.         0.         0.        ],
  "funcao_objetivo": 0.71820795474357095967924723753484196865891703055917,
  "confiabilidade_total": 0.99577462141023762955075770195279384868180044578134
}
 
Individuo 8:
{
  "Posicao": [0. 7. 7. 4. 5.]
             [2. 1. 1. 1. 1.],
  "Velocidade": [ 0.35584582  1.26337496 -2.04496776 -2.94594     4.77047476]
                [ 0.         -3.33591252  0.38992545  0.          0.        ],
  "funcao_objetivo": 0.96640547489189393753385793658864440287542988679693,
  "confiabilidade_total": 0.96640547489189393753385793658864440287542988679693
}
 
Individuo 9:
{
  "Posicao": [6. 5. 4. 5. 0.]
             [2. 2. 1. 3. 1.],
  "Velocidade": [-2.90626776 -2.58367567  0.71141346  0.         -3.91210867]
                [0.98864468 0.98864468 0.         2.16358619 0.        ],
  "funcao_objetivo": 0.61613935939309334811852550925366622977504312328005,
  "confiabilidade_total": 0.99478935939309340409597041085405899793455182841921
}
 
Individuo 10:
{
  "Posicao": [0. 2. 0. 5. 4.]
             [3. 2. 1. 2. 1.],
  "Velocidade": [-0.90913037 -4.03330186 -7.81963579  0.          3.06595709]
                [0.90913037 0.         0.         0.90913037 0.        ],
  "funcao_objetivo": 0.32027982333757376991090804459269636029783397987625,
  "confiabilidade_total": 0.99899649000424057125502908512168575728717953041336
}
 
Individuo 11:
{
  "Posicao": [1. 2. 9. 7. 0.]
             [2. 3. 1. 1. 1.],
  "Velocidade": [-2.49032614  1.35996922  4.81773824  3.00180612 -5.35933411]
                [0.         1.04871935 0.         0.         0.        ],
  "funcao_objetivo": 0.61891980112125107701651569857320046433767409025756,
  "confiabilidade_total": 0.99618646778791766057928822863148289182743162809936
}
 
Individuo 12:
{
  "Posicao": [1. 0. 1. 5. 9.]
             [1. 1. 3. 1. 1.],
  "Velocidade": [ 0.         -6.01619603 -5.34454971  0.          9.11306386]
                [-2.52906292 -2.52906292  1.81144365  0.          0.        ],
  "funcao_objetivo": 0.89694905165214408019339387245681736175158184380012,
  "confiabilidade_total": 0.97746571831881096223962657298843568213471334785896
}
 
Individuo 13:
{
  "Posicao": [1. 3. 9. 5. 3.]
             [1. 1. 1. 1. 1.],
  "Velocidade": [0.         0.09049613 1.87802823 0.         2.60685113]
                [-1.89042313 -1.89042313  0.         -0.74986658 -0.74986658],
  "funcao_objetivo": 0.94494047199055898324479007574505104014400385964012,
  "confiabilidade_total": 0.94494047199055898324479007574505104014400385964012
}
 
Individuo 14:
{
  "Posicao": [2. 0. 4. 9. 6.]
             [2. 1. 1. 1. 3.],
  "Velocidade": [-2.10675644 -5.65541472 -3.42269808 10.40811185  6.01401775]
                [ 0.         -2.76130851  0.          0.          2.45744373],
  "funcao_objetivo": 0.53659917439750433167750057572805375045155694718743,
  "confiabilidade_total": 0.97648250773083757599685253803175286108618190522576
}
 
Individuo 15:
{
  "Posicao": [2. 3. 3. 5. 4.]
             [1. 1. 1. 3. 1.],
  "Velocidade": [ 2.35150979 -5.53955403 -5.44524631  0.          1.77931032]
                [-2.35150979 -2.35150979  0.          3.32989791  0.        ],
  "funcao_objetivo": 0.85023500651746424759501594304000569962949233103906,
  "confiabilidade_total": 0.97498500651746423349518353030051763624937014628564
}
 
Individuo 16:
{
  "Posicao": [9. 9. 0. 0. 0.]
             [1. 2. 1. 1. 1.],
  "Velocidade": [ 10.57574671   3.51232197  -7.02136834  -9.87493757 -16.22081747]
                [-3.44913446  0.          0.          0.          0.        ],
  "funcao_objetivo": 0.95644029826450266878624397918755291799354497813823,
  "confiabilidade_total": 0.97344029826450255551573989180595688127252404117229
}
 
Individuo 17:
{
  "Posicao": [0. 5. 6. 6. 2.]
             [2. 2. 1. 1. 1.],
  "Velocidade": [-5.51890711  1.8784083  -3.17530209  1.07631226  0.64758236]
                [ 0.54283125  0.54283125 -2.42193173  0.          0.        ],
  "funcao_objetivo": 0.88584872659996398307309353076512334244620927448050,
  "confiabilidade_total": 0.99226539326663050370842502506953305872452386493460
}
 
Individuo 18:
{
  "Posicao": [3. 7. 9. 6. 9.]
             [2. 2. 1. 1. 1.],
  "Velocidade": [-2.21363286 -1.80043041  4.14273044 -2.02120271  7.18733326]
                [-0.78029448 -0.78029448  0.2332999   0.          0.        ],
  "funcao_objetivo": 0.89452830755428375404974262165831883102399061578129,
  "confiabilidade_total": 0.98909497422095043832639683058767682304349492448185
}
 
Individuo 19:
{
  "Posicao": [1. 6. 6. 5. 1.]
             [1. 1. 1. 3. 1.],
  "Velocidade": [ 0.8144264  -0.89923675 -3.30447449 -0.57471318  0.29518089]
                [0.33661374 0.33661374 0.         2.284391   0.        ],
  "funcao_objetivo": 0.97051851333571540285737314788975376863028736413599,
  "confiabilidade_total": 0.97410184666904879300521328409815518674669669569612
}
 
Individuo 20:
{
  "Posicao": [3. 7. 4. 9. 9.]
             [3. 3. 1. 2. 1.],
  "Velocidade": [-2.50055063  4.7183121  -3.83139817 10.30280643  0.35928986]
                [-0.05322434 -0.05322434  0.          0.2138749   0.        ],
  "funcao_objetivo": -0.045283266132936744609423004561102670578510211519453,
  "confiabilidade_total": 0.99908340053372942115422089855827046469017799038484
}
 
Individuo 21:
{
  "Posicao": [5. 9. 9. 3. 1.]
             [3. 3. 1. 3. 3.],
  "Velocidade": [-0.60401998  3.23666857  4.06532317 -1.85295072  1.30200231]
                [ 0.92647536  0.92647536  0.         -0.01556008 -0.01556008],
  "funcao_objetivo": -0.81192004644357050168078663038310948716749372166978,
  "confiabilidade_total": 0.99904662022309600079129618105373922778020677881850
}
 
Individuo 22:
{
  "Posicao": [1. 4. 5. 6. 3.]
             [2. 2. 1. 1. 1.],
  "Velocidade": [ 0.86764688 -4.98060629 -3.92559643  1.84661588  3.13222582]
                [ 0.74532562 -0.74532562  0.          0.          0.        ],
  "funcao_objetivo": 0.82044479600375588505230655467388192179955470554066,
  "confiabilidade_total": 0.99211146267042249139685555004037655878223407260609
}
 
Individuo 23:
{
  "Posicao": [1. 5. 0. 2. 6.]
             [3. 3. 1. 1. 1.],
  "Velocidade": [ 0.         -0.90926714 -8.60249515 -2.89051264  4.18899486]
                [ 1.58966793  1.58966793 -1.37521749  0.          0.        ],
  "funcao_objetivo": 0.52155711102450490920582682965065759509979198842283,
  "confiabilidade_total": 0.99897377769117178711092764833044201970277737050291
}
 
Individuo 24:
{
  "Posicao": [6. 7. 7. 7. 1.]
             [1. 1. 1. 2. 2.],
  "Velocidade": [5.52019283 1.16624951 2.46847223 6.2716243  0.68785797]
                [0.44682443 0.44682443 0.         0.77897219 0.77897219],
  "funcao_objetivo": 0.95294644143976724351936069294280136273036259390579,
  "confiabilidade_total": 0.96524644143976714133998462156651916484142202116714
}
 
Individuo 25:
{
  "Posicao": [3. 9. 6. 6. 1.]
             [3. 3. 1. 3. 1.],
  "Velocidade": [ 3.02844255  1.39356244 -3.47571943 -0.5384809   0.76576932]
                [-0.10281673 -0.10281673  0.          2.0800148   0.        ],
  "funcao_objetivo": -0.36836063912570362770597768014947518999949011819102,
  "confiabilidade_total": 0.99920602754096308046822713383637733463868584616445
}
 
Individuo 26:
{
  "Posicao": [1. 3. 9. 9. 2.]
             [1. 1. 1. 1. 1.],
  "Velocidade": [ 0.51409854 -5.76967517  0.56746427  9.09531668 -1.49102229]
                [-2.62337385 -2.62337385  0.32619948  0.          0.        ],
  "funcao_objetivo": 0.94271869753882766758977189764536784973167253589366,
  "confiabilidade_total": 0.94271869753882766758977189764536784973167253589366
}
 
Individuo 27:
{
  "Posicao": [0. 9. 9. 8. 1.]
             [2. 1. 1. 1. 1.],
  "Velocidade": [ 0.31733476  2.40942301  3.78054557 -0.4044962  -1.54673602]
                [0.         0.31733476 0.         0.         0.        ],
  "funcao_objetivo": 0.96052319371705568484770273010104583987364280389299,
  "confiabilidade_total": 0.96052319371705568484770273010104583987364280389299
}
 
Individuo 28:
{
  "Posicao": [6. 7. 8. 4. 0.]
             [2. 2. 1. 1. 1.],
  "Velocidade": [ 0.49391339  1.17217242  2.65828847 -1.46819703 -0.65771669]
                [ 1.02109472  1.02109472 -1.02109472  0.          0.        ],
  "funcao_objetivo": 0.93147790119612859494181332305402381137523485590272,
  "confiabilidade_total": 0.98931123452946190793956158866990651261571480203919
}
 
Individuo 29:
{
  "Posicao": [0. 6. 6. 2. 2.]
             [1. 1. 1. 1. 1.],
  "Velocidade": [-0.873115   -1.46347257  2.97736853  1.71756315 -0.36781176]
                [-0.873115 -0.873115  0.        0.        0.      ],
  "funcao_objetivo": 0.95405232053997970266130176666710267894855254842222,
  "confiabilidade_total": 0.95405232053997970266130176666710267894855254842222
}
 
Individuo 30:
{
  "Posicao": [1. 4. 7. 4. 2.]
             [2. 2. 1. 1. 1.],
  "Velocidade": [ 1.41131866 -1.55359309 -0.9140508   3.45542827 -2.09125959]
                [ 1.41131866  1.41131866  0.          0.         -1.41131866],
  "funcao_objetivo": 0.78974532712481798990774607680010571132306256746602,
  "confiabilidade_total": 0.99249532712481808671919382411375603626374402498555
}
 
Individuo 31:
{
  "Posicao": [0. 6. 9. 6. 1.]
             [2. 2. 1. 1. 1.],
  "Velocidade": [-4.53747389 -2.765407    1.32872881 -1.53625018 -3.36887397]
                [0.10050783 0.         0.         0.         0.        ],
  "funcao_objetivo": 0.83076629704526744516748489141073880918345144664653,
  "confiabilidade_total": 0.99204963037860069253439905631049262328094533359416
}
 
Individuo 32:
{
  "Posicao": [1. 7. 9. 5. 2.]
             [2. 2. 1. 1. 1.],
  "Velocidade": [ 0.81225885  4.16825304  6.878205   -1.79771034 -5.0898345 ]
                [0.81225885 0.81225885 0.         0.         0.16657558],
  "funcao_objetivo": 0.98787567130939179556358222719262708181520847151582,
  "confiabilidade_total": 0.99095900464272516661905578680028961883397696087663
}
 
Individuo 33:
{
  "Posicao": [0. 5. 9. 5. 0.]
             [2. 2. 3. 1. 1.],
  "Velocidade": [-2.52894828  0.15375769  0.62431439  0.         -5.48725059]
                [0.8006019  0.8006019  1.53138648 0.         0.        ],
  "funcao_objetivo": 0.33320955056860755668137755768590330296745176274712,
  "confiabilidade_total": 0.99475955056860769461548613711535188519945020635064
}
 
Individuo 34:
{
  "Posicao": [2. 7. 7. 6. 0.]
             [1. 1. 1. 1. 2.],
  "Velocidade": [ 2.28915553 -2.09514708 -1.15235712  2.58464722 -3.8558953 ]
                [-1.7755674  -1.7755674   0.          0.          0.82403468],
  "funcao_objetivo": 0.94732438358370636561835000127887457715054752931781,
  "confiabilidade_total": 0.94732438358370636561835000127887457715054752931781
}
 
Individuo 35:
{
  "Posicao": [0. 0. 5. 0. 2.]
             [1. 1. 1. 1. 1.],
  "Velocidade": [ -4.12887665 -15.09811537  -0.57322012  -7.23506493  -1.16324212]
                [-5.56817665 -5.56817665  0.          0.          0.        ],
  "funcao_objetivo": 0.96645242639732056016766911895832773797620138026270,
  "confiabilidade_total": 0.96645242639732056016766911895832773797620138026270
}
 
Individuo 36:
{
  "Posicao": [0. 8. 8. 2. 0.]
             [3. 2. 1. 1. 1.],
  "Velocidade": [-7.0276437   3.49545555 -0.62767756 -5.149394   -5.2937562 ]
                [0.71346148 0.         0.         0.         0.        ],
  "funcao_objetivo": 0.62550421630251620514882808711796925131972828087784,
  "confiabilidade_total": 0.99488754963584951869058563480017865736778774437882
}
 
Individuo 37:
{
  "Posicao": [1. 4. 8. 5. 0.]
             [2. 2. 1. 1. 1.],
  "Velocidade": [-2.02600023  1.19047241  1.5006354  -0.45811689  0.48301481]
                [0.45811689 0.45811689 0.         0.         0.        ],
  "funcao_objetivo": 0.88155835386769591084268096148524105773049087914556,
  "confiabilidade_total": 0.99222502053436258790843662547420731969850750359624
}
 
Individuo 38:
{
  "Posicao": [4. 7. 3. 2. 5.]
             [1. 1. 1. 1. 1.],
  "Velocidade": [ 0.69379053  2.16519826 -3.15783365  0.0308886   2.20694804]
                [0.18905085 0.18905085 0.         0.         0.        ],
  "funcao_objetivo": 0.94694019716841924296079069579841863677234106320297,
  "confiabilidade_total": 0.94694019716841924296079069579841863677234106320297
}
 
Individuo 39:
{
  "Posicao": [0. 2. 0. 3. 0.]
             [1. 1. 1. 1. 1.],
  "Velocidade": [-6.92166742 -3.43790803 -1.95748167  3.45952238 -7.2986206 ]
                [-1.12523351 -1.12523351  0.          0.          0.        ],
  "funcao_objetivo": 0.96465917596947614506078282989202240840899270280216,
  "confiabilidade_total": 0.96465917596947614506078282989202240840899270280216
}
 
Individuo 40:
{
  "Posicao": [0. 8. 6. 5. 5.]
             [2. 2. 1. 1. 1.],
  "Velocidade": [0.01679114 2.32928057 1.17607361 0.         2.99160683]
                [-0.73016785 -0.73016785  0.          0.          0.        ],
  "funcao_objetivo": 0.99155654363382958526335473910049620499330560153123,
  "confiabilidade_total": 0.99155654363382958526335473910049620499330560153123
}
 
Individuo 41:
{
  "Posicao": [4. 9. 9. 4. 4.]
             [2. 2. 1. 1. 1.],
  "Velocidade": [ 3.80097493  6.75328755  7.28596542  1.3503183  -3.89956483]
                [-0.67515915 -0.67515915  0.          0.          0.        ],
  "funcao_objetivo": 0.64121769275153613836629626408167918203273330848032,
  "confiabilidade_total": 0.98843435941820243711245405680230272924402271430307
}
 
Individuo 42:
{
  "Posicao": [0. 4. 8. 7. 0.]
             [1. 1. 1. 1. 1.],
  "Velocidade": [-1.22974483  4.31750584  0.97963361  2.27382864 -2.43758232]
                [-1.97194121 -1.97194121  0.          0.          0.        ],
  "funcao_objetivo": 0.95022624603070995720606987774010957332847153809510,
  "confiabilidade_total": 0.95022624603070995720606987774010957332847153809510
}
 
Individuo 43:
{
  "Posicao": [1. 7. 8. 5. 1.]
             [2. 2. 1. 1. 1.],
  "Velocidade": [ 0.66778339  1.073651   -0.63646751  0.          1.07766595]
                [-0.66778339 -0.66778339  0.          0.          0.        ],
  "funcao_objetivo": 0.99120987391895659405218558253042162748470177223549,
  "confiabilidade_total": 0.99120987391895659405218558253042162748470177223549
}
 
Individuo 44:
{
  "Posicao": [1. 4. 9. 3. 0.]
             [2. 2. 1. 1. 1.],
  "Velocidade": [-0.1685553  -0.61632148  2.75271142 -2.97783019 -3.82192681]
                [-0.1685553  -0.1685553   0.          0.          0.20718382],
  "funcao_objetivo": 0.75345521419465748699176958670162281016010623701584,
  "confiabilidade_total": 0.99247188086132423225852565341395535035181623228562
}
 
Individuo 45:
{
  "Posicao": [0. 5. 7. 5. 1.]
             [1. 1. 1. 1. 1.],
  "Velocidade": [-0.74177863  3.31750672 -0.14893156  2.86477437  1.16832095]
                [0.19277555 0.19277555 0.         0.         0.        ],
  "funcao_objetivo": 0.94834092208113107605048209074687213178668934420484,
  "confiabilidade_total": 0.94834092208113107605048209074687213178668934420484
}
 
Individuo 46:
{
  "Posicao": [1. 6. 8. 4. 0.]
             [2. 2. 1. 1. 3.],
  "Velocidade": [ 1.13813679  0.18029445  1.12347922 -1.66508047 -3.29478519]
                [ 1.43401015  1.43401015  0.          0.         -0.38593111],
  "funcao_objetivo": 0.23141556813838138360008954082535184821722229962200,
  "confiabilidade_total": 0.99251556813838116031203482821386843821642121319621
}
 
Individuo 47:
{
  "Posicao": [1. 4. 4. 2. 3.]
             [3. 3. 1. 1. 1.],
  "Velocidade": [ 0.69354268 -1.15932714 -2.05878888 -2.83006674  0.87690978]
                [2.70476182 2.70476182 0.         0.         0.        ],
  "funcao_objetivo": 0.16204731023160749979172915914085956438631903163918,
  "confiabilidade_total": 0.99901397689827421964548019218335889428110014431007
}
 
Individuo 48:
{
  "Posicao": [2. 7. 0. 5. 0.]
             [1. 1. 1. 1. 1.],
  "Velocidade": [-3.64957596  6.59916683 -8.15765366  3.16632122 -6.99984853]
                [-3.59260037 -3.59260037  0.          0.          0.        ],
  "funcao_objetivo": 0.95280723310288520649517901200746094135834428946304,
  "confiabilidade_total": 0.95280723310288520649517901200746094135834428946304
}
 
Individuo 49:
{
  "Posicao": [1. 2. 5. 7. 3.]
             [1. 1. 1. 1. 2.],
  "Velocidade": [ 1.48108182 -5.29846699 -3.56025681  2.70389858  3.19115672]
                [-0.98982064 -0.98982064  0.          0.          0.83441655],
  "funcao_objetivo": 0.95437710540523116303681077005543193115821046759604,
  "confiabilidade_total": 0.95437710540523116303681077005543193115821046759604
}
 
Individuo 50:
{
  "Posicao": [3. 5. 2. 4. 6.]
             [3. 3. 1. 1. 1.],
  "Velocidade": [ 2.80458135 -0.4100037  -1.03927386 -0.00432152  0.17049589]
                [3.01894216 3.01894216 0.         0.         0.        ],
  "funcao_objetivo": 0.49468159381403565032258481759809746168235354013779,
  "confiabilidade_total": 0.99854826048070232481817417957982633256966285295822
}
 
-----------------------------------------
Populacao final da era:
Individuo 1:
{
  "Posicao": [0. 3. 4. 5. 5.]
             [2. 2. 1. 1. 1.],
  "Velocidade": [-0.77107308  0.89643451 -3.04675841  0.          3.60465797]
                [0. 0. 0. 0. 0.],
  "funcao_objetivo": 0.84289553951700822740136704783371886340696823477085,
  "confiabilidade_total": 0.99331220618367498140557831834603337673265945791538
}
 
Individuo 2:
{
  "Posicao": [6. 9. 9. 4. 3.]
             [2. 2. 1. 1. 1.],
  "Velocidade": [3.18201804 0.13537299 1.34336766 4.397242   0.9667204 ]
                [0. 0. 0. 0. 0.],
  "funcao_objetivo": 0.76990566057734764961148467836564637367239593181476,
  "confiabilidade_total": 0.98762232724401401374977862150799015183559058818683
}
 
Individuo 3:
{
  "Posicao": [9. 9. 1. 0. 8.]
             [2. 3. 1. 3. 1.],
  "Velocidade": [ 8.30569671  3.24568341 -3.11410741 -9.30056739  4.93954365]
                [0.         1.55491989 0.         0.53753635 0.        ],
  "funcao_objetivo": -0.20465170936753217660845060671200624297927081458180,
  "confiabilidade_total": 0.99531495729913433829813008052659572471310436852367
}
 
Individuo 4:
{
  "Posicao": [9. 9. 9. 6. 9.]
             [2. 2. 1. 2. 1.],
  "Velocidade": [ 7.65296557  2.79969285  2.68427988 -2.8267947   9.00196141]
                [ 0.         -0.51285565  0.          1.11475852  0.        ],
  "funcao_objetivo": 0.42205183762059945766218719962586958089753762341260,
  "confiabilidade_total": 0.99101850428726602275084859992154717573806420422314
}
 
Individuo 5:
{
  "Posicao": [3. 9. 6. 2. 9.]
             [2. 3. 1. 1. 1.],
  "Velocidade": [-2.23235613  8.81095416 -3.41782582 -5.19256672  3.60950587]
                [0.         0.65989305 0.         0.         0.        ],
  "funcao_objetivo": 0.48552061264761382937215235730982487940959562945400,
  "confiabilidade_total": 0.99440394598094701701461891249928260141782393145595
}
 
Individuo 6:
{
  "Posicao": [0. 9. 7. 5. 7.]
             [1. 3. 1. 1. 1.],
  "Velocidade": [-1.42920718  4.8028282  -2.38463993 -0.4324702   3.87960895]
                [-2.05547465  2.05547465  0.          0.          0.        ],
  "funcao_objetivo": 0.88258205975757108591924695141979596274030997291351,
  "confiabilidade_total": 0.97728205975757107843634376544624088028503252998138
}
 
Individuo 7:
{
  "Posicao": [0. 2. 0. 3. 9.]
             [2. 3. 1. 1. 1.],
  "Velocidade": [-0.71451705 -4.95856794 -8.79976872 -6.47849481 10.48242083]
                [ 0.         -0.19721113  0.          0.          0.        ],
  "funcao_objetivo": 0.51925167669712239444425340732995987468873983410313,
  "confiabilidade_total": 0.99795167669712235332159257521416161739742284801915
}
 
Individuo 8:
{
  "Posicao": [2. 8. 4. 1. 9.]
             [2. 3. 2. 1. 1.],
  "Velocidade": [ 2.34355635  1.09446498 -3.43714674 -2.8685215   6.09813495]
                [0.         2.43225906 0.76881398 0.         0.        ],
  "funcao_objetivo": 0.35843669124377171051545680060690933451744256113937,
  "confiabilidade_total": 0.99835335791043828866034097049442784473987755869796
}
 
Individuo 9:
{
  "Posicao": [4. 4. 0. 5. 1.]
             [1. 1. 1. 2. 1.],
  "Velocidade": [-2.19070128 -0.69158624 -4.21054049  0.          0.78168412]
                [-1.08284984 -1.08284984  0.         -0.87637803  0.        ],
  "funcao_objetivo": 0.97603516709895687969869874484291241442959554794146,
  "confiabilidade_total": 0.97603516709895687969869874484291241442959554794146
}
 
Individuo 10:
{
  "Posicao": [0. 4. 0. 5. 7.]
             [2. 2. 1. 1. 1.],
  "Velocidade": [0.16760223 2.31925895 0.13115266 0.         2.87347088]
                [-0.50765689  0.          0.         -0.50765689  0.        ],
  "funcao_objetivo": 0.83493019752788099660462857607999319253599408382948,
  "confiabilidade_total": 0.99378019752788100862834393277043852532392504925307
}
 
Individuo 11:
{
  "Posicao": [8. 0. 0. 0. 9.]
             [2. 1. 1. 1. 1.],
  "Velocidade": [ 7.38831345 -1.67077198 -9.8304115  -9.39163581  9.65694061]
                [ 0.         -3.14131559  0.          0.          0.        ],
  "funcao_objetivo": 0.98218543894555243160277958907975179849571293168834,
  "confiabilidade_total": 0.98218543894555243160277958907975179849571293168834
}
 
Individuo 12:
{
  "Posicao": [0. 1. 5. 5. 9.]
             [3. 3. 1. 1. 1.],
  "Velocidade": [-0.86841186  1.28316575  3.75462467  0.          2.1432194 ]
                [ 1.51265068  1.51265068 -1.51283642  0.          0.        ],
  "funcao_objetivo": 0.33126409939693103840795997201209057108668203232029,
  "confiabilidade_total": 0.99933076606359768041287251833861328647641057846287
}
 
Individuo 13:
{
  "Posicao": [0. 6. 6. 5. 9.]
             [1. 1. 1. 1. 1.],
  "Velocidade": [-1.31931415  3.31359035 -3.31254306  0.         10.70656141]
                [0.4604817 0.4604817 0.        0.4167424 0.4167424],
  "funcao_objetivo": 0.94650778958246148528008098931573555604525891818933,
  "confiabilidade_total": 0.94650778958246148528008098931573555604525891818933
}
 
Individuo 14:
{
  "Posicao": [8. 4. 1. 9. 9.]
             [2. 3. 1. 1. 2.],
  "Velocidade": [ 5.99268     3.70509529 -3.15280058  6.97791022  8.30919449]
                [ 0.          2.56491629  0.          0.         -0.90307425],
  "funcao_objetivo": 0.17778183817584771016235135988205870718288921343527,
  "confiabilidade_total": 0.99501517150918085526107161143551780015755199419699
}
 
Individuo 15:
{
  "Posicao": [3. 0. 0. 5. 6.]
             [2. 2. 1. 2. 1.],
  "Velocidade": [ 1.0764946  -2.7158691  -3.07648161  0.          1.89988602]
                [ 1.30119528  1.30119528  0.         -1.30962376  0.        ],
  "funcao_objetivo": 0.65571764527495387671204028325477410741643260783126,
  "confiabilidade_total": 0.99676764527495389651841904256756678857402156657149
}
 
Individuo 16:
{
  "Posicao": [1. 9. 4. 0. 6.]
             [2. 2. 1. 1. 1.],
  "Velocidade": [-7.76753791 -0.29423493  3.98205396  0.46994697  6.44446693]
                [1.48186949 0.         0.         0.         0.        ],
  "funcao_objetivo": 0.77431837461284858766894646649674522352444835877064,
  "confiabilidade_total": 0.99248504127951536021388224824917396192478843903187
}
 
Individuo 17:
{
  "Posicao": [0. 7. 4. 5. 5.]
             [2. 2. 3. 1. 1.],
  "Velocidade": [ 0.37979057  2.28633803 -1.59555087 -1.48251303  3.21843937]
                [-0.18590166 -0.18590166  1.58323414  0.          0.        ],
  "funcao_objetivo": 0.33523407438342351198955559977854198242837695461727,
  "confiabilidade_total": 0.99455074105009006295618012684222838308030871731258
}
 
Individuo 18:
{
  "Posicao": [0. 7. 8. 0. 9.]
             [1. 1. 3. 1. 1.],
  "Velocidade": [ -7.28656046   0.03908686  -1.3021706  -12.74086201  -0.16989383]
                [-2.251929   -2.251929    1.73694446  0.          0.        ],
  "funcao_objetivo": 0.92957500854045226709315270814959952031168051827507,
  "confiabilidade_total": 0.97857500854045232449168308127019266021343775857048
}
 
Individuo 19:
{
  "Posicao": [1. 7. 3. 4. 4.]
             [2. 2. 1. 2. 1.],
  "Velocidade": [ 0.06424647  0.55842608 -3.11109714 -0.54108105  3.08798622]
                [ 1.01943497  1.01943497  0.         -0.74566914  0.        ],
  "funcao_objetivo": 0.54737353333058615800301184133221352108971076648101,
  "confiabilidade_total": 0.99600686666391951417733353462043407940522628466949
}
 
Individuo 20:
{
  "Posicao": [1. 9. 0. 9. 9.]
             [2. 2. 1. 2. 1.],
  "Velocidade": [-2.02762749  3.75214127 -4.01864357  9.36041993 -0.19493426]
                [-0.52243805 -0.52243805  0.          0.11649202  0.        ],
  "funcao_objetivo": 0.41291376925196564220263598130943744902189561633780,
  "confiabilidade_total": 0.99618043591863240873016296959351773832615205554679
}
 
Individuo 21:
{
  "Posicao": [0. 9. 9. 5. 8.]
             [2. 2. 1. 1. 1.],
  "Velocidade": [-10.38185292   1.08462319  -0.25136777   2.18075572   7.26723419]
                [-1.09037786 -1.09037786  0.         -3.93992155 -3.93992155],
  "funcao_objetivo": 0.85566829401933157557158504617374363480792833951492,
  "confiabilidade_total": 0.99050162735266489450902649353421382731483770993728
}
 
Individuo 22:
{
  "Posicao": [0. 6. 2. 6. 9.]
             [2. 2. 1. 1. 1.],
  "Velocidade": [-0.58892396  1.77143984 -3.12747155  0.33275593  7.43531439]
                [-0.13568744  0.13568744  0.          0.          0.        ],
  "funcao_objetivo": 0.81133555621591307456519877926946285385068931876409,
  "confiabilidade_total": 0.99250222288257982812532083993171475100692787467229
}
 
Individuo 23:
{
  "Posicao": [0. 9. 9. 7. 6.]
             [1. 1. 2. 1. 1.],
  "Velocidade": [-1.8634172   6.75043709 15.17887948  4.88513378  0.06419585]
                [-4.3992613  -4.3992613   0.72150248  0.          0.        ],
  "funcao_objetivo": 0.96053004562757203933038598624881432743641919561588,
  "confiabilidade_total": 0.96053004562757203933038598624881432743641919561588
}
 
Individuo 24:
{
  "Posicao": [8. 9. 9. 9. 4.]
             [2. 2. 1. 2. 2.],
  "Velocidade": [2.08460249 1.61675901 1.86396029 4.92579422 2.72263761]
                [0.93943458 0.93943458 0.         0.2146286  0.2146286 ],
  "funcao_objetivo": 0.14941254726237664271692291943878279325491598990811,
  "confiabilidade_total": 0.99262921392904331261063784434923780408627203849209
}
 
Individuo 25:
{
  "Posicao": [1. 6. 5. 3. 6.]
             [1. 1. 1. 1. 1.],
  "Velocidade": [-1.6591183  -2.91635527 -1.22863008 -2.69164495  5.37227857]
                [-2.28147578 -2.28147578  0.         -2.4110591   0.        ],
  "funcao_objetivo": 0.94669773085003397796629814504525985492320867894099,
  "confiabilidade_total": 0.94669773085003397796629814504525985492320867894099
}
 
Individuo 26:
{
  "Posicao": [0. 7. 5. 9. 4.]
             [1. 1. 1. 1. 1.],
  "Velocidade": [-1.63942859  4.08226108 -3.63023995  0.06929146  1.65781331]
                [0.34641224 0.34641224 0.30711033 0.         0.        ],
  "funcao_objetivo": 0.94404609223682672961884618880622901736132608966194,
  "confiabilidade_total": 0.94404609223682672961884618880622901736132608966194
}
 
Individuo 27:
{
  "Posicao": [1. 9. 9. 3. 2.]
             [2. 3. 1. 1. 1.],
  "Velocidade": [ 1.34557037 -0.1940352   0.35915516 -4.62778458  1.06597336]
                [0.         1.71441752 0.         0.         0.        ],
  "funcao_objetivo": 0.48484993660450474486721854591416285037178077863567,
  "confiabilidade_total": 0.99548326993783801733072418246558026074546852277630
}
 
Individuo 28:
{
  "Posicao": [0. 9. 6. 6. 9.]
             [3. 3. 2. 1. 1.],
  "Velocidade": [-17.36528865   2.42890279  -2.12359442   1.91871615  11.9344078 ]
                [0.96134041 0.96134041 0.96134041 0.         0.        ],
  "funcao_objetivo": -0.18815606193996289388119319139201094932220918156343,
  "confiabilidade_total": 0.99876060472670350396347177937008539610244291804595
}
 
Individuo 29:
{
  "Posicao": [1. 8. 6. 5. 7.]
             [1. 1. 1. 1. 1.],
  "Velocidade": [ 0.82202044  1.86319952 -0.25264043  3.42282264  5.12641212]
                [0.18733975 0.18733975 0.         0.         0.        ],
  "funcao_objetivo": 0.94223390817955052228562930381816569796419207535168,
  "confiabilidade_total": 0.94223390817955052228562930381816569796419207535168
}
 
Individuo 30:
{
  "Posicao": [1. 9. 5. 9. 4.]
             [3. 3. 1. 1. 2.],
  "Velocidade": [-0.07946364  8.62489127 -2.26875282  7.63127578  2.25569702]
                [1.3287285 1.3287285 0.        0.        1.3287285],
  "funcao_objetivo": -0.12438615904985628610100089347959900423502866810869,
  "confiabilidade_total": 0.99836384095014396170077820285534081831955964976241
}
 
Individuo 31:
{
  "Posicao": [3. 8. 1. 0. 9.]
             [1. 2. 1. 1. 1.],
  "Velocidade": [ 2.79847926  1.60912608 -7.59323131 -6.07785029 10.30397639]
                [-0.915434  0.        0.        0.        0.      ],
  "funcao_objetivo": 0.97372315246018776626120773495634894799846826808618,
  "confiabilidade_total": 0.97372315246018776626120773495634894799846826808618
}
 
Individuo 32:
{
  "Posicao": [2. 9. 9. 3. 0.]
             [3. 3. 1. 1. 1.],
  "Velocidade": [ 0.76197639  3.92707669  6.46744587 -1.69250859 -4.78373055]
                [0.76472559 0.76472559 0.         0.         0.1568276 ],
  "funcao_objetivo": 0.18573232348727808697761312658883599481171567447608,
  "confiabilidade_total": 0.99834899015394496283990357995833238503521878726905
}
 
Individuo 33:
{
  "Posicao": [1. 8. 0. 5. 5.]
             [3. 3. 1. 1. 1.],
  "Velocidade": [ 0.53946876  2.70592783 -9.33933179  0.          4.6269334 ]
                [ 0.7537508   0.7537508  -3.94864706  0.          0.        ],
  "funcao_objetivo": 0.55695449090500836555453922088491183401968184164484,
  "confiabilidade_total": 0.99867115757167490088922356122639414550687971762140
}
 
Individuo 34:
{
  "Posicao": [2. 3. 2. 3. 5.]
             [1. 1. 1. 1. 1.],
  "Velocidade": [ 0.42819618 -3.97090295 -4.81028322 -3.1998763   5.45701809]
                [ 0.14579193  0.14579193  0.          0.         -1.0416411 ],
  "funcao_objetivo": 0.95292565072131467034830525293665105293303621984803,
  "confiabilidade_total": 0.95292565072131467034830525293665105293303621984803
}
 
Individuo 35:
{
  "Posicao": [4. 7. 5. 3. 3.]
             [3. 3. 1. 1. 1.],
  "Velocidade": [3.88725541 7.44015251 0.30712756 2.57765538 1.44523942]
                [4.39552486 4.39552486 0.         0.         0.        ],
  "funcao_objetivo": 0.34984262976463455125892165936053292076591570997050,
  "confiabilidade_total": 0.99835929643130134798451491744887110959295352124980
}
 
Individuo 36:
{
  "Posicao": [3. 4. 7. 8. 7.]
             [1. 2. 1. 1. 1.],
  "Velocidade": [ 2.8641295  -4.29351122 -1.45507096  5.92865181  6.65686266]
                [-3.55255929  0.          0.          0.          0.        ],
  "funcao_objetivo": 0.96493651320474717296375776159211961252538294927374,
  "confiabilidade_total": 0.96493651320474717296375776159211961252538294927374
}
 
Individuo 37:
{
  "Posicao": [1. 3. 1. 6. 8.]
             [1. 1. 1. 1. 1.],
  "Velocidade": [-0.34872534 -0.66748725 -6.58615732  0.68033235  8.22414487]
                [-0.68033235 -0.68033235  0.          0.          0.        ],
  "funcao_objetivo": 0.95251080629913441923929584925725123881796291252910,
  "confiabilidade_total": 0.95251080629913441923929584925725123881796291252910
}
 
Individuo 38:
{
  "Posicao": [4. 9. 0. 2. 8.]
             [1. 1. 1. 1. 1.],
  "Velocidade": [ 0.14524265  2.24472946 -2.98833438  0.01378432  2.71180929]
                [0.3842259 0.3842259 0.        0.        0.       ],
  "funcao_objetivo": 0.95204475620893402995602537251322710968727512300338,
  "confiabilidade_total": 0.95204475620893402995602537251322710968727512300338
}
 
Individuo 39:
{
  "Posicao": [7. 9. 8. 9. 2.]
             [2. 2. 1. 1. 1.],
  "Velocidade": [6.51661248 7.08541515 8.47920718 6.69778409 1.73027469]
                [0.66097121 0.66097121 0.         0.         0.        ],
  "funcao_objetivo": 0.92092584628777732377869476774926329672004480374618,
  "confiabilidade_total": 0.98682584628777707595748676848338323470804293168350
}
 
Individuo 40:
{
  "Posicao": [0. 9. 7. 5. 8.]
             [1. 1. 1. 1. 1.],
  "Velocidade": [0.01580852 2.19297142 1.10724996 0.         2.81653844]
                [-0.68743854 -0.68743854  0.          0.          0.        ],
  "funcao_objetivo": 0.94329559753342943350512552374960963962997940111201,
  "confiabilidade_total": 0.94329559753342943350512552374960963962997940111201
}
 
Individuo 41:
{
  "Posicao": [4. 9. 9. 6. 1.]
             [1. 1. 1. 1. 1.],
  "Velocidade": [ 0.33540422  5.54730161  6.25435621  2.08208243 -2.86057832]
                [-0.63564894 -0.63564894  0.          0.          0.        ],
  "funcao_objetivo": 0.93386415491503190343104558941211823240799377541569,
  "confiabilidade_total": 0.93386415491503190343104558941211823240799377541569
}
 
Individuo 42:
{
  "Posicao": [1. 7. 5. 6. 3.]
             [3. 3. 1. 1. 1.],
  "Velocidade": [ 1.15778035  2.92163686 -2.56100083 -1.3425419   3.4643045 ]
                [1.58940339 1.58940339 0.         0.         0.        ],
  "funcao_objetivo": 0.48389981583015101174854374951498069016942747324596,
  "confiabilidade_total": 0.99861648249681777845370642173908602594146497934948
}
 
Individuo 43:
{
  "Posicao": [1. 6. 4. 5. 7.]
             [1. 1. 1. 1. 1.],
  "Velocidade": [-0.14381493 -1.02138901 -3.54662591  0.          5.50704495]
                [-0.62870481 -0.62870481  0.          0.          0.        ],
  "funcao_objetivo": 0.94544360226981661543559557723993670949749670186066,
  "confiabilidade_total": 0.94544360226981661543559557723993670949749670186066
}
 
Individuo 44:
{
  "Posicao": [0. 9. 3. 9. 6.]
             [2. 2. 1. 1. 1.],
  "Velocidade": [-1.68430192  7.41204928 -5.76493201  5.91723859  5.91964596]
                [-0.15869147 -0.15869147  0.          0.          0.19505945],
  "funcao_objetivo": 0.74158310818098042543898724025616194071502929511582,
  "confiabilidade_total": 0.99048310818098039393085780139421932349236255469834
}
 
Individuo 45:
{
  "Posicao": [1. 9. 5. 8. 9.]
             [3. 3. 1. 1. 1.],
  "Velocidade": [ 0.67227464 10.05549235 -1.53716165  2.6971282   9.42902216]
                [2.94908439 2.94908439 0.         0.         0.        ],
  "funcao_objetivo": 0.29711240903027354541103182809244965496453911267207,
  "confiabilidade_total": 0.99822907569694015570797479112450157585534721814082
}
 
Individuo 46:
{
  "Posicao": [1. 8. 7. 4. 3.]
             [3. 3. 1. 1. 1.],
  "Velocidade": [ 0.02779845  2.44478628 -1.40488239 -0.14875918  3.05456459]
                [ 1.35009209  1.35009209  0.          0.         -2.82596225],
  "funcao_objetivo": 0.42956646541892928259152657454139790393029553777929,
  "confiabilidade_total": 0.99858313208559606421808669772760714299594266302343
}
 
Individuo 47:
{
  "Posicao": [0. 6. 6. 5. 4.]
             [2. 2. 1. 1. 1.],
  "Velocidade": [-1.1711198   2.42048051  1.70984407  2.80777774  0.68940423]
                [-0.53904418 -0.53904418  0.          0.          0.        ],
  "funcao_objetivo": 0.83314338154898831652060455615289644330742369420966,
  "confiabilidade_total": 0.99214338154898818018521713218367327928545485265693
}
 
Individuo 48:
{
  "Posicao": [4. 7. 4. 4. 3.]
             [3. 3. 1. 1. 1.],
  "Velocidade": [ 2.42395329 -0.33919043  3.52695861 -0.64116812  3.12912645]
                [2.69014354 2.69014354 0.         0.         0.        ],
  "funcao_objetivo": 0.20347563019814102065661546363240015150137450426458,
  "confiabilidade_total": 0.99839229686480734789109606823454052598305251329779
}
 
Individuo 49:
{
  "Posicao": [6. 0. 0. 9. 9.]
             [2. 2. 1. 1. 3.],
  "Velocidade": [ 5.14037248 -6.59930261 -7.09787446  4.82137379  9.85708831]
                [0.76569502 0.76569502 0.         0.         0.61938516],
  "funcao_objetivo": 0.098170686875427172782564438031781273283321020731625,
  "confiabilidade_total": 0.99455402020876048254956370198845844189103281272381
}
 
Individuo 50:
{
  "Posicao": [0. 9. 7. 5. 5.]
             [2. 2. 1. 1. 1.],
  "Velocidade": [-2.64331137  3.63476411  4.8035751   1.33618952 -1.17973966]
                [-0.66001958 -0.66001958  0.          0.          0.        ],
  "funcao_objetivo": 0.95013137123740532988622942529922968325413710619791,
  "confiabilidade_total": 0.99081470457073882471630466402325057507701165224894
}
 
-----------------------------------------
-----------------------------------------
-----------------------------------------
-----------------------------------------
GERACAO 8
Populacao antes da execucao:
Individuo 1:
{
  "Posicao": [0. 3. 4. 5. 5.]
             [2. 2. 1. 1. 1.],
  "Velocidade": [-0.77107308  0.89643451 -3.04675841  0.          3.60465797]
                [0. 0. 0. 0. 0.],
  "funcao_objetivo": 0.84289553951700822740136704783371886340696823477085,
  "confiabilidade_total": 0.99331220618367498140557831834603337673265945791538
}
 
Individuo 2:
{
  "Posicao": [6. 9. 9. 4. 3.]
             [2. 2. 1. 1. 1.],
  "Velocidade": [3.18201804 0.13537299 1.34336766 4.397242   0.9667204 ]
                [0. 0. 0. 0. 0.],
  "funcao_objetivo": 0.76990566057734764961148467836564637367239593181476,
  "confiabilidade_total": 0.98762232724401401374977862150799015183559058818683
}
 
Individuo 3:
{
  "Posicao": [9. 9. 1. 0. 8.]
             [2. 3. 1. 3. 1.],
  "Velocidade": [ 8.30569671  3.24568341 -3.11410741 -9.30056739  4.93954365]
                [0.         1.55491989 0.         0.53753635 0.        ],
  "funcao_objetivo": -0.20465170936753217660845060671200624297927081458180,
  "confiabilidade_total": 0.99531495729913433829813008052659572471310436852367
}
 
Individuo 4:
{
  "Posicao": [9. 9. 9. 6. 9.]
             [2. 2. 1. 2. 1.],
  "Velocidade": [ 7.65296557  2.79969285  2.68427988 -2.8267947   9.00196141]
                [ 0.         -0.51285565  0.          1.11475852  0.        ],
  "funcao_objetivo": 0.42205183762059945766218719962586958089753762341260,
  "confiabilidade_total": 0.99101850428726602275084859992154717573806420422314
}
 
Individuo 5:
{
  "Posicao": [3. 9. 6. 2. 9.]
             [2. 3. 1. 1. 1.],
  "Velocidade": [-2.23235613  8.81095416 -3.41782582 -5.19256672  3.60950587]
                [0.         0.65989305 0.         0.         0.        ],
  "funcao_objetivo": 0.48552061264761382937215235730982487940959562945400,
  "confiabilidade_total": 0.99440394598094701701461891249928260141782393145595
}
 
Individuo 6:
{
  "Posicao": [0. 9. 7. 5. 7.]
             [1. 3. 1. 1. 1.],
  "Velocidade": [-1.42920718  4.8028282  -2.38463993 -0.4324702   3.87960895]
                [-2.05547465  2.05547465  0.          0.          0.        ],
  "funcao_objetivo": 0.88258205975757108591924695141979596274030997291351,
  "confiabilidade_total": 0.97728205975757107843634376544624088028503252998138
}
 
Individuo 7:
{
  "Posicao": [0. 2. 0. 3. 9.]
             [2. 3. 1. 1. 1.],
  "Velocidade": [-0.71451705 -4.95856794 -8.79976872 -6.47849481 10.48242083]
                [ 0.         -0.19721113  0.          0.          0.        ],
  "funcao_objetivo": 0.51925167669712239444425340732995987468873983410313,
  "confiabilidade_total": 0.99795167669712235332159257521416161739742284801915
}
 
Individuo 8:
{
  "Posicao": [2. 8. 4. 1. 9.]
             [2. 3. 2. 1. 1.],
  "Velocidade": [ 2.34355635  1.09446498 -3.43714674 -2.8685215   6.09813495]
                [0.         2.43225906 0.76881398 0.         0.        ],
  "funcao_objetivo": 0.35843669124377171051545680060690933451744256113937,
  "confiabilidade_total": 0.99835335791043828866034097049442784473987755869796
}
 
Individuo 9:
{
  "Posicao": [4. 4. 0. 5. 1.]
             [1. 1. 1. 2. 1.],
  "Velocidade": [-2.19070128 -0.69158624 -4.21054049  0.          0.78168412]
                [-1.08284984 -1.08284984  0.         -0.87637803  0.        ],
  "funcao_objetivo": 0.97603516709895687969869874484291241442959554794146,
  "confiabilidade_total": 0.97603516709895687969869874484291241442959554794146
}
 
Individuo 10:
{
  "Posicao": [0. 4. 0. 5. 7.]
             [2. 2. 1. 1. 1.],
  "Velocidade": [0.16760223 2.31925895 0.13115266 0.         2.87347088]
                [-0.50765689  0.          0.         -0.50765689  0.        ],
  "funcao_objetivo": 0.83493019752788099660462857607999319253599408382948,
  "confiabilidade_total": 0.99378019752788100862834393277043852532392504925307
}
 
Individuo 11:
{
  "Posicao": [8. 0. 0. 0. 9.]
             [2. 1. 1. 1. 1.],
  "Velocidade": [ 7.38831345 -1.67077198 -9.8304115  -9.39163581  9.65694061]
                [ 0.         -3.14131559  0.          0.          0.        ],
  "funcao_objetivo": 0.98218543894555243160277958907975179849571293168834,
  "confiabilidade_total": 0.98218543894555243160277958907975179849571293168834
}
 
Individuo 12:
{
  "Posicao": [0. 1. 5. 5. 9.]
             [3. 3. 1. 1. 1.],
  "Velocidade": [-0.86841186  1.28316575  3.75462467  0.          2.1432194 ]
                [ 1.51265068  1.51265068 -1.51283642  0.          0.        ],
  "funcao_objetivo": 0.33126409939693103840795997201209057108668203232029,
  "confiabilidade_total": 0.99933076606359768041287251833861328647641057846287
}
 
Individuo 13:
{
  "Posicao": [0. 6. 6. 5. 9.]
             [1. 1. 1. 1. 1.],
  "Velocidade": [-1.31931415  3.31359035 -3.31254306  0.         10.70656141]
                [0.4604817 0.4604817 0.        0.4167424 0.4167424],
  "funcao_objetivo": 0.94650778958246148528008098931573555604525891818933,
  "confiabilidade_total": 0.94650778958246148528008098931573555604525891818933
}
 
Individuo 14:
{
  "Posicao": [8. 4. 1. 9. 9.]
             [2. 3. 1. 1. 2.],
  "Velocidade": [ 5.99268     3.70509529 -3.15280058  6.97791022  8.30919449]
                [ 0.          2.56491629  0.          0.         -0.90307425],
  "funcao_objetivo": 0.17778183817584771016235135988205870718288921343527,
  "confiabilidade_total": 0.99501517150918085526107161143551780015755199419699
}
 
Individuo 15:
{
  "Posicao": [3. 0. 0. 5. 6.]
             [2. 2. 1. 2. 1.],
  "Velocidade": [ 1.0764946  -2.7158691  -3.07648161  0.          1.89988602]
                [ 1.30119528  1.30119528  0.         -1.30962376  0.        ],
  "funcao_objetivo": 0.65571764527495387671204028325477410741643260783126,
  "confiabilidade_total": 0.99676764527495389651841904256756678857402156657149
}
 
Individuo 16:
{
  "Posicao": [1. 9. 4. 0. 6.]
             [2. 2. 1. 1. 1.],
  "Velocidade": [-7.76753791 -0.29423493  3.98205396  0.46994697  6.44446693]
                [1.48186949 0.         0.         0.         0.        ],
  "funcao_objetivo": 0.77431837461284858766894646649674522352444835877064,
  "confiabilidade_total": 0.99248504127951536021388224824917396192478843903187
}
 
Individuo 17:
{
  "Posicao": [0. 7. 4. 5. 5.]
             [2. 2. 3. 1. 1.],
  "Velocidade": [ 0.37979057  2.28633803 -1.59555087 -1.48251303  3.21843937]
                [-0.18590166 -0.18590166  1.58323414  0.          0.        ],
  "funcao_objetivo": 0.33523407438342351198955559977854198242837695461727,
  "confiabilidade_total": 0.99455074105009006295618012684222838308030871731258
}
 
Individuo 18:
{
  "Posicao": [0. 7. 8. 0. 9.]
             [1. 1. 3. 1. 1.],
  "Velocidade": [ -7.28656046   0.03908686  -1.3021706  -12.74086201  -0.16989383]
                [-2.251929   -2.251929    1.73694446  0.          0.        ],
  "funcao_objetivo": 0.92957500854045226709315270814959952031168051827507,
  "confiabilidade_total": 0.97857500854045232449168308127019266021343775857048
}
 
Individuo 19:
{
  "Posicao": [1. 7. 3. 4. 4.]
             [2. 2. 1. 2. 1.],
  "Velocidade": [ 0.06424647  0.55842608 -3.11109714 -0.54108105  3.08798622]
                [ 1.01943497  1.01943497  0.         -0.74566914  0.        ],
  "funcao_objetivo": 0.54737353333058615800301184133221352108971076648101,
  "confiabilidade_total": 0.99600686666391951417733353462043407940522628466949
}
 
Individuo 20:
{
  "Posicao": [1. 9. 0. 9. 9.]
             [2. 2. 1. 2. 1.],
  "Velocidade": [-2.02762749  3.75214127 -4.01864357  9.36041993 -0.19493426]
                [-0.52243805 -0.52243805  0.          0.11649202  0.        ],
  "funcao_objetivo": 0.41291376925196564220263598130943744902189561633780,
  "confiabilidade_total": 0.99618043591863240873016296959351773832615205554679
}
 
Individuo 21:
{
  "Posicao": [0. 9. 9. 5. 8.]
             [2. 2. 1. 1. 1.],
  "Velocidade": [-10.38185292   1.08462319  -0.25136777   2.18075572   7.26723419]
                [-1.09037786 -1.09037786  0.         -3.93992155 -3.93992155],
  "funcao_objetivo": 0.85566829401933157557158504617374363480792833951492,
  "confiabilidade_total": 0.99050162735266489450902649353421382731483770993728
}
 
Individuo 22:
{
  "Posicao": [0. 6. 2. 6. 9.]
             [2. 2. 1. 1. 1.],
  "Velocidade": [-0.58892396  1.77143984 -3.12747155  0.33275593  7.43531439]
                [-0.13568744  0.13568744  0.          0.          0.        ],
  "funcao_objetivo": 0.81133555621591307456519877926946285385068931876409,
  "confiabilidade_total": 0.99250222288257982812532083993171475100692787467229
}
 
Individuo 23:
{
  "Posicao": [0. 9. 9. 7. 6.]
             [1. 1. 2. 1. 1.],
  "Velocidade": [-1.8634172   6.75043709 15.17887948  4.88513378  0.06419585]
                [-4.3992613  -4.3992613   0.72150248  0.          0.        ],
  "funcao_objetivo": 0.96053004562757203933038598624881432743641919561588,
  "confiabilidade_total": 0.96053004562757203933038598624881432743641919561588
}
 
Individuo 24:
{
  "Posicao": [8. 9. 9. 9. 4.]
             [2. 2. 1. 2. 2.],
  "Velocidade": [2.08460249 1.61675901 1.86396029 4.92579422 2.72263761]
                [0.93943458 0.93943458 0.         0.2146286  0.2146286 ],
  "funcao_objetivo": 0.14941254726237664271692291943878279325491598990811,
  "confiabilidade_total": 0.99262921392904331261063784434923780408627203849209
}
 
Individuo 25:
{
  "Posicao": [1. 6. 5. 3. 6.]
             [1. 1. 1. 1. 1.],
  "Velocidade": [-1.6591183  -2.91635527 -1.22863008 -2.69164495  5.37227857]
                [-2.28147578 -2.28147578  0.         -2.4110591   0.        ],
  "funcao_objetivo": 0.94669773085003397796629814504525985492320867894099,
  "confiabilidade_total": 0.94669773085003397796629814504525985492320867894099
}
 
Individuo 26:
{
  "Posicao": [0. 7. 5. 9. 4.]
             [1. 1. 1. 1. 1.],
  "Velocidade": [-1.63942859  4.08226108 -3.63023995  0.06929146  1.65781331]
                [0.34641224 0.34641224 0.30711033 0.         0.        ],
  "funcao_objetivo": 0.94404609223682672961884618880622901736132608966194,
  "confiabilidade_total": 0.94404609223682672961884618880622901736132608966194
}
 
Individuo 27:
{
  "Posicao": [1. 9. 9. 3. 2.]
             [2. 3. 1. 1. 1.],
  "Velocidade": [ 1.34557037 -0.1940352   0.35915516 -4.62778458  1.06597336]
                [0.         1.71441752 0.         0.         0.        ],
  "funcao_objetivo": 0.48484993660450474486721854591416285037178077863567,
  "confiabilidade_total": 0.99548326993783801733072418246558026074546852277630
}
 
Individuo 28:
{
  "Posicao": [0. 9. 6. 6. 9.]
             [3. 3. 2. 1. 1.],
  "Velocidade": [-17.36528865   2.42890279  -2.12359442   1.91871615  11.9344078 ]
                [0.96134041 0.96134041 0.96134041 0.         0.        ],
  "funcao_objetivo": -0.18815606193996289388119319139201094932220918156343,
  "confiabilidade_total": 0.99876060472670350396347177937008539610244291804595
}
 
Individuo 29:
{
  "Posicao": [1. 8. 6. 5. 7.]
             [1. 1. 1. 1. 1.],
  "Velocidade": [ 0.82202044  1.86319952 -0.25264043  3.42282264  5.12641212]
                [0.18733975 0.18733975 0.         0.         0.        ],
  "funcao_objetivo": 0.94223390817955052228562930381816569796419207535168,
  "confiabilidade_total": 0.94223390817955052228562930381816569796419207535168
}
 
Individuo 30:
{
  "Posicao": [1. 9. 5. 9. 4.]
             [3. 3. 1. 1. 2.],
  "Velocidade": [-0.07946364  8.62489127 -2.26875282  7.63127578  2.25569702]
                [1.3287285 1.3287285 0.        0.        1.3287285],
  "funcao_objetivo": -0.12438615904985628610100089347959900423502866810869,
  "confiabilidade_total": 0.99836384095014396170077820285534081831955964976241
}
 
Individuo 31:
{
  "Posicao": [3. 8. 1. 0. 9.]
             [1. 2. 1. 1. 1.],
  "Velocidade": [ 2.79847926  1.60912608 -7.59323131 -6.07785029 10.30397639]
                [-0.915434  0.        0.        0.        0.      ],
  "funcao_objetivo": 0.97372315246018776626120773495634894799846826808618,
  "confiabilidade_total": 0.97372315246018776626120773495634894799846826808618
}
 
Individuo 32:
{
  "Posicao": [2. 9. 9. 3. 0.]
             [3. 3. 1. 1. 1.],
  "Velocidade": [ 0.76197639  3.92707669  6.46744587 -1.69250859 -4.78373055]
                [0.76472559 0.76472559 0.         0.         0.1568276 ],
  "funcao_objetivo": 0.18573232348727808697761312658883599481171567447608,
  "confiabilidade_total": 0.99834899015394496283990357995833238503521878726905
}
 
Individuo 33:
{
  "Posicao": [1. 8. 0. 5. 5.]
             [3. 3. 1. 1. 1.],
  "Velocidade": [ 0.53946876  2.70592783 -9.33933179  0.          4.6269334 ]
                [ 0.7537508   0.7537508  -3.94864706  0.          0.        ],
  "funcao_objetivo": 0.55695449090500836555453922088491183401968184164484,
  "confiabilidade_total": 0.99867115757167490088922356122639414550687971762140
}
 
Individuo 34:
{
  "Posicao": [2. 3. 2. 3. 5.]
             [1. 1. 1. 1. 1.],
  "Velocidade": [ 0.42819618 -3.97090295 -4.81028322 -3.1998763   5.45701809]
                [ 0.14579193  0.14579193  0.          0.         -1.0416411 ],
  "funcao_objetivo": 0.95292565072131467034830525293665105293303621984803,
  "confiabilidade_total": 0.95292565072131467034830525293665105293303621984803
}
 
Individuo 35:
{
  "Posicao": [4. 7. 5. 3. 3.]
             [3. 3. 1. 1. 1.],
  "Velocidade": [3.88725541 7.44015251 0.30712756 2.57765538 1.44523942]
                [4.39552486 4.39552486 0.         0.         0.        ],
  "funcao_objetivo": 0.34984262976463455125892165936053292076591570997050,
  "confiabilidade_total": 0.99835929643130134798451491744887110959295352124980
}
 
Individuo 36:
{
  "Posicao": [3. 4. 7. 8. 7.]
             [1. 2. 1. 1. 1.],
  "Velocidade": [ 2.8641295  -4.29351122 -1.45507096  5.92865181  6.65686266]
                [-3.55255929  0.          0.          0.          0.        ],
  "funcao_objetivo": 0.96493651320474717296375776159211961252538294927374,
  "confiabilidade_total": 0.96493651320474717296375776159211961252538294927374
}
 
Individuo 37:
{
  "Posicao": [1. 3. 1. 6. 8.]
             [1. 1. 1. 1. 1.],
  "Velocidade": [-0.34872534 -0.66748725 -6.58615732  0.68033235  8.22414487]
                [-0.68033235 -0.68033235  0.          0.          0.        ],
  "funcao_objetivo": 0.95251080629913441923929584925725123881796291252910,
  "confiabilidade_total": 0.95251080629913441923929584925725123881796291252910
}
 
Individuo 38:
{
  "Posicao": [4. 9. 0. 2. 8.]
             [1. 1. 1. 1. 1.],
  "Velocidade": [ 0.14524265  2.24472946 -2.98833438  0.01378432  2.71180929]
                [0.3842259 0.3842259 0.        0.        0.       ],
  "funcao_objetivo": 0.95204475620893402995602537251322710968727512300338,
  "confiabilidade_total": 0.95204475620893402995602537251322710968727512300338
}
 
Individuo 39:
{
  "Posicao": [7. 9. 8. 9. 2.]
             [2. 2. 1. 1. 1.],
  "Velocidade": [6.51661248 7.08541515 8.47920718 6.69778409 1.73027469]
                [0.66097121 0.66097121 0.         0.         0.        ],
  "funcao_objetivo": 0.92092584628777732377869476774926329672004480374618,
  "confiabilidade_total": 0.98682584628777707595748676848338323470804293168350
}
 
Individuo 40:
{
  "Posicao": [0. 9. 7. 5. 8.]
             [1. 1. 1. 1. 1.],
  "Velocidade": [0.01580852 2.19297142 1.10724996 0.         2.81653844]
                [-0.68743854 -0.68743854  0.          0.          0.        ],
  "funcao_objetivo": 0.94329559753342943350512552374960963962997940111201,
  "confiabilidade_total": 0.94329559753342943350512552374960963962997940111201
}
 
Individuo 41:
{
  "Posicao": [4. 9. 9. 6. 1.]
             [1. 1. 1. 1. 1.],
  "Velocidade": [ 0.33540422  5.54730161  6.25435621  2.08208243 -2.86057832]
                [-0.63564894 -0.63564894  0.          0.          0.        ],
  "funcao_objetivo": 0.93386415491503190343104558941211823240799377541569,
  "confiabilidade_total": 0.93386415491503190343104558941211823240799377541569
}
 
Individuo 42:
{
  "Posicao": [1. 7. 5. 6. 3.]
             [3. 3. 1. 1. 1.],
  "Velocidade": [ 1.15778035  2.92163686 -2.56100083 -1.3425419   3.4643045 ]
                [1.58940339 1.58940339 0.         0.         0.        ],
  "funcao_objetivo": 0.48389981583015101174854374951498069016942747324596,
  "confiabilidade_total": 0.99861648249681777845370642173908602594146497934948
}
 
Individuo 43:
{
  "Posicao": [1. 6. 4. 5. 7.]
             [1. 1. 1. 1. 1.],
  "Velocidade": [-0.14381493 -1.02138901 -3.54662591  0.          5.50704495]
                [-0.62870481 -0.62870481  0.          0.          0.        ],
  "funcao_objetivo": 0.94544360226981661543559557723993670949749670186066,
  "confiabilidade_total": 0.94544360226981661543559557723993670949749670186066
}
 
Individuo 44:
{
  "Posicao": [0. 9. 3. 9. 6.]
             [2. 2. 1. 1. 1.],
  "Velocidade": [-1.68430192  7.41204928 -5.76493201  5.91723859  5.91964596]
                [-0.15869147 -0.15869147  0.          0.          0.19505945],
  "funcao_objetivo": 0.74158310818098042543898724025616194071502929511582,
  "confiabilidade_total": 0.99048310818098039393085780139421932349236255469834
}
 
Individuo 45:
{
  "Posicao": [1. 9. 5. 8. 9.]
             [3. 3. 1. 1. 1.],
  "Velocidade": [ 0.67227464 10.05549235 -1.53716165  2.6971282   9.42902216]
                [2.94908439 2.94908439 0.         0.         0.        ],
  "funcao_objetivo": 0.29711240903027354541103182809244965496453911267207,
  "confiabilidade_total": 0.99822907569694015570797479112450157585534721814082
}
 
Individuo 46:
{
  "Posicao": [1. 8. 7. 4. 3.]
             [3. 3. 1. 1. 1.],
  "Velocidade": [ 0.02779845  2.44478628 -1.40488239 -0.14875918  3.05456459]
                [ 1.35009209  1.35009209  0.          0.         -2.82596225],
  "funcao_objetivo": 0.42956646541892928259152657454139790393029553777929,
  "confiabilidade_total": 0.99858313208559606421808669772760714299594266302343
}
 
Individuo 47:
{
  "Posicao": [0. 6. 6. 5. 4.]
             [2. 2. 1. 1. 1.],
  "Velocidade": [-1.1711198   2.42048051  1.70984407  2.80777774  0.68940423]
                [-0.53904418 -0.53904418  0.          0.          0.        ],
  "funcao_objetivo": 0.83314338154898831652060455615289644330742369420966,
  "confiabilidade_total": 0.99214338154898818018521713218367327928545485265693
}
 
Individuo 48:
{
  "Posicao": [4. 7. 4. 4. 3.]
             [3. 3. 1. 1. 1.],
  "Velocidade": [ 2.42395329 -0.33919043  3.52695861 -0.64116812  3.12912645]
                [2.69014354 2.69014354 0.         0.         0.        ],
  "funcao_objetivo": 0.20347563019814102065661546363240015150137450426458,
  "confiabilidade_total": 0.99839229686480734789109606823454052598305251329779
}
 
Individuo 49:
{
  "Posicao": [6. 0. 0. 9. 9.]
             [2. 2. 1. 1. 3.],
  "Velocidade": [ 5.14037248 -6.59930261 -7.09787446  4.82137379  9.85708831]
                [0.76569502 0.76569502 0.         0.         0.61938516],
  "funcao_objetivo": 0.098170686875427172782564438031781273283321020731625,
  "confiabilidade_total": 0.99455402020876048254956370198845844189103281272381
}
 
Individuo 50:
{
  "Posicao": [0. 9. 7. 5. 5.]
             [2. 2. 1. 1. 1.],
  "Velocidade": [-2.64331137  3.63476411  4.8035751   1.33618952 -1.17973966]
                [-0.66001958 -0.66001958  0.          0.          0.        ],
  "funcao_objetivo": 0.95013137123740532988622942529922968325413710619791,
  "confiabilidade_total": 0.99081470457073882471630466402325057507701165224894
}
 
-----------------------------------------
Populacao final da era:
Individuo 1:
{
  "Posicao": [0. 7. 3. 5. 7.]
             [2. 2. 1. 1. 1.],
  "Velocidade": [ 0.39448151  3.9138813  -0.89517986  0.          2.06294083]
                [0. 0. 0. 0. 0.],
  "funcao_objetivo": 0.99219302323343078815851860648581371587722078476654,
  "confiabilidade_total": 0.99219302323343078815851860648581371587722078476654
}
 
Individuo 2:
{
  "Posicao": [2. 3. 3. 5. 4.]
             [2. 2. 1. 1. 1.],
  "Velocidade": [-3.99681837 -6.25035447 -5.63102261  0.95002046  1.40764469]
                [0. 0. 0. 0. 0.],
  "funcao_objetivo": 0.73899707524042624576796770184071255426668544273074,
  "confiabilidade_total": 0.99224707524042610987666948772155200641416926841433
}
 
Individuo 3:
{
  "Posicao": [9. 9. 0. 7. 9.]
             [2. 2. 1. 3. 1.],
  "Velocidade": [ 5.67133823  2.68208903 -1.44149811  7.46212964  3.57467743]
                [ 0.         -0.97896365  0.         -0.05795774  0.        ],
  "funcao_objetivo": 0.20968233144201103267394992429929425252784622368555,
  "confiabilidade_total": 0.99523233144201094767527515899730951769460571465234
}
 
Individuo 4:
{
  "Posicao": [2. 9. 7. 1. 9.]
             [2. 1. 1. 1. 1.],
  "Velocidade": [-7.14058217  0.62448678 -2.4861785  -5.03416458  1.96983331]
                [ 0.         -0.61614741  0.         -0.53158486  0.        ],
  "funcao_objetivo": 0.96727400218202150742369150242724439145876459652301,
  "confiabilidade_total": 0.96727400218202150742369150242724439145876459652301
}
 
Individuo 5:
{
  "Posicao": [0. 8. 6. 6. 5.]
             [2. 1. 1. 1. 1.],
  "Velocidade": [-4.23418343 -0.68998301 -0.35252672  3.92426081 -3.91407396]
                [ 0.         -1.67671393  0.          0.          0.        ],
  "funcao_objetivo": 0.96325654964231679192106945932147889869359381329357,
  "confiabilidade_total": 0.96325654964231679192106945932147889869359381329357
}
 
Individuo 6:
{
  "Posicao": [9. 9. 5. 9. 1.]
             [1. 3. 1. 1. 1.],
  "Velocidade": [10.7692157   2.09139664 -1.58246079  4.13490833 -5.69225594]
                [ 0.4693164 -0.4693164  0.         0.         0.       ],
  "funcao_objetivo": 0.78220650067899929214635180365239229044591328091962,
  "confiabilidade_total": 0.96297316734566583995994294078063411629473110623700
}
 
Individuo 7:
{
  "Posicao": [0. 3. 2. 0. 9.]
             [2. 2. 1. 1. 1.],
  "Velocidade": [ 0.48096252  1.23947957  2.34077057 -4.76303578  5.73949923]
                [ 0.         -1.46903525  0.          0.          0.        ],
  "funcao_objetivo": 0.77630510507218544448545967412243069188706342984688,
  "confiabilidade_total": 0.99505510507218544448545967412243069188706342984688
}
 
Individuo 8:
{
  "Posicao": [3. 7. 5. 6. 7.]
             [2. 2. 1. 1. 1.],
  "Velocidade": [ 0.60902956 -1.06103321  1.14653418  5.33299426 -1.62906811]
                [ 0.         -0.94863844 -1.11164722  0.          0.        ],
  "funcao_objetivo": 0.97719416549212783254849987378705207791364770242919,
  "confiabilidade_total": 0.98969416549212783324238926417777491567841749498595
}
 
Individuo 9:
{
  "Posicao": [0. 6. 0. 5. 4.]
             [1. 1. 1. 1. 1.],
  "Velocidade": [-4.34666468  1.66018437  0.46731699  0.          3.03336861]
                [ 0.43308983  0.43308983  0.         -1.39303858  0.        ],
  "funcao_objetivo": 0.95508257301230912350546374031680646434712770279404,
  "confiabilidade_total": 0.95508257301230912350546374031680646434712770279404
}
 
Individuo 10:
{
  "Posicao": [0. 6. 1. 5. 9.]
             [2. 2. 1. 1. 1.],
  "Velocidade": [0.16628218 2.47472587 0.62701116 0.         2.4865193 ]
                [-0.47316939  0.          0.          0.47316939  0.        ],
  "funcao_objetivo": 0.89414703849180183860733108195816380098114310673341,
  "confiabilidade_total": 0.99264703849180202323742007712169647343108951023683
}
 
Individuo 11:
{
  "Posicao": [9. 2. 7. 7. 9.]
             [2. 3. 1. 1. 1.],
  "Velocidade": [3.8239667  1.50515558 6.86576773 6.83960314 7.46968758]
                [0.         2.54510837 0.         0.         0.        ],
  "funcao_objetivo": 0.61292806676113373495495691165314145754654084375052,
  "confiabilidade_total": 0.99246140009446715188068251242992790784318123986868
}
 
Individuo 12:
{
  "Posicao": [1. 2. 8. 5. 9.]
             [2. 2. 2. 1. 1.],
  "Velocidade": [0.57414317 1.36251806 3.32168171 0.         1.29747529]
                [-0.88194282 -0.88194282  1.17478898  0.          0.        ],
  "funcao_objetivo": 0.76323835502607561356406410535379621614484763666189,
  "confiabilidade_total": 0.99570502169274236550326055006331956428258395715750
}
 
Individuo 13:
{
  "Posicao": [1. 9. 3. 5. 9.]
             [2. 2. 1. 2. 2.],
  "Velocidade": [ 1.0175546   3.21428757 -2.66324178  0.          6.96988394]
                [1.12849867 1.12849867 0.         0.60056356 0.60056356],
  "funcao_objetivo": 0.31825055457611055245844528764647186013224187853738,
  "confiabilidade_total": 0.99626722124277726436299946437285036059382024767801
}
 
Individuo 14:
{
  "Posicao": [0. 9. 9. 7. 9.]
             [2. 2. 1. 1. 1.],
  "Velocidade": [-9.13774548  8.65523428  8.42326969 -2.29766516 -0.33688319]
                [ 0.         -0.88962081  0.          0.         -2.68213858],
  "funcao_objetivo": 0.73873948399598948672960535630571746059460720432436,
  "confiabilidade_total": 0.99035615066265625290186097670974765696330150974428
}
 
Individuo 15:
{
  "Posicao": [0. 9. 9. 5. 3.]
             [3. 3. 1. 1. 1.],
  "Velocidade": [-7.8629273  20.56353298 16.51072291  0.         -3.37877704]
                [ 1.21279903  1.21279903  0.         -4.72462632  0.        ],
  "funcao_objetivo": 0.15288802516380955925040419648726696680250850766763,
  "confiabilidade_total": 0.99843802516380941652013215067714212994042125791177
}
 
Individuo 16:
{
  "Posicao": [0. 8. 8. 3. 9.]
             [3. 2. 1. 1. 1.],
  "Velocidade": [-5.94851316 -0.9775583   3.62216983  2.70792444  4.05669477]
                [1.13186771 0.         0.         0.         0.        ],
  "funcao_objetivo": 0.60323248270800876373929425892523756898471186394440,
  "confiabilidade_total": 0.99398248270800869446137752231546944655009577507721
}
 
Individuo 17:
{
  "Posicao": [6. 5. 6. 3. 5.]
             [1. 1. 3. 1. 1.],
  "Velocidade": [ 6.07337781 -1.83291892  2.02374794 -2.09672255  0.14010172]
                [-0.88819602 -0.88819602 -0.10954262  0.          0.        ],
  "funcao_objetivo": 0.87186852036803008212616553464467242482323450810196,
  "confiabilidade_total": 0.96928518703469673354576932979252260300535959965469
}
 
Individuo 18:
{
  "Posicao": [3. 8. 7. 8. 6.]
             [2. 2. 2. 1. 1.],
  "Velocidade": [ 2.62836734  0.83670967 -1.42653668  7.8739252  -3.35946477]
                [ 1.29866683  1.29866683 -1.36933829  0.          0.        ],
  "funcao_objetivo": 0.79593609754648908969030878988176208341308883253711,
  "confiabilidade_total": 0.99286943087982233472020348794556137991883805815356
}
 
Individuo 19:
{
  "Posicao": [0. 7. 7. 6. 4.]
             [2. 2. 1. 2. 1.],
  "Velocidade": [-0.86177961  0.16600988  3.69366247  1.69347987 -0.02855727]
                [-0.32596124 -0.32596124  0.         -0.34053264  0.        ],
  "funcao_objetivo": 0.61789904209081431107671317686224440328095079284199,
  "confiabilidade_total": 0.99626570875748080124752487545235865033481241088398
}
 
Individuo 20:
{
  "Posicao": [3. 8. 3. 9. 8.]
             [1. 1. 1. 2. 1.],
  "Velocidade": [ 2.03526759 -1.35211897  2.56837088  8.47146644 -1.23243069]
                [-1.28462901 -1.28462901  0.          0.04531402  0.        ],
  "funcao_objetivo": 0.96566190838487658513281830451660228924846188814745,
  "confiabilidade_total": 0.96566190838487658513281830451660228924846188814745
}
 
Individuo 21:
{
  "Posicao": [9. 8. 4. 7. 5.]
             [1. 1. 1. 3. 3.],
  "Velocidade": [ 9.67656535 -1.35544703 -5.04364552  2.03260684 -2.61542886]
                [-1.01630342 -1.01630342  0.          3.67226435  3.67226435],
  "funcao_objetivo": 0.56822516918290541471810789594402253454296906153140,
  "confiabilidade_total": 0.96935850251623867319280342221846753557889778772769
}
 
Individuo 22:
{
  "Posicao": [1. 8. 6. 5. 6.]
             [1. 3. 1. 1. 1.],
  "Velocidade": [ 1.16657238  1.67370083  3.99215043 -0.5588953  -3.40793539]
                [-1.84195755  1.84195755  0.          0.          0.        ],
  "funcao_objetivo": 0.97408244180958736005942295934517002296820384863438,
  "confiabilidade_total": 0.97408244180958736005942295934517002296820384863438
}
 
Individuo 23:
{
  "Posicao": [2. 9. 9. 9. 6.]
             [3. 3. 3. 1. 1.],
  "Velocidade": [ 1.57770942  5.71448222 13.37031186  3.71676573 -0.19929718]
                [4.00038429 4.00038429 0.57247274 0.         0.        ],
  "funcao_objetivo": -0.46405284324998761394846724921862881244400841486991,
  "confiabilidade_total": 0.99864715675001249725147089723705027638693946110665
}
 
Individuo 24:
{
  "Posicao": [8. 9. 9. 9. 6.]
             [3. 3. 1. 2. 2.],
  "Velocidade": [0.17320639 0.8627722  1.0132469  3.70627243 1.97345637]
                [0.63393989 0.63393989 0.         0.0392441  0.0392441 ],
  "funcao_objetivo": -0.33530002245010395495132636701504431487964580487654,
  "confiabilidade_total": 0.99866664421656223488195270997772261677337696123674
}
 
Individuo 25:
{
  "Posicao": [0. 6. 7. 4. 8.]
             [1. 1. 1. 3. 1.],
  "Velocidade": [-2.7493452   0.41291276  1.50831382  1.34762687  1.62856794]
                [0.19827659 0.19827659 0.         2.24726464 0.        ],
  "funcao_objetivo": 0.80691492400523250028928267524787967623300548170571,
  "confiabilidade_total": 0.97583159067189924296921909458359747723765369032387
}
 
Individuo 26:
{
  "Posicao": [2. 9. 3. 6. 6.]
             [2. 2. 1. 1. 1.],
  "Velocidade": [ 1.52805458  4.44808337 -2.24986721 -3.16215212  1.86127004]
                [1.12956292 1.12956292 0.2862469  0.         0.        ],
  "funcao_objetivo": 0.78601158855205615243411416909524844867712152702556,
  "confiabilidade_total": 0.98992825521872281517799281541969533918028963310466
}
 
Individuo 27:
{
  "Posicao": [1. 6. 3. 3. 7.]
             [2. 2. 1. 1. 1.],
  "Velocidade": [-0.14159827 -3.44300262 -5.71890862  0.34450926  5.18083017]
                [ 0.         -0.73100429  0.          0.          0.        ],
  "funcao_objetivo": 0.86963350554057257472095255517844093181560707204172,
  "confiabilidade_total": 0.99205017220723945651183396004627324790130329243967
}
 
Individuo 28:
{
  "Posicao": [9. 8. 5. 6. 9.]
             [2. 2. 1. 1. 1.],
  "Velocidade": [14.89632234 -1.03519323 -0.69006731 -0.22145905  0.50581347]
                [-1.11379581 -1.11379581 -1.11379581  0.          0.        ],
  "funcao_objetivo": 0.95940476690648815360184831893978888634938873750486,
  "confiabilidade_total": 0.98690476690648815374062619701793345390234269601621
}
 
Individuo 29:
{
  "Posicao": [0. 9. 0. 3. 9.]
             [2. 2. 1. 1. 1.],
  "Velocidade": [-0.64514311  1.73662371 -5.60354654 -2.17777477  3.02912518]
                [0.51231893 0.51231893 0.         0.         0.        ],
  "funcao_objetivo": 0.70399174178338031208373935088081604552666690163871,
  "confiabilidade_total": 0.99237507511671369246092298099744918507735278420707
}
 
Individuo 30:
{
  "Posicao": [0. 9. 5. 9. 6.]
             [3. 3. 1. 1. 2.],
  "Velocidade": [-0.82285147  6.09823012 -0.17389372  2.32978404  1.65929719]
                [-0.10629738 -0.10629738  0.          0.         -0.10629738],
  "funcao_objetivo": -0.12373637485431154542736877196774874513201903352633,
  "confiabilidade_total": 0.99849695847902164852116456309259812648243714323148
}
 
Individuo 31:
{
  "Posicao": [5. 9. 0. 4. 9.]
             [2. 2. 1. 1. 1.],
  "Velocidade": [ 1.7548671   1.49981066 -5.65489038  4.24245624  8.46598141]
                [0.56874483 0.         0.         0.         0.        ],
  "funcao_objetivo": 0.87596479148993169948404663108546612440872174747666,
  "confiabilidade_total": 0.98994812482326496243294094659929198335188609607895
}
 
Individuo 32:
{
  "Posicao": [3. 9. 9. 2. 4.]
             [2. 2. 1. 1. 1.],
  "Velocidade": [ 0.59411446  3.56963934  5.88654029 -1.43969522  4.17937419]
                [-0.64385752 -0.64385752  0.          0.          0.14617357],
  "funcao_objetivo": 0.76412529768958069976434343559217858511981657418467,
  "confiabilidade_total": 0.98947529768958046727531540639971034635816803845621
}
 
Individuo 33:
{
  "Posicao": [0. 5. 9. 5. 5.]
             [1. 1. 3. 1. 1.],
  "Velocidade": [-1.04883585 -3.30172927 10.31145311  0.          0.4300504 ]
                [-2.79038793 -2.79038793  3.6803971   0.          0.        ],
  "funcao_objetivo": 0.96347686827838270565514299883001392942932352186966,
  "confiabilidade_total": 0.96757686827838267130623039570845201439768925072479
}
 
Individuo 34:
{
  "Posicao": [5. 0. 2. 0. 4.]
             [2. 2. 1. 1. 1.],
  "Velocidade": [ 2.79059379 -3.32877932 -0.02853894 -5.37398079 -0.68741086]
                [0.67225662 0.67225662 0.         0.         0.18386409],
  "funcao_objetivo": 0.85450333027304011604009076655393357297401104320103,
  "confiabilidade_total": 0.99408666360637345307416751530445537438611660350376
}
 
Individuo 35:
{
  "Posicao": [0. 8. 7. 5. 6.]
             [2. 2. 1. 1. 1.],
  "Velocidade": [-6.10421548  0.9592667   1.66719965  2.01168308  3.05801978]
                [-0.61415734 -0.61415734  0.          0.          0.        ],
  "funcao_objetivo": 0.99152414539891406106745374987666019623192646830243,
  "confiabilidade_total": 0.99152414539891406106745374987666019623192646830243
}
 
Individuo 36:
{
  "Posicao": [2. 4. 5. 9. 9.]
             [3. 2. 1. 1. 1.],
  "Velocidade": [-0.62326567  0.38859568 -2.4538284   2.23306938  4.00941666]
                [2.21361024 0.         0.         0.         0.        ],
  "funcao_objetivo": 0.57610676475999988083207163143974590370557054826909,
  "confiabilidade_total": 0.99417343142666635630353048399278755555054888078862
}
 
Individuo 37:
{
  "Posicao": [2. 3. 0. 6. 9.]
             [1. 1. 1. 1. 1.],
  "Velocidade": [ 0.84946544  0.39831908 -1.17943275 -0.16080327  1.34185256]
                [0.16080327 0.16080327 0.         0.         0.        ],
  "funcao_objetivo": 0.95373338144207671048924292290287426314421103436735,
  "confiabilidade_total": 0.95373338144207671048924292290287426314421103436735
}
 
Individuo 38:
{
  "Posicao": [4. 8. 1. 0. 8.]
             [2. 2. 1. 1. 1.],
  "Velocidade": [ 0.06479953 -1.14392986  0.89667501 -1.72228691 -0.02864225]
                [0.73338105 0.73338105 0.         0.         0.        ],
  "funcao_objetivo": 0.91224863730948386501255129013713282721644836987772,
  "confiabilidade_total": 0.99233197064281707981107302765791952798670727338114
}
 
Individuo 39:
{
  "Posicao": [2. 5. 3. 6. 1.]
             [1. 1. 1. 1. 1.],
  "Velocidade": [-5.21173604 -4.27191933 -4.58504904 -3.29408549 -1.2703613 ]
                [-0.92789069 -0.92789069  0.          0.          0.        ],
  "funcao_objetivo": 0.94612631250132571193654626891795506663888955374175,
  "confiabilidade_total": 0.94612631250132571193654626891795506663888955374175
}
 
Individuo 40:
{
  "Posicao": [0. 8. 5. 5. 2.]
             [3. 3. 1. 1. 1.],
  "Velocidade": [ 0.01473458 -0.66907436 -1.68103771  0.         -5.5140032 ]
                [2.07232939 2.07232939 0.         0.         0.        ],
  "funcao_objetivo": 0.50761831653719119733641096995249845420826495540957,
  "confiabilidade_total": 0.99868498320385790417834815438816313033808291805605
}
 
Individuo 41:
{
  "Posicao": [1. 9. 9. 7. 2.]
             [1. 1. 1. 1. 1.],
  "Velocidade": [-3.23374304  4.28385718  4.42668868  1.05404646  0.88011576]
                [0.29412408 0.29412408 0.         0.         0.        ],
  "funcao_objetivo": 0.93884693942866663430650381488112975371973752136627,
  "confiabilidade_total": 0.93884693942866663430650381488112975371973752136627
}
 
Individuo 42:
{
  "Posicao": [1. 8. 3. 3. 9.]
             [3. 3. 1. 1. 1.],
  "Velocidade": [ 0.01126035  1.13984    -2.07663441 -3.07668426  5.74343181]
                [-0.03482079 -0.03482079  0.          0.          0.        ],
  "funcao_objetivo": 0.39854168393629463093228171866127910108349187117796,
  "confiabilidade_total": 0.99862501726962809941676458303033528865358693343382
}
 
Individuo 43:
{
  "Posicao": [0. 7. 3. 5. 9.]
             [2. 2. 1. 1. 1.],
  "Velocidade": [-1.12183993  0.76787668 -0.56296089  0.          1.87877543]
                [0.65751312 0.65751312 0.         0.         0.        ],
  "funcao_objetivo": 0.93789153874295614561449070058658001029817594075778,
  "confiabilidade_total": 0.99210820540962279127758811305299352638377083325961
}
 
Individuo 44:
{
  "Posicao": [0. 7. 8. 5. 1.]
             [2. 2. 1. 1. 1.],
  "Velocidade": [ 0.39408149 -1.75199221  4.89653856 -3.59528062 -5.10697058]
                [-0.14791082 -0.14791082  0.          0.          0.18180816],
  "funcao_objetivo": 0.98897142128655652955378466168380978085206408951502,
  "confiabilidade_total": 0.99207142128655655242993008408516029628099461052637
}
 
Individuo 45:
{
  "Posicao": [0. 9. 6. 5. 9.]
             [2. 2. 1. 1. 1.],
  "Velocidade": [-0.87621455  7.29894065  0.64070021 -2.85048092  1.06534041]
                [-0.96061249 -0.96061249  0.          0.          0.        ],
  "funcao_objetivo": 0.82036410792349561501330887926830874403217240207388,
  "confiabilidade_total": 0.99073077459016247555452159281064487640955849521353
}
 
Individuo 46:
{
  "Posicao": [1. 8. 3. 8. 9.]
             [2. 2. 1. 1. 3.],
  "Velocidade": [-0.2392609   0.34771447 -3.50559917  3.98848981  7.23936776]
                [-0.93778293 -0.93778293  0.          0.          2.63398149],
  "funcao_objetivo": 0.33182123782598825536104425669223105299709399899737,
  "confiabilidade_total": 0.99182123782598823093613771493878716367719730099932
}
 
Individuo 47:
{
  "Posicao": [1. 9. 8. 8. 5.]
             [1. 1. 1. 1. 1.],
  "Velocidade": [1.09156019 4.80213254 1.5936864  2.61703233 0.55863569]
                [-1.40707598 -1.40707598  0.          0.          0.        ],
  "funcao_objetivo": 0.93785888512210888593132123355876452576146805669176,
  "confiabilidade_total": 0.93785888512210888593132123355876452576146805669176
}
 
Individuo 48:
{
  "Posicao": [3. 3. 7. 3. 7.]
             [2. 2. 1. 1. 1.],
  "Velocidade": [-1.19807492 -4.41158104  3.03212566 -0.72522571  3.65327466]
                [-1.33281358 -1.33281358  0.          0.          0.        ],
  "funcao_objetivo": 0.83250916397484014454730823513954849490673468995808,
  "confiabilidade_total": 0.99125916397484023003448113127660210752637313295124
}
 
Individuo 49:
{
  "Posicao": [3. 1. 2. 9. 9.]
             [1. 1. 1. 1. 1.],
  "Velocidade": [-3.42751026  1.24152969  1.6029905   0.79757995  4.15404991]
                [-0.62346725 -0.62346725  0.          0.         -2.60796534],
  "funcao_objetivo": 0.94908845789659616312212981252602662039678788654813,
  "confiabilidade_total": 0.94908845789659616312212981252602662039678788654813
}
 
Individuo 50:
{
  "Posicao": [2. 6. 5. 5. 5.]
             [1. 1. 1. 1. 1.],
  "Velocidade": [ 2.46373893 -3.02051745 -1.93110923 -0.05017122  0.19599272]
                [-1.91076856 -1.91076856  0.          0.          0.        ],
  "funcao_objetivo": 0.94213262746665475566338141680712627807834488608189,
  "confiabilidade_total": 0.94213262746665475566338141680712627807834488608189
}
 
-----------------------------------------
-----------------------------------------
-----------------------------------------
-----------------------------------------
GERACAO 9
Populacao antes da execucao:
Individuo 1:
{
  "Posicao": [0. 7. 3. 5. 7.]
             [2. 2. 1. 1. 1.],
  "Velocidade": [ 0.39448151  3.9138813  -0.89517986  0.          2.06294083]
                [0. 0. 0. 0. 0.],
  "funcao_objetivo": 0.99219302323343078815851860648581371587722078476654,
  "confiabilidade_total": 0.99219302323343078815851860648581371587722078476654
}
 
Individuo 2:
{
  "Posicao": [2. 3. 3. 5. 4.]
             [2. 2. 1. 1. 1.],
  "Velocidade": [-3.99681837 -6.25035447 -5.63102261  0.95002046  1.40764469]
                [0. 0. 0. 0. 0.],
  "funcao_objetivo": 0.73899707524042624576796770184071255426668544273074,
  "confiabilidade_total": 0.99224707524042610987666948772155200641416926841433
}
 
Individuo 3:
{
  "Posicao": [9. 9. 0. 7. 9.]
             [2. 2. 1. 3. 1.],
  "Velocidade": [ 5.67133823  2.68208903 -1.44149811  7.46212964  3.57467743]
                [ 0.         -0.97896365  0.         -0.05795774  0.        ],
  "funcao_objetivo": 0.20968233144201103267394992429929425252784622368555,
  "confiabilidade_total": 0.99523233144201094767527515899730951769460571465234
}
 
Individuo 4:
{
  "Posicao": [2. 9. 7. 1. 9.]
             [2. 1. 1. 1. 1.],
  "Velocidade": [-7.14058217  0.62448678 -2.4861785  -5.03416458  1.96983331]
                [ 0.         -0.61614741  0.         -0.53158486  0.        ],
  "funcao_objetivo": 0.96727400218202150742369150242724439145876459652301,
  "confiabilidade_total": 0.96727400218202150742369150242724439145876459652301
}
 
Individuo 5:
{
  "Posicao": [0. 8. 6. 6. 5.]
             [2. 1. 1. 1. 1.],
  "Velocidade": [-4.23418343 -0.68998301 -0.35252672  3.92426081 -3.91407396]
                [ 0.         -1.67671393  0.          0.          0.        ],
  "funcao_objetivo": 0.96325654964231679192106945932147889869359381329357,
  "confiabilidade_total": 0.96325654964231679192106945932147889869359381329357
}
 
Individuo 6:
{
  "Posicao": [9. 9. 5. 9. 1.]
             [1. 3. 1. 1. 1.],
  "Velocidade": [10.7692157   2.09139664 -1.58246079  4.13490833 -5.69225594]
                [ 0.4693164 -0.4693164  0.         0.         0.       ],
  "funcao_objetivo": 0.78220650067899929214635180365239229044591328091962,
  "confiabilidade_total": 0.96297316734566583995994294078063411629473110623700
}
 
Individuo 7:
{
  "Posicao": [0. 3. 2. 0. 9.]
             [2. 2. 1. 1. 1.],
  "Velocidade": [ 0.48096252  1.23947957  2.34077057 -4.76303578  5.73949923]
                [ 0.         -1.46903525  0.          0.          0.        ],
  "funcao_objetivo": 0.77630510507218544448545967412243069188706342984688,
  "confiabilidade_total": 0.99505510507218544448545967412243069188706342984688
}
 
Individuo 8:
{
  "Posicao": [3. 7. 5. 6. 7.]
             [2. 2. 1. 1. 1.],
  "Velocidade": [ 0.60902956 -1.06103321  1.14653418  5.33299426 -1.62906811]
                [ 0.         -0.94863844 -1.11164722  0.          0.        ],
  "funcao_objetivo": 0.97719416549212783254849987378705207791364770242919,
  "confiabilidade_total": 0.98969416549212783324238926417777491567841749498595
}
 
Individuo 9:
{
  "Posicao": [0. 6. 0. 5. 4.]
             [1. 1. 1. 1. 1.],
  "Velocidade": [-4.34666468  1.66018437  0.46731699  0.          3.03336861]
                [ 0.43308983  0.43308983  0.         -1.39303858  0.        ],
  "funcao_objetivo": 0.95508257301230912350546374031680646434712770279404,
  "confiabilidade_total": 0.95508257301230912350546374031680646434712770279404
}
 
Individuo 10:
{
  "Posicao": [0. 6. 1. 5. 9.]
             [2. 2. 1. 1. 1.],
  "Velocidade": [0.16628218 2.47472587 0.62701116 0.         2.4865193 ]
                [-0.47316939  0.          0.          0.47316939  0.        ],
  "funcao_objetivo": 0.89414703849180183860733108195816380098114310673341,
  "confiabilidade_total": 0.99264703849180202323742007712169647343108951023683
}
 
Individuo 11:
{
  "Posicao": [9. 2. 7. 7. 9.]
             [2. 3. 1. 1. 1.],
  "Velocidade": [3.8239667  1.50515558 6.86576773 6.83960314 7.46968758]
                [0.         2.54510837 0.         0.         0.        ],
  "funcao_objetivo": 0.61292806676113373495495691165314145754654084375052,
  "confiabilidade_total": 0.99246140009446715188068251242992790784318123986868
}
 
Individuo 12:
{
  "Posicao": [1. 2. 8. 5. 9.]
             [2. 2. 2. 1. 1.],
  "Velocidade": [0.57414317 1.36251806 3.32168171 0.         1.29747529]
                [-0.88194282 -0.88194282  1.17478898  0.          0.        ],
  "funcao_objetivo": 0.76323835502607561356406410535379621614484763666189,
  "confiabilidade_total": 0.99570502169274236550326055006331956428258395715750
}
 
Individuo 13:
{
  "Posicao": [1. 9. 3. 5. 9.]
             [2. 2. 1. 2. 2.],
  "Velocidade": [ 1.0175546   3.21428757 -2.66324178  0.          6.96988394]
                [1.12849867 1.12849867 0.         0.60056356 0.60056356],
  "funcao_objetivo": 0.31825055457611055245844528764647186013224187853738,
  "confiabilidade_total": 0.99626722124277726436299946437285036059382024767801
}
 
Individuo 14:
{
  "Posicao": [0. 9. 9. 7. 9.]
             [2. 2. 1. 1. 1.],
  "Velocidade": [-9.13774548  8.65523428  8.42326969 -2.29766516 -0.33688319]
                [ 0.         -0.88962081  0.          0.         -2.68213858],
  "funcao_objetivo": 0.73873948399598948672960535630571746059460720432436,
  "confiabilidade_total": 0.99035615066265625290186097670974765696330150974428
}
 
Individuo 15:
{
  "Posicao": [0. 9. 9. 5. 3.]
             [3. 3. 1. 1. 1.],
  "Velocidade": [-7.8629273  20.56353298 16.51072291  0.         -3.37877704]
                [ 1.21279903  1.21279903  0.         -4.72462632  0.        ],
  "funcao_objetivo": 0.15288802516380955925040419648726696680250850766763,
  "confiabilidade_total": 0.99843802516380941652013215067714212994042125791177
}
 
Individuo 16:
{
  "Posicao": [0. 8. 8. 3. 9.]
             [3. 2. 1. 1. 1.],
  "Velocidade": [-5.94851316 -0.9775583   3.62216983  2.70792444  4.05669477]
                [1.13186771 0.         0.         0.         0.        ],
  "funcao_objetivo": 0.60323248270800876373929425892523756898471186394440,
  "confiabilidade_total": 0.99398248270800869446137752231546944655009577507721
}
 
Individuo 17:
{
  "Posicao": [6. 5. 6. 3. 5.]
             [1. 1. 3. 1. 1.],
  "Velocidade": [ 6.07337781 -1.83291892  2.02374794 -2.09672255  0.14010172]
                [-0.88819602 -0.88819602 -0.10954262  0.          0.        ],
  "funcao_objetivo": 0.87186852036803008212616553464467242482323450810196,
  "confiabilidade_total": 0.96928518703469673354576932979252260300535959965469
}
 
Individuo 18:
{
  "Posicao": [3. 8. 7. 8. 6.]
             [2. 2. 2. 1. 1.],
  "Velocidade": [ 2.62836734  0.83670967 -1.42653668  7.8739252  -3.35946477]
                [ 1.29866683  1.29866683 -1.36933829  0.          0.        ],
  "funcao_objetivo": 0.79593609754648908969030878988176208341308883253711,
  "confiabilidade_total": 0.99286943087982233472020348794556137991883805815356
}
 
Individuo 19:
{
  "Posicao": [0. 7. 7. 6. 4.]
             [2. 2. 1. 2. 1.],
  "Velocidade": [-0.86177961  0.16600988  3.69366247  1.69347987 -0.02855727]
                [-0.32596124 -0.32596124  0.         -0.34053264  0.        ],
  "funcao_objetivo": 0.61789904209081431107671317686224440328095079284199,
  "confiabilidade_total": 0.99626570875748080124752487545235865033481241088398
}
 
Individuo 20:
{
  "Posicao": [3. 8. 3. 9. 8.]
             [1. 1. 1. 2. 1.],
  "Velocidade": [ 2.03526759 -1.35211897  2.56837088  8.47146644 -1.23243069]
                [-1.28462901 -1.28462901  0.          0.04531402  0.        ],
  "funcao_objetivo": 0.96566190838487658513281830451660228924846188814745,
  "confiabilidade_total": 0.96566190838487658513281830451660228924846188814745
}
 
Individuo 21:
{
  "Posicao": [9. 8. 4. 7. 5.]
             [1. 1. 1. 3. 3.],
  "Velocidade": [ 9.67656535 -1.35544703 -5.04364552  2.03260684 -2.61542886]
                [-1.01630342 -1.01630342  0.          3.67226435  3.67226435],
  "funcao_objetivo": 0.56822516918290541471810789594402253454296906153140,
  "confiabilidade_total": 0.96935850251623867319280342221846753557889778772769
}
 
Individuo 22:
{
  "Posicao": [1. 8. 6. 5. 6.]
             [1. 3. 1. 1. 1.],
  "Velocidade": [ 1.16657238  1.67370083  3.99215043 -0.5588953  -3.40793539]
                [-1.84195755  1.84195755  0.          0.          0.        ],
  "funcao_objetivo": 0.97408244180958736005942295934517002296820384863438,
  "confiabilidade_total": 0.97408244180958736005942295934517002296820384863438
}
 
Individuo 23:
{
  "Posicao": [2. 9. 9. 9. 6.]
             [3. 3. 3. 1. 1.],
  "Velocidade": [ 1.57770942  5.71448222 13.37031186  3.71676573 -0.19929718]
                [4.00038429 4.00038429 0.57247274 0.         0.        ],
  "funcao_objetivo": -0.46405284324998761394846724921862881244400841486991,
  "confiabilidade_total": 0.99864715675001249725147089723705027638693946110665
}
 
Individuo 24:
{
  "Posicao": [8. 9. 9. 9. 6.]
             [3. 3. 1. 2. 2.],
  "Velocidade": [0.17320639 0.8627722  1.0132469  3.70627243 1.97345637]
                [0.63393989 0.63393989 0.         0.0392441  0.0392441 ],
  "funcao_objetivo": -0.33530002245010395495132636701504431487964580487654,
  "confiabilidade_total": 0.99866664421656223488195270997772261677337696123674
}
 
Individuo 25:
{
  "Posicao": [0. 6. 7. 4. 8.]
             [1. 1. 1. 3. 1.],
  "Velocidade": [-2.7493452   0.41291276  1.50831382  1.34762687  1.62856794]
                [0.19827659 0.19827659 0.         2.24726464 0.        ],
  "funcao_objetivo": 0.80691492400523250028928267524787967623300548170571,
  "confiabilidade_total": 0.97583159067189924296921909458359747723765369032387
}
 
Individuo 26:
{
  "Posicao": [2. 9. 3. 6. 6.]
             [2. 2. 1. 1. 1.],
  "Velocidade": [ 1.52805458  4.44808337 -2.24986721 -3.16215212  1.86127004]
                [1.12956292 1.12956292 0.2862469  0.         0.        ],
  "funcao_objetivo": 0.78601158855205615243411416909524844867712152702556,
  "confiabilidade_total": 0.98992825521872281517799281541969533918028963310466
}
 
Individuo 27:
{
  "Posicao": [1. 6. 3. 3. 7.]
             [2. 2. 1. 1. 1.],
  "Velocidade": [-0.14159827 -3.44300262 -5.71890862  0.34450926  5.18083017]
                [ 0.         -0.73100429  0.          0.          0.        ],
  "funcao_objetivo": 0.86963350554057257472095255517844093181560707204172,
  "confiabilidade_total": 0.99205017220723945651183396004627324790130329243967
}
 
Individuo 28:
{
  "Posicao": [9. 8. 5. 6. 9.]
             [2. 2. 1. 1. 1.],
  "Velocidade": [14.89632234 -1.03519323 -0.69006731 -0.22145905  0.50581347]
                [-1.11379581 -1.11379581 -1.11379581  0.          0.        ],
  "funcao_objetivo": 0.95940476690648815360184831893978888634938873750486,
  "confiabilidade_total": 0.98690476690648815374062619701793345390234269601621
}
 
Individuo 29:
{
  "Posicao": [0. 9. 0. 3. 9.]
             [2. 2. 1. 1. 1.],
  "Velocidade": [-0.64514311  1.73662371 -5.60354654 -2.17777477  3.02912518]
                [0.51231893 0.51231893 0.         0.         0.        ],
  "funcao_objetivo": 0.70399174178338031208373935088081604552666690163871,
  "confiabilidade_total": 0.99237507511671369246092298099744918507735278420707
}
 
Individuo 30:
{
  "Posicao": [0. 9. 5. 9. 6.]
             [3. 3. 1. 1. 2.],
  "Velocidade": [-0.82285147  6.09823012 -0.17389372  2.32978404  1.65929719]
                [-0.10629738 -0.10629738  0.          0.         -0.10629738],
  "funcao_objetivo": -0.12373637485431154542736877196774874513201903352633,
  "confiabilidade_total": 0.99849695847902164852116456309259812648243714323148
}
 
Individuo 31:
{
  "Posicao": [5. 9. 0. 4. 9.]
             [2. 2. 1. 1. 1.],
  "Velocidade": [ 1.7548671   1.49981066 -5.65489038  4.24245624  8.46598141]
                [0.56874483 0.         0.         0.         0.        ],
  "funcao_objetivo": 0.87596479148993169948404663108546612440872174747666,
  "confiabilidade_total": 0.98994812482326496243294094659929198335188609607895
}
 
Individuo 32:
{
  "Posicao": [3. 9. 9. 2. 4.]
             [2. 2. 1. 1. 1.],
  "Velocidade": [ 0.59411446  3.56963934  5.88654029 -1.43969522  4.17937419]
                [-0.64385752 -0.64385752  0.          0.          0.14617357],
  "funcao_objetivo": 0.76412529768958069976434343559217858511981657418467,
  "confiabilidade_total": 0.98947529768958046727531540639971034635816803845621
}
 
Individuo 33:
{
  "Posicao": [0. 5. 9. 5. 5.]
             [1. 1. 3. 1. 1.],
  "Velocidade": [-1.04883585 -3.30172927 10.31145311  0.          0.4300504 ]
                [-2.79038793 -2.79038793  3.6803971   0.          0.        ],
  "funcao_objetivo": 0.96347686827838270565514299883001392942932352186966,
  "confiabilidade_total": 0.96757686827838267130623039570845201439768925072479
}
 
Individuo 34:
{
  "Posicao": [5. 0. 2. 0. 4.]
             [2. 2. 1. 1. 1.],
  "Velocidade": [ 2.79059379 -3.32877932 -0.02853894 -5.37398079 -0.68741086]
                [0.67225662 0.67225662 0.         0.         0.18386409],
  "funcao_objetivo": 0.85450333027304011604009076655393357297401104320103,
  "confiabilidade_total": 0.99408666360637345307416751530445537438611660350376
}
 
Individuo 35:
{
  "Posicao": [0. 8. 7. 5. 6.]
             [2. 2. 1. 1. 1.],
  "Velocidade": [-6.10421548  0.9592667   1.66719965  2.01168308  3.05801978]
                [-0.61415734 -0.61415734  0.          0.          0.        ],
  "funcao_objetivo": 0.99152414539891406106745374987666019623192646830243,
  "confiabilidade_total": 0.99152414539891406106745374987666019623192646830243
}
 
Individuo 36:
{
  "Posicao": [2. 4. 5. 9. 9.]
             [3. 2. 1. 1. 1.],
  "Velocidade": [-0.62326567  0.38859568 -2.4538284   2.23306938  4.00941666]
                [2.21361024 0.         0.         0.         0.        ],
  "funcao_objetivo": 0.57610676475999988083207163143974590370557054826909,
  "confiabilidade_total": 0.99417343142666635630353048399278755555054888078862
}
 
Individuo 37:
{
  "Posicao": [2. 3. 0. 6. 9.]
             [1. 1. 1. 1. 1.],
  "Velocidade": [ 0.84946544  0.39831908 -1.17943275 -0.16080327  1.34185256]
                [0.16080327 0.16080327 0.         0.         0.        ],
  "funcao_objetivo": 0.95373338144207671048924292290287426314421103436735,
  "confiabilidade_total": 0.95373338144207671048924292290287426314421103436735
}
 
Individuo 38:
{
  "Posicao": [4. 8. 1. 0. 8.]
             [2. 2. 1. 1. 1.],
  "Velocidade": [ 0.06479953 -1.14392986  0.89667501 -1.72228691 -0.02864225]
                [0.73338105 0.73338105 0.         0.         0.        ],
  "funcao_objetivo": 0.91224863730948386501255129013713282721644836987772,
  "confiabilidade_total": 0.99233197064281707981107302765791952798670727338114
}
 
Individuo 39:
{
  "Posicao": [2. 5. 3. 6. 1.]
             [1. 1. 1. 1. 1.],
  "Velocidade": [-5.21173604 -4.27191933 -4.58504904 -3.29408549 -1.2703613 ]
                [-0.92789069 -0.92789069  0.          0.          0.        ],
  "funcao_objetivo": 0.94612631250132571193654626891795506663888955374175,
  "confiabilidade_total": 0.94612631250132571193654626891795506663888955374175
}
 
Individuo 40:
{
  "Posicao": [0. 8. 5. 5. 2.]
             [3. 3. 1. 1. 1.],
  "Velocidade": [ 0.01473458 -0.66907436 -1.68103771  0.         -5.5140032 ]
                [2.07232939 2.07232939 0.         0.         0.        ],
  "funcao_objetivo": 0.50761831653719119733641096995249845420826495540957,
  "confiabilidade_total": 0.99868498320385790417834815438816313033808291805605
}
 
Individuo 41:
{
  "Posicao": [1. 9. 9. 7. 2.]
             [1. 1. 1. 1. 1.],
  "Velocidade": [-3.23374304  4.28385718  4.42668868  1.05404646  0.88011576]
                [0.29412408 0.29412408 0.         0.         0.        ],
  "funcao_objetivo": 0.93884693942866663430650381488112975371973752136627,
  "confiabilidade_total": 0.93884693942866663430650381488112975371973752136627
}
 
Individuo 42:
{
  "Posicao": [1. 8. 3. 3. 9.]
             [3. 3. 1. 1. 1.],
  "Velocidade": [ 0.01126035  1.13984    -2.07663441 -3.07668426  5.74343181]
                [-0.03482079 -0.03482079  0.          0.          0.        ],
  "funcao_objetivo": 0.39854168393629463093228171866127910108349187117796,
  "confiabilidade_total": 0.99862501726962809941676458303033528865358693343382
}
 
Individuo 43:
{
  "Posicao": [0. 7. 3. 5. 9.]
             [2. 2. 1. 1. 1.],
  "Velocidade": [-1.12183993  0.76787668 -0.56296089  0.          1.87877543]
                [0.65751312 0.65751312 0.         0.         0.        ],
  "funcao_objetivo": 0.93789153874295614561449070058658001029817594075778,
  "confiabilidade_total": 0.99210820540962279127758811305299352638377083325961
}
 
Individuo 44:
{
  "Posicao": [0. 7. 8. 5. 1.]
             [2. 2. 1. 1. 1.],
  "Velocidade": [ 0.39408149 -1.75199221  4.89653856 -3.59528062 -5.10697058]
                [-0.14791082 -0.14791082  0.          0.          0.18180816],
  "funcao_objetivo": 0.98897142128655652955378466168380978085206408951502,
  "confiabilidade_total": 0.99207142128655655242993008408516029628099461052637
}
 
Individuo 45:
{
  "Posicao": [0. 9. 6. 5. 9.]
             [2. 2. 1. 1. 1.],
  "Velocidade": [-0.87621455  7.29894065  0.64070021 -2.85048092  1.06534041]
                [-0.96061249 -0.96061249  0.          0.          0.        ],
  "funcao_objetivo": 0.82036410792349561501330887926830874403217240207388,
  "confiabilidade_total": 0.99073077459016247555452159281064487640955849521353
}
 
Individuo 46:
{
  "Posicao": [1. 8. 3. 8. 9.]
             [2. 2. 1. 1. 3.],
  "Velocidade": [-0.2392609   0.34771447 -3.50559917  3.98848981  7.23936776]
                [-0.93778293 -0.93778293  0.          0.          2.63398149],
  "funcao_objetivo": 0.33182123782598825536104425669223105299709399899737,
  "confiabilidade_total": 0.99182123782598823093613771493878716367719730099932
}
 
Individuo 47:
{
  "Posicao": [1. 9. 8. 8. 5.]
             [1. 1. 1. 1. 1.],
  "Velocidade": [1.09156019 4.80213254 1.5936864  2.61703233 0.55863569]
                [-1.40707598 -1.40707598  0.          0.          0.        ],
  "funcao_objetivo": 0.93785888512210888593132123355876452576146805669176,
  "confiabilidade_total": 0.93785888512210888593132123355876452576146805669176
}
 
Individuo 48:
{
  "Posicao": [3. 3. 7. 3. 7.]
             [2. 2. 1. 1. 1.],
  "Velocidade": [-1.19807492 -4.41158104  3.03212566 -0.72522571  3.65327466]
                [-1.33281358 -1.33281358  0.          0.          0.        ],
  "funcao_objetivo": 0.83250916397484014454730823513954849490673468995808,
  "confiabilidade_total": 0.99125916397484023003448113127660210752637313295124
}
 
Individuo 49:
{
  "Posicao": [3. 1. 2. 9. 9.]
             [1. 1. 1. 1. 1.],
  "Velocidade": [-3.42751026  1.24152969  1.6029905   0.79757995  4.15404991]
                [-0.62346725 -0.62346725  0.          0.         -2.60796534],
  "funcao_objetivo": 0.94908845789659616312212981252602662039678788654813,
  "confiabilidade_total": 0.94908845789659616312212981252602662039678788654813
}
 
Individuo 50:
{
  "Posicao": [2. 6. 5. 5. 5.]
             [1. 1. 1. 1. 1.],
  "Velocidade": [ 2.46373893 -3.02051745 -1.93110923 -0.05017122  0.19599272]
                [-1.91076856 -1.91076856  0.          0.          0.        ],
  "funcao_objetivo": 0.94213262746665475566338141680712627807834488608189,
  "confiabilidade_total": 0.94213262746665475566338141680712627807834488608189
}
 
-----------------------------------------
Populacao final da era:
Individuo 1:
{
  "Posicao": [0. 9. 2. 5. 9.]
             [2. 2. 1. 1. 1.],
  "Velocidade": [ 0.36400572  3.6115132  -0.82602247  0.          1.90356771]
                [0. 0. 0. 0. 0.],
  "funcao_objetivo": 0.82714731093606950436891710561269567732769439346495,
  "confiabilidade_total": 0.99129731093606952248775686749525041704136321670714
}
 
Individuo 2:
{
  "Posicao": [0. 5. 1. 1. 7.]
             [2. 2. 1. 1. 1.],
  "Velocidade": [-2.78978093  1.81563655 -1.67863048 -3.81319467  2.88264178]
                [0. 0. 0. 0. 0.],
  "funcao_objetivo": 0.99107883415761412963278779125923871598103059632565,
  "confiabilidade_total": 0.99399550082428074872755433505526549689135490162159
}
 
Individuo 3:
{
  "Posicao": [2. 8. 8. 3. 4.]
             [2. 1. 1. 1. 1.],
  "Velocidade": [-6.59927752 -1.21981921  7.63598141 -3.65718648 -4.50506263]
                [ 0.         -2.27295839  0.         -3.74818283  0.        ],
  "funcao_objetivo": 0.96065539771336456599345699675214828774384484665175,
  "confiabilidade_total": 0.96498873104669798499668743235875891430820600168486
}
 
Individuo 4:
{
  "Posicao": [3. 2. 0. 0. 7.]
             [2. 2. 1. 2. 1.],
  "Velocidade": [ 1.22031177 -7.0107618  -7.20394886 -1.44610223 -2.34796159]
                [0.         0.65891346 0.         1.22017731 0.        ],
  "funcao_objetivo": 0.56305319647772585756050647244457329282991859230025,
  "confiabilidade_total": 0.99681986314439249824425361946715972511552545341476
}
 
Individuo 5:
{
  "Posicao": [3. 0. 6. 9. 6.]
             [2. 2. 1. 1. 1.],
  "Velocidade": [  2.67148579 -10.9941992    0.17921391   3.78925954   1.3148165 ]
                [0.         0.91607486 0.         0.         0.        ],
  "funcao_objetivo": 0.79877614319030096098415458266381648822700652829477,
  "confiabilidade_total": 0.99285947652363423540165274255550940974628600827524
}
 
Individuo 6:
{
  "Posicao": [7. 8. 1. 7. 4.]
             [3. 1. 1. 1. 1.],
  "Velocidade": [-2.05032184 -0.87375347 -3.54544842 -1.61210815  2.79906815]
                [ 1.92464072 -1.92464072  0.          0.          0.        ],
  "funcao_objetivo": 0.95064688529899391502136191356790936641640081812239,
  "confiabilidade_total": 0.96564688529899391446625040125533109620458498407698
}
 
Individuo 7:
{
  "Posicao": [2. 9. 5. 1. 9.]
             [2. 1. 1. 1. 1.],
  "Velocidade": [1.73166229 6.76332111 3.24286893 1.01961054 0.5545085 ]
                [ 0.         -2.64340116  0.          0.          0.        ],
  "funcao_objetivo": 0.96737483941412167571935363545750710738095694457620,
  "confiabilidade_total": 0.96737483941412167571935363545750710738095694457620
}
 
Individuo 8:
{
  "Posicao": [0. 6. 2. 9. 5.]
             [2. 1. 2. 1. 1.],
  "Velocidade": [-4.87176361 -0.97906276 -2.5645366   3.10974469 -1.50321396]
                [ 0.         -0.87535109  1.02576658  0.          0.        ],
  "funcao_objetivo": 0.80735650378199534261010614429532307419420877708926,
  "confiabilidade_total": 0.96702317044866199380766533451814194429160753502383
}
 
Individuo 9:
{
  "Posicao": [3. 4. 1. 5. 2.]
             [2. 2. 1. 2. 1.],
  "Velocidade": [ 3.22799791 -1.8585938   1.11794345  0.         -1.94339079]
                [0.62854107 0.62854107 0.         0.52429596 0.        ],
  "funcao_objetivo": 0.64502389886492727791156685253846360837652092785389,
  "confiabilidade_total": 0.99577389886492728412881579043934023474885826916248
}
 
Individuo 10:
{
  "Posicao": [1. 9. 6. 5. 6.]
             [2. 2. 1. 1. 1.],
  "Velocidade": [ 0.69277529  2.79513929  4.83780518  0.         -3.04349003]
                [-0.43661455  0.          0.          0.43661455  0.        ],
  "funcao_objetivo": 0.92377858919437662378737008285629780622426214787198,
  "confiabilidade_total": 0.98999525586104344013684919058466856987675446244908
}
 
Individuo 11:
{
  "Posicao": [0. 9. 0. 1. 9.]
             [2. 1. 1. 1. 1.],
  "Velocidade": [-14.03343072   7.82199827  -9.99554675  -6.40603126   3.27895586]
                [ 0.         -2.05936698  0.          0.          0.        ],
  "funcao_objetivo": 0.97112781879218517984019522728320714505583139712121,
  "confiabilidade_total": 0.97112781879218517984019522728320714505583139712121
}
 
Individuo 12:
{
  "Posicao": [0. 6. 0. 5. 4.]
             [1. 1. 2. 1. 1.],
  "Velocidade": [ -0.76196001   4.22719101 -10.37128005   0.          -4.87505988]
                [-2.55820965 -2.55820965 -0.20771728  0.          0.        ],
  "funcao_objetivo": 0.96710685737334097871422260833571042916028189890999,
  "confiabilidade_total": 0.96710685737334097871422260833571042916028189890999
}
 
Individuo 13:
{
  "Posicao": [1. 2. 5. 5. 9.]
             [2. 2. 1. 1. 1.],
  "Velocidade": [-0.30096507 -7.04997169  1.7292423   0.          3.11426018]
                [ 0.20396926  0.20396926  0.         -0.68574134 -0.68574134],
  "funcao_objetivo": 0.91369874408874935091111488410977835217012100870285,
  "confiabilidade_total": 0.99311541075541602797687054809874461413813763315353
}
 
Individuo 14:
{
  "Posicao": [2. 5. 4. 3. 5.]
             [2. 1. 1. 1. 2.],
  "Velocidade": [ 1.89544472 -4.42671689 -4.94011693 -4.20619584 -3.68780105]
                [ 0.         -2.11179925  0.          0.          1.18402278],
  "funcao_objetivo": 0.84071364827434817224309835256086311264872693001789,
  "confiabilidade_total": 0.97029698160768161141769336682578663303494595467609
}
 
Individuo 15:
{
  "Posicao": [6. 9. 9. 5. 5.]
             [2. 2. 1. 3. 1.],
  "Velocidade": [ 6.33533411 13.36638886  5.77079842  0.          1.65827321]
                [-0.76500683 -0.76500683  0.          4.35962387  0.        ],
  "funcao_objetivo": 0.51484671193178873411167528849760261532485124069745,
  "confiabilidade_total": 0.99326337859845511330459344555706908163249131638104
}
 
Individuo 16:
{
  "Posicao": [4. 6. 7. 6. 9.]
             [3. 2. 1. 1. 1.],
  "Velocidade": [ 4.17975667 -1.56466466 -1.2800039   3.3330279   0.94518516]
                [-0.05449643  0.          0.          0.          0.        ],
  "funcao_objetivo": 0.50932815167630532904012960431893462330853140233865,
  "confiabilidade_total": 0.99351148500963883613816926515093528681253588079324
}
 
Individuo 17:
{
  "Posicao": [9. 1. 8. 3. 2.]
             [1. 1. 1. 1. 1.],
  "Velocidade": [ 3.75501888 -4.41199288  1.94394237  0.35017786 -2.59139856]
                [ 0.17767884  0.17767884 -2.38599735  0.          0.        ],
  "funcao_objetivo": 0.94258279473606402160042073190612243675234466521602,
  "confiabilidade_total": 0.94258279473606402160042073190612243675234466521602
}
 
Individuo 18:
{
  "Posicao": [2. 8. 2. 9. 4.]
             [3. 3. 1. 1. 1.],
  "Velocidade": [-0.80898838 -0.45436409 -5.33206294  2.84465538 -1.57682807]
                [ 1.05000456  1.05000456 -2.34164977  0.          0.        ],
  "funcao_objetivo": 0.42652617057755158848311478410203602128262338257075,
  "confiabilidade_total": 0.99842617057755126098952698017335972711975392914057
}
 
Individuo 19:
{
  "Posicao": [1. 6. 4. 5. 3.]
             [1. 1. 1. 2. 1.],
  "Velocidade": [ 0.74370179 -1.38571962 -3.0570123  -1.20785864 -0.94825259]
                [-1.83968336 -1.83968336  0.         -0.00692418  0.        ],
  "funcao_objetivo": 0.97109290905496366274553792871028609406993583942788,
  "confiabilidade_total": 0.97109290905496366274553792871028609406993583942788
}
 
Individuo 20:
{
  "Posicao": [1. 3. 5. 9. 5.]
             [1. 1. 1. 1. 1.],
  "Velocidade": [-1.69606492 -4.76579013  1.59436268  1.50036182 -2.71637861]
                [ 0.39377512  0.39377512  0.         -1.53734645  0.        ],
  "funcao_objetivo": 0.94396525126483851465301096008123865252702404219621,
  "confiabilidade_total": 0.94396525126483851465301096008123865252702404219621
}
 
Individuo 21:
{
  "Posicao": [6. 6. 1. 6. 3.]
             [1. 1. 1. 2. 2.],
  "Velocidade": [-2.53966384 -1.89551279 -2.78071965 -0.67301464 -2.38284   ]
                [ 0.33650732  0.33650732  0.         -0.83997063 -0.83997063],
  "funcao_objetivo": 0.78553743781943879760175989673798444998831702935756,
  "confiabilidade_total": 0.97287077115277228806865864868514013794631911981166
}
 
Individuo 22:
{
  "Posicao": [2. 9. 9. 4. 3.]
             [2. 2. 1. 1. 1.],
  "Velocidade": [ 0.68957124  1.15752132  2.52310391 -0.51571768 -2.75777706]
                [ 1.31277932 -1.31277932  0.          0.          0.        ],
  "funcao_objetivo": 0.76814426715056692479299521592924921578868358853952,
  "confiabilidade_total": 0.98972760048390027914655114883221304780944317105905
}
 
Individuo 23:
{
  "Posicao": [1. 9. 9. 1. 5.]
             [3. 3. 1. 1. 1.],
  "Velocidade": [-1.31347095 -0.34392701  4.02950251 -7.80424445 -0.93498435]
                [-0.1709555  -0.1709555  -2.24104776  0.          0.        ],
  "funcao_objetivo": 0.25408388467125822680294750785701534306996478362247,
  "confiabilidade_total": 0.99853388467125806089121870787362194216244830413028
}
 
Individuo 24:
{
  "Posicao": [5. 9. 8. 9. 7.]
             [3. 3. 1. 2. 2.],
  "Velocidade": [-3.10071496 -0.45040977 -1.36663925  1.7896731   0.7186878 ]
                [-0.3258949  -0.3258949   0.         -0.29945638 -0.29945638],
  "funcao_objetivo": -0.12291645530142382980405718088268666529421854181194,
  "confiabilidade_total": 0.99885021136524285989603650334056102669472646551228
}
 
Individuo 25:
{
  "Posicao": [1. 9. 3. 8. 1.]
             [3. 3. 1. 1. 1.],
  "Velocidade": [ 1.1511836   3.10501787 -3.96119028  3.96752036 -6.76429278]
                [ 2.90696348  2.90696348  0.         -3.3743581   0.        ],
  "funcao_objetivo": 0.25168236906639020219010708311032228231834792111823,
  "confiabilidade_total": 0.99834903573305684739246194035729583412813567136237
}
 
Individuo 26:
{
  "Posicao": [0. 9. 2. 1. 8.]
             [3. 3. 1. 1. 1.],
  "Velocidade": [-2.17137291  0.52306816 -0.87111539 -4.70854767  2.303228  ]
                [1.04229819 1.04229819 0.26413281 0.         0.        ],
  "funcao_objetivo": 0.17715477601680825307346002821897423342401062001542,
  "confiabilidade_total": 0.99880477601680830005809843035559902415210281361894
}
 
Individuo 27:
{
  "Posicao": [0. 4. 0. 6. 9.]
             [2. 1. 1. 1. 1.],
  "Velocidade": [-0.82799724 -1.93190434 -3.08601308  2.80811022  2.04173417]
                [ 0.         -0.67453033  0.          0.          0.        ],
  "funcao_objetivo": 0.94401585186672664884011400965213210525053982122394,
  "confiabilidade_total": 0.96893251853339315606950248160777659591350201948139
}
 
Individuo 28:
{
  "Posicao": [0. 4. 3. 3. 0.]
             [1. 1. 2. 1. 1.],
  "Velocidade": [-12.34450007  -3.98627435  -1.94088591  -3.23540546 -10.35335451]
                [-1.02774917 -1.02774917  1.02774917  0.          0.        ],
  "funcao_objetivo": 0.88197161718333461803297249192291522395323070331731,
  "confiabilidade_total": 0.97147161718333469752494105508412351828525813862004
}
 
Individuo 29:
{
  "Posicao": [1. 7. 1. 0. 5.]
             [1. 1. 1. 1. 1.],
  "Velocidade": [ 0.59530238 -1.83848877  0.7430819  -4.43948253 -3.58129065]
                [-0.9949858 -0.9949858  0.         0.         0.       ],
  "funcao_objetivo": 0.96046030269202500252485814905620170274535414973331,
  "confiabilidade_total": 0.96046030269202500252485814905620170274535414973331
}
 
Individuo 30:
{
  "Posicao": [1. 8. 6. 0. 2.]
             [1. 1. 1. 1. 1.],
  "Velocidade": [ 1.07711124 -0.96176638  0.59623688 -9.19156281 -4.35641971]
                [-3.39252328 -3.39252328  0.          0.         -3.39252328],
  "funcao_objetivo": 0.95464845032661335675535092722852586268377797495661,
  "confiabilidade_total": 0.95464845032661335675535092722852586268377797495661
}
 
Individuo 31:
{
  "Posicao": [1. 8. 2. 1. 9.]
             [1. 2. 1. 1. 1.],
  "Velocidade": [-3.67655277 -1.08221562  2.38833097 -2.67814729  7.08487709]
                [-1.21428934  0.          0.          0.          0.        ],
  "funcao_objetivo": 0.97530192331754388214158031776626166486934298107171,
  "confiabilidade_total": 0.97530192331754388214158031776626166486934298107171
}
 
Individuo 32:
{
  "Posicao": [0. 9. 8. 4. 9.]
             [1. 1. 1. 1. 1.],
  "Velocidade": [-3.01062022  0.81377816 -1.0407177   2.39166028  6.77015069]
                [-0.59411611 -0.59411611  0.          0.          0.13488089],
  "funcao_objetivo": 0.94460490788215141872484695237392224220382887296993,
  "confiabilidade_total": 0.94460490788215141872484695237392224220382887296993
}
 
Individuo 33:
{
  "Posicao": [1. 3. 8. 5. 3.]
             [1. 1. 2. 1. 1.],
  "Velocidade": [ 0.70897103 -1.74374969 -1.10098675  0.         -1.6538273 ]
                [ 0.24658517  0.24658517 -1.26039407  0.          0.        ],
  "funcao_objetivo": 0.96664913380385724307922896829718140190134528310471,
  "confiabilidade_total": 0.96664913380385724307922896829718140190134528310471
}
 
Individuo 34:
{
  "Posicao": [5. 2. 6. 2. 0.]
             [1. 1. 1. 1. 3.],
  "Velocidade": [ 0.05539808  2.23625539  4.03842393  2.43920472 -6.24421335]
                [-1.16009706 -1.16009706  0.          0.          1.9500779 ],
  "funcao_objetivo": 0.77761404848638678088661145149443599011275744405821,
  "confiabilidade_total": 0.95278071515305352911766299395593649323556399313048
}
 
Individuo 35:
{
  "Posicao": [6. 8. 5. 7. 9.]
             [1. 1. 1. 1. 1.],
  "Velocidade": [ 5.63263245 -0.11877909 -2.47734977  1.85626989  3.82570888]
                [-0.56671042 -0.56671042  0.          0.          0.        ],
  "funcao_objetivo": 0.93357101781381846887898664546278519775316765174356,
  "confiabilidade_total": 0.93357101781381846887898664546278519775316765174356
}
 
Individuo 36:
{
  "Posicao": [0. 9. 4. 3. 6.]
             [1. 2. 1. 1. 1.],
  "Velocidade": [-1.62927226  4.69579784 -1.48108932 -5.55973638 -2.86646418]
                [-3.07779395  0.          0.          0.          0.        ],
  "funcao_objetivo": 0.94931718471739032348581455137741983132848973316265,
  "confiabilidade_total": 0.97440051805072370107078727456178427171374197048260
}
 
Individuo 37:
{
  "Posicao": [2. 3. 6. 5. 0.]
             [2. 2. 1. 1. 1.],
  "Velocidade": [ 7.42450287e-03  1.54330755e-01  6.25747030e+00 -1.41961123e+00
 -1.01345069e+01]
                [1.41961123 1.41961123 0.         0.         0.        ],
  "funcao_objetivo": 0.78567382433300980283407369563577760901772868330277,
  "confiabilidade_total": 0.99217382433300981970946366993815702345693003828324
}
 
Individuo 38:
{
  "Posicao": [5. 5. 2. 0. 6.]
             [1. 1. 1. 1. 1.],
  "Velocidade": [ 0.51566097 -2.7907581   1.33913625  0.30989577 -1.76163237]
                [-0.80261234 -0.80261234  0.          0.          0.        ],
  "funcao_objetivo": 0.95333782490165720695814493964053875760406542935227,
  "confiabilidade_total": 0.95333782490165720695814493964053875760406542935227
}
 
Individuo 39:
{
  "Posicao": [0. 0. 0. 0. 0.]
             [2. 2. 1. 1. 1.],
  "Velocidade": [-8.72321884 -9.54169747 -9.93918385 -8.80222788 -2.74936106]
                [0.80193241 0.80193241 0.         0.         0.        ],
  "funcao_objetivo": 0.68702380974474883996455523946136938120040932552499,
  "confiabilidade_total": 0.99714047641141535278391664040467705289635697261972
}
 
Individuo 40:
{
  "Posicao": [0. 7. 4. 5. 3.]
             [3. 3. 1. 1. 1.],
  "Velocidade": [ 0.01359625 -0.93570873 -0.76851984  0.          0.76149224]
                [-0.17461042 -0.17461042  0.          0.          0.        ],
  "funcao_objetivo": 0.34124280804214448493834255556437888562334880594789,
  "confiabilidade_total": 0.99879280804214439727513253116201845377339229349672
}
 
Individuo 41:
{
  "Posicao": [0. 9. 7. 2. 9.]
             [3. 3. 1. 1. 1.],
  "Velocidade": [-5.83027553  0.1453451  -1.6825271  -4.7200968  11.27360122]
                [3.11775772 3.11775772 0.         0.         0.        ],
  "funcao_objetivo": 0.13270305568034060730172538303712664203336790923291,
  "confiabilidade_total": 0.99865305568034038277022088284546790675809935454541
}
 
Individuo 42:
{
  "Posicao": [0. 0. 3. 2. 8.]
             [1. 1. 1. 1. 1.],
  "Velocidade": [ -2.47132577 -11.81487005  -0.18538085  -1.33720674  -1.39453369]
                [-4.24466942 -4.24466942  0.          0.          0.        ],
  "funcao_objetivo": 0.96421854904561942665116248018526004580185968838021,
  "confiabilidade_total": 0.96421854904561942665116248018526004580185968838021
}
 
Individuo 43:
{
  "Posicao": [0. 6. 7. 5. 3.]
             [3. 3. 1. 1. 1.],
  "Velocidade": [ 3.08604659e-04 -1.36117235e+00  3.61998377e+00  0.00000000e+00
 -5.67028494e+00]
                [0.60671674 0.60671674 0.         0.         0.        ],
  "funcao_objetivo": 0.34059840870924680661701020878515170007773383000830,
  "confiabilidade_total": 0.99879840870924692492237571284183264761992438176611
}
 
Individuo 44:
{
  "Posicao": [2. 3. 9. 3. 0.]
             [2. 2. 1. 1. 1.],
  "Velocidade": [ 1.59384516 -4.07705863  2.8301103  -2.08731756 -4.16290667]
                [-0.13648392 -0.13648392  0.          0.          0.16776251],
  "funcao_objetivo": 0.73730770914988306856657844355495054899319655218202,
  "confiabilidade_total": 0.99222437581654974885198087895687077818974501409608
}
 
Individuo 45:
{
  "Posicao": [1. 9. 3. 2. 6.]
             [1. 1. 1. 1. 1.],
  "Velocidade": [ 0.54437248  3.51974154 -3.17517372 -2.63026614 -3.28887939]
                [-0.88640008 -0.88640008  0.          0.          0.        ],
  "funcao_objetivo": 0.94937956174118888749934776182828859336045546367650,
  "confiabilidade_total": 0.94937956174118888749934776182828859336045546367650
}
 
Individuo 46:
{
  "Posicao": [0. 7. 1. 9. 9.]
             [1. 1. 1. 1. 3.],
  "Velocidade": [-0.94109234 -0.76373463 -2.14196094  0.79086957  3.78237417]
                [-0.86533422 -0.86533422  0.          0.         -0.26131982],
  "funcao_objetivo": 0.73393870260020149262551033720461053892420793284783,
  "confiabilidade_total": 0.95387203593353491767806847823754286512183213939080
}
 
Individuo 47:
{
  "Posicao": [1. 9. 7. 8. 4.]
             [2. 2. 1. 1. 1.],
  "Velocidade": [ 0.09112448  1.17583763 -0.97533243 -0.33346798 -1.21003536]
                [1.09381045 1.09381045 0.         0.         0.        ],
  "funcao_objetivo": 0.87082910777144384872137139585218246878020988238371,
  "confiabilidade_total": 0.98976244110477732978468112922426225935005174410856
}
 
Individuo 48:
{
  "Posicao": [3. 2. 0. 4. 3.]
             [1. 1. 1. 1. 1.],
  "Velocidade": [  0.13178832  -0.59372119 -10.5665304    1.06932273  -4.31913409]
                [-2.32844293 -2.32844293  0.          0.          0.        ],
  "funcao_objetivo": 0.95751274367575648662288733202545920431124897745464,
  "confiabilidade_total": 0.95751274367575648662288733202545920431124897745464
}
 
Individuo 49:
{
  "Posicao": [1. 2. 4. 9. 9.]
             [1. 1. 1. 1. 2.],
  "Velocidade": [-2.11628687  0.61647192  1.65157998  0.04624665  1.92455245]
                [0.40287209 0.40287209 0.         0.         0.84276913],
  "funcao_objetivo": 0.95344537597603759928599883977455983450654100273264,
  "confiabilidade_total": 0.95344537597603759928599883977455983450654100273264
}
 
Individuo 50:
{
  "Posicao": [0. 3. 0. 3. 9.]
             [1. 1. 1. 1. 1.],
  "Velocidade": [-3.64762079 -3.21977522 -7.70294362 -1.74285532  4.40531398]
                [0.49920023 0.49920023 0.         0.         0.        ],
  "funcao_objetivo": 0.96002747518812840040836429722281144351273070037962,
  "confiabilidade_total": 0.96002747518812840040836429722281144351273070037962
}
 
-----------------------------------------
-----------------------------------------
-----------------------------------------
-----------------------------------------
GERACAO 10
Populacao antes da execucao:
Individuo 1:
{
  "Posicao": [0. 9. 2. 5. 9.]
             [2. 2. 1. 1. 1.],
  "Velocidade": [ 0.36400572  3.6115132  -0.82602247  0.          1.90356771]
                [0. 0. 0. 0. 0.],
  "funcao_objetivo": 0.82714731093606950436891710561269567732769439346495,
  "confiabilidade_total": 0.99129731093606952248775686749525041704136321670714
}
 
Individuo 2:
{
  "Posicao": [0. 5. 1. 1. 7.]
             [2. 2. 1. 1. 1.],
  "Velocidade": [-2.78978093  1.81563655 -1.67863048 -3.81319467  2.88264178]
                [0. 0. 0. 0. 0.],
  "funcao_objetivo": 0.99107883415761412963278779125923871598103059632565,
  "confiabilidade_total": 0.99399550082428074872755433505526549689135490162159
}
 
Individuo 3:
{
  "Posicao": [2. 8. 8. 3. 4.]
             [2. 1. 1. 1. 1.],
  "Velocidade": [-6.59927752 -1.21981921  7.63598141 -3.65718648 -4.50506263]
                [ 0.         -2.27295839  0.         -3.74818283  0.        ],
  "funcao_objetivo": 0.96065539771336456599345699675214828774384484665175,
  "confiabilidade_total": 0.96498873104669798499668743235875891430820600168486
}
 
Individuo 4:
{
  "Posicao": [3. 2. 0. 0. 7.]
             [2. 2. 1. 2. 1.],
  "Velocidade": [ 1.22031177 -7.0107618  -7.20394886 -1.44610223 -2.34796159]
                [0.         0.65891346 0.         1.22017731 0.        ],
  "funcao_objetivo": 0.56305319647772585756050647244457329282991859230025,
  "confiabilidade_total": 0.99681986314439249824425361946715972511552545341476
}
 
Individuo 5:
{
  "Posicao": [3. 0. 6. 9. 6.]
             [2. 2. 1. 1. 1.],
  "Velocidade": [  2.67148579 -10.9941992    0.17921391   3.78925954   1.3148165 ]
                [0.         0.91607486 0.         0.         0.        ],
  "funcao_objetivo": 0.79877614319030096098415458266381648822700652829477,
  "confiabilidade_total": 0.99285947652363423540165274255550940974628600827524
}
 
Individuo 6:
{
  "Posicao": [7. 8. 1. 7. 4.]
             [3. 1. 1. 1. 1.],
  "Velocidade": [-2.05032184 -0.87375347 -3.54544842 -1.61210815  2.79906815]
                [ 1.92464072 -1.92464072  0.          0.          0.        ],
  "funcao_objetivo": 0.95064688529899391502136191356790936641640081812239,
  "confiabilidade_total": 0.96564688529899391446625040125533109620458498407698
}
 
Individuo 7:
{
  "Posicao": [2. 9. 5. 1. 9.]
             [2. 1. 1. 1. 1.],
  "Velocidade": [1.73166229 6.76332111 3.24286893 1.01961054 0.5545085 ]
                [ 0.         -2.64340116  0.          0.          0.        ],
  "funcao_objetivo": 0.96737483941412167571935363545750710738095694457620,
  "confiabilidade_total": 0.96737483941412167571935363545750710738095694457620
}
 
Individuo 8:
{
  "Posicao": [0. 6. 2. 9. 5.]
             [2. 1. 2. 1. 1.],
  "Velocidade": [-4.87176361 -0.97906276 -2.5645366   3.10974469 -1.50321396]
                [ 0.         -0.87535109  1.02576658  0.          0.        ],
  "funcao_objetivo": 0.80735650378199534261010614429532307419420877708926,
  "confiabilidade_total": 0.96702317044866199380766533451814194429160753502383
}
 
Individuo 9:
{
  "Posicao": [3. 4. 1. 5. 2.]
             [2. 2. 1. 2. 1.],
  "Velocidade": [ 3.22799791 -1.8585938   1.11794345  0.         -1.94339079]
                [0.62854107 0.62854107 0.         0.52429596 0.        ],
  "funcao_objetivo": 0.64502389886492727791156685253846360837652092785389,
  "confiabilidade_total": 0.99577389886492728412881579043934023474885826916248
}
 
Individuo 10:
{
  "Posicao": [1. 9. 6. 5. 6.]
             [2. 2. 1. 1. 1.],
  "Velocidade": [ 0.69277529  2.79513929  4.83780518  0.         -3.04349003]
                [-0.43661455  0.          0.          0.43661455  0.        ],
  "funcao_objetivo": 0.92377858919437662378737008285629780622426214787198,
  "confiabilidade_total": 0.98999525586104344013684919058466856987675446244908
}
 
Individuo 11:
{
  "Posicao": [0. 9. 0. 1. 9.]
             [2. 1. 1. 1. 1.],
  "Velocidade": [-14.03343072   7.82199827  -9.99554675  -6.40603126   3.27895586]
                [ 0.         -2.05936698  0.          0.          0.        ],
  "funcao_objetivo": 0.97112781879218517984019522728320714505583139712121,
  "confiabilidade_total": 0.97112781879218517984019522728320714505583139712121
}
 
Individuo 12:
{
  "Posicao": [0. 6. 0. 5. 4.]
             [1. 1. 2. 1. 1.],
  "Velocidade": [ -0.76196001   4.22719101 -10.37128005   0.          -4.87505988]
                [-2.55820965 -2.55820965 -0.20771728  0.          0.        ],
  "funcao_objetivo": 0.96710685737334097871422260833571042916028189890999,
  "confiabilidade_total": 0.96710685737334097871422260833571042916028189890999
}
 
Individuo 13:
{
  "Posicao": [1. 2. 5. 5. 9.]
             [2. 2. 1. 1. 1.],
  "Velocidade": [-0.30096507 -7.04997169  1.7292423   0.          3.11426018]
                [ 0.20396926  0.20396926  0.         -0.68574134 -0.68574134],
  "funcao_objetivo": 0.91369874408874935091111488410977835217012100870285,
  "confiabilidade_total": 0.99311541075541602797687054809874461413813763315353
}
 
Individuo 14:
{
  "Posicao": [2. 5. 4. 3. 5.]
             [2. 1. 1. 1. 2.],
  "Velocidade": [ 1.89544472 -4.42671689 -4.94011693 -4.20619584 -3.68780105]
                [ 0.         -2.11179925  0.          0.          1.18402278],
  "funcao_objetivo": 0.84071364827434817224309835256086311264872693001789,
  "confiabilidade_total": 0.97029698160768161141769336682578663303494595467609
}
 
Individuo 15:
{
  "Posicao": [6. 9. 9. 5. 5.]
             [2. 2. 1. 3. 1.],
  "Velocidade": [ 6.33533411 13.36638886  5.77079842  0.          1.65827321]
                [-0.76500683 -0.76500683  0.          4.35962387  0.        ],
  "funcao_objetivo": 0.51484671193178873411167528849760261532485124069745,
  "confiabilidade_total": 0.99326337859845511330459344555706908163249131638104
}
 
Individuo 16:
{
  "Posicao": [4. 6. 7. 6. 9.]
             [3. 2. 1. 1. 1.],
  "Velocidade": [ 4.17975667 -1.56466466 -1.2800039   3.3330279   0.94518516]
                [-0.05449643  0.          0.          0.          0.        ],
  "funcao_objetivo": 0.50932815167630532904012960431893462330853140233865,
  "confiabilidade_total": 0.99351148500963883613816926515093528681253588079324
}
 
Individuo 17:
{
  "Posicao": [9. 1. 8. 3. 2.]
             [1. 1. 1. 1. 1.],
  "Velocidade": [ 3.75501888 -4.41199288  1.94394237  0.35017786 -2.59139856]
                [ 0.17767884  0.17767884 -2.38599735  0.          0.        ],
  "funcao_objetivo": 0.94258279473606402160042073190612243675234466521602,
  "confiabilidade_total": 0.94258279473606402160042073190612243675234466521602
}
 
Individuo 18:
{
  "Posicao": [2. 8. 2. 9. 4.]
             [3. 3. 1. 1. 1.],
  "Velocidade": [-0.80898838 -0.45436409 -5.33206294  2.84465538 -1.57682807]
                [ 1.05000456  1.05000456 -2.34164977  0.          0.        ],
  "funcao_objetivo": 0.42652617057755158848311478410203602128262338257075,
  "confiabilidade_total": 0.99842617057755126098952698017335972711975392914057
}
 
Individuo 19:
{
  "Posicao": [1. 6. 4. 5. 3.]
             [1. 1. 1. 2. 1.],
  "Velocidade": [ 0.74370179 -1.38571962 -3.0570123  -1.20785864 -0.94825259]
                [-1.83968336 -1.83968336  0.         -0.00692418  0.        ],
  "funcao_objetivo": 0.97109290905496366274553792871028609406993583942788,
  "confiabilidade_total": 0.97109290905496366274553792871028609406993583942788
}
 
Individuo 20:
{
  "Posicao": [1. 3. 5. 9. 5.]
             [1. 1. 1. 1. 1.],
  "Velocidade": [-1.69606492 -4.76579013  1.59436268  1.50036182 -2.71637861]
                [ 0.39377512  0.39377512  0.         -1.53734645  0.        ],
  "funcao_objetivo": 0.94396525126483851465301096008123865252702404219621,
  "confiabilidade_total": 0.94396525126483851465301096008123865252702404219621
}
 
Individuo 21:
{
  "Posicao": [6. 6. 1. 6. 3.]
             [1. 1. 1. 2. 2.],
  "Velocidade": [-2.53966384 -1.89551279 -2.78071965 -0.67301464 -2.38284   ]
                [ 0.33650732  0.33650732  0.         -0.83997063 -0.83997063],
  "funcao_objetivo": 0.78553743781943879760175989673798444998831702935756,
  "confiabilidade_total": 0.97287077115277228806865864868514013794631911981166
}
 
Individuo 22:
{
  "Posicao": [2. 9. 9. 4. 3.]
             [2. 2. 1. 1. 1.],
  "Velocidade": [ 0.68957124  1.15752132  2.52310391 -0.51571768 -2.75777706]
                [ 1.31277932 -1.31277932  0.          0.          0.        ],
  "funcao_objetivo": 0.76814426715056692479299521592924921578868358853952,
  "confiabilidade_total": 0.98972760048390027914655114883221304780944317105905
}
 
Individuo 23:
{
  "Posicao": [1. 9. 9. 1. 5.]
             [3. 3. 1. 1. 1.],
  "Velocidade": [-1.31347095 -0.34392701  4.02950251 -7.80424445 -0.93498435]
                [-0.1709555  -0.1709555  -2.24104776  0.          0.        ],
  "funcao_objetivo": 0.25408388467125822680294750785701534306996478362247,
  "confiabilidade_total": 0.99853388467125806089121870787362194216244830413028
}
 
Individuo 24:
{
  "Posicao": [5. 9. 8. 9. 7.]
             [3. 3. 1. 2. 2.],
  "Velocidade": [-3.10071496 -0.45040977 -1.36663925  1.7896731   0.7186878 ]
                [-0.3258949  -0.3258949   0.         -0.29945638 -0.29945638],
  "funcao_objetivo": -0.12291645530142382980405718088268666529421854181194,
  "confiabilidade_total": 0.99885021136524285989603650334056102669472646551228
}
 
Individuo 25:
{
  "Posicao": [1. 9. 3. 8. 1.]
             [3. 3. 1. 1. 1.],
  "Velocidade": [ 1.1511836   3.10501787 -3.96119028  3.96752036 -6.76429278]
                [ 2.90696348  2.90696348  0.         -3.3743581   0.        ],
  "funcao_objetivo": 0.25168236906639020219010708311032228231834792111823,
  "confiabilidade_total": 0.99834903573305684739246194035729583412813567136237
}
 
Individuo 26:
{
  "Posicao": [0. 9. 2. 1. 8.]
             [3. 3. 1. 1. 1.],
  "Velocidade": [-2.17137291  0.52306816 -0.87111539 -4.70854767  2.303228  ]
                [1.04229819 1.04229819 0.26413281 0.         0.        ],
  "funcao_objetivo": 0.17715477601680825307346002821897423342401062001542,
  "confiabilidade_total": 0.99880477601680830005809843035559902415210281361894
}
 
Individuo 27:
{
  "Posicao": [0. 4. 0. 6. 9.]
             [2. 1. 1. 1. 1.],
  "Velocidade": [-0.82799724 -1.93190434 -3.08601308  2.80811022  2.04173417]
                [ 0.         -0.67453033  0.          0.          0.        ],
  "funcao_objetivo": 0.94401585186672664884011400965213210525053982122394,
  "confiabilidade_total": 0.96893251853339315606950248160777659591350201948139
}
 
Individuo 28:
{
  "Posicao": [0. 4. 3. 3. 0.]
             [1. 1. 2. 1. 1.],
  "Velocidade": [-12.34450007  -3.98627435  -1.94088591  -3.23540546 -10.35335451]
                [-1.02774917 -1.02774917  1.02774917  0.          0.        ],
  "funcao_objetivo": 0.88197161718333461803297249192291522395323070331731,
  "confiabilidade_total": 0.97147161718333469752494105508412351828525813862004
}
 
Individuo 29:
{
  "Posicao": [1. 7. 1. 0. 5.]
             [1. 1. 1. 1. 1.],
  "Velocidade": [ 0.59530238 -1.83848877  0.7430819  -4.43948253 -3.58129065]
                [-0.9949858 -0.9949858  0.         0.         0.       ],
  "funcao_objetivo": 0.96046030269202500252485814905620170274535414973331,
  "confiabilidade_total": 0.96046030269202500252485814905620170274535414973331
}
 
Individuo 30:
{
  "Posicao": [1. 8. 6. 0. 2.]
             [1. 1. 1. 1. 1.],
  "Velocidade": [ 1.07711124 -0.96176638  0.59623688 -9.19156281 -4.35641971]
                [-3.39252328 -3.39252328  0.          0.         -3.39252328],
  "funcao_objetivo": 0.95464845032661335675535092722852586268377797495661,
  "confiabilidade_total": 0.95464845032661335675535092722852586268377797495661
}
 
Individuo 31:
{
  "Posicao": [1. 8. 2. 1. 9.]
             [1. 2. 1. 1. 1.],
  "Velocidade": [-3.67655277 -1.08221562  2.38833097 -2.67814729  7.08487709]
                [-1.21428934  0.          0.          0.          0.        ],
  "funcao_objetivo": 0.97530192331754388214158031776626166486934298107171,
  "confiabilidade_total": 0.97530192331754388214158031776626166486934298107171
}
 
Individuo 32:
{
  "Posicao": [0. 9. 8. 4. 9.]
             [1. 1. 1. 1. 1.],
  "Velocidade": [-3.01062022  0.81377816 -1.0407177   2.39166028  6.77015069]
                [-0.59411611 -0.59411611  0.          0.          0.13488089],
  "funcao_objetivo": 0.94460490788215141872484695237392224220382887296993,
  "confiabilidade_total": 0.94460490788215141872484695237392224220382887296993
}
 
Individuo 33:
{
  "Posicao": [1. 3. 8. 5. 3.]
             [1. 1. 2. 1. 1.],
  "Velocidade": [ 0.70897103 -1.74374969 -1.10098675  0.         -1.6538273 ]
                [ 0.24658517  0.24658517 -1.26039407  0.          0.        ],
  "funcao_objetivo": 0.96664913380385724307922896829718140190134528310471,
  "confiabilidade_total": 0.96664913380385724307922896829718140190134528310471
}
 
Individuo 34:
{
  "Posicao": [5. 2. 6. 2. 0.]
             [1. 1. 1. 1. 3.],
  "Velocidade": [ 0.05539808  2.23625539  4.03842393  2.43920472 -6.24421335]
                [-1.16009706 -1.16009706  0.          0.          1.9500779 ],
  "funcao_objetivo": 0.77761404848638678088661145149443599011275744405821,
  "confiabilidade_total": 0.95278071515305352911766299395593649323556399313048
}
 
Individuo 35:
{
  "Posicao": [6. 8. 5. 7. 9.]
             [1. 1. 1. 1. 1.],
  "Velocidade": [ 5.63263245 -0.11877909 -2.47734977  1.85626989  3.82570888]
                [-0.56671042 -0.56671042  0.          0.          0.        ],
  "funcao_objetivo": 0.93357101781381846887898664546278519775316765174356,
  "confiabilidade_total": 0.93357101781381846887898664546278519775316765174356
}
 
Individuo 36:
{
  "Posicao": [0. 9. 4. 3. 6.]
             [1. 2. 1. 1. 1.],
  "Velocidade": [-1.62927226  4.69579784 -1.48108932 -5.55973638 -2.86646418]
                [-3.07779395  0.          0.          0.          0.        ],
  "funcao_objetivo": 0.94931718471739032348581455137741983132848973316265,
  "confiabilidade_total": 0.97440051805072370107078727456178427171374197048260
}
 
Individuo 37:
{
  "Posicao": [2. 3. 6. 5. 0.]
             [2. 2. 1. 1. 1.],
  "Velocidade": [ 7.42450287e-03  1.54330755e-01  6.25747030e+00 -1.41961123e+00
 -1.01345069e+01]
                [1.41961123 1.41961123 0.         0.         0.        ],
  "funcao_objetivo": 0.78567382433300980283407369563577760901772868330277,
  "confiabilidade_total": 0.99217382433300981970946366993815702345693003828324
}
 
Individuo 38:
{
  "Posicao": [5. 5. 2. 0. 6.]
             [1. 1. 1. 1. 1.],
  "Velocidade": [ 0.51566097 -2.7907581   1.33913625  0.30989577 -1.76163237]
                [-0.80261234 -0.80261234  0.          0.          0.        ],
  "funcao_objetivo": 0.95333782490165720695814493964053875760406542935227,
  "confiabilidade_total": 0.95333782490165720695814493964053875760406542935227
}
 
Individuo 39:
{
  "Posicao": [0. 0. 0. 0. 0.]
             [2. 2. 1. 1. 1.],
  "Velocidade": [-8.72321884 -9.54169747 -9.93918385 -8.80222788 -2.74936106]
                [0.80193241 0.80193241 0.         0.         0.        ],
  "funcao_objetivo": 0.68702380974474883996455523946136938120040932552499,
  "confiabilidade_total": 0.99714047641141535278391664040467705289635697261972
}
 
Individuo 40:
{
  "Posicao": [0. 7. 4. 5. 3.]
             [3. 3. 1. 1. 1.],
  "Velocidade": [ 0.01359625 -0.93570873 -0.76851984  0.          0.76149224]
                [-0.17461042 -0.17461042  0.          0.          0.        ],
  "funcao_objetivo": 0.34124280804214448493834255556437888562334880594789,
  "confiabilidade_total": 0.99879280804214439727513253116201845377339229349672
}
 
Individuo 41:
{
  "Posicao": [0. 9. 7. 2. 9.]
             [3. 3. 1. 1. 1.],
  "Velocidade": [-5.83027553  0.1453451  -1.6825271  -4.7200968  11.27360122]
                [3.11775772 3.11775772 0.         0.         0.        ],
  "funcao_objetivo": 0.13270305568034060730172538303712664203336790923291,
  "confiabilidade_total": 0.99865305568034038277022088284546790675809935454541
}
 
Individuo 42:
{
  "Posicao": [0. 0. 3. 2. 8.]
             [1. 1. 1. 1. 1.],
  "Velocidade": [ -2.47132577 -11.81487005  -0.18538085  -1.33720674  -1.39453369]
                [-4.24466942 -4.24466942  0.          0.          0.        ],
  "funcao_objetivo": 0.96421854904561942665116248018526004580185968838021,
  "confiabilidade_total": 0.96421854904561942665116248018526004580185968838021
}
 
Individuo 43:
{
  "Posicao": [0. 6. 7. 5. 3.]
             [3. 3. 1. 1. 1.],
  "Velocidade": [ 3.08604659e-04 -1.36117235e+00  3.61998377e+00  0.00000000e+00
 -5.67028494e+00]
                [0.60671674 0.60671674 0.         0.         0.        ],
  "funcao_objetivo": 0.34059840870924680661701020878515170007773383000830,
  "confiabilidade_total": 0.99879840870924692492237571284183264761992438176611
}
 
Individuo 44:
{
  "Posicao": [2. 3. 9. 3. 0.]
             [2. 2. 1. 1. 1.],
  "Velocidade": [ 1.59384516 -4.07705863  2.8301103  -2.08731756 -4.16290667]
                [-0.13648392 -0.13648392  0.          0.          0.16776251],
  "funcao_objetivo": 0.73730770914988306856657844355495054899319655218202,
  "confiabilidade_total": 0.99222437581654974885198087895687077818974501409608
}
 
Individuo 45:
{
  "Posicao": [1. 9. 3. 2. 6.]
             [1. 1. 1. 1. 1.],
  "Velocidade": [ 0.54437248  3.51974154 -3.17517372 -2.63026614 -3.28887939]
                [-0.88640008 -0.88640008  0.          0.          0.        ],
  "funcao_objetivo": 0.94937956174118888749934776182828859336045546367650,
  "confiabilidade_total": 0.94937956174118888749934776182828859336045546367650
}
 
Individuo 46:
{
  "Posicao": [0. 7. 1. 9. 9.]
             [1. 1. 1. 1. 3.],
  "Velocidade": [-0.94109234 -0.76373463 -2.14196094  0.79086957  3.78237417]
                [-0.86533422 -0.86533422  0.          0.         -0.26131982],
  "funcao_objetivo": 0.73393870260020149262551033720461053892420793284783,
  "confiabilidade_total": 0.95387203593353491767806847823754286512183213939080
}
 
Individuo 47:
{
  "Posicao": [1. 9. 7. 8. 4.]
             [2. 2. 1. 1. 1.],
  "Velocidade": [ 0.09112448  1.17583763 -0.97533243 -0.33346798 -1.21003536]
                [1.09381045 1.09381045 0.         0.         0.        ],
  "funcao_objetivo": 0.87082910777144384872137139585218246878020988238371,
  "confiabilidade_total": 0.98976244110477732978468112922426225935005174410856
}
 
Individuo 48:
{
  "Posicao": [3. 2. 0. 4. 3.]
             [1. 1. 1. 1. 1.],
  "Velocidade": [  0.13178832  -0.59372119 -10.5665304    1.06932273  -4.31913409]
                [-2.32844293 -2.32844293  0.          0.          0.        ],
  "funcao_objetivo": 0.95751274367575648662288733202545920431124897745464,
  "confiabilidade_total": 0.95751274367575648662288733202545920431124897745464
}
 
Individuo 49:
{
  "Posicao": [1. 2. 4. 9. 9.]
             [1. 1. 1. 1. 2.],
  "Velocidade": [-2.11628687  0.61647192  1.65157998  0.04624665  1.92455245]
                [0.40287209 0.40287209 0.         0.         0.84276913],
  "funcao_objetivo": 0.95344537597603759928599883977455983450654100273264,
  "confiabilidade_total": 0.95344537597603759928599883977455983450654100273264
}
 
Individuo 50:
{
  "Posicao": [0. 3. 0. 3. 9.]
             [1. 1. 1. 1. 1.],
  "Velocidade": [-3.64762079 -3.21977522 -7.70294362 -1.74285532  4.40531398]
                [0.49920023 0.49920023 0.         0.         0.        ],
  "funcao_objetivo": 0.96002747518812840040836429722281144351273070037962,
  "confiabilidade_total": 0.96002747518812840040836429722281144351273070037962
}
 
-----------------------------------------
Populacao final da era:
Individuo 1:
{
  "Posicao": [0. 9. 3. 5. 8.]
             [2. 2. 1. 1. 1.],
  "Velocidade": [ 0.33252551  0.74436223  0.52282291  0.         -0.81587544]
                [0. 0. 0. 0. 0.],
  "funcao_objetivo": 0.88317702976037639378095152168310873782014363982127,
  "confiabilidade_total": 0.99107702976037631336749784808302051493650192000316
}
 
Individuo 2:
{
  "Posicao": [3. 9. 3. 4. 9.]
             [2. 2. 1. 1. 1.],
  "Velocidade": [2.548513   5.06204282 1.86996962 3.32343592 2.63334298]
                [0. 0. 0. 0. 0.],
  "funcao_objetivo": 0.74400676209734577595491086962704715980290709188679,
  "confiabilidade_total": 0.98942342876401244780261831787777768177985487631062
}
 
Individuo 3:
{
  "Posicao": [0. 6. 9. 0. 3.]
             [2. 2. 1. 3. 1.],
  "Velocidade": [-5.13076728 -1.95410977  1.05844515 -2.52045328 -1.16654174]
                [0.         1.23660282 0.         2.99447062 0.        ],
  "funcao_objetivo": 0.13003967167495515927240310703477038046882762658377,
  "confiabilidade_total": 0.99688967167495527970939681837175188562439098107596
}
 
Individuo 4:
{
  "Posicao": [5. 7. 5. 6. 6.]
             [2. 2. 1. 2. 1.],
  "Velocidade": [ 2.45035659  4.82127746  5.17162553  5.54197735 -1.05422526]
                [ 0.         -0.48874934  0.         -0.25795032  0.        ],
  "funcao_objetivo": 0.88870358892954914413313342033617899367947645663353,
  "confiabilidade_total": 0.99328692226288257498105574991242846088845797061058
}
 
Individuo 5:
{
  "Posicao": [5. 3. 7. 7. 9.]
             [2. 3. 1. 1. 1.],
  "Velocidade": [ 2.08674455  2.93184399  0.91934728 -2.18695279  3.16790227]
                [0.         0.83685018 0.         0.         0.        ],
  "funcao_objetivo": 0.76472169018804153164770228672559640003196801769515,
  "confiabilidade_total": 0.99352169018804156971724980112221417115829791652937
}
 
Individuo 6:
{
  "Posicao": [0. 5. 5. 3. 9.]
             [3. 1. 1. 1. 1.],
  "Velocidade": [-13.51550854  -2.5350458    3.8433464   -4.43090808   6.73657905]
                [-0.49415885  0.49415885  0.          0.          0.        ],
  "funcao_objetivo": 0.87878231551688477718126659044920025130070551291308,
  "confiabilidade_total": 0.96903231551688488509494458401441598047770365134081
}
 
Individuo 7:
{
  "Posicao": [2. 9. 5. 1. 7.]
             [2. 3. 1. 1. 1.],
  "Velocidade": [ 0.2907948   0.71835672 -0.41316446  0.38694005 -1.82679179]
                [0.         2.29035642 0.         0.         0.        ],
  "funcao_objetivo": 0.64237327977025940668804958157702469315871117576857,
  "confiabilidade_total": 0.99545661310359287783706770504645657774552224144240
}
 
Individuo 8:
{
  "Posicao": [0. 8. 5. 1. 9.]
             [2. 3. 1. 1. 1.],
  "Velocidade": [ 0.4200901   2.1466548   3.38519708 -7.97992666  4.70887915]
                [ 0.          2.2413972  -2.10399006  0.          0.        ],
  "funcao_objetivo": 0.71632163888701290590322263566089900518722984593812,
  "confiabilidade_total": 0.99685497222034637367716276426985500688620064061585
}
 
Individuo 9:
{
  "Posicao": [4. 4. 3. 5. 4.]
             [2. 2. 1. 2. 1.],
  "Velocidade": [1.06864806 0.47308277 2.17779757 0.         1.55215619]
                [ 0.28342655  0.28342655  0.         -0.24469335  0.        ],
  "funcao_objetivo": 0.54713557271642294756138006866816698423923353753298,
  "confiabilidade_total": 0.99480223938308986149321803643428114558906654916018
}
 
Individuo 10:
{
  "Posicao": [1. 7. 8. 5. 1.]
             [2. 2. 1. 1. 1.],
  "Velocidade": [ 0.2897109  -2.04273314  2.41250501  0.         -5.36950827]
                [-0.39885492  0.          0.          0.39885492  0.        ],
  "funcao_objetivo": 0.99120987391895659405218558253042162748470177223549,
  "confiabilidade_total": 0.99120987391895659405218558253042162748470177223549
}
 
Individuo 11:
{
  "Posicao": [3. 0. 7. 0. 9.]
             [2. 2. 1. 1. 1.],
  "Velocidade": [  3.35167005 -12.67886754   6.6838312   -4.61042055   1.36386729]
                [0.         1.06550954 0.         0.         0.        ],
  "funcao_objetivo": 0.79745946396355991370817314922227496436651659666085,
  "confiabilidade_total": 0.99390946396355992026959122475695011827017975507760
}
 
Individuo 12:
{
  "Posicao": [0. 6. 3. 5. 5.]
             [2. 2. 1. 1. 1.],
  "Velocidade": [0.09821318 0.11050518 3.25357386 0.         0.97304127]
                [ 1.32241458  1.32241458 -1.20430738  0.          0.        ],
  "funcao_objetivo": 0.89075121585489014769652017754236715253330815317226,
  "confiabilidade_total": 0.99233454918822346485760478550258688036240685464931
}
 
Individuo 13:
{
  "Posicao": [0. 2. 6. 5. 8.]
             [2. 2. 1. 1. 1.],
  "Velocidade": [-1.75402313 -0.36271386  0.59833231  0.         -0.77217977]
                [-0.47260801 -0.47260801  0.          0.03250091  0.03250091],
  "funcao_objetivo": 0.86627416670748962017729863281906612460491433766302,
  "confiabilidade_total": 0.99402416670748973364209174951006455590007081654486
}
 
Individuo 14:
{
  "Posicao": [9. 0. 0. 9. 9.]
             [2. 2. 1. 1. 2.],
  "Velocidade": [ 11.86921758 -10.10495552  -5.55896821   6.40298564   4.8382368 ]
                [0.         0.88307884 0.         0.         0.03553903],
  "funcao_objetivo": 0.34702589388936752816304767937615191242836816206029,
  "confiabilidade_total": 0.99365922722270047732960854508198475144051415815404
}
 
Individuo 15:
{
  "Posicao": [6. 9. 8. 5. 8.]
             [1. 1. 1. 1. 1.],
  "Velocidade": [-0.47079834  9.42595432 -0.68719972  0.          2.80277504]
                [-0.69884694 -0.69884694  0.         -1.79674259  0.        ],
  "funcao_objetivo": 0.93112715769209017222458010111051977443042996177976,
  "confiabilidade_total": 0.93112715769209017222458010111051977443042996177976
}
 
Individuo 16:
{
  "Posicao": [9. 9. 0. 0. 0.]
             [1. 2. 1. 1. 1.],
  "Velocidade": [ 10.81317291   2.52563969 -15.08801995  -8.51515752 -16.55271792]
                [-4.00477127  0.          0.          0.          0.        ],
  "funcao_objetivo": 0.95644029826450266878624397918755291799354497813823,
  "confiabilidade_total": 0.97344029826450255551573989180595688127252404117229
}
 
Individuo 17:
{
  "Posicao": [0. 7. 1. 8. 7.]
             [3. 3. 2. 1. 1.],
  "Velocidade": [-12.70067479   6.05626202  -6.62975312   4.68303361   5.03738184]
                [1.84342829 1.84342829 1.17874084 0.         0.        ],
  "funcao_objetivo": 0.092034159199089922531674763540538202765784550634939,
  "confiabilidade_total": 0.99901749253242345265573995509828551465590982529314
}
 
Individuo 18:
{
  "Posicao": [1. 6. 5. 0. 9.]
             [1. 1. 2. 1. 1.],
  "Velocidade": [-1.39582145 -2.17865019  2.63337907 -9.23962274  5.76385922]
                [-1.76117177 -1.76117177  1.18234916  0.          0.        ],
  "funcao_objetivo": 0.97491142014495186701418690423074034017292439532479,
  "confiabilidade_total": 0.97491142014495186701418690423074034017292439532479
}
 
Individuo 19:
{
  "Posicao": [1. 5. 1. 4. 5.]
             [2. 2. 1. 1. 1.],
  "Velocidade": [-0.01842398 -0.56807039 -3.49044185 -1.1033997   1.92498845]
                [ 0.98277409  0.98277409  0.         -0.70413375  0.        ],
  "funcao_objetivo": 0.97378229622043747156079841195234507531523807169186,
  "confiabilidade_total": 0.99244896288710409466971507915870347269475562692868
}
 
Individuo 20:
{
  "Posicao": [6. 6. 0. 4. 9.]
             [3. 3. 1. 1. 1.],
  "Velocidade": [ 5.08735514  2.51361914 -8.65998938 -5.49664422  5.96429801]
                [2.07653302 2.07653302 0.         0.26631797 0.        ],
  "funcao_objetivo": 0.25561701088560524549956519728662369992793182421911,
  "confiabilidade_total": 0.99846701088560531131358609706590341624081710864294
}
 
Individuo 21:
{
  "Posicao": [0. 7. 7. 3. 6.]
             [3. 3. 1. 1. 1.],
  "Velocidade": [-15.89350669   1.42957766   6.47883106  -2.87705714   3.27656272]
                [ 2.5696519   2.5696519   0.         -3.02957432 -3.02957432],
  "funcao_objetivo": 0.34860209650529051495987421770169114861427528368815,
  "confiabilidade_total": 0.99883542983862384479970576688119856808124763476237
}
 
Individuo 22:
{
  "Posicao": [0. 6. 0. 6. 9.]
             [2. 2. 1. 1. 1.],
  "Velocidade": [-2.97269451 -2.54521404 -8.50299025  2.1733852   6.37235721]
                [-0.4871281  0.4871281  0.         0.         0.       ],
  "funcao_objetivo": 0.79997651769973535108563949621278456324786513645479,
  "confiabilidade_total": 0.99294318436640192916391028462279368104488223392793
}
 
Individuo 23:
{
  "Posicao": [0. 2. 0. 3. 7.]
             [1. 1. 2. 1. 1.],
  "Velocidade": [-2.79971135 -7.36610851 -9.77023717  1.8381929   2.34554165]
                [-4.32417664 -4.32417664  0.76314936  0.          0.        ],
  "funcao_objetivo": 0.97503798030093783890990818042842135862443099359594,
  "confiabilidade_total": 0.97503798030093783890990818042842135862443099359594
}
 
Individuo 24:
{
  "Posicao": [3. 6. 6. 9. 1.]
             [1. 1. 1. 2. 2.],
  "Velocidade": [-2.06900509 -2.71078016 -1.57020688  0.2921807  -5.85532548]
                [-2.53268201 -2.53268201  0.         -0.33791024 -0.33791024],
  "funcao_objetivo": 0.82280208621204371596936247900445527346514535698200,
  "confiabilidade_total": 0.96755208621204352187462219891146309390373898300434
}
 
Individuo 25:
{
  "Posicao": [1. 8. 0. 6. 4.]
             [2. 2. 1. 3. 1.],
  "Velocidade": [-0.42185153 -0.62054457 -2.59846214 -1.56114964  3.17164422]
                [-0.92704531 -0.92704531  0.          3.08253432  0.        ],
  "funcao_objetivo": 0.35090797202174126979265131689931433630252393978866,
  "confiabilidade_total": 0.99750797202174133338622616742828097176814588803085
}
 
Individuo 26:
{
  "Posicao": [2. 8. 4. 0. 7.]
             [3. 3. 1. 1. 1.],
  "Velocidade": [ 1.98358661 -1.19977259  2.46252502 -0.94613076 -1.15426545]
                [-0.11335519 -0.11335519  0.24128988  0.          0.        ],
  "funcao_objetivo": 0.44620350926456779247755677645374895662945916274744,
  "confiabilidade_total": 0.99880350926456805013811633146007885814589669326502
}
 
Individuo 27:
{
  "Posicao": [0. 8. 5. 7. 4.]
             [2. 2. 1. 1. 1.],
  "Velocidade": [ 0.20172747  4.21004749  5.3743984   0.57363198 -4.89140234]
                [0.         1.37543005 0.         0.         0.        ],
  "funcao_objetivo": 0.97214963083549578490235129080552672252124438041891,
  "confiabilidade_total": 0.99156629750216255439417375483877497475659737343038
}
 
Individuo 28:
{
  "Posicao": [9. 8. 5. 5. 4.]
             [2. 2. 1. 1. 1.],
  "Velocidade": [10.41131488  3.59291256  1.68936263  1.86736327  3.96000354]
                [ 1.47261438  1.47261438 -1.47261438  0.          0.        ],
  "funcao_objetivo": 0.98718558618615927915149132796106707100555584497837,
  "confiabilidade_total": 0.98718558618615927915149132796106707100555584497837
}
 
Individuo 29:
{
  "Posicao": [1. 6. 2. 3. 3.]
             [2. 2. 1. 1. 1.],
  "Velocidade": [-0.2624605  -1.13996204  1.2123188   2.72179219 -2.19854095]
                [0.64218635 0.64218635 0.         0.         0.        ],
  "funcao_objetivo": 0.79856836575770362347123056672768441265628901717030,
  "confiabilidade_total": 0.99248503242437038835562747856653302213357058760487
}
 
Individuo 30:
{
  "Posicao": [0. 5. 2. 5. 6.]
             [2. 2. 1. 1. 3.],
  "Velocidade": [-0.6936718  -3.38486092 -3.65958255  4.9633418   4.40849292]
                [0.59285778 0.59285778 0.         0.         3.09912852],
  "funcao_objetivo": 0.49991896976012580781514488407892007152722078019125,
  "confiabilidade_total": 0.99341896976012588530871200291484659309671121293051
}
 
Individuo 31:
{
  "Posicao": [0. 5. 6. 6. 9.]
             [2. 2. 1. 1. 1.],
  "Velocidade": [-5.19611052 -2.82613879  4.01929769  4.90353087  2.79712511]
                [0.7282419 0.        0.        0.        0.       ],
  "funcao_objetivo": 0.92155829056111517554759250761500264595133162564600,
  "confiabilidade_total": 0.99197495722778174747522773960164452980142928189600
}
 
Individuo 32:
{
  "Posicao": [2. 4. 0. 9. 5.]
             [3. 3. 1. 1. 1.],
  "Velocidade": [ 1.73316647 -4.6126942  -8.23842784  4.86287021 -4.2568803 ]
                [2.13531197 2.13531197 0.         0.         0.12321602],
  "funcao_objetivo": 0.24376766328298891825172314010942589164001084740767,
  "confiabilidade_total": 0.99885099661632233011483174859549851760489083703170
}
 
Individuo 33:
{
  "Posicao": [1. 7. 0. 5. 4.]
             [3. 3. 1. 1. 1.],
  "Velocidade": [-0.04238538  4.4841024  -9.43129946  0.          1.24937084]
                [ 2.57374107  2.57374107 -3.49987298  0.          0.        ],
  "funcao_objetivo": 0.41064435000412217613792877492659775793643018840038,
  "confiabilidade_total": 0.99877768333745540641295947572206663221211454508983
}
 
Individuo 34:
{
  "Posicao": [2. 7. 8. 6. 2.]
             [2. 2. 1. 1. 2.],
  "Velocidade": [-2.64759923  4.68105068  1.95021909  3.72715235  1.92670774]
                [ 0.52012741  0.52012741  0.          0.         -0.64213375],
  "funcao_objetivo": 0.70966614367835284922664573478796092437372712307274,
  "confiabilidade_total": 0.99149947701168611831507337647890245185957459621727
}
 
Individuo 35:
{
  "Posicao": [0. 7. 5. 5. 7.]
             [2. 2. 1. 1. 1.],
  "Velocidade": [-6.15028102 -0.50504257 -0.08398239 -2.06952808 -1.75650709]
                [1.36493157 1.36493157 0.         0.         0.        ],
  "funcao_objetivo": 0.99193001460438234907181608401717777887856399100979,
  "confiabilidade_total": 0.99193001460438234907181608401717777887856399100979
}
 
Individuo 36:
{
  "Posicao": [0. 8. 3. 4. 5.]
             [2. 2. 1. 1. 1.],
  "Velocidade": [ 0.01663729 -1.39095978 -1.49515315  0.60173703 -0.51410393]
                [1.19773433 0.         0.         0.         0.        ],
  "funcao_objetivo": 0.90614757679020826882940069820622510294255997415553,
  "confiabilidade_total": 0.99223091012354147507920514611330644245085503335963
}
 
Individuo 37:
{
  "Posicao": [2. 1. 0. 6. 6.]
             [1. 1. 1. 1. 1.],
  "Velocidade": [-0.14663708 -1.56304125 -5.57357436  0.71402469  6.36040156]
                [-0.71402469 -0.71402469  0.          0.          0.        ],
  "funcao_objetivo": 0.95877913495480121235186768832975326018609463755209,
  "confiabilidade_total": 0.95877913495480121235186768832975326018609463755209
}
 
Individuo 38:
{
  "Posicao": [0. 8. 2. 5. 7.]
             [1. 1. 1. 1. 1.],
  "Velocidade": [-4.63860586  3.37124748  0.30686591  5.39276618  1.35104501]
                [0.28873399 0.28873399 0.         0.         0.        ],
  "funcao_objetivo": 0.94983171830530552137605235798685230638032627793069,
  "confiabilidade_total": 0.94983171830530552137605235798685230638032627793069
}
 
Individuo 39:
{
  "Posicao": [8. 6. 8. 5. 1.]
             [2. 2. 1. 1. 1.],
  "Velocidade": [7.96881086 5.69768135 8.44793061 4.67084084 1.03765648]
                [-0.0398667 -0.0398667  0.         0.         0.       ],
  "funcao_objetivo": 0.98837418968846743500425667997417905021271386367236,
  "confiabilidade_total": 0.98837418968846743500425667997417905021271386367236
}
 
Individuo 40:
{
  "Posicao": [0. 6. 3. 5. 5.]
             [3. 3. 1. 1. 1.],
  "Velocidade": [ 0.01242041 -0.78640438 -0.82908215  0.          1.88755719]
                [-0.49168069 -0.49168069  0.          0.          0.        ],
  "funcao_objetivo": 0.38108715168980313238549974156680881933411806784090,
  "confiabilidade_total": 0.99882048502313643335953265049224618778666704855379
}
 
Individuo 41:
{
  "Posicao": [5. 5. 4. 7. 9.]
             [3. 3. 1. 1. 1.],
  "Velocidade": [ 5.32605725 -4.25293652 -2.51859357  5.18787064  0.07053175]
                [-0.31846137 -0.31846137  0.          0.          0.        ],
  "funcao_objetivo": 0.70706965088979820713567978856242747886408106775619,
  "confiabilidade_total": 0.99811965088979821028871317849787205366719500513412
}
 
Individuo 42:
{
  "Posicao": [2. 2. 3. 6. 5.]
             [3. 3. 1. 1. 1.],
  "Velocidade": [ 2.25759871  2.17219641 -0.16934861  4.33498886 -3.126114  ]
                [2.0253953 2.0253953 0.        0.        0.       ],
  "funcao_objetivo": 0.38838506798443946207451833206389404572719642236142,
  "confiabilidade_total": 0.99905173465110615301806180386731706299060889794736
}
 
Individuo 43:
{
  "Posicao": [0. 6. 5. 5. 3.]
             [2. 2. 1. 1. 1.],
  "Velocidade": [ 0.36780813 -0.34202119 -1.76892018  0.         -0.47159152]
                [-1.08223946 -1.08223946  0.          0.          0.        ],
  "funcao_objetivo": 0.89058557783771772899115005569756745231145144223747,
  "confiabilidade_total": 0.99216891117105104615223466365778718014055014371452
}
 
Individuo 44:
{
  "Posicao": [0. 6. 2. 8. 5.]
             [2. 2. 1. 1. 1.],
  "Velocidade": [-2.11013593  3.40781858 -6.63861181  4.60825348  4.992465  ]
                [-0.12468042 -0.12468042  0.          0.          0.15325395],
  "funcao_objetivo": 0.88719403224911779744290986984590036997540827298659,
  "confiabilidade_total": 0.99236069891578449737925984111309136467023726010817
}
 
Individuo 45:
{
  "Posicao": [0. 9. 1. 4. 3.]
             [2. 2. 1. 1. 1.],
  "Velocidade": [-0.69232163  0.36531596 -1.95897978  1.87224949 -2.5210299 ]
                [0.61527257 0.61527257 0.         0.         0.        ],
  "funcao_objetivo": 0.72838640121259229096840030630953177208788222256918,
  "confiabilidade_total": 0.99208640121259246134322566528605446549839800778647
}
 
Individuo 46:
{
  "Posicao": [0. 6. 7. 0. 6.]
             [3. 3. 1. 1. 1.],
  "Velocidade": [ 0.10864245 -0.69768476  5.59147928 -9.11649063 -3.34187186]
                [ 1.85700858  1.85700858  0.          0.         -5.53373279],
  "funcao_objetivo": 0.25056993239508995046907520989539518508234964487913,
  "confiabilidade_total": 0.99908659906175678050135920673842958661833749888304
}
 
Individuo 47:
{
  "Posicao": [0. 3. 4. 2. 0.]
             [1. 1. 1. 1. 1.],
  "Velocidade": [-1.8343284  -6.31935816 -3.22372909 -6.0573453  -4.24857602]
                [-0.77996616 -0.77996616  0.          0.          0.        ],
  "funcao_objetivo": 0.95892274416249470079554198104639345008636744610387,
  "confiabilidade_total": 0.95892274416249470079554198104639345008636744610387
}
 
Individuo 48:
{
  "Posicao": [4. 7. 6. 4. 1.]
             [2. 2. 1. 1. 1.],
  "Velocidade": [ 0.90627751  4.73585322  5.94674975  0.41542624 -1.69943291]
                [0.89175344 0.89175344 0.         0.         0.        ],
  "funcao_objetivo": 0.84291851838159083509096720510793038779451007182930,
  "confiabilidade_total": 0.99016851838159074383063458092006276497198695476387
}
 
Individuo 49:
{
  "Posicao": [0. 7. 4. 5. 9.]
             [2. 2. 1. 1. 2.],
  "Velocidade": [-2.10197123  4.6039875   0.11031074 -3.58393011 -0.30092263]
                [ 1.27457491  1.27457491  0.          0.         -0.13666017],
  "funcao_objetivo": 0.57341322190651265554616605367772529082615620121976,
  "confiabilidade_total": 0.99287988857317944867463671198055628868062740788480
}
 
Individuo 50:
{
  "Posicao": [3. 4. 4. 4. 9.]
             [3. 3. 1. 1. 1.],
  "Velocidade": [3.33216451 1.30282189 3.85366528 0.52994265 1.90225925]
                [1.51706354 1.51706354 0.         0.         0.        ],
  "funcao_objetivo": 0.062574392850090325575648542705947721184110092520538,
  "confiabilidade_total": 0.99862439285008998566976732346802130508503858983499
}
 
-----------------------------------------
-----------------------------------------
-----------------------------------------
-----------------------------------------
O algoritmo PSO obteve em 10 geracoes o resultado para a funcao objetivo de 0.99219302323343078815851860648581371587722078476654
Com os seguintes valores para cada variavel de decisao:
T1: 0.0
Q1: 2.0
T2: 9.0
Q2: 2.0
T3: 3.0
Q3: 1.0
T4: 5.0
Q4: 1.0
T5: 8.0
Q5: 1.0


