POPULAÇÃO INICIAL:
Individuo 1:
{
  "Posicao": [7 8 2 5 7]
             [1 1 2 2 1],
  "Velocidade": [0. 0. 0. 0. 0.]
                [0. 0. 0. 0. 0.],
  "funcao_objetivo": 0.99047873618975393944664366599389353370007153452172,
  "confiabilidade_total": 0.99047873618975393944664366599389353370007153452172
}
 
Individuo 2:
{
  "Posicao": [7 8 2 1 5]
             [2 1 1 2 1],
  "Velocidade": [0. 0. 0. 0. 0.]
                [0. 0. 0. 0. 0.],
  "funcao_objetivo": 0.98901742382963430875345638911420685931201204220359,
  "confiabilidade_total": 0.98901742382963430875345638911420685931201204220359
}
 
Individuo 3:
{
  "Posicao": [5 6 0 5 7]
             [2 1 1 2 1],
  "Velocidade": [0. 0. 0. 0. 0.]
                [0. 0. 0. 0. 0.],
  "funcao_objetivo": 0.98878685246441521762258482669197900892840862951355,
  "confiabilidade_total": 0.98878685246441521762258482669197900892840862951355
}
 
Individuo 4:
{
  "Posicao": [0 6 0 7 1]
             [1 1 1 2 1],
  "Velocidade": [0. 0. 0. 0. 0.]
                [0. 0. 0. 0. 0.],
  "funcao_objetivo": 0.98069684520169900825515817160806886720729493902339,
  "confiabilidade_total": 0.98069684520169900825515817160806886720729493902339
}
 
Individuo 5:
{
  "Posicao": [0 3 7 2 1]
             [1 2 1 1 1],
  "Velocidade": [0. 0. 0. 0. 0.]
                [0. 0. 0. 0. 0.],
  "funcao_objetivo": 0.97606137526851148805213462982366086611509848698143,
  "confiabilidade_total": 0.97606137526851148805213462982366086611509848698143
}
 
Individuo 6:
{
  "Posicao": [8 2 7 0 8]
             [2 1 1 1 1],
  "Velocidade": [0. 0. 0. 0. 0.]
                [0. 0. 0. 0. 0.],
  "funcao_objetivo": 0.97560782379969236838790652491143839743879769210812,
  "confiabilidade_total": 0.97560782379969236838790652491143839743879769210812
}
 
Individuo 7:
{
  "Posicao": [2 5 2 0 8]
             [2 1 1 1 1],
  "Velocidade": [0. 0. 0. 0. 0.]
                [0. 0. 0. 0. 0.],
  "funcao_objetivo": 0.97499980316486450337374785518629897511060074736102,
  "confiabilidade_total": 0.97499980316486450337374785518629897511060074736102
}
 
Individuo 8:
{
  "Posicao": [8 0 7 3 6]
             [2 1 1 1 1],
  "Velocidade": [0. 0. 0. 0. 0.]
                [0. 0. 0. 0. 0.],
  "funcao_objetivo": 0.97462376517287757795653509424335904120916539420277,
  "confiabilidade_total": 0.97462376517287757795653509424335904120916539420277
}
 
Individuo 9:
{
  "Posicao": [0 6 8 1 4]
             [1 1 2 1 1],
  "Velocidade": [0. 0. 0. 0. 0.]
                [0. 0. 0. 0. 0.],
  "funcao_objetivo": 0.97238170938300201535757183571260876888798258831811,
  "confiabilidade_total": 0.97238170938300201535757183571260876888798258831811
}
 
Individuo 10:
{
  "Posicao": [0 5 6 5 4]
             [1 1 1 2 1],
  "Velocidade": [0. 0. 0. 0. 0.]
                [0. 0. 0. 0. 0.],
  "funcao_objetivo": 0.97225417971019866209785489664555999006421016673592,
  "confiabilidade_total": 0.97225417971019866209785489664555999006421016673592
}
 
Individuo 11:
{
  "Posicao": [1 8 5 9 5]
             [1 2 1 1 2],
  "Velocidade": [0. 0. 0. 0. 0.]
                [0. 0. 0. 0. 0.],
  "funcao_objetivo": 0.97171910453543907746776767694589917158702023943257,
  "confiabilidade_total": 0.97171910453543907746776767694589917158702023943257
}
 
Individuo 12:
{
  "Posicao": [7 9 2 8 8]
             [1 1 1 3 1],
  "Velocidade": [0. 0. 0. 0. 0.]
                [0. 0. 0. 0. 0.],
  "funcao_objetivo": 0.97149386878903411204717150364105283817886447433377,
  "confiabilidade_total": 0.97149386878903411204717150364105283817886447433377
}
 
Individuo 13:
{
  "Posicao": [1 9 2 1 1]
             [2 1 1 1 1],
  "Velocidade": [0. 0. 0. 0. 0.]
                [0. 0. 0. 0. 0.],
  "funcao_objetivo": 0.97073452592749569313790274643026731790272491056123,
  "confiabilidade_total": 0.97073452592749569313790274643026731790272491056123
}
 
Individuo 14:
{
  "Posicao": [0 1 7 9 7]
             [2 1 1 1 1],
  "Velocidade": [0. 0. 0. 0. 0.]
                [0. 0. 0. 0. 0.],
  "funcao_objetivo": 0.97060067849978019747543781796182501560413553361091,
  "confiabilidade_total": 0.97060067849978019747543781796182501560413553361091
}
 
Individuo 15:
{
  "Posicao": [4 5 3 5 5]
             [1 1 1 2 2],
  "Velocidade": [0. 0. 0. 0. 0.]
                [0. 0. 0. 0. 0.],
  "funcao_objetivo": 0.97027472457761493228970656637959946419763687600304,
  "confiabilidade_total": 0.97027472457761493228970656637959946419763687600304
}
 
Individuo 16:
{
  "Posicao": [4 1 9 6 5]
             [2 1 1 1 1],
  "Velocidade": [0. 0. 0. 0. 0.]
                [0. 0. 0. 0. 0.],
  "funcao_objetivo": 0.96980360232418578755434195039785107630690693324196,
  "confiabilidade_total": 0.96980360232418578755434195039785107630690693324196
}
 
Individuo 17:
{
  "Posicao": [1 4 9 1 2]
             [1 1 1 2 1],
  "Velocidade": [0. 0. 0. 0. 0.]
                [0. 0. 0. 0. 0.],
  "funcao_objetivo": 0.96973836813078671131880580043073152287352786995028,
  "confiabilidade_total": 0.96973836813078671131880580043073152287352786995028
}
 
Individuo 18:
{
  "Posicao": [5 9 2 8 8]
             [1 2 1 1 2],
  "Velocidade": [0. 0. 0. 0. 0.]
                [0. 0. 0. 0. 0.],
  "funcao_objetivo": 0.96965937471549040568136184985125774318255383125795,
  "confiabilidade_total": 0.96965937471549040568136184985125774318255383125795
}
 
Individuo 19:
{
  "Posicao": [7 7 2 6 1]
             [1 1 1 2 1],
  "Velocidade": [0. 0. 0. 0. 0.]
                [0. 0. 0. 0. 0.],
  "funcao_objetivo": 0.96865603505004636878459376593255827519989528497946,
  "confiabilidade_total": 0.96865603505004636878459376593255827519989528497946
}
 
Individuo 20:
{
  "Posicao": [1 5 5 9 9]
             [1 2 1 1 1],
  "Velocidade": [0. 0. 0. 0. 0.]
                [0. 0. 0. 0. 0.],
  "funcao_objetivo": 0.96858570423115126449717813865647281148608676928538,
  "confiabilidade_total": 0.96858570423115126449717813865647281148608676928538
}
 
Individuo 21:
{
  "Posicao": [5 7 6 8 9]
             [1 2 1 2 1],
  "Velocidade": [0. 0. 0. 0. 0.]
                [0. 0. 0. 0. 0.],
  "funcao_objetivo": 0.96852343621839804996402543447224546657026756478830,
  "confiabilidade_total": 0.96852343621839804996402543447224546657026756478830
}
 
Individuo 22:
{
  "Posicao": [3 6 7 1 0]
             [1 2 1 1 1],
  "Velocidade": [0. 0. 0. 0. 0.]
                [0. 0. 0. 0. 0.],
  "funcao_objetivo": 0.96781360705434029525054399913605814345720797669632,
  "confiabilidade_total": 0.96781360705434029525054399913605814345720797669632
}
 
Individuo 23:
{
  "Posicao": [4 5 9 2 5]
             [2 1 1 1 1],
  "Velocidade": [0. 0. 0. 0. 0.]
                [0. 0. 0. 0. 0.],
  "funcao_objetivo": 0.96716572238815692346967842141579210132109891132172,
  "confiabilidade_total": 0.96716572238815692346967842141579210132109891132172
}
 
Individuo 24:
{
  "Posicao": [8 7 2 7 8]
             [1 1 2 1 2],
  "Velocidade": [0. 0. 0. 0. 0.]
                [0. 0. 0. 0. 0.],
  "funcao_objetivo": 0.96622292552966367174072199135055321683933895404402,
  "confiabilidade_total": 0.96622292552966367174072199135055321683933895404402
}
 
Individuo 25:
{
  "Posicao": [4 3 7 7 7]
             [2 1 1 1 1],
  "Velocidade": [0. 0. 0. 0. 0.]
                [0. 0. 0. 0. 0.],
  "funcao_objetivo": 0.96519125460457427389011149006074071719949731363581,
  "confiabilidade_total": 0.96519125460457427389011149006074071719949731363581
}
 
Individuo 26:
{
  "Posicao": [4 7 9 4 0]
             [1 1 2 1 1],
  "Velocidade": [0. 0. 0. 0. 0.]
                [0. 0. 0. 0. 0.],
  "funcao_objetivo": 0.96476844501069315590712692402899399196820264748946,
  "confiabilidade_total": 0.96476844501069315590712692402899399196820264748946
}
 
Individuo 27:
{
  "Posicao": [8 6 3 3 5]
             [1 1 1 2 1],
  "Velocidade": [0. 0. 0. 0. 0.]
                [0. 0. 0. 0. 0.],
  "funcao_objetivo": 0.96471238466300538316257651615680915401106594987688,
  "confiabilidade_total": 0.96471238466300538316257651615680915401106594987688
}
 
Individuo 28:
{
  "Posicao": [8 5 4 7 1]
             [1 1 1 2 1],
  "Velocidade": [0. 0. 0. 0. 0.]
                [0. 0. 0. 0. 0.],
  "funcao_objetivo": 0.96381392190370471132415609237180766566228331801502,
  "confiabilidade_total": 0.96381392190370471132415609237180766566228331801502
}
 
Individuo 29:
{
  "Posicao": [1 0 2 3 0]
             [1 1 1 1 1],
  "Velocidade": [0. 0. 0. 0. 0.]
                [0. 0. 0. 0. 0.],
  "funcao_objetivo": 0.96314290521596975004826038115591704853806206276037,
  "confiabilidade_total": 0.96314290521596975004826038115591704853806206276037
}
 
Individuo 30:
{
  "Posicao": [9 8 5 4 0]
             [2 1 1 1 1],
  "Velocidade": [0. 0. 0. 0. 0.]
                [0. 0. 0. 0. 0.],
  "funcao_objetivo": 0.96298680753655170970663488476358398767285204932625,
  "confiabilidade_total": 0.96298680753655170970663488476358398767285204932625
}
 
Individuo 31:
{
  "Posicao": [2 5 3 8 7]
             [2 1 1 1 1],
  "Velocidade": [0. 0. 0. 0. 0.]
                [0. 0. 0. 0. 0.],
  "funcao_objetivo": 0.96288980299006511185684371417911803299930040256678,
  "confiabilidade_total": 0.96288980299006511185684371417911803299930040256678
}
 
Individuo 32:
{
  "Posicao": [5 4 7 6 7]
             [1 2 1 1 1],
  "Velocidade": [0. 0. 0. 0. 0.]
                [0. 0. 0. 0. 0.],
  "funcao_objetivo": 0.96202753382468321829346711246605175920470526357270,
  "confiabilidade_total": 0.96202753382468321829346711246605175920470526357270
}
 
Individuo 33:
{
  "Posicao": [6 5 8 5 1]
             [1 2 1 1 1],
  "Velocidade": [0. 0. 0. 0. 0.]
                [0. 0. 0. 0. 0.],
  "funcao_objetivo": 0.96149679697046775143944116575924486065048418063188,
  "confiabilidade_total": 0.96149679697046775143944116575924486065048418063188
}
 
Individuo 34:
{
  "Posicao": [8 6 7 4 7]
             [1 1 1 2 1],
  "Velocidade": [0. 0. 0. 0. 0.]
                [0. 0. 0. 0. 0.],
  "funcao_objetivo": 0.96065847702733836251140851501639858640814934186302,
  "confiabilidade_total": 0.96065847702733836251140851501639858640814934186302
}
 
Individuo 35:
{
  "Posicao": [6 6 8 7 3]
             [1 1 1 2 1],
  "Velocidade": [0. 0. 0. 0. 0.]
                [0. 0. 0. 0. 0.],
  "funcao_objetivo": 0.96051740057561747259256385970520100493506237641011,
  "confiabilidade_total": 0.96051740057561747259256385970520100493506237641011
}
 
Individuo 36:
{
  "Posicao": [6 7 9 5 6]
             [1 1 2 1 1],
  "Velocidade": [0. 0. 0. 0. 0.]
                [0. 0. 0. 0. 0.],
  "funcao_objetivo": 0.96018030051194434490330786626975643584255069050069,
  "confiabilidade_total": 0.96018030051194434490330786626975643584255069050069
}
 
Individuo 37:
{
  "Posicao": [3 7 2 0 8]
             [1 1 1 1 2],
  "Velocidade": [0. 0. 0. 0. 0.]
                [0. 0. 0. 0. 0.],
  "funcao_objetivo": 0.95961724022351929181154076844500632118320521777440,
  "confiabilidade_total": 0.95961724022351929181154076844500632118320521777440
}
 
Individuo 38:
{
  "Posicao": [0 3 7 3 5]
             [1 1 1 1 2],
  "Velocidade": [0. 0. 0. 0. 0.]
                [0. 0. 0. 0. 0.],
  "funcao_objetivo": 0.95714080073563600376051528713952470469981839550132,
  "confiabilidade_total": 0.95714080073563600376051528713952470469981839550132
}
 
Individuo 39:
{
  "Posicao": [2 0 8 3 2]
             [1 1 1 1 1],
  "Velocidade": [0. 0. 0. 0. 0.]
                [0. 0. 0. 0. 0.],
  "funcao_objetivo": 0.95522755652886095046588805574767427515850297610620,
  "confiabilidade_total": 0.95522755652886095046588805574767427515850297610620
}
 
Individuo 40:
{
  "Posicao": [0 9 1 5 6]
             [1 1 1 1 2],
  "Velocidade": [0. 0. 0. 0. 0.]
                [0. 0. 0. 0. 0.],
  "funcao_objetivo": 0.95356685748580126521894004938937397607841649171487,
  "confiabilidade_total": 0.95356685748580126521894004938937397607841649171487
}
 
Individuo 41:
{
  "Posicao": [6 7 5 2 5]
             [1 1 1 1 3],
  "Velocidade": [0. 0. 0. 0. 0.]
                [0. 0. 0. 0. 0.],
  "funcao_objetivo": 0.94793471982050283704847594119024536931607937321836,
  "confiabilidade_total": 0.94793471982050283704847594119024536931607937321836
}
 
Individuo 42:
{
  "Posicao": [2 4 9 5 5]
             [1 1 1 1 2],
  "Velocidade": [0. 0. 0. 0. 0.]
                [0. 0. 0. 0. 0.],
  "funcao_objetivo": 0.94704571623955844506127438158886410922353200498588,
  "confiabilidade_total": 0.94704571623955844506127438158886410922353200498588
}
 
Individuo 43:
{
  "Posicao": [4 4 2 6 9]
             [1 1 1 1 1],
  "Velocidade": [0. 0. 0. 0. 0.]
                [0. 0. 0. 0. 0.],
  "funcao_objetivo": 0.94563522479754254551739172836032429874510325818684,
  "confiabilidade_total": 0.94563522479754254551739172836032429874510325818684
}
 
Individuo 44:
{
  "Posicao": [5 2 6 6 0]
             [1 1 1 1 1],
  "Velocidade": [0. 0. 0. 0. 0.]
                [0. 0. 0. 0. 0.],
  "funcao_objetivo": 0.94435950529188908268308528601264031293885731305115,
  "confiabilidade_total": 0.94435950529188908268308528601264031293885731305115
}
 
Individuo 45:
{
  "Posicao": [4 7 3 3 7]
             [1 1 1 1 1],
  "Velocidade": [0. 0. 0. 0. 0.]
                [0. 0. 0. 0. 0.],
  "funcao_objetivo": 0.94382365227291691962415969903821834983006478421827,
  "confiabilidade_total": 0.94382365227291691962415969903821834983006478421827
}
 
Individuo 46:
{
  "Posicao": [9 7 2 9 3]
             [1 1 1 1 2],
  "Velocidade": [0. 0. 0. 0. 0.]
                [0. 0. 0. 0. 0.],
  "funcao_objetivo": 0.94175493775715641414894337098577969004984009251397,
  "confiabilidade_total": 0.94175493775715641414894337098577969004984009251397
}
 
Individuo 47:
{
  "Posicao": [3 4 4 8 9]
             [1 1 1 1 1],
  "Velocidade": [0. 0. 0. 0. 0.]
                [0. 0. 0. 0. 0.],
  "funcao_objetivo": 0.94151795089746084740010424847198662357487360629855,
  "confiabilidade_total": 0.94151795089746084740010424847198662357487360629855
}
 
Individuo 48:
{
  "Posicao": [5 6 4 7 3]
             [1 1 1 1 1],
  "Velocidade": [0. 0. 0. 0. 0.]
                [0. 0. 0. 0. 0.],
  "funcao_objetivo": 0.93863172931111245313066816532802241281087503521004,
  "confiabilidade_total": 0.93863172931111245313066816532802241281087503521004
}
 
Individuo 49:
{
  "Posicao": [5 9 5 8 0]
             [1 1 1 1 1],
  "Velocidade": [0. 0. 0. 0. 0.]
                [0. 0. 0. 0. 0.],
  "funcao_objetivo": 0.93393366062771386874816579089494938307841361323196,
  "confiabilidade_total": 0.93393366062771386874816579089494938307841361323196
}
 
Individuo 50:
{
  "Posicao": [7 9 6 8 1]
             [1 1 1 1 1],
  "Velocidade": [0. 0. 0. 0. 0.]
                [0. 0. 0. 0. 0.],
  "funcao_objetivo": 0.93275446011174665555020956571278222330353616202124,
  "confiabilidade_total": 0.93275446011174665555020956571278222330353616202124
}
 
 
GERACAO 1
Populacao antes da execucao:
Individuo 1:
{
  "Posicao": [7 8 2 5 7]
             [1 1 2 2 1],
  "Velocidade": [0. 0. 0. 0. 0.]
                [0. 0. 0. 0. 0.],
  "funcao_objetivo": 0.99047873618975393944664366599389353370007153452172,
  "confiabilidade_total": 0.99047873618975393944664366599389353370007153452172
}
 
Individuo 2:
{
  "Posicao": [7 8 2 1 5]
             [2 1 1 2 1],
  "Velocidade": [0. 0. 0. 0. 0.]
                [0. 0. 0. 0. 0.],
  "funcao_objetivo": 0.98901742382963430875345638911420685931201204220359,
  "confiabilidade_total": 0.98901742382963430875345638911420685931201204220359
}
 
Individuo 3:
{
  "Posicao": [5 6 0 5 7]
             [2 1 1 2 1],
  "Velocidade": [0. 0. 0. 0. 0.]
                [0. 0. 0. 0. 0.],
  "funcao_objetivo": 0.98878685246441521762258482669197900892840862951355,
  "confiabilidade_total": 0.98878685246441521762258482669197900892840862951355
}
 
Individuo 4:
{
  "Posicao": [0 6 0 7 1]
             [1 1 1 2 1],
  "Velocidade": [0. 0. 0. 0. 0.]
                [0. 0. 0. 0. 0.],
  "funcao_objetivo": 0.98069684520169900825515817160806886720729493902339,
  "confiabilidade_total": 0.98069684520169900825515817160806886720729493902339
}
 
Individuo 5:
{
  "Posicao": [0 3 7 2 1]
             [1 2 1 1 1],
  "Velocidade": [0. 0. 0. 0. 0.]
                [0. 0. 0. 0. 0.],
  "funcao_objetivo": 0.97606137526851148805213462982366086611509848698143,
  "confiabilidade_total": 0.97606137526851148805213462982366086611509848698143
}
 
Individuo 6:
{
  "Posicao": [8 2 7 0 8]
             [2 1 1 1 1],
  "Velocidade": [0. 0. 0. 0. 0.]
                [0. 0. 0. 0. 0.],
  "funcao_objetivo": 0.97560782379969236838790652491143839743879769210812,
  "confiabilidade_total": 0.97560782379969236838790652491143839743879769210812
}
 
Individuo 7:
{
  "Posicao": [2 5 2 0 8]
             [2 1 1 1 1],
  "Velocidade": [0. 0. 0. 0. 0.]
                [0. 0. 0. 0. 0.],
  "funcao_objetivo": 0.97499980316486450337374785518629897511060074736102,
  "confiabilidade_total": 0.97499980316486450337374785518629897511060074736102
}
 
Individuo 8:
{
  "Posicao": [8 0 7 3 6]
             [2 1 1 1 1],
  "Velocidade": [0. 0. 0. 0. 0.]
                [0. 0. 0. 0. 0.],
  "funcao_objetivo": 0.97462376517287757795653509424335904120916539420277,
  "confiabilidade_total": 0.97462376517287757795653509424335904120916539420277
}
 
Individuo 9:
{
  "Posicao": [0 6 8 1 4]
             [1 1 2 1 1],
  "Velocidade": [0. 0. 0. 0. 0.]
                [0. 0. 0. 0. 0.],
  "funcao_objetivo": 0.97238170938300201535757183571260876888798258831811,
  "confiabilidade_total": 0.97238170938300201535757183571260876888798258831811
}
 
Individuo 10:
{
  "Posicao": [0 5 6 5 4]
             [1 1 1 2 1],
  "Velocidade": [0. 0. 0. 0. 0.]
                [0. 0. 0. 0. 0.],
  "funcao_objetivo": 0.97225417971019866209785489664555999006421016673592,
  "confiabilidade_total": 0.97225417971019866209785489664555999006421016673592
}
 
Individuo 11:
{
  "Posicao": [1 8 5 9 5]
             [1 2 1 1 2],
  "Velocidade": [0. 0. 0. 0. 0.]
                [0. 0. 0. 0. 0.],
  "funcao_objetivo": 0.97171910453543907746776767694589917158702023943257,
  "confiabilidade_total": 0.97171910453543907746776767694589917158702023943257
}
 
Individuo 12:
{
  "Posicao": [7 9 2 8 8]
             [1 1 1 3 1],
  "Velocidade": [0. 0. 0. 0. 0.]
                [0. 0. 0. 0. 0.],
  "funcao_objetivo": 0.97149386878903411204717150364105283817886447433377,
  "confiabilidade_total": 0.97149386878903411204717150364105283817886447433377
}
 
Individuo 13:
{
  "Posicao": [1 9 2 1 1]
             [2 1 1 1 1],
  "Velocidade": [0. 0. 0. 0. 0.]
                [0. 0. 0. 0. 0.],
  "funcao_objetivo": 0.97073452592749569313790274643026731790272491056123,
  "confiabilidade_total": 0.97073452592749569313790274643026731790272491056123
}
 
Individuo 14:
{
  "Posicao": [0 1 7 9 7]
             [2 1 1 1 1],
  "Velocidade": [0. 0. 0. 0. 0.]
                [0. 0. 0. 0. 0.],
  "funcao_objetivo": 0.97060067849978019747543781796182501560413553361091,
  "confiabilidade_total": 0.97060067849978019747543781796182501560413553361091
}
 
Individuo 15:
{
  "Posicao": [4 5 3 5 5]
             [1 1 1 2 2],
  "Velocidade": [0. 0. 0. 0. 0.]
                [0. 0. 0. 0. 0.],
  "funcao_objetivo": 0.97027472457761493228970656637959946419763687600304,
  "confiabilidade_total": 0.97027472457761493228970656637959946419763687600304
}
 
Individuo 16:
{
  "Posicao": [4 1 9 6 5]
             [2 1 1 1 1],
  "Velocidade": [0. 0. 0. 0. 0.]
                [0. 0. 0. 0. 0.],
  "funcao_objetivo": 0.96980360232418578755434195039785107630690693324196,
  "confiabilidade_total": 0.96980360232418578755434195039785107630690693324196
}
 
Individuo 17:
{
  "Posicao": [1 4 9 1 2]
             [1 1 1 2 1],
  "Velocidade": [0. 0. 0. 0. 0.]
                [0. 0. 0. 0. 0.],
  "funcao_objetivo": 0.96973836813078671131880580043073152287352786995028,
  "confiabilidade_total": 0.96973836813078671131880580043073152287352786995028
}
 
Individuo 18:
{
  "Posicao": [5 9 2 8 8]
             [1 2 1 1 2],
  "Velocidade": [0. 0. 0. 0. 0.]
                [0. 0. 0. 0. 0.],
  "funcao_objetivo": 0.96965937471549040568136184985125774318255383125795,
  "confiabilidade_total": 0.96965937471549040568136184985125774318255383125795
}
 
Individuo 19:
{
  "Posicao": [7 7 2 6 1]
             [1 1 1 2 1],
  "Velocidade": [0. 0. 0. 0. 0.]
                [0. 0. 0. 0. 0.],
  "funcao_objetivo": 0.96865603505004636878459376593255827519989528497946,
  "confiabilidade_total": 0.96865603505004636878459376593255827519989528497946
}
 
Individuo 20:
{
  "Posicao": [1 5 5 9 9]
             [1 2 1 1 1],
  "Velocidade": [0. 0. 0. 0. 0.]
                [0. 0. 0. 0. 0.],
  "funcao_objetivo": 0.96858570423115126449717813865647281148608676928538,
  "confiabilidade_total": 0.96858570423115126449717813865647281148608676928538
}
 
Individuo 21:
{
  "Posicao": [5 7 6 8 9]
             [1 2 1 2 1],
  "Velocidade": [0. 0. 0. 0. 0.]
                [0. 0. 0. 0. 0.],
  "funcao_objetivo": 0.96852343621839804996402543447224546657026756478830,
  "confiabilidade_total": 0.96852343621839804996402543447224546657026756478830
}
 
Individuo 22:
{
  "Posicao": [3 6 7 1 0]
             [1 2 1 1 1],
  "Velocidade": [0. 0. 0. 0. 0.]
                [0. 0. 0. 0. 0.],
  "funcao_objetivo": 0.96781360705434029525054399913605814345720797669632,
  "confiabilidade_total": 0.96781360705434029525054399913605814345720797669632
}
 
Individuo 23:
{
  "Posicao": [4 5 9 2 5]
             [2 1 1 1 1],
  "Velocidade": [0. 0. 0. 0. 0.]
                [0. 0. 0. 0. 0.],
  "funcao_objetivo": 0.96716572238815692346967842141579210132109891132172,
  "confiabilidade_total": 0.96716572238815692346967842141579210132109891132172
}
 
Individuo 24:
{
  "Posicao": [8 7 2 7 8]
             [1 1 2 1 2],
  "Velocidade": [0. 0. 0. 0. 0.]
                [0. 0. 0. 0. 0.],
  "funcao_objetivo": 0.96622292552966367174072199135055321683933895404402,
  "confiabilidade_total": 0.96622292552966367174072199135055321683933895404402
}
 
Individuo 25:
{
  "Posicao": [4 3 7 7 7]
             [2 1 1 1 1],
  "Velocidade": [0. 0. 0. 0. 0.]
                [0. 0. 0. 0. 0.],
  "funcao_objetivo": 0.96519125460457427389011149006074071719949731363581,
  "confiabilidade_total": 0.96519125460457427389011149006074071719949731363581
}
 
Individuo 26:
{
  "Posicao": [4 7 9 4 0]
             [1 1 2 1 1],
  "Velocidade": [0. 0. 0. 0. 0.]
                [0. 0. 0. 0. 0.],
  "funcao_objetivo": 0.96476844501069315590712692402899399196820264748946,
  "confiabilidade_total": 0.96476844501069315590712692402899399196820264748946
}
 
Individuo 27:
{
  "Posicao": [8 6 3 3 5]
             [1 1 1 2 1],
  "Velocidade": [0. 0. 0. 0. 0.]
                [0. 0. 0. 0. 0.],
  "funcao_objetivo": 0.96471238466300538316257651615680915401106594987688,
  "confiabilidade_total": 0.96471238466300538316257651615680915401106594987688
}
 
Individuo 28:
{
  "Posicao": [8 5 4 7 1]
             [1 1 1 2 1],
  "Velocidade": [0. 0. 0. 0. 0.]
                [0. 0. 0. 0. 0.],
  "funcao_objetivo": 0.96381392190370471132415609237180766566228331801502,
  "confiabilidade_total": 0.96381392190370471132415609237180766566228331801502
}
 
Individuo 29:
{
  "Posicao": [1 0 2 3 0]
             [1 1 1 1 1],
  "Velocidade": [0. 0. 0. 0. 0.]
                [0. 0. 0. 0. 0.],
  "funcao_objetivo": 0.96314290521596975004826038115591704853806206276037,
  "confiabilidade_total": 0.96314290521596975004826038115591704853806206276037
}
 
Individuo 30:
{
  "Posicao": [9 8 5 4 0]
             [2 1 1 1 1],
  "Velocidade": [0. 0. 0. 0. 0.]
                [0. 0. 0. 0. 0.],
  "funcao_objetivo": 0.96298680753655170970663488476358398767285204932625,
  "confiabilidade_total": 0.96298680753655170970663488476358398767285204932625
}
 
Individuo 31:
{
  "Posicao": [2 5 3 8 7]
             [2 1 1 1 1],
  "Velocidade": [0. 0. 0. 0. 0.]
                [0. 0. 0. 0. 0.],
  "funcao_objetivo": 0.96288980299006511185684371417911803299930040256678,
  "confiabilidade_total": 0.96288980299006511185684371417911803299930040256678
}
 
Individuo 32:
{
  "Posicao": [5 4 7 6 7]
             [1 2 1 1 1],
  "Velocidade": [0. 0. 0. 0. 0.]
                [0. 0. 0. 0. 0.],
  "funcao_objetivo": 0.96202753382468321829346711246605175920470526357270,
  "confiabilidade_total": 0.96202753382468321829346711246605175920470526357270
}
 
Individuo 33:
{
  "Posicao": [6 5 8 5 1]
             [1 2 1 1 1],
  "Velocidade": [0. 0. 0. 0. 0.]
                [0. 0. 0. 0. 0.],
  "funcao_objetivo": 0.96149679697046775143944116575924486065048418063188,
  "confiabilidade_total": 0.96149679697046775143944116575924486065048418063188
}
 
Individuo 34:
{
  "Posicao": [8 6 7 4 7]
             [1 1 1 2 1],
  "Velocidade": [0. 0. 0. 0. 0.]
                [0. 0. 0. 0. 0.],
  "funcao_objetivo": 0.96065847702733836251140851501639858640814934186302,
  "confiabilidade_total": 0.96065847702733836251140851501639858640814934186302
}
 
Individuo 35:
{
  "Posicao": [6 6 8 7 3]
             [1 1 1 2 1],
  "Velocidade": [0. 0. 0. 0. 0.]
                [0. 0. 0. 0. 0.],
  "funcao_objetivo": 0.96051740057561747259256385970520100493506237641011,
  "confiabilidade_total": 0.96051740057561747259256385970520100493506237641011
}
 
Individuo 36:
{
  "Posicao": [6 7 9 5 6]
             [1 1 2 1 1],
  "Velocidade": [0. 0. 0. 0. 0.]
                [0. 0. 0. 0. 0.],
  "funcao_objetivo": 0.96018030051194434490330786626975643584255069050069,
  "confiabilidade_total": 0.96018030051194434490330786626975643584255069050069
}
 
Individuo 37:
{
  "Posicao": [3 7 2 0 8]
             [1 1 1 1 2],
  "Velocidade": [0. 0. 0. 0. 0.]
                [0. 0. 0. 0. 0.],
  "funcao_objetivo": 0.95961724022351929181154076844500632118320521777440,
  "confiabilidade_total": 0.95961724022351929181154076844500632118320521777440
}
 
Individuo 38:
{
  "Posicao": [0 3 7 3 5]
             [1 1 1 1 2],
  "Velocidade": [0. 0. 0. 0. 0.]
                [0. 0. 0. 0. 0.],
  "funcao_objetivo": 0.95714080073563600376051528713952470469981839550132,
  "confiabilidade_total": 0.95714080073563600376051528713952470469981839550132
}
 
Individuo 39:
{
  "Posicao": [2 0 8 3 2]
             [1 1 1 1 1],
  "Velocidade": [0. 0. 0. 0. 0.]
                [0. 0. 0. 0. 0.],
  "funcao_objetivo": 0.95522755652886095046588805574767427515850297610620,
  "confiabilidade_total": 0.95522755652886095046588805574767427515850297610620
}
 
Individuo 40:
{
  "Posicao": [0 9 1 5 6]
             [1 1 1 1 2],
  "Velocidade": [0. 0. 0. 0. 0.]
                [0. 0. 0. 0. 0.],
  "funcao_objetivo": 0.95356685748580126521894004938937397607841649171487,
  "confiabilidade_total": 0.95356685748580126521894004938937397607841649171487
}
 
Individuo 41:
{
  "Posicao": [6 7 5 2 5]
             [1 1 1 1 3],
  "Velocidade": [0. 0. 0. 0. 0.]
                [0. 0. 0. 0. 0.],
  "funcao_objetivo": 0.94793471982050283704847594119024536931607937321836,
  "confiabilidade_total": 0.94793471982050283704847594119024536931607937321836
}
 
Individuo 42:
{
  "Posicao": [2 4 9 5 5]
             [1 1 1 1 2],
  "Velocidade": [0. 0. 0. 0. 0.]
                [0. 0. 0. 0. 0.],
  "funcao_objetivo": 0.94704571623955844506127438158886410922353200498588,
  "confiabilidade_total": 0.94704571623955844506127438158886410922353200498588
}
 
Individuo 43:
{
  "Posicao": [4 4 2 6 9]
             [1 1 1 1 1],
  "Velocidade": [0. 0. 0. 0. 0.]
                [0. 0. 0. 0. 0.],
  "funcao_objetivo": 0.94563522479754254551739172836032429874510325818684,
  "confiabilidade_total": 0.94563522479754254551739172836032429874510325818684
}
 
Individuo 44:
{
  "Posicao": [5 2 6 6 0]
             [1 1 1 1 1],
  "Velocidade": [0. 0. 0. 0. 0.]
                [0. 0. 0. 0. 0.],
  "funcao_objetivo": 0.94435950529188908268308528601264031293885731305115,
  "confiabilidade_total": 0.94435950529188908268308528601264031293885731305115
}
 
Individuo 45:
{
  "Posicao": [4 7 3 3 7]
             [1 1 1 1 1],
  "Velocidade": [0. 0. 0. 0. 0.]
                [0. 0. 0. 0. 0.],
  "funcao_objetivo": 0.94382365227291691962415969903821834983006478421827,
  "confiabilidade_total": 0.94382365227291691962415969903821834983006478421827
}
 
Individuo 46:
{
  "Posicao": [9 7 2 9 3]
             [1 1 1 1 2],
  "Velocidade": [0. 0. 0. 0. 0.]
                [0. 0. 0. 0. 0.],
  "funcao_objetivo": 0.94175493775715641414894337098577969004984009251397,
  "confiabilidade_total": 0.94175493775715641414894337098577969004984009251397
}
 
Individuo 47:
{
  "Posicao": [3 4 4 8 9]
             [1 1 1 1 1],
  "Velocidade": [0. 0. 0. 0. 0.]
                [0. 0. 0. 0. 0.],
  "funcao_objetivo": 0.94151795089746084740010424847198662357487360629855,
  "confiabilidade_total": 0.94151795089746084740010424847198662357487360629855
}
 
Individuo 48:
{
  "Posicao": [5 6 4 7 3]
             [1 1 1 1 1],
  "Velocidade": [0. 0. 0. 0. 0.]
                [0. 0. 0. 0. 0.],
  "funcao_objetivo": 0.93863172931111245313066816532802241281087503521004,
  "confiabilidade_total": 0.93863172931111245313066816532802241281087503521004
}
 
Individuo 49:
{
  "Posicao": [5 9 5 8 0]
             [1 1 1 1 1],
  "Velocidade": [0. 0. 0. 0. 0.]
                [0. 0. 0. 0. 0.],
  "funcao_objetivo": 0.93393366062771386874816579089494938307841361323196,
  "confiabilidade_total": 0.93393366062771386874816579089494938307841361323196
}
 
Individuo 50:
{
  "Posicao": [7 9 6 8 1]
             [1 1 1 1 1],
  "Velocidade": [0. 0. 0. 0. 0.]
                [0. 0. 0. 0. 0.],
  "funcao_objetivo": 0.93275446011174665555020956571278222330353616202124,
  "confiabilidade_total": 0.93275446011174665555020956571278222330353616202124
}
 
-----------------------------------------
Populacao final da era:
Individuo 1:
{
  "Posicao": [7. 8. 2. 5. 7.]
             [1. 1. 2. 2. 1.],
  "Velocidade": [0. 0. 0. 0. 0.]
                [0. 0. 0. 0. 0.],
  "funcao_objetivo": 0.99047873618975393944664366599389353370007153452172,
  "confiabilidade_total": 0.99047873618975393944664366599389353370007153452172
}
 
Individuo 2:
{
  "Posicao": [7. 8. 2. 2. 6.]
             [2. 1. 1. 2. 1.],
  "Velocidade": [0.         0.         0.         1.23655535 0.61827767]
                [-0.30913884  0.          0.30913884  0.          0.        ],
  "funcao_objetivo": 0.89618316331046076766261189709819855070957965608015,
  "confiabilidade_total": 0.98859982997712745627468701718879283308336562867536
}
 
Individuo 3:
{
  "Posicao": [6. 7. 1. 5. 7.]
             [1. 1. 2. 2. 1.],
  "Velocidade": [1.27633273 1.27633273 1.27633273 0.         0.        ]
                [-0.63816637  0.          0.63816637  0.          0.        ],
  "funcao_objetivo": 0.99114883952773279816354983437474586058014485681667,
  "confiabilidade_total": 0.99114883952773279816354983437474586058014485681667
}
 
Individuo 4:
{
  "Posicao": [9. 9. 3. 4. 9.]
             [1. 1. 2. 2. 1.],
  "Velocidade": [ 9.38869585  2.68248453  2.68248453 -2.68248453  8.04745359]
                [0.         0.         1.34124226 0.         0.        ],
  "funcao_objetivo": 0.71021209272070122679116111343177818335462166926960,
  "confiabilidade_total": 0.98956209272070120012360406193551808237898900172810
}
 
Individuo 5:
{
  "Posicao": [5. 7. 3. 4. 5.]
             [1. 1. 2. 2. 1.],
  "Velocidade": [ 5.19104865  3.70789189 -3.70789189  2.22473514  4.44947027]
                [ 0.         -0.74157838  0.74157838  0.74157838  0.        ],
  "funcao_objetivo": 0.86216590399827506600452782192913383103594161004151,
  "confiabilidade_total": 0.99058257066494171720208701215195270113334036797608
}
 
Individuo 6:
{
  "Posicao": [7. 7. 3. 4. 7.]
             [1. 1. 2. 2. 1.],
  "Velocidade": [-0.75464314  4.52785881 -3.77321568  3.77321568 -0.75464314]
                [-0.75464314  0.          0.75464314  0.75464314  0.        ],
  "funcao_objetivo": 0.87176359054482269388943381964496596673398795778882,
  "confiabilidade_total": 0.99051359054482268833831869651918326461582961733472
}
 
Individuo 7:
{
  "Posicao": [2. 5. 2. 0. 8.]
             [2. 1. 1. 1. 1.],
  "Velocidade": [ 0.2731249   0.16387494  0.          0.2731249  -0.05462498]
                [-0.05462498  0.          0.05462498  0.05462498  0.        ],
  "funcao_objetivo": 0.97499980316486450337374785518629897511060074736102,
  "confiabilidade_total": 0.97499980316486450337374785518629897511060074736102
}
 
Individuo 8:
{
  "Posicao": [7. 9. 0. 6. 7.]
             [1. 1. 2. 2. 1.],
  "Velocidade": [-1.35680911 10.85447287 -6.78404554  2.71361822  1.35680911]
                [-1.35680911  0.          1.35680911  1.35680911  0.        ],
  "funcao_objetivo": 0.88645015988808954842547067867648361100636379102541,
  "confiabilidade_total": 0.99150015988808940719399971611032010371617929319216
}
 
Individuo 9:
{
  "Posicao": [3. 7. 6. 2. 5.]
             [1. 1. 2. 1. 1.],
  "Velocidade": [ 2.56072963  0.73163704 -2.19491111  1.46327407  1.09745556]
                [0.         0.         0.         0.36581852 0.        ],
  "funcao_objetivo": 0.96857682209025221940931559052981775605555210218423,
  "confiabilidade_total": 0.96857682209025221940931559052981775605555210218423
}
 
Individuo 10:
{
  "Posicao": [5. 7. 3. 5. 6.]
             [1. 1. 2. 2. 1.],
  "Velocidade": [ 4.75918319  2.03964994 -2.71953325  0.          2.03964994]
                [0.         0.         0.67988331 0.         0.        ],
  "funcao_objetivo": 0.96761794365437163195784730416536147649772855388530,
  "confiabilidade_total": 0.98978461032103839001437261455949736236967536556133
}
 
Individuo 11:
{
  "Posicao": [2. 8. 5. 9. 5.]
             [1. 2. 1. 1. 2.],
  "Velocidade": [ 0.74110757  0.         -0.37055378 -0.49407171  0.24703586]
                [ 0.         -0.12351793  0.12351793  0.12351793 -0.12351793],
  "funcao_objetivo": 0.97018171360131129653072187864918985882996444333623,
  "confiabilidade_total": 0.97018171360131129653072187864918985882996444333623
}
 
Individuo 12:
{
  "Posicao": [7. 9. 2. 7. 8.]
             [1. 1. 1. 3. 1.],
  "Velocidade": [ 0.         -0.33944309  0.         -1.01832928 -0.33944309]
                [ 0.          0.          0.33944309 -0.33944309  0.        ],
  "funcao_objetivo": 0.97159886614414460354034185670735070663686109320231,
  "confiabilidade_total": 0.97159886614414460354034185670735070663686109320231
}
 
Individuo 13:
{
  "Posicao": [4. 9. 2. 3. 4.]
             [2. 1. 1. 1. 1.],
  "Velocidade": [ 2.76740781 -0.46123464  0.          1.84493854  2.76740781]
                [-0.46123464  0.          0.46123464  0.46123464  0.        ],
  "funcao_objetivo": 0.84290499926829971126482924754215013082872900638239,
  "confiabilidade_total": 0.96407166593496631438973147149569080058287653598444
}
 
Individuo 14:
{
  "Posicao": [7. 8. 2. 5. 7.]
             [1. 1. 2. 2. 1.],
  "Velocidade": [ 7.1185013   7.1185013  -5.08464379 -4.06771503  0.        ]
                [-1.01692876  0.          1.01692876  1.01692876  0.        ],
  "funcao_objetivo": 0.99047873618975393944664366599389353370007153452172,
  "confiabilidade_total": 0.99047873618975393944664366599389353370007153452172
}
 
Individuo 15:
{
  "Posicao": [6. 7. 2. 5. 7.]
             [1. 1. 2. 2. 1.],
  "Velocidade": [ 2.35090415  2.35090415 -0.78363472  0.          1.56726944]
                [ 0.          0.          0.78363472  0.         -0.78363472],
  "funcao_objetivo": 0.96369645716684491930296426112451051582457471595391,
  "confiabilidade_total": 0.99069645716684499532548587233210462133275318847283
}
 
Individuo 16:
{
  "Posicao": [8. 9. 0. 5. 8.]
             [1. 1. 2. 2. 1.],
  "Velocidade": [ 4.23162372  9.87378869 -9.87378869 -1.41054124  2.82108248]
                [-1.41054124  0.          1.41054124  1.41054124  0.        ],
  "funcao_objetivo": 0.99138612139113377379888785717806351870204943412355,
  "confiabilidade_total": 0.99138612139113377379888785717806351870204943412355
}
 
Individuo 17:
{
  "Posicao": [3. 5. 7. 2. 3.]
             [1. 1. 1. 2. 1.],
  "Velocidade": [ 1.52715537  1.01810358 -1.78168126  1.01810358  1.27262947]
                [0.         0.         0.25452589 0.         0.        ],
  "funcao_objetivo": 0.96641091305637395103509664129087624973435985891971,
  "confiabilidade_total": 0.96641091305637395103509664129087624973435985891971
}
 
Individuo 18:
{
  "Posicao": [6. 8. 2. 6. 7.]
             [1. 1. 2. 2. 1.],
  "Velocidade": [ 1.06197718 -0.53098859  0.         -1.59296577 -0.53098859]
                [ 0.         -0.53098859  0.53098859  0.53098859 -0.53098859],
  "funcao_objetivo": 0.87176560192618612561243602703827812580135148289429,
  "confiabilidade_total": 0.99051560192618612006132090391249542368319314244019
}
 
Individuo 19:
{
  "Posicao": [7. 7. 2. 6. 3.]
             [1. 1. 1. 2. 1.],
  "Velocidade": [ 0.          0.34029452  0.         -0.34029452  2.04176713]
                [0.         0.         0.34029452 0.         0.        ],
  "funcao_objetivo": 0.96808231781614520270498726048492475181486544857615,
  "confiabilidade_total": 0.96808231781614520270498726048492475181486544857615
}
 
Individuo 20:
{
  "Posicao": [9. 9. 1. 4. 6.]
             [1. 1. 2. 2. 1.],
  "Velocidade": [ 8.17530067  4.08765034 -4.08765034 -5.45020045 -2.72510022]
                [ 0.         -1.36255011  1.36255011  1.36255011  0.        ],
  "funcao_objetivo": 0.76474169769583319300279505220911020230308520508937,
  "confiabilidade_total": 0.99120836436250002981854172951185106582746255112818
}
 
Individuo 21:
{
  "Posicao": [8. 8. 1. 4. 6.]
             [1. 1. 2. 2. 1.],
  "Velocidade": [ 2.56735068  1.28367534 -5.13470136 -3.85102602 -2.56735068]
                [ 0.         -1.28367534  1.28367534  0.          0.        ],
  "funcao_objetivo": 0.88433076475891592883694778181114547891619934660612,
  "confiabilidade_total": 0.99166409809224922334948268741817178210321201903044
}
 
Individuo 22:
{
  "Posicao": [8. 9. 1. 6. 9.]
             [1. 1. 2. 2. 1.],
  "Velocidade": [ 5.03099985  2.51549993 -6.28874982  5.03099985  8.80424974]
                [ 0.         -1.25774996  1.25774996  1.25774996  0.        ],
  "funcao_objetivo": 0.89504409898507614628849612173970061459712965047303,
  "confiabilidade_total": 0.99041076565174257245495045068954030622862560307923
}
 
Individuo 23:
{
  "Posicao": [4. 5. 8. 2. 5.]
             [2. 1. 1. 1. 1.],
  "Velocidade": [ 0.31708541  0.31708541 -0.73986597  0.31708541  0.21139028]
                [-0.10569514  0.          0.10569514  0.10569514  0.        ],
  "funcao_objetivo": 0.96764868388176207869098695048951969275778140746428,
  "confiabilidade_total": 0.96764868388176207869098695048951969275778140746428
}
 
Individuo 24:
{
  "Posicao": [7. 8. 2. 5. 7.]
             [1. 1. 2. 2. 1.],
  "Velocidade": [-0.80834895  0.80834895  0.         -1.6166979  -0.80834895]
                [ 0.          0.          0.          0.80834895 -0.80834895],
  "funcao_objetivo": 0.99047873618975393944664366599389353370007153452172,
  "confiabilidade_total": 0.99047873618975393944664366599389353370007153452172
}
 
Individuo 25:
{
  "Posicao": [6. 6. 4. 6. 7.]
             [1. 1. 2. 2. 1.],
  "Velocidade": [ 1.71230096  2.85383494 -2.85383494 -1.14153398  0.        ]
                [-0.57076699  0.          0.57076699  0.57076699  0.        ],
  "funcao_objetivo": 0.80848743093293107857129254700940425580428343880917,
  "confiabilidade_total": 0.98957076426626431368689563517055564632700186837460
}
 
Individuo 26:
{
  "Posicao": [5. 7. 6. 4. 3.]
             [1. 1. 2. 1. 1.],
  "Velocidade": [ 1.12265137  0.37421712 -2.61951987  0.37421712  2.61951987]
                [0.         0.         0.         0.37421712 0.        ],
  "funcao_objetivo": 0.96418270321460167930126539400385543827090747744001,
  "confiabilidade_total": 0.96418270321460167930126539400385543827090747744001
}
 
Individuo 27:
{
  "Posicao": [7. 9. 2. 6. 8.]
             [1. 1. 2. 2. 1.],
  "Velocidade": [-1.46834328  2.93668655 -1.46834328  2.93668655  2.93668655]
                [0.         0.         1.46834328 0.         0.        ],
  "funcao_objetivo": 0.88479237455602918533632142977570745572152738644409,
  "confiabilidade_total": 0.99012570788936264460595318975596435777547960354614
}
 
Individuo 28:
{
  "Posicao": [7. 9. 1. 4. 9.]
             [1. 1. 2. 2. 1.],
  "Velocidade": [-1.44446984  4.33340952 -2.88893968 -2.88893968  8.66681904]
                [0.         0.         1.44446984 0.         0.        ],
  "funcao_objetivo": 0.78915488837298033668019398572966256001260084547027,
  "confiabilidade_total": 0.99140488837298047468091594663662053467001718915923
}
 
Individuo 29:
{
  "Posicao": [5. 5. 2. 4. 4.]
             [1. 1. 2. 2. 1.],
  "Velocidade": [3.57546552 4.76728736 0.         1.19182184 4.17137644]
                [0.         0.         0.59591092 0.59591092 0.        ],
  "funcao_objetivo": 0.77355918573664846415969883105087089941774153277915,
  "confiabilidade_total": 0.99164251906998192642693275751905046061549925372642
}
 
Individuo 30:
{
  "Posicao": [9. 8. 5. 4. 1.]
             [2. 1. 1. 1. 1.],
  "Velocidade": [-0.28672579  0.         -0.43008868  0.14336289  1.00354026]
                [-0.14336289  0.          0.14336289  0.14336289  0.        ],
  "funcao_objetivo": 0.96245474144896617145559441832196243710339677142854,
  "confiabilidade_total": 0.96245474144896617145559441832196243710339677142854
}
 
Individuo 31:
{
  "Posicao": [9. 9. 2. 4. 7.]
             [1. 1. 2. 2. 1.],
  "Velocidade": [ 7.4121278   4.44727668 -1.48242556 -4.44727668  0.        ]
                [-1.48242556  0.          1.48242556  1.48242556  0.        ],
  "funcao_objetivo": 0.79128140253148059489996194441676886415753739349456,
  "confiabilidade_total": 0.99069806919814730915818893334847923031721489898772
}
 
Individuo 32:
{
  "Posicao": [5. 4. 7. 6. 7.]
             [1. 2. 1. 1. 1.],
  "Velocidade": [ 0.0096213   0.01924261 -0.02405326 -0.00481065  0.        ]
                [ 0.         -0.00481065  0.00481065  0.00481065  0.        ],
  "funcao_objetivo": 0.96202753382468321829346711246605175920470526357270,
  "confiabilidade_total": 0.96202753382468321829346711246605175920470526357270
}
 
Individuo 33:
{
  "Posicao": [6. 6. 5. 5. 4.]
             [1. 2. 1. 1. 1.],
  "Velocidade": [ 0.45501313  1.3650394  -2.7300788   0.          2.7300788 ]
                [ 0.         -0.45501313  0.45501313  0.45501313  0.        ],
  "funcao_objetivo": 0.96200398787033719556964095099384459609172310928994,
  "confiabilidade_total": 0.96200398787033719556964095099384459609172310928994
}
 
Individuo 34:
{
  "Posicao": [7. 8. 3. 5. 7.]
             [1. 1. 2. 2. 1.],
  "Velocidade": [-0.792668    1.58533601 -3.96334002  0.792668    0.        ]
                [0.       0.       0.792668 0.       0.      ],
  "funcao_objetivo": 0.98953675592102949321461231800747911440669292114579,
  "confiabilidade_total": 0.98953675592102949321461231800747911440669292114579
}
 
Individuo 35:
{
  "Posicao": [7. 9. 0. 4. 8.]
             [1. 1. 2. 2. 1.],
  "Velocidade": [ 1.26570006  2.53140012 -7.59420037 -2.53140012  5.06280024]
                [0.         0.         1.26570006 0.         0.        ],
  "funcao_objetivo": 0.80304337720353286556750440387381648062059675511524,
  "confiabilidade_total": 0.99234337720353279222617139713597542023548876103565
}
 
Individuo 36:
{
  "Posicao": [7. 8. 3. 5. 7.]
             [1. 1. 2. 2. 1.],
  "Velocidade": [ 0.86403843  0.86403843 -6.048269    0.          0.86403843]
                [0.         0.         0.         0.86403843 0.        ],
  "funcao_objetivo": 0.98953675592102949321461231800747911440669292114579,
  "confiabilidade_total": 0.98953675592102949321461231800747911440669292114579
}
 
Individuo 37:
{
  "Posicao": [4. 7. 2. 1. 8.]
             [1. 1. 1. 1. 2.],
  "Velocidade": [ 0.59000125  0.14750031  0.          0.73750156 -0.14750031]
                [ 0.          0.          0.14750031  0.14750031 -0.14750031],
  "funcao_objetivo": 0.95583236492665975730724667922758529103856219844242,
  "confiabilidade_total": 0.95583236492665975730724667922758529103856219844242
}
 
Individuo 38:
{
  "Posicao": [9. 9. 0. 6. 8.]
             [1. 1. 2. 2. 1.],
  "Velocidade": [10.20531871  7.28951337 -7.28951337  2.91580535  2.91580535]
                [ 0.          0.          1.45790267  1.45790267 -1.45790267],
  "funcao_objetivo": 0.83248858071171762866004299075078974297069295943516,
  "confiabilidade_total": 0.99122191404505097298828501128859001496605857909458
}
 
Individuo 39:
{
  "Posicao": [6. 7. 3. 5. 6.]
             [1. 1. 2. 2. 1.],
  "Velocidade": [ 4.27893528  6.84629645 -5.13472234  1.71157411  4.27893528]
                [0.         0.         0.85578706 0.85578706 0.        ],
  "funcao_objetivo": 0.92353182113013889923990093820976990782030498862843,
  "confiabilidade_total": 0.98978182113013891644835781989969628438659584403614
}
 
Individuo 40:
{
  "Posicao": [1. 9. 1. 5. 6.]
             [1. 1. 1. 1. 2.],
  "Velocidade": [ 0.70108474 -0.10015496  0.10015496  0.          0.10015496]
                [ 0.          0.          0.10015496  0.10015496 -0.10015496],
  "funcao_objetivo": 0.95119171118412616681942809405480121499300586629503,
  "confiabilidade_total": 0.95119171118412616681942809405480121499300586629503
}
 
Individuo 41:
{
  "Posicao": [7. 8. 1. 6. 8.]
             [1. 1. 2. 2. 1.],
  "Velocidade": [ 1.29866904  1.29866904 -3.89600712  3.89600712  2.59733808]
                [ 0.          0.          1.29866904  1.29866904 -2.59733808],
  "funcao_objetivo": 0.99089406833224312196193394532300485387075799330803,
  "confiabilidade_total": 0.99089406833224312196193394532300485387075799330803
}
 
Individuo 42:
{
  "Posicao": [5. 6. 5. 5. 6.]
             [1. 1. 2. 2. 1.],
  "Velocidade": [ 2.67755151  2.14204121 -3.74857211  0.          1.0710206 ]
                [ 0.         0.         0.5355103  0.5355103 -0.5355103],
  "funcao_objetivo": 0.98880792898368278664328960647204394237416930545989,
  "confiabilidade_total": 0.98880792898368278664328960647204394237416930545989
}
 
Individuo 43:
{
  "Posicao": [8. 9. 2. 5. 6.]
             [1. 1. 2. 2. 1.],
  "Velocidade": [ 3.81918125  5.09224166  0.         -1.27306042 -2.54612083]
                [0.         0.         1.27306042 1.27306042 0.        ],
  "funcao_objetivo": 0.92397738483409866888776829752109678712724225407999,
  "confiabilidade_total": 0.99006071816743194064073119831241401162980573064249
}
 
Individuo 44:
{
  "Posicao": [7. 9. 1. 5. 9.]
             [1. 1. 2. 2. 1.],
  "Velocidade": [ 2.48168664  7.44505992 -4.96337328 -1.24084332  8.68590324]
                [0.         0.         1.24084332 1.24084332 0.        ],
  "funcao_objetivo": 0.98513222773256016884251572645402914582181121100965,
  "confiabilidade_total": 0.99053222773256008933111826036188061203237022151533
}
 
Individuo 45:
{
  "Posicao": [6. 8. 2. 4. 7.]
             [1. 1. 2. 2. 1.],
  "Velocidade": [ 1.91443381  0.6381446  -0.6381446   1.27628921  0.        ]
                [0.        0.        0.6381446 0.6381446 0.       ],
  "funcao_objetivo": 0.81042845861961316259971645573225181091510863621841,
  "confiabilidade_total": 0.99134512528627988818221829584055888939582915623794
}
 
Individuo 46:
{
  "Posicao": [9. 7. 2. 9. 3.]
             [1. 1. 1. 1. 2.],
  "Velocidade": [-0.16186838  0.08093419  0.         -0.32373676  0.32373676]
                [ 0.          0.          0.08093419  0.08093419 -0.08093419],
  "funcao_objetivo": 0.94175493775715641414894337098577969004984009251397,
  "confiabilidade_total": 0.94175493775715641414894337098577969004984009251397
}
 
Individuo 47:
{
  "Posicao": [3. 4. 4. 8. 9.]
             [1. 1. 1. 1. 1.],
  "Velocidade": [ 0.33058011  0.33058011 -0.16529005 -0.24793508 -0.16529005]
                [0.         0.         0.08264503 0.08264503 0.        ],
  "funcao_objetivo": 0.94151795089746084740010424847198662357487360629855,
  "confiabilidade_total": 0.94151795089746084740010424847198662357487360629855
}
 
Individuo 48:
{
  "Posicao": [8. 9. 1. 4. 8.]
             [1. 1. 2. 2. 1.],
  "Velocidade": [ 2.68568704  2.68568704 -2.68568704 -2.68568704  5.37137408]
                [0.         0.         1.34284352 1.34284352 0.        ],
  "funcao_objetivo": 0.87673795001447768816574399262273932356184187501340,
  "confiabilidade_total": 0.99135461668114436388257868169214038891514602273373
}
 
Individuo 49:
{
  "Posicao": [5. 9. 5. 8. 0.]
             [1. 1. 1. 1. 1.],
  "Velocidade": [ 0.12060038 -0.06030019 -0.18090057 -0.18090057  0.42210134]
                [0.         0.         0.06030019 0.06030019 0.        ],
  "funcao_objetivo": 0.93393366062771386874816579089494938307841361323196,
  "confiabilidade_total": 0.93393366062771386874816579089494938307841361323196
}
 
Individuo 50:
{
  "Posicao": [7. 8. 3. 6. 6.]
             [1. 1. 2. 2. 1.],
  "Velocidade": [ 0.         -0.78854178 -3.15416714 -2.36562535  4.7312507 ]
                [0.         0.         0.78854178 0.78854178 0.        ],
  "funcao_objetivo": 0.88046099147845404606609548389532148613590461862533,
  "confiabilidade_total": 0.98954432481178741152188166304985072239298088205306
}
 
-----------------------------------------
-----------------------------------------
-----------------------------------------
-----------------------------------------
GERACAO 2
Populacao antes da execucao:
Individuo 1:
{
  "Posicao": [7. 8. 2. 5. 7.]
             [1. 1. 2. 2. 1.],
  "Velocidade": [0. 0. 0. 0. 0.]
                [0. 0. 0. 0. 0.],
  "funcao_objetivo": 0.99047873618975393944664366599389353370007153452172,
  "confiabilidade_total": 0.99047873618975393944664366599389353370007153452172
}
 
Individuo 2:
{
  "Posicao": [7. 8. 2. 2. 6.]
             [2. 1. 1. 2. 1.],
  "Velocidade": [0.         0.         0.         1.23655535 0.61827767]
                [-0.30913884  0.          0.30913884  0.          0.        ],
  "funcao_objetivo": 0.89618316331046076766261189709819855070957965608015,
  "confiabilidade_total": 0.98859982997712745627468701718879283308336562867536
}
 
Individuo 3:
{
  "Posicao": [6. 7. 1. 5. 7.]
             [1. 1. 2. 2. 1.],
  "Velocidade": [1.27633273 1.27633273 1.27633273 0.         0.        ]
                [-0.63816637  0.          0.63816637  0.          0.        ],
  "funcao_objetivo": 0.99114883952773279816354983437474586058014485681667,
  "confiabilidade_total": 0.99114883952773279816354983437474586058014485681667
}
 
Individuo 4:
{
  "Posicao": [9. 9. 3. 4. 9.]
             [1. 1. 2. 2. 1.],
  "Velocidade": [ 9.38869585  2.68248453  2.68248453 -2.68248453  8.04745359]
                [0.         0.         1.34124226 0.         0.        ],
  "funcao_objetivo": 0.71021209272070122679116111343177818335462166926960,
  "confiabilidade_total": 0.98956209272070120012360406193551808237898900172810
}
 
Individuo 5:
{
  "Posicao": [5. 7. 3. 4. 5.]
             [1. 1. 2. 2. 1.],
  "Velocidade": [ 5.19104865  3.70789189 -3.70789189  2.22473514  4.44947027]
                [ 0.         -0.74157838  0.74157838  0.74157838  0.        ],
  "funcao_objetivo": 0.86216590399827506600452782192913383103594161004151,
  "confiabilidade_total": 0.99058257066494171720208701215195270113334036797608
}
 
Individuo 6:
{
  "Posicao": [7. 7. 3. 4. 7.]
             [1. 1. 2. 2. 1.],
  "Velocidade": [-0.75464314  4.52785881 -3.77321568  3.77321568 -0.75464314]
                [-0.75464314  0.          0.75464314  0.75464314  0.        ],
  "funcao_objetivo": 0.87176359054482269388943381964496596673398795778882,
  "confiabilidade_total": 0.99051359054482268833831869651918326461582961733472
}
 
Individuo 7:
{
  "Posicao": [2. 5. 2. 0. 8.]
             [2. 1. 1. 1. 1.],
  "Velocidade": [ 0.2731249   0.16387494  0.          0.2731249  -0.05462498]
                [-0.05462498  0.          0.05462498  0.05462498  0.        ],
  "funcao_objetivo": 0.97499980316486450337374785518629897511060074736102,
  "confiabilidade_total": 0.97499980316486450337374785518629897511060074736102
}
 
Individuo 8:
{
  "Posicao": [7. 9. 0. 6. 7.]
             [1. 1. 2. 2. 1.],
  "Velocidade": [-1.35680911 10.85447287 -6.78404554  2.71361822  1.35680911]
                [-1.35680911  0.          1.35680911  1.35680911  0.        ],
  "funcao_objetivo": 0.88645015988808954842547067867648361100636379102541,
  "confiabilidade_total": 0.99150015988808940719399971611032010371617929319216
}
 
Individuo 9:
{
  "Posicao": [3. 7. 6. 2. 5.]
             [1. 1. 2. 1. 1.],
  "Velocidade": [ 2.56072963  0.73163704 -2.19491111  1.46327407  1.09745556]
                [0.         0.         0.         0.36581852 0.        ],
  "funcao_objetivo": 0.96857682209025221940931559052981775605555210218423,
  "confiabilidade_total": 0.96857682209025221940931559052981775605555210218423
}
 
Individuo 10:
{
  "Posicao": [5. 7. 3. 5. 6.]
             [1. 1. 2. 2. 1.],
  "Velocidade": [ 4.75918319  2.03964994 -2.71953325  0.          2.03964994]
                [0.         0.         0.67988331 0.         0.        ],
  "funcao_objetivo": 0.96761794365437163195784730416536147649772855388530,
  "confiabilidade_total": 0.98978461032103839001437261455949736236967536556133
}
 
Individuo 11:
{
  "Posicao": [2. 8. 5. 9. 5.]
             [1. 2. 1. 1. 2.],
  "Velocidade": [ 0.74110757  0.         -0.37055378 -0.49407171  0.24703586]
                [ 0.         -0.12351793  0.12351793  0.12351793 -0.12351793],
  "funcao_objetivo": 0.97018171360131129653072187864918985882996444333623,
  "confiabilidade_total": 0.97018171360131129653072187864918985882996444333623
}
 
Individuo 12:
{
  "Posicao": [7. 9. 2. 7. 8.]
             [1. 1. 1. 3. 1.],
  "Velocidade": [ 0.         -0.33944309  0.         -1.01832928 -0.33944309]
                [ 0.          0.          0.33944309 -0.33944309  0.        ],
  "funcao_objetivo": 0.97159886614414460354034185670735070663686109320231,
  "confiabilidade_total": 0.97159886614414460354034185670735070663686109320231
}
 
Individuo 13:
{
  "Posicao": [4. 9. 2. 3. 4.]
             [2. 1. 1. 1. 1.],
  "Velocidade": [ 2.76740781 -0.46123464  0.          1.84493854  2.76740781]
                [-0.46123464  0.          0.46123464  0.46123464  0.        ],
  "funcao_objetivo": 0.84290499926829971126482924754215013082872900638239,
  "confiabilidade_total": 0.96407166593496631438973147149569080058287653598444
}
 
Individuo 14:
{
  "Posicao": [7. 8. 2. 5. 7.]
             [1. 1. 2. 2. 1.],
  "Velocidade": [ 7.1185013   7.1185013  -5.08464379 -4.06771503  0.        ]
                [-1.01692876  0.          1.01692876  1.01692876  0.        ],
  "funcao_objetivo": 0.99047873618975393944664366599389353370007153452172,
  "confiabilidade_total": 0.99047873618975393944664366599389353370007153452172
}
 
Individuo 15:
{
  "Posicao": [6. 7. 2. 5. 7.]
             [1. 1. 2. 2. 1.],
  "Velocidade": [ 2.35090415  2.35090415 -0.78363472  0.          1.56726944]
                [ 0.          0.          0.78363472  0.         -0.78363472],
  "funcao_objetivo": 0.96369645716684491930296426112451051582457471595391,
  "confiabilidade_total": 0.99069645716684499532548587233210462133275318847283
}
 
Individuo 16:
{
  "Posicao": [8. 9. 0. 5. 8.]
             [1. 1. 2. 2. 1.],
  "Velocidade": [ 4.23162372  9.87378869 -9.87378869 -1.41054124  2.82108248]
                [-1.41054124  0.          1.41054124  1.41054124  0.        ],
  "funcao_objetivo": 0.99138612139113377379888785717806351870204943412355,
  "confiabilidade_total": 0.99138612139113377379888785717806351870204943412355
}
 
Individuo 17:
{
  "Posicao": [3. 5. 7. 2. 3.]
             [1. 1. 1. 2. 1.],
  "Velocidade": [ 1.52715537  1.01810358 -1.78168126  1.01810358  1.27262947]
                [0.         0.         0.25452589 0.         0.        ],
  "funcao_objetivo": 0.96641091305637395103509664129087624973435985891971,
  "confiabilidade_total": 0.96641091305637395103509664129087624973435985891971
}
 
Individuo 18:
{
  "Posicao": [6. 8. 2. 6. 7.]
             [1. 1. 2. 2. 1.],
  "Velocidade": [ 1.06197718 -0.53098859  0.         -1.59296577 -0.53098859]
                [ 0.         -0.53098859  0.53098859  0.53098859 -0.53098859],
  "funcao_objetivo": 0.87176560192618612561243602703827812580135148289429,
  "confiabilidade_total": 0.99051560192618612006132090391249542368319314244019
}
 
Individuo 19:
{
  "Posicao": [7. 7. 2. 6. 3.]
             [1. 1. 1. 2. 1.],
  "Velocidade": [ 0.          0.34029452  0.         -0.34029452  2.04176713]
                [0.         0.         0.34029452 0.         0.        ],
  "funcao_objetivo": 0.96808231781614520270498726048492475181486544857615,
  "confiabilidade_total": 0.96808231781614520270498726048492475181486544857615
}
 
Individuo 20:
{
  "Posicao": [9. 9. 1. 4. 6.]
             [1. 1. 2. 2. 1.],
  "Velocidade": [ 8.17530067  4.08765034 -4.08765034 -5.45020045 -2.72510022]
                [ 0.         -1.36255011  1.36255011  1.36255011  0.        ],
  "funcao_objetivo": 0.76474169769583319300279505220911020230308520508937,
  "confiabilidade_total": 0.99120836436250002981854172951185106582746255112818
}
 
Individuo 21:
{
  "Posicao": [8. 8. 1. 4. 6.]
             [1. 1. 2. 2. 1.],
  "Velocidade": [ 2.56735068  1.28367534 -5.13470136 -3.85102602 -2.56735068]
                [ 0.         -1.28367534  1.28367534  0.          0.        ],
  "funcao_objetivo": 0.88433076475891592883694778181114547891619934660612,
  "confiabilidade_total": 0.99166409809224922334948268741817178210321201903044
}
 
Individuo 22:
{
  "Posicao": [8. 9. 1. 6. 9.]
             [1. 1. 2. 2. 1.],
  "Velocidade": [ 5.03099985  2.51549993 -6.28874982  5.03099985  8.80424974]
                [ 0.         -1.25774996  1.25774996  1.25774996  0.        ],
  "funcao_objetivo": 0.89504409898507614628849612173970061459712965047303,
  "confiabilidade_total": 0.99041076565174257245495045068954030622862560307923
}
 
Individuo 23:
{
  "Posicao": [4. 5. 8. 2. 5.]
             [2. 1. 1. 1. 1.],
  "Velocidade": [ 0.31708541  0.31708541 -0.73986597  0.31708541  0.21139028]
                [-0.10569514  0.          0.10569514  0.10569514  0.        ],
  "funcao_objetivo": 0.96764868388176207869098695048951969275778140746428,
  "confiabilidade_total": 0.96764868388176207869098695048951969275778140746428
}
 
Individuo 24:
{
  "Posicao": [7. 8. 2. 5. 7.]
             [1. 1. 2. 2. 1.],
  "Velocidade": [-0.80834895  0.80834895  0.         -1.6166979  -0.80834895]
                [ 0.          0.          0.          0.80834895 -0.80834895],
  "funcao_objetivo": 0.99047873618975393944664366599389353370007153452172,
  "confiabilidade_total": 0.99047873618975393944664366599389353370007153452172
}
 
Individuo 25:
{
  "Posicao": [6. 6. 4. 6. 7.]
             [1. 1. 2. 2. 1.],
  "Velocidade": [ 1.71230096  2.85383494 -2.85383494 -1.14153398  0.        ]
                [-0.57076699  0.          0.57076699  0.57076699  0.        ],
  "funcao_objetivo": 0.80848743093293107857129254700940425580428343880917,
  "confiabilidade_total": 0.98957076426626431368689563517055564632700186837460
}
 
Individuo 26:
{
  "Posicao": [5. 7. 6. 4. 3.]
             [1. 1. 2. 1. 1.],
  "Velocidade": [ 1.12265137  0.37421712 -2.61951987  0.37421712  2.61951987]
                [0.         0.         0.         0.37421712 0.        ],
  "funcao_objetivo": 0.96418270321460167930126539400385543827090747744001,
  "confiabilidade_total": 0.96418270321460167930126539400385543827090747744001
}
 
Individuo 27:
{
  "Posicao": [7. 9. 2. 6. 8.]
             [1. 1. 2. 2. 1.],
  "Velocidade": [-1.46834328  2.93668655 -1.46834328  2.93668655  2.93668655]
                [0.         0.         1.46834328 0.         0.        ],
  "funcao_objetivo": 0.88479237455602918533632142977570745572152738644409,
  "confiabilidade_total": 0.99012570788936264460595318975596435777547960354614
}
 
Individuo 28:
{
  "Posicao": [7. 9. 1. 4. 9.]
             [1. 1. 2. 2. 1.],
  "Velocidade": [-1.44446984  4.33340952 -2.88893968 -2.88893968  8.66681904]
                [0.         0.         1.44446984 0.         0.        ],
  "funcao_objetivo": 0.78915488837298033668019398572966256001260084547027,
  "confiabilidade_total": 0.99140488837298047468091594663662053467001718915923
}
 
Individuo 29:
{
  "Posicao": [5. 5. 2. 4. 4.]
             [1. 1. 2. 2. 1.],
  "Velocidade": [3.57546552 4.76728736 0.         1.19182184 4.17137644]
                [0.         0.         0.59591092 0.59591092 0.        ],
  "funcao_objetivo": 0.77355918573664846415969883105087089941774153277915,
  "confiabilidade_total": 0.99164251906998192642693275751905046061549925372642
}
 
Individuo 30:
{
  "Posicao": [9. 8. 5. 4. 1.]
             [2. 1. 1. 1. 1.],
  "Velocidade": [-0.28672579  0.         -0.43008868  0.14336289  1.00354026]
                [-0.14336289  0.          0.14336289  0.14336289  0.        ],
  "funcao_objetivo": 0.96245474144896617145559441832196243710339677142854,
  "confiabilidade_total": 0.96245474144896617145559441832196243710339677142854
}
 
Individuo 31:
{
  "Posicao": [9. 9. 2. 4. 7.]
             [1. 1. 2. 2. 1.],
  "Velocidade": [ 7.4121278   4.44727668 -1.48242556 -4.44727668  0.        ]
                [-1.48242556  0.          1.48242556  1.48242556  0.        ],
  "funcao_objetivo": 0.79128140253148059489996194441676886415753739349456,
  "confiabilidade_total": 0.99069806919814730915818893334847923031721489898772
}
 
Individuo 32:
{
  "Posicao": [5. 4. 7. 6. 7.]
             [1. 2. 1. 1. 1.],
  "Velocidade": [ 0.0096213   0.01924261 -0.02405326 -0.00481065  0.        ]
                [ 0.         -0.00481065  0.00481065  0.00481065  0.        ],
  "funcao_objetivo": 0.96202753382468321829346711246605175920470526357270,
  "confiabilidade_total": 0.96202753382468321829346711246605175920470526357270
}
 
Individuo 33:
{
  "Posicao": [6. 6. 5. 5. 4.]
             [1. 2. 1. 1. 1.],
  "Velocidade": [ 0.45501313  1.3650394  -2.7300788   0.          2.7300788 ]
                [ 0.         -0.45501313  0.45501313  0.45501313  0.        ],
  "funcao_objetivo": 0.96200398787033719556964095099384459609172310928994,
  "confiabilidade_total": 0.96200398787033719556964095099384459609172310928994
}
 
Individuo 34:
{
  "Posicao": [7. 8. 3. 5. 7.]
             [1. 1. 2. 2. 1.],
  "Velocidade": [-0.792668    1.58533601 -3.96334002  0.792668    0.        ]
                [0.       0.       0.792668 0.       0.      ],
  "funcao_objetivo": 0.98953675592102949321461231800747911440669292114579,
  "confiabilidade_total": 0.98953675592102949321461231800747911440669292114579
}
 
Individuo 35:
{
  "Posicao": [7. 9. 0. 4. 8.]
             [1. 1. 2. 2. 1.],
  "Velocidade": [ 1.26570006  2.53140012 -7.59420037 -2.53140012  5.06280024]
                [0.         0.         1.26570006 0.         0.        ],
  "funcao_objetivo": 0.80304337720353286556750440387381648062059675511524,
  "confiabilidade_total": 0.99234337720353279222617139713597542023548876103565
}
 
Individuo 36:
{
  "Posicao": [7. 8. 3. 5. 7.]
             [1. 1. 2. 2. 1.],
  "Velocidade": [ 0.86403843  0.86403843 -6.048269    0.          0.86403843]
                [0.         0.         0.         0.86403843 0.        ],
  "funcao_objetivo": 0.98953675592102949321461231800747911440669292114579,
  "confiabilidade_total": 0.98953675592102949321461231800747911440669292114579
}
 
Individuo 37:
{
  "Posicao": [4. 7. 2. 1. 8.]
             [1. 1. 1. 1. 2.],
  "Velocidade": [ 0.59000125  0.14750031  0.          0.73750156 -0.14750031]
                [ 0.          0.          0.14750031  0.14750031 -0.14750031],
  "funcao_objetivo": 0.95583236492665975730724667922758529103856219844242,
  "confiabilidade_total": 0.95583236492665975730724667922758529103856219844242
}
 
Individuo 38:
{
  "Posicao": [9. 9. 0. 6. 8.]
             [1. 1. 2. 2. 1.],
  "Velocidade": [10.20531871  7.28951337 -7.28951337  2.91580535  2.91580535]
                [ 0.          0.          1.45790267  1.45790267 -1.45790267],
  "funcao_objetivo": 0.83248858071171762866004299075078974297069295943516,
  "confiabilidade_total": 0.99122191404505097298828501128859001496605857909458
}
 
Individuo 39:
{
  "Posicao": [6. 7. 3. 5. 6.]
             [1. 1. 2. 2. 1.],
  "Velocidade": [ 4.27893528  6.84629645 -5.13472234  1.71157411  4.27893528]
                [0.         0.         0.85578706 0.85578706 0.        ],
  "funcao_objetivo": 0.92353182113013889923990093820976990782030498862843,
  "confiabilidade_total": 0.98978182113013891644835781989969628438659584403614
}
 
Individuo 40:
{
  "Posicao": [1. 9. 1. 5. 6.]
             [1. 1. 1. 1. 2.],
  "Velocidade": [ 0.70108474 -0.10015496  0.10015496  0.          0.10015496]
                [ 0.          0.          0.10015496  0.10015496 -0.10015496],
  "funcao_objetivo": 0.95119171118412616681942809405480121499300586629503,
  "confiabilidade_total": 0.95119171118412616681942809405480121499300586629503
}
 
Individuo 41:
{
  "Posicao": [7. 8. 1. 6. 8.]
             [1. 1. 2. 2. 1.],
  "Velocidade": [ 1.29866904  1.29866904 -3.89600712  3.89600712  2.59733808]
                [ 0.          0.          1.29866904  1.29866904 -2.59733808],
  "funcao_objetivo": 0.99089406833224312196193394532300485387075799330803,
  "confiabilidade_total": 0.99089406833224312196193394532300485387075799330803
}
 
Individuo 42:
{
  "Posicao": [5. 6. 5. 5. 6.]
             [1. 1. 2. 2. 1.],
  "Velocidade": [ 2.67755151  2.14204121 -3.74857211  0.          1.0710206 ]
                [ 0.         0.         0.5355103  0.5355103 -0.5355103],
  "funcao_objetivo": 0.98880792898368278664328960647204394237416930545989,
  "confiabilidade_total": 0.98880792898368278664328960647204394237416930545989
}
 
Individuo 43:
{
  "Posicao": [8. 9. 2. 5. 6.]
             [1. 1. 2. 2. 1.],
  "Velocidade": [ 3.81918125  5.09224166  0.         -1.27306042 -2.54612083]
                [0.         0.         1.27306042 1.27306042 0.        ],
  "funcao_objetivo": 0.92397738483409866888776829752109678712724225407999,
  "confiabilidade_total": 0.99006071816743194064073119831241401162980573064249
}
 
Individuo 44:
{
  "Posicao": [7. 9. 1. 5. 9.]
             [1. 1. 2. 2. 1.],
  "Velocidade": [ 2.48168664  7.44505992 -4.96337328 -1.24084332  8.68590324]
                [0.         0.         1.24084332 1.24084332 0.        ],
  "funcao_objetivo": 0.98513222773256016884251572645402914582181121100965,
  "confiabilidade_total": 0.99053222773256008933111826036188061203237022151533
}
 
Individuo 45:
{
  "Posicao": [6. 8. 2. 4. 7.]
             [1. 1. 2. 2. 1.],
  "Velocidade": [ 1.91443381  0.6381446  -0.6381446   1.27628921  0.        ]
                [0.        0.        0.6381446 0.6381446 0.       ],
  "funcao_objetivo": 0.81042845861961316259971645573225181091510863621841,
  "confiabilidade_total": 0.99134512528627988818221829584055888939582915623794
}
 
Individuo 46:
{
  "Posicao": [9. 7. 2. 9. 3.]
             [1. 1. 1. 1. 2.],
  "Velocidade": [-0.16186838  0.08093419  0.         -0.32373676  0.32373676]
                [ 0.          0.          0.08093419  0.08093419 -0.08093419],
  "funcao_objetivo": 0.94175493775715641414894337098577969004984009251397,
  "confiabilidade_total": 0.94175493775715641414894337098577969004984009251397
}
 
Individuo 47:
{
  "Posicao": [3. 4. 4. 8. 9.]
             [1. 1. 1. 1. 1.],
  "Velocidade": [ 0.33058011  0.33058011 -0.16529005 -0.24793508 -0.16529005]
                [0.         0.         0.08264503 0.08264503 0.        ],
  "funcao_objetivo": 0.94151795089746084740010424847198662357487360629855,
  "confiabilidade_total": 0.94151795089746084740010424847198662357487360629855
}
 
Individuo 48:
{
  "Posicao": [8. 9. 1. 4. 8.]
             [1. 1. 2. 2. 1.],
  "Velocidade": [ 2.68568704  2.68568704 -2.68568704 -2.68568704  5.37137408]
                [0.         0.         1.34284352 1.34284352 0.        ],
  "funcao_objetivo": 0.87673795001447768816574399262273932356184187501340,
  "confiabilidade_total": 0.99135461668114436388257868169214038891514602273373
}
 
Individuo 49:
{
  "Posicao": [5. 9. 5. 8. 0.]
             [1. 1. 1. 1. 1.],
  "Velocidade": [ 0.12060038 -0.06030019 -0.18090057 -0.18090057  0.42210134]
                [0.         0.         0.06030019 0.06030019 0.        ],
  "funcao_objetivo": 0.93393366062771386874816579089494938307841361323196,
  "confiabilidade_total": 0.93393366062771386874816579089494938307841361323196
}
 
Individuo 50:
{
  "Posicao": [7. 8. 3. 6. 6.]
             [1. 1. 2. 2. 1.],
  "Velocidade": [ 0.         -0.78854178 -3.15416714 -2.36562535  4.7312507 ]
                [0.         0.         0.78854178 0.78854178 0.        ],
  "funcao_objetivo": 0.88046099147845404606609548389532148613590461862533,
  "confiabilidade_total": 0.98954432481178741152188166304985072239298088205306
}
 
-----------------------------------------
Populacao final da era:
Individuo 1:
{
  "Posicao": [8. 9. 0. 5. 8.]
             [1. 1. 2. 2. 1.],
  "Velocidade": [ 0.96600641  0.96600641 -1.93201282  0.          0.96600641]
                [0. 0. 0. 0. 0.],
  "funcao_objetivo": 0.99138612139113377379888785717806351870204943412355,
  "confiabilidade_total": 0.99138612139113377379888785717806351870204943412355
}
 
Individuo 2:
{
  "Posicao": [8. 9. 0. 5. 8.]
             [1. 1. 2. 2. 1.],
  "Velocidade": [ 0.98162466  0.98162466 -1.96324932  3.12612172  1.53240216]
                [-1.28767211  0.          1.28767211  0.          0.        ],
  "funcao_objetivo": 0.99138612139113377379888785717806351870204943412355,
  "confiabilidade_total": 0.99138612139113377379888785717806351870204943412355
}
 
Individuo 3:
{
  "Posicao": [9. 9. 1. 5. 8.]
             [2. 1. 3. 2. 1.],
  "Velocidade": [3.3644551  3.3644551  0.21312656 0.         1.05044285]
                [0.6317847 0.        0.6317847 0.        0.       ],
  "funcao_objetivo": 0.39861770365759432651574605767617825454365286894844,
  "confiabilidade_total": 0.99426770365759450583896899513146266376863989897773
}
 
Individuo 4:
{
  "Posicao": [9. 9. 2. 3. 9.]
             [1. 1. 3. 2. 1.],
  "Velocidade": [ 4.92537445  1.51643956 -1.33888263 -0.56466549  3.97728465]
                [0.        0.        0.9480898 0.        0.       ],
  "funcao_objetivo": 0.53867913711531916286904739062595963619027269107346,
  "confiabilidade_total": 0.99434580378198566063378457765214461974177491885666
}
 
Individuo 5:
{
  "Posicao": [4. 6. 3. 4. 6.]
             [1. 2. 1. 1. 1.],
  "Velocidade": [-0.52365404 -1.36707985  0.0979322  -0.31645863  0.63623039]
                [ 0.          1.15988444 -1.15988444 -1.15988444  0.        ],
  "funcao_objetivo": 0.88639917913889419282793299523219405068817232144776,
  "confiabilidade_total": 0.96731584580556092673710752002917518234613035214844
}
 
Individuo 6:
{
  "Posicao": [9. 1. 7. 0. 9.]
             [3. 1. 1. 1. 1.],
  "Velocidade": [ 2.20159881 -6.1183505   3.91675169 -5.1003365   2.20159881]
                [ 1.6098064  0.        -1.6098064 -1.6098064  0.       ],
  "funcao_objetivo": 0.76118238505016906722699644454785750638479606951912,
  "confiabilidade_total": 0.98111571838350263105743266372535738553637878741463
}
 
Individuo 7:
{
  "Posicao": [3. 6. 2. 1. 8.]
             [2. 1. 1. 1. 1.],
  "Velocidade": [ 0.91031831  0.58885263 -0.21330822  0.8036642  -0.05407873]
                [-0.16073284  0.          0.16073284  0.16073284  0.        ],
  "funcao_objetivo": 0.97112983000552513352632524885562496074801611991069,
  "confiabilidade_total": 0.97112983000552513352632524885562496074801611991069
}
 
Individuo 8:
{
  "Posicao": [9. 3. 7. 2. 8.]
             [2. 1. 1. 1. 1.],
  "Velocidade": [ 1.83343482 -6.31025273  6.54971337 -4.28045622  0.72965444]
                [ 0.55189019  0.         -0.55189019 -0.55189019  0.        ],
  "funcao_objetivo": 0.96851072704986166847380477771300445570507514568230,
  "confiabilidade_total": 0.96851072704986166847380477771300445570507514568230
}
 
Individuo 9:
{
  "Posicao": [9. 9. 0. 7. 9.]
             [1. 1. 2. 3. 1.],
  "Velocidade": [  9.16247968   3.38245944 -10.18335753   5.4538391    5.09167876]
                [0.         0.         0.         1.70921932 0.        ],
  "funcao_objetivo": 0.54337652444828746901400960042227397941056391760465,
  "confiabilidade_total": 0.99630985778162065692292968152176927112046381994840
}
 
Individuo 10:
{
  "Posicao": [6. 9. 1. 5. 8.]
             [1. 1. 1. 2. 1.],
  "Velocidade": [ 1.32591361  1.76769619 -2.31500204  0.          1.76769619]
                [ 0.          0.         -0.83108645  0.          0.        ],
  "funcao_objetivo": 0.96880180732295512212898705531946376487980147658486,
  "confiabilidade_total": 0.96880180732295512212898705531946376487980147658486
}
 
Individuo 11:
{
  "Posicao": [2. 8. 4. 8. 6.]
             [1. 2. 1. 1. 2.],
  "Velocidade": [-0.01011549  0.17919149 -1.26280569 -1.20589695  0.78213997]
                [ 0.         -0.30147424  0.30147424  0.30147424 -0.30147424],
  "funcao_objetivo": 0.88672296063589210373616881658387334204846451958924,
  "confiabilidade_total": 0.97222296063589202701975781498555639877551625451356
}
 
Individuo 12:
{
  "Posicao": [7. 9. 1. 5. 8.]
             [1. 1. 2. 2. 1.],
  "Velocidade": [ 0.37525934 -0.33604866 -0.75051868 -1.75866467 -0.33604866]
                [ 0.        0.        0.711308 -0.711308  0.      ],
  "funcao_objetivo": 0.99059699301204160137158654623816954770897856167573,
  "confiabilidade_total": 0.99059699301204160137158654623816954770897856167573
}
 
Individuo 13:
{
  "Posicao": [5. 9. 0. 3. 5.]
             [1. 1. 2. 2. 1.],
  "Velocidade": [ 0.75994651 -0.45662229 -1.55846182 -0.01285627  0.75994651]
                [-1.2358532  0.         1.2358532  1.2358532  0.       ],
  "funcao_objetivo": 0.88677447761267029710320134090099647752432750832233,
  "confiabilidade_total": 0.99269114427933702546126074257219490706412719856891
}
 
Individuo 14:
{
  "Posicao": [9. 9. 0. 1. 7.]
             [2. 1. 3. 3. 1.],
  "Velocidade": [ 7.09144129  7.09144129 -5.12204735 -4.02703788  0.044125  ]
                [1.00675947 0.         1.00675947 1.00675947 0.        ],
  "funcao_objetivo": -0.14580812294318466932702208833586438527323947207244,
  "confiabilidade_total": 0.99950854372348198022740702544172280499718441708772
}
 
Individuo 15:
{
  "Posicao": [8. 9. 1. 5. 8.]
             [1. 1. 2. 2. 1.],
  "Velocidade": [ 1.77227644  1.77227644 -0.89035597  0.          0.60436114]
                [0.        0.        0.1061221 0.        0.1061221],
  "funcao_objetivo": 0.99048426063266259565440192551288717440852661913561,
  "confiabilidade_total": 0.99048426063266259565440192551288717440852661913561
}
 
Individuo 16:
{
  "Posicao": [9. 9. 9. 4. 9.]
             [2. 1. 3. 3. 1.],
  "Velocidade": [ 4.18930749  9.7750508   9.7750508  -1.39643583  2.79287166]
                [1.39643583 0.         1.39643583 1.39643583 0.        ],
  "funcao_objetivo": -0.33538493405682873799075302392213228580714932633822,
  "confiabilidade_total": 0.99878173260983776288260863205449101093052157209928
}
 
Individuo 17:
{
  "Posicao": [3. 6. 6. 2. 4.]
             [1. 1. 1. 2. 1.],
  "Velocidade": [ 0.42432798  0.53426422 -0.76980141  0.48751782  0.83299125]
                [0.         0.         0.29872703 0.         0.        ],
  "funcao_objetivo": 0.87164390287469279225278706942370825242863948965876,
  "confiabilidade_total": 0.96664390287469283499637351749223505873845871115534
}
 
Individuo 18:
{
  "Posicao": [7. 9. 1. 6. 8.]
             [1. 1. 2. 2. 1.],
  "Velocidade": [ 0.84954839  0.63117822 -0.6366986  -0.21837016  0.63117822]
                [ 0.          0.31282892 -0.31282892 -0.31282892  0.31282892],
  "funcao_objetivo": 0.96022281923153775363214738618580783988109826254808,
  "confiabilidade_total": 0.99058948589820434628001370462982438222498669433558
}
 
Individuo 19:
{
  "Posicao": [8. 8. 1. 5. 4.]
             [1. 1. 2. 2. 1.],
  "Velocidade": [ 0.5255468   1.38798517 -1.05109359 -0.86243837  0.96701566]
                [0.         0.         0.86243837 0.         0.        ],
  "funcao_objetivo": 0.99091968486287439138971491961830943433385981434698,
  "confiabilidade_total": 0.99091968486287439138971491961830943433385981434698
}
 
Individuo 20:
{
  "Posicao": [0. 5. 4. 9. 9.]
             [1. 2. 1. 1. 1.],
  "Velocidade": [-8.82501826 -3.96645427  3.07434456  5.5129464   5.09629129]
                [ 0.          0.65438242 -0.65438242 -0.65438242  0.        ],
  "funcao_objetivo": 0.97363619418167648045050596970668306057157459133482,
  "confiabilidade_total": 0.97363619418167648045050596970668306057157459133482
}
 
Individuo 21:
{
  "Posicao": [5. 8. 4. 7. 9.]
             [1. 1. 2. 2. 1.],
  "Velocidade": [-2.58474013 -0.08031986  3.10302718  3.38035463  3.30003477]
                [ 0.          0.43796718 -0.43796718  0.          0.        ],
  "funcao_objetivo": 0.95974319785735040386259459686473057383262595265177,
  "confiabilidade_total": 0.98907653119068370542504570884150090870969971745280
}
 
Individuo 22:
{
  "Posicao": [3. 5. 7. 1. 0.]
             [1. 2. 1. 1. 1.],
  "Velocidade": [-5.26066229 -3.65446636  5.95394234 -5.3704802  -9.82804453]
                [ 0.          0.80309797 -0.80309797 -0.80309797  0.        ],
  "funcao_objetivo": 0.96781846104690137724397689955221551838371030250538,
  "confiabilidade_total": 0.96781846104690137724397689955221551838371030250538
}
 
Individuo 23:
{
  "Posicao": [8. 9. 0. 5. 8.]
             [1. 1. 2. 2. 1.],
  "Velocidade": [ 4.41342844  4.41342844 -8.93149508  3.38854997  3.28391179]
                [-1.12951666  0.          1.12951666  1.12951666  0.        ],
  "funcao_objetivo": 0.99138612139113377379888785717806351870204943412355,
  "confiabilidade_total": 0.99138612139113377379888785717806351870204943412355
}
 
Individuo 24:
{
  "Posicao": [6. 9. 2. 3. 6.]
             [1. 1. 2. 3. 2.],
  "Velocidade": [-0.62294309  0.97758783 -0.35464474 -1.60053092 -0.62294309]
                [0.         0.         0.         0.80026546 0.80026546],
  "funcao_objetivo": 0.31133339229302638095713379625556127606789873811610,
  "confiabilidade_total": 0.99603339229302599544329072541620417936603831025966
}
 
Individuo 25:
{
  "Posicao": [8. 9. 0. 5. 8.]
             [1. 1. 2. 2. 1.],
  "Velocidade": [ 1.82898402  3.02600568 -4.05782428 -1.19702167  1.03181859]
                [ 0.39985625  0.         -0.39985625 -0.39985625  0.        ],
  "funcao_objetivo": 0.99138612139113377379888785717806351870204943412355,
  "confiabilidade_total": 0.99138612139113377379888785717806351870204943412355
}
 
Individuo 26:
{
  "Posicao": [7. 9. 3. 5. 5.]
             [1. 1. 2. 2. 1.],
  "Velocidade": [ 2.04011805  1.93199125 -3.03712978  1.1512331   2.25637163]
                [0.        0.        0.        1.1512331 0.       ],
  "funcao_objetivo": 0.98048907054771358020286977431891818233339577944630,
  "confiabilidade_total": 0.98923907054771355674940837911248626588417679102772
}
 
Individuo 27:
{
  "Posicao": [6. 9. 0. 7. 9.]
             [1. 1. 3. 2. 1.],
  "Velocidade": [-0.52585194  1.99768334 -2.3996393   1.37308756  1.99768334]
                [0.         0.         1.15044773 0.         0.        ],
  "funcao_objetivo": 0.51754115758351088415093117317891862865539837267822,
  "confiabilidade_total": 0.99339115758351079608804085991150184225293445971435
}
 
Individuo 28:
{
  "Posicao": [6. 9. 0. 2. 9.]
             [1. 1. 3. 2. 1.],
  "Velocidade": [-0.88881119  3.98049297 -3.09168179 -2.1640451   7.49716761]
                [0.         0.         1.35262953 0.         0.        ],
  "funcao_objetivo": 0.48388287723096466535114039194005378539489336874498,
  "confiabilidade_total": 0.99573287723096469252940003476388589496539660360826
}
 
Individuo 29:
{
  "Posicao": [8. 9. 2. 5. 8.]
             [1. 1. 2. 2. 1.],
  "Velocidade": [ 3.22114718  4.38221034 -0.48640361  1.16106315  4.0543008 ]
                [0.         0.         0.32790954 0.32790954 0.        ],
  "funcao_objetivo": 0.96925772258582577373204123147362918908660063251701,
  "confiabilidade_total": 0.99000772258582572971169830508617236128960499271598
}
 
Individuo 30:
{
  "Posicao": [7. 9. 0. 6. 9.]
             [1. 1. 3. 3. 1.],
  "Velocidade": [-1.67974988  1.39589134 -7.40524452  1.53782061  9.85025547]
                [-1.53782061  0.          1.53782061  1.53782061  0.        ],
  "funcao_objetivo": 0.20807918342500259965991856028320772961235611145819,
  "confiabilidade_total": 0.99867918342500251359542969134107271597242920105780
}
 
Individuo 31:
{
  "Posicao": [9. 9. 0. 3. 8.]
             [2. 1. 3. 3. 1.],
  "Velocidade": [ 1.92313456  2.10000362 -3.66184414 -0.71503217  1.38497146]
                [0.89190123 0.         0.89190123 0.89190123 0.        ],
  "funcao_objetivo": -0.15293614388145752189194582196911460044691604938262,
  "confiabilidade_total": 0.99921385611854248556875290351193735119988876018770
}
 
Individuo 32:
{
  "Posicao": [8. 8. 1. 5. 8.]
             [1. 1. 2. 2. 1.],
  "Velocidade": [ 2.68662526  4.4808838  -6.2703798  -0.89712927  0.89236672]
                [ 0.         -0.89712927  0.89712927  0.89712927  0.        ],
  "funcao_objetivo": 0.99078802384340044054124998175678882367264871708036,
  "confiabilidade_total": 0.99078802384340044054124998175678882367264871708036
}
 
Individuo 33:
{
  "Posicao": [8. 9. 0. 5. 9.]
             [1. 1. 2. 2. 1.],
  "Velocidade": [ 2.16863902  3.92865302 -6.99821804  0.          6.13913004]
                [ 0.         -1.30955101  1.30955101  1.30955101  0.        ],
  "funcao_objetivo": 0.96196004132595168747911127664222903232941927935803,
  "confiabilidade_total": 0.99132670799261850258444670740003374786967935588086
}
 
Individuo 34:
{
  "Posicao": [6. 9. 0. 6. 7.]
             [1. 1. 3. 2. 1.],
  "Velocidade": [-0.73763236  1.61659161 -4.06503351  0.78474132  0.04710896]
                [0.         0.         0.78474132 0.         0.        ],
  "funcao_objetivo": 0.53431956976847658908474822939618492965093911991049,
  "confiabilidade_total": 0.99360290310180993806482472311339110602132142887045
}
 
Individuo 35:
{
  "Posicao": [6. 4. 9. 9. 1.]
             [1. 1. 1. 2. 1.],
  "Velocidade": [-0.51793717 -4.59706641 11.42348171  5.19380368 -6.82641531]
                [ 0.          0.         -1.11467445  0.          0.        ],
  "funcao_objetivo": 0.95902842157876574906737585175400516661917269830430,
  "confiabilidade_total": 0.95902842157876574906737585175400516661917269830430
}
 
Individuo 36:
{
  "Posicao": [8. 9. 0. 5. 8.]
             [1. 1. 2. 3. 1.],
  "Velocidade": [ 1.00810324  1.00810324 -6.44590191  0.          1.00810324]
                [0.         0.         0.         0.85539804 0.        ],
  "funcao_objetivo": 0.81759785898187458478327571649172516672837511236912,
  "confiabilidade_total": 0.99649785898187453273602032206438655166852251227147
}
 
Individuo 37:
{
  "Posicao": [6. 9. 1. 3. 8.]
             [1. 1. 2. 2. 1.],
  "Velocidade": [ 2.22702333  1.61872754 -1.47270223  2.37304864 -0.14602531]
                [ 0.          0.          0.88237643  0.88237643 -0.88237643],
  "funcao_objetivo": 0.87919587946634862947687213492065389376975607465397,
  "confiabilidade_total": 0.99177921279968188701898032050996740084983419965397
}
 
Individuo 38:
{
  "Posicao": [2. 5. 6. 3. 5.]
             [1. 1. 2. 2. 1.],
  "Velocidade": [-7.20561395 -3.87002415  5.71779788 -3.3355898  -2.6566739 ]
                [ 0.          0.         -0.40445008 -0.40445008  0.40445008],
  "funcao_objetivo": 0.85313686632748736122494651940497029061329682510847,
  "confiabilidade_total": 0.99088686632748737254922137058156700293433983963484
}
 
Individuo 39:
{
  "Posicao": [8. 7. 0. 4. 8.]
             [1. 1. 2. 2. 1.],
  "Velocidade": [ 1.74528336  0.384106   -2.64803623 -0.90745157  1.74528336]
                [ 0.          0.         -0.45372579 -0.45372579  0.        ],
  "funcao_objetivo": 0.87967864332904749179413460704673137078884584555894,
  "confiabilidade_total": 0.99266197666238066711867670402007727679688079009324
}
 
Individuo 40:
{
  "Posicao": [4. 9. 0. 5. 7.]
             [1. 1. 2. 2. 1.],
  "Velocidade": [ 3.10896872 -0.09915341 -0.54202982  0.          1.38151988]
                [ 0.          0.          0.74033664  0.74033664 -0.74033664],
  "funcao_objetivo": 0.93915068381075436490232770983413608229337377919497,
  "confiabilidade_total": 0.99173401714408771487050269546773157964078827275576
}
 
Individuo 41:
{
  "Posicao": [9. 9. 0. 9. 9.]
             [1. 1. 3. 3. 3.],
  "Velocidade": [ 2.4654158  2.4654158 -5.0367805  2.6773136  2.5713647]
                [0.         0.         1.28568235 1.28568235 2.5713647 ],
  "funcao_objetivo": -0.64208514503431147759246937380387725590379337005282,
  "confiabilidade_total": 0.99849818829902224890784441345155892611830135650968
}
 
Individuo 42:
{
  "Posicao": [9. 9. 0. 5. 9.]
             [1. 1. 3. 3. 2.],
  "Velocidade": [ 5.56187046  5.03171526 -8.5629105   0.          3.00104004]
                [0.        0.        0.5301552 0.5301552 0.5301552],
  "funcao_objetivo": 0.0059279044796823525647034026904921758157527446158075,
  "confiabilidade_total": 0.99879457114634908320982223508951307862823367112948
}
 
Individuo 43:
{
  "Posicao": [9. 9. 0. 4. 7.]
             [1. 1. 3. 3. 1.],
  "Velocidade": [ 1.96224573  2.76788961 -1.6825482  -0.80564389  0.52594636]
                [0.         0.         0.80564389 0.80564389 0.        ],
  "funcao_objetivo": 0.064930537039221168902050483428068924669078728334755,
  "confiabilidade_total": 0.99888053703922122681128344787623407316570653595194
}
 
Individuo 44:
{
  "Posicao": [9. 9. 0. 4. 9.]
             [1. 1. 3. 3. 1.],
  "Velocidade": [ 2.73393439  7.37060932 -5.19080416 -1.22843489  8.32197958]
                [0.         0.         1.22843489 1.22843489 0.        ],
  "funcao_objetivo": -0.0000819577666636512458063202193569785638681429022775,
  "confiabilidade_total": 0.99886804223333624235041899970564018723527278727350
}
 
Individuo 45:
{
  "Posicao": [5. 7. 3. 4. 7.]
             [1. 1. 1. 1. 1.],
  "Velocidade": [-1.33433158 -0.98304737  0.86089611 -0.35128421  0.12215126]
                [ 0.          0.         -1.10519863 -1.10519863  0.        ],
  "funcao_objetivo": 0.94099478003328264387346111082719044722030159803168,
  "confiabilidade_total": 0.94099478003328264387346111082719044722030159803168
}
 
Individuo 46:
{
  "Posicao": [8. 9. 0. 4. 9.]
             [1. 1. 2. 2. 1.],
  "Velocidade": [-1.43763462  2.6348947  -2.55476985 -5.4300391   6.70742403]
                [ 0.          0.          1.35750977  1.35750977 -1.35750977],
  "funcao_objetivo": 0.73790443467923650199136629132975462823504542726718,
  "confiabilidade_total": 0.99220443467923637535932810258439962751561736482822
}
 
Individuo 47:
{
  "Posicao": [9. 9. 0. 4. 8.]
             [1. 1. 2. 2. 1.],
  "Velocidade": [ 6.17247237  6.17247237 -4.8397956  -3.75257457 -1.33267677]
                [0.         0.         1.25085819 1.25085819 0.        ],
  "funcao_objetivo": 0.73780723975616985709721997087251937607512503400732,
  "confiabilidade_total": 0.99210723975616973046518178212716437535569697156836
}
 
Individuo 48:
{
  "Posicao": [7. 8. 1. 7. 7.]
             [1. 1. 2. 2. 1.],
  "Velocidade": [-1.35331896 -1.35331896 -0.05627222  2.76291013 -1.36925487]
                [ 0.          0.         -0.00796796 -0.00796796  0.        ],
  "funcao_objetivo": 0.96869321721563187229318013245541618716639911949230,
  "confiabilidade_total": 0.99079321721563195020863200064890219409686958610607
}
 
Individuo 49:
{
  "Posicao": [7. 9. 2. 6. 6.]
             [1. 1. 2. 2. 1.],
  "Velocidade": [ 2.07442188 -0.05969719 -3.43747074 -2.13411907  5.63128699]
                [0.         0.         0.71137302 0.71137302 0.        ],
  "funcao_objetivo": 0.83951121941909460496210795368021852942733798625766,
  "confiabilidade_total": 0.99017788608576138694393944474647786142854724529086
}
 
Individuo 50:
{
  "Posicao": [7. 9. 7. 8. 0.]
             [1. 1. 1. 1. 1.],
  "Velocidade": [ 0.05969191  1.55449716  3.52468366  2.14926223 -6.57398607]
                [ 0.          0.         -1.49480525 -1.49480525  0.        ],
  "funcao_objetivo": 0.93319547510330834664752639543308144836966378483095,
  "confiabilidade_total": 0.93319547510330834664752639543308144836966378483095
}
 
-----------------------------------------
-----------------------------------------
-----------------------------------------
-----------------------------------------
GERACAO 3
Populacao antes da execucao:
Individuo 1:
{
  "Posicao": [8. 9. 0. 5. 8.]
             [1. 1. 2. 2. 1.],
  "Velocidade": [ 0.96600641  0.96600641 -1.93201282  0.          0.96600641]
                [0. 0. 0. 0. 0.],
  "funcao_objetivo": 0.99138612139113377379888785717806351870204943412355,
  "confiabilidade_total": 0.99138612139113377379888785717806351870204943412355
}
 
Individuo 2:
{
  "Posicao": [8. 9. 0. 5. 8.]
             [1. 1. 2. 2. 1.],
  "Velocidade": [ 0.98162466  0.98162466 -1.96324932  3.12612172  1.53240216]
                [-1.28767211  0.          1.28767211  0.          0.        ],
  "funcao_objetivo": 0.99138612139113377379888785717806351870204943412355,
  "confiabilidade_total": 0.99138612139113377379888785717806351870204943412355
}
 
Individuo 3:
{
  "Posicao": [9. 9. 1. 5. 8.]
             [2. 1. 3. 2. 1.],
  "Velocidade": [3.3644551  3.3644551  0.21312656 0.         1.05044285]
                [0.6317847 0.        0.6317847 0.        0.       ],
  "funcao_objetivo": 0.39861770365759432651574605767617825454365286894844,
  "confiabilidade_total": 0.99426770365759450583896899513146266376863989897773
}
 
Individuo 4:
{
  "Posicao": [9. 9. 2. 3. 9.]
             [1. 1. 3. 2. 1.],
  "Velocidade": [ 4.92537445  1.51643956 -1.33888263 -0.56466549  3.97728465]
                [0.        0.        0.9480898 0.        0.       ],
  "funcao_objetivo": 0.53867913711531916286904739062595963619027269107346,
  "confiabilidade_total": 0.99434580378198566063378457765214461974177491885666
}
 
Individuo 5:
{
  "Posicao": [4. 6. 3. 4. 6.]
             [1. 2. 1. 1. 1.],
  "Velocidade": [-0.52365404 -1.36707985  0.0979322  -0.31645863  0.63623039]
                [ 0.          1.15988444 -1.15988444 -1.15988444  0.        ],
  "funcao_objetivo": 0.88639917913889419282793299523219405068817232144776,
  "confiabilidade_total": 0.96731584580556092673710752002917518234613035214844
}
 
Individuo 6:
{
  "Posicao": [9. 1. 7. 0. 9.]
             [3. 1. 1. 1. 1.],
  "Velocidade": [ 2.20159881 -6.1183505   3.91675169 -5.1003365   2.20159881]
                [ 1.6098064  0.        -1.6098064 -1.6098064  0.       ],
  "funcao_objetivo": 0.76118238505016906722699644454785750638479606951912,
  "confiabilidade_total": 0.98111571838350263105743266372535738553637878741463
}
 
Individuo 7:
{
  "Posicao": [3. 6. 2. 1. 8.]
             [2. 1. 1. 1. 1.],
  "Velocidade": [ 0.91031831  0.58885263 -0.21330822  0.8036642  -0.05407873]
                [-0.16073284  0.          0.16073284  0.16073284  0.        ],
  "funcao_objetivo": 0.97112983000552513352632524885562496074801611991069,
  "confiabilidade_total": 0.97112983000552513352632524885562496074801611991069
}
 
Individuo 8:
{
  "Posicao": [9. 3. 7. 2. 8.]
             [2. 1. 1. 1. 1.],
  "Velocidade": [ 1.83343482 -6.31025273  6.54971337 -4.28045622  0.72965444]
                [ 0.55189019  0.         -0.55189019 -0.55189019  0.        ],
  "funcao_objetivo": 0.96851072704986166847380477771300445570507514568230,
  "confiabilidade_total": 0.96851072704986166847380477771300445570507514568230
}
 
Individuo 9:
{
  "Posicao": [9. 9. 0. 7. 9.]
             [1. 1. 2. 3. 1.],
  "Velocidade": [  9.16247968   3.38245944 -10.18335753   5.4538391    5.09167876]
                [0.         0.         0.         1.70921932 0.        ],
  "funcao_objetivo": 0.54337652444828746901400960042227397941056391760465,
  "confiabilidade_total": 0.99630985778162065692292968152176927112046381994840
}
 
Individuo 10:
{
  "Posicao": [6. 9. 1. 5. 8.]
             [1. 1. 1. 2. 1.],
  "Velocidade": [ 1.32591361  1.76769619 -2.31500204  0.          1.76769619]
                [ 0.          0.         -0.83108645  0.          0.        ],
  "funcao_objetivo": 0.96880180732295512212898705531946376487980147658486,
  "confiabilidade_total": 0.96880180732295512212898705531946376487980147658486
}
 
Individuo 11:
{
  "Posicao": [2. 8. 4. 8. 6.]
             [1. 2. 1. 1. 2.],
  "Velocidade": [-0.01011549  0.17919149 -1.26280569 -1.20589695  0.78213997]
                [ 0.         -0.30147424  0.30147424  0.30147424 -0.30147424],
  "funcao_objetivo": 0.88672296063589210373616881658387334204846451958924,
  "confiabilidade_total": 0.97222296063589202701975781498555639877551625451356
}
 
Individuo 12:
{
  "Posicao": [7. 9. 1. 5. 8.]
             [1. 1. 2. 2. 1.],
  "Velocidade": [ 0.37525934 -0.33604866 -0.75051868 -1.75866467 -0.33604866]
                [ 0.        0.        0.711308 -0.711308  0.      ],
  "funcao_objetivo": 0.99059699301204160137158654623816954770897856167573,
  "confiabilidade_total": 0.99059699301204160137158654623816954770897856167573
}
 
Individuo 13:
{
  "Posicao": [5. 9. 0. 3. 5.]
             [1. 1. 2. 2. 1.],
  "Velocidade": [ 0.75994651 -0.45662229 -1.55846182 -0.01285627  0.75994651]
                [-1.2358532  0.         1.2358532  1.2358532  0.       ],
  "funcao_objetivo": 0.88677447761267029710320134090099647752432750832233,
  "confiabilidade_total": 0.99269114427933702546126074257219490706412719856891
}
 
Individuo 14:
{
  "Posicao": [9. 9. 0. 1. 7.]
             [2. 1. 3. 3. 1.],
  "Velocidade": [ 7.09144129  7.09144129 -5.12204735 -4.02703788  0.044125  ]
                [1.00675947 0.         1.00675947 1.00675947 0.        ],
  "funcao_objetivo": -0.14580812294318466932702208833586438527323947207244,
  "confiabilidade_total": 0.99950854372348198022740702544172280499718441708772
}
 
Individuo 15:
{
  "Posicao": [8. 9. 1. 5. 8.]
             [1. 1. 2. 2. 1.],
  "Velocidade": [ 1.77227644  1.77227644 -0.89035597  0.          0.60436114]
                [0.        0.        0.1061221 0.        0.1061221],
  "funcao_objetivo": 0.99048426063266259565440192551288717440852661913561,
  "confiabilidade_total": 0.99048426063266259565440192551288717440852661913561
}
 
Individuo 16:
{
  "Posicao": [9. 9. 9. 4. 9.]
             [2. 1. 3. 3. 1.],
  "Velocidade": [ 4.18930749  9.7750508   9.7750508  -1.39643583  2.79287166]
                [1.39643583 0.         1.39643583 1.39643583 0.        ],
  "funcao_objetivo": -0.33538493405682873799075302392213228580714932633822,
  "confiabilidade_total": 0.99878173260983776288260863205449101093052157209928
}
 
Individuo 17:
{
  "Posicao": [3. 6. 6. 2. 4.]
             [1. 1. 1. 2. 1.],
  "Velocidade": [ 0.42432798  0.53426422 -0.76980141  0.48751782  0.83299125]
                [0.         0.         0.29872703 0.         0.        ],
  "funcao_objetivo": 0.87164390287469279225278706942370825242863948965876,
  "confiabilidade_total": 0.96664390287469283499637351749223505873845871115534
}
 
Individuo 18:
{
  "Posicao": [7. 9. 1. 6. 8.]
             [1. 1. 2. 2. 1.],
  "Velocidade": [ 0.84954839  0.63117822 -0.6366986  -0.21837016  0.63117822]
                [ 0.          0.31282892 -0.31282892 -0.31282892  0.31282892],
  "funcao_objetivo": 0.96022281923153775363214738618580783988109826254808,
  "confiabilidade_total": 0.99058948589820434628001370462982438222498669433558
}
 
Individuo 19:
{
  "Posicao": [8. 8. 1. 5. 4.]
             [1. 1. 2. 2. 1.],
  "Velocidade": [ 0.5255468   1.38798517 -1.05109359 -0.86243837  0.96701566]
                [0.         0.         0.86243837 0.         0.        ],
  "funcao_objetivo": 0.99091968486287439138971491961830943433385981434698,
  "confiabilidade_total": 0.99091968486287439138971491961830943433385981434698
}
 
Individuo 20:
{
  "Posicao": [0. 5. 4. 9. 9.]
             [1. 2. 1. 1. 1.],
  "Velocidade": [-8.82501826 -3.96645427  3.07434456  5.5129464   5.09629129]
                [ 0.          0.65438242 -0.65438242 -0.65438242  0.        ],
  "funcao_objetivo": 0.97363619418167648045050596970668306057157459133482,
  "confiabilidade_total": 0.97363619418167648045050596970668306057157459133482
}
 
Individuo 21:
{
  "Posicao": [5. 8. 4. 7. 9.]
             [1. 1. 2. 2. 1.],
  "Velocidade": [-2.58474013 -0.08031986  3.10302718  3.38035463  3.30003477]
                [ 0.          0.43796718 -0.43796718  0.          0.        ],
  "funcao_objetivo": 0.95974319785735040386259459686473057383262595265177,
  "confiabilidade_total": 0.98907653119068370542504570884150090870969971745280
}
 
Individuo 22:
{
  "Posicao": [3. 5. 7. 1. 0.]
             [1. 2. 1. 1. 1.],
  "Velocidade": [-5.26066229 -3.65446636  5.95394234 -5.3704802  -9.82804453]
                [ 0.          0.80309797 -0.80309797 -0.80309797  0.        ],
  "funcao_objetivo": 0.96781846104690137724397689955221551838371030250538,
  "confiabilidade_total": 0.96781846104690137724397689955221551838371030250538
}
 
Individuo 23:
{
  "Posicao": [8. 9. 0. 5. 8.]
             [1. 1. 2. 2. 1.],
  "Velocidade": [ 4.41342844  4.41342844 -8.93149508  3.38854997  3.28391179]
                [-1.12951666  0.          1.12951666  1.12951666  0.        ],
  "funcao_objetivo": 0.99138612139113377379888785717806351870204943412355,
  "confiabilidade_total": 0.99138612139113377379888785717806351870204943412355
}
 
Individuo 24:
{
  "Posicao": [6. 9. 2. 3. 6.]
             [1. 1. 2. 3. 2.],
  "Velocidade": [-0.62294309  0.97758783 -0.35464474 -1.60053092 -0.62294309]
                [0.         0.         0.         0.80026546 0.80026546],
  "funcao_objetivo": 0.31133339229302638095713379625556127606789873811610,
  "confiabilidade_total": 0.99603339229302599544329072541620417936603831025966
}
 
Individuo 25:
{
  "Posicao": [8. 9. 0. 5. 8.]
             [1. 1. 2. 2. 1.],
  "Velocidade": [ 1.82898402  3.02600568 -4.05782428 -1.19702167  1.03181859]
                [ 0.39985625  0.         -0.39985625 -0.39985625  0.        ],
  "funcao_objetivo": 0.99138612139113377379888785717806351870204943412355,
  "confiabilidade_total": 0.99138612139113377379888785717806351870204943412355
}
 
Individuo 26:
{
  "Posicao": [7. 9. 3. 5. 5.]
             [1. 1. 2. 2. 1.],
  "Velocidade": [ 2.04011805  1.93199125 -3.03712978  1.1512331   2.25637163]
                [0.        0.        0.        1.1512331 0.       ],
  "funcao_objetivo": 0.98048907054771358020286977431891818233339577944630,
  "confiabilidade_total": 0.98923907054771355674940837911248626588417679102772
}
 
Individuo 27:
{
  "Posicao": [6. 9. 0. 7. 9.]
             [1. 1. 3. 2. 1.],
  "Velocidade": [-0.52585194  1.99768334 -2.3996393   1.37308756  1.99768334]
                [0.         0.         1.15044773 0.         0.        ],
  "funcao_objetivo": 0.51754115758351088415093117317891862865539837267822,
  "confiabilidade_total": 0.99339115758351079608804085991150184225293445971435
}
 
Individuo 28:
{
  "Posicao": [6. 9. 0. 2. 9.]
             [1. 1. 3. 2. 1.],
  "Velocidade": [-0.88881119  3.98049297 -3.09168179 -2.1640451   7.49716761]
                [0.         0.         1.35262953 0.         0.        ],
  "funcao_objetivo": 0.48388287723096466535114039194005378539489336874498,
  "confiabilidade_total": 0.99573287723096469252940003476388589496539660360826
}
 
Individuo 29:
{
  "Posicao": [8. 9. 2. 5. 8.]
             [1. 1. 2. 2. 1.],
  "Velocidade": [ 3.22114718  4.38221034 -0.48640361  1.16106315  4.0543008 ]
                [0.         0.         0.32790954 0.32790954 0.        ],
  "funcao_objetivo": 0.96925772258582577373204123147362918908660063251701,
  "confiabilidade_total": 0.99000772258582572971169830508617236128960499271598
}
 
Individuo 30:
{
  "Posicao": [7. 9. 0. 6. 9.]
             [1. 1. 3. 3. 1.],
  "Velocidade": [-1.67974988  1.39589134 -7.40524452  1.53782061  9.85025547]
                [-1.53782061  0.          1.53782061  1.53782061  0.        ],
  "funcao_objetivo": 0.20807918342500259965991856028320772961235611145819,
  "confiabilidade_total": 0.99867918342500251359542969134107271597242920105780
}
 
Individuo 31:
{
  "Posicao": [9. 9. 0. 3. 8.]
             [2. 1. 3. 3. 1.],
  "Velocidade": [ 1.92313456  2.10000362 -3.66184414 -0.71503217  1.38497146]
                [0.89190123 0.         0.89190123 0.89190123 0.        ],
  "funcao_objetivo": -0.15293614388145752189194582196911460044691604938262,
  "confiabilidade_total": 0.99921385611854248556875290351193735119988876018770
}
 
Individuo 32:
{
  "Posicao": [8. 8. 1. 5. 8.]
             [1. 1. 2. 2. 1.],
  "Velocidade": [ 2.68662526  4.4808838  -6.2703798  -0.89712927  0.89236672]
                [ 0.         -0.89712927  0.89712927  0.89712927  0.        ],
  "funcao_objetivo": 0.99078802384340044054124998175678882367264871708036,
  "confiabilidade_total": 0.99078802384340044054124998175678882367264871708036
}
 
Individuo 33:
{
  "Posicao": [8. 9. 0. 5. 9.]
             [1. 1. 2. 2. 1.],
  "Velocidade": [ 2.16863902  3.92865302 -6.99821804  0.          6.13913004]
                [ 0.         -1.30955101  1.30955101  1.30955101  0.        ],
  "funcao_objetivo": 0.96196004132595168747911127664222903232941927935803,
  "confiabilidade_total": 0.99132670799261850258444670740003374786967935588086
}
 
Individuo 34:
{
  "Posicao": [6. 9. 0. 6. 7.]
             [1. 1. 3. 2. 1.],
  "Velocidade": [-0.73763236  1.61659161 -4.06503351  0.78474132  0.04710896]
                [0.         0.         0.78474132 0.         0.        ],
  "funcao_objetivo": 0.53431956976847658908474822939618492965093911991049,
  "confiabilidade_total": 0.99360290310180993806482472311339110602132142887045
}
 
Individuo 35:
{
  "Posicao": [6. 4. 9. 9. 1.]
             [1. 1. 1. 2. 1.],
  "Velocidade": [-0.51793717 -4.59706641 11.42348171  5.19380368 -6.82641531]
                [ 0.          0.         -1.11467445  0.          0.        ],
  "funcao_objetivo": 0.95902842157876574906737585175400516661917269830430,
  "confiabilidade_total": 0.95902842157876574906737585175400516661917269830430
}
 
Individuo 36:
{
  "Posicao": [8. 9. 0. 5. 8.]
             [1. 1. 2. 3. 1.],
  "Velocidade": [ 1.00810324  1.00810324 -6.44590191  0.          1.00810324]
                [0.         0.         0.         0.85539804 0.        ],
  "funcao_objetivo": 0.81759785898187458478327571649172516672837511236912,
  "confiabilidade_total": 0.99649785898187453273602032206438655166852251227147
}
 
Individuo 37:
{
  "Posicao": [6. 9. 1. 3. 8.]
             [1. 1. 2. 2. 1.],
  "Velocidade": [ 2.22702333  1.61872754 -1.47270223  2.37304864 -0.14602531]
                [ 0.          0.          0.88237643  0.88237643 -0.88237643],
  "funcao_objetivo": 0.87919587946634862947687213492065389376975607465397,
  "confiabilidade_total": 0.99177921279968188701898032050996740084983419965397
}
 
Individuo 38:
{
  "Posicao": [2. 5. 6. 3. 5.]
             [1. 1. 2. 2. 1.],
  "Velocidade": [-7.20561395 -3.87002415  5.71779788 -3.3355898  -2.6566739 ]
                [ 0.          0.         -0.40445008 -0.40445008  0.40445008],
  "funcao_objetivo": 0.85313686632748736122494651940497029061329682510847,
  "confiabilidade_total": 0.99088686632748737254922137058156700293433983963484
}
 
Individuo 39:
{
  "Posicao": [8. 7. 0. 4. 8.]
             [1. 1. 2. 2. 1.],
  "Velocidade": [ 1.74528336  0.384106   -2.64803623 -0.90745157  1.74528336]
                [ 0.          0.         -0.45372579 -0.45372579  0.        ],
  "funcao_objetivo": 0.87967864332904749179413460704673137078884584555894,
  "confiabilidade_total": 0.99266197666238066711867670402007727679688079009324
}
 
Individuo 40:
{
  "Posicao": [4. 9. 0. 5. 7.]
             [1. 1. 2. 2. 1.],
  "Velocidade": [ 3.10896872 -0.09915341 -0.54202982  0.          1.38151988]
                [ 0.          0.          0.74033664  0.74033664 -0.74033664],
  "funcao_objetivo": 0.93915068381075436490232770983413608229337377919497,
  "confiabilidade_total": 0.99173401714408771487050269546773157964078827275576
}
 
Individuo 41:
{
  "Posicao": [9. 9. 0. 9. 9.]
             [1. 1. 3. 3. 3.],
  "Velocidade": [ 2.4654158  2.4654158 -5.0367805  2.6773136  2.5713647]
                [0.         0.         1.28568235 1.28568235 2.5713647 ],
  "funcao_objetivo": -0.64208514503431147759246937380387725590379337005282,
  "confiabilidade_total": 0.99849818829902224890784441345155892611830135650968
}
 
Individuo 42:
{
  "Posicao": [9. 9. 0. 5. 9.]
             [1. 1. 3. 3. 2.],
  "Velocidade": [ 5.56187046  5.03171526 -8.5629105   0.          3.00104004]
                [0.        0.        0.5301552 0.5301552 0.5301552],
  "funcao_objetivo": 0.0059279044796823525647034026904921758157527446158075,
  "confiabilidade_total": 0.99879457114634908320982223508951307862823367112948
}
 
Individuo 43:
{
  "Posicao": [9. 9. 0. 4. 7.]
             [1. 1. 3. 3. 1.],
  "Velocidade": [ 1.96224573  2.76788961 -1.6825482  -0.80564389  0.52594636]
                [0.         0.         0.80564389 0.80564389 0.        ],
  "funcao_objetivo": 0.064930537039221168902050483428068924669078728334755,
  "confiabilidade_total": 0.99888053703922122681128344787623407316570653595194
}
 
Individuo 44:
{
  "Posicao": [9. 9. 0. 4. 9.]
             [1. 1. 3. 3. 1.],
  "Velocidade": [ 2.73393439  7.37060932 -5.19080416 -1.22843489  8.32197958]
                [0.         0.         1.22843489 1.22843489 0.        ],
  "funcao_objetivo": -0.0000819577666636512458063202193569785638681429022775,
  "confiabilidade_total": 0.99886804223333624235041899970564018723527278727350
}
 
Individuo 45:
{
  "Posicao": [5. 7. 3. 4. 7.]
             [1. 1. 1. 1. 1.],
  "Velocidade": [-1.33433158 -0.98304737  0.86089611 -0.35128421  0.12215126]
                [ 0.          0.         -1.10519863 -1.10519863  0.        ],
  "funcao_objetivo": 0.94099478003328264387346111082719044722030159803168,
  "confiabilidade_total": 0.94099478003328264387346111082719044722030159803168
}
 
Individuo 46:
{
  "Posicao": [8. 9. 0. 4. 9.]
             [1. 1. 2. 2. 1.],
  "Velocidade": [-1.43763462  2.6348947  -2.55476985 -5.4300391   6.70742403]
                [ 0.          0.          1.35750977  1.35750977 -1.35750977],
  "funcao_objetivo": 0.73790443467923650199136629132975462823504542726718,
  "confiabilidade_total": 0.99220443467923637535932810258439962751561736482822
}
 
Individuo 47:
{
  "Posicao": [9. 9. 0. 4. 8.]
             [1. 1. 2. 2. 1.],
  "Velocidade": [ 6.17247237  6.17247237 -4.8397956  -3.75257457 -1.33267677]
                [0.         0.         1.25085819 1.25085819 0.        ],
  "funcao_objetivo": 0.73780723975616985709721997087251937607512503400732,
  "confiabilidade_total": 0.99210723975616973046518178212716437535569697156836
}
 
Individuo 48:
{
  "Posicao": [7. 8. 1. 7. 7.]
             [1. 1. 2. 2. 1.],
  "Velocidade": [-1.35331896 -1.35331896 -0.05627222  2.76291013 -1.36925487]
                [ 0.          0.         -0.00796796 -0.00796796  0.        ],
  "funcao_objetivo": 0.96869321721563187229318013245541618716639911949230,
  "confiabilidade_total": 0.99079321721563195020863200064890219409686958610607
}
 
Individuo 49:
{
  "Posicao": [7. 9. 2. 6. 6.]
             [1. 1. 2. 2. 1.],
  "Velocidade": [ 2.07442188 -0.05969719 -3.43747074 -2.13411907  5.63128699]
                [0.         0.         0.71137302 0.71137302 0.        ],
  "funcao_objetivo": 0.83951121941909460496210795368021852942733798625766,
  "confiabilidade_total": 0.99017788608576138694393944474647786142854724529086
}
 
Individuo 50:
{
  "Posicao": [7. 9. 7. 8. 0.]
             [1. 1. 1. 1. 1.],
  "Velocidade": [ 0.05969191  1.55449716  3.52468366  2.14926223 -6.57398607]
                [ 0.          0.         -1.49480525 -1.49480525  0.        ],
  "funcao_objetivo": 0.93319547510330834664752639543308144836966378483095,
  "confiabilidade_total": 0.93319547510330834664752639543308144836966378483095
}
 
-----------------------------------------
Populacao final da era:
Individuo 1:
{
  "Posicao": [9. 9. 2. 5. 9.]
             [1. 1. 2. 2. 1.],
  "Velocidade": [0.94678288 0.94678288 1.89356576 0.         0.94678288]
                [0. 0. 0. 0. 0.],
  "funcao_objetivo": 0.90513125757031121446357520019786877639532849122890,
  "confiabilidade_total": 0.98971459090364459979235352014270008623541161348232
}
 
Individuo 2:
{
  "Posicao": [9. 9. 2. 8. 9.]
             [2. 1. 3. 2. 1.],
  "Velocidade": [0.96209033 0.96209033 1.92418066 3.0639119  1.50190736]
                [1.26204744 0.         1.26204744 0.         0.        ],
  "funcao_objetivo": 0.30548484549962874274811963966629924091329299591571,
  "confiabilidade_total": 0.99370151216629560804108689860430536630382262848407
}
 
Individuo 3:
{
  "Posicao": [6. 8. 1. 5. 7.]
             [1. 1. 1. 2. 1.],
  "Velocidade": [-3.35964622 -0.78722871 -0.32116658  0.         -1.01282654]
                [-1.95320531  0.         -1.95320531  0.          0.        ],
  "funcao_objetivo": 0.96938619525435628344286651407773719127623938321035,
  "confiabilidade_total": 0.96938619525435628344286651407773719127623938321035
}
 
Individuo 4:
{
  "Posicao": [3. 7. 0. 8. 3.]
             [1. 1. 1. 2. 1.],
  "Velocidade": [-5.68098106 -1.72386627 -5.20823366  5.48265193 -5.54016097]
                [ 0.          0.         -2.08881748  0.          0.        ],
  "funcao_objetivo": 0.97494360838553967889561290829187994711717014146297,
  "confiabilidade_total": 0.97494360838553967889561290829187994711717014146297
}
 
Individuo 5:
{
  "Posicao": [6. 6. 2. 4. 7.]
             [1. 3. 2. 2. 1.],
  "Velocidade": [ 1.64485454  0.27869094 -1.42761833  0.13439664  1.41772068]
                [0.         0.50231655 0.50231655 0.50231655 0.        ],
  "funcao_objetivo": 0.32224514424379190298573141468308822166665654101206,
  "confiabilidade_total": 0.99596181091045847784435543168014337223514180102183
}
 
Individuo 6:
{
  "Posicao": [9. 3. 5. 1. 9.]
             [1. 1. 2. 2. 1.],
  "Velocidade": [-0.10864306  2.3595885  -2.25094544  0.64901568 -0.10864306]
                [-1.55862362  0.          0.70780643  0.70780643  0.        ],
  "funcao_objetivo": 0.95232664109586155682429669970028052721527928796994,
  "confiabilidade_total": 0.99090997442919497068580675251163492594269628015744
}
 
Individuo 7:
{
  "Posicao": [7. 8. 0. 4. 8.]
             [1. 1. 2. 2. 1.],
  "Velocidade": [ 3.80694488  1.5340811  -2.16685866  2.72351555 -0.05300256]
                [-1.13643189  0.          1.13643189  1.13643189  0.        ],
  "funcao_objetivo": 0.87961840359382304622647386716425722757125947206984,
  "confiabilidade_total": 0.99260173692715622155101596413760313357929441660414
}
 
Individuo 8:
{
  "Posicao": [8. 0. 9. 1. 4.]
             [2. 1. 1. 1. 1.],
  "Velocidade": [ -0.7403413  -11.89092029   4.93721684  -1.23451088  -3.93597373]
                [0.32917083 0.         0.32917083 0.32917083 0.        ],
  "funcao_objetivo": 0.97694318610965492573255775960823438214437336646799,
  "confiabilidade_total": 0.97694318610965492573255775960823438214437336646799
}
 
Individuo 9:
{
  "Posicao": [0. 6. 7. 0. 2.]
             [1. 1. 2. 1. 1.],
  "Velocidade": [-11.7165059   -3.12591446   7.19545918 -10.28374492  -7.11821393]
                [ 0.          0.          0.         -3.99229947  0.        ],
  "funcao_objetivo": 0.97634084985386337313710498117844019957172699228710,
  "confiabilidade_total": 0.97634084985386337313710498117844019957172699228710
}
 
Individuo 10:
{
  "Posicao": [0. 1. 9. 5. 0.]
             [1. 1. 1. 2. 1.],
  "Velocidade": [-11.83551102  -8.24015369   9.28492234   0.          -8.24015369]
                [0.         0.         0.09743723 0.         0.        ],
  "funcao_objetivo": 0.97330570107671497721610909764126596528622534835695,
  "confiabilidade_total": 0.97330570107671497721610909764126596528622534835695
}
 
Individuo 11:
{
  "Posicao": [5. 9. 1. 6. 7.]
             [1. 1. 2. 2. 1.],
  "Velocidade": [ 2.8703175   0.86467674 -2.73980522 -1.9949778   0.89060241]
                [ 0.         -0.98452607  0.98452607  0.98452607 -0.98452607],
  "funcao_objetivo": 0.96125089045420612223522878835787997921645616596199,
  "confiabilidade_total": 0.99066755712087279999487384273756907894924258296944
}
 
Individuo 12:
{
  "Posicao": [8. 9. 0. 3. 8.]
             [1. 1. 3. 1. 1.],
  "Velocidade": [ 1.07933126 -0.3293613  -1.44712294 -1.72366724 -0.3293613 ]
                [ 0.          0.          0.69715297 -0.69715297  0.        ],
  "funcao_objetivo": 0.83120031035144750858257465313289395581959123397242,
  "confiabilidade_total": 0.96695031035144772629730978212609153289376134658228
}
 
Individuo 13:
{
  "Posicao": [3. 9. 0. 2. 3.]
             [1. 1. 2. 2. 1.],
  "Velocidade": [-1.81577043 -0.44753551  0.28880283 -1.11424601 -1.81577043]
                [0.30313409 0.         0.30313409 0.30313409 0.        ],
  "funcao_objetivo": 0.75476148489140212256889018727974984254696206815507,
  "confiabilidade_total": 0.99401148489140219628769902239014412667610482938554
}
 
Individuo 14:
{
  "Posicao": [9. 9. 3. 7. 9.]
             [1. 1. 1. 1. 1.],
  "Velocidade": [3.31077542 5.87769668 2.87486875 6.32078523 1.53754324]
                [-1.58019631  0.         -1.58019631 -1.58019631  0.        ],
  "funcao_objetivo": 0.93186462244846984431586749960675279026228455197379,
  "confiabilidade_total": 0.93186462244846984431586749960675279026228455197379
}
 
Individuo 15:
{
  "Posicao": [9. 9. 0. 5. 9.]
             [1. 1. 2. 2. 1.],
  "Velocidade": [ 1.73700814  1.73700814 -2.04600351  0.          0.59233435]
                [0.         0.         0.10401027 0.         0.10401027],
  "funcao_objetivo": 0.88548465071521139441242642018435831330551834791225,
  "confiabilidade_total": 0.99116798404854471799060011047798284478320809095424
}
 
Individuo 16:
{
  "Posicao": [9. 9. 9. 4. 9.]
             [2. 1. 3. 3. 1.],
  "Velocidade": [ 3.17707079  9.58052729  1.22070197 -0.43977728  1.80842403]
                [ 0.43977728  0.         -0.43977728 -0.43977728  0.        ],
  "funcao_objetivo": -0.33538493405682873799075302392213228580714932633822,
  "confiabilidade_total": 0.99878173260983776288260863205449101093052157209928
}
 
Individuo 17:
{
  "Posicao": [7. 7. 2. 5. 7.]
             [1. 1. 3. 2. 1.],
  "Velocidade": [ 3.92210346  1.25363305 -3.93164758  2.92498075  2.93452487]
                [0.         0.         1.68089182 0.         0.        ],
  "funcao_objetivo": 0.82629869096134285449574147695278971547553294560757,
  "confiabilidade_total": 0.99379869096134280897659746732137155810663455388394
}
 
Individuo 18:
{
  "Posicao": [4. 9. 2. 9. 9.]
             [1. 3. 1. 1. 3.],
  "Velocidade": [-2.70844462  0.61861778  0.94868267  3.3270624   0.61861778]
                [ 0.          2.27497965 -2.27497965 -2.27497965  2.27497965],
  "funcao_objetivo": 0.035171481241629947275693739624443403739553291911179,
  "confiabilidade_total": 0.97702148124163018983722015972864435549460013639360
}
 
Individuo 19:
{
  "Posicao": [9. 9. 0. 4. 6.]
             [1. 1. 3. 2. 1.],
  "Velocidade": [ 0.51508841  1.72503216 -1.39484473 -0.84527585  2.40644365]
                [0.         0.         0.84527585 0.         0.        ],
  "funcao_objetivo": 0.37455265417662390754879806061459069396856737999109,
  "confiabilidade_total": 0.99440265417662391962802456853629385377767992881922
}
 
Individuo 20:
{
  "Posicao": [1. 6. 2. 9. 9.]
             [1. 1. 2. 2. 1.],
  "Velocidade": [ 0.72090312  0.79762993 -1.67198666  0.71808701  3.82358715]
                [ 0.         -0.52992773  0.52992773  0.52992773  0.        ],
  "funcao_objetivo": 0.83365147737077681644731018103754832764537054516390,
  "confiabilidade_total": 0.99040147737077684464697500651652445440561491467074
}
 
Individuo 21:
{
  "Posicao": [4. 7. 7. 9. 9.]
             [1. 2. 1. 2. 1.],
  "Velocidade": [-1.18266913 -0.55915164  3.1017141   3.34330416  2.78415252]
                [ 0.          1.35989333 -1.35989333  0.          0.        ],
  "funcao_objetivo": 0.83897171850184220107197847308660549813862383163542,
  "confiabilidade_total": 0.97018838516850899665681757337259534168038010395140
}
 
Individuo 22:
{
  "Posicao": [0. 2. 9. 0. 9.]
             [1. 3. 2. 2. 1.],
  "Velocidade": [-4.67096187 -3.19373188  5.15644035 -4.87559705  8.85644525]
                [0.         0.69011367 0.69011367 0.69011367 0.        ],
  "funcao_objetivo": 0.15890670123256526961272951288324980433830983161628,
  "confiabilidade_total": 0.99585670123256501932405084138795933123478657722175
}
 
Individuo 23:
{
  "Posicao": [9. 9. 9. 8. 9.]
             [2. 1. 3. 3. 1.],
  "Velocidade": [4.32560122 4.32560122 8.75375832 3.32111783 3.21856194]
                [1.10703928 0.         1.10703928 1.10703928 0.        ],
  "funcao_objetivo": -0.085765993259230653468640707650410729011561367042004,
  "confiabilidade_total": 0.99845067340743595292031720870109016958806326674706
}
 
Individuo 24:
{
  "Posicao": [7. 9. 1. 4. 7.]
             [1. 1. 2. 3. 2.],
  "Velocidade": [ 0.94729024  0.39952778 -1.34681802  0.54776246  0.94729024]
                [ 0.          0.          0.         -0.27388123 -0.27388123],
  "funcao_objetivo": 0.25446702867717424748226821331225832570310359240575,
  "confiabilidade_total": 0.99635036201050764207030655863089518267627482653661
}
 
Individuo 25:
{
  "Posicao": [9. 9. 4. 4. 9.]
             [1. 1. 2. 2. 1.],
  "Velocidade": [ 1.79258723  2.96578817  3.97707357 -1.17320094  1.0112854 ]
                [ 0.39189911  0.         -0.39189911 -0.39189911  0.        ],
  "funcao_objetivo": 0.64206459678672155433672092689183051694892584256469,
  "confiabilidade_total": 0.98928126345338813063863487590158917006813227109252
}
 
Individuo 26:
{
  "Posicao": [9. 9. 0. 6. 8.]
             [1. 1. 2. 3. 1.],
  "Velocidade": [ 2.3447278   1.89354463 -4.0123152   1.12832356  3.24709414]
                [0.         0.         0.         1.12832356 0.        ],
  "funcao_objetivo": 0.54710659642730841516413899540904885011868084300211,
  "confiabilidade_total": 0.99637326309397520145363582202091555896358097422770
}
 
Individuo 27:
{
  "Posicao": [9. 6. 2. 2. 5.]
             [1. 1. 1. 2. 1.],
  "Velocidade": [ 2.88130734 -2.70935824  2.31540121 -5.16245683 -4.40770565]
                [ 0.          0.         -2.12655616  0.          0.        ],
  "funcao_objetivo": 0.95632148415424488919240347521646830045488133389262,
  "confiabilidade_total": 0.96757148415424495989973235603112546868492319542674
}
 
Individuo 28:
{
  "Posicao": [8. 9. 2. 5. 9.]
             [1. 1. 3. 2. 1.],
  "Velocidade": [2.04482259 2.72187018 1.85074634 2.84264454 3.82603154]
                [ 0.          0.         -0.42711376  0.          0.        ],
  "funcao_objetivo": 0.75116039846525778185093464664705109699465652949145,
  "confiabilidade_total": 0.99324373179859120992329941466040921314455887324145
}
 
Individuo 29:
{
  "Posicao": [9. 9. 0. 6. 9.]
             [1. 1. 2. 2. 1.],
  "Velocidade": [ 3.15704635  4.29500435 -3.06361273  1.137958    3.97362021]
                [0.         0.         0.32138414 0.32138414 0.        ],
  "funcao_objetivo": 0.75611033201418983031848939266760685901900902895359,
  "confiabilidade_total": 0.99116033201418967271122881688038438048025742678074
}
 
Individuo 30:
{
  "Posicao": [7. 9. 6. 6. 9.]
             [2. 1. 3. 3. 1.],
  "Velocidade": [-0.09787817  1.05272459  5.68093757 -0.0412267   5.89807108]
                [ 1.19182946  0.         -0.0412267  -0.0412267   0.        ],
  "funcao_objetivo": 0.060267610480805954607416246903953864577639204895447,
  "confiabilidade_total": 0.99873427714747257032224757010676970273576985064740
}
 
Individuo 31:
{
  "Posicao": [1. 6. 0. 9. 8.]
             [2. 1. 1. 1. 1.],
  "Velocidade": [-7.6096741  -2.97454779  0.18559756  6.96456052  0.09922019]
                [ 0.18694646  0.         -2.32943421 -2.32943421  0.        ],
  "funcao_objetivo": 0.96320267463743711213852551514613318731999972349632,
  "confiabilidade_total": 0.96320267463743711213852551514613318731999972349632
}
 
Individuo 32:
{
  "Posicao": [9. 9. 0. 4. 9.]
             [1. 2. 3. 3. 1.],
  "Velocidade": [ 2.63316142  4.74195002 -6.49583505 -0.8792764   0.87460863]
                [0.        0.8792764 0.8792764 0.8792764 0.       ],
  "funcao_objetivo": -0.33079104400359954040318387912976662619481631077550,
  "confiabilidade_total": 0.99947562266306716794865661879611094491114072047449
}
 
Individuo 33:
{
  "Posicao": [9. 9. 5. 5. 9.]
             [1. 2. 3. 3. 1.],
  "Velocidade": [1.28157094 2.5846046  4.74917312 0.         3.13419654]
                [0.         0.86153487 0.86153487 0.86153487 0.        ],
  "funcao_objetivo": 0.31833883112269444883569332633106021769098238622938,
  "confiabilidade_total": 0.99870549778936101294735846495660005695871309912000
}
 
Individuo 34:
{
  "Posicao": [6. 9. 3. 6. 7.]
             [1. 1. 3. 2. 1.],
  "Velocidade": [-0.00898036  1.23030069  2.92177711  0.23507804  0.22609768]
                [ 0.          0.         -0.23507804  0.          0.        ],
  "funcao_objetivo": 0.61076956271211780225215767208044420425661092797518,
  "confiabilidade_total": 0.99315289604545100937903830944139921069957500497103
}
 
Individuo 35:
{
  "Posicao": [8. 7. 9. 7. 4.]
             [1. 1. 1. 2. 1.],
  "Velocidade": [ 1.69712346  3.19899646  0.17841435 -1.51175742  3.21876529]
                [0.         0.         0.00988441 0.         0.        ],
  "funcao_objetivo": 0.95696979753305966956510252821065846562465255177869,
  "confiabilidade_total": 0.95696979753305966956510252821065846562465255177869
}
 
Individuo 36:
{
  "Posicao": [8. 9. 4. 5. 8.]
             [1. 1. 2. 2. 1.],
  "Velocidade": [0.32546519 0.32546519 4.32989806 0.         0.32546519]
                [ 0.          0.          0.         -0.73046208  0.        ],
  "funcao_objetivo": 0.95101317122983167196698659137855155343768479458005,
  "confiabilidade_total": 0.98876317122983180264023658975947636129913212886960
}
 
Individuo 37:
{
  "Posicao": [4. 6. 0. 1. 8.]
             [1. 1. 1. 1. 2.],
  "Velocidade": [-1.67800217 -2.97115039 -0.65245791 -1.53488276 -0.14311941]
                [ 0.          0.         -1.41401549 -1.41401549  1.41401549],
  "funcao_objetivo": 0.96043760385180534892592312224942981519431292641881,
  "confiabilidade_total": 0.96043760385180534892592312224942981519431292641881
}
 
Individuo 38:
{
  "Posicao": [0. 2. 7. 2. 6.]
             [1. 1. 1. 1. 3.],
  "Velocidade": [-4.33871186 -3.32495077  0.85908281 -1.01376109  0.77936962]
                [ 0.          0.         -2.41782205 -2.41782205  2.41782205],
  "funcao_objetivo": 0.79648129470949388020847379889297146313314306123254,
  "confiabilidade_total": 0.96264796137616053717919271716660434343342649323938
}
 
Individuo 39:
{
  "Posicao": [6. 5. 2. 3. 6.]
             [1. 1. 1. 1. 1.],
  "Velocidade": [-1.60108568 -1.91953255  1.82017689 -0.65754158 -1.60108568]
                [ 0.          0.         -0.99663629 -0.99663629  0.        ],
  "funcao_objetivo": 0.94520285100720121358665037739857174778471608311480,
  "confiabilidade_total": 0.94520285100720121358665037739857174778471608311480
}
 
Individuo 40:
{
  "Posicao": [5. 9. 1. 5. 8.]
             [1. 1. 2. 2. 1.],
  "Velocidade": [ 0.51664159 -0.09718026  0.60010992  0.          0.72141297]
                [ 0.         0.        -0.4057494 -0.4057494  0.4057494],
  "funcao_objetivo": 0.99063862693173546737338224943376950349957140489624,
  "confiabilidade_total": 0.99063862693173546737338224943376950349957140489624
}
 
Individuo 41:
{
  "Posicao": [9. 9. 4. 5. 9.]
             [1. 1. 2. 2. 2.],
  "Velocidade": [-0.4329563   1.50870197  4.02889651 -4.23494593  0.57853628]
                [ 0.          0.         -0.68156099 -0.68156099 -1.36312198],
  "funcao_objetivo": 0.53602310743821341583884527646468986009983196136521,
  "confiabilidade_total": 0.98962310743821336352513635612731367533830776092576
}
 
Individuo 42:
{
  "Posicao": [4. 7. 3. 5. 4.]
             [1. 1. 1. 1. 1.],
  "Velocidade": [-4.92338939 -1.72508351  2.70193747  0.         -5.21437007]
                [ 0.          0.         -3.19830588 -3.19830588 -3.19830588],
  "funcao_objetivo": 0.94130393378511749378617896271290713946122104987992,
  "confiabilidade_total": 0.94130393378511749378617896271290713946122104987992
}
 
Individuo 43:
{
  "Posicao": [0. 1. 3. 8. 9.]
             [1. 1. 1. 1. 1.],
  "Velocidade": [-9.30723065 -8.35846462  2.7794438   3.79805218  5.10314377]
                [ 0.          0.         -3.79805218 -3.79805218  0.        ],
  "funcao_objetivo": 0.95542606641152167021030076381583407860252750397711,
  "confiabilidade_total": 0.95542606641152167021030076381583407860252750397711
}
 
Individuo 44:
{
  "Posicao": [9. 9. 4. 4. 9.]
             [1. 1. 3. 3. 1.],
  "Velocidade": [-0.25203759  7.22393419  3.82116245  0.46123295  7.75749492]
                [ 0.          0.         -0.46123295 -0.46123295  0.        ],
  "funcao_objetivo": -0.025547869931758275122953264168025639596803360514178,
  "confiabilidade_total": 0.99830213006824154066884249002600117331423026985692
}
 
Individuo 45:
{
  "Posicao": [8. 9. 0. 5. 9.]
             [1. 1. 1. 1. 1.],
  "Velocidade": [ 2.85817401  1.9018127  -3.45418186  0.95636131  1.55236916]
                [0.         0.         0.34944354 0.34944354 0.        ],
  "funcao_objetivo": 0.94242820588084839426234594464525543368582449457946,
  "confiabilidade_total": 0.94242820588084839426234594464525543368582449457946
}
 
Individuo 46:
{
  "Posicao": [8. 9. 0. 5. 8.]
             [1. 1. 2. 2. 1.],
  "Velocidade": [-0.30328566  0.37098023  0.29244986  1.29279865 -1.14657372]
                [0.        0.        0.2247553 0.2247553 0.2247553],
  "funcao_objetivo": 0.99138612139113377379888785717806351870204943412355,
  "confiabilidade_total": 0.99138612139113377379888785717806351870204943412355
}
 
Individuo 47:
{
  "Posicao": [9. 9. 3. 2. 7.]
             [1. 1. 3. 3. 1.],
  "Velocidade": [ 3.59651194  4.11198284  3.1933578  -1.99983304 -0.91862503]
                [0.         0.         0.83843464 0.83843464 0.        ],
  "funcao_objetivo": 0.30362660919509275201632429101680027137298870864284,
  "confiabilidade_total": 0.99867660919509258663750254285348200986881542983424
}
 
Individuo 48:
{
  "Posicao": [7. 8. 0. 7. 7.]
             [1. 1. 2. 2. 1.],
  "Velocidade": [-0.11396311 -0.11396311 -1.2675772   0.28307861 -0.12958189]
                [ 0.          0.         -0.00780939 -0.00780939  0.        ],
  "funcao_objetivo": 0.94236099803314274682323857479763651512175970754671,
  "confiabilidade_total": 0.99166099803314281281489515851694127790242605886507
}
 
Individuo 49:
{
  "Posicao": [6. 9. 3. 7. 3.]
             [1. 1. 1. 1. 1.],
  "Velocidade": [-0.73339085 -0.05850922  0.65598689  0.67488163 -3.0298621 ]
                [ 0.          0.         -0.81079481 -0.81079481  0.        ],
  "funcao_objetivo": 0.93618440426698144189242163874536680593851331694297,
  "confiabilidade_total": 0.93618440426698144189242163874536680593851331694297
}
 
Individuo 50:
{
  "Posicao": [7. 9. 8. 9. 4.]
             [1. 1. 2. 2. 1.],
  "Velocidade": [0.36758363 1.52356266 1.29098534 1.17925315 3.97052705]
                [0.         0.         1.15597904 1.15597904 0.        ],
  "funcao_objetivo": 0.87784917207770080832714261223665939161108237501091,
  "confiabilidade_total": 0.98643250541103396170257551237066049344391924138969
}
 
-----------------------------------------
-----------------------------------------
-----------------------------------------
-----------------------------------------
GERACAO 4
Populacao antes da execucao:
Individuo 1:
{
  "Posicao": [9. 9. 2. 5. 9.]
             [1. 1. 2. 2. 1.],
  "Velocidade": [0.94678288 0.94678288 1.89356576 0.         0.94678288]
                [0. 0. 0. 0. 0.],
  "funcao_objetivo": 0.90513125757031121446357520019786877639532849122890,
  "confiabilidade_total": 0.98971459090364459979235352014270008623541161348232
}
 
Individuo 2:
{
  "Posicao": [9. 9. 2. 8. 9.]
             [2. 1. 3. 2. 1.],
  "Velocidade": [0.96209033 0.96209033 1.92418066 3.0639119  1.50190736]
                [1.26204744 0.         1.26204744 0.         0.        ],
  "funcao_objetivo": 0.30548484549962874274811963966629924091329299591571,
  "confiabilidade_total": 0.99370151216629560804108689860430536630382262848407
}
 
Individuo 3:
{
  "Posicao": [6. 8. 1. 5. 7.]
             [1. 1. 1. 2. 1.],
  "Velocidade": [-3.35964622 -0.78722871 -0.32116658  0.         -1.01282654]
                [-1.95320531  0.         -1.95320531  0.          0.        ],
  "funcao_objetivo": 0.96938619525435628344286651407773719127623938321035,
  "confiabilidade_total": 0.96938619525435628344286651407773719127623938321035
}
 
Individuo 4:
{
  "Posicao": [3. 7. 0. 8. 3.]
             [1. 1. 1. 2. 1.],
  "Velocidade": [-5.68098106 -1.72386627 -5.20823366  5.48265193 -5.54016097]
                [ 0.          0.         -2.08881748  0.          0.        ],
  "funcao_objetivo": 0.97494360838553967889561290829187994711717014146297,
  "confiabilidade_total": 0.97494360838553967889561290829187994711717014146297
}
 
Individuo 5:
{
  "Posicao": [6. 6. 2. 4. 7.]
             [1. 3. 2. 2. 1.],
  "Velocidade": [ 1.64485454  0.27869094 -1.42761833  0.13439664  1.41772068]
                [0.         0.50231655 0.50231655 0.50231655 0.        ],
  "funcao_objetivo": 0.32224514424379190298573141468308822166665654101206,
  "confiabilidade_total": 0.99596181091045847784435543168014337223514180102183
}
 
Individuo 6:
{
  "Posicao": [9. 3. 5. 1. 9.]
             [1. 1. 2. 2. 1.],
  "Velocidade": [-0.10864306  2.3595885  -2.25094544  0.64901568 -0.10864306]
                [-1.55862362  0.          0.70780643  0.70780643  0.        ],
  "funcao_objetivo": 0.95232664109586155682429669970028052721527928796994,
  "confiabilidade_total": 0.99090997442919497068580675251163492594269628015744
}
 
Individuo 7:
{
  "Posicao": [7. 8. 0. 4. 8.]
             [1. 1. 2. 2. 1.],
  "Velocidade": [ 3.80694488  1.5340811  -2.16685866  2.72351555 -0.05300256]
                [-1.13643189  0.          1.13643189  1.13643189  0.        ],
  "funcao_objetivo": 0.87961840359382304622647386716425722757125947206984,
  "confiabilidade_total": 0.99260173692715622155101596413760313357929441660414
}
 
Individuo 8:
{
  "Posicao": [8. 0. 9. 1. 4.]
             [2. 1. 1. 1. 1.],
  "Velocidade": [ -0.7403413  -11.89092029   4.93721684  -1.23451088  -3.93597373]
                [0.32917083 0.         0.32917083 0.32917083 0.        ],
  "funcao_objetivo": 0.97694318610965492573255775960823438214437336646799,
  "confiabilidade_total": 0.97694318610965492573255775960823438214437336646799
}
 
Individuo 9:
{
  "Posicao": [0. 6. 7. 0. 2.]
             [1. 1. 2. 1. 1.],
  "Velocidade": [-11.7165059   -3.12591446   7.19545918 -10.28374492  -7.11821393]
                [ 0.          0.          0.         -3.99229947  0.        ],
  "funcao_objetivo": 0.97634084985386337313710498117844019957172699228710,
  "confiabilidade_total": 0.97634084985386337313710498117844019957172699228710
}
 
Individuo 10:
{
  "Posicao": [0. 1. 9. 5. 0.]
             [1. 1. 1. 2. 1.],
  "Velocidade": [-11.83551102  -8.24015369   9.28492234   0.          -8.24015369]
                [0.         0.         0.09743723 0.         0.        ],
  "funcao_objetivo": 0.97330570107671497721610909764126596528622534835695,
  "confiabilidade_total": 0.97330570107671497721610909764126596528622534835695
}
 
Individuo 11:
{
  "Posicao": [5. 9. 1. 6. 7.]
             [1. 1. 2. 2. 1.],
  "Velocidade": [ 2.8703175   0.86467674 -2.73980522 -1.9949778   0.89060241]
                [ 0.         -0.98452607  0.98452607  0.98452607 -0.98452607],
  "funcao_objetivo": 0.96125089045420612223522878835787997921645616596199,
  "confiabilidade_total": 0.99066755712087279999487384273756907894924258296944
}
 
Individuo 12:
{
  "Posicao": [8. 9. 0. 3. 8.]
             [1. 1. 3. 1. 1.],
  "Velocidade": [ 1.07933126 -0.3293613  -1.44712294 -1.72366724 -0.3293613 ]
                [ 0.          0.          0.69715297 -0.69715297  0.        ],
  "funcao_objetivo": 0.83120031035144750858257465313289395581959123397242,
  "confiabilidade_total": 0.96695031035144772629730978212609153289376134658228
}
 
Individuo 13:
{
  "Posicao": [3. 9. 0. 2. 3.]
             [1. 1. 2. 2. 1.],
  "Velocidade": [-1.81577043 -0.44753551  0.28880283 -1.11424601 -1.81577043]
                [0.30313409 0.         0.30313409 0.30313409 0.        ],
  "funcao_objetivo": 0.75476148489140212256889018727974984254696206815507,
  "confiabilidade_total": 0.99401148489140219628769902239014412667610482938554
}
 
Individuo 14:
{
  "Posicao": [9. 9. 3. 7. 9.]
             [1. 1. 1. 1. 1.],
  "Velocidade": [3.31077542 5.87769668 2.87486875 6.32078523 1.53754324]
                [-1.58019631  0.         -1.58019631 -1.58019631  0.        ],
  "funcao_objetivo": 0.93186462244846984431586749960675279026228455197379,
  "confiabilidade_total": 0.93186462244846984431586749960675279026228455197379
}
 
Individuo 15:
{
  "Posicao": [9. 9. 0. 5. 9.]
             [1. 1. 2. 2. 1.],
  "Velocidade": [ 1.73700814  1.73700814 -2.04600351  0.          0.59233435]
                [0.         0.         0.10401027 0.         0.10401027],
  "funcao_objetivo": 0.88548465071521139441242642018435831330551834791225,
  "confiabilidade_total": 0.99116798404854471799060011047798284478320809095424
}
 
Individuo 16:
{
  "Posicao": [9. 9. 9. 4. 9.]
             [2. 1. 3. 3. 1.],
  "Velocidade": [ 3.17707079  9.58052729  1.22070197 -0.43977728  1.80842403]
                [ 0.43977728  0.         -0.43977728 -0.43977728  0.        ],
  "funcao_objetivo": -0.33538493405682873799075302392213228580714932633822,
  "confiabilidade_total": 0.99878173260983776288260863205449101093052157209928
}
 
Individuo 17:
{
  "Posicao": [7. 7. 2. 5. 7.]
             [1. 1. 3. 2. 1.],
  "Velocidade": [ 3.92210346  1.25363305 -3.93164758  2.92498075  2.93452487]
                [0.         0.         1.68089182 0.         0.        ],
  "funcao_objetivo": 0.82629869096134285449574147695278971547553294560757,
  "confiabilidade_total": 0.99379869096134280897659746732137155810663455388394
}
 
Individuo 18:
{
  "Posicao": [4. 9. 2. 9. 9.]
             [1. 3. 1. 1. 3.],
  "Velocidade": [-2.70844462  0.61861778  0.94868267  3.3270624   0.61861778]
                [ 0.          2.27497965 -2.27497965 -2.27497965  2.27497965],
  "funcao_objetivo": 0.035171481241629947275693739624443403739553291911179,
  "confiabilidade_total": 0.97702148124163018983722015972864435549460013639360
}
 
Individuo 19:
{
  "Posicao": [9. 9. 0. 4. 6.]
             [1. 1. 3. 2. 1.],
  "Velocidade": [ 0.51508841  1.72503216 -1.39484473 -0.84527585  2.40644365]
                [0.         0.         0.84527585 0.         0.        ],
  "funcao_objetivo": 0.37455265417662390754879806061459069396856737999109,
  "confiabilidade_total": 0.99440265417662391962802456853629385377767992881922
}
 
Individuo 20:
{
  "Posicao": [1. 6. 2. 9. 9.]
             [1. 1. 2. 2. 1.],
  "Velocidade": [ 0.72090312  0.79762993 -1.67198666  0.71808701  3.82358715]
                [ 0.         -0.52992773  0.52992773  0.52992773  0.        ],
  "funcao_objetivo": 0.83365147737077681644731018103754832764537054516390,
  "confiabilidade_total": 0.99040147737077684464697500651652445440561491467074
}
 
Individuo 21:
{
  "Posicao": [4. 7. 7. 9. 9.]
             [1. 2. 1. 2. 1.],
  "Velocidade": [-1.18266913 -0.55915164  3.1017141   3.34330416  2.78415252]
                [ 0.          1.35989333 -1.35989333  0.          0.        ],
  "funcao_objetivo": 0.83897171850184220107197847308660549813862383163542,
  "confiabilidade_total": 0.97018838516850899665681757337259534168038010395140
}
 
Individuo 22:
{
  "Posicao": [0. 2. 9. 0. 9.]
             [1. 3. 2. 2. 1.],
  "Velocidade": [-4.67096187 -3.19373188  5.15644035 -4.87559705  8.85644525]
                [0.         0.69011367 0.69011367 0.69011367 0.        ],
  "funcao_objetivo": 0.15890670123256526961272951288324980433830983161628,
  "confiabilidade_total": 0.99585670123256501932405084138795933123478657722175
}
 
Individuo 23:
{
  "Posicao": [9. 9. 9. 8. 9.]
             [2. 1. 3. 3. 1.],
  "Velocidade": [4.32560122 4.32560122 8.75375832 3.32111783 3.21856194]
                [1.10703928 0.         1.10703928 1.10703928 0.        ],
  "funcao_objetivo": -0.085765993259230653468640707650410729011561367042004,
  "confiabilidade_total": 0.99845067340743595292031720870109016958806326674706
}
 
Individuo 24:
{
  "Posicao": [7. 9. 1. 4. 7.]
             [1. 1. 2. 3. 2.],
  "Velocidade": [ 0.94729024  0.39952778 -1.34681802  0.54776246  0.94729024]
                [ 0.          0.          0.         -0.27388123 -0.27388123],
  "funcao_objetivo": 0.25446702867717424748226821331225832570310359240575,
  "confiabilidade_total": 0.99635036201050764207030655863089518267627482653661
}
 
Individuo 25:
{
  "Posicao": [9. 9. 4. 4. 9.]
             [1. 1. 2. 2. 1.],
  "Velocidade": [ 1.79258723  2.96578817  3.97707357 -1.17320094  1.0112854 ]
                [ 0.39189911  0.         -0.39189911 -0.39189911  0.        ],
  "funcao_objetivo": 0.64206459678672155433672092689183051694892584256469,
  "confiabilidade_total": 0.98928126345338813063863487590158917006813227109252
}
 
Individuo 26:
{
  "Posicao": [9. 9. 0. 6. 8.]
             [1. 1. 2. 3. 1.],
  "Velocidade": [ 2.3447278   1.89354463 -4.0123152   1.12832356  3.24709414]
                [0.         0.         0.         1.12832356 0.        ],
  "funcao_objetivo": 0.54710659642730841516413899540904885011868084300211,
  "confiabilidade_total": 0.99637326309397520145363582202091555896358097422770
}
 
Individuo 27:
{
  "Posicao": [9. 6. 2. 2. 5.]
             [1. 1. 1. 2. 1.],
  "Velocidade": [ 2.88130734 -2.70935824  2.31540121 -5.16245683 -4.40770565]
                [ 0.          0.         -2.12655616  0.          0.        ],
  "funcao_objetivo": 0.95632148415424488919240347521646830045488133389262,
  "confiabilidade_total": 0.96757148415424495989973235603112546868492319542674
}
 
Individuo 28:
{
  "Posicao": [8. 9. 2. 5. 9.]
             [1. 1. 3. 2. 1.],
  "Velocidade": [2.04482259 2.72187018 1.85074634 2.84264454 3.82603154]
                [ 0.          0.         -0.42711376  0.          0.        ],
  "funcao_objetivo": 0.75116039846525778185093464664705109699465652949145,
  "confiabilidade_total": 0.99324373179859120992329941466040921314455887324145
}
 
Individuo 29:
{
  "Posicao": [9. 9. 0. 6. 9.]
             [1. 1. 2. 2. 1.],
  "Velocidade": [ 3.15704635  4.29500435 -3.06361273  1.137958    3.97362021]
                [0.         0.         0.32138414 0.32138414 0.        ],
  "funcao_objetivo": 0.75611033201418983031848939266760685901900902895359,
  "confiabilidade_total": 0.99116033201418967271122881688038438048025742678074
}
 
Individuo 30:
{
  "Posicao": [7. 9. 6. 6. 9.]
             [2. 1. 3. 3. 1.],
  "Velocidade": [-0.09787817  1.05272459  5.68093757 -0.0412267   5.89807108]
                [ 1.19182946  0.         -0.0412267  -0.0412267   0.        ],
  "funcao_objetivo": 0.060267610480805954607416246903953864577639204895447,
  "confiabilidade_total": 0.99873427714747257032224757010676970273576985064740
}
 
Individuo 31:
{
  "Posicao": [1. 6. 0. 9. 8.]
             [2. 1. 1. 1. 1.],
  "Velocidade": [-7.6096741  -2.97454779  0.18559756  6.96456052  0.09922019]
                [ 0.18694646  0.         -2.32943421 -2.32943421  0.        ],
  "funcao_objetivo": 0.96320267463743711213852551514613318731999972349632,
  "confiabilidade_total": 0.96320267463743711213852551514613318731999972349632
}
 
Individuo 32:
{
  "Posicao": [9. 9. 0. 4. 9.]
             [1. 2. 3. 3. 1.],
  "Velocidade": [ 2.63316142  4.74195002 -6.49583505 -0.8792764   0.87460863]
                [0.        0.8792764 0.8792764 0.8792764 0.       ],
  "funcao_objetivo": -0.33079104400359954040318387912976662619481631077550,
  "confiabilidade_total": 0.99947562266306716794865661879611094491114072047449
}
 
Individuo 33:
{
  "Posicao": [9. 9. 5. 5. 9.]
             [1. 2. 3. 3. 1.],
  "Velocidade": [1.28157094 2.5846046  4.74917312 0.         3.13419654]
                [0.         0.86153487 0.86153487 0.86153487 0.        ],
  "funcao_objetivo": 0.31833883112269444883569332633106021769098238622938,
  "confiabilidade_total": 0.99870549778936101294735846495660005695871309912000
}
 
Individuo 34:
{
  "Posicao": [6. 9. 3. 6. 7.]
             [1. 1. 3. 2. 1.],
  "Velocidade": [-0.00898036  1.23030069  2.92177711  0.23507804  0.22609768]
                [ 0.          0.         -0.23507804  0.          0.        ],
  "funcao_objetivo": 0.61076956271211780225215767208044420425661092797518,
  "confiabilidade_total": 0.99315289604545100937903830944139921069957500497103
}
 
Individuo 35:
{
  "Posicao": [8. 7. 9. 7. 4.]
             [1. 1. 1. 2. 1.],
  "Velocidade": [ 1.69712346  3.19899646  0.17841435 -1.51175742  3.21876529]
                [0.         0.         0.00988441 0.         0.        ],
  "funcao_objetivo": 0.95696979753305966956510252821065846562465255177869,
  "confiabilidade_total": 0.95696979753305966956510252821065846562465255177869
}
 
Individuo 36:
{
  "Posicao": [8. 9. 4. 5. 8.]
             [1. 1. 2. 2. 1.],
  "Velocidade": [0.32546519 0.32546519 4.32989806 0.         0.32546519]
                [ 0.          0.          0.         -0.73046208  0.        ],
  "funcao_objetivo": 0.95101317122983167196698659137855155343768479458005,
  "confiabilidade_total": 0.98876317122983180264023658975947636129913212886960
}
 
Individuo 37:
{
  "Posicao": [4. 6. 0. 1. 8.]
             [1. 1. 1. 1. 2.],
  "Velocidade": [-1.67800217 -2.97115039 -0.65245791 -1.53488276 -0.14311941]
                [ 0.          0.         -1.41401549 -1.41401549  1.41401549],
  "funcao_objetivo": 0.96043760385180534892592312224942981519431292641881,
  "confiabilidade_total": 0.96043760385180534892592312224942981519431292641881
}
 
Individuo 38:
{
  "Posicao": [0. 2. 7. 2. 6.]
             [1. 1. 1. 1. 3.],
  "Velocidade": [-4.33871186 -3.32495077  0.85908281 -1.01376109  0.77936962]
                [ 0.          0.         -2.41782205 -2.41782205  2.41782205],
  "funcao_objetivo": 0.79648129470949388020847379889297146313314306123254,
  "confiabilidade_total": 0.96264796137616053717919271716660434343342649323938
}
 
Individuo 39:
{
  "Posicao": [6. 5. 2. 3. 6.]
             [1. 1. 1. 1. 1.],
  "Velocidade": [-1.60108568 -1.91953255  1.82017689 -0.65754158 -1.60108568]
                [ 0.          0.         -0.99663629 -0.99663629  0.        ],
  "funcao_objetivo": 0.94520285100720121358665037739857174778471608311480,
  "confiabilidade_total": 0.94520285100720121358665037739857174778471608311480
}
 
Individuo 40:
{
  "Posicao": [5. 9. 1. 5. 8.]
             [1. 1. 2. 2. 1.],
  "Velocidade": [ 0.51664159 -0.09718026  0.60010992  0.          0.72141297]
                [ 0.         0.        -0.4057494 -0.4057494  0.4057494],
  "funcao_objetivo": 0.99063862693173546737338224943376950349957140489624,
  "confiabilidade_total": 0.99063862693173546737338224943376950349957140489624
}
 
Individuo 41:
{
  "Posicao": [9. 9. 4. 5. 9.]
             [1. 1. 2. 2. 2.],
  "Velocidade": [-0.4329563   1.50870197  4.02889651 -4.23494593  0.57853628]
                [ 0.          0.         -0.68156099 -0.68156099 -1.36312198],
  "funcao_objetivo": 0.53602310743821341583884527646468986009983196136521,
  "confiabilidade_total": 0.98962310743821336352513635612731367533830776092576
}
 
Individuo 42:
{
  "Posicao": [4. 7. 3. 5. 4.]
             [1. 1. 1. 1. 1.],
  "Velocidade": [-4.92338939 -1.72508351  2.70193747  0.         -5.21437007]
                [ 0.          0.         -3.19830588 -3.19830588 -3.19830588],
  "funcao_objetivo": 0.94130393378511749378617896271290713946122104987992,
  "confiabilidade_total": 0.94130393378511749378617896271290713946122104987992
}
 
Individuo 43:
{
  "Posicao": [0. 1. 3. 8. 9.]
             [1. 1. 1. 1. 1.],
  "Velocidade": [-9.30723065 -8.35846462  2.7794438   3.79805218  5.10314377]
                [ 0.          0.         -3.79805218 -3.79805218  0.        ],
  "funcao_objetivo": 0.95542606641152167021030076381583407860252750397711,
  "confiabilidade_total": 0.95542606641152167021030076381583407860252750397711
}
 
Individuo 44:
{
  "Posicao": [9. 9. 4. 4. 9.]
             [1. 1. 3. 3. 1.],
  "Velocidade": [-0.25203759  7.22393419  3.82116245  0.46123295  7.75749492]
                [ 0.          0.         -0.46123295 -0.46123295  0.        ],
  "funcao_objetivo": -0.025547869931758275122953264168025639596803360514178,
  "confiabilidade_total": 0.99830213006824154066884249002600117331423026985692
}
 
Individuo 45:
{
  "Posicao": [8. 9. 0. 5. 9.]
             [1. 1. 1. 1. 1.],
  "Velocidade": [ 2.85817401  1.9018127  -3.45418186  0.95636131  1.55236916]
                [0.         0.         0.34944354 0.34944354 0.        ],
  "funcao_objetivo": 0.94242820588084839426234594464525543368582449457946,
  "confiabilidade_total": 0.94242820588084839426234594464525543368582449457946
}
 
Individuo 46:
{
  "Posicao": [8. 9. 0. 5. 8.]
             [1. 1. 2. 2. 1.],
  "Velocidade": [-0.30328566  0.37098023  0.29244986  1.29279865 -1.14657372]
                [0.        0.        0.2247553 0.2247553 0.2247553],
  "funcao_objetivo": 0.99138612139113377379888785717806351870204943412355,
  "confiabilidade_total": 0.99138612139113377379888785717806351870204943412355
}
 
Individuo 47:
{
  "Posicao": [9. 9. 3. 2. 7.]
             [1. 1. 3. 3. 1.],
  "Velocidade": [ 3.59651194  4.11198284  3.1933578  -1.99983304 -0.91862503]
                [0.         0.         0.83843464 0.83843464 0.        ],
  "funcao_objetivo": 0.30362660919509275201632429101680027137298870864284,
  "confiabilidade_total": 0.99867660919509258663750254285348200986881542983424
}
 
Individuo 48:
{
  "Posicao": [7. 8. 0. 7. 7.]
             [1. 1. 2. 2. 1.],
  "Velocidade": [-0.11396311 -0.11396311 -1.2675772   0.28307861 -0.12958189]
                [ 0.          0.         -0.00780939 -0.00780939  0.        ],
  "funcao_objetivo": 0.94236099803314274682323857479763651512175970754671,
  "confiabilidade_total": 0.99166099803314281281489515851694127790242605886507
}
 
Individuo 49:
{
  "Posicao": [6. 9. 3. 7. 3.]
             [1. 1. 1. 1. 1.],
  "Velocidade": [-0.73339085 -0.05850922  0.65598689  0.67488163 -3.0298621 ]
                [ 0.          0.         -0.81079481 -0.81079481  0.        ],
  "funcao_objetivo": 0.93618440426698144189242163874536680593851331694297,
  "confiabilidade_total": 0.93618440426698144189242163874536680593851331694297
}
 
Individuo 50:
{
  "Posicao": [7. 9. 8. 9. 4.]
             [1. 1. 2. 2. 1.],
  "Velocidade": [0.36758363 1.52356266 1.29098534 1.17925315 3.97052705]
                [0.         0.         1.15597904 1.15597904 0.        ],
  "funcao_objetivo": 0.87784917207770080832714261223665939161108237501091,
  "confiabilidade_total": 0.98643250541103396170257551237066049344391924138969
}
 
-----------------------------------------
Populacao final da era:
Individuo 1:
{
  "Posicao": [7. 9. 0. 5. 7.]
             [1. 1. 2. 2. 1.],
  "Velocidade": [-1.80964737  0.91866248 -3.61929473  0.         -1.80964737]
                [0. 0. 0. 0. 0.],
  "funcao_objetivo": 0.98840765295796023088267897467831789509581615411710,
  "confiabilidade_total": 0.99150765295796025375882439707966841052474667512845
}
 
Individuo 2:
{
  "Posicao": [8. 9. 1. 7. 9.]
             [2. 1. 3. 2. 1.],
  "Velocidade": [-0.54766147  0.93351529 -1.09532294 -1.47061962 -0.02387755]
                [-0.25661339  0.         -0.25661339  0.          0.        ],
  "funcao_objetivo": 0.39387437517346278454555647428650348580527472938210,
  "confiabilidade_total": 0.99414104184012937188308728807031815073537993873268
}
 
Individuo 3:
{
  "Posicao": [3. 7. 0. 5. 6.]
             [3. 1. 3. 2. 1.],
  "Velocidade": [-2.73045121 -0.624751   -0.57633269  0.         -0.71803951]
                [1.89519316 0.         1.50487924 0.         0.        ],
  "funcao_objetivo": 0.083202842062434388398074867072218338437149408153708,
  "confiabilidade_total": 0.99495284206243444879420740668073413748271215229433
}
 
Individuo 4:
{
  "Posicao": [0. 5. 5. 9. 0.]
             [1. 1. 3. 2. 1.],
  "Velocidade": [-5.35027984 -1.54408247  5.05354391  4.32949818 -4.89466681]
                [0.         0.         1.80299816 0.         0.        ],
  "funcao_objetivo": 0.76695625325828525628232171173477694899462063883208,
  "confiabilidade_total": 0.99302291992495200531273383192639016122244198892974
}
 
Individuo 5:
{
  "Posicao": [5. 6. 3. 3. 5.]
             [1. 2. 2. 2. 1.],
  "Velocidade": [-0.99868421 -0.14229672  0.6295821  -0.58705135 -1.66138807]
                [ 0.         -0.97712115 -0.09248894 -0.09248894  0.        ],
  "funcao_objetivo": 0.67706913213222113628903721207347057991914008386513,
  "confiabilidade_total": 0.99456913213222108521877807931626972043208335168740
}
 
Individuo 6:
{
  "Posicao": [7. 9. 0. 5. 7.]
             [2. 1. 2. 2. 1.],
  "Velocidade": [-2.02529637  7.70273776 -5.67744139  3.94779594 -2.02529637]
                [ 0.64003818  0.         -0.18550889 -0.18550889  0.        ],
  "funcao_objetivo": 0.75171890149190290700711606341597457745571699467856,
  "confiabilidade_total": 0.99371890149190306643514239958845378228922453252036
}
 
Individuo 7:
{
  "Posicao": [5. 7. 1. 2. 8.]
             [1. 1. 2. 2. 1.],
  "Velocidade": [-2.01493652 -1.4789916   0.63880159 -1.69553573 -0.05142833]
                [ 0.26797246  0.         -0.26797246 -0.26797246  0.        ],
  "funcao_objetivo": 0.95045466338040934574197314949833444582001899295709,
  "confiabilidade_total": 0.99312133004707617057841339109563623817341064029596
}
 
Individuo 8:
{
  "Posicao": [7. 0. 2. 5. 6.]
             [1. 1. 3. 3. 1.],
  "Velocidade": [-0.71835242  0.45297687 -7.20014837  4.13136641  1.51013971]
                [-1.01290865  0.          1.6516969   1.6516969   0.        ],
  "funcao_objetivo": 0.58148520188555966436495465183513727469591818397219,
  "confiabilidade_total": 0.99885186855222648060826868283372744417040072028811
}
 
Individuo 9:
{
  "Posicao": [9. 3. 9. 9. 0.]
             [1. 1. 2. 3. 1.],
  "Velocidade": [10.52747598 -2.71768243  6.24583862  9.45265868 -6.27601738]
                [0.         0.         0.         3.76859444 0.        ],
  "funcao_objetivo": 0.36945484065024817559135234663251339670842739931811,
  "confiabilidade_total": 0.99175484065024819539773110594530607786601635805835
}
 
Individuo 10:
{
  "Posicao": [9. 0. 9. 5. 6.]
             [1. 1. 1. 2. 1.],
  "Velocidade": [ 9.71931917 -6.23074755  7.02390235  0.          6.23074755]
                [0.         0.         0.31512642 0.         0.        ],
  "funcao_objetivo": 0.95817954327161654997662432607391581977652997724716,
  "confiabilidade_total": 0.95817954327161654997662432607391581977652997724716
}
 
Individuo 11:
{
  "Posicao": [3. 8. 6. 9. 5.]
             [1. 2. 1. 1. 2.],
  "Velocidade": [-2.49378879 -1.28811654  4.77348546  3.36907924 -2.31354205]
                [ 0.          1.17182686 -1.17182686 -1.17182686  1.17182686],
  "funcao_objetivo": 0.96728542528856698499262507297006691284440074741484,
  "confiabilidade_total": 0.96728542528856698499262507297006691284440074741484
}
 
Individuo 12:
{
  "Posicao": [7. 9. 0. 7. 8.]
             [1. 1. 1. 3. 1.],
  "Velocidade": [-0.7958754  -0.31957894  0.4390075   4.31101366 -0.31957894]
                [ 0.         0.        -2.3152963  2.3152963  0.       ],
  "funcao_objetivo": 0.91100465194035317660546385889386706393051118785580,
  "confiabilidade_total": 0.97710465194035302992279784541818494316029519969662
}
 
Individuo 13:
{
  "Posicao": [0. 9. 1. 0. 0.]
             [2. 1. 2. 2. 1.],
  "Velocidade": [-2.84776765 -0.43424325  1.38761728 -1.62196902 -2.84776765]
                [ 0.8478268   0.         -0.25956539 -0.25956539  0.        ],
  "funcao_objetivo": 0.41915201930822551463673007811743677969195704964991,
  "confiabilidade_total": 0.99721868597489213221673608269051560576178889779444
}
 
Individuo 14:
{
  "Posicao": [9. 9. 2. 9. 7.]
             [3. 1. 2. 2. 1.],
  "Velocidade": [-0.19736401  4.32682359 -0.55843788  2.06603866 -1.91792941]
                [1.5332629  0.         0.50024357 0.50024357 0.        ],
  "funcao_objetivo": 0.16976987436946136958330031735141609399697564909462,
  "confiabilidade_total": 0.99261987436946133991814109936723333387753747770790
}
 
Individuo 15:
{
  "Posicao": [9. 9. 2. 5. 9.]
             [1. 1. 2. 2. 1.],
  "Velocidade": [1.11840131 1.68541726 1.97638478 0.         0.00772548]
                [0.         0.         0.10092106 0.         0.10092106],
  "funcao_objetivo": 0.90513125757031121446357520019786877639532849122890,
  "confiabilidade_total": 0.98971459090364459979235352014270008623541161348232
}
 
Individuo 16:
{
  "Posicao": [9. 9. 0. 7. 8.]
             [1. 1. 1. 1. 1.],
  "Velocidade": [-2.30944070e-02  9.29597605e+00 -2.67677812e+01  2.67908756e+00
 -1.35109099e+00]
                [-2.67908756  0.         -3.53251847 -3.53251847  0.        ],
  "funcao_objetivo": 0.94110879725055974341316925288992477005940856018305,
  "confiabilidade_total": 0.94110879725055974341316925288992477005940856018305
}
 
Individuo 17:
{
  "Posicao": [0. 2. 9. 0. 0.]
             [1. 1. 1. 2. 1.],
  "Velocidade": [-10.46862799  -5.49892836  12.60407792  -6.86551849  -9.00096842]
                [ 0.          0.         -3.50204006  0.          0.        ],
  "funcao_objetivo": 0.95678133182395803685407398395614446187634720057732,
  "confiabilidade_total": 0.97528133182395790756860276635666532954443945140129
}
 
Individuo 18:
{
  "Posicao": [8. 9. 0. 6. 7.]
             [1. 1. 2. 2. 1.],
  "Velocidade": [ 4.00968891  0.60024421 -1.71432469 -3.4094447  -2.0852    ]
                [ 0.         -1.795449    0.88999522  0.88999522 -1.795449  ],
  "funcao_objetivo": 0.89767887912195887792254213093142289843546497234438,
  "confiabilidade_total": 0.99141221245529218186642163072915401252122866520022
}
 
Individuo 19:
{
  "Posicao": [7. 9. 0. 5. 7.]
             [1. 1. 2. 2. 1.],
  "Velocidade": [-1.60201086  0.33443861  0.01405807  1.28163032  1.18113763]
                [ 0.          0.         -1.28163032  0.          0.        ],
  "funcao_objetivo": 0.98840765295796023088267897467831789509581615411710,
  "confiabilidade_total": 0.99150765295796025375882439707966841052474667512845
}
 
Individuo 20:
{
  "Posicao": [5. 7. 2. 7. 9.]
             [1. 2. 1. 1. 1.],
  "Velocidade": [ 3.7414846   1.38275384 -0.40677691 -1.73641959  3.10172812]
                [ 0.          0.70188136 -0.70188136 -0.70188136  0.        ],
  "funcao_objetivo": 0.96656850510592965263366161276680520121133694858297,
  "confiabilidade_total": 0.96656850510592965263366161276680520121133694858297
}
 
Individuo 21:
{
  "Posicao": [9. 9. 0. 6. 9.]
             [1. 2. 1. 2. 1.],
  "Velocidade": [ 5.00936611  2.28939338 -7.39522518 -2.9129041   1.28549158]
                [ 0.         -0.09646569  0.09646569  0.          0.        ],
  "funcao_objetivo": 0.74065012927643236505908259220670895002843997853238,
  "confiabilidade_total": 0.97700012927643218917755103108940981611671111958462
}
 
Individuo 22:
{
  "Posicao": [9. 9. 0. 5. 0.]
             [1. 1. 1. 1. 1.],
  "Velocidade": [ 13.68703724  13.6661698  -12.47503712   4.73548718 -12.61728971]
                [ 0.         -4.43399088 -1.52554645 -1.52554645  0.        ],
  "funcao_objetivo": 0.94407872620537788911328668940518400517723526626082,
  "confiabilidade_total": 0.94407872620537788911328668940518400517723526626082
}
 
Individuo 23:
{
  "Posicao": [9. 9. 0. 1. 9.]
             [1. 1. 1. 1. 1.],
  "Velocidade": [  0.82309417   4.19712654 -21.87252837  -6.8996198   -0.25106493]
                [-2.29987327  0.         -2.29987327 -2.29987327  0.        ],
  "funcao_objetivo": 0.94988166618450618153648299281054316847135244737091,
  "confiabilidade_total": 0.94988166618450618153648299281054316847135244737091
}
 
Individuo 24:
{
  "Posicao": [9. 8. 0. 8. 9.]
             [1. 1. 2. 1. 1.],
  "Velocidade": [ 2.11185614 -1.45887175 -0.65298439  3.5707279   2.11185614]
                [ 0.          0.          0.         -3.30498121 -3.30498121],
  "funcao_objetivo": 0.96078182956031455328300518963872609050602176548164,
  "confiabilidade_total": 0.96078182956031455328300518963872609050602176548164
}
 
Individuo 25:
{
  "Posicao": [8. 9. 0. 5. 7.]
             [1. 1. 2. 2. 1.],
  "Velocidade": [-0.8706124   2.8777013  -6.58088148  1.4716023  -1.62870878]
                [ 0.38025931  0.         -0.38025931 -0.38025931  0.        ],
  "funcao_objetivo": 0.99141973297291823568156517919517796398567089635363,
  "confiabilidade_total": 0.99141973297291823568156517919517796398567089635363
}
 
Individuo 26:
{
  "Posicao": [5. 9. 3. 4. 4.]
             [1. 1. 2. 1. 1.],
  "Velocidade": [-3.62544728  1.83730446  3.15139112 -2.45754424 -3.89388436]
                [ 0.          0.          0.         -2.45754424  0.        ],
  "funcao_objetivo": 0.92145590419127433621071334216927640032791393833666,
  "confiabilidade_total": 0.96262257085794098624253835653568090298049944477587
}
 
Individuo 27:
{
  "Posicao": [9. 6. 3. 0. 3.]
             [1. 1. 2. 2. 1.],
  "Velocidade": [ 1.16159599  0.00806245  1.24381508 -1.61702638 -1.63984235]
                [0.         0.         1.18441197 0.         0.        ],
  "funcao_objetivo": 0.78094047273307962838991838005018233485168216800029,
  "confiabilidade_total": 0.99277380606641286306143225836127110920494793032939
}
 
Individuo 28:
{
  "Posicao": [9. 7. 3. 9. 3.]
             [1. 1. 1. 2. 1.],
  "Velocidade": [ 1.98408932 -1.55830648  0.9764144   4.85788235 -6.14578927]
                [ 0.          0.         -3.97361031  0.          0.        ],
  "funcao_objetivo": 0.96134190488072693623786758458544205435206490767316,
  "confiabilidade_total": 0.96134190488072693623786758458544205435206490767316
}
 
Individuo 29:
{
  "Posicao": [9. 9. 1. 5. 9.]
             [1. 1. 2. 2. 1.],
  "Velocidade": [ 0.91805944  4.16743843  1.0588731  -1.04105998  1.71038023]
                [0.         0.         0.31183871 0.31183871 0.        ],
  "funcao_objetivo": 0.94790038921873023229685693771815016719560260646259,
  "confiabilidade_total": 0.99021705588539711302747535406895798717673058383380
}
 
Individuo 30:
{
  "Posicao": [9. 9. 4. 3. 4.]
             [2. 1. 1. 1. 1.],
  "Velocidade": [ 3.12387844 -0.06264999 -1.87570544 -3.25885176 -5.08471031]
                [ 0.10579662  0.         -3.25885176 -3.25885176  0.        ],
  "funcao_objetivo": 0.92066758140827370043818753160900111853128279017491,
  "confiabilidade_total": 0.96133424807494032920924162440365787207132185267491
}
 
Individuo 31:
{
  "Posicao": [0. 5. 0. 9. 8.]
             [2. 1. 3. 3. 1.],
  "Velocidade": [-3.83860551 -1.36689203  0.18008513  4.73196116  0.09627325]
                [-0.32504228  0.          1.75381145  1.75381145  0.        ],
  "funcao_objetivo": -0.12607998512799490628519108194130801431380552107759,
  "confiabilidade_total": 0.99880334820533843989712338972050368018902498429351
}
 
Individuo 32:
{
  "Posicao": [9. 9. 6. 4. 9.]
             [1. 2. 3. 3. 1.],
  "Velocidade": [ 1.30136531  3.99461532  5.6964082   0.40042757 -0.40495671]
                [ 0.         -0.40042757 -0.40042757 -0.40042757  0.        ],
  "funcao_objetivo": -0.21304311528243207552979104358128507146675898830660,
  "confiabilidade_total": 0.99877355138423468859965421151245709052245304782621
}
 
Individuo 33:
{
  "Posicao": [8. 9. 8. 5. 8.]
             [1. 3. 2. 2. 1.],
  "Velocidade": [-1.22330218  0.32554798  3.18552835  0.         -0.88056227]
                [ 0.          0.5514285  -0.90343235 -0.90343235  0.        ],
  "funcao_objetivo": 0.52761040112337378628598028850609246431013643582667,
  "confiabilidade_total": 0.99326040112337398892388674308966422243138849576320
}
 
Individuo 34:
{
  "Posicao": [9. 8. 4. 3. 8.]
             [1. 1. 1. 2. 1.],
  "Velocidade": [ 3.89262362 -1.18201185  0.54664858 -2.91045833  0.98216529]
                [ 0.          0.         -3.36665031  0.          0.        ],
  "funcao_objetivo": 0.96178344532894443837347944808418363007692234838300,
  "confiabilidade_total": 0.96178344532894443837347944808418363007692234838300
}
 
Individuo 35:
{
  "Posicao": [9. 9. 0. 3. 9.]
             [1. 1. 2. 2. 1.],
  "Velocidade": [  0.8283288    5.38933225 -12.36152415  -4.16140009   8.1030573 ]
                [0.         0.         1.35686253 0.         0.        ],
  "funcao_objetivo": 0.72958423285300986406486717269041374118073216137944,
  "confiabilidade_total": 0.99233423285300965334453709883570236877544155774174
}
 
Individuo 36:
{
  "Posicao": [7. 8. 5. 5. 7.]
             [1. 1. 2. 1. 1.],
  "Velocidade": [-1.18151951 -1.18151951  1.26132259  0.         -1.18151951]
                [ 0.          0.          0.         -0.70876663  0.        ],
  "funcao_objetivo": 0.96022967134246300748664045948956591963179347267848,
  "confiabilidade_total": 0.96022967134246300748664045948956591963179347267848
}
 
Individuo 37:
{
  "Posicao": [8. 7. 1. 5. 8.]
             [1. 1. 1. 1. 2.],
  "Velocidade": [ 3.62940663  1.0602736   0.63307925  3.76827525 -0.13886862]
                [0.        0.        0.0576252 0.0576252 0.0576252],
  "funcao_objetivo": 0.94739569229596687462769622430771079680195784059939,
  "confiabilidade_total": 0.94739569229596687462769622430771079680195784059939
}
 
Individuo 38:
{
  "Posicao": [4. 7. 0. 5. 8.]
             [1. 1. 2. 2. 2.],
  "Velocidade": [ 4.33994269  5.369482   -6.64749948  3.3371318   1.77905744]
                [ 0.          0.          1.27728651  1.27728651 -0.90604905],
  "funcao_objetivo": 0.76659722853965334880377910775275221565013644524899,
  "confiabilidade_total": 0.99296389520632005091616620728525002957528350182858
}
 
Individuo 39:
{
  "Posicao": [0. 0. 9. 4. 0.]
             [1. 1. 1. 1. 1.],
  "Velocidade": [-6.85769635 -7.52419949 10.36804705  0.65335696 -6.85769635]
                [0.         0.         0.32135074 0.32135074 0.        ],
  "funcao_objetivo": 0.95953173544768099025506946920034802013374700462577,
  "confiabilidade_total": 0.95953173544768099025506946920034802013374700462577
}
 
Individuo 40:
{
  "Posicao": [9. 9. 0. 5. 9.]
             [1. 1. 2. 2. 1.],
  "Velocidade": [ 3.82752977 -0.09429391 -0.52645826  0.          0.69998628]
                [ 0.          0.         -0.39369824 -0.39369824  0.39369824],
  "funcao_objetivo": 0.88548465071521139441242642018435831330551834791225,
  "confiabilidade_total": 0.99116798404854471799060011047798284478320809095424
}
 
Individuo 41:
{
  "Posicao": [3. 9. 0. 3. 6.]
             [1. 1. 1. 1. 1.],
  "Velocidade": [-5.66702983 -0.44859273 -7.51607311 -2.19667906 -2.77309485]
                [ 0.          0.         -0.66131795 -0.66131795 -4.65708392],
  "funcao_objetivo": 0.94945072362623894105427437423702999871242154574645,
  "confiabilidade_total": 0.94945072362623894105427437423702999871242154574645
}
 
Individuo 42:
{
  "Posicao": [2. 5. 7. 5. 3.]
             [1. 1. 2. 2. 3.],
  "Velocidade": [-1.73417058 -2.40527741  4.46980822  0.         -0.5145587 ]
                [0.         0.         1.21610308 1.21610308 3.103313  ],
  "funcao_objetivo": 0.58335023796011865503026306977754721198071163006219,
  "confiabilidade_total": 0.99100023796011861186479187235146092030991237469110
}
 
Individuo 43:
{
  "Posicao": [4. 0. 4. 9. 9.]
             [1. 1. 3. 3. 1.],
  "Velocidade": [ 3.67660831 -2.75602158  0.68907093  1.67742562  4.28230177]
                [0.         0.         3.01597269 3.01597269 0.        ],
  "funcao_objetivo": -0.010135951408993571987116081489788509189076012165854,
  "confiabilidade_total": 0.99841404859100615249993812753136441928248923441618
}
 
Individuo 44:
{
  "Posicao": [4. 9. 0. 7. 9.]
             [1. 1. 1. 1. 1.],
  "Velocidade": [-4.83553799  7.00937612 -6.92748291  3.49276171  6.02762005]
                [ 0.          0.         -3.49276171 -3.49276171  0.        ],
  "funcao_objetivo": 0.94455145122855232225966544835543562071907321697744,
  "confiabilidade_total": 0.94455145122855232225966544835543562071907321697744
}
 
Individuo 45:
{
  "Posicao": [2. 7. 3. 2. 5.]
             [1. 1. 2. 2. 1.],
  "Velocidade": [-5.63897837 -2.36080391  2.9576071  -3.27817445 -3.58254658]
                [0.         0.         1.22174266 1.22174266 0.        ],
  "funcao_objetivo": 0.81453730978940840229689419702993954944104596798920,
  "confiabilidade_total": 0.99262064312274177352584010423528279590100690548920
}
 
Individuo 46:
{
  "Posicao": [8. 9. 0. 6. 7.]
             [1. 1. 2. 2. 1.],
  "Velocidade": [-0.29427777  0.35996174  0.28376381  1.25440124 -1.11251933]
                [0.         0.         0.21807984 0.21807984 0.21807984],
  "funcao_objetivo": 0.89767887912195887792254213093142289843546497234438,
  "confiabilidade_total": 0.99141221245529218186642163072915401252122866520022
}
 
Individuo 47:
{
  "Posicao": [9. 9. 3. 3. 7.]
             [1. 1. 3. 3. 1.],
  "Velocidade": [2.24269116 3.71709297 0.39399703 1.14594267 0.13745194]
                [ 0.          0.         -0.21526059 -0.21526059  0.        ],
  "funcao_objetivo": 0.24320167290354251331178579075990390273358412255603,
  "confiabilidade_total": 0.99845167290354226817454195352533977719571180810290
}
 
Individuo 48:
{
  "Posicao": [8. 9. 0. 5. 8.]
             [1. 1. 2. 2. 1.],
  "Velocidade": [ 0.84028822  0.84028822  0.14562582 -1.62706212  0.82513332]
                [ 0.          0.         -0.00757745 -0.00757745  0.        ],
  "funcao_objetivo": 0.99138612139113377379888785717806351870204943412355,
  "confiabilidade_total": 0.99138612139113377379888785717806351870204943412355
}
 
Individuo 49:
{
  "Posicao": [8. 9. 0. 5. 6.]
             [1. 1. 1. 1. 1.],
  "Velocidade": [ 1.75658132 -0.05677143 -3.06578117 -1.81335276  3.23060217]
                [0.         0.         0.44738148 0.44738148 0.        ],
  "funcao_objetivo": 0.94306335991193135102875782096288191065240104126145,
  "confiabilidade_total": 0.94306335991193135102875782096288191065240104126145
}
 
Individuo 50:
{
  "Posicao": [8. 9. 0. 4. 4.]
             [1. 1. 1. 1. 1.],
  "Velocidade": [ 1.41940992  1.47831133 -9.35921289 -5.21665097 -0.33604022]
                [ 0.          0.         -0.98825825 -0.98825825  0.        ],
  "funcao_objetivo": 0.94604167836062594779401679484420520858145818725779,
  "confiabilidade_total": 0.94604167836062594779401679484420520858145818725779
}
 
-----------------------------------------
-----------------------------------------
-----------------------------------------
-----------------------------------------
GERACAO 5
Populacao antes da execucao:
Individuo 1:
{
  "Posicao": [7. 9. 0. 5. 7.]
             [1. 1. 2. 2. 1.],
  "Velocidade": [-1.80964737  0.91866248 -3.61929473  0.         -1.80964737]
                [0. 0. 0. 0. 0.],
  "funcao_objetivo": 0.98840765295796023088267897467831789509581615411710,
  "confiabilidade_total": 0.99150765295796025375882439707966841052474667512845
}
 
Individuo 2:
{
  "Posicao": [8. 9. 1. 7. 9.]
             [2. 1. 3. 2. 1.],
  "Velocidade": [-0.54766147  0.93351529 -1.09532294 -1.47061962 -0.02387755]
                [-0.25661339  0.         -0.25661339  0.          0.        ],
  "funcao_objetivo": 0.39387437517346278454555647428650348580527472938210,
  "confiabilidade_total": 0.99414104184012937188308728807031815073537993873268
}
 
Individuo 3:
{
  "Posicao": [3. 7. 0. 5. 6.]
             [3. 1. 3. 2. 1.],
  "Velocidade": [-2.73045121 -0.624751   -0.57633269  0.         -0.71803951]
                [1.89519316 0.         1.50487924 0.         0.        ],
  "funcao_objetivo": 0.083202842062434388398074867072218338437149408153708,
  "confiabilidade_total": 0.99495284206243444879420740668073413748271215229433
}
 
Individuo 4:
{
  "Posicao": [0. 5. 5. 9. 0.]
             [1. 1. 3. 2. 1.],
  "Velocidade": [-5.35027984 -1.54408247  5.05354391  4.32949818 -4.89466681]
                [0.         0.         1.80299816 0.         0.        ],
  "funcao_objetivo": 0.76695625325828525628232171173477694899462063883208,
  "confiabilidade_total": 0.99302291992495200531273383192639016122244198892974
}
 
Individuo 5:
{
  "Posicao": [5. 6. 3. 3. 5.]
             [1. 2. 2. 2. 1.],
  "Velocidade": [-0.99868421 -0.14229672  0.6295821  -0.58705135 -1.66138807]
                [ 0.         -0.97712115 -0.09248894 -0.09248894  0.        ],
  "funcao_objetivo": 0.67706913213222113628903721207347057991914008386513,
  "confiabilidade_total": 0.99456913213222108521877807931626972043208335168740
}
 
Individuo 6:
{
  "Posicao": [7. 9. 0. 5. 7.]
             [2. 1. 2. 2. 1.],
  "Velocidade": [-2.02529637  7.70273776 -5.67744139  3.94779594 -2.02529637]
                [ 0.64003818  0.         -0.18550889 -0.18550889  0.        ],
  "funcao_objetivo": 0.75171890149190290700711606341597457745571699467856,
  "confiabilidade_total": 0.99371890149190306643514239958845378228922453252036
}
 
Individuo 7:
{
  "Posicao": [5. 7. 1. 2. 8.]
             [1. 1. 2. 2. 1.],
  "Velocidade": [-2.01493652 -1.4789916   0.63880159 -1.69553573 -0.05142833]
                [ 0.26797246  0.         -0.26797246 -0.26797246  0.        ],
  "funcao_objetivo": 0.95045466338040934574197314949833444582001899295709,
  "confiabilidade_total": 0.99312133004707617057841339109563623817341064029596
}
 
Individuo 8:
{
  "Posicao": [7. 0. 2. 5. 6.]
             [1. 1. 3. 3. 1.],
  "Velocidade": [-0.71835242  0.45297687 -7.20014837  4.13136641  1.51013971]
                [-1.01290865  0.          1.6516969   1.6516969   0.        ],
  "funcao_objetivo": 0.58148520188555966436495465183513727469591818397219,
  "confiabilidade_total": 0.99885186855222648060826868283372744417040072028811
}
 
Individuo 9:
{
  "Posicao": [9. 3. 9. 9. 0.]
             [1. 1. 2. 3. 1.],
  "Velocidade": [10.52747598 -2.71768243  6.24583862  9.45265868 -6.27601738]
                [0.         0.         0.         3.76859444 0.        ],
  "funcao_objetivo": 0.36945484065024817559135234663251339670842739931811,
  "confiabilidade_total": 0.99175484065024819539773110594530607786601635805835
}
 
Individuo 10:
{
  "Posicao": [9. 0. 9. 5. 6.]
             [1. 1. 1. 2. 1.],
  "Velocidade": [ 9.71931917 -6.23074755  7.02390235  0.          6.23074755]
                [0.         0.         0.31512642 0.         0.        ],
  "funcao_objetivo": 0.95817954327161654997662432607391581977652997724716,
  "confiabilidade_total": 0.95817954327161654997662432607391581977652997724716
}
 
Individuo 11:
{
  "Posicao": [3. 8. 6. 9. 5.]
             [1. 2. 1. 1. 2.],
  "Velocidade": [-2.49378879 -1.28811654  4.77348546  3.36907924 -2.31354205]
                [ 0.          1.17182686 -1.17182686 -1.17182686  1.17182686],
  "funcao_objetivo": 0.96728542528856698499262507297006691284440074741484,
  "confiabilidade_total": 0.96728542528856698499262507297006691284440074741484
}
 
Individuo 12:
{
  "Posicao": [7. 9. 0. 7. 8.]
             [1. 1. 1. 3. 1.],
  "Velocidade": [-0.7958754  -0.31957894  0.4390075   4.31101366 -0.31957894]
                [ 0.         0.        -2.3152963  2.3152963  0.       ],
  "funcao_objetivo": 0.91100465194035317660546385889386706393051118785580,
  "confiabilidade_total": 0.97710465194035302992279784541818494316029519969662
}
 
Individuo 13:
{
  "Posicao": [0. 9. 1. 0. 0.]
             [2. 1. 2. 2. 1.],
  "Velocidade": [-2.84776765 -0.43424325  1.38761728 -1.62196902 -2.84776765]
                [ 0.8478268   0.         -0.25956539 -0.25956539  0.        ],
  "funcao_objetivo": 0.41915201930822551463673007811743677969195704964991,
  "confiabilidade_total": 0.99721868597489213221673608269051560576178889779444
}
 
Individuo 14:
{
  "Posicao": [9. 9. 2. 9. 7.]
             [3. 1. 2. 2. 1.],
  "Velocidade": [-0.19736401  4.32682359 -0.55843788  2.06603866 -1.91792941]
                [1.5332629  0.         0.50024357 0.50024357 0.        ],
  "funcao_objetivo": 0.16976987436946136958330031735141609399697564909462,
  "confiabilidade_total": 0.99261987436946133991814109936723333387753747770790
}
 
Individuo 15:
{
  "Posicao": [9. 9. 2. 5. 9.]
             [1. 1. 2. 2. 1.],
  "Velocidade": [1.11840131 1.68541726 1.97638478 0.         0.00772548]
                [0.         0.         0.10092106 0.         0.10092106],
  "funcao_objetivo": 0.90513125757031121446357520019786877639532849122890,
  "confiabilidade_total": 0.98971459090364459979235352014270008623541161348232
}
 
Individuo 16:
{
  "Posicao": [9. 9. 0. 7. 8.]
             [1. 1. 1. 1. 1.],
  "Velocidade": [-2.30944070e-02  9.29597605e+00 -2.67677812e+01  2.67908756e+00
 -1.35109099e+00]
                [-2.67908756  0.         -3.53251847 -3.53251847  0.        ],
  "funcao_objetivo": 0.94110879725055974341316925288992477005940856018305,
  "confiabilidade_total": 0.94110879725055974341316925288992477005940856018305
}
 
Individuo 17:
{
  "Posicao": [0. 2. 9. 0. 0.]
             [1. 1. 1. 2. 1.],
  "Velocidade": [-10.46862799  -5.49892836  12.60407792  -6.86551849  -9.00096842]
                [ 0.          0.         -3.50204006  0.          0.        ],
  "funcao_objetivo": 0.95678133182395803685407398395614446187634720057732,
  "confiabilidade_total": 0.97528133182395790756860276635666532954443945140129
}
 
Individuo 18:
{
  "Posicao": [8. 9. 0. 6. 7.]
             [1. 1. 2. 2. 1.],
  "Velocidade": [ 4.00968891  0.60024421 -1.71432469 -3.4094447  -2.0852    ]
                [ 0.         -1.795449    0.88999522  0.88999522 -1.795449  ],
  "funcao_objetivo": 0.89767887912195887792254213093142289843546497234438,
  "confiabilidade_total": 0.99141221245529218186642163072915401252122866520022
}
 
Individuo 19:
{
  "Posicao": [7. 9. 0. 5. 7.]
             [1. 1. 2. 2. 1.],
  "Velocidade": [-1.60201086  0.33443861  0.01405807  1.28163032  1.18113763]
                [ 0.          0.         -1.28163032  0.          0.        ],
  "funcao_objetivo": 0.98840765295796023088267897467831789509581615411710,
  "confiabilidade_total": 0.99150765295796025375882439707966841052474667512845
}
 
Individuo 20:
{
  "Posicao": [5. 7. 2. 7. 9.]
             [1. 2. 1. 1. 1.],
  "Velocidade": [ 3.7414846   1.38275384 -0.40677691 -1.73641959  3.10172812]
                [ 0.          0.70188136 -0.70188136 -0.70188136  0.        ],
  "funcao_objetivo": 0.96656850510592965263366161276680520121133694858297,
  "confiabilidade_total": 0.96656850510592965263366161276680520121133694858297
}
 
Individuo 21:
{
  "Posicao": [9. 9. 0. 6. 9.]
             [1. 2. 1. 2. 1.],
  "Velocidade": [ 5.00936611  2.28939338 -7.39522518 -2.9129041   1.28549158]
                [ 0.         -0.09646569  0.09646569  0.          0.        ],
  "funcao_objetivo": 0.74065012927643236505908259220670895002843997853238,
  "confiabilidade_total": 0.97700012927643218917755103108940981611671111958462
}
 
Individuo 22:
{
  "Posicao": [9. 9. 0. 5. 0.]
             [1. 1. 1. 1. 1.],
  "Velocidade": [ 13.68703724  13.6661698  -12.47503712   4.73548718 -12.61728971]
                [ 0.         -4.43399088 -1.52554645 -1.52554645  0.        ],
  "funcao_objetivo": 0.94407872620537788911328668940518400517723526626082,
  "confiabilidade_total": 0.94407872620537788911328668940518400517723526626082
}
 
Individuo 23:
{
  "Posicao": [9. 9. 0. 1. 9.]
             [1. 1. 1. 1. 1.],
  "Velocidade": [  0.82309417   4.19712654 -21.87252837  -6.8996198   -0.25106493]
                [-2.29987327  0.         -2.29987327 -2.29987327  0.        ],
  "funcao_objetivo": 0.94988166618450618153648299281054316847135244737091,
  "confiabilidade_total": 0.94988166618450618153648299281054316847135244737091
}
 
Individuo 24:
{
  "Posicao": [9. 8. 0. 8. 9.]
             [1. 1. 2. 1. 1.],
  "Velocidade": [ 2.11185614 -1.45887175 -0.65298439  3.5707279   2.11185614]
                [ 0.          0.          0.         -3.30498121 -3.30498121],
  "funcao_objetivo": 0.96078182956031455328300518963872609050602176548164,
  "confiabilidade_total": 0.96078182956031455328300518963872609050602176548164
}
 
Individuo 25:
{
  "Posicao": [8. 9. 0. 5. 7.]
             [1. 1. 2. 2. 1.],
  "Velocidade": [-0.8706124   2.8777013  -6.58088148  1.4716023  -1.62870878]
                [ 0.38025931  0.         -0.38025931 -0.38025931  0.        ],
  "funcao_objetivo": 0.99141973297291823568156517919517796398567089635363,
  "confiabilidade_total": 0.99141973297291823568156517919517796398567089635363
}
 
Individuo 26:
{
  "Posicao": [5. 9. 3. 4. 4.]
             [1. 1. 2. 1. 1.],
  "Velocidade": [-3.62544728  1.83730446  3.15139112 -2.45754424 -3.89388436]
                [ 0.          0.          0.         -2.45754424  0.        ],
  "funcao_objetivo": 0.92145590419127433621071334216927640032791393833666,
  "confiabilidade_total": 0.96262257085794098624253835653568090298049944477587
}
 
Individuo 27:
{
  "Posicao": [9. 6. 3. 0. 3.]
             [1. 1. 2. 2. 1.],
  "Velocidade": [ 1.16159599  0.00806245  1.24381508 -1.61702638 -1.63984235]
                [0.         0.         1.18441197 0.         0.        ],
  "funcao_objetivo": 0.78094047273307962838991838005018233485168216800029,
  "confiabilidade_total": 0.99277380606641286306143225836127110920494793032939
}
 
Individuo 28:
{
  "Posicao": [9. 7. 3. 9. 3.]
             [1. 1. 1. 2. 1.],
  "Velocidade": [ 1.98408932 -1.55830648  0.9764144   4.85788235 -6.14578927]
                [ 0.          0.         -3.97361031  0.          0.        ],
  "funcao_objetivo": 0.96134190488072693623786758458544205435206490767316,
  "confiabilidade_total": 0.96134190488072693623786758458544205435206490767316
}
 
Individuo 29:
{
  "Posicao": [9. 9. 1. 5. 9.]
             [1. 1. 2. 2. 1.],
  "Velocidade": [ 0.91805944  4.16743843  1.0588731  -1.04105998  1.71038023]
                [0.         0.         0.31183871 0.31183871 0.        ],
  "funcao_objetivo": 0.94790038921873023229685693771815016719560260646259,
  "confiabilidade_total": 0.99021705588539711302747535406895798717673058383380
}
 
Individuo 30:
{
  "Posicao": [9. 9. 4. 3. 4.]
             [2. 1. 1. 1. 1.],
  "Velocidade": [ 3.12387844 -0.06264999 -1.87570544 -3.25885176 -5.08471031]
                [ 0.10579662  0.         -3.25885176 -3.25885176  0.        ],
  "funcao_objetivo": 0.92066758140827370043818753160900111853128279017491,
  "confiabilidade_total": 0.96133424807494032920924162440365787207132185267491
}
 
Individuo 31:
{
  "Posicao": [0. 5. 0. 9. 8.]
             [2. 1. 3. 3. 1.],
  "Velocidade": [-3.83860551 -1.36689203  0.18008513  4.73196116  0.09627325]
                [-0.32504228  0.          1.75381145  1.75381145  0.        ],
  "funcao_objetivo": -0.12607998512799490628519108194130801431380552107759,
  "confiabilidade_total": 0.99880334820533843989712338972050368018902498429351
}
 
Individuo 32:
{
  "Posicao": [9. 9. 6. 4. 9.]
             [1. 2. 3. 3. 1.],
  "Velocidade": [ 1.30136531  3.99461532  5.6964082   0.40042757 -0.40495671]
                [ 0.         -0.40042757 -0.40042757 -0.40042757  0.        ],
  "funcao_objetivo": -0.21304311528243207552979104358128507146675898830660,
  "confiabilidade_total": 0.99877355138423468859965421151245709052245304782621
}
 
Individuo 33:
{
  "Posicao": [8. 9. 8. 5. 8.]
             [1. 3. 2. 2. 1.],
  "Velocidade": [-1.22330218  0.32554798  3.18552835  0.         -0.88056227]
                [ 0.          0.5514285  -0.90343235 -0.90343235  0.        ],
  "funcao_objetivo": 0.52761040112337378628598028850609246431013643582667,
  "confiabilidade_total": 0.99326040112337398892388674308966422243138849576320
}
 
Individuo 34:
{
  "Posicao": [9. 8. 4. 3. 8.]
             [1. 1. 1. 2. 1.],
  "Velocidade": [ 3.89262362 -1.18201185  0.54664858 -2.91045833  0.98216529]
                [ 0.          0.         -3.36665031  0.          0.        ],
  "funcao_objetivo": 0.96178344532894443837347944808418363007692234838300,
  "confiabilidade_total": 0.96178344532894443837347944808418363007692234838300
}
 
Individuo 35:
{
  "Posicao": [9. 9. 0. 3. 9.]
             [1. 1. 2. 2. 1.],
  "Velocidade": [  0.8283288    5.38933225 -12.36152415  -4.16140009   8.1030573 ]
                [0.         0.         1.35686253 0.         0.        ],
  "funcao_objetivo": 0.72958423285300986406486717269041374118073216137944,
  "confiabilidade_total": 0.99233423285300965334453709883570236877544155774174
}
 
Individuo 36:
{
  "Posicao": [7. 8. 5. 5. 7.]
             [1. 1. 2. 1. 1.],
  "Velocidade": [-1.18151951 -1.18151951  1.26132259  0.         -1.18151951]
                [ 0.          0.          0.         -0.70876663  0.        ],
  "funcao_objetivo": 0.96022967134246300748664045948956591963179347267848,
  "confiabilidade_total": 0.96022967134246300748664045948956591963179347267848
}
 
Individuo 37:
{
  "Posicao": [8. 7. 1. 5. 8.]
             [1. 1. 1. 1. 2.],
  "Velocidade": [ 3.62940663  1.0602736   0.63307925  3.76827525 -0.13886862]
                [0.        0.        0.0576252 0.0576252 0.0576252],
  "funcao_objetivo": 0.94739569229596687462769622430771079680195784059939,
  "confiabilidade_total": 0.94739569229596687462769622430771079680195784059939
}
 
Individuo 38:
{
  "Posicao": [4. 7. 0. 5. 8.]
             [1. 1. 2. 2. 2.],
  "Velocidade": [ 4.33994269  5.369482   -6.64749948  3.3371318   1.77905744]
                [ 0.          0.          1.27728651  1.27728651 -0.90604905],
  "funcao_objetivo": 0.76659722853965334880377910775275221565013644524899,
  "confiabilidade_total": 0.99296389520632005091616620728525002957528350182858
}
 
Individuo 39:
{
  "Posicao": [0. 0. 9. 4. 0.]
             [1. 1. 1. 1. 1.],
  "Velocidade": [-6.85769635 -7.52419949 10.36804705  0.65335696 -6.85769635]
                [0.         0.         0.32135074 0.32135074 0.        ],
  "funcao_objetivo": 0.95953173544768099025506946920034802013374700462577,
  "confiabilidade_total": 0.95953173544768099025506946920034802013374700462577
}
 
Individuo 40:
{
  "Posicao": [9. 9. 0. 5. 9.]
             [1. 1. 2. 2. 1.],
  "Velocidade": [ 3.82752977 -0.09429391 -0.52645826  0.          0.69998628]
                [ 0.          0.         -0.39369824 -0.39369824  0.39369824],
  "funcao_objetivo": 0.88548465071521139441242642018435831330551834791225,
  "confiabilidade_total": 0.99116798404854471799060011047798284478320809095424
}
 
Individuo 41:
{
  "Posicao": [3. 9. 0. 3. 6.]
             [1. 1. 1. 1. 1.],
  "Velocidade": [-5.66702983 -0.44859273 -7.51607311 -2.19667906 -2.77309485]
                [ 0.          0.         -0.66131795 -0.66131795 -4.65708392],
  "funcao_objetivo": 0.94945072362623894105427437423702999871242154574645,
  "confiabilidade_total": 0.94945072362623894105427437423702999871242154574645
}
 
Individuo 42:
{
  "Posicao": [2. 5. 7. 5. 3.]
             [1. 1. 2. 2. 3.],
  "Velocidade": [-1.73417058 -2.40527741  4.46980822  0.         -0.5145587 ]
                [0.         0.         1.21610308 1.21610308 3.103313  ],
  "funcao_objetivo": 0.58335023796011865503026306977754721198071163006219,
  "confiabilidade_total": 0.99100023796011861186479187235146092030991237469110
}
 
Individuo 43:
{
  "Posicao": [4. 0. 4. 9. 9.]
             [1. 1. 3. 3. 1.],
  "Velocidade": [ 3.67660831 -2.75602158  0.68907093  1.67742562  4.28230177]
                [0.         0.         3.01597269 3.01597269 0.        ],
  "funcao_objetivo": -0.010135951408993571987116081489788509189076012165854,
  "confiabilidade_total": 0.99841404859100615249993812753136441928248923441618
}
 
Individuo 44:
{
  "Posicao": [4. 9. 0. 7. 9.]
             [1. 1. 1. 1. 1.],
  "Velocidade": [-4.83553799  7.00937612 -6.92748291  3.49276171  6.02762005]
                [ 0.          0.         -3.49276171 -3.49276171  0.        ],
  "funcao_objetivo": 0.94455145122855232225966544835543562071907321697744,
  "confiabilidade_total": 0.94455145122855232225966544835543562071907321697744
}
 
Individuo 45:
{
  "Posicao": [2. 7. 3. 2. 5.]
             [1. 1. 2. 2. 1.],
  "Velocidade": [-5.63897837 -2.36080391  2.9576071  -3.27817445 -3.58254658]
                [0.         0.         1.22174266 1.22174266 0.        ],
  "funcao_objetivo": 0.81453730978940840229689419702993954944104596798920,
  "confiabilidade_total": 0.99262064312274177352584010423528279590100690548920
}
 
Individuo 46:
{
  "Posicao": [8. 9. 0. 6. 7.]
             [1. 1. 2. 2. 1.],
  "Velocidade": [-0.29427777  0.35996174  0.28376381  1.25440124 -1.11251933]
                [0.         0.         0.21807984 0.21807984 0.21807984],
  "funcao_objetivo": 0.89767887912195887792254213093142289843546497234438,
  "confiabilidade_total": 0.99141221245529218186642163072915401252122866520022
}
 
Individuo 47:
{
  "Posicao": [9. 9. 3. 3. 7.]
             [1. 1. 3. 3. 1.],
  "Velocidade": [2.24269116 3.71709297 0.39399703 1.14594267 0.13745194]
                [ 0.          0.         -0.21526059 -0.21526059  0.        ],
  "funcao_objetivo": 0.24320167290354251331178579075990390273358412255603,
  "confiabilidade_total": 0.99845167290354226817454195352533977719571180810290
}
 
Individuo 48:
{
  "Posicao": [8. 9. 0. 5. 8.]
             [1. 1. 2. 2. 1.],
  "Velocidade": [ 0.84028822  0.84028822  0.14562582 -1.62706212  0.82513332]
                [ 0.          0.         -0.00757745 -0.00757745  0.        ],
  "funcao_objetivo": 0.99138612139113377379888785717806351870204943412355,
  "confiabilidade_total": 0.99138612139113377379888785717806351870204943412355
}
 
Individuo 49:
{
  "Posicao": [8. 9. 0. 5. 6.]
             [1. 1. 1. 1. 1.],
  "Velocidade": [ 1.75658132 -0.05677143 -3.06578117 -1.81335276  3.23060217]
                [0.         0.         0.44738148 0.44738148 0.        ],
  "funcao_objetivo": 0.94306335991193135102875782096288191065240104126145,
  "confiabilidade_total": 0.94306335991193135102875782096288191065240104126145
}
 
Individuo 50:
{
  "Posicao": [8. 9. 0. 4. 4.]
             [1. 1. 1. 1. 1.],
  "Velocidade": [ 1.41940992  1.47831133 -9.35921289 -5.21665097 -0.33604022]
                [ 0.          0.         -0.98825825 -0.98825825  0.        ],
  "funcao_objetivo": 0.94604167836062594779401679484420520858145818725779,
  "confiabilidade_total": 0.94604167836062594779401679484420520858145818725779
}
 
-----------------------------------------
Populacao final da era:
Individuo 1:
{
  "Posicao": [6. 9. 3. 5. 6.]
             [1. 1. 2. 2. 1.],
  "Velocidade": [-0.66971185  0.88246351  3.47668008  0.         -1.02388515]
                [0. 0. 0. 0. 0.],
  "funcao_objetivo": 0.88754123039229493306922149871488967512111354906927,
  "confiabilidade_total": 0.98929123039229499568580008757371855501393962939154
}
 
Individuo 2:
{
  "Posicao": [7. 9. 0. 1. 6.]
             [1. 1. 1. 2. 1.],
  "Velocidade": [-0.52608142  0.89673106 -3.12093637 -5.55021839 -2.58760124]
                [-2.31527533  0.         -2.31527533  0.          0.        ],
  "funcao_objetivo": 0.97495349420020430476294472270878356611855797668486,
  "confiabilidade_total": 0.97495349420020430476294472270878356611855797668486
}
 
Individuo 3:
{
  "Posicao": [9. 9. 2. 5. 9.]
             [1. 1. 1. 2. 1.],
  "Velocidade": [11.70252392  2.14108684  1.93715513  0.          3.17164221]
                [-5.9022612  0.        -2.4158071  0.         0.       ],
  "funcao_objetivo": 0.96443384670258391768821628993895981804519265644746,
  "confiabilidade_total": 0.96443384670258391768821628993895981804519265644746
}
 
Individuo 4:
{
  "Posicao": [2. 9. 0. 6. 3.]
             [1. 1. 1. 2. 1.],
  "Velocidade": [ 1.73408285  3.97549534 -9.55137179 -3.32180076  3.33451502]
                [ 0.          0.         -3.17116898  0.          0.        ],
  "funcao_objetivo": 0.94658873069695314186937941930364894792673708052132,
  "confiabilidade_total": 0.97658873069695309565634601928150795279306889624092
}
 
Individuo 5:
{
  "Posicao": [0. 5. 6. 3. 0.]
             [1. 1. 1. 1. 1.],
  "Velocidade": [-4.60611538 -0.8923303   2.80598603  0.37789173 -4.99082586]
                [ 0.         -2.1323098  -1.53441585 -1.53441585  0.        ],
  "funcao_objetivo": 0.95210323192978166552784140946911675737265971848390,
  "confiabilidade_total": 0.95210323192978166552784140946911675737265971848390
}
 
Individuo 6:
{
  "Posicao": [7. 8. 3. 3. 6.]
             [1. 1. 1. 1. 1.],
  "Velocidade": [ 0.39628403 -0.87669024  2.82218185 -2.11912683 -0.76321884]
                [-0.54468475  0.         -1.36047187 -1.36047187  0.        ],
  "funcao_objetivo": 0.94057238507845612039321288366227543562558148074759,
  "confiabilidade_total": 0.94057238507845612039321288366227543562558148074759
}
 
Individuo 7:
{
  "Posicao": [0. 3. 3. 0. 7.]
             [3. 1. 1. 1. 1.],
  "Velocidade": [-5.10766938 -3.53546636  1.67100672 -2.95901658 -0.83386306]
                [ 2.09925095  0.         -2.09925095 -2.09925095  0.        ],
  "funcao_objetivo": 0.78425239304326364456599059872510389311211374047817,
  "confiabilidade_total": 0.97940239304326373879061869866213947886573341134609
}
 
Individuo 8:
{
  "Posicao": [8. 9. 0. 8. 8.]
             [2. 1. 3. 3. 1.],
  "Velocidade": [ 0.5411921   9.76143459 -7.62407063  3.18864507  2.09692598]
                [ 0.77801375  0.         -0.16039262 -0.16039262  0.        ],
  "funcao_objetivo": 0.14746478289112953090438271039424189372738819796825,
  "confiabilidade_total": 0.99883144955779635791686008025685050531109791476512
}
 
Individuo 9:
{
  "Posicao": [5. 9. 1. 0. 6.]
             [1. 1. 2. 2. 1.],
  "Velocidade": [-4.40210288  9.33523289 -8.23554844 -9.19740263  5.69800248]
                [ 0.          0.          0.         -0.58095387  0.        ],
  "funcao_objetivo": 0.88986583519290002758729101420105079697263870715423,
  "confiabilidade_total": 0.99426583519290005161806838221256411444214616298003
}
 
Individuo 10:
{
  "Posicao": [0. 3. 8. 5. 0.]
             [1. 1. 2. 2. 1.],
  "Velocidade": [-10.11934565   3.37874443  -0.54512823   0.          -5.63480668]
                [0.         0.         1.11296038 0.         0.        ],
  "funcao_objetivo": 0.98044893889614218390911263337110957575469313393365,
  "confiabilidade_total": 0.99136560556280875156238922055089877897380886803399
}
 
Individuo 11:
{
  "Posicao": [6. 8. 2. 7. 5.]
             [1. 2. 1. 1. 2.],
  "Velocidade": [ 2.85684135  0.09176167 -4.08595733 -2.08016104  0.4358633 ]
                [ 0.         -0.20346907  0.20346907  0.20346907 -0.20346907],
  "funcao_objetivo": 0.97056465290915266054392871201071428110163086969523,
  "confiabilidade_total": 0.97056465290915266054392871201071428110163086969523
}
 
Individuo 12:
{
  "Posicao": [8. 9. 2. 6. 6.]
             [1. 1. 1. 3. 1.],
  "Velocidade": [ 0.52140986 -0.30698625  1.68090521 -0.94909936 -1.59291084]
                [ 0.          0.          0.32105656 -0.32105656  0.        ],
  "funcao_objetivo": 0.83938036223884207388012045694070808643452898183888,
  "confiabilidade_total": 0.97104702890550883898656197370458800399653688589161
}
 
Individuo 13:
{
  "Posicao": [3. 9. 3. 3. 2.]
             [2. 1. 1. 1. 1.],
  "Velocidade": [ 2.79846112 -0.41713234  2.45333064  2.50475028  2.30805842]
                [ 0.32401633  0.         -1.8601312  -1.8601312   0.        ],
  "funcao_objetivo": 0.88286586892370857849472563451282677539951071026636,
  "confiabilidade_total": 0.96403253559037509058133983920353113041586145642115
}
 
Individuo 14:
{
  "Posicao": [3. 9. 1. 0. 5.]
             [1. 1. 2. 2. 1.],
  "Velocidade": [-5.52121651  1.67489998 -1.27397408 -9.41617126 -1.84235534]
                [-4.22755365  0.          0.48053197  0.48053197  0.        ],
  "funcao_objetivo": 0.87630801520463563913377838148547655944960758011846,
  "confiabilidade_total": 0.99455801520463561579133928874156029704275175850897
}
 
Individuo 15:
{
  "Posicao": [9. 9. 3. 5. 9.]
             [1. 1. 2. 2. 1.],
  "Velocidade": [ 0.72960326  1.6190051   1.40142083  0.         -0.48966544]
                [0.         0.         0.09694437 0.         0.09694437],
  "funcao_objetivo": 0.91376599197978124315270640762753398928546976554586,
  "confiabilidade_total": 0.98868265864644798561059822203822048220539164054586
}
 
Individuo 16:
{
  "Posicao": [6. 9. 9. 5. 6.]
             [3. 1. 2. 2. 1.],
  "Velocidade": [-2.51836412  8.9296775  25.71302385 -2.41883863 -2.25988117]
                [2.57352082 0.         0.89714342 0.89714342 0.        ],
  "funcao_objetivo": 0.38548567581446515122215083476533237106293870352939,
  "confiabilidade_total": 0.99326900914779857658557142269330852857917977713779
}
 
Individuo 17:
{
  "Posicao": [8. 0. 9. 5. 7.]
             [1. 1. 3. 2. 1.],
  "Velocidade": [ 8.02864929 -3.28654151 10.04818811  5.25392963  6.65058722]
                [0.         0.         3.13524139 0.         0.        ],
  "funcao_objetivo": 0.69778705611004862038037805132796144037263596582808,
  "confiabilidade_total": 0.99477038944338223321605857745987101382332051325240
}
 
Individuo 18:
{
  "Posicao": [9. 9. 0. 3. 6.]
             [1. 2. 2. 2. 2.],
  "Velocidade": [ 1.26170721  0.57659219  0.07988251 -2.71553082 -1.13970682]
                [ 0.          0.86137316 -0.00840213 -0.00840213  0.86137316],
  "funcao_objetivo": 0.15297567383973418011746212716135454493752384757692,
  "confiabilidade_total": 0.99679234050640095046415632015597333329907322501833
}
 
Individuo 19:
{
  "Posicao": [8. 8. 1. 6. 5.]
             [1. 1. 1. 2. 1.],
  "Velocidade": [ 1.09814145 -0.8363046   1.17106912  1.23112897 -2.33809889]
                [ 0.          0.         -1.23112897  0.          0.        ],
  "funcao_objetivo": 0.96845149534106932414657142842526326644082516049050,
  "confiabilidade_total": 0.96845149534106932414657142842526326644082516049050
}
 
Individuo 20:
{
  "Posicao": [5. 8. 2. 6. 9.]
             [1. 1. 2. 2. 1.],
  "Velocidade": [ 0.06093636  0.86429044  0.0732291  -1.20402035  0.60633228]
                [ 0.         -0.51236325  0.51236325  0.51236325  0.        ],
  "funcao_objetivo": 0.88024660237250944052452872391401847057250743276230,
  "confiabilidade_total": 0.99041326903917610326840737023846536107567553884140
}
 
Individuo 21:
{
  "Posicao": [6. 8. 3. 6. 9.]
             [1. 1. 2. 2. 1.],
  "Velocidade": [-2.5787038  -1.11686186  2.84430821 -0.24067294 -0.2823477 ]
                [ 0.         -0.85125744  0.85125744  0.          0.        ],
  "funcao_objetivo": 0.84488430963061887750230282494309745081024472068894,
  "confiabilidade_total": 0.98946764296395216346612044093641839273529354881394
}
 
Individuo 22:
{
  "Posicao": [8. 9. 4. 0. 5.]
             [1. 3. 2. 2. 1.],
  "Velocidade": [-1.43257896  4.04571797  3.909942   -4.53306013  5.41854921]
                [0.         1.98878639 0.50806684 0.50806684 0.        ],
  "funcao_objetivo": 0.18365587330100794711267195484055277970932722548374,
  "confiabilidade_total": 0.99512253996767433900654151361181006846331358412631
}
 
Individuo 23:
{
  "Posicao": [8. 9. 9. 2. 6.]
             [3. 1. 1. 1. 1.],
  "Velocidade": [-1.0340838   4.03174301 21.01066348  0.67123186 -2.75785391]
                [2.20924908 0.         0.3845043  0.3845043  0.        ],
  "funcao_objetivo": 0.94040299618732768706660083556682695103349183766593,
  "confiabilidade_total": 0.96798632952066103911644399237259096167521570889701
}
 
Individuo 24:
{
  "Posicao": [9. 7. 1. 8. 9.]
             [1. 1. 2. 3. 3.],
  "Velocidade": [ 0.34659686 -1.12878233  0.78218547  0.49805529  0.0739928 ]
                [0.         0.         0.         2.19742787 3.17475177],
  "funcao_objetivo": 0.042680766010081888326508787538136757840130004807795,
  "confiabilidade_total": 0.99593076601008193007089451344402267776868072502264
}
 
Individuo 25:
{
  "Posicao": [7. 9. 6. 6. 5.]
             [1. 1. 2. 2. 1.],
  "Velocidade": [-0.83630679  2.76430838  6.32156849  1.4136153  -1.56453116]
                [ 0.36527558  0.         -0.36527558 -0.36527558  0.        ],
  "funcao_objetivo": 0.92674558867498449384133305476876294783877825557920,
  "confiabilidade_total": 0.98816225534165107859204422117596287358182167827817
}
 
Individuo 26:
{
  "Posicao": [5. 9. 2. 3. 4.]
             [1. 1. 2. 2. 1.],
  "Velocidade": [ 0.43808158  1.76490733 -0.86541732 -1.04914315  0.16620164]
                [0.         0.         0.         1.04914315 0.        ],
  "funcao_objetivo": 0.76936031280886181646800712688434136651114980791093,
  "confiabilidade_total": 0.99144364614219494922104734460605972997502843950273
}
 
Individuo 27:
{
  "Posicao": [9. 9. 0. 5. 7.]
             [1. 1. 3. 2. 1.],
  "Velocidade": [-0.34493843  3.97215271 -2.76960416  5.47191828  3.98923844]
                [0.         0.         0.99844782 0.         0.        ],
  "funcao_objetivo": 0.62281662662176633775142479013299726027729947961521,
  "confiabilidade_total": 0.99351662662176645050567517106389550570133169091892
}
 
Individuo 28:
{
  "Posicao": [9. 7. 2. 9. 0.]
             [1. 1. 3. 2. 1.],
  "Velocidade": [ 1.17327957 -0.09898802 -1.1926039   1.76961878 -3.07411949]
                [0.         0.         3.10124111 0.         0.        ],
  "funcao_objetivo": 0.54956211887234789551993526221683694808728396705245,
  "confiabilidade_total": 0.99279545220568118028471201161498882635481059363936
}
 
Individuo 29:
{
  "Posicao": [8. 9. 2. 4. 8.]
             [1. 1. 2. 2. 1.],
  "Velocidade": [-0.52831779  4.00322472  0.72948768 -1.00003806 -0.61614941]
                [0.         0.         0.29955102 0.29955102 0.        ],
  "funcao_objetivo": 0.81979391091385234212913126954411885730914701327232,
  "confiabilidade_total": 0.99087724424718567938525262321967196680597890719322
}
 
Individuo 30:
{
  "Posicao": [9. 7. 3. 2. 0.]
             [2. 1. 3. 3. 1.],
  "Velocidade": [  2.72133618  -2.08152062  -0.8982518   -0.55020274 -12.13136266]
                [-0.17782117  0.          2.85099101  2.85099101  0.        ],
  "funcao_objetivo": -0.025709830071148126187444095491470173681340810051743,
  "confiabilidade_total": 0.99935683659551849983025689623279835960809171558302
}
 
Individuo 31:
{
  "Posicao": [5. 9. 0. 9. 7.]
             [1. 1. 1. 1. 1.],
  "Velocidade": [ 5.43257897  3.84674226  0.17298905  0.5853482  -0.897559  ]
                [-1.30227302  0.         -1.70457138 -1.70457138  0.        ],
  "funcao_objetivo": 0.94034866066384062263118724352628947973391276910093,
  "confiabilidade_total": 0.94034866066384062263118724352628947973391276910093
}
 
Individuo 32:
{
  "Posicao": [7. 9. 0. 8. 4.]
             [1. 1. 1. 1. 1.],
  "Velocidade": [ -2.24144478   1.67308679 -13.3131149    3.87618023  -5.20793726]
                [ 0.         -3.87618023 -3.87618023 -3.87618023  0.        ],
  "funcao_objetivo": 0.94264710462195459952754428499068600868736643038759,
  "confiabilidade_total": 0.94264710462195459952754428499068600868736643038759
}
 
Individuo 33:
{
  "Posicao": [3. 4. 0. 5. 0.]
             [1. 1. 1. 1. 1.],
  "Velocidade": [ -5.01082307  -5.44086571 -12.14903638   0.          -9.6992444 ]
                [ 0.         -3.75202602 -2.78569544 -2.78569544  0.        ],
  "funcao_objetivo": 0.95337436720886398879829569394626406261474442954461,
  "confiabilidade_total": 0.95337436720886398879829569394626406261474442954461
}
 
Individuo 34:
{
  "Posicao": [9. 8. 0. 4. 7.]
             [1. 1. 2. 2. 1.],
  "Velocidade": [ 0.42404636 -0.44115782 -3.56246088  1.21369575 -1.06127114]
                [0.         0.         1.22925565 0.         0.        ],
  "funcao_objetivo": 0.80309560874244961931728945439670342841895054664436,
  "confiabilidade_total": 0.99239560874244968475383452580342992098780106391731
}
 
Individuo 35:
{
  "Posicao": [4. 9. 1. 7. 6.]
             [1. 1. 2. 2. 1.],
  "Velocidade": [-4.52989639  0.47957803  0.65195063  3.52215179 -2.86740695]
                [ 0.          0.         -0.26240095  0.          0.        ],
  "funcao_objetivo": 0.90131828261190703316693203286685092534894924946790,
  "confiabilidade_total": 0.99078494927857359564656932529341065019394141026502
}
 
Individuo 36:
{
  "Posicao": [7. 8. 0. 5. 6.]
             [1. 1. 2. 3. 1.],
  "Velocidade": [-0.17811709 -0.17811709 -6.90671478  0.         -1.13496292]
                [0.         0.         0.         1.94306096 0.        ],
  "funcao_objetivo": 0.84721796492821070692218410376370037786633874680346,
  "confiabilidade_total": 0.99665129826154402772480023249443355828494931961840
}
 
Individuo 37:
{
  "Posicao": [6. 7. 0. 3. 7.]
             [1. 1. 1. 1. 2.],
  "Velocidade": [-2.02147825  0.48736894 -1.19175569 -1.88808161 -0.55631779]
                [ 0.          0.          0.47827569  0.47827569 -0.36756661],
  "funcao_objetivo": 0.95447351876255080423924028788785839520373078272885,
  "confiabilidade_total": 0.95447351876255080423924028788785839520373078272885
}
 
Individuo 38:
{
  "Posicao": [9. 9. 3. 7. 7.]
             [1. 1. 3. 3. 1.],
  "Velocidade": [ 7.69101495  5.95070712  2.99673014  2.23739797 -1.1080404 ]
                [ 0.          0.          0.74283757  0.74283757 -2.23498669],
  "funcao_objetivo": 0.35708099910232278633257590650535637811318824973391,
  "confiabilidade_total": 0.99813099910232257299211949453527557030812690940188
}
 
Individuo 39:
{
  "Posicao": [4. 4. 9. 5. 4.]
             [1. 1. 2. 2. 1.],
  "Velocidade": [3.87553437 4.17678195 6.90857057 0.96660477 4.21452704]
                [0.         0.         0.64768092 0.64768092 0.        ],
  "funcao_objetivo": 0.84249789484425350090976873231048914198026382472890,
  "confiabilidade_total": 0.98858122817758684371700520911182495359525405910390
}
 
Individuo 40:
{
  "Posicao": [9. 9. 0. 5. 8.]
             [1. 1. 2. 2. 1.],
  "Velocidade": [ 0.28273276 -0.09057835  0.15368848  0.         -1.4997348 ]
                [ 0.          0.         -0.37818496 -0.37818496  0.37818496],
  "funcao_objetivo": 0.96186284640288530279348635270605794195817109488427,
  "confiabilidade_total": 0.99122951306955185769030038694279849570975896262108
}
 
Individuo 41:
{
  "Posicao": [9. 6. 5. 9. 9.]
             [1. 1. 3. 3. 3.],
  "Velocidade": [ 8.04576591 -2.56558686  5.08523938  6.27421437  2.59567914]
                [0.         0.         2.48957314 2.48957314 4.47357624],
  "funcao_objetivo": -0.28936833524180391252698771397947718814896621031759,
  "confiabilidade_total": 0.99793166475819619831767906459615180774641953186991
}
 
Individuo 42:
{
  "Posicao": [9. 9. 0. 5. 9.]
             [1. 1. 3. 3. 1.],
  "Velocidade": [10.9640749   4.5053502  -8.03508056  0.          9.52974986]
                [ 0.          0.          1.16818377  1.16818377 -2.83303207],
  "funcao_objetivo": 0.33709958939929740703587556645818246257559104214544,
  "confiabilidade_total": 0.99864958939929732292537922085632296008125586758490
}
 
Individuo 43:
{
  "Posicao": [4. 4. 1. 7. 9.]
             [1. 1. 2. 2. 1.],
  "Velocidade": [-0.35331253  4.38180376 -3.33832574 -2.38891616  2.90196896]
                [ 0.          0.         -0.86278211 -0.86278211  0.        ],
  "funcao_objetivo": 0.85437120397590713941548722074775898830225370931265,
  "confiabilidade_total": 0.99162120397590693518996184095021337737520836400626
}
 
Individuo 44:
{
  "Posicao": [9. 9. 5. 5. 9.]
             [1. 1. 2. 2. 1.],
  "Velocidade": [ 4.61613583  6.73317874  5.08623124 -2.05957481  3.51196242]
                [0.         0.         0.64777908 0.64777908 0.        ],
  "funcao_objetivo": 0.98752495018170860305604477954760763879533514053134,
  "confiabilidade_total": 0.98752495018170860305604477954760763879533514053134
}
 
Individuo 45:
{
  "Posicao": [8. 8. 2. 5. 7.]
             [1. 1. 2. 2. 1.],
  "Velocidade": [ 5.95821431  0.60308966 -1.46523713  2.53849591  2.19187753]
                [ 0.          0.         -0.20759337 -0.20759337  0.        ],
  "funcao_objetivo": 0.99035339569314674286372839964929261766247150450066,
  "confiabilidade_total": 0.99035339569314674286372839964929261766247150450066
}
 
Individuo 46:
{
  "Posicao": [8. 9. 0. 5. 8.]
             [1. 1. 2. 2. 1.],
  "Velocidade": [-0.28268205  0.34577782  0.27258238 -1.22515132  0.99926606]
                [0.         0.         0.20948662 0.20948662 0.20948662],
  "funcao_objetivo": 0.99138612139113377379888785717806351870204943412355,
  "confiabilidade_total": 0.99138612139113377379888785717806351870204943412355
}
 
Individuo 47:
{
  "Posicao": [9. 9. 1. 6. 7.]
             [1. 1. 2. 2. 1.],
  "Velocidade": [ 1.12276943  3.27046405 -1.5755699   2.74366458  0.25210003]
                [ 0.          0.         -0.99820072 -0.99820072  0.        ],
  "funcao_objetivo": 0.88363253286928979804187160170391349444274995889823,
  "confiabilidade_total": 0.99031586620262316414158713514103352414553258981864
}
 
Individuo 48:
{
  "Posicao": [9. 9. 0. 3. 8.]
             [1. 1. 2. 2. 1.],
  "Velocidade": [ 0.80717751  0.80717751  0.13988758 -1.56294938  0.06223783]
                [ 0.          0.         -0.00727887 -0.00727887  0.        ],
  "funcao_objetivo": 0.80595434929323491809784525265923843865150890517540,
  "confiabilidade_total": 0.99238768262656818849633606340786468383724174666710
}
 
Individuo 49:
{
  "Posicao": [9. 9. 3. 3. 9.]
             [1. 1. 3. 3. 1.],
  "Velocidade": [ 1.68736501 -0.05453441  2.94497716 -1.74189942  4.36314049]
                [0.        0.        1.6895898 1.6895898 0.       ],
  "funcao_objetivo": 0.17818441418434644932156760072436006686614006461890,
  "confiabilidade_total": 0.99843441418434620640476981274010902217553108634742
}
 
Individuo 50:
{
  "Posicao": [9. 9. 9. 0. 7.]
             [1. 1. 1. 1. 1.],
  "Velocidade": [ 1.3634795   1.42005996  8.99042256 -4.0088953   2.68379752]
                [0.         0.         0.05288188 0.05288188 0.        ],
  "funcao_objetivo": 0.93810803766144626566857893387375816250387915485513,
  "confiabilidade_total": 0.93810803766144626566857893387375816250387915485513
}
 
-----------------------------------------
-----------------------------------------
-----------------------------------------
-----------------------------------------
GERACAO 6
Populacao antes da execucao:
Individuo 1:
{
  "Posicao": [6. 9. 3. 5. 6.]
             [1. 1. 2. 2. 1.],
  "Velocidade": [-0.66971185  0.88246351  3.47668008  0.         -1.02388515]
                [0. 0. 0. 0. 0.],
  "funcao_objetivo": 0.88754123039229493306922149871488967512111354906927,
  "confiabilidade_total": 0.98929123039229499568580008757371855501393962939154
}
 
Individuo 2:
{
  "Posicao": [7. 9. 0. 1. 6.]
             [1. 1. 1. 2. 1.],
  "Velocidade": [-0.52608142  0.89673106 -3.12093637 -5.55021839 -2.58760124]
                [-2.31527533  0.         -2.31527533  0.          0.        ],
  "funcao_objetivo": 0.97495349420020430476294472270878356611855797668486,
  "confiabilidade_total": 0.97495349420020430476294472270878356611855797668486
}
 
Individuo 3:
{
  "Posicao": [9. 9. 2. 5. 9.]
             [1. 1. 1. 2. 1.],
  "Velocidade": [11.70252392  2.14108684  1.93715513  0.          3.17164221]
                [-5.9022612  0.        -2.4158071  0.         0.       ],
  "funcao_objetivo": 0.96443384670258391768821628993895981804519265644746,
  "confiabilidade_total": 0.96443384670258391768821628993895981804519265644746
}
 
Individuo 4:
{
  "Posicao": [2. 9. 0. 6. 3.]
             [1. 1. 1. 2. 1.],
  "Velocidade": [ 1.73408285  3.97549534 -9.55137179 -3.32180076  3.33451502]
                [ 0.          0.         -3.17116898  0.          0.        ],
  "funcao_objetivo": 0.94658873069695314186937941930364894792673708052132,
  "confiabilidade_total": 0.97658873069695309565634601928150795279306889624092
}
 
Individuo 5:
{
  "Posicao": [0. 5. 6. 3. 0.]
             [1. 1. 1. 1. 1.],
  "Velocidade": [-4.60611538 -0.8923303   2.80598603  0.37789173 -4.99082586]
                [ 0.         -2.1323098  -1.53441585 -1.53441585  0.        ],
  "funcao_objetivo": 0.95210323192978166552784140946911675737265971848390,
  "confiabilidade_total": 0.95210323192978166552784140946911675737265971848390
}
 
Individuo 6:
{
  "Posicao": [7. 8. 3. 3. 6.]
             [1. 1. 1. 1. 1.],
  "Velocidade": [ 0.39628403 -0.87669024  2.82218185 -2.11912683 -0.76321884]
                [-0.54468475  0.         -1.36047187 -1.36047187  0.        ],
  "funcao_objetivo": 0.94057238507845612039321288366227543562558148074759,
  "confiabilidade_total": 0.94057238507845612039321288366227543562558148074759
}
 
Individuo 7:
{
  "Posicao": [0. 3. 3. 0. 7.]
             [3. 1. 1. 1. 1.],
  "Velocidade": [-5.10766938 -3.53546636  1.67100672 -2.95901658 -0.83386306]
                [ 2.09925095  0.         -2.09925095 -2.09925095  0.        ],
  "funcao_objetivo": 0.78425239304326364456599059872510389311211374047817,
  "confiabilidade_total": 0.97940239304326373879061869866213947886573341134609
}
 
Individuo 8:
{
  "Posicao": [8. 9. 0. 8. 8.]
             [2. 1. 3. 3. 1.],
  "Velocidade": [ 0.5411921   9.76143459 -7.62407063  3.18864507  2.09692598]
                [ 0.77801375  0.         -0.16039262 -0.16039262  0.        ],
  "funcao_objetivo": 0.14746478289112953090438271039424189372738819796825,
  "confiabilidade_total": 0.99883144955779635791686008025685050531109791476512
}
 
Individuo 9:
{
  "Posicao": [5. 9. 1. 0. 6.]
             [1. 1. 2. 2. 1.],
  "Velocidade": [-4.40210288  9.33523289 -8.23554844 -9.19740263  5.69800248]
                [ 0.          0.          0.         -0.58095387  0.        ],
  "funcao_objetivo": 0.88986583519290002758729101420105079697263870715423,
  "confiabilidade_total": 0.99426583519290005161806838221256411444214616298003
}
 
Individuo 10:
{
  "Posicao": [0. 3. 8. 5. 0.]
             [1. 1. 2. 2. 1.],
  "Velocidade": [-10.11934565   3.37874443  -0.54512823   0.          -5.63480668]
                [0.         0.         1.11296038 0.         0.        ],
  "funcao_objetivo": 0.98044893889614218390911263337110957575469313393365,
  "confiabilidade_total": 0.99136560556280875156238922055089877897380886803399
}
 
Individuo 11:
{
  "Posicao": [6. 8. 2. 7. 5.]
             [1. 2. 1. 1. 2.],
  "Velocidade": [ 2.85684135  0.09176167 -4.08595733 -2.08016104  0.4358633 ]
                [ 0.         -0.20346907  0.20346907  0.20346907 -0.20346907],
  "funcao_objetivo": 0.97056465290915266054392871201071428110163086969523,
  "confiabilidade_total": 0.97056465290915266054392871201071428110163086969523
}
 
Individuo 12:
{
  "Posicao": [8. 9. 2. 6. 6.]
             [1. 1. 1. 3. 1.],
  "Velocidade": [ 0.52140986 -0.30698625  1.68090521 -0.94909936 -1.59291084]
                [ 0.          0.          0.32105656 -0.32105656  0.        ],
  "funcao_objetivo": 0.83938036223884207388012045694070808643452898183888,
  "confiabilidade_total": 0.97104702890550883898656197370458800399653688589161
}
 
Individuo 13:
{
  "Posicao": [3. 9. 3. 3. 2.]
             [2. 1. 1. 1. 1.],
  "Velocidade": [ 2.79846112 -0.41713234  2.45333064  2.50475028  2.30805842]
                [ 0.32401633  0.         -1.8601312  -1.8601312   0.        ],
  "funcao_objetivo": 0.88286586892370857849472563451282677539951071026636,
  "confiabilidade_total": 0.96403253559037509058133983920353113041586145642115
}
 
Individuo 14:
{
  "Posicao": [3. 9. 1. 0. 5.]
             [1. 1. 2. 2. 1.],
  "Velocidade": [-5.52121651  1.67489998 -1.27397408 -9.41617126 -1.84235534]
                [-4.22755365  0.          0.48053197  0.48053197  0.        ],
  "funcao_objetivo": 0.87630801520463563913377838148547655944960758011846,
  "confiabilidade_total": 0.99455801520463561579133928874156029704275175850897
}
 
Individuo 15:
{
  "Posicao": [9. 9. 3. 5. 9.]
             [1. 1. 2. 2. 1.],
  "Velocidade": [ 0.72960326  1.6190051   1.40142083  0.         -0.48966544]
                [0.         0.         0.09694437 0.         0.09694437],
  "funcao_objetivo": 0.91376599197978124315270640762753398928546976554586,
  "confiabilidade_total": 0.98868265864644798561059822203822048220539164054586
}
 
Individuo 16:
{
  "Posicao": [6. 9. 9. 5. 6.]
             [3. 1. 2. 2. 1.],
  "Velocidade": [-2.51836412  8.9296775  25.71302385 -2.41883863 -2.25988117]
                [2.57352082 0.         0.89714342 0.89714342 0.        ],
  "funcao_objetivo": 0.38548567581446515122215083476533237106293870352939,
  "confiabilidade_total": 0.99326900914779857658557142269330852857917977713779
}
 
Individuo 17:
{
  "Posicao": [8. 0. 9. 5. 7.]
             [1. 1. 3. 2. 1.],
  "Velocidade": [ 8.02864929 -3.28654151 10.04818811  5.25392963  6.65058722]
                [0.         0.         3.13524139 0.         0.        ],
  "funcao_objetivo": 0.69778705611004862038037805132796144037263596582808,
  "confiabilidade_total": 0.99477038944338223321605857745987101382332051325240
}
 
Individuo 18:
{
  "Posicao": [9. 9. 0. 3. 6.]
             [1. 2. 2. 2. 2.],
  "Velocidade": [ 1.26170721  0.57659219  0.07988251 -2.71553082 -1.13970682]
                [ 0.          0.86137316 -0.00840213 -0.00840213  0.86137316],
  "funcao_objetivo": 0.15297567383973418011746212716135454493752384757692,
  "confiabilidade_total": 0.99679234050640095046415632015597333329907322501833
}
 
Individuo 19:
{
  "Posicao": [8. 8. 1. 6. 5.]
             [1. 1. 1. 2. 1.],
  "Velocidade": [ 1.09814145 -0.8363046   1.17106912  1.23112897 -2.33809889]
                [ 0.          0.         -1.23112897  0.          0.        ],
  "funcao_objetivo": 0.96845149534106932414657142842526326644082516049050,
  "confiabilidade_total": 0.96845149534106932414657142842526326644082516049050
}
 
Individuo 20:
{
  "Posicao": [5. 8. 2. 6. 9.]
             [1. 1. 2. 2. 1.],
  "Velocidade": [ 0.06093636  0.86429044  0.0732291  -1.20402035  0.60633228]
                [ 0.         -0.51236325  0.51236325  0.51236325  0.        ],
  "funcao_objetivo": 0.88024660237250944052452872391401847057250743276230,
  "confiabilidade_total": 0.99041326903917610326840737023846536107567553884140
}
 
Individuo 21:
{
  "Posicao": [6. 8. 3. 6. 9.]
             [1. 1. 2. 2. 1.],
  "Velocidade": [-2.5787038  -1.11686186  2.84430821 -0.24067294 -0.2823477 ]
                [ 0.         -0.85125744  0.85125744  0.          0.        ],
  "funcao_objetivo": 0.84488430963061887750230282494309745081024472068894,
  "confiabilidade_total": 0.98946764296395216346612044093641839273529354881394
}
 
Individuo 22:
{
  "Posicao": [8. 9. 4. 0. 5.]
             [1. 3. 2. 2. 1.],
  "Velocidade": [-1.43257896  4.04571797  3.909942   -4.53306013  5.41854921]
                [0.         1.98878639 0.50806684 0.50806684 0.        ],
  "funcao_objetivo": 0.18365587330100794711267195484055277970932722548374,
  "confiabilidade_total": 0.99512253996767433900654151361181006846331358412631
}
 
Individuo 23:
{
  "Posicao": [8. 9. 9. 2. 6.]
             [3. 1. 1. 1. 1.],
  "Velocidade": [-1.0340838   4.03174301 21.01066348  0.67123186 -2.75785391]
                [2.20924908 0.         0.3845043  0.3845043  0.        ],
  "funcao_objetivo": 0.94040299618732768706660083556682695103349183766593,
  "confiabilidade_total": 0.96798632952066103911644399237259096167521570889701
}
 
Individuo 24:
{
  "Posicao": [9. 7. 1. 8. 9.]
             [1. 1. 2. 3. 3.],
  "Velocidade": [ 0.34659686 -1.12878233  0.78218547  0.49805529  0.0739928 ]
                [0.         0.         0.         2.19742787 3.17475177],
  "funcao_objetivo": 0.042680766010081888326508787538136757840130004807795,
  "confiabilidade_total": 0.99593076601008193007089451344402267776868072502264
}
 
Individuo 25:
{
  "Posicao": [7. 9. 6. 6. 5.]
             [1. 1. 2. 2. 1.],
  "Velocidade": [-0.83630679  2.76430838  6.32156849  1.4136153  -1.56453116]
                [ 0.36527558  0.         -0.36527558 -0.36527558  0.        ],
  "funcao_objetivo": 0.92674558867498449384133305476876294783877825557920,
  "confiabilidade_total": 0.98816225534165107859204422117596287358182167827817
}
 
Individuo 26:
{
  "Posicao": [5. 9. 2. 3. 4.]
             [1. 1. 2. 2. 1.],
  "Velocidade": [ 0.43808158  1.76490733 -0.86541732 -1.04914315  0.16620164]
                [0.         0.         0.         1.04914315 0.        ],
  "funcao_objetivo": 0.76936031280886181646800712688434136651114980791093,
  "confiabilidade_total": 0.99144364614219494922104734460605972997502843950273
}
 
Individuo 27:
{
  "Posicao": [9. 9. 0. 5. 7.]
             [1. 1. 3. 2. 1.],
  "Velocidade": [-0.34493843  3.97215271 -2.76960416  5.47191828  3.98923844]
                [0.         0.         0.99844782 0.         0.        ],
  "funcao_objetivo": 0.62281662662176633775142479013299726027729947961521,
  "confiabilidade_total": 0.99351662662176645050567517106389550570133169091892
}
 
Individuo 28:
{
  "Posicao": [9. 7. 2. 9. 0.]
             [1. 1. 3. 2. 1.],
  "Velocidade": [ 1.17327957 -0.09898802 -1.1926039   1.76961878 -3.07411949]
                [0.         0.         3.10124111 0.         0.        ],
  "funcao_objetivo": 0.54956211887234789551993526221683694808728396705245,
  "confiabilidade_total": 0.99279545220568118028471201161498882635481059363936
}
 
Individuo 29:
{
  "Posicao": [8. 9. 2. 4. 8.]
             [1. 1. 2. 2. 1.],
  "Velocidade": [-0.52831779  4.00322472  0.72948768 -1.00003806 -0.61614941]
                [0.         0.         0.29955102 0.29955102 0.        ],
  "funcao_objetivo": 0.81979391091385234212913126954411885730914701327232,
  "confiabilidade_total": 0.99087724424718567938525262321967196680597890719322
}
 
Individuo 30:
{
  "Posicao": [9. 7. 3. 2. 0.]
             [2. 1. 3. 3. 1.],
  "Velocidade": [  2.72133618  -2.08152062  -0.8982518   -0.55020274 -12.13136266]
                [-0.17782117  0.          2.85099101  2.85099101  0.        ],
  "funcao_objetivo": -0.025709830071148126187444095491470173681340810051743,
  "confiabilidade_total": 0.99935683659551849983025689623279835960809171558302
}
 
Individuo 31:
{
  "Posicao": [5. 9. 0. 9. 7.]
             [1. 1. 1. 1. 1.],
  "Velocidade": [ 5.43257897  3.84674226  0.17298905  0.5853482  -0.897559  ]
                [-1.30227302  0.         -1.70457138 -1.70457138  0.        ],
  "funcao_objetivo": 0.94034866066384062263118724352628947973391276910093,
  "confiabilidade_total": 0.94034866066384062263118724352628947973391276910093
}
 
Individuo 32:
{
  "Posicao": [7. 9. 0. 8. 4.]
             [1. 1. 1. 1. 1.],
  "Velocidade": [ -2.24144478   1.67308679 -13.3131149    3.87618023  -5.20793726]
                [ 0.         -3.87618023 -3.87618023 -3.87618023  0.        ],
  "funcao_objetivo": 0.94264710462195459952754428499068600868736643038759,
  "confiabilidade_total": 0.94264710462195459952754428499068600868736643038759
}
 
Individuo 33:
{
  "Posicao": [3. 4. 0. 5. 0.]
             [1. 1. 1. 1. 1.],
  "Velocidade": [ -5.01082307  -5.44086571 -12.14903638   0.          -9.6992444 ]
                [ 0.         -3.75202602 -2.78569544 -2.78569544  0.        ],
  "funcao_objetivo": 0.95337436720886398879829569394626406261474442954461,
  "confiabilidade_total": 0.95337436720886398879829569394626406261474442954461
}
 
Individuo 34:
{
  "Posicao": [9. 8. 0. 4. 7.]
             [1. 1. 2. 2. 1.],
  "Velocidade": [ 0.42404636 -0.44115782 -3.56246088  1.21369575 -1.06127114]
                [0.         0.         1.22925565 0.         0.        ],
  "funcao_objetivo": 0.80309560874244961931728945439670342841895054664436,
  "confiabilidade_total": 0.99239560874244968475383452580342992098780106391731
}
 
Individuo 35:
{
  "Posicao": [4. 9. 1. 7. 6.]
             [1. 1. 2. 2. 1.],
  "Velocidade": [-4.52989639  0.47957803  0.65195063  3.52215179 -2.86740695]
                [ 0.          0.         -0.26240095  0.          0.        ],
  "funcao_objetivo": 0.90131828261190703316693203286685092534894924946790,
  "confiabilidade_total": 0.99078494927857359564656932529341065019394141026502
}
 
Individuo 36:
{
  "Posicao": [7. 8. 0. 5. 6.]
             [1. 1. 2. 3. 1.],
  "Velocidade": [-0.17811709 -0.17811709 -6.90671478  0.         -1.13496292]
                [0.         0.         0.         1.94306096 0.        ],
  "funcao_objetivo": 0.84721796492821070692218410376370037786633874680346,
  "confiabilidade_total": 0.99665129826154402772480023249443355828494931961840
}
 
Individuo 37:
{
  "Posicao": [6. 7. 0. 3. 7.]
             [1. 1. 1. 1. 2.],
  "Velocidade": [-2.02147825  0.48736894 -1.19175569 -1.88808161 -0.55631779]
                [ 0.          0.          0.47827569  0.47827569 -0.36756661],
  "funcao_objetivo": 0.95447351876255080423924028788785839520373078272885,
  "confiabilidade_total": 0.95447351876255080423924028788785839520373078272885
}
 
Individuo 38:
{
  "Posicao": [9. 9. 3. 7. 7.]
             [1. 1. 3. 3. 1.],
  "Velocidade": [ 7.69101495  5.95070712  2.99673014  2.23739797 -1.1080404 ]
                [ 0.          0.          0.74283757  0.74283757 -2.23498669],
  "funcao_objetivo": 0.35708099910232278633257590650535637811318824973391,
  "confiabilidade_total": 0.99813099910232257299211949453527557030812690940188
}
 
Individuo 39:
{
  "Posicao": [4. 4. 9. 5. 4.]
             [1. 1. 2. 2. 1.],
  "Velocidade": [3.87553437 4.17678195 6.90857057 0.96660477 4.21452704]
                [0.         0.         0.64768092 0.64768092 0.        ],
  "funcao_objetivo": 0.84249789484425350090976873231048914198026382472890,
  "confiabilidade_total": 0.98858122817758684371700520911182495359525405910390
}
 
Individuo 40:
{
  "Posicao": [9. 9. 0. 5. 8.]
             [1. 1. 2. 2. 1.],
  "Velocidade": [ 0.28273276 -0.09057835  0.15368848  0.         -1.4997348 ]
                [ 0.          0.         -0.37818496 -0.37818496  0.37818496],
  "funcao_objetivo": 0.96186284640288530279348635270605794195817109488427,
  "confiabilidade_total": 0.99122951306955185769030038694279849570975896262108
}
 
Individuo 41:
{
  "Posicao": [9. 6. 5. 9. 9.]
             [1. 1. 3. 3. 3.],
  "Velocidade": [ 8.04576591 -2.56558686  5.08523938  6.27421437  2.59567914]
                [0.         0.         2.48957314 2.48957314 4.47357624],
  "funcao_objetivo": -0.28936833524180391252698771397947718814896621031759,
  "confiabilidade_total": 0.99793166475819619831767906459615180774641953186991
}
 
Individuo 42:
{
  "Posicao": [9. 9. 0. 5. 9.]
             [1. 1. 3. 3. 1.],
  "Velocidade": [10.9640749   4.5053502  -8.03508056  0.          9.52974986]
                [ 0.          0.          1.16818377  1.16818377 -2.83303207],
  "funcao_objetivo": 0.33709958939929740703587556645818246257559104214544,
  "confiabilidade_total": 0.99864958939929732292537922085632296008125586758490
}
 
Individuo 43:
{
  "Posicao": [4. 4. 1. 7. 9.]
             [1. 1. 2. 2. 1.],
  "Velocidade": [-0.35331253  4.38180376 -3.33832574 -2.38891616  2.90196896]
                [ 0.          0.         -0.86278211 -0.86278211  0.        ],
  "funcao_objetivo": 0.85437120397590713941548722074775898830225370931265,
  "confiabilidade_total": 0.99162120397590693518996184095021337737520836400626
}
 
Individuo 44:
{
  "Posicao": [9. 9. 5. 5. 9.]
             [1. 1. 2. 2. 1.],
  "Velocidade": [ 4.61613583  6.73317874  5.08623124 -2.05957481  3.51196242]
                [0.         0.         0.64777908 0.64777908 0.        ],
  "funcao_objetivo": 0.98752495018170860305604477954760763879533514053134,
  "confiabilidade_total": 0.98752495018170860305604477954760763879533514053134
}
 
Individuo 45:
{
  "Posicao": [8. 8. 2. 5. 7.]
             [1. 1. 2. 2. 1.],
  "Velocidade": [ 5.95821431  0.60308966 -1.46523713  2.53849591  2.19187753]
                [ 0.          0.         -0.20759337 -0.20759337  0.        ],
  "funcao_objetivo": 0.99035339569314674286372839964929261766247150450066,
  "confiabilidade_total": 0.99035339569314674286372839964929261766247150450066
}
 
Individuo 46:
{
  "Posicao": [8. 9. 0. 5. 8.]
             [1. 1. 2. 2. 1.],
  "Velocidade": [-0.28268205  0.34577782  0.27258238 -1.22515132  0.99926606]
                [0.         0.         0.20948662 0.20948662 0.20948662],
  "funcao_objetivo": 0.99138612139113377379888785717806351870204943412355,
  "confiabilidade_total": 0.99138612139113377379888785717806351870204943412355
}
 
Individuo 47:
{
  "Posicao": [9. 9. 1. 6. 7.]
             [1. 1. 2. 2. 1.],
  "Velocidade": [ 1.12276943  3.27046405 -1.5755699   2.74366458  0.25210003]
                [ 0.          0.         -0.99820072 -0.99820072  0.        ],
  "funcao_objetivo": 0.88363253286928979804187160170391349444274995889823,
  "confiabilidade_total": 0.99031586620262316414158713514103352414553258981864
}
 
Individuo 48:
{
  "Posicao": [9. 9. 0. 3. 8.]
             [1. 1. 2. 2. 1.],
  "Velocidade": [ 0.80717751  0.80717751  0.13988758 -1.56294938  0.06223783]
                [ 0.          0.         -0.00727887 -0.00727887  0.        ],
  "funcao_objetivo": 0.80595434929323491809784525265923843865150890517540,
  "confiabilidade_total": 0.99238768262656818849633606340786468383724174666710
}
 
Individuo 49:
{
  "Posicao": [9. 9. 3. 3. 9.]
             [1. 1. 3. 3. 1.],
  "Velocidade": [ 1.68736501 -0.05453441  2.94497716 -1.74189942  4.36314049]
                [0.        0.        1.6895898 1.6895898 0.       ],
  "funcao_objetivo": 0.17818441418434644932156760072436006686614006461890,
  "confiabilidade_total": 0.99843441418434620640476981274010902217553108634742
}
 
Individuo 50:
{
  "Posicao": [9. 9. 9. 0. 7.]
             [1. 1. 1. 1. 1.],
  "Velocidade": [ 1.3634795   1.42005996  8.99042256 -4.0088953   2.68379752]
                [0.         0.         0.05288188 0.05288188 0.        ],
  "funcao_objetivo": 0.93810803766144626566857893387375816250387915485513,
  "confiabilidade_total": 0.93810803766144626566857893387375816250387915485513
}
 
-----------------------------------------
Populacao final da era:
Individuo 1:
{
  "Posicao": [9. 9. 0. 5. 9.]
             [1. 1. 2. 2. 1.],
  "Velocidade": [ 5.49098557  0.83921402 -5.88552416  0.          3.88989819]
                [0. 0. 0. 0. 0.],
  "funcao_objetivo": 0.88548465071521139441242642018435831330551834791225,
  "confiabilidade_total": 0.99116798404854471799060011047798284478320809095424
}
 
Individuo 2:
{
  "Posicao": [8. 9. 3. 0. 5.]
             [3. 1. 2. 2. 1.],
  "Velocidade": [ 0.61166965  0.85278231  2.96797944 -0.83033104 -1.06667283]
                [2.2018038  0.         1.08983594 0.         0.        ],
  "funcao_objetivo": 0.40590633293219786388724312952411874215420959315041,
  "confiabilidade_total": 0.99687299959886453178255661010929198022302863917092
}
 
Individuo 3:
{
  "Posicao": [9. 9. 3. 5. 9.]
             [3. 1. 3. 2. 1.],
  "Velocidade": [10.45793194  1.78807362  1.1203082   0.          2.1702538 ]
                [5.61299168 0.         1.87443532 0.         0.        ],
  "funcao_objetivo": -0.027054961231925952667510133470370912337019311693756,
  "confiabilidade_total": 0.99437837210140707403702677205639470986156238386288
}
 
Individuo 4:
{
  "Posicao": [7. 9. 9. 3. 8.]
             [1. 1. 3. 2. 1.],
  "Velocidade": [ 4.68123084  2.01910068  9.08325953 -3.27289851  4.80105729]
                [0.         0.         2.31466584 0.         0.        ],
  "funcao_objetivo": 0.53832013350525249667512871482240332973730884909911,
  "confiabilidade_total": 0.99367013350525266796033695399155438629520260215087
}
 
Individuo 5:
{
  "Posicao": [6. 5. 3. 4. 6.]
             [1. 1. 1. 1. 1.],
  "Velocidade": [ 5.93927605  0.06933565 -2.95032462  0.81833772  6.40440952]
                [0.         0.09313964 0.16925846 0.16925846 0.        ],
  "funcao_objetivo": 0.94140357042094970858014444535486950563327441415212,
  "confiabilidade_total": 0.94140357042094970858014444535486950563327441415212
}
 
Individuo 6:
{
  "Posicao": [9. 0. 9. 0. 9.]
             [3. 1. 2. 2. 1.],
  "Velocidade": [  3.08757606 -15.30654136  11.73525674  -8.86779186   4.43969059]
                [1.93680045 0.         1.03787154 1.03787154 0.        ],
  "funcao_objetivo": 0.019785149563334044871386692727070070188431542142934,
  "confiabilidade_total": 0.99773514956333353123780658014464820859947661660582
}
 
Individuo 7:
{
  "Posicao": [4. 1. 4. 2. 6.]
             [1. 1. 3. 3. 1.],
  "Velocidade": [ 3.56853259 -2.30337992  1.05970406  2.23900344 -0.60858389]
                [-1.58195843  0.          1.88136838  1.88136838  0.        ],
  "funcao_objetivo": 0.20383864710356391386495016503529210572166802115618,
  "confiabilidade_total": 0.99892198043689722247731748338180647228880287833392
}
 
Individuo 8:
{
  "Posicao": [9. 0. 9. 0. 0.]
             [1. 1. 1. 1. 1.],
  "Velocidade": [  0.5146683  -10.17911526  12.21172712 -16.49528915  -8.11916434]
                [-0.72359567  0.         -5.94093133 -5.94093133  0.        ],
  "funcao_objetivo": 0.94989451261510848480935346168304711441510451815773,
  "confiabilidade_total": 0.94989451261510848480935346168304711441510451815773
}
 
Individuo 9:
{
  "Posicao": [2. 9. 0. 4. 9.]
             [1. 1. 2. 1. 1.],
  "Velocidade": [-3.29381054  7.5690836  -6.23919647  3.62397926  4.69843551]
                [ 0.          0.          0.         -0.98869135  0.        ],
  "funcao_objetivo": 0.93320842316567892149302452584953596578714346089190,
  "confiabilidade_total": 0.96520842316567894991473395625354340063211416401690
}
 
Individuo 10:
{
  "Posicao": [7. 8. 5. 5. 3.]
             [1. 1. 3. 2. 1.],
  "Velocidade": [ 6.75884786  5.36156421 -3.3829607   0.          2.85216456]
                [0.         0.         1.05841425 0.         0.        ],
  "funcao_objetivo": 0.95551528610155484467297387308352604089997784969786,
  "confiabilidade_total": 0.99326528610155485738502750504156842875056044933775
}
 
Individuo 11:
{
  "Posicao": [9. 9. 0. 4. 7.]
             [1. 1. 2. 2. 1.],
  "Velocidade": [ 3.52623737  0.77973913 -4.92533033 -3.13294596  1.79945105]
                [ 0.         -0.88597175  0.88597175  0.88597175 -0.88597175],
  "funcao_objetivo": 0.72652191765128795664765017719517167316096810851933,
  "confiabilidade_total": 0.99213858431795454096537436399856054813879518066288
}
 
Individuo 12:
{
  "Posicao": [7. 9. 0. 2. 9.]
             [1. 1. 3. 1. 1.],
  "Velocidade": [-1.47351157 -0.29194087 -3.05317009 -4.21311474  3.76505549]
                [ 0.          0.          3.61585228 -3.61585228  0.        ],
  "funcao_objetivo": 0.76710651684815370593844179700267955754066309550509,
  "confiabilidade_total": 0.97042318351482033761828021431524644699061712840304
}
 
Individuo 13:
{
  "Posicao": [3. 9. 2. 2. 4.]
             [2. 1. 2. 2. 1.],
  "Velocidade": [ 0.28813606 -0.3966887  -1.15299543 -1.24545393  2.05358253]
                [-0.10995499  0.          1.35087496  1.35087496  0.        ],
  "funcao_objetivo": 0.51728428681420917231914678624485777539065141678372,
  "confiabilidade_total": 0.99545095348087580109020087903951452893069047928372
}
 
Individuo 14:
{
  "Posicao": [1. 9. 0. 5. 5.]
             [3. 1. 2. 2. 1.],
  "Velocidade": [-1.85181924  1.17942952 -1.14720657  5.14249876 -0.22718703]
                [4.02036146 0.         0.45698113 0.45698113 0.        ],
  "funcao_objetivo": 0.43025131117043053258252344360992769976667150369885,
  "confiabilidade_total": 0.99415131117043048941705224618384140809587224832775
}
 
Individuo 15:
{
  "Posicao": [8. 9. 0. 5. 6.]
             [1. 1. 2. 2. 1.],
  "Velocidade": [-1.19467954  1.53965774 -3.01911097  0.         -2.92899021]
                [0.         0.         0.09219313 0.         0.09219313],
  "funcao_objetivo": 0.96634819496582152165541196236438223729688293506310,
  "confiabilidade_total": 0.99143152829915489924038468554874667768213517238305
}
 
Individuo 16:
{
  "Posicao": [8. 9. 9. 3. 8.]
             [1. 1. 3. 3. 1.],
  "Velocidade": [ 2.28668905  8.49203445  3.38550263 -2.30029147  1.97706609]
                [-2.23423557  0.          0.85317446  0.85317446  0.        ],
  "funcao_objetivo": 0.24944794300569543228170789400224362292625232129126,
  "confiabilidade_total": 0.99786460967236194026049690757986877837516589551001
}
 
Individuo 17:
{
  "Posicao": [0. 9. 9. 1. 2.]
             [1. 1. 1. 2. 1.],
  "Velocidade": [-8.11788468  8.88766971  6.54433194 -4.00530821 -4.92753649]
                [ 0.          0.         -1.85388758  0.          0.        ],
  "funcao_objetivo": 0.97204066318889789414324974601514050687735113302730,
  "confiabilidade_total": 0.97204066318889789414324974601514050687735113302730
}
 
Individuo 18:
{
  "Posicao": [9. 9. 0. 2. 6.]
             [1. 2. 2. 2. 2.],
  "Velocidade": [ 0.01155873  0.54833344  0.38127096 -0.66377348 -0.20084106]
                [ 0.          0.24145201 -0.16064209 -0.16064209  0.24145201],
  "funcao_objetivo": 0.19330404388620068696005604232226707310939647181670,
  "confiabilidade_total": 0.99698737721953410313082998635394707591796733363310
}
 
Individuo 19:
{
  "Posicao": [9. 8. 1. 6. 4.]
             [1. 1. 1. 2. 1.],
  "Velocidade": [ 1.04432159 -0.08957407  0.4079318   0.37998836 -0.89708197]
                [0.         0.         0.37998836 0.         0.        ],
  "funcao_objetivo": 0.96745086400847866650199312297205067563587937266796,
  "confiabilidade_total": 0.96745086400847866650199312297205067563587937266796
}
 
Individuo 20:
{
  "Posicao": [4. 8. 2. 6. 9.]
             [1. 1. 2. 2. 1.],
  "Velocidade": [-1.1159087  -0.024137    0.39743011 -0.29894277  0.22223231]
                [0.         0.14616554 0.14616554 0.14616554 0.        ],
  "funcao_objetivo": 0.80536037059572287721535017212974509008062276770430,
  "confiabilidade_total": 0.99069370392905606059456031275860169686210546423750
}
 
Individuo 21:
{
  "Posicao": [4. 7. 6. 6. 8.]
             [1. 2. 3. 2. 1.],
  "Velocidade": [-2.13092519 -1.03784726  2.63207704  0.01968712 -0.86274825]
                [0.         0.53669541 0.53669541 0.         0.        ],
  "funcao_objetivo": 0.41893709460111475136004503807568533389441812133635,
  "confiabilidade_total": 0.99755376126778141938858528161587735681407296752776
}
 
Individuo 22:
{
  "Posicao": [2. 9. 9. 2. 6.]
             [1. 3. 2. 2. 1.],
  "Velocidade": [-5.95615216  0.17241047  5.15713081  1.74531904  1.21793026]
                [ 0.         -0.31383159 -0.43559025 -0.43559025  0.        ],
  "funcao_objetivo": 0.19452040359387342448475639111503760039681129370177,
  "confiabilidade_total": 0.99458707026054023924037156911591800570362739477599
}
 
Individuo 23:
{
  "Posicao": [7. 9. 3. 9. 8.]
             [1. 1. 3. 3. 1.],
  "Velocidade": [-0.98340341  3.83414748 -6.290678    9.39553813  1.77784615]
                [-3.73716164  0.          3.28472754  3.28472754  0.        ],
  "funcao_objetivo": 0.23813155050190159531891037205481033509761929369683,
  "confiabilidade_total": 0.99786488383523502241427887839803069567472576952690
}
 
Individuo 24:
{
  "Posicao": [8. 8. 1. 6. 7.]
             [1. 1. 2. 2. 2.],
  "Velocidade": [-0.6639965   0.78165164 -0.11765513 -2.37507344 -1.82877963]
                [ 0.          0.          0.         -1.14015902 -1.12001129],
  "funcao_objetivo": 0.77137808518591497263769155862044424046621869038225,
  "confiabilidade_total": 0.99174475185258182207667402591121496860728810261370
}
 
Individuo 25:
{
  "Posicao": [8. 9. 2. 6. 7.]
             [1. 1. 2. 2. 1.],
  "Velocidade": [ 0.91345705  2.62882977 -4.2409102  -0.3644424   1.92969942]
                [ 0.34737344  0.         -0.34737344 -0.34737344  0.        ],
  "funcao_objetivo": 0.88470611817116113520912000331731245488769424189579,
  "confiabilidade_total": 0.99003945150449459447875176329756935694164645899784
}
 
Individuo 26:
{
  "Posicao": [9. 9. 0. 7. 9.]
             [1. 1. 2. 3. 1.],
  "Velocidade": [ 6.29051704  1.67840931 -2.47649506  3.56462549  5.06234246]
                [0.        0.        0.        0.9977247 0.       ],
  "funcao_objetivo": 0.54337652444828746901400960042227397941056391760465,
  "confiabilidade_total": 0.99630985778162065692292968152176927112046381994840
}
 
Individuo 27:
{
  "Posicao": [7. 9. 0. 9. 9.]
             [1. 1. 1. 2. 1.],
  "Velocidade": [-2.44409832  1.57044263  0.42683092  3.73238311  2.32236934]
                [ 0.          0.         -1.90222972  0.          0.        ],
  "funcao_objetivo": 0.94964284230065996272394490745903189851683434082764,
  "confiabilidade_total": 0.97074284230065981423716647896747039955821689202088
}
 
Individuo 28:
{
  "Posicao": [7. 4. 4. 2. 6.]
             [1. 1. 1. 2. 1.],
  "Velocidade": [-2.25792401 -3.23298734  2.00469628 -6.86878839  5.86307168]
                [ 0.          0.         -2.89601504  0.          0.        ],
  "funcao_objetivo": 0.90671116731606108902701525520047624343375815320525,
  "confiabilidade_total": 0.96612783398272772057362690955802434803287638593230
}
 
Individuo 29:
{
  "Posicao": [7. 9. 0. 6. 6.]
             [1. 1. 2. 2. 1.],
  "Velocidade": [-0.50242497  3.80702688 -1.93025949  2.04208533 -1.89794946]
                [0.         0.         0.28487004 0.28487004 0.        ],
  "funcao_objetivo": 0.86224506056795338139465561656362285776418519413999,
  "confiabilidade_total": 0.99151172723461995285599717820769899463635754979185
}
 
Individuo 30:
{
  "Posicao": [9. 7. 2. 5. 7.]
             [1. 1. 3. 3. 1.],
  "Velocidade": [ 1.90046953  0.33797953 -1.03171735  3.42423843  6.72434649]
                [-0.85660026  0.         -0.13877652 -0.13877652  0.        ],
  "funcao_objetivo": 0.60402566139327180797287505352038470522386798593300,
  "confiabilidade_total": 0.99847566139327188631021167107143019751531848642128
}
 
Individuo 31:
{
  "Posicao": [9. 9. 0. 4. 7.]
             [1. 1. 1. 1. 1.],
  "Velocidade": [ 6.04153986  1.0267614   0.16451087 -5.28842537  0.02358106]
                [0.36129794 0.         0.15975901 0.15975901 0.        ],
  "funcao_objetivo": 0.94430781841126302565901769268456804699894438690314,
  "confiabilidade_total": 0.94430781841126302565901769268456804699894438690314
}
 
Individuo 32:
{
  "Posicao": [6. 9. 9. 9. 1.]
             [1. 3. 3. 3. 1.],
  "Velocidade": [-1.34116311  1.54685741 12.61640833  1.31492312 -2.53717932]
                [0.         3.68620883 2.89578026 2.89578026 0.        ],
  "funcao_objetivo": -0.57203957455950977546986099316401124143668920597050,
  "confiabilidade_total": 0.99867709210715698546214195100928008413246362606075
}
 
Individuo 33:
{
  "Posicao": [7. 5. 1. 5. 3.]
             [1. 2. 3. 3. 1.],
  "Velocidade": [4.03052483 1.477453   0.83308495 0.         2.66136877]
                [0.         1.42403385 2.17647844 2.17647844 0.        ],
  "funcao_objetivo": 0.40441184773789041542733437035923507428610944969344,
  "confiabilidade_total": 0.99936184773789061633329290652756262934649610740829
}
 
Individuo 34:
{
  "Posicao": [9. 8. 3. 5. 6.]
             [1. 1. 3. 2. 1.],
  "Velocidade": [ 0.00798102 -0.36522749  2.8764044   1.37900861 -1.0092583 ]
                [0.         0.         1.16900989 0.         0.        ],
  "funcao_objetivo": 0.75162299602229656884422554184447458191258980991173,
  "confiabilidade_total": 0.99332299602229677356397363994781253403759243996668
}
 
Individuo 35:
{
  "Posicao": [8. 4. 9. 8. 0.]
             [1. 1. 1. 2. 1.],
  "Velocidade": [ 4.40249692 -4.64546752 11.19625638  0.69485347 -6.50107802]
                [ 0.          0.         -1.95005451  0.          0.        ],
  "funcao_objetivo": 0.95871966877452876290775767814214938559489751692494,
  "confiabilidade_total": 0.95871966877452876290775767814214938559489751692494
}
 
Individuo 36:
{
  "Posicao": [8. 9. 3. 5. 7.]
             [1. 1. 2. 3. 1.],
  "Velocidade": [0.58332537 0.58332537 2.79147889 0.         0.93228722]
                [ 0.          0.          0.         -0.16379402  0.        ],
  "funcao_objetivo": 0.85519106256061115879130838647588056181628090900543,
  "confiabilidade_total": 0.99414106256061115418110727671991802770715040725830
}
 
Individuo 37:
{
  "Posicao": [6. 9. 1. 3. 7.]
             [1. 1. 3. 3. 1.],
  "Velocidade": [ 0.29221937  3.03625705  1.1333478   0.41907825 -0.17090371]
                [ 0.          0.          1.92029692  1.92029692 -1.81501369],
  "funcao_objetivo": 0.30250458137990699251604945194460539957527365444852,
  "confiabilidade_total": 0.99882124804657374287872920168640646031145300625516
}
 
Individuo 38:
{
  "Posicao": [1. 5. 8. 0. 3.]
             [1. 1. 1. 1. 2.],
  "Velocidade": [-8.13155614 -3.65385158  4.62968272 -7.03339183 -4.15804034]
                [ 0.          0.         -3.87413639 -3.87413639  0.57329763],
  "funcao_objetivo": 0.95826499652229951396120438158375840716800348562161,
  "confiabilidade_total": 0.95826499652229951396120438158375840716800348562161
}
 
Individuo 39:
{
  "Posicao": [4. 5. 9. 5. 4.]
             [1. 1. 1. 1. 1.],
  "Velocidade": [ 0.17277826  0.9518234   2.13692671 -0.45153426  0.00259523]
                [ 0.          0.         -0.75482767 -0.75482767  0.        ],
  "funcao_objetivo": 0.93587064546842041780440520349425017087560532195079,
  "confiabilidade_total": 0.93587064546842041780440520349425017087560532195079
}
 
Individuo 40:
{
  "Posicao": [7. 9. 1. 5. 6.]
             [1. 1. 2. 2. 1.],
  "Velocidade": [-1.879203   -0.08613911  0.50149959  0.         -2.15293844]
                [ 0.          0.         -0.35965013 -0.35965013  0.35965013],
  "funcao_objetivo": 0.99064649011474687111264538107608429777612075454646,
  "confiabilidade_total": 0.99064649011474687111264538107608429777612075454646
}
 
Individuo 41:
{
  "Posicao": [9. 9. 0. 6. 8.]
             [1. 1. 3. 3. 2.],
  "Velocidade": [ 3.18747651  4.21889182 -7.38408044 -3.4727005  -1.40959781]
                [ 0.          0.         -0.41311726 -0.41311726 -1.30702661],
  "funcao_objetivo": -0.035487025926389672357569222900470502895292463594877,
  "confiabilidade_total": 0.99879630740694360445801067018156054593903141946176
}
 
Individuo 42:
{
  "Posicao": [8. 6. 4. 5. 8.]
             [1. 1. 1. 1. 3.],
  "Velocidade": [-0.71404102 -2.99616419  4.49323067  0.         -1.08432466]
                [ 0.          0.         -2.7491286  -2.7491286   2.69418531],
  "funcao_objetivo": 0.94354361680923052259740881071634337894607494784264,
  "confiabilidade_total": 0.94354361680923052259740881071634337894607494784264
}
 
Individuo 43:
{
  "Posicao": [5. 9. 0. 3. 9.]
             [1. 1. 1. 1. 1.],
  "Velocidade": [ 1.23843677  7.98496931 -2.64338508 -3.98399009  0.12265117]
                [ 0.          0.         -1.74543505 -1.74543505  0.        ],
  "funcao_objetivo": 0.94682111433536307150675417261358119668280234531610,
  "confiabilidade_total": 0.94682111433536307150675417261358119668280234531610
}
 
Individuo 44:
{
  "Posicao": [9. 9. 4. 3. 9.]
             [1. 1. 3. 3. 1.],
  "Velocidade": [ 3.15776117  6.40318598 -1.32373505 -1.95863515  0.87556518]
                [0.         0.         0.61603146 0.61603146 0.        ],
  "funcao_objetivo": 0.076318267792128924058405062511382966763192231761935,
  "confiabilidade_total": 0.99836826779212851620687473621387627673786264191818
}
 
Individuo 45:
{
  "Posicao": [9. 9. 0. 7. 9.]
             [1. 1. 2. 2. 1.],
  "Velocidade": [ 5.66620252  1.00691885 -2.26019911  2.41408436  2.08445372]
                [ 0.          0.         -0.19741923 -0.19741923  0.        ],
  "funcao_objetivo": 0.80439671419276568290183090942241058371054341255860,
  "confiabilidade_total": 0.99101338085943209990894528521470881684707810341554
}
 
Individuo 46:
{
  "Posicao": [8. 9. 0. 4. 7.]
             [1. 1. 2. 2. 1.],
  "Velocidade": [-0.26882782  0.32883126  0.25922314 -1.16510672 -0.54609008]
                [0.         0.         0.19921969 0.19921969 0.19921969],
  "funcao_objetivo": 0.80298839170889132329688467356506749698040365588416,
  "confiabilidade_total": 0.99228839170889138873342974497179398954925417315711
}
 
Individuo 47:
{
  "Posicao": [0. 0. 6. 9. 9.]
             [1. 1. 1. 1. 1.],
  "Velocidade": [-13.40732744  -8.50453877   4.93307028   6.71767578   4.88563164]
                [ 0.          0.         -3.27222246 -3.27222246  0.        ],
  "funcao_objetivo": 0.95584423488777395337476827613248337533059951585811,
  "confiabilidade_total": 0.95584423488777395337476827613248337533059951585811
}
 
Individuo 48:
{
  "Posicao": [9. 9. 0. 3. 8.]
             [1. 1. 2. 2. 1.],
  "Velocidade": [ 0.2330556   0.76761778  0.1330317  -0.41722496  0.02970035]
                [ 0.          0.         -0.00692213 -0.00692213  0.        ],
  "funcao_objetivo": 0.80595434929323491809784525265923843865150890517540,
  "confiabilidade_total": 0.99238768262656818849633606340786468383724174666710
}
 
Individuo 49:
{
  "Posicao": [9. 9. 0. 5. 7.]
             [1. 1. 1. 1. 1.],
  "Velocidade": [-0.44540913 -0.05186168 -3.34958542  2.44362391 -1.72036657]
                [ 0.          0.         -2.21281021 -2.21281021  0.        ],
  "funcao_objetivo": 0.94174850227866062191820119522723151702204342850541,
  "confiabilidade_total": 0.94174850227866062191820119522723151702204342850541
}
 
Individuo 50:
{
  "Posicao": [7. 9. 0. 9. 3.]
             [1. 1. 2. 2. 1.],
  "Velocidade": [ -2.27409896   1.3504629  -23.5869872   11.90491392  -3.85705087]
                [0.       0.       1.484606 1.484606 0.      ],
  "funcao_objetivo": 0.76560507376520224824313838502944590393293754256002,
  "confiabilidade_total": 0.99028840709853548322551471023557850960482017195455
}
 
-----------------------------------------
-----------------------------------------
-----------------------------------------
-----------------------------------------
GERACAO 7
Populacao antes da execucao:
Individuo 1:
{
  "Posicao": [9. 9. 0. 5. 9.]
             [1. 1. 2. 2. 1.],
  "Velocidade": [ 5.49098557  0.83921402 -5.88552416  0.          3.88989819]
                [0. 0. 0. 0. 0.],
  "funcao_objetivo": 0.88548465071521139441242642018435831330551834791225,
  "confiabilidade_total": 0.99116798404854471799060011047798284478320809095424
}
 
Individuo 2:
{
  "Posicao": [8. 9. 3. 0. 5.]
             [3. 1. 2. 2. 1.],
  "Velocidade": [ 0.61166965  0.85278231  2.96797944 -0.83033104 -1.06667283]
                [2.2018038  0.         1.08983594 0.         0.        ],
  "funcao_objetivo": 0.40590633293219786388724312952411874215420959315041,
  "confiabilidade_total": 0.99687299959886453178255661010929198022302863917092
}
 
Individuo 3:
{
  "Posicao": [9. 9. 3. 5. 9.]
             [3. 1. 3. 2. 1.],
  "Velocidade": [10.45793194  1.78807362  1.1203082   0.          2.1702538 ]
                [5.61299168 0.         1.87443532 0.         0.        ],
  "funcao_objetivo": -0.027054961231925952667510133470370912337019311693756,
  "confiabilidade_total": 0.99437837210140707403702677205639470986156238386288
}
 
Individuo 4:
{
  "Posicao": [7. 9. 9. 3. 8.]
             [1. 1. 3. 2. 1.],
  "Velocidade": [ 4.68123084  2.01910068  9.08325953 -3.27289851  4.80105729]
                [0.         0.         2.31466584 0.         0.        ],
  "funcao_objetivo": 0.53832013350525249667512871482240332973730884909911,
  "confiabilidade_total": 0.99367013350525266796033695399155438629520260215087
}
 
Individuo 5:
{
  "Posicao": [6. 5. 3. 4. 6.]
             [1. 1. 1. 1. 1.],
  "Velocidade": [ 5.93927605  0.06933565 -2.95032462  0.81833772  6.40440952]
                [0.         0.09313964 0.16925846 0.16925846 0.        ],
  "funcao_objetivo": 0.94140357042094970858014444535486950563327441415212,
  "confiabilidade_total": 0.94140357042094970858014444535486950563327441415212
}
 
Individuo 6:
{
  "Posicao": [9. 0. 9. 0. 9.]
             [3. 1. 2. 2. 1.],
  "Velocidade": [  3.08757606 -15.30654136  11.73525674  -8.86779186   4.43969059]
                [1.93680045 0.         1.03787154 1.03787154 0.        ],
  "funcao_objetivo": 0.019785149563334044871386692727070070188431542142934,
  "confiabilidade_total": 0.99773514956333353123780658014464820859947661660582
}
 
Individuo 7:
{
  "Posicao": [4. 1. 4. 2. 6.]
             [1. 1. 3. 3. 1.],
  "Velocidade": [ 3.56853259 -2.30337992  1.05970406  2.23900344 -0.60858389]
                [-1.58195843  0.          1.88136838  1.88136838  0.        ],
  "funcao_objetivo": 0.20383864710356391386495016503529210572166802115618,
  "confiabilidade_total": 0.99892198043689722247731748338180647228880287833392
}
 
Individuo 8:
{
  "Posicao": [9. 0. 9. 0. 0.]
             [1. 1. 1. 1. 1.],
  "Velocidade": [  0.5146683  -10.17911526  12.21172712 -16.49528915  -8.11916434]
                [-0.72359567  0.         -5.94093133 -5.94093133  0.        ],
  "funcao_objetivo": 0.94989451261510848480935346168304711441510451815773,
  "confiabilidade_total": 0.94989451261510848480935346168304711441510451815773
}
 
Individuo 9:
{
  "Posicao": [2. 9. 0. 4. 9.]
             [1. 1. 2. 1. 1.],
  "Velocidade": [-3.29381054  7.5690836  -6.23919647  3.62397926  4.69843551]
                [ 0.          0.          0.         -0.98869135  0.        ],
  "funcao_objetivo": 0.93320842316567892149302452584953596578714346089190,
  "confiabilidade_total": 0.96520842316567894991473395625354340063211416401690
}
 
Individuo 10:
{
  "Posicao": [7. 8. 5. 5. 3.]
             [1. 1. 3. 2. 1.],
  "Velocidade": [ 6.75884786  5.36156421 -3.3829607   0.          2.85216456]
                [0.         0.         1.05841425 0.         0.        ],
  "funcao_objetivo": 0.95551528610155484467297387308352604089997784969786,
  "confiabilidade_total": 0.99326528610155485738502750504156842875056044933775
}
 
Individuo 11:
{
  "Posicao": [9. 9. 0. 4. 7.]
             [1. 1. 2. 2. 1.],
  "Velocidade": [ 3.52623737  0.77973913 -4.92533033 -3.13294596  1.79945105]
                [ 0.         -0.88597175  0.88597175  0.88597175 -0.88597175],
  "funcao_objetivo": 0.72652191765128795664765017719517167316096810851933,
  "confiabilidade_total": 0.99213858431795454096537436399856054813879518066288
}
 
Individuo 12:
{
  "Posicao": [7. 9. 0. 2. 9.]
             [1. 1. 3. 1. 1.],
  "Velocidade": [-1.47351157 -0.29194087 -3.05317009 -4.21311474  3.76505549]
                [ 0.          0.          3.61585228 -3.61585228  0.        ],
  "funcao_objetivo": 0.76710651684815370593844179700267955754066309550509,
  "confiabilidade_total": 0.97042318351482033761828021431524644699061712840304
}
 
Individuo 13:
{
  "Posicao": [3. 9. 2. 2. 4.]
             [2. 1. 2. 2. 1.],
  "Velocidade": [ 0.28813606 -0.3966887  -1.15299543 -1.24545393  2.05358253]
                [-0.10995499  0.          1.35087496  1.35087496  0.        ],
  "funcao_objetivo": 0.51728428681420917231914678624485777539065141678372,
  "confiabilidade_total": 0.99545095348087580109020087903951452893069047928372
}
 
Individuo 14:
{
  "Posicao": [1. 9. 0. 5. 5.]
             [3. 1. 2. 2. 1.],
  "Velocidade": [-1.85181924  1.17942952 -1.14720657  5.14249876 -0.22718703]
                [4.02036146 0.         0.45698113 0.45698113 0.        ],
  "funcao_objetivo": 0.43025131117043053258252344360992769976667150369885,
  "confiabilidade_total": 0.99415131117043048941705224618384140809587224832775
}
 
Individuo 15:
{
  "Posicao": [8. 9. 0. 5. 6.]
             [1. 1. 2. 2. 1.],
  "Velocidade": [-1.19467954  1.53965774 -3.01911097  0.         -2.92899021]
                [0.         0.         0.09219313 0.         0.09219313],
  "funcao_objetivo": 0.96634819496582152165541196236438223729688293506310,
  "confiabilidade_total": 0.99143152829915489924038468554874667768213517238305
}
 
Individuo 16:
{
  "Posicao": [8. 9. 9. 3. 8.]
             [1. 1. 3. 3. 1.],
  "Velocidade": [ 2.28668905  8.49203445  3.38550263 -2.30029147  1.97706609]
                [-2.23423557  0.          0.85317446  0.85317446  0.        ],
  "funcao_objetivo": 0.24944794300569543228170789400224362292625232129126,
  "confiabilidade_total": 0.99786460967236194026049690757986877837516589551001
}
 
Individuo 17:
{
  "Posicao": [0. 9. 9. 1. 2.]
             [1. 1. 1. 2. 1.],
  "Velocidade": [-8.11788468  8.88766971  6.54433194 -4.00530821 -4.92753649]
                [ 0.          0.         -1.85388758  0.          0.        ],
  "funcao_objetivo": 0.97204066318889789414324974601514050687735113302730,
  "confiabilidade_total": 0.97204066318889789414324974601514050687735113302730
}
 
Individuo 18:
{
  "Posicao": [9. 9. 0. 2. 6.]
             [1. 2. 2. 2. 2.],
  "Velocidade": [ 0.01155873  0.54833344  0.38127096 -0.66377348 -0.20084106]
                [ 0.          0.24145201 -0.16064209 -0.16064209  0.24145201],
  "funcao_objetivo": 0.19330404388620068696005604232226707310939647181670,
  "confiabilidade_total": 0.99698737721953410313082998635394707591796733363310
}
 
Individuo 19:
{
  "Posicao": [9. 8. 1. 6. 4.]
             [1. 1. 1. 2. 1.],
  "Velocidade": [ 1.04432159 -0.08957407  0.4079318   0.37998836 -0.89708197]
                [0.         0.         0.37998836 0.         0.        ],
  "funcao_objetivo": 0.96745086400847866650199312297205067563587937266796,
  "confiabilidade_total": 0.96745086400847866650199312297205067563587937266796
}
 
Individuo 20:
{
  "Posicao": [4. 8. 2. 6. 9.]
             [1. 1. 2. 2. 1.],
  "Velocidade": [-1.1159087  -0.024137    0.39743011 -0.29894277  0.22223231]
                [0.         0.14616554 0.14616554 0.14616554 0.        ],
  "funcao_objetivo": 0.80536037059572287721535017212974509008062276770430,
  "confiabilidade_total": 0.99069370392905606059456031275860169686210546423750
}
 
Individuo 21:
{
  "Posicao": [4. 7. 6. 6. 8.]
             [1. 2. 3. 2. 1.],
  "Velocidade": [-2.13092519 -1.03784726  2.63207704  0.01968712 -0.86274825]
                [0.         0.53669541 0.53669541 0.         0.        ],
  "funcao_objetivo": 0.41893709460111475136004503807568533389441812133635,
  "confiabilidade_total": 0.99755376126778141938858528161587735681407296752776
}
 
Individuo 22:
{
  "Posicao": [2. 9. 9. 2. 6.]
             [1. 3. 2. 2. 1.],
  "Velocidade": [-5.95615216  0.17241047  5.15713081  1.74531904  1.21793026]
                [ 0.         -0.31383159 -0.43559025 -0.43559025  0.        ],
  "funcao_objetivo": 0.19452040359387342448475639111503760039681129370177,
  "confiabilidade_total": 0.99458707026054023924037156911591800570362739477599
}
 
Individuo 23:
{
  "Posicao": [7. 9. 3. 9. 8.]
             [1. 1. 3. 3. 1.],
  "Velocidade": [-0.98340341  3.83414748 -6.290678    9.39553813  1.77784615]
                [-3.73716164  0.          3.28472754  3.28472754  0.        ],
  "funcao_objetivo": 0.23813155050190159531891037205481033509761929369683,
  "confiabilidade_total": 0.99786488383523502241427887839803069567472576952690
}
 
Individuo 24:
{
  "Posicao": [8. 8. 1. 6. 7.]
             [1. 1. 2. 2. 2.],
  "Velocidade": [-0.6639965   0.78165164 -0.11765513 -2.37507344 -1.82877963]
                [ 0.          0.          0.         -1.14015902 -1.12001129],
  "funcao_objetivo": 0.77137808518591497263769155862044424046621869038225,
  "confiabilidade_total": 0.99174475185258182207667402591121496860728810261370
}
 
Individuo 25:
{
  "Posicao": [8. 9. 2. 6. 7.]
             [1. 1. 2. 2. 1.],
  "Velocidade": [ 0.91345705  2.62882977 -4.2409102  -0.3644424   1.92969942]
                [ 0.34737344  0.         -0.34737344 -0.34737344  0.        ],
  "funcao_objetivo": 0.88470611817116113520912000331731245488769424189579,
  "confiabilidade_total": 0.99003945150449459447875176329756935694164645899784
}
 
Individuo 26:
{
  "Posicao": [9. 9. 0. 7. 9.]
             [1. 1. 2. 3. 1.],
  "Velocidade": [ 6.29051704  1.67840931 -2.47649506  3.56462549  5.06234246]
                [0.        0.        0.        0.9977247 0.       ],
  "funcao_objetivo": 0.54337652444828746901400960042227397941056391760465,
  "confiabilidade_total": 0.99630985778162065692292968152176927112046381994840
}
 
Individuo 27:
{
  "Posicao": [7. 9. 0. 9. 9.]
             [1. 1. 1. 2. 1.],
  "Velocidade": [-2.44409832  1.57044263  0.42683092  3.73238311  2.32236934]
                [ 0.          0.         -1.90222972  0.          0.        ],
  "funcao_objetivo": 0.94964284230065996272394490745903189851683434082764,
  "confiabilidade_total": 0.97074284230065981423716647896747039955821689202088
}
 
Individuo 28:
{
  "Posicao": [7. 4. 4. 2. 6.]
             [1. 1. 1. 2. 1.],
  "Velocidade": [-2.25792401 -3.23298734  2.00469628 -6.86878839  5.86307168]
                [ 0.          0.         -2.89601504  0.          0.        ],
  "funcao_objetivo": 0.90671116731606108902701525520047624343375815320525,
  "confiabilidade_total": 0.96612783398272772057362690955802434803287638593230
}
 
Individuo 29:
{
  "Posicao": [7. 9. 0. 6. 6.]
             [1. 1. 2. 2. 1.],
  "Velocidade": [-0.50242497  3.80702688 -1.93025949  2.04208533 -1.89794946]
                [0.         0.         0.28487004 0.28487004 0.        ],
  "funcao_objetivo": 0.86224506056795338139465561656362285776418519413999,
  "confiabilidade_total": 0.99151172723461995285599717820769899463635754979185
}
 
Individuo 30:
{
  "Posicao": [9. 7. 2. 5. 7.]
             [1. 1. 3. 3. 1.],
  "Velocidade": [ 1.90046953  0.33797953 -1.03171735  3.42423843  6.72434649]
                [-0.85660026  0.         -0.13877652 -0.13877652  0.        ],
  "funcao_objetivo": 0.60402566139327180797287505352038470522386798593300,
  "confiabilidade_total": 0.99847566139327188631021167107143019751531848642128
}
 
Individuo 31:
{
  "Posicao": [9. 9. 0. 4. 7.]
             [1. 1. 1. 1. 1.],
  "Velocidade": [ 6.04153986  1.0267614   0.16451087 -5.28842537  0.02358106]
                [0.36129794 0.         0.15975901 0.15975901 0.        ],
  "funcao_objetivo": 0.94430781841126302565901769268456804699894438690314,
  "confiabilidade_total": 0.94430781841126302565901769268456804699894438690314
}
 
Individuo 32:
{
  "Posicao": [6. 9. 9. 9. 1.]
             [1. 3. 3. 3. 1.],
  "Velocidade": [-1.34116311  1.54685741 12.61640833  1.31492312 -2.53717932]
                [0.         3.68620883 2.89578026 2.89578026 0.        ],
  "funcao_objetivo": -0.57203957455950977546986099316401124143668920597050,
  "confiabilidade_total": 0.99867709210715698546214195100928008413246362606075
}
 
Individuo 33:
{
  "Posicao": [7. 5. 1. 5. 3.]
             [1. 2. 3. 3. 1.],
  "Velocidade": [4.03052483 1.477453   0.83308495 0.         2.66136877]
                [0.         1.42403385 2.17647844 2.17647844 0.        ],
  "funcao_objetivo": 0.40441184773789041542733437035923507428610944969344,
  "confiabilidade_total": 0.99936184773789061633329290652756262934649610740829
}
 
Individuo 34:
{
  "Posicao": [9. 8. 3. 5. 6.]
             [1. 1. 3. 2. 1.],
  "Velocidade": [ 0.00798102 -0.36522749  2.8764044   1.37900861 -1.0092583 ]
                [0.         0.         1.16900989 0.         0.        ],
  "funcao_objetivo": 0.75162299602229656884422554184447458191258980991173,
  "confiabilidade_total": 0.99332299602229677356397363994781253403759243996668
}
 
Individuo 35:
{
  "Posicao": [8. 4. 9. 8. 0.]
             [1. 1. 1. 2. 1.],
  "Velocidade": [ 4.40249692 -4.64546752 11.19625638  0.69485347 -6.50107802]
                [ 0.          0.         -1.95005451  0.          0.        ],
  "funcao_objetivo": 0.95871966877452876290775767814214938559489751692494,
  "confiabilidade_total": 0.95871966877452876290775767814214938559489751692494
}
 
Individuo 36:
{
  "Posicao": [8. 9. 3. 5. 7.]
             [1. 1. 2. 3. 1.],
  "Velocidade": [0.58332537 0.58332537 2.79147889 0.         0.93228722]
                [ 0.          0.          0.         -0.16379402  0.        ],
  "funcao_objetivo": 0.85519106256061115879130838647588056181628090900543,
  "confiabilidade_total": 0.99414106256061115418110727671991802770715040725830
}
 
Individuo 37:
{
  "Posicao": [6. 9. 1. 3. 7.]
             [1. 1. 3. 3. 1.],
  "Velocidade": [ 0.29221937  3.03625705  1.1333478   0.41907825 -0.17090371]
                [ 0.          0.          1.92029692  1.92029692 -1.81501369],
  "funcao_objetivo": 0.30250458137990699251604945194460539957527365444852,
  "confiabilidade_total": 0.99882124804657374287872920168640646031145300625516
}
 
Individuo 38:
{
  "Posicao": [1. 5. 8. 0. 3.]
             [1. 1. 1. 1. 2.],
  "Velocidade": [-8.13155614 -3.65385158  4.62968272 -7.03339183 -4.15804034]
                [ 0.          0.         -3.87413639 -3.87413639  0.57329763],
  "funcao_objetivo": 0.95826499652229951396120438158375840716800348562161,
  "confiabilidade_total": 0.95826499652229951396120438158375840716800348562161
}
 
Individuo 39:
{
  "Posicao": [4. 5. 9. 5. 4.]
             [1. 1. 1. 1. 1.],
  "Velocidade": [ 0.17277826  0.9518234   2.13692671 -0.45153426  0.00259523]
                [ 0.          0.         -0.75482767 -0.75482767  0.        ],
  "funcao_objetivo": 0.93587064546842041780440520349425017087560532195079,
  "confiabilidade_total": 0.93587064546842041780440520349425017087560532195079
}
 
Individuo 40:
{
  "Posicao": [7. 9. 1. 5. 6.]
             [1. 1. 2. 2. 1.],
  "Velocidade": [-1.879203   -0.08613911  0.50149959  0.         -2.15293844]
                [ 0.          0.         -0.35965013 -0.35965013  0.35965013],
  "funcao_objetivo": 0.99064649011474687111264538107608429777612075454646,
  "confiabilidade_total": 0.99064649011474687111264538107608429777612075454646
}
 
Individuo 41:
{
  "Posicao": [9. 9. 0. 6. 8.]
             [1. 1. 3. 3. 2.],
  "Velocidade": [ 3.18747651  4.21889182 -7.38408044 -3.4727005  -1.40959781]
                [ 0.          0.         -0.41311726 -0.41311726 -1.30702661],
  "funcao_objetivo": -0.035487025926389672357569222900470502895292463594877,
  "confiabilidade_total": 0.99879630740694360445801067018156054593903141946176
}
 
Individuo 42:
{
  "Posicao": [8. 6. 4. 5. 8.]
             [1. 1. 1. 1. 3.],
  "Velocidade": [-0.71404102 -2.99616419  4.49323067  0.         -1.08432466]
                [ 0.          0.         -2.7491286  -2.7491286   2.69418531],
  "funcao_objetivo": 0.94354361680923052259740881071634337894607494784264,
  "confiabilidade_total": 0.94354361680923052259740881071634337894607494784264
}
 
Individuo 43:
{
  "Posicao": [5. 9. 0. 3. 9.]
             [1. 1. 1. 1. 1.],
  "Velocidade": [ 1.23843677  7.98496931 -2.64338508 -3.98399009  0.12265117]
                [ 0.          0.         -1.74543505 -1.74543505  0.        ],
  "funcao_objetivo": 0.94682111433536307150675417261358119668280234531610,
  "confiabilidade_total": 0.94682111433536307150675417261358119668280234531610
}
 
Individuo 44:
{
  "Posicao": [9. 9. 4. 3. 9.]
             [1. 1. 3. 3. 1.],
  "Velocidade": [ 3.15776117  6.40318598 -1.32373505 -1.95863515  0.87556518]
                [0.         0.         0.61603146 0.61603146 0.        ],
  "funcao_objetivo": 0.076318267792128924058405062511382966763192231761935,
  "confiabilidade_total": 0.99836826779212851620687473621387627673786264191818
}
 
Individuo 45:
{
  "Posicao": [9. 9. 0. 7. 9.]
             [1. 1. 2. 2. 1.],
  "Velocidade": [ 5.66620252  1.00691885 -2.26019911  2.41408436  2.08445372]
                [ 0.          0.         -0.19741923 -0.19741923  0.        ],
  "funcao_objetivo": 0.80439671419276568290183090942241058371054341255860,
  "confiabilidade_total": 0.99101338085943209990894528521470881684707810341554
}
 
Individuo 46:
{
  "Posicao": [8. 9. 0. 4. 7.]
             [1. 1. 2. 2. 1.],
  "Velocidade": [-0.26882782  0.32883126  0.25922314 -1.16510672 -0.54609008]
                [0.         0.         0.19921969 0.19921969 0.19921969],
  "funcao_objetivo": 0.80298839170889132329688467356506749698040365588416,
  "confiabilidade_total": 0.99228839170889138873342974497179398954925417315711
}
 
Individuo 47:
{
  "Posicao": [0. 0. 6. 9. 9.]
             [1. 1. 1. 1. 1.],
  "Velocidade": [-13.40732744  -8.50453877   4.93307028   6.71767578   4.88563164]
                [ 0.          0.         -3.27222246 -3.27222246  0.        ],
  "funcao_objetivo": 0.95584423488777395337476827613248337533059951585811,
  "confiabilidade_total": 0.95584423488777395337476827613248337533059951585811
}
 
Individuo 48:
{
  "Posicao": [9. 9. 0. 3. 8.]
             [1. 1. 2. 2. 1.],
  "Velocidade": [ 0.2330556   0.76761778  0.1330317  -0.41722496  0.02970035]
                [ 0.          0.         -0.00692213 -0.00692213  0.        ],
  "funcao_objetivo": 0.80595434929323491809784525265923843865150890517540,
  "confiabilidade_total": 0.99238768262656818849633606340786468383724174666710
}
 
Individuo 49:
{
  "Posicao": [9. 9. 0. 5. 7.]
             [1. 1. 1. 1. 1.],
  "Velocidade": [-0.44540913 -0.05186168 -3.34958542  2.44362391 -1.72036657]
                [ 0.          0.         -2.21281021 -2.21281021  0.        ],
  "funcao_objetivo": 0.94174850227866062191820119522723151702204342850541,
  "confiabilidade_total": 0.94174850227866062191820119522723151702204342850541
}
 
Individuo 50:
{
  "Posicao": [7. 9. 0. 9. 3.]
             [1. 1. 2. 2. 1.],
  "Velocidade": [ -2.27409896   1.3504629  -23.5869872   11.90491392  -3.85705087]
                [0.       0.       1.484606 1.484606 0.      ],
  "funcao_objetivo": 0.76560507376520224824313838502944590393293754256002,
  "confiabilidade_total": 0.99028840709853548322551471023557850960482017195455
}
 
-----------------------------------------
Populacao final da era:
Individuo 1:
{
  "Posicao": [9. 9. 6. 5. 9.]
             [1. 1. 2. 2. 1.],
  "Velocidade": [3.55025225 0.79010334 5.54110416 0.         0.91887031]
                [0. 0. 0. 0. 0.],
  "funcao_objetivo": 0.94810068751587666848198759495904305873079123947161,
  "confiabilidade_total": 0.98751735418254324757056133577794462831331315490740
}
 
Individuo 2:
{
  "Posicao": [9. 9. 0. 9. 9.]
             [1. 1. 3. 2. 1.],
  "Velocidade": [ 0.57587484  0.80287762 -2.86520144  8.65075174  4.0970312 ]
                [-1.70004221  0.          1.02605891  0.          0.        ],
  "funcao_objetivo": 0.34543131088906646910545664020319266595556007040777,
  "confiabilidade_total": 0.99206464422239969582777366219816061087562308920660
}
 
Individuo 3:
{
  "Posicao": [9. 9. 1. 5. 9.]
             [1. 1. 2. 2. 1.],
  "Velocidade": [ 7.60586671  0.70338805 -2.23529075  0.         -0.47679084]
                [-2.76447853  0.         -0.50472279  0.          0.        ],
  "funcao_objetivo": 0.94790038921873023229685693771815016719560260646259,
  "confiabilidade_total": 0.99021705588539711302747535406895798717673058383380
}
 
Individuo 4:
{
  "Posicao": [9. 9. 9. 2. 9.]
             [1. 1. 2. 2. 1.],
  "Velocidade": [ 4.60292357  1.69665585  1.88807286 -1.46436947  3.37112144]
                [ 0.          0.         -1.37071219  0.          0.        ],
  "funcao_objetivo": 0.76312857075369039903683403295122603080595524395511,
  "confiabilidade_total": 0.98834523742035704739222228013364415741885693157718
}
 
Individuo 5:
{
  "Posicao": [9. 9. 0. 6. 9.]
             [1. 1. 2. 2. 1.],
  "Velocidade": [ 7.19175464  3.52254291 -5.30632652  1.59618844  6.7782112 ]
                [0.         0.11340677 1.0365285  1.0365285  0.        ],
  "funcao_objetivo": 0.75611033201418983031848939266760685901900902895359,
  "confiabilidade_total": 0.99116033201418967271122881688038438048025742678074
}
 
Individuo 6:
{
  "Posicao": [9. 5. 9. 5. 9.]
             [2. 1. 2. 2. 1.],
  "Velocidade": [0.68023964 4.67387932 1.31158574 4.57483453 1.19842553]
                [-1.15799585  0.         -0.49471338 -0.49471338  0.        ],
  "funcao_objetivo": 0.65848099736431773828574883601159519176776249409548,
  "confiabilidade_total": 0.99261433069765110378594393615113068964178402424685
}
 
Individuo 7:
{
  "Posicao": [8. 7. 1. 4. 8.]
             [2. 1. 3. 3. 1.],
  "Velocidade": [ 3.91574264  5.69821554 -2.93571067  2.1028372   1.67689096]
                [ 0.64504222  0.         -0.47858963 -0.47858963  0.        ],
  "funcao_objetivo": 0.057911068244223008224573123772342750347702732609029,
  "confiabilidade_total": 0.99917773491088975965306697715429408989056848578286
}
 
Individuo 8:
{
  "Posicao": [9. 9. 9. 9. 7.]
             [2. 1. 3. 3. 1.],
  "Velocidade": [ 0.32923578  8.94995574 10.86361945 15.09312677  6.8116155 ]
                [0.59632333 0.         5.52288233 5.52288233 0.        ],
  "funcao_objetivo": -0.24988864376687039476977349777077251137526453451674,
  "confiabilidade_total": 0.99827802289979614074254652651073484657971440835435
}
 
Individuo 9:
{
  "Posicao": [0. 9. 4. 2. 3.]
             [1. 1. 2. 2. 1.],
  "Velocidade": [-4.49390863  2.99418457  3.76715429 -1.87040751 -5.6716791 ]
                [0.        0.        0.        0.7038688 0.       ],
  "funcao_objetivo": 0.71131115928690689746248962933202699182551155513127,
  "confiabilidade_total": 0.99289449262024041612905320675815880654375801509221
}
 
Individuo 10:
{
  "Posicao": [6. 8. 4. 5. 3.]
             [1. 1. 3. 2. 1.],
  "Velocidade": [-0.82093179 -0.01501879 -1.20657104  0.          0.46609253]
                [ 0.          0.         -0.30498239  0.          0.        ],
  "funcao_objetivo": 0.67690783112980427283428440318952496926189378195544,
  "confiabilidade_total": 0.99347449779647115081710083359307035169453338080187
}
 
Individuo 11:
{
  "Posicao": [3. 9. 1. 7. 6.]
             [1. 1. 2. 2. 1.],
  "Velocidade": [-6.16331097 -0.38405663  0.95372698  3.17909041 -0.54218364]
                [ 0.          0.28404072 -0.28404072 -0.28404072  0.28404072],
  "funcao_objetivo": 0.93533507075862199509724914901623463993283507834900,
  "confiabilidade_total": 0.99086840409195524741853356130574951567078528415191
}
 
Individuo 12:
{
  "Posicao": [7. 9. 2. 4. 9.]
             [1. 1. 2. 2. 1.],
  "Velocidade": [-0.35261176 -0.27485653  1.96666149  1.86095912  0.5675472 ]
                [ 0.          0.         -1.46174547  1.46174547  0.        ],
  "funcao_objetivo": 0.79152012972243909748986029504494517387478378583571,
  "confiabilidade_total": 0.99093679638910581174808728397665554003446129132887
}
 
Individuo 13:
{
  "Posicao": [4. 9. 0. 2. 4.]
             [1. 1. 2. 2. 1.],
  "Velocidade": [ 1.46448098 -0.37347454 -2.52818109 -0.21530215  0.47723481]
                [-0.82484983  0.          0.06510178  0.06510178  0.        ],
  "funcao_objetivo": 0.72801863962292857700167624131362743584194514550751,
  "confiabilidade_total": 0.99393530628959521154589006215909819958486888207978
}
 
Individuo 14:
{
  "Posicao": [9. 8. 3. 9. 9.]
             [2. 1. 2. 2. 1.],
  "Velocidade": [12.8509437  -0.71182133  2.5643894   4.8415605   4.47657237]
                [-0.90537394  0.          0.43023866  0.43023866  0.        ],
  "funcao_objetivo": 0.47161237091374740295729777183216943335148959237647,
  "confiabilidade_total": 0.99196237091374710461816659456010389071318774301123
}
 
Individuo 15:
{
  "Posicao": [7. 9. 2. 5. 5.]
             [1. 1. 2. 2. 1.],
  "Velocidade": [-1.12476708  1.4495572   1.96835352  0.         -0.91102307]
                [0.       0.       0.086798 0.       0.086798],
  "funcao_objetivo": 0.97176939255850152129356207971728783949558070045843,
  "confiabilidade_total": 0.99018605922516837316393297093715139116440346580877
}
 
Individuo 16:
{
  "Posicao": [9. 9. 0. 6. 9.]
             [3. 1. 1. 1. 1.],
  "Velocidade": [  2.15287234   7.99508187 -19.02659204   2.77076026   0.61168608]
                [ 2.10348844  0.         -1.66497269 -1.66497269  0.        ],
  "funcao_objetivo": 0.68681383052123198177837273186559654026127143439215,
  "confiabilidade_total": 0.96394716385456540767470037161364783718085570868414
}
 
Individuo 17:
{
  "Posicao": [3. 9. 3. 3. 4.]
             [1. 1. 1. 2. 1.],
  "Velocidade": [ 3.06281996  8.36756461 -5.88249453  1.58190544  2.05185173]
                [0.         0.         0.40719245 0.         0.        ],
  "funcao_objetivo": 0.87830021574903518130475086233590419883806216134646,
  "confiabilidade_total": 0.96796688241570177032982067354995680521208750619509
}
 
Individuo 18:
{
  "Posicao": [0. 9. 4. 9. 9.]
             [1. 1. 1. 1. 1.],
  "Velocidade": [-8.84907369  0.51624505  4.35268654 13.97375596  4.67714063]
                [ 0.         -0.64517874 -2.14810509 -2.14810509 -0.64517874],
  "funcao_objetivo": 0.94136690711035776463192195104727049668144524307587,
  "confiabilidade_total": 0.94136690711035776463192195104727049668144524307587
}
 
Individuo 19:
{
  "Posicao": [8. 8. 1. 5. 4.]
             [1. 1. 3. 2. 1.],
  "Velocidade": [-0.62351371  0.14064722  0.15908026 -1.24897026 -0.16964658]
                [0.         0.         1.96447326 0.         0.        ],
  "funcao_objetivo": 0.79874324766735826255943583971747179470047164029365,
  "confiabilidade_total": 0.99375991433402519772984026856283057435437846249824
}
 
Individuo 20:
{
  "Posicao": [5. 7. 2. 6. 7.]
             [1. 2. 2. 2. 1.],
  "Velocidade": [ 0.65755714 -0.68899073 -0.47990895  0.38481754 -1.73816119]
                [ 0.          0.68426545 -0.40904154 -0.40904154  0.        ],
  "funcao_objetivo": 0.80606641592718537298627513349960032635404970930669,
  "confiabilidade_total": 0.99506641592718542982969399430761519604399111555669
}
 
Individuo 21:
{
  "Posicao": [9. 9. 0. 8. 7.]
             [1. 1. 1. 2. 1.],
  "Velocidade": [ 4.94782974  1.7515464  -5.7079287   1.64767657 -0.67985434]
                [ 0.         -0.85904142 -3.85251246  0.          0.        ],
  "funcao_objetivo": 0.97010097231066460624221446703497745760915287053762,
  "confiabilidade_total": 0.97010097231066460624221446703497745760915287053762
}
 
Individuo 22:
{
  "Posicao": [1. 2. 6. 3. 0.]
             [1. 1. 1. 1. 1.],
  "Velocidade": [-0.97468676 -7.01637783 -2.99136946  1.26762728 -9.14835154]
                [ 0.         -3.03622011 -2.20477429 -2.20477429  0.        ],
  "funcao_objetivo": 0.95423260130934890844195846789208879707341254833321,
  "confiabilidade_total": 0.95423260130934890844195846789208879707341254833321
}
 
Individuo 23:
{
  "Posicao": [9. 9. 0. 6. 9.]
             [3. 1. 3. 3. 1.],
  "Velocidade": [  2.09746471   3.60977374 -14.99250695  -3.24756535   0.54858792]
                [ 3.5184635   0.         -0.06918627 -0.06918627  0.        ],
  "funcao_objetivo": -0.51922104432572754332401593583592223538242455309199,
  "confiabilidade_total": 0.99901228900760555825396175041140047298587683850957
}
 
Individuo 24:
{
  "Posicao": [7. 9. 2. 3. 5.]
             [1. 1. 2. 1. 1.],
  "Velocidade": [-1.41888676  0.79035165  0.6285351  -3.08427387 -1.72175972]
                [ 0.          0.          0.         -1.07343708 -1.90265778],
  "funcao_objetivo": 0.96400745195652660504577032078122966309987227419864,
  "confiabilidade_total": 0.96400745195652660504577032078122966309987227419864
}
 
Individuo 25:
{
  "Posicao": [9. 9. 0. 2. 9.]
             [1. 1. 2. 2. 1.],
  "Velocidade": [  0.86000168   2.47499104 -10.99756678  -3.84553229   1.81677369]
                [ 0.3270452  0.        -0.3270452 -0.3270452  0.       ],
  "funcao_objetivo": 0.77075711094039766887590029283707707783196066175155,
  "confiabilidade_total": 0.99337377760706418724637681690616745164606664930038
}
 
Individuo 26:
{
  "Posicao": [9. 9. 2. 6. 7.]
             [1. 1. 2. 2. 1.],
  "Velocidade": [ 2.38776874  1.58018905  1.81041127 -0.95191076 -2.30316143]
                [ 0.          0.          0.         -1.21462945  0.        ],
  "funcao_objetivo": 0.85256870729879271073596425426537208542277313333837,
  "confiabilidade_total": 0.98981870729879269386057427996299267098357177835790
}
 
Individuo 27:
{
  "Posicao": [7. 5. 6. 1. 4.]
             [1. 1. 3. 2. 1.],
  "Velocidade": [-0.4343809  -4.04550037  5.92589377 -7.63548592 -5.22960761]
                [0.         0.         1.76556935 0.         0.        ],
  "funcao_objetivo": 0.69713702669241586139208355743037815287605372776697,
  "confiabilidade_total": 0.99588702669241557162387413026452110230818835606287
}
 
Individuo 28:
{
  "Posicao": [7. 4. 5. 4. 4.]
             [1. 1. 3. 2. 1.],
  "Velocidade": [-0.31625449 -0.39888332  1.05200781  2.16316582 -2.2746542 ]
                [0.         0.         2.51769719 0.         0.        ],
  "funcao_objetivo": 0.69743414876171888973798649334751618651440238917068,
  "confiabilidade_total": 0.99456748209505233339788252709807213021209335291580
}
 
Individuo 29:
{
  "Posicao": [8. 9. 0. 6. 7.]
             [1. 1. 2. 2. 1.],
  "Velocidade": [1.01319511 3.58424024 0.28143892 0.43636457 0.74870645]
                [0.         0.         0.26819949 0.26819949 0.        ],
  "funcao_objetivo": 0.89767887912195887792254213093142289843546497234438,
  "confiabilidade_total": 0.99141221245529218186642163072915401252122866520022
}
 
Individuo 30:
{
  "Posicao": [9. 9. 3. 7. 3.]
             [2. 1. 1. 1. 1.],
  "Velocidade": [ 0.30256951  4.83515506  0.68604206  1.68026813 -4.4742519 ]
                [ 0.73711224  0.         -4.70450893 -4.70450893  0.        ],
  "funcao_objetivo": 0.95818633276114518371038771805707317632162401196605,
  "confiabilidade_total": 0.95818633276114518371038771805707317632162401196605
}
 
Individuo 31:
{
  "Posicao": [9. 9. 0. 2. 7.]
             [2. 1. 1. 1. 1.],
  "Velocidade": [ 1.82441386 -0.38200464  0.15488372 -2.46405163  0.47176113]
                [0.78971488 0.         0.41750561 0.41750561 0.        ],
  "funcao_objetivo": 0.96695809247419236808189198930600967279368103561996,
  "confiabilidade_total": 0.96695809247419236808189198930600967279368103561996
}
 
Individuo 32:
{
  "Posicao": [9. 9. 1. 1. 9.]
             [1. 2. 3. 3. 1.],
  "Velocidade": [ 3.39186141  0.28852913 -7.89952493 -8.0711057  12.74272201]
                [ 0.         -1.18404741 -0.39904971 -0.39904971  0.        ],
  "funcao_objetivo": -0.11581771533643792749301513591129065895938708870286,
  "confiabilidade_total": 0.99944895133022881194507005151897004400825664909011
}
 
Individuo 33:
{
  "Posicao": [9. 9. 9. 5. 9.]
             [1. 3. 1. 1. 1.],
  "Velocidade": [1.83466736 5.14547726 9.70099567 0.         6.26011045]
                [ 0.          0.98180104 -2.94756797 -2.94756797  0.        ],
  "funcao_objetivo": 0.74481238143967861029345840810812734626521803025376,
  "confiabilidade_total": 0.95856238143967841156353700020510661043514944199693
}
 
Individuo 34:
{
  "Posicao": [5. 9. 2. 6. 8.]
             [1. 1. 2. 2. 1.],
  "Velocidade": [-4.04711494  0.76434638 -0.61652479  1.29830923  1.63121821]
                [ 0.          0.         -1.48081525  0.          0.        ],
  "funcao_objetivo": 0.88000539534340411128786449612669665337234065202098,
  "confiabilidade_total": 0.99017206201007077403174314245114354387550875810008
}
 
Individuo 35:
{
  "Posicao": [9. 6. 9. 5. 4.]
             [1. 1. 2. 2. 1.],
  "Velocidade": [ 1.50677112  2.31867601  1.92444852 -3.0973749   3.51238139]
                [0.         0.         1.02509779 0.         0.        ],
  "funcao_objetivo": 0.91252135602364506584048035993894943242952796231503,
  "confiabilidade_total": 0.98702135602364518491883864489089562124167206298108
}
 
Individuo 36:
{
  "Posicao": [7. 8. 5. 5. 8.]
             [1. 1. 2. 1. 1.],
  "Velocidade": [-1.0513629  -1.0513629   1.55743828  0.          0.87772991]
                [ 0.          0.          0.         -2.11165554  0.        ],
  "funcao_objetivo": 0.96007687945431367991666684150373659827602799645272,
  "confiabilidade_total": 0.96007687945431367991666684150373659827602799645272
}
 
Individuo 37:
{
  "Posicao": [5. 7. 0. 2. 9.]
             [1. 1. 1. 1. 1.],
  "Velocidade": [-1.32685028 -2.29599227 -1.56836971 -1.20741517  1.55728689]
                [ 0.          0.         -2.54566207 -2.54566207  0.00938997],
  "funcao_objetivo": 0.95249387976061089775896916583478772469983647326230,
  "confiabilidade_total": 0.95249387976061089775896916583478772469983647326230
}
 
Individuo 38:
{
  "Posicao": [0. 3. 9. 5. 1.]
             [1. 1. 3. 3. 2.],
  "Velocidade": [-5.07587267 -1.96584243  1.41038178  4.77906592 -2.44052614]
                [0.         0.         3.27887593 3.27887593 0.17120176],
  "funcao_objetivo": 0.095929043574249687279423704710285990141204663227234,
  "confiabilidade_total": 0.99849571024091642653987320820052164664106733412567
}
 
Individuo 39:
{
  "Posicao": [7. 8. 0. 4. 6.]
             [1. 1. 2. 2. 1.],
  "Velocidade": [  3.29440277   3.39760486 -10.70681171  -1.05536399   1.72099152]
                [0.         0.         0.70253204 0.70253204 0.        ],
  "funcao_objetivo": 0.84412486450072678695478064678092761099874312132669,
  "confiabilidade_total": 0.99264153116739338765662111949006413127831453532052
}
 
Individuo 40:
{
  "Posicao": [6. 9. 0. 5. 5.]
             [1. 1. 2. 2. 1.],
  "Velocidade": [-0.51073364 -0.08109826 -0.78634677  0.         -0.76845013]
                [ 0.          0.         -0.33860346 -0.33860346  0.33860346],
  "funcao_objetivo": 0.96521724891554193820608988823692225728695705688437,
  "confiabilidade_total": 0.99155058224887536200409601144342769280587747848471
}
 
Individuo 41:
{
  "Posicao": [9. 9. 7. 2. 6.]
             [1. 1. 2. 2. 1.],
  "Velocidade": [ 2.1859369   3.93939028  6.91935254 -4.0192623  -2.07689207]
                [ 0.          0.         -1.17133805 -1.17133805 -2.01293595],
  "funcao_objetivo": 0.90135479227582546829441167581369862363877858040516,
  "confiabilidade_total": 0.98968812560915899573173714777856710770371521828358
}
 
Individuo 42:
{
  "Posicao": [1. 4. 9. 5. 3.]
             [1. 1. 1. 1. 1.],
  "Velocidade": [-6.7554965  -1.81882027  4.92202272  0.         -5.41036713]
                [ 0.          0.          0.22650004  0.22650004 -2.18697794],
  "funcao_objetivo": 0.94416474573583418720197222607112707841869473575430,
  "confiabilidade_total": 0.94416474573583418720197222607112707841869473575430
}
 
Individuo 43:
{
  "Posicao": [9. 9. 2. 3. 7.]
             [1. 1. 1. 1. 1.],
  "Velocidade": [ 3.71963638  5.89694996  1.88091702 -0.3601281  -2.26228325]
                [0.         0.         0.45441401 0.45441401 0.        ],
  "funcao_objetivo": 0.93962946319257770089818171570644734619323353036128,
  "confiabilidade_total": 0.93962946319257770089818171570644734619323353036128
}
 
Individuo 44:
{
  "Posicao": [9. 9. 1. 8. 8.]
             [1. 1. 1. 1. 1.],
  "Velocidade": [ 1.99643772  6.02847249 -2.8162777   4.78128643 -1.12873625]
                [ 0.          0.         -2.73266988 -2.73266988  0.        ],
  "funcao_objetivo": 0.93621419363642312733999691146734687359543762797862,
  "confiabilidade_total": 0.93621419363642312733999691146734687359543762797862
}
 
Individuo 45:
{
  "Posicao": [9. 9. 2. 7. 8.]
             [1. 1. 2. 2. 1.],
  "Velocidade": [ 4.04658613  0.77186133  1.77566703 -0.30324964 -0.61359034]
                [ 0.          0.         -0.18586629 -0.18586629  0.        ],
  "funcao_objetivo": 0.94663281345829983723510025630929857630813065345717,
  "confiabilidade_total": 0.98963281345829980603783326434239979040408078010512
}
 
Individuo 46:
{
  "Posicao": [8. 9. 0. 6. 9.]
             [1. 1. 2. 2. 1.],
  "Velocidade": [-0.25309606  0.30958811  0.24405344  1.512036    1.81683201]
                [0.         0.         0.18756139 0.18756139 0.18756139],
  "funcao_objetivo": 0.83258577563478450947658204405378983515234282199420,
  "confiabilidade_total": 0.99131910896811761788243133174582526712597897235430
}
 
Individuo 47:
{
  "Posicao": [9. 4. 8. 9. 9.]
             [1. 1. 3. 3. 1.],
  "Velocidade": [8.83554439 3.74626765 1.80399655 4.43096427 3.65292814]
                [0.         0.         2.60733396 2.60733396 0.        ],
  "funcao_objetivo": 0.23766275285491743492916470034223446676942039252622,
  "confiabilidade_total": 0.99756275285491728829090760785155860761614967109067
}
 
Individuo 48:
{
  "Posicao": [7. 9. 0. 6. 7.]
             [1. 1. 2. 2. 1.],
  "Velocidade": [-1.53427876  0.7226969   0.1252467   3.11458296 -1.24768622]
                [ 0.          0.         -0.00651705 -0.00651705  0.        ],
  "funcao_objetivo": 0.88645015988808954842547067867648361100636379102541,
  "confiabilidade_total": 0.99150015988808940719399971611032010371617929319216
}
 
Individuo 49:
{
  "Posicao": [7. 9. 3. 7. 5.]
             [1. 1. 2. 2. 1.],
  "Velocidade": [-2.14528303 -0.04882675  3.15356818  2.3006234  -2.48377328]
                [0.         0.         1.22146002 1.22146002 0.        ],
  "funcao_objetivo": 0.98908857259625440557194212316080595742437612532887,
  "confiabilidade_total": 0.98908857259625440557194212316080595742437612532887
}
 
Individuo 50:
{
  "Posicao": [8. 9. 9. 6. 3.]
             [1. 1. 1. 1. 1.],
  "Velocidade": [ 0.67738691  1.27143401 22.20668023 -2.54098291  0.21548911]
                [ 0.         0.        -1.0778722 -1.0778722  0.       ],
  "funcao_objetivo": 0.92883773613792268773733523979714191416447224853808,
  "confiabilidade_total": 0.92883773613792268773733523979714191416447224853808
}
 
-----------------------------------------
-----------------------------------------
-----------------------------------------
-----------------------------------------
GERACAO 8
Populacao antes da execucao:
Individuo 1:
{
  "Posicao": [9. 9. 6. 5. 9.]
             [1. 1. 2. 2. 1.],
  "Velocidade": [3.55025225 0.79010334 5.54110416 0.         0.91887031]
                [0. 0. 0. 0. 0.],
  "funcao_objetivo": 0.94810068751587666848198759495904305873079123947161,
  "confiabilidade_total": 0.98751735418254324757056133577794462831331315490740
}
 
Individuo 2:
{
  "Posicao": [9. 9. 0. 9. 9.]
             [1. 1. 3. 2. 1.],
  "Velocidade": [ 0.57587484  0.80287762 -2.86520144  8.65075174  4.0970312 ]
                [-1.70004221  0.          1.02605891  0.          0.        ],
  "funcao_objetivo": 0.34543131088906646910545664020319266595556007040777,
  "confiabilidade_total": 0.99206464422239969582777366219816061087562308920660
}
 
Individuo 3:
{
  "Posicao": [9. 9. 1. 5. 9.]
             [1. 1. 2. 2. 1.],
  "Velocidade": [ 7.60586671  0.70338805 -2.23529075  0.         -0.47679084]
                [-2.76447853  0.         -0.50472279  0.          0.        ],
  "funcao_objetivo": 0.94790038921873023229685693771815016719560260646259,
  "confiabilidade_total": 0.99021705588539711302747535406895798717673058383380
}
 
Individuo 4:
{
  "Posicao": [9. 9. 9. 2. 9.]
             [1. 1. 2. 2. 1.],
  "Velocidade": [ 4.60292357  1.69665585  1.88807286 -1.46436947  3.37112144]
                [ 0.          0.         -1.37071219  0.          0.        ],
  "funcao_objetivo": 0.76312857075369039903683403295122603080595524395511,
  "confiabilidade_total": 0.98834523742035704739222228013364415741885693157718
}
 
Individuo 5:
{
  "Posicao": [9. 9. 0. 6. 9.]
             [1. 1. 2. 2. 1.],
  "Velocidade": [ 7.19175464  3.52254291 -5.30632652  1.59618844  6.7782112 ]
                [0.         0.11340677 1.0365285  1.0365285  0.        ],
  "funcao_objetivo": 0.75611033201418983031848939266760685901900902895359,
  "confiabilidade_total": 0.99116033201418967271122881688038438048025742678074
}
 
Individuo 6:
{
  "Posicao": [9. 5. 9. 5. 9.]
             [2. 1. 2. 2. 1.],
  "Velocidade": [0.68023964 4.67387932 1.31158574 4.57483453 1.19842553]
                [-1.15799585  0.         -0.49471338 -0.49471338  0.        ],
  "funcao_objetivo": 0.65848099736431773828574883601159519176776249409548,
  "confiabilidade_total": 0.99261433069765110378594393615113068964178402424685
}
 
Individuo 7:
{
  "Posicao": [8. 7. 1. 4. 8.]
             [2. 1. 3. 3. 1.],
  "Velocidade": [ 3.91574264  5.69821554 -2.93571067  2.1028372   1.67689096]
                [ 0.64504222  0.         -0.47858963 -0.47858963  0.        ],
  "funcao_objetivo": 0.057911068244223008224573123772342750347702732609029,
  "confiabilidade_total": 0.99917773491088975965306697715429408989056848578286
}
 
Individuo 8:
{
  "Posicao": [9. 9. 9. 9. 7.]
             [2. 1. 3. 3. 1.],
  "Velocidade": [ 0.32923578  8.94995574 10.86361945 15.09312677  6.8116155 ]
                [0.59632333 0.         5.52288233 5.52288233 0.        ],
  "funcao_objetivo": -0.24988864376687039476977349777077251137526453451674,
  "confiabilidade_total": 0.99827802289979614074254652651073484657971440835435
}
 
Individuo 9:
{
  "Posicao": [0. 9. 4. 2. 3.]
             [1. 1. 2. 2. 1.],
  "Velocidade": [-4.49390863  2.99418457  3.76715429 -1.87040751 -5.6716791 ]
                [0.        0.        0.        0.7038688 0.       ],
  "funcao_objetivo": 0.71131115928690689746248962933202699182551155513127,
  "confiabilidade_total": 0.99289449262024041612905320675815880654375801509221
}
 
Individuo 10:
{
  "Posicao": [6. 8. 4. 5. 3.]
             [1. 1. 3. 2. 1.],
  "Velocidade": [-0.82093179 -0.01501879 -1.20657104  0.          0.46609253]
                [ 0.          0.         -0.30498239  0.          0.        ],
  "funcao_objetivo": 0.67690783112980427283428440318952496926189378195544,
  "confiabilidade_total": 0.99347449779647115081710083359307035169453338080187
}
 
Individuo 11:
{
  "Posicao": [3. 9. 1. 7. 6.]
             [1. 1. 2. 2. 1.],
  "Velocidade": [-6.16331097 -0.38405663  0.95372698  3.17909041 -0.54218364]
                [ 0.          0.28404072 -0.28404072 -0.28404072  0.28404072],
  "funcao_objetivo": 0.93533507075862199509724914901623463993283507834900,
  "confiabilidade_total": 0.99086840409195524741853356130574951567078528415191
}
 
Individuo 12:
{
  "Posicao": [7. 9. 2. 4. 9.]
             [1. 1. 2. 2. 1.],
  "Velocidade": [-0.35261176 -0.27485653  1.96666149  1.86095912  0.5675472 ]
                [ 0.          0.         -1.46174547  1.46174547  0.        ],
  "funcao_objetivo": 0.79152012972243909748986029504494517387478378583571,
  "confiabilidade_total": 0.99093679638910581174808728397665554003446129132887
}
 
Individuo 13:
{
  "Posicao": [4. 9. 0. 2. 4.]
             [1. 1. 2. 2. 1.],
  "Velocidade": [ 1.46448098 -0.37347454 -2.52818109 -0.21530215  0.47723481]
                [-0.82484983  0.          0.06510178  0.06510178  0.        ],
  "funcao_objetivo": 0.72801863962292857700167624131362743584194514550751,
  "confiabilidade_total": 0.99393530628959521154589006215909819958486888207978
}
 
Individuo 14:
{
  "Posicao": [9. 8. 3. 9. 9.]
             [2. 1. 2. 2. 1.],
  "Velocidade": [12.8509437  -0.71182133  2.5643894   4.8415605   4.47657237]
                [-0.90537394  0.          0.43023866  0.43023866  0.        ],
  "funcao_objetivo": 0.47161237091374740295729777183216943335148959237647,
  "confiabilidade_total": 0.99196237091374710461816659456010389071318774301123
}
 
Individuo 15:
{
  "Posicao": [7. 9. 2. 5. 5.]
             [1. 1. 2. 2. 1.],
  "Velocidade": [-1.12476708  1.4495572   1.96835352  0.         -0.91102307]
                [0.       0.       0.086798 0.       0.086798],
  "funcao_objetivo": 0.97176939255850152129356207971728783949558070045843,
  "confiabilidade_total": 0.99018605922516837316393297093715139116440346580877
}
 
Individuo 16:
{
  "Posicao": [9. 9. 0. 6. 9.]
             [3. 1. 1. 1. 1.],
  "Velocidade": [  2.15287234   7.99508187 -19.02659204   2.77076026   0.61168608]
                [ 2.10348844  0.         -1.66497269 -1.66497269  0.        ],
  "funcao_objetivo": 0.68681383052123198177837273186559654026127143439215,
  "confiabilidade_total": 0.96394716385456540767470037161364783718085570868414
}
 
Individuo 17:
{
  "Posicao": [3. 9. 3. 3. 4.]
             [1. 1. 1. 2. 1.],
  "Velocidade": [ 3.06281996  8.36756461 -5.88249453  1.58190544  2.05185173]
                [0.         0.         0.40719245 0.         0.        ],
  "funcao_objetivo": 0.87830021574903518130475086233590419883806216134646,
  "confiabilidade_total": 0.96796688241570177032982067354995680521208750619509
}
 
Individuo 18:
{
  "Posicao": [0. 9. 4. 9. 9.]
             [1. 1. 1. 1. 1.],
  "Velocidade": [-8.84907369  0.51624505  4.35268654 13.97375596  4.67714063]
                [ 0.         -0.64517874 -2.14810509 -2.14810509 -0.64517874],
  "funcao_objetivo": 0.94136690711035776463192195104727049668144524307587,
  "confiabilidade_total": 0.94136690711035776463192195104727049668144524307587
}
 
Individuo 19:
{
  "Posicao": [8. 8. 1. 5. 4.]
             [1. 1. 3. 2. 1.],
  "Velocidade": [-0.62351371  0.14064722  0.15908026 -1.24897026 -0.16964658]
                [0.         0.         1.96447326 0.         0.        ],
  "funcao_objetivo": 0.79874324766735826255943583971747179470047164029365,
  "confiabilidade_total": 0.99375991433402519772984026856283057435437846249824
}
 
Individuo 20:
{
  "Posicao": [5. 7. 2. 6. 7.]
             [1. 2. 2. 2. 1.],
  "Velocidade": [ 0.65755714 -0.68899073 -0.47990895  0.38481754 -1.73816119]
                [ 0.          0.68426545 -0.40904154 -0.40904154  0.        ],
  "funcao_objetivo": 0.80606641592718537298627513349960032635404970930669,
  "confiabilidade_total": 0.99506641592718542982969399430761519604399111555669
}
 
Individuo 21:
{
  "Posicao": [9. 9. 0. 8. 7.]
             [1. 1. 1. 2. 1.],
  "Velocidade": [ 4.94782974  1.7515464  -5.7079287   1.64767657 -0.67985434]
                [ 0.         -0.85904142 -3.85251246  0.          0.        ],
  "funcao_objetivo": 0.97010097231066460624221446703497745760915287053762,
  "confiabilidade_total": 0.97010097231066460624221446703497745760915287053762
}
 
Individuo 22:
{
  "Posicao": [1. 2. 6. 3. 0.]
             [1. 1. 1. 1. 1.],
  "Velocidade": [-0.97468676 -7.01637783 -2.99136946  1.26762728 -9.14835154]
                [ 0.         -3.03622011 -2.20477429 -2.20477429  0.        ],
  "funcao_objetivo": 0.95423260130934890844195846789208879707341254833321,
  "confiabilidade_total": 0.95423260130934890844195846789208879707341254833321
}
 
Individuo 23:
{
  "Posicao": [9. 9. 0. 6. 9.]
             [3. 1. 3. 3. 1.],
  "Velocidade": [  2.09746471   3.60977374 -14.99250695  -3.24756535   0.54858792]
                [ 3.5184635   0.         -0.06918627 -0.06918627  0.        ],
  "funcao_objetivo": -0.51922104432572754332401593583592223538242455309199,
  "confiabilidade_total": 0.99901228900760555825396175041140047298587683850957
}
 
Individuo 24:
{
  "Posicao": [7. 9. 2. 3. 5.]
             [1. 1. 2. 1. 1.],
  "Velocidade": [-1.41888676  0.79035165  0.6285351  -3.08427387 -1.72175972]
                [ 0.          0.          0.         -1.07343708 -1.90265778],
  "funcao_objetivo": 0.96400745195652660504577032078122966309987227419864,
  "confiabilidade_total": 0.96400745195652660504577032078122966309987227419864
}
 
Individuo 25:
{
  "Posicao": [9. 9. 0. 2. 9.]
             [1. 1. 2. 2. 1.],
  "Velocidade": [  0.86000168   2.47499104 -10.99756678  -3.84553229   1.81677369]
                [ 0.3270452  0.        -0.3270452 -0.3270452  0.       ],
  "funcao_objetivo": 0.77075711094039766887590029283707707783196066175155,
  "confiabilidade_total": 0.99337377760706418724637681690616745164606664930038
}
 
Individuo 26:
{
  "Posicao": [9. 9. 2. 6. 7.]
             [1. 1. 2. 2. 1.],
  "Velocidade": [ 2.38776874  1.58018905  1.81041127 -0.95191076 -2.30316143]
                [ 0.          0.          0.         -1.21462945  0.        ],
  "funcao_objetivo": 0.85256870729879271073596425426537208542277313333837,
  "confiabilidade_total": 0.98981870729879269386057427996299267098357177835790
}
 
Individuo 27:
{
  "Posicao": [7. 5. 6. 1. 4.]
             [1. 1. 3. 2. 1.],
  "Velocidade": [-0.4343809  -4.04550037  5.92589377 -7.63548592 -5.22960761]
                [0.         0.         1.76556935 0.         0.        ],
  "funcao_objetivo": 0.69713702669241586139208355743037815287605372776697,
  "confiabilidade_total": 0.99588702669241557162387413026452110230818835606287
}
 
Individuo 28:
{
  "Posicao": [7. 4. 5. 4. 4.]
             [1. 1. 3. 2. 1.],
  "Velocidade": [-0.31625449 -0.39888332  1.05200781  2.16316582 -2.2746542 ]
                [0.         0.         2.51769719 0.         0.        ],
  "funcao_objetivo": 0.69743414876171888973798649334751618651440238917068,
  "confiabilidade_total": 0.99456748209505233339788252709807213021209335291580
}
 
Individuo 29:
{
  "Posicao": [8. 9. 0. 6. 7.]
             [1. 1. 2. 2. 1.],
  "Velocidade": [1.01319511 3.58424024 0.28143892 0.43636457 0.74870645]
                [0.         0.         0.26819949 0.26819949 0.        ],
  "funcao_objetivo": 0.89767887912195887792254213093142289843546497234438,
  "confiabilidade_total": 0.99141221245529218186642163072915401252122866520022
}
 
Individuo 30:
{
  "Posicao": [9. 9. 3. 7. 3.]
             [2. 1. 1. 1. 1.],
  "Velocidade": [ 0.30256951  4.83515506  0.68604206  1.68026813 -4.4742519 ]
                [ 0.73711224  0.         -4.70450893 -4.70450893  0.        ],
  "funcao_objetivo": 0.95818633276114518371038771805707317632162401196605,
  "confiabilidade_total": 0.95818633276114518371038771805707317632162401196605
}
 
Individuo 31:
{
  "Posicao": [9. 9. 0. 2. 7.]
             [2. 1. 1. 1. 1.],
  "Velocidade": [ 1.82441386 -0.38200464  0.15488372 -2.46405163  0.47176113]
                [0.78971488 0.         0.41750561 0.41750561 0.        ],
  "funcao_objetivo": 0.96695809247419236808189198930600967279368103561996,
  "confiabilidade_total": 0.96695809247419236808189198930600967279368103561996
}
 
Individuo 32:
{
  "Posicao": [9. 9. 1. 1. 9.]
             [1. 2. 3. 3. 1.],
  "Velocidade": [ 3.39186141  0.28852913 -7.89952493 -8.0711057  12.74272201]
                [ 0.         -1.18404741 -0.39904971 -0.39904971  0.        ],
  "funcao_objetivo": -0.11581771533643792749301513591129065895938708870286,
  "confiabilidade_total": 0.99944895133022881194507005151897004400825664909011
}
 
Individuo 33:
{
  "Posicao": [9. 9. 9. 5. 9.]
             [1. 3. 1. 1. 1.],
  "Velocidade": [1.83466736 5.14547726 9.70099567 0.         6.26011045]
                [ 0.          0.98180104 -2.94756797 -2.94756797  0.        ],
  "funcao_objetivo": 0.74481238143967861029345840810812734626521803025376,
  "confiabilidade_total": 0.95856238143967841156353700020510661043514944199693
}
 
Individuo 34:
{
  "Posicao": [5. 9. 2. 6. 8.]
             [1. 1. 2. 2. 1.],
  "Velocidade": [-4.04711494  0.76434638 -0.61652479  1.29830923  1.63121821]
                [ 0.          0.         -1.48081525  0.          0.        ],
  "funcao_objetivo": 0.88000539534340411128786449612669665337234065202098,
  "confiabilidade_total": 0.99017206201007077403174314245114354387550875810008
}
 
Individuo 35:
{
  "Posicao": [9. 6. 9. 5. 4.]
             [1. 1. 2. 2. 1.],
  "Velocidade": [ 1.50677112  2.31867601  1.92444852 -3.0973749   3.51238139]
                [0.         0.         1.02509779 0.         0.        ],
  "funcao_objetivo": 0.91252135602364506584048035993894943242952796231503,
  "confiabilidade_total": 0.98702135602364518491883864489089562124167206298108
}
 
Individuo 36:
{
  "Posicao": [7. 8. 5. 5. 8.]
             [1. 1. 2. 1. 1.],
  "Velocidade": [-1.0513629  -1.0513629   1.55743828  0.          0.87772991]
                [ 0.          0.          0.         -2.11165554  0.        ],
  "funcao_objetivo": 0.96007687945431367991666684150373659827602799645272,
  "confiabilidade_total": 0.96007687945431367991666684150373659827602799645272
}
 
Individuo 37:
{
  "Posicao": [5. 7. 0. 2. 9.]
             [1. 1. 1. 1. 1.],
  "Velocidade": [-1.32685028 -2.29599227 -1.56836971 -1.20741517  1.55728689]
                [ 0.          0.         -2.54566207 -2.54566207  0.00938997],
  "funcao_objetivo": 0.95249387976061089775896916583478772469983647326230,
  "confiabilidade_total": 0.95249387976061089775896916583478772469983647326230
}
 
Individuo 38:
{
  "Posicao": [0. 3. 9. 5. 1.]
             [1. 1. 3. 3. 2.],
  "Velocidade": [-5.07587267 -1.96584243  1.41038178  4.77906592 -2.44052614]
                [0.         0.         3.27887593 3.27887593 0.17120176],
  "funcao_objetivo": 0.095929043574249687279423704710285990141204663227234,
  "confiabilidade_total": 0.99849571024091642653987320820052164664106733412567
}
 
Individuo 39:
{
  "Posicao": [7. 8. 0. 4. 6.]
             [1. 1. 2. 2. 1.],
  "Velocidade": [  3.29440277   3.39760486 -10.70681171  -1.05536399   1.72099152]
                [0.         0.         0.70253204 0.70253204 0.        ],
  "funcao_objetivo": 0.84412486450072678695478064678092761099874312132669,
  "confiabilidade_total": 0.99264153116739338765662111949006413127831453532052
}
 
Individuo 40:
{
  "Posicao": [6. 9. 0. 5. 5.]
             [1. 1. 2. 2. 1.],
  "Velocidade": [-0.51073364 -0.08109826 -0.78634677  0.         -0.76845013]
                [ 0.          0.         -0.33860346 -0.33860346  0.33860346],
  "funcao_objetivo": 0.96521724891554193820608988823692225728695705688437,
  "confiabilidade_total": 0.99155058224887536200409601144342769280587747848471
}
 
Individuo 41:
{
  "Posicao": [9. 9. 7. 2. 6.]
             [1. 1. 2. 2. 1.],
  "Velocidade": [ 2.1859369   3.93939028  6.91935254 -4.0192623  -2.07689207]
                [ 0.          0.         -1.17133805 -1.17133805 -2.01293595],
  "funcao_objetivo": 0.90135479227582546829441167581369862363877858040516,
  "confiabilidade_total": 0.98968812560915899573173714777856710770371521828358
}
 
Individuo 42:
{
  "Posicao": [1. 4. 9. 5. 3.]
             [1. 1. 1. 1. 1.],
  "Velocidade": [-6.7554965  -1.81882027  4.92202272  0.         -5.41036713]
                [ 0.          0.          0.22650004  0.22650004 -2.18697794],
  "funcao_objetivo": 0.94416474573583418720197222607112707841869473575430,
  "confiabilidade_total": 0.94416474573583418720197222607112707841869473575430
}
 
Individuo 43:
{
  "Posicao": [9. 9. 2. 3. 7.]
             [1. 1. 1. 1. 1.],
  "Velocidade": [ 3.71963638  5.89694996  1.88091702 -0.3601281  -2.26228325]
                [0.         0.         0.45441401 0.45441401 0.        ],
  "funcao_objetivo": 0.93962946319257770089818171570644734619323353036128,
  "confiabilidade_total": 0.93962946319257770089818171570644734619323353036128
}
 
Individuo 44:
{
  "Posicao": [9. 9. 1. 8. 8.]
             [1. 1. 1. 1. 1.],
  "Velocidade": [ 1.99643772  6.02847249 -2.8162777   4.78128643 -1.12873625]
                [ 0.          0.         -2.73266988 -2.73266988  0.        ],
  "funcao_objetivo": 0.93621419363642312733999691146734687359543762797862,
  "confiabilidade_total": 0.93621419363642312733999691146734687359543762797862
}
 
Individuo 45:
{
  "Posicao": [9. 9. 2. 7. 8.]
             [1. 1. 2. 2. 1.],
  "Velocidade": [ 4.04658613  0.77186133  1.77566703 -0.30324964 -0.61359034]
                [ 0.          0.         -0.18586629 -0.18586629  0.        ],
  "funcao_objetivo": 0.94663281345829983723510025630929857630813065345717,
  "confiabilidade_total": 0.98963281345829980603783326434239979040408078010512
}
 
Individuo 46:
{
  "Posicao": [8. 9. 0. 6. 9.]
             [1. 1. 2. 2. 1.],
  "Velocidade": [-0.25309606  0.30958811  0.24405344  1.512036    1.81683201]
                [0.         0.         0.18756139 0.18756139 0.18756139],
  "funcao_objetivo": 0.83258577563478450947658204405378983515234282199420,
  "confiabilidade_total": 0.99131910896811761788243133174582526712597897235430
}
 
Individuo 47:
{
  "Posicao": [9. 4. 8. 9. 9.]
             [1. 1. 3. 3. 1.],
  "Velocidade": [8.83554439 3.74626765 1.80399655 4.43096427 3.65292814]
                [0.         0.         2.60733396 2.60733396 0.        ],
  "funcao_objetivo": 0.23766275285491743492916470034223446676942039252622,
  "confiabilidade_total": 0.99756275285491728829090760785155860761614967109067
}
 
Individuo 48:
{
  "Posicao": [7. 9. 0. 6. 7.]
             [1. 1. 2. 2. 1.],
  "Velocidade": [-1.53427876  0.7226969   0.1252467   3.11458296 -1.24768622]
                [ 0.          0.         -0.00651705 -0.00651705  0.        ],
  "funcao_objetivo": 0.88645015988808954842547067867648361100636379102541,
  "confiabilidade_total": 0.99150015988808940719399971611032010371617929319216
}
 
Individuo 49:
{
  "Posicao": [7. 9. 3. 7. 5.]
             [1. 1. 2. 2. 1.],
  "Velocidade": [-2.14528303 -0.04882675  3.15356818  2.3006234  -2.48377328]
                [0.         0.         1.22146002 1.22146002 0.        ],
  "funcao_objetivo": 0.98908857259625440557194212316080595742437612532887,
  "confiabilidade_total": 0.98908857259625440557194212316080595742437612532887
}
 
Individuo 50:
{
  "Posicao": [8. 9. 9. 6. 3.]
             [1. 1. 1. 1. 1.],
  "Velocidade": [ 0.67738691  1.27143401 22.20668023 -2.54098291  0.21548911]
                [ 0.         0.        -1.0778722 -1.0778722  0.       ],
  "funcao_objetivo": 0.92883773613792268773733523979714191416447224853808,
  "confiabilidade_total": 0.92883773613792268773733523979714191416447224853808
}
 
-----------------------------------------
Populacao final da era:
Individuo 1:
{
  "Posicao": [9. 9. 8. 5. 9.]
             [1. 1. 2. 2. 1.],
  "Velocidade": [2.84985626 0.73642795 2.40940618 0.         0.34979643]
                [0. 0. 0. 0. 0.],
  "funcao_objetivo": 0.98004650423224002620460125024208628603694790141140,
  "confiabilidade_total": 0.98694650423224000353662264495795262193744831816708
}
 
Individuo 2:
{
  "Posicao": [7. 9. 3. 5. 9.]
             [3. 1. 1. 2. 1.],
  "Velocidade": [-2.44766358  0.74833441  2.67055497 -3.8746003  -0.32848509]
                [ 1.58455043  0.         -2.02806261  0.          0.        ],
  "funcao_objetivo": 0.77084866443014743449649131057410940813826828940183,
  "confiabilidade_total": 0.98851533109681395679715734181625393505203038199216
}
 
Individuo 3:
{
  "Posicao": [9. 9. 0. 5. 6.]
             [3. 1. 2. 2. 1.],
  "Velocidade": [ 5.71459852  0.32550145 -2.96285006  0.         -2.53332842]
                [ 2.57667464  0.         -0.47043462  0.          0.        ],
  "funcao_objetivo": 0.26654745765970306764627617480380839606928324266172,
  "confiabilidade_total": 0.99408079099303665488021375307960814735102152391172
}
 
Individuo 4:
{
  "Posicao": [0. 3. 0. 9. 0.]
             [1. 1. 1. 2. 1.],
  "Velocidade": [-17.33225429  -5.53294607 -22.09834676  11.33072344 -16.38838692]
                [ 0.          0.         -3.64904006  0.          0.        ],
  "funcao_objetivo": 0.98080547575956830379185337796182055482128679320228,
  "confiabilidade_total": 0.98080547575956830379185337796182055482128679320228
}
 
Individuo 5:
{
  "Posicao": [9. 9. 1. 5. 9.]
             [1. 2. 2. 2. 1.],
  "Velocidade": [ 1.03552475 -0.43501973  0.60787318 -1.08135868  1.17951455]
                [0.         0.72541251 0.34640231 0.34640231 0.        ],
  "funcao_objetivo": 0.62120878904304809024244693971358412838727279862999,
  "confiabilidade_total": 0.99484212237638154633684084926589332482963844499229
}
 
Individuo 6:
{
  "Posicao": [8. 6. 7. 3. 9.]
             [1. 1. 1. 1. 1.],
  "Velocidade": [-0.70237255  1.37187388 -2.47503104 -1.68601845 -0.36577714]
                [-1.22571552  0.         -1.65111784 -1.65111784  0.        ],
  "funcao_objetivo": 0.93663841959324698494498779320481929837891433612667,
  "confiabilidade_total": 0.93663841959324698494498779320481929837891433612667
}
 
Individuo 7:
{
  "Posicao": [0. 9. 0. 0. 9.]
             [2. 1. 1. 1. 1.],
  "Velocidade": [-8.90321409  2.26531298 -1.21337605 -5.83938751  0.99371307]
                [ 0.03196262  0.         -5.19964973 -5.19964973  0.        ],
  "funcao_objetivo": 0.97440255325019823964119311225516115361318614378150,
  "confiabilidade_total": 0.97460255325019834197235748777941397226317010864194
}
 
Individuo 8:
{
  "Posicao": [7. 2. 9. 6. 8.]
             [2. 1. 2. 2. 1.],
  "Velocidade": [-2.36289084 -6.92529187  1.36499776 -3.39669796  1.25979228]
                [-0.41758829  0.         -0.78156764 -0.78156764  0.        ],
  "funcao_objetivo": 0.67839704456306157879415279354195591613910569434107,
  "confiabilidade_total": 0.99404704456306148167184259933326175987980736975611
}
 
Individuo 9:
{
  "Posicao": [3. 9. 7. 1. 0.]
             [1. 1. 2. 2. 1.],
  "Velocidade": [ 2.97660504 -0.48756083  3.20695971 -1.24194162 -2.79654362]
                [ 0.          0.          0.         -0.43672712  0.        ],
  "funcao_objetivo": 0.89663680947887754089120613208068570193597700474330,
  "confiabilidade_total": 0.99165347614554421377142099323281180650690224049159
}
 
Individuo 10:
{
  "Posicao": [0. 0. 9. 5. 0.]
             [1. 1. 1. 2. 1.],
  "Velocidade": [-12.51598706  -9.80730729   6.70546169   0.          -5.4366879 ]
                [ 0.          0.         -2.24464364  0.          0.        ],
  "funcao_objetivo": 0.97416450366450064562910833474781034703017178755888,
  "confiabilidade_total": 0.97416450366450064562910833474781034703017178755888
}
 
Individuo 11:
{
  "Posicao": [0. 7. 7. 9. 5.]
             [1. 3. 1. 1. 3.],
  "Velocidade": [-4.85628945 -1.92857248  6.36545582  4.49252028 -1.27005072]
                [ 0.          1.83535112 -1.83535112 -1.83535112  1.83535112],
  "funcao_objetivo": 0.57599203051360762142066426771256863472713920413753,
  "confiabilidade_total": 0.98014203051360757514656860133604402987017127811214
}
 
Individuo 12:
{
  "Posicao": [7. 9. 2. 7. 8.]
             [1. 1. 1. 3. 1.],
  "Velocidade": [ 0.12006465 -0.25618425 -0.16140665  3.28027733 -1.4654726 ]
                [ 0.         0.        -1.3624423  1.3624423  0.       ],
  "funcao_objetivo": 0.97159886614414460354034185670735070663686109320231,
  "confiabilidade_total": 0.97159886614414460354034185670735070663686109320231
}
 
Individuo 13:
{
  "Posicao": [4. 9. 0. 2. 3.]
             [1. 1. 1. 1. 1.],
  "Velocidade": [ 0.33246429 -0.34810267  0.34275327  0.28347651 -1.0847105 ]
                [ 0.23802442  0.         -0.94615925 -0.94615925  0.        ],
  "funcao_objetivo": 0.95279248292421981716535874143137331413061975978214,
  "confiabilidade_total": 0.95279248292421981716535874143137331413061975978214
}
 
Individuo 14:
{
  "Posicao": [9. 8. 2. 7. 9.]
             [1. 1. 2. 2. 1.],
  "Velocidade": [ 9.54686461  0.02944605 -0.55762396 -1.73527871  1.04849324]
                [-2.40585004  0.          0.40101055  0.40101055  0.        ],
  "funcao_objetivo": 0.94687439819223469314343048183369087104843431383546,
  "confiabilidade_total": 0.98987439819223466194616348986679208514438444048341
}
 
Individuo 15:
{
  "Posicao": [8. 9. 1. 5. 9.]
             [1. 1. 2. 2. 1.],
  "Velocidade": [ 1.01432769  1.35108203 -0.5698821   0.          4.99708717]
                [0.         0.         0.08090141 0.         0.08090141],
  "funcao_objetivo": 0.99041835053223233292764563779478141465564176537782,
  "confiabilidade_total": 0.99041835053223233292764563779478141465564176537782
}
 
Individuo 16:
{
  "Posicao": [9. 9. 9. 6. 7.]
             [1. 1. 2. 2. 1.],
  "Velocidade": [-0.35176233  7.45193876 17.73402713  0.22414958 -2.30441402]
                [-2.7561714  0.         0.8065167  0.8065167  0.       ],
  "funcao_objetivo": 0.81365327734727667817099079017478876233755071279361,
  "confiabilidade_total": 0.98630327734727673159492273513732148752270658132388
}
 
Individuo 17:
{
  "Posicao": [2. 9. 7. 1. 3.]
             [1. 1. 2. 2. 1.],
  "Velocidade": [-1.04992392  7.79911702  4.44087319 -1.53141806 -0.79134056]
                [0.         0.         0.68158682 0.         0.        ],
  "funcao_objetivo": 0.92695426063006131592192168375607590782838823448221,
  "confiabilidade_total": 0.99187092729672791072015122302094252440529825340311
}
 
Individuo 18:
{
  "Posicao": [9. 9. 0. 9. 9.]
             [1. 3. 2. 2. 3.],
  "Velocidade": [11.61699658  0.48117412 -4.71738678  6.56624001 -0.02778683]
                [0.         1.71481263 0.96666123 0.96666123 1.71481263],
  "funcao_objetivo": -0.64440625248138210091688090071495251259520940088378,
  "confiabilidade_total": 0.99747708085195114934216424333333408930584498144044
}
 
Individuo 19:
{
  "Posicao": [7. 8. 1. 4. 4.]
             [1. 1. 2. 2. 1.],
  "Velocidade": [-0.58115553  0.20722594  0.07213966 -1.1641219   0.07027893]
                [ 0.          0.         -0.53130867  0.          0.        ],
  "funcao_objetivo": 0.85701328887670665566112898893870914239623129686159,
  "confiabilidade_total": 0.99184662221004004398750947537146311138011992296022
}
 
Individuo 20:
{
  "Posicao": [3. 6. 2. 8. 7.]
             [1. 2. 1. 1. 1.],
  "Velocidade": [-1.52073922 -0.65180086 -0.43769003  2.48268406  0.49912092]
                [ 0.         -0.41701202 -1.44085381 -1.44085381  0.        ],
  "funcao_objetivo": 0.96951977233115939976347971463086324253125972789449,
  "confiabilidade_total": 0.96951977233115939976347971463086324253125972789449
}
 
Individuo 21:
{
  "Posicao": [9. 9. 5. 7. 6.]
             [1. 2. 3. 2. 1.],
  "Velocidade": [ 3.88491405  1.63255571  5.32016255 -0.64461754 -0.63366867]
                [0.         0.80068274 2.86400677 0.         0.        ],
  "funcao_objetivo": 0.50242303225560446559917734187032375634239743780405,
  "confiabilidade_total": 0.99708969892227116453632659097487386465595792364389
}
 
Individuo 22:
{
  "Posicao": [9. 9. 0. 4. 2.]
             [1. 2. 2. 2. 1.],
  "Velocidade": [12.64420578  8.74432126 -9.70530957  0.6016201   1.56308334]
                [0.         1.09858919 0.61357303 0.61357303 0.        ],
  "funcao_objetivo": 0.38128936195109595645538337109375498859273367438970,
  "confiabilidade_total": 0.99622269528442928824920744361353791920529776130376
}
 
Individuo 23:
{
  "Posicao": [9. 9. 9. 1. 7.]
             [3. 1. 1. 1. 1.],
  "Velocidade": [ 0.25074452  3.36454502 13.97399621 -4.73117279 -2.26921504]
                [-0.12902141  0.         -1.76871579 -1.76871579  0.        ],
  "funcao_objetivo": 0.74811424341879897946387376224012851747365555250922,
  "confiabilidade_total": 0.96934757675213233073100968668515716711671909773627
}
 
Individuo 24:
{
  "Posicao": [6. 9. 1. 4. 7.]
             [1. 1. 2. 2. 3.],
  "Velocidade": [-0.50981871 -0.14440643 -1.03951714  0.51273976  1.78269199]
                [0.         0.         0.         0.69322877 1.77340138],
  "funcao_objetivo": 0.29841792177599394877350678756398104959267089651711,
  "confiabilidade_total": 0.99251792177599372148864918630193409406679580496437
}
 
Individuo 25:
{
  "Posicao": [8. 9. 9. 2. 8.]
             [1. 1. 2. 2. 1.],
  "Velocidade": [-0.55209607  2.30685339 10.2504509   0.47673412 -1.01399587]
                [ 0.3048275  0.        -0.3048275 -0.3048275  0.       ],
  "funcao_objetivo": 0.90671008160121983260793353829260980732042115895264,
  "confiabilidade_total": 0.98879341493455335449414388713169558926719945637696
}
 
Individuo 26:
{
  "Posicao": [7. 9. 6. 3. 0.]
             [1. 1. 2. 1. 1.],
  "Velocidade": [-2.19921418  1.47283946  3.78968013 -3.12165374 -6.52741691]
                [ 0.          0.          0.         -1.13211402  0.        ],
  "funcao_objetivo": 0.96359952719282154775611748835411199205793448083461,
  "confiabilidade_total": 0.96359952719282154775611748835411199205793448083461
}
 
Individuo 27:
{
  "Posicao": [9. 9. 0. 3. 5.]
             [1. 1. 1. 2. 1.],
  "Velocidade": [ 2.94262286  3.65219883 -8.5945378   2.29513351  1.19007507]
                [ 0.          0.         -3.69090405  0.          0.        ],
  "funcao_objetivo": 0.97180233359254083743659648090178703560170956075917,
  "confiabilidade_total": 0.97180233359254083743659648090178703560170956075917
}
 
Individuo 28:
{
  "Posicao": [9. 9. 0. 9. 0.]
             [1. 1. 1. 2. 1.],
  "Velocidade": [ 2.62318224  5.28378891 -4.67503421  9.40125709 -6.7675494 ]
                [ 0.          0.         -2.80484033  0.          0.        ],
  "funcao_objetivo": 0.93686694372468805347690422484622448041461161070743,
  "confiabilidade_total": 0.97066694372468800855728064851239085487447431975284
}
 
Individuo 29:
{
  "Posicao": [9. 9. 5. 3. 9.]
             [1. 1. 2. 2. 1.],
  "Velocidade": [ 0.94436405  3.34074612  4.57652401 -2.76419043  2.85494561]
                [0.         0.         0.24997945 0.24997945 0.        ],
  "funcao_objetivo": 0.91376599197978124315270640762753398928546976554596,
  "confiabilidade_total": 0.98868265864644798561059822203822048220539164054596
}
 
Individuo 30:
{
  "Posicao": [8. 9. 1. 7. 2.]
             [2. 1. 3. 3. 1.],
  "Velocidade": [-0.57492885  4.46828415 -1.85460151 -0.26295608 -0.85771055]
                [-0.16990662  0.          3.52796635  3.52796635  0.        ],
  "funcao_objetivo": 0.17931895472665416007309786897245347419491930768134,
  "confiabilidade_total": 0.99890228805998732391238277619855496952048464581611
}
 
Individuo 31:
{
  "Posicao": [9. 9. 0. 0. 7.]
             [3. 1. 2. 2. 1.],
  "Velocidade": [ 1.57173528 -0.35605328  0.14436175 -1.91044415  0.43971221]
                [0.60732821 0.         0.51788018 0.51788018 0.        ],
  "funcao_objetivo": 0.085635269232526975987205163143260560500310999850645,
  "confiabilidade_total": 0.99728526923252699188559887577550221936671648691119
}
 
Individuo 32:
{
  "Posicao": [9. 8. 0. 3. 9.]
             [1. 1. 1. 1. 1.],
  "Velocidade": [ 0.88311911 -0.63220436 -8.74005847  1.59047158  8.22154723]
                [ 0.         -3.38192694 -2.65025778 -2.65025778  0.        ],
  "funcao_objetivo": 0.94622020388347333256908979572822243719034859588089,
  "confiabilidade_total": 0.94622020388347333256908979572822243719034859588089
}
 
Individuo 33:
{
  "Posicao": [7. 9. 9. 5. 9.]
             [1. 2. 3. 3. 1.],
  "Velocidade": [-1.70864574  1.55437493  3.12573496  0.          0.07799617]
                [ 0.         -0.51967163  2.57019647  2.57019647  0.        ],
  "funcao_objetivo": 0.066725471353032902993471126263543393584205160286502,
  "confiabilidade_total": 0.99849213801969931291736260494734289881796980872400
}
 
Individuo 34:
{
  "Posicao": [7. 7. 3. 4. 7.]
             [1. 1. 1. 2. 1.],
  "Velocidade": [ 2.43538431 -1.59945809  0.68136935 -1.62970388 -1.31941095]
                [ 0.          0.         -1.38021659  0.          0.        ],
  "funcao_objetivo": 0.96519125460457427389011149006074071719949731363584,
  "confiabilidade_total": 0.96519125460457427389011149006074071719949731363584
}
 
Individuo 35:
{
  "Posicao": [6. 9. 4. 5. 8.]
             [1. 1. 2. 2. 1.],
  "Velocidade": [-3.29918529  4.10148819 -5.37955261 -0.18241078  3.86182709]
                [ 0.         0.        -0.3968144  0.         0.       ],
  "funcao_objetivo": 0.90589435431380835037264695418942110159961817420889,
  "confiabilidade_total": 0.98897768764714191478039914617200238177148935951162
}
 
Individuo 36:
{
  "Posicao": [7. 8. 2. 5. 8.]
             [1. 1. 2. 2. 1.],
  "Velocidade": [-0.21524587 -0.21524587 -3.02165751  0.         -0.27150467]
                [0.         0.         0.         0.87859465 0.        ],
  "funcao_objetivo": 0.99044071673544260277671579041466536689925167752458,
  "confiabilidade_total": 0.99044071673544260277671579041466536689925167752458
}
 
Individuo 37:
{
  "Posicao": [3. 3. 1. 0. 7.]
             [1. 1. 3. 3. 3.],
  "Velocidade": [-2.28798368 -3.64305462  1.46182306 -2.17666235 -1.85861572]
                [0.         0.         1.92095613 1.92095613 2.41532639],
  "funcao_objetivo": -0.29329110790560396548664472974450983484739134648596,
  "confiabilidade_total": 0.99947555876106287609195872320015258709436585566248
}
 
Individuo 38:
{
  "Posicao": [1. 7. 6. 0. 4.]
             [1. 1. 2. 2. 2.],
  "Velocidade": [ 0.58896468  3.53921499 -3.11877756 -4.60539165  3.09677876]
                [ 0.          0.         -0.85905593 -0.85905593 -0.13169398],
  "funcao_objetivo": 0.51171659608471695107127870684046928974557570174787,
  "confiabilidade_total": 0.99409992941805008742144152434769484418202093795392
}
 
Individuo 39:
{
  "Posicao": [6. 6. 4. 4. 4.]
             [1. 1. 2. 2. 1.],
  "Velocidade": [-0.97758685 -1.56368926  3.83880669 -0.25579923 -1.76181546]
                [ 0.          0.         -0.02748772 -0.02748772  0.        ],
  "funcao_objetivo": 0.66721777332818466038747910988795589272579402418537,
  "confiabilidade_total": 0.99046777332818458666867027477756160859665126295490
}
 
Individuo 40:
{
  "Posicao": [9. 9. 1. 5. 8.]
             [1. 1. 2. 2. 1.],
  "Velocidade": [ 2.99678303 -0.07558888  0.77678849  0.          2.75657443]
                [ 0.          0.         -0.31560055 -0.31560055  0.31560055],
  "funcao_objetivo": 0.99028498962469367269673096457774940664516135739106,
  "confiabilidade_total": 0.99028498962469367269673096457774940664516135739106
}
 
Individuo 41:
{
  "Posicao": [9. 9. 6. 3. 6.]
             [1. 1. 1. 1. 3.],
  "Velocidade": [-0.06466965  2.71741432 -0.63061223  0.65139222  0.16630655]
                [ 0.          0.         -1.0917636  -1.0917636   1.87618785],
  "funcao_objetivo": 0.78110353100551056802323781608860863027644211010450,
  "confiabilidade_total": 0.93985353100551065351041071222566224289608055309766
}
 
Individuo 42:
{
  "Posicao": [8. 9. 0. 5. 7.]
             [1. 1. 3. 3. 3.],
  "Velocidade": [ 6.54870016  5.90516964 -9.82801328  0.          3.6096352 ]
                [0.         0.         2.83353053 2.83353053 2.03840636],
  "funcao_objetivo": -0.054030128740757272336781580351608464355399080121332,
  "confiabilidade_total": 0.99883653792590945608789120279709935760981851021070
}
 
Individuo 43:
{
  "Posicao": [4. 8. 3. 8. 7.]
             [1. 1. 2. 2. 1.],
  "Velocidade": [-5.07682659 -1.45270561  1.16958583  5.45967507 -0.37133374]
                [0.         0.         1.14963495 1.14963495 0.        ],
  "funcao_objetivo": 0.93989055011242945564469133673133361611519526592395,
  "confiabilidade_total": 0.98939055011242943715947797672247721806172799221179
}
 
Individuo 44:
{
  "Posicao": [9. 9. 5. 7. 9.]
             [1. 1. 2. 2. 1.],
  "Velocidade": [ 1.77645954  5.61893031  4.01150229 -0.83718726  0.54379519]
                [0.         0.         0.78247402 0.78247402 0.        ],
  "funcao_objetivo": 0.95067147913845780315281479773618897665803495989934,
  "confiabilidade_total": 0.98737147913845767476662423008308664206926886187688
}
 
Individuo 45:
{
  "Posicao": [9. 9. 1. 2. 5.]
             [1. 1. 2. 2. 1.],
  "Velocidade": [ 1.29491656 -0.35752284 -1.14459849 -5.23618077 -3.04867244]
                [ 0.          0.         -0.17323952 -0.17323952  0.        ],
  "funcao_objetivo": 0.88242898760496778938733392098165540729056465252802,
  "confiabilidade_total": 0.99251232093830118348687413546522338647733795269892
}
 
Individuo 46:
{
  "Posicao": [8. 9. 0. 6. 9.]
             [1. 1. 2. 2. 1.],
  "Velocidade": [-0.23590206  0.28855635  0.22747375  0.12445186 -0.09206427]
                [0.         0.         0.17481947 0.17481947 0.17481947],
  "funcao_objetivo": 0.83258577563478450947658204405378983515234282199420,
  "confiabilidade_total": 0.99131910896811761788243133174582526712597897235430
}
 
Individuo 47:
{
  "Posicao": [4. 9. 0. 8. 9.]
             [1. 1. 1. 1. 1.],
  "Velocidade": [ -4.9838102    4.77812794 -11.48688683  -1.13157949   0.77400386]
                [ 0.          0.         -1.53045031 -1.53045031  0.        ],
  "funcao_objetivo": 0.94340081873467765783234969751298884546112869522836,
  "confiabilidade_total": 0.94340081873467765783234969751298884546112869522836
}
 
Individuo 48:
{
  "Posicao": [8. 9. 0. 7. 7.]
             [1. 1. 2. 2. 1.],
  "Velocidade": [0.65471689 0.67360074 0.11673811 0.81822989 0.45196426]
                [ 0.          0.         -0.00607431 -0.00607431  0.        ],
  "funcao_objetivo": 0.91246778697335556917470840477501763534938512457893,
  "confiabilidade_total": 0.99126778697335552258975029150344919917380033148811
}
 
Individuo 49:
{
  "Posicao": [6. 9. 4. 8. 4.]
             [1. 1. 3. 3. 1.],
  "Velocidade": [-1.44203103 -0.04550972  1.2667928   1.02930547 -1.20001312]
                [0.         0.         1.13848056 1.13848056 0.        ],
  "funcao_objetivo": 0.25793846663262607097529046469882151809940275231019,
  "confiabilidade_total": 0.99805513329929293795579672106706558493385252037660
}
 
Individuo 50:
{
  "Posicao": [9. 9. 7. 0. 6.]
             [1. 1. 2. 2. 1.],
  "Velocidade": [ 0.63136887  1.18505958 -2.19649458 -7.32313248  3.14342796]
                [0.         0.         0.87173508 0.87173508 0.        ],
  "funcao_objetivo": 0.84529048988081573922920586197568071465728194106793,
  "confiabilidade_total": 0.99112382321414895691430746352187442052898318160748
}
 
-----------------------------------------
-----------------------------------------
-----------------------------------------
-----------------------------------------
GERACAO 9
Populacao antes da execucao:
Individuo 1:
{
  "Posicao": [9. 9. 8. 5. 9.]
             [1. 1. 2. 2. 1.],
  "Velocidade": [2.84985626 0.73642795 2.40940618 0.         0.34979643]
                [0. 0. 0. 0. 0.],
  "funcao_objetivo": 0.98004650423224002620460125024208628603694790141140,
  "confiabilidade_total": 0.98694650423224000353662264495795262193744831816708
}
 
Individuo 2:
{
  "Posicao": [7. 9. 3. 5. 9.]
             [3. 1. 1. 2. 1.],
  "Velocidade": [-2.44766358  0.74833441  2.67055497 -3.8746003  -0.32848509]
                [ 1.58455043  0.         -2.02806261  0.          0.        ],
  "funcao_objetivo": 0.77084866443014743449649131057410940813826828940183,
  "confiabilidade_total": 0.98851533109681395679715734181625393505203038199216
}
 
Individuo 3:
{
  "Posicao": [9. 9. 0. 5. 6.]
             [3. 1. 2. 2. 1.],
  "Velocidade": [ 5.71459852  0.32550145 -2.96285006  0.         -2.53332842]
                [ 2.57667464  0.         -0.47043462  0.          0.        ],
  "funcao_objetivo": 0.26654745765970306764627617480380839606928324266172,
  "confiabilidade_total": 0.99408079099303665488021375307960814735102152391172
}
 
Individuo 4:
{
  "Posicao": [0. 3. 0. 9. 0.]
             [1. 1. 1. 2. 1.],
  "Velocidade": [-17.33225429  -5.53294607 -22.09834676  11.33072344 -16.38838692]
                [ 0.          0.         -3.64904006  0.          0.        ],
  "funcao_objetivo": 0.98080547575956830379185337796182055482128679320228,
  "confiabilidade_total": 0.98080547575956830379185337796182055482128679320228
}
 
Individuo 5:
{
  "Posicao": [9. 9. 1. 5. 9.]
             [1. 2. 2. 2. 1.],
  "Velocidade": [ 1.03552475 -0.43501973  0.60787318 -1.08135868  1.17951455]
                [0.         0.72541251 0.34640231 0.34640231 0.        ],
  "funcao_objetivo": 0.62120878904304809024244693971358412838727279862999,
  "confiabilidade_total": 0.99484212237638154633684084926589332482963844499229
}
 
Individuo 6:
{
  "Posicao": [8. 6. 7. 3. 9.]
             [1. 1. 1. 1. 1.],
  "Velocidade": [-0.70237255  1.37187388 -2.47503104 -1.68601845 -0.36577714]
                [-1.22571552  0.         -1.65111784 -1.65111784  0.        ],
  "funcao_objetivo": 0.93663841959324698494498779320481929837891433612667,
  "confiabilidade_total": 0.93663841959324698494498779320481929837891433612667
}
 
Individuo 7:
{
  "Posicao": [0. 9. 0. 0. 9.]
             [2. 1. 1. 1. 1.],
  "Velocidade": [-8.90321409  2.26531298 -1.21337605 -5.83938751  0.99371307]
                [ 0.03196262  0.         -5.19964973 -5.19964973  0.        ],
  "funcao_objetivo": 0.97440255325019823964119311225516115361318614378150,
  "confiabilidade_total": 0.97460255325019834197235748777941397226317010864194
}
 
Individuo 8:
{
  "Posicao": [7. 2. 9. 6. 8.]
             [2. 1. 2. 2. 1.],
  "Velocidade": [-2.36289084 -6.92529187  1.36499776 -3.39669796  1.25979228]
                [-0.41758829  0.         -0.78156764 -0.78156764  0.        ],
  "funcao_objetivo": 0.67839704456306157879415279354195591613910569434107,
  "confiabilidade_total": 0.99404704456306148167184259933326175987980736975611
}
 
Individuo 9:
{
  "Posicao": [3. 9. 7. 1. 0.]
             [1. 1. 2. 2. 1.],
  "Velocidade": [ 2.97660504 -0.48756083  3.20695971 -1.24194162 -2.79654362]
                [ 0.          0.          0.         -0.43672712  0.        ],
  "funcao_objetivo": 0.89663680947887754089120613208068570193597700474330,
  "confiabilidade_total": 0.99165347614554421377142099323281180650690224049159
}
 
Individuo 10:
{
  "Posicao": [0. 0. 9. 5. 0.]
             [1. 1. 1. 2. 1.],
  "Velocidade": [-12.51598706  -9.80730729   6.70546169   0.          -5.4366879 ]
                [ 0.          0.         -2.24464364  0.          0.        ],
  "funcao_objetivo": 0.97416450366450064562910833474781034703017178755888,
  "confiabilidade_total": 0.97416450366450064562910833474781034703017178755888
}
 
Individuo 11:
{
  "Posicao": [0. 7. 7. 9. 5.]
             [1. 3. 1. 1. 3.],
  "Velocidade": [-4.85628945 -1.92857248  6.36545582  4.49252028 -1.27005072]
                [ 0.          1.83535112 -1.83535112 -1.83535112  1.83535112],
  "funcao_objetivo": 0.57599203051360762142066426771256863472713920413753,
  "confiabilidade_total": 0.98014203051360757514656860133604402987017127811214
}
 
Individuo 12:
{
  "Posicao": [7. 9. 2. 7. 8.]
             [1. 1. 1. 3. 1.],
  "Velocidade": [ 0.12006465 -0.25618425 -0.16140665  3.28027733 -1.4654726 ]
                [ 0.         0.        -1.3624423  1.3624423  0.       ],
  "funcao_objetivo": 0.97159886614414460354034185670735070663686109320231,
  "confiabilidade_total": 0.97159886614414460354034185670735070663686109320231
}
 
Individuo 13:
{
  "Posicao": [4. 9. 0. 2. 3.]
             [1. 1. 1. 1. 1.],
  "Velocidade": [ 0.33246429 -0.34810267  0.34275327  0.28347651 -1.0847105 ]
                [ 0.23802442  0.         -0.94615925 -0.94615925  0.        ],
  "funcao_objetivo": 0.95279248292421981716535874143137331413061975978214,
  "confiabilidade_total": 0.95279248292421981716535874143137331413061975978214
}
 
Individuo 14:
{
  "Posicao": [9. 8. 2. 7. 9.]
             [1. 1. 2. 2. 1.],
  "Velocidade": [ 9.54686461  0.02944605 -0.55762396 -1.73527871  1.04849324]
                [-2.40585004  0.          0.40101055  0.40101055  0.        ],
  "funcao_objetivo": 0.94687439819223469314343048183369087104843431383546,
  "confiabilidade_total": 0.98987439819223466194616348986679208514438444048341
}
 
Individuo 15:
{
  "Posicao": [8. 9. 1. 5. 9.]
             [1. 1. 2. 2. 1.],
  "Velocidade": [ 1.01432769  1.35108203 -0.5698821   0.          4.99708717]
                [0.         0.         0.08090141 0.         0.08090141],
  "funcao_objetivo": 0.99041835053223233292764563779478141465564176537782,
  "confiabilidade_total": 0.99041835053223233292764563779478141465564176537782
}
 
Individuo 16:
{
  "Posicao": [9. 9. 9. 6. 7.]
             [1. 1. 2. 2. 1.],
  "Velocidade": [-0.35176233  7.45193876 17.73402713  0.22414958 -2.30441402]
                [-2.7561714  0.         0.8065167  0.8065167  0.       ],
  "funcao_objetivo": 0.81365327734727667817099079017478876233755071279361,
  "confiabilidade_total": 0.98630327734727673159492273513732148752270658132388
}
 
Individuo 17:
{
  "Posicao": [2. 9. 7. 1. 3.]
             [1. 1. 2. 2. 1.],
  "Velocidade": [-1.04992392  7.79911702  4.44087319 -1.53141806 -0.79134056]
                [0.         0.         0.68158682 0.         0.        ],
  "funcao_objetivo": 0.92695426063006131592192168375607590782838823448221,
  "confiabilidade_total": 0.99187092729672791072015122302094252440529825340311
}
 
Individuo 18:
{
  "Posicao": [9. 9. 0. 9. 9.]
             [1. 3. 2. 2. 3.],
  "Velocidade": [11.61699658  0.48117412 -4.71738678  6.56624001 -0.02778683]
                [0.         1.71481263 0.96666123 0.96666123 1.71481263],
  "funcao_objetivo": -0.64440625248138210091688090071495251259520940088378,
  "confiabilidade_total": 0.99747708085195114934216424333333408930584498144044
}
 
Individuo 19:
{
  "Posicao": [7. 8. 1. 4. 4.]
             [1. 1. 2. 2. 1.],
  "Velocidade": [-0.58115553  0.20722594  0.07213966 -1.1641219   0.07027893]
                [ 0.          0.         -0.53130867  0.          0.        ],
  "funcao_objetivo": 0.85701328887670665566112898893870914239623129686159,
  "confiabilidade_total": 0.99184662221004004398750947537146311138011992296022
}
 
Individuo 20:
{
  "Posicao": [3. 6. 2. 8. 7.]
             [1. 2. 1. 1. 1.],
  "Velocidade": [-1.52073922 -0.65180086 -0.43769003  2.48268406  0.49912092]
                [ 0.         -0.41701202 -1.44085381 -1.44085381  0.        ],
  "funcao_objetivo": 0.96951977233115939976347971463086324253125972789449,
  "confiabilidade_total": 0.96951977233115939976347971463086324253125972789449
}
 
Individuo 21:
{
  "Posicao": [9. 9. 5. 7. 6.]
             [1. 2. 3. 2. 1.],
  "Velocidade": [ 3.88491405  1.63255571  5.32016255 -0.64461754 -0.63366867]
                [0.         0.80068274 2.86400677 0.         0.        ],
  "funcao_objetivo": 0.50242303225560446559917734187032375634239743780405,
  "confiabilidade_total": 0.99708969892227116453632659097487386465595792364389
}
 
Individuo 22:
{
  "Posicao": [9. 9. 0. 4. 2.]
             [1. 2. 2. 2. 1.],
  "Velocidade": [12.64420578  8.74432126 -9.70530957  0.6016201   1.56308334]
                [0.         1.09858919 0.61357303 0.61357303 0.        ],
  "funcao_objetivo": 0.38128936195109595645538337109375498859273367438970,
  "confiabilidade_total": 0.99622269528442928824920744361353791920529776130376
}
 
Individuo 23:
{
  "Posicao": [9. 9. 9. 1. 7.]
             [3. 1. 1. 1. 1.],
  "Velocidade": [ 0.25074452  3.36454502 13.97399621 -4.73117279 -2.26921504]
                [-0.12902141  0.         -1.76871579 -1.76871579  0.        ],
  "funcao_objetivo": 0.74811424341879897946387376224012851747365555250922,
  "confiabilidade_total": 0.96934757675213233073100968668515716711671909773627
}
 
Individuo 24:
{
  "Posicao": [6. 9. 1. 4. 7.]
             [1. 1. 2. 2. 3.],
  "Velocidade": [-0.50981871 -0.14440643 -1.03951714  0.51273976  1.78269199]
                [0.         0.         0.         0.69322877 1.77340138],
  "funcao_objetivo": 0.29841792177599394877350678756398104959267089651711,
  "confiabilidade_total": 0.99251792177599372148864918630193409406679580496437
}
 
Individuo 25:
{
  "Posicao": [8. 9. 9. 2. 8.]
             [1. 1. 2. 2. 1.],
  "Velocidade": [-0.55209607  2.30685339 10.2504509   0.47673412 -1.01399587]
                [ 0.3048275  0.        -0.3048275 -0.3048275  0.       ],
  "funcao_objetivo": 0.90671008160121983260793353829260980732042115895264,
  "confiabilidade_total": 0.98879341493455335449414388713169558926719945637696
}
 
Individuo 26:
{
  "Posicao": [7. 9. 6. 3. 0.]
             [1. 1. 2. 1. 1.],
  "Velocidade": [-2.19921418  1.47283946  3.78968013 -3.12165374 -6.52741691]
                [ 0.          0.          0.         -1.13211402  0.        ],
  "funcao_objetivo": 0.96359952719282154775611748835411199205793448083461,
  "confiabilidade_total": 0.96359952719282154775611748835411199205793448083461
}
 
Individuo 27:
{
  "Posicao": [9. 9. 0. 3. 5.]
             [1. 1. 1. 2. 1.],
  "Velocidade": [ 2.94262286  3.65219883 -8.5945378   2.29513351  1.19007507]
                [ 0.          0.         -3.69090405  0.          0.        ],
  "funcao_objetivo": 0.97180233359254083743659648090178703560170956075917,
  "confiabilidade_total": 0.97180233359254083743659648090178703560170956075917
}
 
Individuo 28:
{
  "Posicao": [9. 9. 0. 9. 0.]
             [1. 1. 1. 2. 1.],
  "Velocidade": [ 2.62318224  5.28378891 -4.67503421  9.40125709 -6.7675494 ]
                [ 0.          0.         -2.80484033  0.          0.        ],
  "funcao_objetivo": 0.93686694372468805347690422484622448041461161070743,
  "confiabilidade_total": 0.97066694372468800855728064851239085487447431975284
}
 
Individuo 29:
{
  "Posicao": [9. 9. 5. 3. 9.]
             [1. 1. 2. 2. 1.],
  "Velocidade": [ 0.94436405  3.34074612  4.57652401 -2.76419043  2.85494561]
                [0.         0.         0.24997945 0.24997945 0.        ],
  "funcao_objetivo": 0.91376599197978124315270640762753398928546976554596,
  "confiabilidade_total": 0.98868265864644798561059822203822048220539164054596
}
 
Individuo 30:
{
  "Posicao": [8. 9. 1. 7. 2.]
             [2. 1. 3. 3. 1.],
  "Velocidade": [-0.57492885  4.46828415 -1.85460151 -0.26295608 -0.85771055]
                [-0.16990662  0.          3.52796635  3.52796635  0.        ],
  "funcao_objetivo": 0.17931895472665416007309786897245347419491930768134,
  "confiabilidade_total": 0.99890228805998732391238277619855496952048464581611
}
 
Individuo 31:
{
  "Posicao": [9. 9. 0. 0. 7.]
             [3. 1. 2. 2. 1.],
  "Velocidade": [ 1.57173528 -0.35605328  0.14436175 -1.91044415  0.43971221]
                [0.60732821 0.         0.51788018 0.51788018 0.        ],
  "funcao_objetivo": 0.085635269232526975987205163143260560500310999850645,
  "confiabilidade_total": 0.99728526923252699188559887577550221936671648691119
}
 
Individuo 32:
{
  "Posicao": [9. 8. 0. 3. 9.]
             [1. 1. 1. 1. 1.],
  "Velocidade": [ 0.88311911 -0.63220436 -8.74005847  1.59047158  8.22154723]
                [ 0.         -3.38192694 -2.65025778 -2.65025778  0.        ],
  "funcao_objetivo": 0.94622020388347333256908979572822243719034859588089,
  "confiabilidade_total": 0.94622020388347333256908979572822243719034859588089
}
 
Individuo 33:
{
  "Posicao": [7. 9. 9. 5. 9.]
             [1. 2. 3. 3. 1.],
  "Velocidade": [-1.70864574  1.55437493  3.12573496  0.          0.07799617]
                [ 0.         -0.51967163  2.57019647  2.57019647  0.        ],
  "funcao_objetivo": 0.066725471353032902993471126263543393584205160286502,
  "confiabilidade_total": 0.99849213801969931291736260494734289881796980872400
}
 
Individuo 34:
{
  "Posicao": [7. 7. 3. 4. 7.]
             [1. 1. 1. 2. 1.],
  "Velocidade": [ 2.43538431 -1.59945809  0.68136935 -1.62970388 -1.31941095]
                [ 0.          0.         -1.38021659  0.          0.        ],
  "funcao_objetivo": 0.96519125460457427389011149006074071719949731363584,
  "confiabilidade_total": 0.96519125460457427389011149006074071719949731363584
}
 
Individuo 35:
{
  "Posicao": [6. 9. 4. 5. 8.]
             [1. 1. 2. 2. 1.],
  "Velocidade": [-3.29918529  4.10148819 -5.37955261 -0.18241078  3.86182709]
                [ 0.         0.        -0.3968144  0.         0.       ],
  "funcao_objetivo": 0.90589435431380835037264695418942110159961817420889,
  "confiabilidade_total": 0.98897768764714191478039914617200238177148935951162
}
 
Individuo 36:
{
  "Posicao": [7. 8. 2. 5. 8.]
             [1. 1. 2. 2. 1.],
  "Velocidade": [-0.21524587 -0.21524587 -3.02165751  0.         -0.27150467]
                [0.         0.         0.         0.87859465 0.        ],
  "funcao_objetivo": 0.99044071673544260277671579041466536689925167752458,
  "confiabilidade_total": 0.99044071673544260277671579041466536689925167752458
}
 
Individuo 37:
{
  "Posicao": [3. 3. 1. 0. 7.]
             [1. 1. 3. 3. 3.],
  "Velocidade": [-2.28798368 -3.64305462  1.46182306 -2.17666235 -1.85861572]
                [0.         0.         1.92095613 1.92095613 2.41532639],
  "funcao_objetivo": -0.29329110790560396548664472974450983484739134648596,
  "confiabilidade_total": 0.99947555876106287609195872320015258709436585566248
}
 
Individuo 38:
{
  "Posicao": [1. 7. 6. 0. 4.]
             [1. 1. 2. 2. 2.],
  "Velocidade": [ 0.58896468  3.53921499 -3.11877756 -4.60539165  3.09677876]
                [ 0.          0.         -0.85905593 -0.85905593 -0.13169398],
  "funcao_objetivo": 0.51171659608471695107127870684046928974557570174787,
  "confiabilidade_total": 0.99409992941805008742144152434769484418202093795392
}
 
Individuo 39:
{
  "Posicao": [6. 6. 4. 4. 4.]
             [1. 1. 2. 2. 1.],
  "Velocidade": [-0.97758685 -1.56368926  3.83880669 -0.25579923 -1.76181546]
                [ 0.          0.         -0.02748772 -0.02748772  0.        ],
  "funcao_objetivo": 0.66721777332818466038747910988795589272579402418537,
  "confiabilidade_total": 0.99046777332818458666867027477756160859665126295490
}
 
Individuo 40:
{
  "Posicao": [9. 9. 1. 5. 8.]
             [1. 1. 2. 2. 1.],
  "Velocidade": [ 2.99678303 -0.07558888  0.77678849  0.          2.75657443]
                [ 0.          0.         -0.31560055 -0.31560055  0.31560055],
  "funcao_objetivo": 0.99028498962469367269673096457774940664516135739106,
  "confiabilidade_total": 0.99028498962469367269673096457774940664516135739106
}
 
Individuo 41:
{
  "Posicao": [9. 9. 6. 3. 6.]
             [1. 1. 1. 1. 3.],
  "Velocidade": [-0.06466965  2.71741432 -0.63061223  0.65139222  0.16630655]
                [ 0.          0.         -1.0917636  -1.0917636   1.87618785],
  "funcao_objetivo": 0.78110353100551056802323781608860863027644211010450,
  "confiabilidade_total": 0.93985353100551065351041071222566224289608055309766
}
 
Individuo 42:
{
  "Posicao": [8. 9. 0. 5. 7.]
             [1. 1. 3. 3. 3.],
  "Velocidade": [ 6.54870016  5.90516964 -9.82801328  0.          3.6096352 ]
                [0.         0.         2.83353053 2.83353053 2.03840636],
  "funcao_objetivo": -0.054030128740757272336781580351608464355399080121332,
  "confiabilidade_total": 0.99883653792590945608789120279709935760981851021070
}
 
Individuo 43:
{
  "Posicao": [4. 8. 3. 8. 7.]
             [1. 1. 2. 2. 1.],
  "Velocidade": [-5.07682659 -1.45270561  1.16958583  5.45967507 -0.37133374]
                [0.         0.         1.14963495 1.14963495 0.        ],
  "funcao_objetivo": 0.93989055011242945564469133673133361611519526592395,
  "confiabilidade_total": 0.98939055011242943715947797672247721806172799221179
}
 
Individuo 44:
{
  "Posicao": [9. 9. 5. 7. 9.]
             [1. 1. 2. 2. 1.],
  "Velocidade": [ 1.77645954  5.61893031  4.01150229 -0.83718726  0.54379519]
                [0.         0.         0.78247402 0.78247402 0.        ],
  "funcao_objetivo": 0.95067147913845780315281479773618897665803495989934,
  "confiabilidade_total": 0.98737147913845767476662423008308664206926886187688
}
 
Individuo 45:
{
  "Posicao": [9. 9. 1. 2. 5.]
             [1. 1. 2. 2. 1.],
  "Velocidade": [ 1.29491656 -0.35752284 -1.14459849 -5.23618077 -3.04867244]
                [ 0.          0.         -0.17323952 -0.17323952  0.        ],
  "funcao_objetivo": 0.88242898760496778938733392098165540729056465252802,
  "confiabilidade_total": 0.99251232093830118348687413546522338647733795269892
}
 
Individuo 46:
{
  "Posicao": [8. 9. 0. 6. 9.]
             [1. 1. 2. 2. 1.],
  "Velocidade": [-0.23590206  0.28855635  0.22747375  0.12445186 -0.09206427]
                [0.         0.         0.17481947 0.17481947 0.17481947],
  "funcao_objetivo": 0.83258577563478450947658204405378983515234282199420,
  "confiabilidade_total": 0.99131910896811761788243133174582526712597897235430
}
 
Individuo 47:
{
  "Posicao": [4. 9. 0. 8. 9.]
             [1. 1. 1. 1. 1.],
  "Velocidade": [ -4.9838102    4.77812794 -11.48688683  -1.13157949   0.77400386]
                [ 0.          0.         -1.53045031 -1.53045031  0.        ],
  "funcao_objetivo": 0.94340081873467765783234969751298884546112869522836,
  "confiabilidade_total": 0.94340081873467765783234969751298884546112869522836
}
 
Individuo 48:
{
  "Posicao": [8. 9. 0. 7. 7.]
             [1. 1. 2. 2. 1.],
  "Velocidade": [0.65471689 0.67360074 0.11673811 0.81822989 0.45196426]
                [ 0.          0.         -0.00607431 -0.00607431  0.        ],
  "funcao_objetivo": 0.91246778697335556917470840477501763534938512457893,
  "confiabilidade_total": 0.99126778697335552258975029150344919917380033148811
}
 
Individuo 49:
{
  "Posicao": [6. 9. 4. 8. 4.]
             [1. 1. 3. 3. 1.],
  "Velocidade": [-1.44203103 -0.04550972  1.2667928   1.02930547 -1.20001312]
                [0.         0.         1.13848056 1.13848056 0.        ],
  "funcao_objetivo": 0.25793846663262607097529046469882151809940275231019,
  "confiabilidade_total": 0.99805513329929293795579672106706558493385252037660
}
 
Individuo 50:
{
  "Posicao": [9. 9. 7. 0. 6.]
             [1. 1. 2. 2. 1.],
  "Velocidade": [ 0.63136887  1.18505958 -2.19649458 -7.32313248  3.14342796]
                [0.         0.         0.87173508 0.87173508 0.        ],
  "funcao_objetivo": 0.84529048988081573922920586197568071465728194106793,
  "confiabilidade_total": 0.99112382321414895691430746352187442052898318160748
}
 
-----------------------------------------
Populacao final da era:
Individuo 1:
{
  "Posicao": [9. 9. 0. 5. 5.]
             [1. 1. 2. 2. 1.],
  "Velocidade": [-7.51825641e-03  6.79534981e-01 -1.88743973e+01  0.00000000e+00
 -3.67119587e+00]
                [0. 0. 0. 0. 0.],
  "funcao_objetivo": 0.97836051017171570369141621793168448637321608461154,
  "confiabilidade_total": 0.99127717683838234597943563553762211957097070611728
}
 
Individuo 2:
{
  "Posicao": [6. 9. 2. 1. 7.]
             [2. 1. 2. 2. 1.],
  "Velocidade": [-1.14203718  0.69052161 -0.88535378 -3.57526687 -2.18729928]
                [-0.77092731  0.          0.75485261  0.          0.        ],
  "funcao_objetivo": 0.65173325746172839629080145134279643364559279634565,
  "confiabilidade_total": 0.99573325746172862549634488520636420410435067369551
}
 
Individuo 3:
{
  "Posicao": [9. 7. 2. 5. 5.]
             [2. 1. 2. 2. 1.],
  "Velocidade": [ 1.06185989 -2.07774907  1.54490227  0.         -0.50446359]
                [-1.28869069  0.         -0.43409105  0.          0.        ],
  "funcao_objetivo": 0.81856119393544446333833588599196027672228068177188,
  "confiabilidade_total": 0.99369452726877795389821581625147282494076192442859
}
 
Individuo 4:
{
  "Posicao": [9. 3. 9. 9. 9.]
             [1. 1. 3. 2. 1.],
  "Velocidade": [ 9.3714238  -0.13913022 20.39113223  7.144454    9.32820293]
                [0.         0.         2.53940462 0.         0.        ],
  "funcao_objetivo": 0.36853417827425982659874256355914134446699102055991,
  "confiabilidade_total": 0.99213417827425981425306252972740061495620687138998
}
 
Individuo 5:
{
  "Posicao": [0. 0. 9. 0. 0.]
             [1. 2. 1. 1. 1.],
  "Velocidade": [-16.59448586 -11.97113587  11.93521022  -6.78267985 -14.728758  ]
                [ 0.          0.47394529 -1.60864639 -1.60864639  0.        ],
  "funcao_objetivo": 0.97693689995576010536769730707347998909986437454334,
  "confiabilidade_total": 0.97693689995576010536769730707347998909986437454334
}
 
Individuo 6:
{
  "Posicao": [7. 3. 4. 0. 7.]
             [1. 1. 2. 2. 1.],
  "Velocidade": [-0.64811054 -3.16308325 -3.4906857  -4.92059631 -1.91888719]
                [0.10552751 0.         1.35115109 1.35115109 0.        ],
  "funcao_objetivo": 0.81937690270501307269124361357561674762525757069530,
  "confiabilidade_total": 0.99306023603834655727951145013256855404012997860851
}
 
Individuo 7:
{
  "Posicao": [1. 9. 1. 0. 7.]
             [1. 1. 3. 3. 1.],
  "Velocidade": [ 1.27174187  1.18032822  0.66464766  0.2568279  -1.56858756]
                [-1.09952501  0.          3.66893085  3.66893085  0.        ],
  "funcao_objetivo": 0.21838706947682982027693320189980744664964919304049,
  "confiabilidade_total": 0.99940373614349634610810845144994977211055999015963
}
 
Individuo 8:
{
  "Posicao": [6. 0. 3. 0. 5.]
             [1. 1. 1. 1. 1.],
  "Velocidade": [-0.55765916 -1.95076321 -6.42534034 -7.83220982 -2.76664842]
                [-1.23920347  0.         -1.48999713 -1.48999713  0.        ],
  "funcao_objetivo": 0.95773374507046999933372546682280368640212444506567,
  "confiabilidade_total": 0.95773374507046999933372546682280368640212444506567
}
 
Individuo 9:
{
  "Posicao": [3. 5. 9. 0. 1.]
             [1. 1. 2. 1. 1.],
  "Velocidade": [-0.42951214 -4.27325409  2.05312328 -1.90268733  0.8744926 ]
                [ 0.          0.          0.         -1.67744094  0.        ],
  "funcao_objetivo": 0.97377873757235916457473642653266813042380196844560,
  "confiabilidade_total": 0.97377873757235916457473642653266813042380196844560
}
 
Individuo 10:
{
  "Posicao": [1. 8. 1. 5. 5.]
             [1. 1. 2. 2. 1.],
  "Velocidade": [ 0.54331583  7.97412547 -7.74146817  0.          4.61335181]
                [0.         0.         0.85191953 0.         0.        ],
  "funcao_objetivo": 0.99182779973234163742604434366575229090988269602100,
  "confiabilidade_total": 0.99182779973234163742604434366575229090988269602100
}
 
Individuo 11:
{
  "Posicao": [1. 7. 9. 9. 4.]
             [1. 3. 2. 2. 3.],
  "Velocidade": [ 1.26669319  0.05035204  1.52158143  3.22245587 -0.71043588]
                [ 0.         -0.13637155  1.46281217  1.46281217 -0.13637155],
  "funcao_objetivo": -0.44222104069729617505252333347948698996616694210338,
  "confiabilidade_total": 0.99527895930270393596977912903616705239699986697865
}
 
Individuo 12:
{
  "Posicao": [8. 9. 0. 5. 6.]
             [1. 1. 2. 2. 1.],
  "Velocidade": [ 0.8290132  -0.23639266 -3.37659619 -1.99201125 -2.07048125]
                [ 0.          0.          1.25224847 -1.25224847  0.        ],
  "funcao_objetivo": 0.96634819496582152165541196236438223729688293506310,
  "confiabilidade_total": 0.99143152829915489924038468554874667768213517238305
}
 
Individuo 13:
{
  "Posicao": [4. 9. 2. 4. 3.]
             [2. 1. 1. 1. 1.],
  "Velocidade": [ 0.23441035 -0.3212099   2.46958076  1.55311635  0.00337333]
                [1.29628927 0.         0.08366563 0.08366563 0.        ],
  "funcao_objetivo": 0.84222192886710978057896003605192344288747504868122,
  "confiabilidade_total": 0.96338859553377638370386226000546411264162257828327
}
 
Individuo 14:
{
  "Posicao": [9. 9. 0. 1. 6.]
             [3. 1. 2. 2. 1.],
  "Velocidade": [ 5.19184905  0.70669098 -1.87358413 -5.89820863 -3.32949783]
                [2.21998536 0.         0.37003035 0.37003035 0.        ],
  "funcao_objetivo": 0.12395214922690965693190888404590659332036973932897,
  "confiabilidade_total": 0.99645214922690971022261406605342053365468980768834
}
 
Individuo 15:
{
  "Posicao": [9. 9. 0. 5. 9.]
             [1. 1. 2. 2. 1.],
  "Velocidade": [ 0.93596549  1.24670378 -0.87363974  0.          3.12803853]
                [0.         0.         0.07465135 0.         0.07465135],
  "funcao_objetivo": 0.88548465071521139441242642018435831330551834791225,
  "confiabilidade_total": 0.99116798404854471799060011047798284478320809095424
}
 
Individuo 16:
{
  "Posicao": [6. 9. 4. 4. 7.]
             [3. 1. 3. 3. 1.],
  "Velocidade": [-2.65675505  6.87623696 -4.62553455 -2.12533538 -0.1833376 ]
                [2.54324254 0.         0.744209   0.744209   0.        ],
  "funcao_objetivo": -0.50001839115759555042478134705177089562625871913086,
  "confiabilidade_total": 0.99911494217573776733582369420603336403160108311523
}
 
Individuo 17:
{
  "Posicao": [3. 9. 8. 2. 4.]
             [1. 1. 2. 2. 1.],
  "Velocidade": [1.44542366 7.19659385 1.06603792 1.05696761 1.09443126]
                [ 0.          0.         -0.01650831  0.          0.        ],
  "funcao_objetivo": 0.83274831088949249762866901389647972407982884452189,
  "confiabilidade_total": 0.99049831088949255447208787470449459376977025077189
}
 
Individuo 18:
{
  "Posicao": [9. 9. 0. 8. 4.]
             [1. 1. 1. 1. 1.],
  "Velocidade": [ 0.21994553  0.44400087  0.33241115 -0.79918179 -4.6260513 ]
                [ 0.         -3.01807689 -1.45069586 -1.45069586 -3.01807689],
  "funcao_objetivo": 0.94071281535269728380540251505494583819629767301161,
  "confiabilidade_total": 0.94071281535269728380540251505494583819629767301161
}
 
Individuo 19:
{
  "Posicao": [8. 8. 1. 5. 4.]
             [1. 1. 2. 2. 1.],
  "Velocidade": [ 1.18292124  0.33323326 -0.07545014  0.64499211  0.49089939]
                [ 0.          0.         -0.49026226  0.          0.        ],
  "funcao_objetivo": 0.99091968486287439138971491961830943433385981434698,
  "confiabilidade_total": 0.99091968486287439138971491961830943433385981434698
}
 
Individuo 20:
{
  "Posicao": [0. 4. 5. 9. 9.]
             [1. 1. 2. 2. 1.],
  "Velocidade": [-6.3802672  -2.05696868  3.11761411  3.74640644  4.28727368]
                [ 0.         -0.53740674  1.17692909  1.17692909  0.        ],
  "funcao_objetivo": 0.87596479148993193540643936393123096443045121677600,
  "confiabilidade_total": 0.98994812482326496243294094659929198335188609607897
}
 
Individuo 21:
{
  "Posicao": [9. 9. 0. 6. 8.]
             [1. 1. 1. 2. 1.],
  "Velocidade": [ 2.72858812  1.50643212 -8.08866551 -0.56384112  2.01484905]
                [ 0.         -1.8607377  -1.70018414  0.          0.        ],
  "funcao_objetivo": 0.97053276236606789495412144292229876993852048285682,
  "confiabilidade_total": 0.97053276236606789495412144292229876993852048285682
}
 
Individuo 22:
{
  "Posicao": [9. 9. 5. 4. 7.]
             [1. 2. 2. 2. 1.],
  "Velocidade": [7.70606161e+00 6.06312808e+00 5.44563897e+00 3.74602706e-03
 5.20370409e+00]
                [0.         0.0608771  0.06475927 0.06475927 0.        ],
  "funcao_objetivo": 0.60418677270942919040118089310988708051434329722980,
  "confiabilidade_total": 0.99278677270942919137817715478002483608713916514972
}
 
Individuo 23:
{
  "Posicao": [6. 9. 0. 8. 7.]
             [1. 1. 2. 2. 1.],
  "Velocidade": [ -2.6221181    3.10461607 -12.78699058   7.0483005    0.29754013]
                [-5.82603636  0.          1.22141816  1.22141816  0.        ],
  "funcao_objetivo": 0.93276863252408631613866545848954605788925122452272,
  "confiabilidade_total": 0.99096863252408634562618899253370377154090832901491
}
 
Individuo 24:
{
  "Posicao": [9. 6. 1. 8. 9.]
             [1. 1. 2. 3. 1.],
  "Velocidade": [ 4.15953471 -2.53986799  0.33573406  3.99142037  1.64496958]
                [ 0.          0.          0.          0.63967317 -5.40018823],
  "funcao_objetivo": 0.68054338072467255991093647522203409862941712951137,
  "confiabilidade_total": 0.99537671405800588606482758264602180388993234252407
}
 
Individuo 25:
{
  "Posicao": [7. 9. 9. 4. 6.]
             [1. 1. 2. 2. 1.],
  "Velocidade": [-0.50944372  2.12863672  3.47089456  2.43578875 -1.60095427]
                [ 0.28127795  0.         -0.28127795 -0.28127795  0.        ],
  "funcao_objetivo": 0.76034771569377750542598382012165976355385941449315,
  "confiabilidade_total": 0.98778104902711086775094106983324755581629437390477
}
 
Individuo 26:
{
  "Posicao": [6. 9. 0. 4. 6.]
             [1. 1. 2. 2. 1.],
  "Velocidade": [-0.53128411  1.35905479 -6.26219588  0.62952109  5.74794519]
                [0.         0.         0.         0.71035305 0.        ],
  "funcao_objetivo": 0.74336325737242337592467505417806550227654791160007,
  "confiabilidade_total": 0.99241325737242344238817642336306179473725772185703
}
 
Individuo 27:
{
  "Posicao": [9. 9. 8. 7. 8.]
             [1. 1. 3. 2. 1.],
  "Velocidade": [1.90730566 3.37004709 7.93056415 3.73379021 2.71410339]
                [0.         0.         2.59777817 0.         0.        ],
  "funcao_objetivo": 0.77714936017602905345881852401942192234816537493283,
  "confiabilidade_total": 0.99241602684269566313958770838451196330385790461118
}
 
Individuo 28:
{
  "Posicao": [9. 7. 2. 9. 3.]
             [1. 1. 3. 2. 1.],
  "Velocidade": [ 0.55599458 -1.80849453  2.37021971  4.55886982  3.21911401]
                [0.        0.        2.3946393 0.        0.       ],
  "funcao_objetivo": 0.57493775229590303611792665725562996513664611197538,
  "confiabilidade_total": 0.99253775229590302121873366678602919265150912619657
}
 
Individuo 29:
{
  "Posicao": [6. 9. 0. 7. 7.]
             [1. 1. 2. 2. 1.],
  "Velocidade": [-2.55741945  3.08265576 -8.09707333  4.30701067 -1.8112192 ]
                [0.         0.         0.23066721 0.23066721 0.        ],
  "funcao_objetivo": 0.91055397659329189086374822928606556441428105555937,
  "confiabilidade_total": 0.99138730992662529888270961500753366916233639441893
}
 
Individuo 30:
{
  "Posicao": [8. 9. 0. 5. 4.]
             [1. 1. 1. 1. 1.],
  "Velocidade": [-0.26611682  3.85868977 -1.37499684 -2.47834059  2.28604091]
                [-0.87803648  0.         -2.00536474 -2.00536474  0.        ],
  "funcao_objetivo": 0.94351626251835723723551945830532926092386719082212,
  "confiabilidade_total": 0.94351626251835723723551945830532926092386719082212
}
 
Individuo 31:
{
  "Posicao": [9. 9. 0. 9. 7.]
             [1. 1. 1. 1. 1.],
  "Velocidade": [ 8.65065393e-03 -3.28546279e-01  1.33209035e-01  9.59024438e+00
  4.05742105e-01]
                [-4.39530954  0.         -1.59452778 -1.59452778  0.        ],
  "funcao_objetivo": 0.93810803766144626566857893387375816250387915485509,
  "confiabilidade_total": 0.93810803766144626566857893387375816250387915485509
}
 
Individuo 32:
{
  "Posicao": [9. 7. 7. 7. 9.]
             [1. 3. 2. 2. 1.],
  "Velocidade": [-0.39617019 -0.54724622  6.88989591  3.88972653  6.33920843]
                [0.         3.12065514 1.23444765 1.23444765 0.        ],
  "funcao_objetivo": 0.46638388422979601451496664447153065292931091121742,
  "confiabilidade_total": 0.99323388422979583297129765776593316285706054500649
}
 
Individuo 33:
{
  "Posicao": [6. 7. 0. 5. 1.]
             [1. 1. 2. 2. 1.],
  "Velocidade": [ -1.33674655  -1.96526414 -14.00622642   0.          -8.34011977]
                [ 0.         -1.85260661 -1.26781745 -1.26781745  0.        ],
  "funcao_objetivo": 0.97334037059396879803833819915304272903862786035589,
  "confiabilidade_total": 0.99225703726063554973883669356815742098528337221197
}
 
Individuo 34:
{
  "Posicao": [9. 6. 4. 3. 6.]
             [1. 1. 2. 2. 1.],
  "Velocidade": [ 2.27571418 -1.18696955  0.54330126 -1.24335493 -1.21747946]
                [0.         0.         1.01314185 0.         0.        ],
  "funcao_objetivo": 0.73806726265191121356181065061945067070235010982828,
  "confiabilidade_total": 0.99015059598524476153826207814971515260447260738687
}
 
Individuo 35:
{
  "Posicao": [4. 9. 0. 7. 6.]
             [1. 1. 1. 2. 1.],
  "Velocidade": [-1.69812512  0.96534754 -3.89727626  1.71120071 -1.80840805]
                [ 0.          0.         -1.30591802  0.          0.        ],
  "funcao_objetivo": 0.97384741085358488860418121960322583214610255012295,
  "confiabilidade_total": 0.97384741085358488860418121960322583214610255012295
}
 
Individuo 36:
{
  "Posicao": [7. 8. 0. 5. 8.]
             [1. 1. 2. 3. 1.],
  "Velocidade": [ 0.04920356  0.04920356 -3.28385953  0.         -0.49835004]
                [0.         0.         0.         0.81071855 0.        ],
  "funcao_objetivo": 0.88273260555420647545581687699446747667155177051219,
  "confiabilidade_total": 0.99663260555420638649364591378067389252594620639475
}
 
Individuo 37:
{
  "Posicao": [2. 3. 2. 1. 6.]
             [1. 1. 3. 3. 2.],
  "Velocidade": [-0.74702313 -0.44030703  0.50526679  0.64430196 -1.00154986]
                [ 0.          0.         -0.21545145 -0.21545145 -1.25496219],
  "funcao_objetivo": 0.081593669895807110658377955158068439202248617652714,
  "confiabilidade_total": 0.99931033656247362467678022269654517455571846628553
}
 
Individuo 38:
{
  "Posicao": [6. 9. 0. 1. 8.]
             [1. 1. 1. 1. 1.],
  "Velocidade": [ 4.54672317  3.92690572 -5.82652596  1.39012991  4.33188142]
                [ 0.          0.         -1.03402653 -1.03402653 -0.69341408],
  "funcao_objetivo": 0.95232275384192988973630036391885827215682905299354,
  "confiabilidade_total": 0.95232275384192988973630036391885827215682905299354
}
 
Individuo 39:
{
  "Posicao": [6. 6. 5. 5. 4.]
             [1. 1. 2. 2. 1.],
  "Velocidade": [0.23944167 0.44653841 0.84583875 0.51188225 0.38183001]
                [ 0.         0.        -0.0844199 -0.0844199  0.       ],
  "funcao_objetivo": 0.96632148502264289366906477103150375730031047236292,
  "confiabilidade_total": 0.98890481835597629331972010864085443860524211298792
}
 
Individuo 40:
{
  "Posicao": [8. 9. 1. 5. 7.]
             [1. 1. 2. 2. 1.],
  "Velocidade": [-1.17032243 -0.06974924  0.33250065  0.         -1.39197364]
                [ 0.          0.         -0.29121874 -0.29121874  0.29121874],
  "funcao_objetivo": 0.99052154755423912279730521561673074095637557080864,
  "confiabilidade_total": 0.99052154755423912279730521561673074095637557080864
}
 
Individuo 41:
{
  "Posicao": [8. 9. 2. 5. 7.]
             [1. 1. 1. 1. 2.],
  "Velocidade": [-0.93358289  2.17691964 -3.51142993  2.01832734  1.0273678 ]
                [ 0.          0.          0.46406976  0.46406976 -0.64454376],
  "funcao_objetivo": 0.94327627602592638782597896294744845094772520542899,
  "confiabilidade_total": 0.94327627602592638782597896294744845094772520542899
}
 
Individuo 42:
{
  "Posicao": [9. 9. 5. 5. 9.]
             [1. 1. 2. 2. 1.],
  "Velocidade": [3.36712519 2.77331082 4.60932522 0.         2.43888736]
                [ 0.          0.         -0.62281426 -0.62281426 -2.10269335],
  "funcao_objetivo": 0.98752495018170860305604477954760763879533514053134,
  "confiabilidade_total": 0.98752495018170860305604477954760763879533514053134
}
 
Individuo 43:
{
  "Posicao": [0. 0. 1. 9. 9.]
             [1. 1. 1. 1. 1.],
  "Velocidade": [ -6.83512191 -11.90347954  -2.32057873   1.63807835   2.99914588]
                [ 0.          0.         -0.61007651 -0.61007651  0.        ],
  "funcao_objetivo": 0.96085388513090584778873091871014304133340329354694,
  "confiabilidade_total": 0.96085388513090584778873091871014304133340329354694
}
 
Individuo 44:
{
  "Posicao": [9. 9. 6. 4. 8.]
             [1. 1. 3. 3. 1.],
  "Velocidade": [ 1.06568147  5.18483813  0.83390675 -3.424492   -0.64529016]
                [0.         0.         0.72202375 0.72202375 0.        ],
  "funcao_objetivo": 0.19391212404802785938924327981660238666149100117712,
  "confiabilidade_total": 0.99809545738136122049295520244051798445793112568884
}
 
Individuo 45:
{
  "Posicao": [6. 6. 1. 9. 9.]
             [1. 1. 2. 2. 1.],
  "Velocidade": [-2.60989542 -2.80290968  0.08506974  6.58266042  4.79639931]
                [ 0.          0.         -0.15985585 -0.15985585  0.        ],
  "funcao_objetivo": 0.81818178224727609034662209431062487728386010746850,
  "confiabilidade_total": 0.98986511558060926437775436759566341369836415867700
}
 
Individuo 46:
{
  "Posicao": [8. 9. 0. 4. 6.]
             [1. 1. 2. 2. 1.],
  "Velocidade": [-0.21767738  0.26626384  0.2099002  -2.36846541 -3.09500863]
                [0.         0.         0.16131374 0.16131374 0.16131374],
  "funcao_objetivo": 0.77878237057583775350867779098684771802530023836497,
  "confiabilidade_total": 0.99229903724250452469914148269658547710880968355540
}
 
Individuo 47:
{
  "Posicao": [0. 3. 4. 4. 7.]
             [1. 1. 1. 1. 1.],
  "Velocidade": [-4.21085986 -6.01990885  3.64686317 -3.65263596 -1.79728789]
                [0.         0.         0.15646698 0.15646698 0.        ],
  "funcao_objetivo": 0.95373601957109966196809765743329348682848948427471,
  "confiabilidade_total": 0.95373601957109966196809765743329348682848948427471
}
 
Individuo 48:
{
  "Posicao": [9. 9. 0. 0. 9.]
             [1. 1. 2. 2. 1.],
  "Velocidade": [ 0.60413654  0.62156151  0.10771947 -6.83201759  2.71599822]
                [ 0.          0.         -0.00560504 -0.00560504  0.        ],
  "funcao_objetivo": 0.68082122567159524535615389449254603005181036373326,
  "confiabilidade_total": 0.99483789233826196703067068792030208624134741207310
}
 
Individuo 49:
{
  "Posicao": [8. 9. 0. 4. 8.]
             [1. 1. 2. 2. 1.],
  "Velocidade": [ 2.27389384 -0.04199385 -4.88976958 -3.88182196  3.72430238]
                [ 0.          0.         -1.32690563 -1.32690563  0.        ],
  "funcao_objetivo": 0.81427472320580537034136315250069415567743399716339,
  "confiabilidade_total": 0.99225805653913873176703975226590515019672730542145
}
 
Individuo 50:
{
  "Posicao": [7. 9. 0. 5. 7.]
             [1. 1. 1. 1. 1.],
  "Velocidade": [ -2.01980548   1.09350744 -20.24358802   4.59532628   0.52513663]
                [ 0.          0.         -0.85489195 -0.85489195  0.        ],
  "funcao_objetivo": 0.94369529895638753745836029435739557712445169212060,
  "confiabilidade_total": 0.94369529895638753745836029435739557712445169212060
}
 
-----------------------------------------
-----------------------------------------
-----------------------------------------
-----------------------------------------
GERACAO 10
Populacao antes da execucao:
Individuo 1:
{
  "Posicao": [9. 9. 0. 5. 5.]
             [1. 1. 2. 2. 1.],
  "Velocidade": [-7.51825641e-03  6.79534981e-01 -1.88743973e+01  0.00000000e+00
 -3.67119587e+00]
                [0. 0. 0. 0. 0.],
  "funcao_objetivo": 0.97836051017171570369141621793168448637321608461154,
  "confiabilidade_total": 0.99127717683838234597943563553762211957097070611728
}
 
Individuo 2:
{
  "Posicao": [6. 9. 2. 1. 7.]
             [2. 1. 2. 2. 1.],
  "Velocidade": [-1.14203718  0.69052161 -0.88535378 -3.57526687 -2.18729928]
                [-0.77092731  0.          0.75485261  0.          0.        ],
  "funcao_objetivo": 0.65173325746172839629080145134279643364559279634565,
  "confiabilidade_total": 0.99573325746172862549634488520636420410435067369551
}
 
Individuo 3:
{
  "Posicao": [9. 7. 2. 5. 5.]
             [2. 1. 2. 2. 1.],
  "Velocidade": [ 1.06185989 -2.07774907  1.54490227  0.         -0.50446359]
                [-1.28869069  0.         -0.43409105  0.          0.        ],
  "funcao_objetivo": 0.81856119393544446333833588599196027672228068177188,
  "confiabilidade_total": 0.99369452726877795389821581625147282494076192442859
}
 
Individuo 4:
{
  "Posicao": [9. 3. 9. 9. 9.]
             [1. 1. 3. 2. 1.],
  "Velocidade": [ 9.3714238  -0.13913022 20.39113223  7.144454    9.32820293]
                [0.         0.         2.53940462 0.         0.        ],
  "funcao_objetivo": 0.36853417827425982659874256355914134446699102055991,
  "confiabilidade_total": 0.99213417827425981425306252972740061495620687138998
}
 
Individuo 5:
{
  "Posicao": [0. 0. 9. 0. 0.]
             [1. 2. 1. 1. 1.],
  "Velocidade": [-16.59448586 -11.97113587  11.93521022  -6.78267985 -14.728758  ]
                [ 0.          0.47394529 -1.60864639 -1.60864639  0.        ],
  "funcao_objetivo": 0.97693689995576010536769730707347998909986437454334,
  "confiabilidade_total": 0.97693689995576010536769730707347998909986437454334
}
 
Individuo 6:
{
  "Posicao": [7. 3. 4. 0. 7.]
             [1. 1. 2. 2. 1.],
  "Velocidade": [-0.64811054 -3.16308325 -3.4906857  -4.92059631 -1.91888719]
                [0.10552751 0.         1.35115109 1.35115109 0.        ],
  "funcao_objetivo": 0.81937690270501307269124361357561674762525757069530,
  "confiabilidade_total": 0.99306023603834655727951145013256855404012997860851
}
 
Individuo 7:
{
  "Posicao": [1. 9. 1. 0. 7.]
             [1. 1. 3. 3. 1.],
  "Velocidade": [ 1.27174187  1.18032822  0.66464766  0.2568279  -1.56858756]
                [-1.09952501  0.          3.66893085  3.66893085  0.        ],
  "funcao_objetivo": 0.21838706947682982027693320189980744664964919304049,
  "confiabilidade_total": 0.99940373614349634610810845144994977211055999015963
}
 
Individuo 8:
{
  "Posicao": [6. 0. 3. 0. 5.]
             [1. 1. 1. 1. 1.],
  "Velocidade": [-0.55765916 -1.95076321 -6.42534034 -7.83220982 -2.76664842]
                [-1.23920347  0.         -1.48999713 -1.48999713  0.        ],
  "funcao_objetivo": 0.95773374507046999933372546682280368640212444506567,
  "confiabilidade_total": 0.95773374507046999933372546682280368640212444506567
}
 
Individuo 9:
{
  "Posicao": [3. 5. 9. 0. 1.]
             [1. 1. 2. 1. 1.],
  "Velocidade": [-0.42951214 -4.27325409  2.05312328 -1.90268733  0.8744926 ]
                [ 0.          0.          0.         -1.67744094  0.        ],
  "funcao_objetivo": 0.97377873757235916457473642653266813042380196844560,
  "confiabilidade_total": 0.97377873757235916457473642653266813042380196844560
}
 
Individuo 10:
{
  "Posicao": [1. 8. 1. 5. 5.]
             [1. 1. 2. 2. 1.],
  "Velocidade": [ 0.54331583  7.97412547 -7.74146817  0.          4.61335181]
                [0.         0.         0.85191953 0.         0.        ],
  "funcao_objetivo": 0.99182779973234163742604434366575229090988269602100,
  "confiabilidade_total": 0.99182779973234163742604434366575229090988269602100
}
 
Individuo 11:
{
  "Posicao": [1. 7. 9. 9. 4.]
             [1. 3. 2. 2. 3.],
  "Velocidade": [ 1.26669319  0.05035204  1.52158143  3.22245587 -0.71043588]
                [ 0.         -0.13637155  1.46281217  1.46281217 -0.13637155],
  "funcao_objetivo": -0.44222104069729617505252333347948698996616694210338,
  "confiabilidade_total": 0.99527895930270393596977912903616705239699986697865
}
 
Individuo 12:
{
  "Posicao": [8. 9. 0. 5. 6.]
             [1. 1. 2. 2. 1.],
  "Velocidade": [ 0.8290132  -0.23639266 -3.37659619 -1.99201125 -2.07048125]
                [ 0.          0.          1.25224847 -1.25224847  0.        ],
  "funcao_objetivo": 0.96634819496582152165541196236438223729688293506310,
  "confiabilidade_total": 0.99143152829915489924038468554874667768213517238305
}
 
Individuo 13:
{
  "Posicao": [4. 9. 2. 4. 3.]
             [2. 1. 1. 1. 1.],
  "Velocidade": [ 0.23441035 -0.3212099   2.46958076  1.55311635  0.00337333]
                [1.29628927 0.         0.08366563 0.08366563 0.        ],
  "funcao_objetivo": 0.84222192886710978057896003605192344288747504868122,
  "confiabilidade_total": 0.96338859553377638370386226000546411264162257828327
}
 
Individuo 14:
{
  "Posicao": [9. 9. 0. 1. 6.]
             [3. 1. 2. 2. 1.],
  "Velocidade": [ 5.19184905  0.70669098 -1.87358413 -5.89820863 -3.32949783]
                [2.21998536 0.         0.37003035 0.37003035 0.        ],
  "funcao_objetivo": 0.12395214922690965693190888404590659332036973932897,
  "confiabilidade_total": 0.99645214922690971022261406605342053365468980768834
}
 
Individuo 15:
{
  "Posicao": [9. 9. 0. 5. 9.]
             [1. 1. 2. 2. 1.],
  "Velocidade": [ 0.93596549  1.24670378 -0.87363974  0.          3.12803853]
                [0.         0.         0.07465135 0.         0.07465135],
  "funcao_objetivo": 0.88548465071521139441242642018435831330551834791225,
  "confiabilidade_total": 0.99116798404854471799060011047798284478320809095424
}
 
Individuo 16:
{
  "Posicao": [6. 9. 4. 4. 7.]
             [3. 1. 3. 3. 1.],
  "Velocidade": [-2.65675505  6.87623696 -4.62553455 -2.12533538 -0.1833376 ]
                [2.54324254 0.         0.744209   0.744209   0.        ],
  "funcao_objetivo": -0.50001839115759555042478134705177089562625871913086,
  "confiabilidade_total": 0.99911494217573776733582369420603336403160108311523
}
 
Individuo 17:
{
  "Posicao": [3. 9. 8. 2. 4.]
             [1. 1. 2. 2. 1.],
  "Velocidade": [1.44542366 7.19659385 1.06603792 1.05696761 1.09443126]
                [ 0.          0.         -0.01650831  0.          0.        ],
  "funcao_objetivo": 0.83274831088949249762866901389647972407982884452189,
  "confiabilidade_total": 0.99049831088949255447208787470449459376977025077189
}
 
Individuo 18:
{
  "Posicao": [9. 9. 0. 8. 4.]
             [1. 1. 1. 1. 1.],
  "Velocidade": [ 0.21994553  0.44400087  0.33241115 -0.79918179 -4.6260513 ]
                [ 0.         -3.01807689 -1.45069586 -1.45069586 -3.01807689],
  "funcao_objetivo": 0.94071281535269728380540251505494583819629767301161,
  "confiabilidade_total": 0.94071281535269728380540251505494583819629767301161
}
 
Individuo 19:
{
  "Posicao": [8. 8. 1. 5. 4.]
             [1. 1. 2. 2. 1.],
  "Velocidade": [ 1.18292124  0.33323326 -0.07545014  0.64499211  0.49089939]
                [ 0.          0.         -0.49026226  0.          0.        ],
  "funcao_objetivo": 0.99091968486287439138971491961830943433385981434698,
  "confiabilidade_total": 0.99091968486287439138971491961830943433385981434698
}
 
Individuo 20:
{
  "Posicao": [0. 4. 5. 9. 9.]
             [1. 1. 2. 2. 1.],
  "Velocidade": [-6.3802672  -2.05696868  3.11761411  3.74640644  4.28727368]
                [ 0.         -0.53740674  1.17692909  1.17692909  0.        ],
  "funcao_objetivo": 0.87596479148993193540643936393123096443045121677600,
  "confiabilidade_total": 0.98994812482326496243294094659929198335188609607897
}
 
Individuo 21:
{
  "Posicao": [9. 9. 0. 6. 8.]
             [1. 1. 1. 2. 1.],
  "Velocidade": [ 2.72858812  1.50643212 -8.08866551 -0.56384112  2.01484905]
                [ 0.         -1.8607377  -1.70018414  0.          0.        ],
  "funcao_objetivo": 0.97053276236606789495412144292229876993852048285682,
  "confiabilidade_total": 0.97053276236606789495412144292229876993852048285682
}
 
Individuo 22:
{
  "Posicao": [9. 9. 5. 4. 7.]
             [1. 2. 2. 2. 1.],
  "Velocidade": [7.70606161e+00 6.06312808e+00 5.44563897e+00 3.74602706e-03
 5.20370409e+00]
                [0.         0.0608771  0.06475927 0.06475927 0.        ],
  "funcao_objetivo": 0.60418677270942919040118089310988708051434329722980,
  "confiabilidade_total": 0.99278677270942919137817715478002483608713916514972
}
 
Individuo 23:
{
  "Posicao": [6. 9. 0. 8. 7.]
             [1. 1. 2. 2. 1.],
  "Velocidade": [ -2.6221181    3.10461607 -12.78699058   7.0483005    0.29754013]
                [-5.82603636  0.          1.22141816  1.22141816  0.        ],
  "funcao_objetivo": 0.93276863252408631613866545848954605788925122452272,
  "confiabilidade_total": 0.99096863252408634562618899253370377154090832901491
}
 
Individuo 24:
{
  "Posicao": [9. 6. 1. 8. 9.]
             [1. 1. 2. 3. 1.],
  "Velocidade": [ 4.15953471 -2.53986799  0.33573406  3.99142037  1.64496958]
                [ 0.          0.          0.          0.63967317 -5.40018823],
  "funcao_objetivo": 0.68054338072467255991093647522203409862941712951137,
  "confiabilidade_total": 0.99537671405800588606482758264602180388993234252407
}
 
Individuo 25:
{
  "Posicao": [7. 9. 9. 4. 6.]
             [1. 1. 2. 2. 1.],
  "Velocidade": [-0.50944372  2.12863672  3.47089456  2.43578875 -1.60095427]
                [ 0.28127795  0.         -0.28127795 -0.28127795  0.        ],
  "funcao_objetivo": 0.76034771569377750542598382012165976355385941449315,
  "confiabilidade_total": 0.98778104902711086775094106983324755581629437390477
}
 
Individuo 26:
{
  "Posicao": [6. 9. 0. 4. 6.]
             [1. 1. 2. 2. 1.],
  "Velocidade": [-0.53128411  1.35905479 -6.26219588  0.62952109  5.74794519]
                [0.         0.         0.         0.71035305 0.        ],
  "funcao_objetivo": 0.74336325737242337592467505417806550227654791160007,
  "confiabilidade_total": 0.99241325737242344238817642336306179473725772185703
}
 
Individuo 27:
{
  "Posicao": [9. 9. 8. 7. 8.]
             [1. 1. 3. 2. 1.],
  "Velocidade": [1.90730566 3.37004709 7.93056415 3.73379021 2.71410339]
                [0.         0.         2.59777817 0.         0.        ],
  "funcao_objetivo": 0.77714936017602905345881852401942192234816537493283,
  "confiabilidade_total": 0.99241602684269566313958770838451196330385790461118
}
 
Individuo 28:
{
  "Posicao": [9. 7. 2. 9. 3.]
             [1. 1. 3. 2. 1.],
  "Velocidade": [ 0.55599458 -1.80849453  2.37021971  4.55886982  3.21911401]
                [0.        0.        2.3946393 0.        0.       ],
  "funcao_objetivo": 0.57493775229590303611792665725562996513664611197538,
  "confiabilidade_total": 0.99253775229590302121873366678602919265150912619657
}
 
Individuo 29:
{
  "Posicao": [6. 9. 0. 7. 7.]
             [1. 1. 2. 2. 1.],
  "Velocidade": [-2.55741945  3.08265576 -8.09707333  4.30701067 -1.8112192 ]
                [0.         0.         0.23066721 0.23066721 0.        ],
  "funcao_objetivo": 0.91055397659329189086374822928606556441428105555937,
  "confiabilidade_total": 0.99138730992662529888270961500753366916233639441893
}
 
Individuo 30:
{
  "Posicao": [8. 9. 0. 5. 4.]
             [1. 1. 1. 1. 1.],
  "Velocidade": [-0.26611682  3.85868977 -1.37499684 -2.47834059  2.28604091]
                [-0.87803648  0.         -2.00536474 -2.00536474  0.        ],
  "funcao_objetivo": 0.94351626251835723723551945830532926092386719082212,
  "confiabilidade_total": 0.94351626251835723723551945830532926092386719082212
}
 
Individuo 31:
{
  "Posicao": [9. 9. 0. 9. 7.]
             [1. 1. 1. 1. 1.],
  "Velocidade": [ 8.65065393e-03 -3.28546279e-01  1.33209035e-01  9.59024438e+00
  4.05742105e-01]
                [-4.39530954  0.         -1.59452778 -1.59452778  0.        ],
  "funcao_objetivo": 0.93810803766144626566857893387375816250387915485509,
  "confiabilidade_total": 0.93810803766144626566857893387375816250387915485509
}
 
Individuo 32:
{
  "Posicao": [9. 7. 7. 7. 9.]
             [1. 3. 2. 2. 1.],
  "Velocidade": [-0.39617019 -0.54724622  6.88989591  3.88972653  6.33920843]
                [0.         3.12065514 1.23444765 1.23444765 0.        ],
  "funcao_objetivo": 0.46638388422979601451496664447153065292931091121742,
  "confiabilidade_total": 0.99323388422979583297129765776593316285706054500649
}
 
Individuo 33:
{
  "Posicao": [6. 7. 0. 5. 1.]
             [1. 1. 2. 2. 1.],
  "Velocidade": [ -1.33674655  -1.96526414 -14.00622642   0.          -8.34011977]
                [ 0.         -1.85260661 -1.26781745 -1.26781745  0.        ],
  "funcao_objetivo": 0.97334037059396879803833819915304272903862786035589,
  "confiabilidade_total": 0.99225703726063554973883669356815742098528337221197
}
 
Individuo 34:
{
  "Posicao": [9. 6. 4. 3. 6.]
             [1. 1. 2. 2. 1.],
  "Velocidade": [ 2.27571418 -1.18696955  0.54330126 -1.24335493 -1.21747946]
                [0.         0.         1.01314185 0.         0.        ],
  "funcao_objetivo": 0.73806726265191121356181065061945067070235010982828,
  "confiabilidade_total": 0.99015059598524476153826207814971515260447260738687
}
 
Individuo 35:
{
  "Posicao": [4. 9. 0. 7. 6.]
             [1. 1. 1. 2. 1.],
  "Velocidade": [-1.69812512  0.96534754 -3.89727626  1.71120071 -1.80840805]
                [ 0.          0.         -1.30591802  0.          0.        ],
  "funcao_objetivo": 0.97384741085358488860418121960322583214610255012295,
  "confiabilidade_total": 0.97384741085358488860418121960322583214610255012295
}
 
Individuo 36:
{
  "Posicao": [7. 8. 0. 5. 8.]
             [1. 1. 2. 3. 1.],
  "Velocidade": [ 0.04920356  0.04920356 -3.28385953  0.         -0.49835004]
                [0.         0.         0.         0.81071855 0.        ],
  "funcao_objetivo": 0.88273260555420647545581687699446747667155177051219,
  "confiabilidade_total": 0.99663260555420638649364591378067389252594620639475
}
 
Individuo 37:
{
  "Posicao": [2. 3. 2. 1. 6.]
             [1. 1. 3. 3. 2.],
  "Velocidade": [-0.74702313 -0.44030703  0.50526679  0.64430196 -1.00154986]
                [ 0.          0.         -0.21545145 -0.21545145 -1.25496219],
  "funcao_objetivo": 0.081593669895807110658377955158068439202248617652714,
  "confiabilidade_total": 0.99931033656247362467678022269654517455571846628553
}
 
Individuo 38:
{
  "Posicao": [6. 9. 0. 1. 8.]
             [1. 1. 1. 1. 1.],
  "Velocidade": [ 4.54672317  3.92690572 -5.82652596  1.39012991  4.33188142]
                [ 0.          0.         -1.03402653 -1.03402653 -0.69341408],
  "funcao_objetivo": 0.95232275384192988973630036391885827215682905299354,
  "confiabilidade_total": 0.95232275384192988973630036391885827215682905299354
}
 
Individuo 39:
{
  "Posicao": [6. 6. 5. 5. 4.]
             [1. 1. 2. 2. 1.],
  "Velocidade": [0.23944167 0.44653841 0.84583875 0.51188225 0.38183001]
                [ 0.         0.        -0.0844199 -0.0844199  0.       ],
  "funcao_objetivo": 0.96632148502264289366906477103150375730031047236292,
  "confiabilidade_total": 0.98890481835597629331972010864085443860524211298792
}
 
Individuo 40:
{
  "Posicao": [8. 9. 1. 5. 7.]
             [1. 1. 2. 2. 1.],
  "Velocidade": [-1.17032243 -0.06974924  0.33250065  0.         -1.39197364]
                [ 0.          0.         -0.29121874 -0.29121874  0.29121874],
  "funcao_objetivo": 0.99052154755423912279730521561673074095637557080864,
  "confiabilidade_total": 0.99052154755423912279730521561673074095637557080864
}
 
Individuo 41:
{
  "Posicao": [8. 9. 2. 5. 7.]
             [1. 1. 1. 1. 2.],
  "Velocidade": [-0.93358289  2.17691964 -3.51142993  2.01832734  1.0273678 ]
                [ 0.          0.          0.46406976  0.46406976 -0.64454376],
  "funcao_objetivo": 0.94327627602592638782597896294744845094772520542899,
  "confiabilidade_total": 0.94327627602592638782597896294744845094772520542899
}
 
Individuo 42:
{
  "Posicao": [9. 9. 5. 5. 9.]
             [1. 1. 2. 2. 1.],
  "Velocidade": [3.36712519 2.77331082 4.60932522 0.         2.43888736]
                [ 0.          0.         -0.62281426 -0.62281426 -2.10269335],
  "funcao_objetivo": 0.98752495018170860305604477954760763879533514053134,
  "confiabilidade_total": 0.98752495018170860305604477954760763879533514053134
}
 
Individuo 43:
{
  "Posicao": [0. 0. 1. 9. 9.]
             [1. 1. 1. 1. 1.],
  "Velocidade": [ -6.83512191 -11.90347954  -2.32057873   1.63807835   2.99914588]
                [ 0.          0.         -0.61007651 -0.61007651  0.        ],
  "funcao_objetivo": 0.96085388513090584778873091871014304133340329354694,
  "confiabilidade_total": 0.96085388513090584778873091871014304133340329354694
}
 
Individuo 44:
{
  "Posicao": [9. 9. 6. 4. 8.]
             [1. 1. 3. 3. 1.],
  "Velocidade": [ 1.06568147  5.18483813  0.83390675 -3.424492   -0.64529016]
                [0.         0.         0.72202375 0.72202375 0.        ],
  "funcao_objetivo": 0.19391212404802785938924327981660238666149100117712,
  "confiabilidade_total": 0.99809545738136122049295520244051798445793112568884
}
 
Individuo 45:
{
  "Posicao": [6. 6. 1. 9. 9.]
             [1. 1. 2. 2. 1.],
  "Velocidade": [-2.60989542 -2.80290968  0.08506974  6.58266042  4.79639931]
                [ 0.          0.         -0.15985585 -0.15985585  0.        ],
  "funcao_objetivo": 0.81818178224727609034662209431062487728386010746850,
  "confiabilidade_total": 0.98986511558060926437775436759566341369836415867700
}
 
Individuo 46:
{
  "Posicao": [8. 9. 0. 4. 6.]
             [1. 1. 2. 2. 1.],
  "Velocidade": [-0.21767738  0.26626384  0.2099002  -2.36846541 -3.09500863]
                [0.         0.         0.16131374 0.16131374 0.16131374],
  "funcao_objetivo": 0.77878237057583775350867779098684771802530023836497,
  "confiabilidade_total": 0.99229903724250452469914148269658547710880968355540
}
 
Individuo 47:
{
  "Posicao": [0. 3. 4. 4. 7.]
             [1. 1. 1. 1. 1.],
  "Velocidade": [-4.21085986 -6.01990885  3.64686317 -3.65263596 -1.79728789]
                [0.         0.         0.15646698 0.15646698 0.        ],
  "funcao_objetivo": 0.95373601957109966196809765743329348682848948427471,
  "confiabilidade_total": 0.95373601957109966196809765743329348682848948427471
}
 
Individuo 48:
{
  "Posicao": [9. 9. 0. 0. 9.]
             [1. 1. 2. 2. 1.],
  "Velocidade": [ 0.60413654  0.62156151  0.10771947 -6.83201759  2.71599822]
                [ 0.          0.         -0.00560504 -0.00560504  0.        ],
  "funcao_objetivo": 0.68082122567159524535615389449254603005181036373326,
  "confiabilidade_total": 0.99483789233826196703067068792030208624134741207310
}
 
Individuo 49:
{
  "Posicao": [8. 9. 0. 4. 8.]
             [1. 1. 2. 2. 1.],
  "Velocidade": [ 2.27389384 -0.04199385 -4.88976958 -3.88182196  3.72430238]
                [ 0.          0.         -1.32690563 -1.32690563  0.        ],
  "funcao_objetivo": 0.81427472320580537034136315250069415567743399716339,
  "confiabilidade_total": 0.99225805653913873176703975226590515019672730542145
}
 
Individuo 50:
{
  "Posicao": [7. 9. 0. 5. 7.]
             [1. 1. 1. 1. 1.],
  "Velocidade": [ -2.01980548   1.09350744 -20.24358802   4.59532628   0.52513663]
                [ 0.          0.         -0.85489195 -0.85489195  0.        ],
  "funcao_objetivo": 0.94369529895638753745836029435739557712445169212060,
  "confiabilidade_total": 0.94369529895638753745836029435739557712445169212060
}
 
-----------------------------------------
Populacao final da era:
Individuo 1:
{
  "Posicao": [0. 8. 9. 5. 6.]
             [1. 1. 2. 2. 1.],
  "Velocidade": [-12.77426757  -0.80817419  15.81314631   0.           0.65391094]
                [0. 0. 0. 0. 0.],
  "funcao_objetivo": 0.98006612889651717787784866380630514116137501652217,
  "confiabilidade_total": 0.98964946222985043934737079900710990999005016739345
}
 
Individuo 2:
{
  "Posicao": [6. 9. 0. 9. 6.]
             [1. 1. 3. 2. 1.],
  "Velocidade": [ 0.17071584 -0.02030386 -5.92941599  8.27740665 -1.06558874]
                [-3.59012404  0.          0.68957087  0.          0.        ],
  "funcao_objetivo": 0.42720514097747493656868384279550771579240109836750,
  "confiabilidade_total": 0.99227180764414165362467285378261256381963040744953
}
 
Individuo 3:
{
  "Posicao": [0. 6. 1. 5. 7.]
             [1. 1. 2. 2. 1.],
  "Velocidade": [-13.26671957  -0.53163365  -1.05691083   0.           1.74272329]
                [-3.64544687  0.         -0.39654966  0.          0.        ],
  "funcao_objetivo": 0.99159081482214335722727934385539244993939603054796,
  "confiabilidade_total": 0.99242414815547688002421951758230195645243468070303
}
 
Individuo 4:
{
  "Posicao": [9. 3. 9. 9. 9.]
             [1. 1. 3. 2. 1.],
  "Velocidade": [-0.44428843  0.35669238  9.62240528  6.13954976 -0.09673926]
                [ 0.          0.         -0.39388047  0.          0.        ],
  "funcao_objetivo": 0.36853417827425982659874256355914134446699102055991,
  "confiabilidade_total": 0.99213417827425981425306252972740061495620687138998
}
 
Individuo 5:
{
  "Posicao": [9. 0. 9. 1. 6.]
             [1. 1. 1. 1. 1.],
  "Velocidade": [13.74590315  0.37172812 -0.40454682  0.87113448  6.38774496]
                [ 0.         -0.9804887   0.05608032  0.05608032  0.        ],
  "funcao_objetivo": 0.94572660820329160749379079234056811972565758185115,
  "confiabilidade_total": 0.94572660820329160749379079234056811972565758185115
}
 
Individuo 6:
{
  "Posicao": [0. 5. 3. 2. 5.]
             [3. 1. 1. 1. 1.],
  "Velocidade": [-6.50119389  1.68592796 -0.91108287  2.17332371 -2.32737163]
                [ 2.18931544  0.         -0.85861441 -0.85861441  0.        ],
  "funcao_objetivo": 0.84640538436790382866410194014740531133365957259030,
  "confiabilidade_total": 0.97265538436790388528547619603038887293887464522214
}
 
Individuo 7:
{
  "Posicao": [3. 7. 2. 3. 5.]
             [1. 1. 2. 2. 1.],
  "Velocidade": [ 1.80285086 -2.10009185  1.24825982  3.30447243 -2.01978135]
                [ 0.36334234  0.         -1.45547502 -1.45547502  0.        ],
  "funcao_objetivo": 0.81887386517009827077769020998437299332502769931639,
  "confiabilidade_total": 0.99212386517009820260999649799976141131404327854002
}
 
Individuo 8:
{
  "Posicao": [6. 4. 7. 1. 1.]
             [2. 1. 2. 2. 1.],
  "Velocidade": [-0.49029271  4.24566716  3.9828063   1.49429917 -4.42061376]
                [0.76119897 0.         0.60767271 0.60767271 0.        ],
  "funcao_objetivo": 0.64891868504951925864754591794879980720182364863834,
  "confiabilidade_total": 0.99593535171618612065425302399634257293840354365787
}
 
Individuo 9:
{
  "Posicao": [0. 4. 3. 1. 6.]
             [1. 1. 2. 2. 1.],
  "Velocidade": [-6.03649394 -0.67253161 -5.74371356  1.15425653  4.60850262]
                [0.         0.         0.         0.95389238 0.        ],
  "funcao_objetivo": 0.78954331092048661978172947493043690834394073303253,
  "confiabilidade_total": 0.99404331092048655161403576294582532633295631225616
}
 
Individuo 10:
{
  "Posicao": [1. 9. 0. 5. 9.]
             [1. 1. 3. 2. 1.],
  "Velocidade": [ 0.49632838  7.28450115 -7.07196469  0.          4.21437645]
                [0.         0.         0.77824318 0.         0.        ],
  "funcao_objetivo": 0.59106762371991585001054849015580993397139824603433,
  "confiabilidade_total": 0.99378429038658248948415254033697573719524658892984
}
 
Individuo 11:
{
  "Posicao": [2. 9. 0. 7. 6.]
             [1. 1. 2. 2. 1.],
  "Velocidade": [  1.15714608   2.6114048  -13.39672958  -1.58132203   1.91641193]
                [ 0.         -3.82125788 -0.09783045 -0.09783045 -3.82125788],
  "funcao_objetivo": 0.89308579064902699006175529962208194577327329806666,
  "confiabilidade_total": 0.99191912398236043314988647569068227115279395274500
}
 
Individuo 12:
{
  "Posicao": [5. 9. 1. 3. 7.]
             [1. 1. 3. 1. 1.],
  "Velocidade": [-2.79182252 -0.47029364  1.06150771 -1.81973663  1.39168733]
                [ 0.          0.          1.14395057 -1.14395057  0.        ],
  "funcao_objetivo": 0.93594014433208338918745936281204460315469847617471,
  "confiabilidade_total": 0.96710681099875013095146178683200825830985055861795
}
 
Individuo 13:
{
  "Posicao": [0. 8. 4. 0. 0.]
             [3. 1. 2. 2. 1.],
  "Velocidade": [-8.00227736 -0.78767169  1.76176371 -4.82065306 -3.49756494]
                [0.68994169 0.         0.57067091 0.57067091 0.        ],
  "funcao_objetivo": 0.085630430541566082172196304515744820490368233323533,
  "confiabilidade_total": 0.99736376387489931120377721773103836949158512175127
}
 
Individuo 14:
{
  "Posicao": [3. 8. 0. 2. 2.]
             [2. 1. 2. 2. 1.],
  "Velocidade": [-6.1885331  -0.85905427  0.02264733  0.63039935 -4.1776315 ]
                [-0.98126241  0.          0.33802911  0.33802911  0.        ],
  "funcao_objetivo": 0.59930787142033780907512259171406111126258061482296,
  "confiabilidade_total": 0.99605787142033768961512514204721736167981312825069
}
 
Individuo 15:
{
  "Posicao": [1. 9. 1. 5. 7.]
             [1. 1. 2. 2. 1.],
  "Velocidade": [-7.60049347  0.24875233  1.42649763  0.         -2.03746466]
                [0.         0.         0.06819529 0.         0.06819529],
  "funcao_objetivo": 0.99150897511972162280032681375779961870821242982997,
  "confiabilidade_total": 0.99150897511972162280032681375779961870821242982997
}
 
Individuo 16:
{
  "Posicao": [0. 9. 0. 4. 5.]
             [2. 1. 2. 2. 1.],
  "Velocidade": [ -6.607033     5.16208187 -10.41865214  -0.11337409  -1.69776319]
                [-1.33301695  0.         -1.14830868 -1.14830868  0.        ],
  "funcao_objetivo": 0.44090819249436144519361230470633986873718424114208,
  "confiabilidade_total": 0.99477485916102803572858542941060537008734865459423
}
 
Individuo 17:
{
  "Posicao": [1. 9. 9. 2. 3.]
             [1. 1. 1. 2. 1.],
  "Velocidade": [-2.32512577  6.55698099  2.05691668 -0.18644099 -1.39037453]
                [ 0.          0.         -1.21877462  0.          0.        ],
  "funcao_objetivo": 0.94653275633617596506646460465067839498402711626159,
  "confiabilidade_total": 0.96761608966950930787370108145201420659901735063659
}
 
Individuo 18:
{
  "Posicao": [4. 9. 3. 7. 5.]
             [1. 3. 2. 2. 3.],
  "Velocidade": [-5.4587569   0.28971093  2.78582922 -1.07774091  0.62246263]
                [0.         1.57392811 1.20934417 1.20934417 1.57392811],
  "funcao_objetivo": -0.15515081189327185725178390269240245542830792917052,
  "confiabilidade_total": 0.99606585477339503068973305859879709460430773245057
}
 
Individuo 19:
{
  "Posicao": [5. 8. 1. 6. 5.]
             [1. 1. 2. 2. 1.],
  "Velocidade": [-3.07025092  0.30441433 -0.068925    0.58921141  1.04142647]
                [ 0.          0.         -0.44786303  0.          0.        ],
  "funcao_objetivo": 0.98865178562794355126673198448501615942124258792866,
  "confiabilidade_total": 0.99098511896127701229537334910575545520888622916210
}
 
Individuo 20:
{
  "Posicao": [5. 6. 3. 9. 9.]
             [1. 1. 2. 2. 1.],
  "Velocidade": [ 4.98503534  2.47715032 -1.50823242  0.04861173  0.54270328]
                [0.         0.49150119 0.0927135  0.0927135  0.        ],
  "funcao_objetivo": 0.86937727948183635139264222037392110223740960383676,
  "confiabilidade_total": 0.98847727948183626899514193921225918529748955653869
}
 
Individuo 21:
{
  "Posicao": [6. 9. 7. 5. 8.]
             [1. 3. 2. 2. 1.],
  "Velocidade": [-2.89481041  0.70272388  6.71570761 -1.18850642 -0.17968416]
                [0.         1.69981598 0.87971969 0.         0.        ],
  "funcao_objetivo": 0.47006227848596759741739533792449210639632427485404,
  "confiabilidade_total": 0.99387894515263416681372207376577707808054172785697
}
 
Individuo 22:
{
  "Posicao": [3. 9. 9. 1. 1.]
             [1. 1. 1. 1. 1.],
  "Velocidade": [-5.85875987 -0.36480168  5.12745855 -3.33575303 -5.73308138]
                [ 0.         -0.5663907  -1.26123398 -1.26123398  0.        ],
  "funcao_objetivo": 0.94278154871081732129080101567004788888481660478906,
  "confiabilidade_total": 0.94278154871081732129080101567004788888481660478906
}
 
Individuo 23:
{
  "Posicao": [7. 9. 9. 8. 9.]
             [3. 1. 3. 3. 1.],
  "Velocidade": [ 1.26429259  2.70020918 11.54522529 -0.47778696  2.16958496]
                [5.3221847  0.         1.11578656 1.11578656 0.        ],
  "funcao_objetivo": -0.22186333005552163569227993467230783516190395283767,
  "confiabilidade_total": 0.99867000327781161225750131815565316265799655985764
}
 
Individuo 24:
{
  "Posicao": [9. 6. 2. 8. 8.]
             [1. 1. 2. 2. 3.],
  "Velocidade": [-0.20549623 -0.02027534  1.17244028  0.19632453 -1.36568481]
                [ 0.          0.          0.         -0.56561646  4.93316509],
  "funcao_objetivo": 0.52557910173425209349165661402648445701225820888001,
  "confiabilidade_total": 0.99106243506758537026282758612350924422963682521302
}
 
Individuo 25:
{
  "Posicao": [4. 9. 0. 9. 6.]
             [1. 1. 2. 2. 1.],
  "Velocidade": [ -3.27985455   1.13067371 -21.95916168   5.10777463  -0.20760503]
                [ 0.25695226  0.         -0.25695226 -0.25695226  0.        ],
  "funcao_objetivo": 0.70758105779610223434176490142563593587007774392989,
  "confiabilidade_total": 0.99041439112943550431837096281670269569483055154708
}
 
Individuo 26:
{
  "Posicao": [2. 9. 3. 6. 9.]
             [1. 1. 2. 3. 1.],
  "Velocidade": [-3.88134823  0.4485058   3.22042989  1.93715253  3.88877291]
                [0.         0.         0.         0.64891976 0.        ],
  "funcao_objetivo": 0.56771788616073485359929730498978649615619322245301,
  "confiabilidade_total": 0.99503455282740133034751263586175816948834797327699
}
 
Individuo 27:
{
  "Posicao": [4. 9. 4. 6. 6.]
             [1. 1. 3. 2. 1.],
  "Velocidade": [-5.07901364  2.22592486 -4.32555955 -1.09524467 -2.17922148]
                [ 0.          0.         -0.12005195  0.          0.        ],
  "funcao_objetivo": 0.43701714757166229101581999418033296848466036270035,
  "confiabilidade_total": 0.99320048090499550124022287024547472270955679366959
}
 
Individuo 28:
{
  "Posicao": [5. 4. 5. 9. 5.]
             [1. 1. 3. 2. 1.],
  "Velocidade": [-3.95006517 -2.86656733  3.37971296  0.68499005  2.17926775]
                [ 0.          0.         -0.06701201  0.          0.        ],
  "funcao_objetivo": 0.86242931683627876460236626570204882684615273274792,
  "confiabilidade_total": 0.99262931683627877650673264724528983153854329385174
}
 
Individuo 29:
{
  "Posicao": [5. 9. 5. 8. 6.]
             [1. 1. 2. 2. 1.],
  "Velocidade": [-0.92214601  2.65759906  5.0319545   1.41120675 -0.86829952]
                [0.         0.         0.21071847 0.21071847 0.        ],
  "funcao_objetivo": 0.98767704591472560861476443233445487989116056450911,
  "confiabilidade_total": 0.98767704591472560861476443233445487989116056450911
}
 
Individuo 30:
{
  "Posicao": [8. 9. 6. 1. 0.]
             [2. 1. 3. 3. 1.],
  "Velocidade": [-0.20041842  1.86273569  6.24535647 -3.72380583 -3.54841303]
                [0.65769749 0.         1.62949027 1.62949027 0.        ],
  "funcao_objetivo": 0.061412088992056085329450697331194042559881101696447,
  "confiabilidade_total": 0.99934542232538931542684571418663787036778439149137
}
 
Individuo 31:
{
  "Posicao": [3. 8. 1. 7. 6.]
             [3. 1. 2. 2. 1.],
  "Velocidade": [-5.76244159 -1.02142571  0.84298176 -2.03237114 -1.07193362]
                [2.88546926 0.         0.73533561 0.73533561 0.        ],
  "funcao_objetivo": 0.40618028462256860680768853274381726818465826787054,
  "confiabilidade_total": 0.99416361795590207564744276499292354869031546391546
}
 
Individuo 32:
{
  "Posicao": [0. 8. 3. 7. 9.]
             [1. 2. 3. 3. 1.],
  "Velocidade": [-12.38764235   1.1913121   -3.85334704   0.17087034  -0.32932747]
                [ 0.         -0.53168964  1.12768922  1.12768922  0.        ],
  "funcao_objetivo": 0.11588921415007983020367216962118645354137219206611,
  "confiabilidade_total": 0.99932254748341301189534331281980511887893475310127
}
 
Individuo 33:
{
  "Posicao": [2. 6. 9. 5. 0.]
             [1. 3. 1. 1. 1.],
  "Velocidade": [-4.04213729 -1.23110343 12.23073015  0.         -5.36204625]
                [ 0.          1.69238809 -1.1581731  -1.1581731   0.        ],
  "funcao_objetivo": 0.83632153549305975955204497250636399128419469190891,
  "confiabilidade_total": 0.97132153549305990721170724765218386762720654798801
}
 
Individuo 34:
{
  "Posicao": [8. 7. 3. 4. 5.]
             [1. 1. 3. 2. 1.],
  "Velocidade": [-1.33432697  0.78135338 -0.95237373  0.72984436 -0.69520674]
                [0.         0.         0.92552256 0.         0.        ],
  "funcao_objetivo": 0.65741893890290623990406369630019153346616814524361,
  "confiabilidade_total": 0.99436893890290617002662652639283887920279095560738
}
 
Individuo 35:
{
  "Posicao": [0. 8. 2. 6. 3.]
             [1. 1. 1. 2. 1.],
  "Velocidade": [-5.98332593 -0.59549148  2.08287597 -1.39149487 -3.12936506]
                [0.         0.         0.28437448 0.         0.        ],
  "funcao_objetivo": 0.97637970395374081599080841247478955635770746852709,
  "confiabilidade_total": 0.97637970395374081599080841247478955635770746852709
}
 
Individuo 36:
{
  "Posicao": [0. 8. 1. 5. 3.]
             [1. 1. 2. 2. 1.],
  "Velocidade": [-8.43358528  0.0449483   1.0432379   0.         -4.69451815]
                [ 0.          0.          0.         -0.94425129  0.        ],
  "funcao_objetivo": 0.97011698228359540769379517821178885361783690095772,
  "confiabilidade_total": 0.99228364895026228371151685502880715950064844728340
}
 
Individuo 37:
{
  "Posicao": [1. 9. 0. 6. 5.]
             [1. 1. 1. 1. 1.],
  "Velocidade": [-0.74414995  6.40765003 -1.60053718  4.83625803 -0.97666451]
                [ 0.          0.         -2.25892572 -2.25892572 -2.20834887],
  "funcao_objetivo": 0.94923218185046827265365483677427942850320523295600,
  "confiabilidade_total": 0.94923218185046827265365483677427942850320523295600
}
 
Individuo 38:
{
  "Posicao": [0. 5. 9. 6. 0.]
             [1. 1. 2. 2. 2.],
  "Velocidade": [-11.42200306  -4.49693689   9.3871082    5.44843417  -8.70081305]
                [0.         0.         0.51412476 0.51412476 1.02293107],
  "funcao_objetivo": 0.53152884396636096931955583107996662966539353347638,
  "confiabilidade_total": 0.99112884396636070029031250391203375421096772170880
}
 
Individuo 39:
{
  "Posicao": [6. 7. 6. 5. 4.]
             [1. 1. 2. 2. 1.],
  "Velocidade": [-0.0235053   0.5048163   0.57889677  0.46761326  0.39725618]
                [ 0.          0.         -0.07711904 -0.07711904  0.        ],
  "funcao_objetivo": 0.92700154271123163698267443263802623952164594839501,
  "confiabilidade_total": 0.98883487604456510618880226301343417836710159490990
}
 
Individuo 40:
{
  "Posicao": [4. 9. 1. 5. 4.]
             [1. 1. 2. 2. 1.],
  "Velocidade": [-3.60703037 -0.28859327  0.30374508  0.         -2.68513191]
                [ 0.          0.         -0.26603334 -0.26603334  0.26603334],
  "funcao_objetivo": 0.89459558632371212500060425954654515368004456276318,
  "confiabilidade_total": 0.99101225299037873389866621155089983363707676643750
}
 
Individuo 41:
{
  "Posicao": [2. 9. 0. 8. 9.]
             [1. 1. 3. 3. 1.],
  "Velocidade": [-5.69152154e+00 -5.53944982e-03 -5.20194489e+00  3.36388919e+00
  1.51046910e+00]
                [ 0.          0.          2.41812882  2.41812882 -2.58299493],
  "funcao_objetivo": 0.29660491192224844908781301635729656980897316543487,
  "confiabilidade_total": 0.99860491192224829543294640823563137517835030166534
}
 
Individuo 42:
{
  "Posicao": [0. 7. 4. 5. 2.]
             [1. 1. 1. 1. 3.],
  "Velocidade": [-12.4087782   -2.13888448  -1.3422436    0.          -6.60909234]
                [ 0.          0.         -0.56895157 -0.56895157  1.92084664],
  "funcao_objetivo": 0.77811470649578695669450935103202430291746133740818,
  "confiabilidade_total": 0.95386470649578697401398853518446633352611535962498
}
 
Individuo 43:
{
  "Posicao": [6. 8. 0. 9. 9.]
             [1. 1. 1. 1. 1.],
  "Velocidade": [ 5.92991505  8.36134028 -2.1198887   0.24006604  1.4834247 ]
                [0.         0.         0.24322872 0.24322872 0.        ],
  "funcao_objetivo": 0.94168899308845307448630970412644142954252828229775,
  "confiabilidade_total": 0.94168899308845307448630970412644142954252828229775
}
 
Individuo 44:
{
  "Posicao": [5. 9. 2. 4. 7.]
             [1. 1. 1. 1. 1.],
  "Velocidade": [-4.20919828  4.08859948 -4.498906   -0.45899665 -0.51150618]
                [ 0.          0.         -2.00975471 -2.00975471  0.        ],
  "funcao_objetivo": 0.94141267450548563760721308688930441204125307630393,
  "confiabilidade_total": 0.94141267450548563760721308688930441204125307630393
}
 
Individuo 45:
{
  "Posicao": [5. 9. 3. 4. 7.]
             [1. 1. 2. 2. 1.],
  "Velocidade": [-1.10700119  2.80501238  2.17642412 -4.71766361 -2.15202106]
                [ 0.          0.         -0.14603108 -0.14603108  0.        ],
  "funcao_objetivo": 0.83105617338669679423687620636373178582808706787354,
  "confiabilidade_total": 0.99013950672003014859043213926669561784884665039307
}
 
Individuo 46:
{
  "Posicao": [2. 8. 1. 4. 4.]
             [1. 1. 2. 2. 1.],
  "Velocidade": [-6.27154456 -0.6242909   1.05927495 -0.49789701 -2.09845229]
                [0.         0.         0.14736288 0.14736288 0.14736288],
  "funcao_objetivo": 0.78618747931469768092159972181349972014251610428491,
  "confiabilidade_total": 0.99252081264803093846370790740281322722259422928491
}
 
Individuo 47:
{
  "Posicao": [2. 0. 7. 9. 6.]
             [1. 1. 3. 3. 1.],
  "Velocidade": [ 2.43675023 -3.85572043  2.70573994  7.08343735 -0.85764307]
                [0.         0.         1.55287816 1.55287816 0.        ],
  "funcao_objetivo": 0.30058907654708125122839732813135491683830256069528,
  "confiabilidade_total": 0.99835574321374817496350460333760133012880320156442
}
 
Individuo 48:
{
  "Posicao": [1. 9. 1. 0. 7.]
             [1. 1. 2. 2. 1.],
  "Velocidade": [-7.87761959 -0.44653648  1.11274723  0.40435041 -1.89102296]
                [ 0.         0.        -0.0051203 -0.0051203  0.       ],
  "funcao_objetivo": 0.84232786011605856208073271035584080594174089221608,
  "confiabilidade_total": 0.99499452678272522093883077049223980496219815997731
}
 
Individuo 49:
{
  "Posicao": [6. 9. 2. 7. 4.]
             [1. 1. 1. 1. 1.],
  "Velocidade": [-1.95701137 -0.30221376  2.35883596  3.2796135  -3.95121366]
                [ 0.          0.         -1.21215118 -1.21215118  0.        ],
  "funcao_objetivo": 0.93902858099219358443096741285141937310475424953209,
  "confiabilidade_total": 0.93902858099219358443096741285141937310475424953209
}
 
Individuo 50:
{
  "Posicao": [0. 9. 9. 8. 2.]
             [1. 1. 2. 2. 1.],
  "Velocidade": [-9.25306142 -0.40870821 17.08522069  3.15996736 -5.44939824]
                [0.         0.         0.62668758 0.62668758 0.        ],
  "funcao_objetivo": 0.87076924954865637671582022329982979494643597184130,
  "confiabilidade_total": 0.98905258288198958936050929304781280729484943924853
}
 
-----------------------------------------
-----------------------------------------
-----------------------------------------
-----------------------------------------
O algoritmo PSO obteve em 10 geracoes o resultado para a funcao objetivo de 0.99182779973234163742604434366575229090988269602100
Com os seguintes valores para cada variavel de decisao:
T1: 0.0
Q1: 1.0
T2: 8.0
Q2: 1.0
T3: 9.0
Q3: 2.0
T4: 5.0
Q4: 2.0
T5: 6.0
Q5: 1.0


