POPULAÇÃO INICIAL:
Individuo 1:
{
  "solucao": [7 6 5 9 7]
                [2 2 1 1 1],
  "funcao_objetivo": 0.98807886458809795502505637622984962228162798428433,
  "confiabilidade_total": 0.98807886458809795502505637622984962228162798428433
  "peso": 115.63000000000001,
  "custo": 97.36000000000001
}
 
Individuo 2:
{
  "solucao": [1 7 5 8 8]
                [2 1 1 2 1],
  "funcao_objetivo": 0.98673624699121823528378649487050553071472297293414,
  "confiabilidade_total": 0.98673624699121823528378649487050553071472297293414
  "peso": 108.82,
  "custo": 94.7
}
 
Individuo 3:
{
  "solucao": [8 8 4 5 2]
                [2 1 1 2 1],
  "funcao_objetivo": 0.98617816342979705247936849806866612493030496696459,
  "confiabilidade_total": 0.98617816342979705247936849806866612493030496696459
  "peso": 119.68000000000002,
  "custo": 84.19999999999999
}
 
Individuo 4:
{
  "solucao": [5 4 8 7 4]
                [2 1 1 2 1],
  "funcao_objetivo": 0.98592491050677736159998243656729789785315033330478,
  "confiabilidade_total": 0.98592491050677736159998243656729789785315033330478
  "peso": 119.84,
  "custo": 91.72999999999999
}
 
Individuo 5:
{
  "solucao": [2 1 0 5 6]
                [1 2 1 1 1],
  "funcao_objetivo": 0.97860093061325660950992638919213856799116718810051,
  "confiabilidade_total": 0.97860093061325660950992638919213856799116718810051
  "peso": 113.95,
  "custo": 77.78
}
 
Individuo 6:
{
  "solucao": [6 0 1 5 5]
                [1 1 2 1 1],
  "funcao_objetivo": 0.97413024670356547200518605118492592024880838977465,
  "confiabilidade_total": 0.97413024670356547200518605118492592024880838977465
  "peso": 105.95000000000002,
  "custo": 78.6
}
 
Individuo 7:
{
  "solucao": [6 1 8 9 7]
                [2 1 2 1 1],
  "funcao_objetivo": 0.97369631432969970403463282683576535320218559342184,
  "confiabilidade_total": 0.97369631432969970403463282683576535320218559342184
  "peso": 119.86,
  "custo": 98.82
}
 
Individuo 8:
{
  "solucao": [8 2 8 8 2]
                [2 1 2 1 1],
  "funcao_objetivo": 0.97354644136031051890875974482525085964854442472423,
  "confiabilidade_total": 0.97354644136031051890875974482525085964854442472423
  "peso": 118.36,
  "custo": 85.72999999999999
}
 
Individuo 9:
{
  "solucao": [5 7 1 6 1]
                [1 2 1 1 2],
  "funcao_objetivo": 0.97282366187037161684857786717548195458596515824287,
  "confiabilidade_total": 0.97282366187037161684857786717548195458596515824287
  "peso": 117.35000000000001,
  "custo": 96.61
}
 
Individuo 10:
{
  "solucao": [4 6 1 1 7]
                [1 1 2 1 1],
  "funcao_objetivo": 0.97248102864723279337048581428521034053629197492014,
  "confiabilidade_total": 0.97248102864723279337048581428521034053629197492014
  "peso": 112.22,
  "custo": 85.5
}
 
Individuo 11:
{
  "solucao": [9 6 2 0 9]
                [2 1 1 1 1],
  "funcao_objetivo": 0.97235765895325590429942685254824476221385175990494,
  "confiabilidade_total": 0.97235765895325590429942685254824476221385175990494
  "peso": 118.25,
  "custo": 91.34
}
 
Individuo 12:
{
  "solucao": [8 0 4 6 7]
                [1 1 2 1 1],
  "funcao_objetivo": 0.97219180495353702475830896226610752376176754933951,
  "confiabilidade_total": 0.97219180495353702475830896226610752376176754933951
  "peso": 116.52,
  "custo": 84.75
}
 
Individuo 13:
{
  "solucao": [5 9 1 4 1]
                [1 1 1 2 1],
  "funcao_objetivo": 0.97076464828026515072323870272753191787407251847681,
  "confiabilidade_total": 0.97076464828026515072323870272753191787407251847681
  "peso": 116.84,
  "custo": 85.68
}
 
Individuo 14:
{
  "solucao": [2 3 7 1 7]
                [1 2 1 1 1],
  "funcao_objetivo": 0.97050772022867490374082863680654510192121243665658,
  "confiabilidade_total": 0.97050772022867490374082863680654510192121243665658
  "peso": 113.43,
  "custo": 77.88000000000001
}
 
Individuo 15:
{
  "solucao": [6 4 7 2 1]
                [2 1 1 1 1],
  "funcao_objetivo": 0.97025827664366237448648842082501129610891400798908,
  "confiabilidade_total": 0.97025827664366237448648842082501129610891400798908
  "peso": 118.77000000000001,
  "custo": 77.86000000000001
}
 
Individuo 16:
{
  "solucao": [5 2 8 4 6]
                [2 1 1 1 1],
  "funcao_objetivo": 0.96942781708790036779658835829881413144558775281909,
  "confiabilidade_total": 0.96942781708790036779658835829881413144558775281909
  "peso": 110.53999999999999,
  "custo": 69.87
}
 
Individuo 17:
{
  "solucao": [0 2 6 8 6]
                [1 1 2 1 1],
  "funcao_objetivo": 0.96927907551792752000004602860051053454712720102617,
  "confiabilidade_total": 0.96927907551792752000004602860051053454712720102617
  "peso": 117.63999999999999,
  "custo": 76.06
}
 
Individuo 18:
{
  "solucao": [1 6 5 7 3]
                [1 1 1 2 1],
  "funcao_objetivo": 0.96910288762295420716921074489658009022971629982268,
  "confiabilidade_total": 0.96910288762295420716921074489658009022971629982268
  "peso": 103.30000000000001,
  "custo": 79.09
}
 
Individuo 19:
{
  "solucao": [6 6 5 2 2]
                [1 1 2 1 1],
  "funcao_objetivo": 0.96881841519887385258124970215906144235376426050232,
  "confiabilidade_total": 0.96881841519887385258124970215906144235376426050232
  "peso": 114.96000000000001,
  "custo": 64.34
}
 
Individuo 20:
{
  "solucao": [5 8 6 9 7]
                [1 2 1 2 1],
  "funcao_objetivo": 0.96835254516484906705912062378241074942886320832162,
  "confiabilidade_total": 0.96835254516484906705912062378241074942886320832162
  "peso": 114.88,
  "custo": 99.8
}
 
Individuo 21:
{
  "solucao": [9 1 2 3 8]
                [1 2 1 1 1],
  "funcao_objetivo": 0.96718643645458718954456845533254820830846102116258,
  "confiabilidade_total": 0.96718643645458718954456845533254820830846102116258
  "peso": 114.07000000000001,
  "custo": 82.11
}
 
Individuo 22:
{
  "solucao": [9 2 5 8 9]
                [2 1 1 1 1],
  "funcao_objetivo": 0.96545490382565230101088055429468578741086374294669,
  "confiabilidade_total": 0.96545490382565230101088055429468578741086374294669
  "peso": 107.27,
  "custo": 86.52000000000001
}
 
Individuo 23:
{
  "solucao": [5 0 9 7 5]
                [1 2 1 1 2],
  "funcao_objetivo": 0.96528818998651668513793100227876787741832264503765,
  "confiabilidade_total": 0.96528818998651668513793100227876787741832264503765
  "peso": 117.28999999999999,
  "custo": 95.78
}
 
Individuo 24:
{
  "solucao": [5 0 6 7 3]
                [1 1 1 2 1],
  "funcao_objetivo": 0.96499276310363736312014037836119974669960724864603,
  "confiabilidade_total": 0.96499276310363736312014037836119974669960724864603
  "peso": 105.47,
  "custo": 80.45
}
 
Individuo 25:
{
  "solucao": [5 4 4 9 1]
                [1 1 1 2 1],
  "funcao_objetivo": 0.96464438919183107390081208430852897861659014185539,
  "confiabilidade_total": 0.96464438919183107390081208430852897861659014185539
  "peso": 117.15,
  "custo": 88.72
}
 
Individuo 26:
{
  "solucao": [7 7 8 6 8]
                [2 1 1 1 2],
  "funcao_objetivo": 0.96464074177970302081530854604698133647641774922184,
  "confiabilidade_total": 0.96464074177970302081530854604698133647641774922184
  "peso": 106.21,
  "custo": 96.94
}
 
Individuo 27:
{
  "solucao": [7 5 8 7 5]
                [1 2 1 1 3],
  "funcao_objetivo": 0.96436736405883385670312985227636476917034536315888,
  "confiabilidade_total": 0.96436736405883385670312985227636476917034536315888
  "peso": 116.53,
  "custo": 94.58000000000001
}
 
Individuo 28:
{
  "solucao": [6 1 8 7 7]
                [1 2 1 1 1],
  "funcao_objetivo": 0.96252323110068981119712770484383266492844424607450,
  "confiabilidade_total": 0.96252323110068981119712770484383266492844424607450
  "peso": 99.10000000000001,
  "custo": 84.9
}
 
Individuo 29:
{
  "solucao": [7 4 6 4 8]
                [1 1 1 2 1],
  "funcao_objetivo": 0.96246257966036149094034264356093681505064705555605,
  "confiabilidade_total": 0.96246257966036149094034264356093681505064705555605
  "peso": 120.0,
  "custo": 82.67999999999999
}
 
Individuo 30:
{
  "solucao": [9 0 5 7 1]
                [1 2 1 1 1],
  "funcao_objetivo": 0.96244027139012370281171773822250584567137776166753,
  "confiabilidade_total": 0.96244027139012370281171773822250584567137776166753
  "peso": 105.93,
  "custo": 89.91
}
 
Individuo 31:
{
  "solucao": [5 5 6 7 2]
                [2 1 1 1 1],
  "funcao_objetivo": 0.96222967418020250066212344917805973707196156267365,
  "confiabilidade_total": 0.96222967418020250066212344917805973707196156267365
  "peso": 101.09,
  "custo": 67.63
}
 
Individuo 32:
{
  "solucao": [6 4 5 5 8]
                [1 1 1 2 1],
  "funcao_objetivo": 0.96211857228200134675389349762768195260009635568065,
  "confiabilidade_total": 0.96211857228200134675389349762768195260009635568065
  "peso": 102.54,
  "custo": 70.69
}
 
Individuo 33:
{
  "solucao": [9 8 7 6 0]
                [2 1 1 1 1],
  "funcao_objetivo": 0.96066028128850354529156334469248023314245565743716,
  "confiabilidade_total": 0.96066028128850354529156334469248023314245565743716
  "peso": 105.83999999999999,
  "custo": 92.25
}
 
Individuo 34:
{
  "solucao": [5 6 5 8 8]
                [2 1 1 1 1],
  "funcao_objetivo": 0.96016383135733071047756414440675609515509296528618,
  "confiabilidade_total": 0.96016383135733071047756414440675609515509296528618
  "peso": 93.37,
  "custo": 70.0
}
 
Individuo 35:
{
  "solucao": [8 9 6 8 4]
                [1 1 1 2 1],
  "funcao_objetivo": 0.95930317576922211137345042792018511298614930572944,
  "confiabilidade_total": 0.95930317576922211137345042792018511298614930572944
  "peso": 105.92,
  "custo": 84.25
}
 
Individuo 36:
{
  "solucao": [6 8 2 9 4]
                [2 1 1 1 1],
  "funcao_objetivo": 0.95907119902010850301382011043572343512685634485562,
  "confiabilidade_total": 0.95907119902010850301382011043572343512685634485562
  "peso": 119.50999999999999,
  "custo": 79.41
}
 
Individuo 37:
{
  "solucao": [0 1 8 4 0]
                [1 1 1 1 1],
  "funcao_objetivo": 0.95754121503942141603146039739308065632114790052244,
  "confiabilidade_total": 0.95754121503942141603146039739308065632114790052244
  "peso": 96.97,
  "custo": 74.36
}
 
Individuo 38:
{
  "solucao": [2 8 8 0 7]
                [1 1 1 1 3],
  "funcao_objetivo": 0.95649172717403834880563614422654785761977305573880,
  "confiabilidade_total": 0.95649172717403834880563614422654785761977305573880
  "peso": 114.61,
  "custo": 96.82
}
 
Individuo 39:
{
  "solucao": [2 5 1 4 0]
                [1 1 1 1 1],
  "funcao_objetivo": 0.95267312249316361375250477719457226963209426459150,
  "confiabilidade_total": 0.95267312249316361375250477719457226963209426459150
  "peso": 99.58,
  "custo": 64.69999999999999
}
 
Individuo 40:
{
  "solucao": [1 6 4 4 5]
                [1 1 1 1 2],
  "funcao_objetivo": 0.95252128905877584382064177315330188823311268932166,
  "confiabilidade_total": 0.95252128905877584382064177315330188823311268932166
  "peso": 115.08000000000001,
  "custo": 75.82
}
 
Individuo 41:
{
  "solucao": [5 0 8 4 5]
                [1 1 1 1 2],
  "funcao_objetivo": 0.95203807846824178502014547736488673530320870099699,
  "confiabilidade_total": 0.95203807846824178502014547736488673530320870099699
  "peso": 102.78999999999999,
  "custo": 74.43
}
 
Individuo 42:
{
  "solucao": [4 8 0 5 5]
                [1 1 1 1 1],
  "funcao_objetivo": 0.94734300440534052981591037240261518652468789189122,
  "confiabilidade_total": 0.94734300440534052981591037240261518652468789189122
  "peso": 88.06,
  "custo": 64.12
}
 
Individuo 43:
{
  "solucao": [8 4 4 7 1]
                [1 1 1 1 2],
  "funcao_objetivo": 0.94489723853568213916697210649034344720296911446146,
  "confiabilidade_total": 0.94489723853568213916697210649034344720296911446146
  "peso": 112.43,
  "custo": 85.77
}
 
Individuo 44:
{
  "solucao": [9 1 2 9 5]
                [1 1 1 1 1],
  "funcao_objetivo": 0.94433302206484110005792715198071771314667646493958,
  "confiabilidade_total": 0.94433302206484110005792715198071771314667646493958
  "peso": 92.38000000000001,
  "custo": 70.13
}
 
Individuo 45:
{
  "solucao": [1 5 9 8 5]
                [1 1 1 1 1],
  "funcao_objetivo": 0.93986160218086048165912748874218894742961967100944,
  "confiabilidade_total": 0.93986160218086048165912748874218894742961967100944
  "peso": 80.55,
  "custo": 66.51
}
 
Individuo 46:
{
  "solucao": [5 6 9 2 8]
                [1 1 1 1 1],
  "funcao_objetivo": 0.93856881171320451809136584364856032434040426172496,
  "confiabilidade_total": 0.93856881171320451809136584364856032434040426172496
  "peso": 90.47,
  "custo": 63.31
}
 
Individuo 47:
{
  "solucao": [7 8 8 3 1]
                [1 1 1 1 1],
  "funcao_objetivo": 0.93773515691598731930861387655004571195661575804594,
  "confiabilidade_total": 0.93773515691598731930861387655004571195661575804594
  "peso": 83.56,
  "custo": 68.27
}
 
Individuo 48:
{
  "solucao": [7 8 9 6 7]
                [1 1 1 1 2],
  "funcao_objetivo": 0.93702400569724303721952167373233377916682279071228,
  "confiabilidade_total": 0.93702400569724303721952167373233377916682279071228
  "peso": 95.46,
  "custo": 88.03
}
 
Individuo 49:
{
  "solucao": [8 6 9 8 0]
                [1 1 1 1 2],
  "funcao_objetivo": 0.93674059855764113336440009895299035153243752341014,
  "confiabilidade_total": 0.93674059855764113336440009895299035153243752341014
  "peso": 108.13,
  "custo": 89.08
}
 
Individuo 50:
{
  "solucao": [9 3 5 6 4]
                [1 1 1 1 1],
  "funcao_objetivo": 0.93638301432297545778432348858727946521652495974959,
  "confiabilidade_total": 0.93638301432297545778432348858727946521652495974959
  "peso": 99.06,
  "custo": 66.49
}
 
 
GERACAO 1
Mutante 1:
[[9.8 8.6 4.8 5.2 0. ]
 [2.6 1.  0.4 1.6 1. ]]
 
Mutante 2:
[[2.6 6.8 6.6 9.4 1.4]
 [1.4 1.  1.  1.  1. ]]
 
Mutante 3:
[[9.8 0.4 3.4 5.8 0.4]
 [0.4 1.  1.6 1.  2. ]]
 
Mutante 4:
[[5.6 1.2 9.2 9.8 9. ]
 [2.  1.6 1.  0.4 1. ]]
 
Mutante 5:
[[0.  0.  9.4 0.4 5.8]
 [0.4 2.  1.  0.4 1. ]]
 
Mutante 6:
[[4.6 9.  1.8 3.8 0.8]
 [1.  1.  1.  0.4 1. ]]
 
Mutante 7:
[[9.  1.2 1.4 8.8 0. ]
 [1.  1.4 1.  1.  1. ]]
 
Mutante 8:
[[6.8 4.8 7.2 6.8 8.6]
 [1.6 1.  1.  1.  1. ]]
 
Mutante 9:
[[3.  3.4 5.6 3.2 7.4]
 [1.  1.6 1.  1.4 1. ]]
 
Mutante 10:
[[9.  8.2 9.  6.6 6.8]
 [2.  0.4 1.  1.  2. ]]
 
Mutante 11:
[[8.2 8.6 6.2 9.  6.2]
 [1.6 2.6 1.  1.  2.4]]
 
Mutante 12:
[[2.2 1.2 4.  2.2 8.8]
 [0.4 1.6 2.  0.4 1.6]]
 
Mutante 13:
[[3.4 2.4 2.8 0.  2.2]
 [0.4 1.  2.  0.4 1. ]]
 
Mutante 14:
[[9.  3.6 0.8 6.  8.8]
 [2.  2.6 1.  1.  1. ]]
 
Mutante 15:
[[5.6 5.2 3.4 3.4 1. ]
 [1.  1.  1.  1.  2. ]]
 
Mutante 16:
[[3.2 9.  9.  5.  0. ]
 [1.  1.  1.  1.  2.6]]
 
Mutante 17:
[[2.2 6.6 4.4 8.2 6. ]
 [1.  1.6 1.  2.  1. ]]
 
Mutante 18:
[[2.6 1.2 6.6 7.6 1.8]
 [1.6 1.  1.  2.  1. ]]
 
Mutante 19:
[[1.  4.2 1.  1.6 9.4]
 [0.4 1.  2.6 1.  1. ]]
 
Mutante 20:
[[9.  1.8 4.4 0.8 1.4]
 [0.4 1.  2.6 0.4 1. ]]
 
Mutante 21:
[[9.  4.2 1.4 0.6 7.8]
 [2.  1.6 1.  1.  1.6]]
 
Mutante 22:
[[0.  5.6 8.4 9.8 7.8]
 [1.6 1.  1.4 1.  1. ]]
 
Mutante 23:
[[9.  1.  2.  4.8 4.4]
 [1.  2.  1.  1.  1. ]]
 
Mutante 24:
[[1.2 0.  2.2 6.2 8. ]
 [0.4 1.  2.  1.  1. ]]
 
Mutante 25:
[[8.  1.  9.8 7.  6.4]
 [2.  1.6 1.  1.4 1. ]]
 
Mutante 26:
[[3.4 4.6 9.  3.4 5. ]
 [1.  1.  0.4 2.  1. ]]
 
Mutante 27:
[[6.  2.4 7.4 1.4 0.2]
 [0.4 1.6 2.  1.  1.6]]
 
Mutante 28:
[[0.  5.8 9.2 3.4 0. ]
 [1.6 0.4 1.  1.  1. ]]
 
Mutante 29:
[[7.4 3.  0.8 8.6 8. ]
 [2.  1.6 1.  1.  1. ]]
 
Mutante 30:
[[6.2 3.8 4.6 6.8 6.2]
 [2.  1.  1.6 2.  1. ]]
 
Mutante 31:
[[8.4 0.  9.  9.  4. ]
 [1.6 2.  1.  1.  1. ]]
 
Mutante 32:
[[2.  6.8 6.2 3.6 9. ]
 [1.6 1.6 1.  1.  3. ]]
 
Mutante 33:
[[4.2 0.  2.2 5.  6.2]
 [1.  1.  2.  1.6 0.4]]
 
Mutante 34:
[[8.6 5.4 9.6 8.6 0. ]
 [1.  1.6 1.  1.  2.6]]
 
Mutante 35:
[[8.6 3.2 9.4 6.2 2. ]
 [2.  1.6 1.  2.  1.6]]
 
Mutante 36:
[[0.2 9.  6.  9.  6.4]
 [1.  2.  1.  2.6 1. ]]
 
Mutante 37:
[[5.  1.2 8.  4.6 9.8]
 [1.6 0.4 1.  1.  2. ]]
 
Mutante 38:
[[9.  2.2 2.6 0.  9. ]
 [0.4 2.  1.  0.4 1. ]]
 
Mutante 39:
[[0.  4.6 0.  3.2 7.2]
 [1.  2.  1.  0.4 1.6]]
 
Mutante 40:
[[3.8 7.  1.6 5.2 0.4]
 [1.  0.4 1.  1.  2. ]]
 
Mutante 41:
[[4.2 2.8 1.4 7.8 5.6]
 [1.  1.  1.  1.  1.6]]
 
Mutante 42:
[[9.  0.  9.8 5.8 5.2]
 [1.  2.  1.  0.4 1. ]]
 
Mutante 43:
[[3.8 6.4 1.  7.8 0. ]
 [1.  2.  0.4 1.  2. ]]
 
Mutante 44:
[[3.8 9.8 6.8 4.2 7.6]
 [1.6 0.4 1.  1.  3. ]]
 
Mutante 45:
[[9.  4.2 2.6 6.6 6.4]
 [1.6 0.4 1.  1.  0.4]]
 
Mutante 46:
[[9.8 3.4 6.2 2.2 4.6]
 [2.  1.  1.  1.4 1. ]]
 
Mutante 47:
[[9.  1.6 3.8 6.  8.6]
 [0.4 1.  1.  1.  1. ]]
 
Mutante 48:
[[6.2 5.6 8.6 0.  9. ]
 [1.  1.6 1.  1.  3. ]]
 
Mutante 49:
[[7.  4.8 1.6 1.6 8.8]
 [1.  1.  2.  1.6 0.4]]
 
Mutante 50:
[[1.  8.4 4.4 7.  2.4]
 [1.6 0.4 1.  2.6 0.4]]
 
-----------------------------------------
Número de avaliações até o momento: 50
Evoluido 1:
[[9 8 5 9 0]
 [2 1 0 1 1]]
 
Evoluido 2:
[[1 6 5 9 1]
 [2 1 1 1 1]]
 
Evoluido 3:
[[8 8 3 5 2]
 [2 1 1 1 2]]
 
Evoluido 4:
[[5 4 9 9 4]
 [2 1 1 0 1]]
 
Evoluido 5:
[[2 1 9 5 5]
 [1 2 1 0 1]]
 
Evoluido 6:
[[4 9 1 5 5]
 [1 1 1 1 1]]
 
Evoluido 7:
[[6 1 8 9 0]
 [2 1 1 1 1]]
 
Evoluido 8:
[[6 4 7 6 8]
 [1 1 2 1 1]]
 
Evoluido 9:
[[3 3 1 3 7]
 [1 1 1 1 1]]
 
Evoluido 10:
[[4 6 9 6 7]
 [2 1 1 1 2]]
 
Evoluido 11:
[[8 8 2 9 6]
 [2 2 1 1 1]]
 
Evoluido 12:
[[2 1 4 6 7]
 [1 1 2 0 1]]
 
Evoluido 13:
[[5 2 1 4 1]
 [1 1 2 2 1]]
 
Evoluido 14:
[[9 3 0 6 7]
 [2 2 1 1 1]]
 
Evoluido 15:
[[6 4 3 3 1]
 [1 1 1 1 1]]
 
Evoluido 16:
[[5 9 9 4 0]
 [1 1 1 1 1]]
 
Evoluido 17:
[[2 2 6 8 6]
 [1 1 1 2 1]]
 
Evoluido 18:
[[2 6 6 7 1]
 [1 1 1 2 1]]
 
Evoluido 19:
[[1 4 5 1 2]
 [0 1 2 1 1]]
 
Evoluido 20:
[[5 1 4 0 7]
 [0 2 1 0 1]]
 
Evoluido 21:
[[9 4 2 3 7]
 [2 1 1 1 1]]
 
Evoluido 22:
[[9 5 8 8 7]
 [2 1 1 1 1]]
 
Evoluido 23:
[[5 0 9 7 4]
 [1 2 1 1 1]]
 
Evoluido 24:
[[1 0 6 6 3]
 [1 1 2 2 1]]
 
Evoluido 25:
[[8 4 9 9 1]
 [1 1 1 2 1]]
 
Evoluido 26:
[[3 7 8 6 8]
 [2 1 1 2 1]]
 
Evoluido 27:
[[6 2 7 7 0]
 [0 1 1 1 1]]
 
Evoluido 28:
[[6 1 8 3 0]
 [1 0 1 1 1]]
 
Evoluido 29:
[[7 3 0 8 8]
 [2 1 1 1 1]]
 
Evoluido 30:
[[6 3 5 6 6]
 [2 1 1 1 1]]
 
Evoluido 31:
[[8 0 9 7 4]
 [1 1 1 1 1]]
 
Evoluido 32:
[[2 4 6 3 9]
 [1 1 1 1 3]]
 
Evoluido 33:
[[4 0 7 6 6]
 [1 1 2 1 0]]
 
Evoluido 34:
[[5 5 5 8 8]
 [1 1 1 1 1]]
 
Evoluido 35:
[[8 9 6 8 4]
 [2 1 1 2 1]]
 
Evoluido 36:
[[0 9 2 9 6]
 [1 2 1 2 1]]
 
Evoluido 37:
[[5 1 8 4 0]
 [1 0 1 1 2]]
 
Evoluido 38:
[[9 8 2 0 9]
 [1 1 1 0 1]]
 
Evoluido 39:
[[0 5 1 3 0]
 [1 2 1 0 1]]
 
Evoluido 40:
[[1 6 1 5 0]
 [1 1 1 1 2]]
 
Evoluido 41:
[[5 0 1 7 5]
 [1 1 1 1 2]]
 
Evoluido 42:
[[4 8 0 5 5]
 [1 2 1 0 1]]
 
Evoluido 43:
[[3 6 1 7 0]
 [1 1 0 1 2]]
 
Evoluido 44:
[[3 1 2 9 7]
 [1 1 1 1 3]]
 
Evoluido 45:
[[1 5 2 8 6]
 [1 1 1 1 0]]
 
Evoluido 46:
[[5 3 6 2 4]
 [2 1 1 1 1]]
 
Evoluido 47:
[[7 1 3 3 8]
 [0 1 1 1 1]]
 
Evoluido 48:
[[7 5 9 6 7]
 [1 1 1 1 3]]
 
Evoluido 49:
[[7 6 1 1 0]
 [1 1 2 1 0]]
 
Evoluido 50:
[[1 8 5 7 2]
 [1 0 1 2 1]]
 
-----------------------------------------
Individuo 1:
{
  "solucao": [7 6 5 9 7]
                [2 2 1 1 1],
  "funcao_objetivo": 0.98807886458809795502505637622984962228162798428433,
  "confiabilidade_total": 0.98807886458809795502505637622984962228162798428433
  "peso": 115.63000000000001,
  "custo": 97.36000000000001
}
 
Individuo 2:
{
  "solucao": [1 7 5 8 8]
                [2 1 1 2 1],
  "funcao_objetivo": 0.98673624699121823528378649487050553071472297293414,
  "confiabilidade_total": 0.98673624699121823528378649487050553071472297293414
  "peso": 108.82,
  "custo": 94.7
}
 
Individuo 3:
{
  "solucao": [8 8 4 5 2]
                [2 1 1 2 1],
  "funcao_objetivo": 0.98617816342979705247936849806866612493030496696459,
  "confiabilidade_total": 0.98617816342979705247936849806866612493030496696459
  "peso": 119.68000000000002,
  "custo": 84.19999999999999
}
 
Individuo 4:
{
  "solucao": [5 4 8 7 4]
                [2 1 1 2 1],
  "funcao_objetivo": 0.98592491050677736159998243656729789785315033330478,
  "confiabilidade_total": 0.98592491050677736159998243656729789785315033330478
  "peso": 119.84,
  "custo": 91.72999999999999
}
 
Individuo 5:
{
  "solucao": [2 1 0 5 6]
                [1 2 1 1 1],
  "funcao_objetivo": 0.97860093061325660950992638919213856799116718810051,
  "confiabilidade_total": 0.97860093061325660950992638919213856799116718810051
  "peso": 113.95,
  "custo": 77.78
}
 
Individuo 6:
{
  "solucao": [6 0 1 5 5]
                [1 1 2 1 1],
  "funcao_objetivo": 0.97413024670356547200518605118492592024880838977465,
  "confiabilidade_total": 0.97413024670356547200518605118492592024880838977465
  "peso": 105.95000000000002,
  "custo": 78.6
}
 
Individuo 7:
{
  "solucao": [6 1 8 9 7]
                [2 1 2 1 1],
  "funcao_objetivo": 0.97369631432969970403463282683576535320218559342184,
  "confiabilidade_total": 0.97369631432969970403463282683576535320218559342184
  "peso": 119.86,
  "custo": 98.82
}
 
Individuo 8:
{
  "solucao": [8 2 8 8 2]
                [2 1 2 1 1],
  "funcao_objetivo": 0.97354644136031051890875974482525085964854442472423,
  "confiabilidade_total": 0.97354644136031051890875974482525085964854442472423
  "peso": 118.36,
  "custo": 85.72999999999999
}
 
Individuo 9:
{
  "solucao": [5 7 1 6 1]
                [1 2 1 1 2],
  "funcao_objetivo": 0.97282366187037161684857786717548195458596515824287,
  "confiabilidade_total": 0.97282366187037161684857786717548195458596515824287
  "peso": 117.35000000000001,
  "custo": 96.61
}
 
Individuo 10:
{
  "solucao": [4 6 1 1 7]
                [1 1 2 1 1],
  "funcao_objetivo": 0.97248102864723279337048581428521034053629197492014,
  "confiabilidade_total": 0.97248102864723279337048581428521034053629197492014
  "peso": 112.22,
  "custo": 85.5
}
 
Individuo 11:
{
  "solucao": [8 8 2 9 6]
                [2 2 1 1 1],
  "funcao_objetivo": 0.98830984494068990125446256936094570405561492745894,
  "confiabilidade_total": 0.98830984494068990125446256936094570405561492745894
  "peso": 119.47999999999999,
  "custo": 93.05000000000001
}
 
Individuo 12:
{
  "solucao": [8 0 4 6 7]
                [1 1 2 1 1],
  "funcao_objetivo": 0.97219180495353702475830896226610752376176754933951,
  "confiabilidade_total": 0.97219180495353702475830896226610752376176754933951
  "peso": 116.52,
  "custo": 84.75
}
 
Individuo 13:
{
  "solucao": [5 9 1 4 1]
                [1 1 1 2 1],
  "funcao_objetivo": 0.97076464828026515072323870272753191787407251847681,
  "confiabilidade_total": 0.97076464828026515072323870272753191787407251847681
  "peso": 116.84,
  "custo": 85.68
}
 
Individuo 14:
{
  "solucao": [2 3 7 1 7]
                [1 2 1 1 1],
  "funcao_objetivo": 0.97050772022867490374082863680654510192121243665658,
  "confiabilidade_total": 0.97050772022867490374082863680654510192121243665658
  "peso": 113.43,
  "custo": 77.88000000000001
}
 
Individuo 15:
{
  "solucao": [6 4 7 2 1]
                [2 1 1 1 1],
  "funcao_objetivo": 0.97025827664366237448648842082501129610891400798908,
  "confiabilidade_total": 0.97025827664366237448648842082501129610891400798908
  "peso": 118.77000000000001,
  "custo": 77.86000000000001
}
 
Individuo 16:
{
  "solucao": [5 2 8 4 6]
                [2 1 1 1 1],
  "funcao_objetivo": 0.96942781708790036779658835829881413144558775281909,
  "confiabilidade_total": 0.96942781708790036779658835829881413144558775281909
  "peso": 110.53999999999999,
  "custo": 69.87
}
 
Individuo 17:
{
  "solucao": [0 2 6 8 6]
                [1 1 2 1 1],
  "funcao_objetivo": 0.96927907551792752000004602860051053454712720102617,
  "confiabilidade_total": 0.96927907551792752000004602860051053454712720102617
  "peso": 117.63999999999999,
  "custo": 76.06
}
 
Individuo 18:
{
  "solucao": [1 6 5 7 3]
                [1 1 1 2 1],
  "funcao_objetivo": 0.96910288762295420716921074489658009022971629982268,
  "confiabilidade_total": 0.96910288762295420716921074489658009022971629982268
  "peso": 103.30000000000001,
  "custo": 79.09
}
 
Individuo 19:
{
  "solucao": [6 6 5 2 2]
                [1 1 2 1 1],
  "funcao_objetivo": 0.96881841519887385258124970215906144235376426050232,
  "confiabilidade_total": 0.96881841519887385258124970215906144235376426050232
  "peso": 114.96000000000001,
  "custo": 64.34
}
 
Individuo 20:
{
  "solucao": [5 8 6 9 7]
                [1 2 1 2 1],
  "funcao_objetivo": 0.96835254516484906705912062378241074942886320832162,
  "confiabilidade_total": 0.96835254516484906705912062378241074942886320832162
  "peso": 114.88,
  "custo": 99.8
}
 
Individuo 21:
{
  "solucao": [9 4 2 3 7]
                [2 1 1 1 1],
  "funcao_objetivo": 0.96736150430390846927642669818601059383779130784167,
  "confiabilidade_total": 0.96736150430390846927642669818601059383779130784167
  "peso": 119.6,
  "custo": 85.93
}
 
Individuo 22:
{
  "solucao": [9 2 5 8 9]
                [2 1 1 1 1],
  "funcao_objetivo": 0.96545490382565230101088055429468578741086374294669,
  "confiabilidade_total": 0.96545490382565230101088055429468578741086374294669
  "peso": 107.27,
  "custo": 86.52000000000001
}
 
Individuo 23:
{
  "solucao": [5 0 9 7 5]
                [1 2 1 1 2],
  "funcao_objetivo": 0.96528818998651668513793100227876787741832264503765,
  "confiabilidade_total": 0.96528818998651668513793100227876787741832264503765
  "peso": 117.28999999999999,
  "custo": 95.78
}
 
Individuo 24:
{
  "solucao": [5 0 6 7 3]
                [1 1 1 2 1],
  "funcao_objetivo": 0.96499276310363736312014037836119974669960724864603,
  "confiabilidade_total": 0.96499276310363736312014037836119974669960724864603
  "peso": 105.47,
  "custo": 80.45
}
 
Individuo 25:
{
  "solucao": [5 4 4 9 1]
                [1 1 1 2 1],
  "funcao_objetivo": 0.96464438919183107390081208430852897861659014185539,
  "confiabilidade_total": 0.96464438919183107390081208430852897861659014185539
  "peso": 117.15,
  "custo": 88.72
}
 
Individuo 26:
{
  "solucao": [7 7 8 6 8]
                [2 1 1 1 2],
  "funcao_objetivo": 0.96464074177970302081530854604698133647641774922184,
  "confiabilidade_total": 0.96464074177970302081530854604698133647641774922184
  "peso": 106.21,
  "custo": 96.94
}
 
Individuo 27:
{
  "solucao": [7 5 8 7 5]
                [1 2 1 1 3],
  "funcao_objetivo": 0.96436736405883385670312985227636476917034536315888,
  "confiabilidade_total": 0.96436736405883385670312985227636476917034536315888
  "peso": 116.53,
  "custo": 94.58000000000001
}
 
Individuo 28:
{
  "solucao": [6 1 8 7 7]
                [1 2 1 1 1],
  "funcao_objetivo": 0.96252323110068981119712770484383266492844424607450,
  "confiabilidade_total": 0.96252323110068981119712770484383266492844424607450
  "peso": 99.10000000000001,
  "custo": 84.9
}
 
Individuo 29:
{
  "solucao": [7 3 0 8 8]
                [2 1 1 1 1],
  "funcao_objetivo": 0.96644140881614240114559723360800224144599323378858,
  "confiabilidade_total": 0.96644140881614240114559723360800224144599323378858
  "peso": 99.88,
  "custo": 84.46999999999998
}
 
Individuo 30:
{
  "solucao": [6 3 5 6 6]
                [2 1 1 1 1],
  "funcao_objetivo": 0.96488022385686450453470732827120687090567605771396,
  "confiabilidade_total": 0.96488022385686450453470732827120687090567605771396
  "peso": 116.96,
  "custo": 71.77
}
 
Individuo 31:
{
  "solucao": [5 5 6 7 2]
                [2 1 1 1 1],
  "funcao_objetivo": 0.96222967418020250066212344917805973707196156267365,
  "confiabilidade_total": 0.96222967418020250066212344917805973707196156267365
  "peso": 101.09,
  "custo": 67.63
}
 
Individuo 32:
{
  "solucao": [6 4 5 5 8]
                [1 1 1 2 1],
  "funcao_objetivo": 0.96211857228200134675389349762768195260009635568065,
  "confiabilidade_total": 0.96211857228200134675389349762768195260009635568065
  "peso": 102.54,
  "custo": 70.69
}
 
Individuo 33:
{
  "solucao": [9 8 7 6 0]
                [2 1 1 1 1],
  "funcao_objetivo": 0.96066028128850354529156334469248023314245565743716,
  "confiabilidade_total": 0.96066028128850354529156334469248023314245565743716
  "peso": 105.83999999999999,
  "custo": 92.25
}
 
Individuo 34:
{
  "solucao": [5 6 5 8 8]
                [2 1 1 1 1],
  "funcao_objetivo": 0.96016383135733071047756414440675609515509296528618,
  "confiabilidade_total": 0.96016383135733071047756414440675609515509296528618
  "peso": 93.37,
  "custo": 70.0
}
 
Individuo 35:
{
  "solucao": [8 9 6 8 4]
                [2 1 1 2 1],
  "funcao_objetivo": 0.97967856089065000678019385840485984928155424766709,
  "confiabilidade_total": 0.98384522755731667338903640920563294613449009828736
  "peso": 120.5,
  "custo": 97.6
}
 
Individuo 36:
{
  "solucao": [6 8 2 9 4]
                [2 1 1 1 1],
  "funcao_objetivo": 0.95907119902010850301382011043572343512685634485562,
  "confiabilidade_total": 0.95907119902010850301382011043572343512685634485562
  "peso": 119.50999999999999,
  "custo": 79.41
}
 
Individuo 37:
{
  "solucao": [0 1 8 4 0]
                [1 1 1 1 1],
  "funcao_objetivo": 0.95754121503942141603146039739308065632114790052244,
  "confiabilidade_total": 0.95754121503942141603146039739308065632114790052244
  "peso": 96.97,
  "custo": 74.36
}
 
Individuo 38:
{
  "solucao": [2 8 8 0 7]
                [1 1 1 1 3],
  "funcao_objetivo": 0.95649172717403834880563614422654785761977305573880,
  "confiabilidade_total": 0.95649172717403834880563614422654785761977305573880
  "peso": 114.61,
  "custo": 96.82
}
 
Individuo 39:
{
  "solucao": [2 5 1 4 0]
                [1 1 1 1 1],
  "funcao_objetivo": 0.95267312249316361375250477719457226963209426459150,
  "confiabilidade_total": 0.95267312249316361375250477719457226963209426459150
  "peso": 99.58,
  "custo": 64.69999999999999
}
 
Individuo 40:
{
  "solucao": [1 6 1 5 0]
                [1 1 1 1 2],
  "funcao_objetivo": 0.95472765622457057582602551521612135950280145183846,
  "confiabilidade_total": 0.95472765622457057582602551521612135950280145183846
  "peso": 111.49000000000001,
  "custo": 84.4
}
 
Individuo 41:
{
  "solucao": [5 0 1 7 5]
                [1 1 1 1 2],
  "funcao_objetivo": 0.95885744079888568830383857402427150216693061439337,
  "confiabilidade_total": 0.95885744079888568830383857402427150216693061439337
  "peso": 96.71000000000001,
  "custo": 76.63000000000001
}
 
Individuo 42:
{
  "solucao": [4 8 0 5 5]
                [1 1 1 1 1],
  "funcao_objetivo": 0.94734300440534052981591037240261518652468789189122,
  "confiabilidade_total": 0.94734300440534052981591037240261518652468789189122
  "peso": 88.06,
  "custo": 64.12
}
 
Individuo 43:
{
  "solucao": [8 4 4 7 1]
                [1 1 1 1 2],
  "funcao_objetivo": 0.94489723853568213916697210649034344720296911446146,
  "confiabilidade_total": 0.94489723853568213916697210649034344720296911446146
  "peso": 112.43,
  "custo": 85.77
}
 
Individuo 44:
{
  "solucao": [9 1 2 9 5]
                [1 1 1 1 1],
  "funcao_objetivo": 0.94433302206484110005792715198071771314667646493958,
  "confiabilidade_total": 0.94433302206484110005792715198071771314667646493958
  "peso": 92.38000000000001,
  "custo": 70.13
}
 
Individuo 45:
{
  "solucao": [1 5 9 8 5]
                [1 1 1 1 1],
  "funcao_objetivo": 0.93986160218086048165912748874218894742961967100944,
  "confiabilidade_total": 0.93986160218086048165912748874218894742961967100944
  "peso": 80.55,
  "custo": 66.51
}
 
Individuo 46:
{
  "solucao": [5 3 6 2 4]
                [2 1 1 1 1],
  "funcao_objetivo": 0.97026940970524980468654278498866596180324013889985,
  "confiabilidade_total": 0.97026940970524980468654278498866596180324013889985
  "peso": 118.11,
  "custo": 68.5
}
 
Individuo 47:
{
  "solucao": [7 8 8 3 1]
                [1 1 1 1 1],
  "funcao_objetivo": 0.93773515691598731930861387655004571195661575804594,
  "confiabilidade_total": 0.93773515691598731930861387655004571195661575804594
  "peso": 83.56,
  "custo": 68.27
}
 
Individuo 48:
{
  "solucao": [7 5 9 6 7]
                [1 1 1 1 3],
  "funcao_objetivo": 0.93935326769310931245464285046324931505559051737144,
  "confiabilidade_total": 0.93935326769310931245464285046324931505559051737144
  "peso": 109.76,
  "custo": 99.82999999999998
}
 
Individuo 49:
{
  "solucao": [7 6 1 1 0]
                [1 1 2 1 0],
  "funcao_objetivo": 0.95542543449242263798189137120107061274705197654004,
  "confiabilidade_total": 0.95542543449242263798189137120107061274705197654004
  "peso": 88.47,
  "custo": 71.46000000000001
}
 
Individuo 50:
{
  "solucao": [9 3 5 6 4]
                [1 1 1 1 1],
  "funcao_objetivo": 0.93638301432297545778432348858727946521652495974959,
  "confiabilidade_total": 0.93638301432297545778432348858727946521652495974959
  "peso": 99.06,
  "custo": 66.49
}
 
-----------------------------------------
GERACAO 2
Mutante 1:
[[5.  9.  0.  2.8 1.6]
 [1.  0.4 1.  2.6 1. ]]
 
Mutante 2:
[[5.  6.4 0.  4.2 0. ]
 [1.  2.  1.  1.  2. ]]
 
Mutante 3:
[[5.  0.  6.  4.  4.2]
 [1.  1.  1.  2.  1. ]]
 
Mutante 4:
[[6.4 8.6 6.  2.4 9.4]
 [1.  1.  1.6 0.4 3. ]]
 
Mutante 5:
[[6.6 4.8 5.6 2.6 6.8]
 [1.6 1.  2.  1.  0.4]]
 
Mutante 6:
[[0.  3.6 0.  8.6 0. ]
 [1.  1.  1.  1.6 2. ]]
 
Mutante 7:
[[3.8 0.  4.8 4.  2.4]
 [1.6 0.4 1.  2.  1. ]]
 
Mutante 8:
[[1.4 2.4 5.2 5.8 7.6]
 [1.6 2.  1.  1.6 1. ]]
 
Mutante 9:
[[3.8 2.2 6.4 9.  4.6]
 [1.  1.6 1.  2.  0.4]]
 
Mutante 10:
[[3.2 1.2 9.  5.2 5.6]
 [1.6 2.  1.  1.  2. ]]
 
Mutante 11:
[[0.  4.  3.8 7.4 9.8]
 [2.6 1.  1.  2.  1. ]]
 
Mutante 12:
[[6.6 2.8 5.6 4.  3.4]
 [0.4 2.  1.6 1.  0.4]]
 
Mutante 13:
[[9.8 4.6 4.6 9.4 1. ]
 [1.  1.  0.4 1.  2. ]]
 
Mutante 14:
[[4.6 6.8 8.6 6.4 9.2]
 [1.6 2.  1.  1.  3. ]]
 
Mutante 15:
[[5.  9.  3.8 8.  9.2]
 [2.  1.  0.4 1.6 1. ]]
 
Mutante 16:
[[9.  8.6 8.2 3.  0. ]
 [2.  1.  1.  1.  1. ]]
 
Mutante 17:
[[1.6 7.8 0.  4.4 0. ]
 [1.6 1.  1.  1.6 0.8]]
 
Mutante 18:
[[9.  7.2 5.6 9.  9. ]
 [2.6 2.6 1.  1.  0.4]]
 
Mutante 19:
[[6.8 8.6 0.  2.2 0. ]
 [1.6 1.  0.4 1.6 1. ]]
 
Mutante 20:
[[8.6 7.4 1.  5.6 0. ]
 [2.  1.  1.  2.  0.4]]
 
Mutante 21:
[[5.4 3.6 0.2 5.4 0. ]
 [1.  1.  1.  1.  0.4]]
 
Mutante 22:
[[9.  7.4 8.4 2.4 4.6]
 [1.  1.  1.  1.  3. ]]
 
Mutante 23:
[[0.  7.6 2.6 7.4 7.4]
 [2.  1.6 0.4 2.  1. ]]
 
Mutante 24:
[[5.2 7.4 9.8 4.8 0.4]
 [1.  1.  1.  1.  1. ]]
 
Mutante 25:
[[2.6 9.  9.  2.4 8.2]
 [1.6 1.6 0.4 1.  3. ]]
 
Mutante 26:
[[2.6 8.6 1.  1.6 0. ]
 [1.  1.  1.  1.  0.4]]
 
Mutante 27:
[[4.  4.8 1.  0.  8.2]
 [1.  1.  2.  0.4 1. ]]
 
Mutante 28:
[[0.  0.8 6.  9.2 6. ]
 [1.  1.6 2.  0.4 1.6]]
 
Mutante 29:
[[2.  3.  5.4 2.2 4.2]
 [1.  1.  1.6 2.  1. ]]
 
Mutante 30:
[[1.4 4.6 0.  3.2 1.8]
 [1.  2.  1.  1.6 1. ]]
 
Mutante 31:
[[9.  9.8 8.2 4.4 2.6]
 [2.  1.  1.  2.  1. ]]
 
Mutante 32:
[[8.6 4.  6.4 9.  1.6]
 [1.6 1.  0.4 1.  2. ]]
 
Mutante 33:
[[4.6 5.8 7.4 4.8 5.6]
 [2.  0.4 1.  1.  2. ]]
 
Mutante 34:
[[9.6 5.6 7.  2.4 0.6]
 [2.  0.4 1.  1.  1. ]]
 
Mutante 35:
[[7.6 7.  5.6 5.4 6.8]
 [2.  1.  1.  1.  1.4]]
 
Mutante 36:
[[9.  5.  9.  7.8 3.4]
 [1.  1.  1.  1.  1.8]]
 
Mutante 37:
[[8.  5.4 5.4 2.  5.2]
 [2.6 1.  0.4 1.  1. ]]
 
Mutante 38:
[[3.4 7.  8.  7.2 6.8]
 [2.  1.  1.  1.  0.8]]
 
Mutante 39:
[[3.2 4.4 5.4 3.4 3.8]
 [1.4 1.6 1.  0.4 1. ]]
 
Mutante 40:
[[0.  5.2 3.8 8.6 8.6]
 [2.  0.4 1.6 2.  1. ]]
 
Mutante 41:
[[6.4 9.  3.2 8.4 7.6]
 [2.  2.  0.4 1.  1. ]]
 
Mutante 42:
[[9.6 5.  3.2 8.  9. ]
 [2.  1.6 0.4 1.  1. ]]
 
Mutante 43:
[[8.8 9.  0.  2.2 0.6]
 [1.6 1.  2.  1.  1. ]]
 
Mutante 44:
[[7.6 9.8 7.4 3.  0. ]
 [0.4 1.  1.6 1.  1. ]]
 
Mutante 45:
[[9.6 1.2 8.6 4.8 4.6]
 [0.4 1.6 1.  1.  2.2]]
 
Mutante 46:
[[9.  3.4 9.8 5.4 7.4]
 [1.4 1.6 1.  0.4 2. ]]
 
Mutante 47:
[[2.6 1.8 4.2 7.6 5.4]
 [1.  1.  1.  2.  1. ]]
 
Mutante 48:
[[8.4 6.2 6.2 5.6 7.2]
 [2.6 1.  1.  1.6 1. ]]
 
Mutante 49:
[[0.  0.  5.4 5.6 6.6]
 [0.4 1.  2.6 1.  1. ]]
 
Mutante 50:
[[4.4 3.6 0.  3.4 7.4]
 [1.  1.  1.6 0.4 2. ]]
 
-----------------------------------------
Número de avaliações até o momento: 100
Evoluido 1:
[[7 6 0 2 7]
 [1 2 1 2 1]]
 
Evoluido 2:
[[1 6 0 8 0]
 [2 2 1 1 1]]
 
Evoluido 3:
[[5 0 4 4 2]
 [1 1 1 2 1]]
 
Evoluido 4:
[[6 8 6 7 4]
 [2 1 1 2 1]]
 
Evoluido 5:
[[2 1 0 5 6]
 [1 2 2 1 0]]
 
Evoluido 6:
[[6 0 0 8 5]
 [1 1 2 1 2]]
 
Evoluido 7:
[[3 0 4 4 2]
 [2 0 1 1 1]]
 
Evoluido 8:
[[1 2 5 5 7]
 [2 1 1 1 1]]
 
Evoluido 9:
[[3 2 6 9 1]
 [1 1 1 2 2]]
 
Evoluido 10:
[[3 6 9 1 7]
 [1 1 1 1 2]]
 
Evoluido 11:
[[0 4 3 7 9]
 [2 1 1 1 1]]
 
Evoluido 12:
[[6 0 4 4 3]
 [0 2 1 1 1]]
 
Evoluido 13:
[[5 4 1 9 1]
 [1 1 0 2 2]]
 
Evoluido 14:
[[4 3 7 1 9]
 [1 2 1 1 3]]
 
Evoluido 15:
[[5 9 3 8 9]
 [2 1 1 1 1]]
 
Evoluido 16:
[[5 2 8 4 0]
 [2 1 1 1 1]]
 
Evoluido 17:
[[0 2 6 4 0]
 [1 1 1 1 1]]
 
Evoluido 18:
[[1 6 5 7 9]
 [1 1 1 1 0]]
 
Evoluido 19:
[[6 8 5 2 0]
 [1 1 0 1 1]]
 
Evoluido 20:
[[8 8 1 5 0]
 [2 2 1 2 1]]
 
Evoluido 21:
[[9 4 0 3 0]
 [1 1 1 1 1]]
 
Evoluido 22:
[[9 7 8 8 9]
 [1 1 1 1 1]]
 
Evoluido 23:
[[0 7 2 7 5]
 [2 2 0 1 1]]
 
Evoluido 24:
[[5 7 9 4 0]
 [1 1 1 1 1]]
 
Evoluido 25:
[[5 4 4 2 1]
 [1 1 0 1 1]]
 
Evoluido 26:
[[2 8 8 1 8]
 [1 1 1 1 2]]
 
Evoluido 27:
[[7 4 8 7 5]
 [1 1 2 1 1]]
 
Evoluido 28:
[[6 1 6 7 6]
 [1 2 2 0 1]]
 
Evoluido 29:
[[7 3 0 2 8]
 [1 1 1 1 1]]
 
Evoluido 30:
[[6 4 5 6 6]
 [2 2 1 1 1]]
 
Evoluido 31:
[[5 9 8 4 2]
 [2 1 1 2 1]]
 
Evoluido 32:
[[8 4 5 5 1]
 [1 1 1 2 1]]
 
Evoluido 33:
[[9 8 7 6 5]
 [2 0 1 1 2]]
 
Evoluido 34:
[[5 6 5 2 8]
 [2 0 1 1 1]]
 
Evoluido 35:
[[7 9 5 5 4]
 [2 1 1 1 1]]
 
Evoluido 36:
[[6 8 2 7 3]
 [2 1 1 1 1]]
 
Evoluido 37:
[[8 5 5 4 0]
 [2 1 1 1 1]]
 
Evoluido 38:
[[3 7 8 0 6]
 [2 1 1 1 0]]
 
Evoluido 39:
[[3 5 1 3 0]
 [1 1 1 1 1]]
 
Evoluido 40:
[[0 5 1 5 8]
 [1 0 1 1 2]]
 
Evoluido 41:
[[6 0 3 8 7]
 [2 1 1 1 1]]
 
Evoluido 42:
[[4 5 3 5 5]
 [2 1 0 1 1]]
 
Evoluido 43:
[[8 9 0 7 1]
 [1 1 2 1 1]]
 
Evoluido 44:
[[9 9 7 9 0]
 [0 1 1 1 1]]
 
Evoluido 45:
[[1 5 9 4 4]
 [0 1 1 1 2]]
 
Evoluido 46:
[[9 3 6 2 4]
 [2 1 1 0 2]]
 
Evoluido 47:
[[7 1 8 7 5]
 [1 1 1 1 1]]
 
Evoluido 48:
[[8 6 6 6 7]
 [2 1 1 1 1]]
 
Evoluido 49:
[[7 0 1 5 6]
 [0 1 2 1 0]]
 
Evoluido 50:
[[9 3 0 3 4]
 [1 1 1 1 1]]
 
-----------------------------------------
Individuo 1:
{
  "solucao": [7 6 5 9 7]
                [2 2 1 1 1],
  "funcao_objetivo": 0.98807886458809795502505637622984962228162798428433,
  "confiabilidade_total": 0.98807886458809795502505637622984962228162798428433
  "peso": 115.63000000000001,
  "custo": 97.36000000000001
}
 
Individuo 2:
{
  "solucao": [1 7 5 8 8]
                [2 1 1 2 1],
  "funcao_objetivo": 0.98673624699121823528378649487050553071472297293414,
  "confiabilidade_total": 0.98673624699121823528378649487050553071472297293414
  "peso": 108.82,
  "custo": 94.7
}
 
Individuo 3:
{
  "solucao": [8 8 4 5 2]
                [2 1 1 2 1],
  "funcao_objetivo": 0.98617816342979705247936849806866612493030496696459,
  "confiabilidade_total": 0.98617816342979705247936849806866612493030496696459
  "peso": 119.68000000000002,
  "custo": 84.19999999999999
}
 
Individuo 4:
{
  "solucao": [5 4 8 7 4]
                [2 1 1 2 1],
  "funcao_objetivo": 0.98592491050677736159998243656729789785315033330478,
  "confiabilidade_total": 0.98592491050677736159998243656729789785315033330478
  "peso": 119.84,
  "custo": 91.72999999999999
}
 
Individuo 5:
{
  "solucao": [2 1 0 5 6]
                [1 2 1 1 1],
  "funcao_objetivo": 0.97860093061325660950992638919213856799116718810051,
  "confiabilidade_total": 0.97860093061325660950992638919213856799116718810051
  "peso": 113.95,
  "custo": 77.78
}
 
Individuo 6:
{
  "solucao": [6 0 1 5 5]
                [1 1 2 1 1],
  "funcao_objetivo": 0.97413024670356547200518605118492592024880838977465,
  "confiabilidade_total": 0.97413024670356547200518605118492592024880838977465
  "peso": 105.95000000000002,
  "custo": 78.6
}
 
Individuo 7:
{
  "solucao": [6 1 8 9 7]
                [2 1 2 1 1],
  "funcao_objetivo": 0.97369631432969970403463282683576535320218559342184,
  "confiabilidade_total": 0.97369631432969970403463282683576535320218559342184
  "peso": 119.86,
  "custo": 98.82
}
 
Individuo 8:
{
  "solucao": [8 2 8 8 2]
                [2 1 2 1 1],
  "funcao_objetivo": 0.97354644136031051890875974482525085964854442472423,
  "confiabilidade_total": 0.97354644136031051890875974482525085964854442472423
  "peso": 118.36,
  "custo": 85.72999999999999
}
 
Individuo 9:
{
  "solucao": [5 7 1 6 1]
                [1 2 1 1 2],
  "funcao_objetivo": 0.97282366187037161684857786717548195458596515824287,
  "confiabilidade_total": 0.97282366187037161684857786717548195458596515824287
  "peso": 117.35000000000001,
  "custo": 96.61
}
 
Individuo 10:
{
  "solucao": [4 6 1 1 7]
                [1 1 2 1 1],
  "funcao_objetivo": 0.97248102864723279337048581428521034053629197492014,
  "confiabilidade_total": 0.97248102864723279337048581428521034053629197492014
  "peso": 112.22,
  "custo": 85.5
}
 
Individuo 11:
{
  "solucao": [8 8 2 9 6]
                [2 2 1 1 1],
  "funcao_objetivo": 0.98830984494068990125446256936094570405561492745894,
  "confiabilidade_total": 0.98830984494068990125446256936094570405561492745894
  "peso": 119.47999999999999,
  "custo": 93.05000000000001
}
 
Individuo 12:
{
  "solucao": [8 0 4 6 7]
                [1 1 2 1 1],
  "funcao_objetivo": 0.97219180495353702475830896226610752376176754933951,
  "confiabilidade_total": 0.97219180495353702475830896226610752376176754933951
  "peso": 116.52,
  "custo": 84.75
}
 
Individuo 13:
{
  "solucao": [5 9 1 4 1]
                [1 1 1 2 1],
  "funcao_objetivo": 0.97076464828026515072323870272753191787407251847681,
  "confiabilidade_total": 0.97076464828026515072323870272753191787407251847681
  "peso": 116.84,
  "custo": 85.68
}
 
Individuo 14:
{
  "solucao": [2 3 7 1 7]
                [1 2 1 1 1],
  "funcao_objetivo": 0.97050772022867490374082863680654510192121243665658,
  "confiabilidade_total": 0.97050772022867490374082863680654510192121243665658
  "peso": 113.43,
  "custo": 77.88000000000001
}
 
Individuo 15:
{
  "solucao": [6 4 7 2 1]
                [2 1 1 1 1],
  "funcao_objetivo": 0.97025827664366237448648842082501129610891400798908,
  "confiabilidade_total": 0.97025827664366237448648842082501129610891400798908
  "peso": 118.77000000000001,
  "custo": 77.86000000000001
}
 
Individuo 16:
{
  "solucao": [5 2 8 4 0]
                [2 1 1 1 1],
  "funcao_objetivo": 0.97084122763821305347342514062019554207227271162707,
  "confiabilidade_total": 0.97084122763821305347342514062019554207227271162707
  "peso": 110.78999999999999,
  "custo": 73.61
}
 
Individuo 17:
{
  "solucao": [0 2 6 8 6]
                [1 1 2 1 1],
  "funcao_objetivo": 0.96927907551792752000004602860051053454712720102617,
  "confiabilidade_total": 0.96927907551792752000004602860051053454712720102617
  "peso": 117.63999999999999,
  "custo": 76.06
}
 
Individuo 18:
{
  "solucao": [1 6 5 7 3]
                [1 1 1 2 1],
  "funcao_objetivo": 0.96910288762295420716921074489658009022971629982268,
  "confiabilidade_total": 0.96910288762295420716921074489658009022971629982268
  "peso": 103.30000000000001,
  "custo": 79.09
}
 
Individuo 19:
{
  "solucao": [6 6 5 2 2]
                [1 1 2 1 1],
  "funcao_objetivo": 0.96881841519887385258124970215906144235376426050232,
  "confiabilidade_total": 0.96881841519887385258124970215906144235376426050232
  "peso": 114.96000000000001,
  "custo": 64.34
}
 
Individuo 20:
{
  "solucao": [5 8 6 9 7]
                [1 2 1 2 1],
  "funcao_objetivo": 0.96835254516484906705912062378241074942886320832162,
  "confiabilidade_total": 0.96835254516484906705912062378241074942886320832162
  "peso": 114.88,
  "custo": 99.8
}
 
Individuo 21:
{
  "solucao": [9 4 2 3 7]
                [2 1 1 1 1],
  "funcao_objetivo": 0.96736150430390846927642669818601059383779130784167,
  "confiabilidade_total": 0.96736150430390846927642669818601059383779130784167
  "peso": 119.6,
  "custo": 85.93
}
 
Individuo 22:
{
  "solucao": [9 2 5 8 9]
                [2 1 1 1 1],
  "funcao_objetivo": 0.96545490382565230101088055429468578741086374294669,
  "confiabilidade_total": 0.96545490382565230101088055429468578741086374294669
  "peso": 107.27,
  "custo": 86.52000000000001
}
 
Individuo 23:
{
  "solucao": [0 7 2 7 5]
                [2 2 0 1 1],
  "funcao_objetivo": 0.97887265064636830330586979701163776188165775386075,
  "confiabilidade_total": 0.97887265064636830330586979701163776188165775386075
  "peso": 97.72000000000001,
  "custo": 87.05
}
 
Individuo 24:
{
  "solucao": [5 0 6 7 3]
                [1 1 1 2 1],
  "funcao_objetivo": 0.96499276310363736312014037836119974669960724864603,
  "confiabilidade_total": 0.96499276310363736312014037836119974669960724864603
  "peso": 105.47,
  "custo": 80.45
}
 
Individuo 25:
{
  "solucao": [5 4 4 9 1]
                [1 1 1 2 1],
  "funcao_objetivo": 0.96464438919183107390081208430852897861659014185539,
  "confiabilidade_total": 0.96464438919183107390081208430852897861659014185539
  "peso": 117.15,
  "custo": 88.72
}
 
Individuo 26:
{
  "solucao": [7 7 8 6 8]
                [2 1 1 1 2],
  "funcao_objetivo": 0.96464074177970302081530854604698133647641774922184,
  "confiabilidade_total": 0.96464074177970302081530854604698133647641774922184
  "peso": 106.21,
  "custo": 96.94
}
 
Individuo 27:
{
  "solucao": [7 5 8 7 5]
                [1 2 1 1 3],
  "funcao_objetivo": 0.96436736405883385670312985227636476917034536315888,
  "confiabilidade_total": 0.96436736405883385670312985227636476917034536315888
  "peso": 116.53,
  "custo": 94.58000000000001
}
 
Individuo 28:
{
  "solucao": [6 1 8 7 7]
                [1 2 1 1 1],
  "funcao_objetivo": 0.96252323110068981119712770484383266492844424607450,
  "confiabilidade_total": 0.96252323110068981119712770484383266492844424607450
  "peso": 99.10000000000001,
  "custo": 84.9
}
 
Individuo 29:
{
  "solucao": [7 3 0 8 8]
                [2 1 1 1 1],
  "funcao_objetivo": 0.96644140881614240114559723360800224144599323378858,
  "confiabilidade_total": 0.96644140881614240114559723360800224144599323378858
  "peso": 99.88,
  "custo": 84.46999999999998
}
 
Individuo 30:
{
  "solucao": [6 3 5 6 6]
                [2 1 1 1 1],
  "funcao_objetivo": 0.96488022385686450453470732827120687090567605771396,
  "confiabilidade_total": 0.96488022385686450453470732827120687090567605771396
  "peso": 116.96,
  "custo": 71.77
}
 
Individuo 31:
{
  "solucao": [5 5 6 7 2]
                [2 1 1 1 1],
  "funcao_objetivo": 0.96222967418020250066212344917805973707196156267365,
  "confiabilidade_total": 0.96222967418020250066212344917805973707196156267365
  "peso": 101.09,
  "custo": 67.63
}
 
Individuo 32:
{
  "solucao": [6 4 5 5 8]
                [1 1 1 2 1],
  "funcao_objetivo": 0.96211857228200134675389349762768195260009635568065,
  "confiabilidade_total": 0.96211857228200134675389349762768195260009635568065
  "peso": 102.54,
  "custo": 70.69
}
 
Individuo 33:
{
  "solucao": [9 8 7 6 0]
                [2 1 1 1 1],
  "funcao_objetivo": 0.96066028128850354529156334469248023314245565743716,
  "confiabilidade_total": 0.96066028128850354529156334469248023314245565743716
  "peso": 105.83999999999999,
  "custo": 92.25
}
 
Individuo 34:
{
  "solucao": [5 6 5 8 8]
                [2 1 1 1 1],
  "funcao_objetivo": 0.96016383135733071047756414440675609515509296528618,
  "confiabilidade_total": 0.96016383135733071047756414440675609515509296528618
  "peso": 93.37,
  "custo": 70.0
}
 
Individuo 35:
{
  "solucao": [8 9 6 8 4]
                [2 1 1 2 1],
  "funcao_objetivo": 0.97967856089065000678019385840485984928155424766709,
  "confiabilidade_total": 0.98384522755731667338903640920563294613449009828736
  "peso": 120.5,
  "custo": 97.6
}
 
Individuo 36:
{
  "solucao": [6 8 2 7 3]
                [2 1 1 1 1],
  "funcao_objetivo": 0.96194253173673712152366744101723910306049541962711,
  "confiabilidade_total": 0.96194253173673712152366744101723910306049541962711
  "peso": 113.65,
  "custo": 74.4
}
 
Individuo 37:
{
  "solucao": [8 5 5 4 0]
                [2 1 1 1 1],
  "funcao_objetivo": 0.96495841515046458830076131882910168055868869201847,
  "confiabilidade_total": 0.96495841515046458830076131882910168055868869201847
  "peso": 102.64,
  "custo": 77.47
}
 
Individuo 38:
{
  "solucao": [2 8 8 0 7]
                [1 1 1 1 3],
  "funcao_objetivo": 0.95649172717403834880563614422654785761977305573880,
  "confiabilidade_total": 0.95649172717403834880563614422654785761977305573880
  "peso": 114.61,
  "custo": 96.82
}
 
Individuo 39:
{
  "solucao": [2 5 1 4 0]
                [1 1 1 1 1],
  "funcao_objetivo": 0.95267312249316361375250477719457226963209426459150,
  "confiabilidade_total": 0.95267312249316361375250477719457226963209426459150
  "peso": 99.58,
  "custo": 64.69999999999999
}
 
Individuo 40:
{
  "solucao": [1 6 1 5 0]
                [1 1 1 1 2],
  "funcao_objetivo": 0.95472765622457057582602551521612135950280145183846,
  "confiabilidade_total": 0.95472765622457057582602551521612135950280145183846
  "peso": 111.49000000000001,
  "custo": 84.4
}
 
Individuo 41:
{
  "solucao": [6 0 3 8 7]
                [2 1 1 1 1],
  "funcao_objetivo": 0.97321039008253014478502493277923165067503253575471,
  "confiabilidade_total": 0.97321039008253014478502493277923165067503253575471
  "peso": 111.19000000000001,
  "custo": 81.02
}
 
Individuo 42:
{
  "solucao": [4 8 0 5 5]
                [1 1 1 1 1],
  "funcao_objetivo": 0.94734300440534052981591037240261518652468789189122,
  "confiabilidade_total": 0.94734300440534052981591037240261518652468789189122
  "peso": 88.06,
  "custo": 64.12
}
 
Individuo 43:
{
  "solucao": [8 9 0 7 1]
                [1 1 2 1 1],
  "funcao_objetivo": 0.96221146609544486281377266410341472867988624621137,
  "confiabilidade_total": 0.96221146609544486281377266410341472867988624621137
  "peso": 105.78,
  "custo": 92.95
}
 
Individuo 44:
{
  "solucao": [9 1 2 9 5]
                [1 1 1 1 1],
  "funcao_objetivo": 0.94433302206484110005792715198071771314667646493958,
  "confiabilidade_total": 0.94433302206484110005792715198071771314667646493958
  "peso": 92.38000000000001,
  "custo": 70.13
}
 
Individuo 45:
{
  "solucao": [1 5 9 8 5]
                [1 1 1 1 1],
  "funcao_objetivo": 0.93986160218086048165912748874218894742961967100944,
  "confiabilidade_total": 0.93986160218086048165912748874218894742961967100944
  "peso": 80.55,
  "custo": 66.51
}
 
Individuo 46:
{
  "solucao": [5 3 6 2 4]
                [2 1 1 1 1],
  "funcao_objetivo": 0.97026940970524980468654278498866596180324013889985,
  "confiabilidade_total": 0.97026940970524980468654278498866596180324013889985
  "peso": 118.11,
  "custo": 68.5
}
 
Individuo 47:
{
  "solucao": [7 1 8 7 5]
                [1 1 1 1 1],
  "funcao_objetivo": 0.94168318622403674257616775677763335998342963265949,
  "confiabilidade_total": 0.94168318622403674257616775677763335998342963265949
  "peso": 75.71,
  "custo": 68.09
}
 
Individuo 48:
{
  "solucao": [8 6 6 6 7]
                [2 1 1 1 1],
  "funcao_objetivo": 0.96110665429965005743706086608489895335175763301154,
  "confiabilidade_total": 0.96110665429965005743706086608489895335175763301154
  "peso": 103.37,
  "custo": 78.64999999999999
}
 
Individuo 49:
{
  "solucao": [7 6 1 1 0]
                [1 1 2 1 0],
  "funcao_objetivo": 0.95542543449242263798189137120107061274705197654004,
  "confiabilidade_total": 0.95542543449242263798189137120107061274705197654004
  "peso": 88.47,
  "custo": 71.46000000000001
}
 
Individuo 50:
{
  "solucao": [9 3 0 3 4]
                [1 1 1 1 1],
  "funcao_objetivo": 0.95113564305659035188096908951010103447959315724137,
  "confiabilidade_total": 0.95113564305659035188096908951010103447959315724137
  "peso": 106.72999999999999,
  "custo": 71.9
}
 
-----------------------------------------
GERACAO 3
Mutante 1:
[[5.  5.4 2.2 1.  0. ]
 [1.6 0.4 1.  1.4 1. ]]
 
Mutante 2:
[[3.4 1.8 0.  2.2 6.4]
 [1.  1.  2.  1.  0.4]]
 
Mutante 3:
[[8.6 0.  5.  6.8 3.8]
 [1.4 1.  2.6 1.  1. ]]
 
Mutante 4:
[[8.4 3.6 0.  3.  7.6]
 [1.  1.  0.4 1.  1. ]]
 
Mutante 5:
[[9.  1.8 2.4 2.4 6.4]
 [1.  1.  1.  1.  1. ]]
 
Mutante 6:
[[9.  6.4 9.8 6.2 7.4]
 [1.  1.  1.  2.  2.2]]
 
Mutante 7:
[[9.4 5.4 5.6 9.  6.4]
 [2.  1.4 1.6 1.  1. ]]
 
Mutante 8:
[[6.6 5.8 4.6 0.2 0. ]
 [2.  1.  0.4 1.  1. ]]
 
Mutante 9:
[[7.  9.  8.  5.4 5. ]
 [2.6 1.  0.4 1.6 2. ]]
 
Mutante 10:
[[4.6 5.  9.8 4.6 0. ]
 [1.  2.  1.  1.  3. ]]
 
Mutante 11:
[[0.8 2.2 3.6 4.4 2.4]
 [1.  2.  1.  1.  1. ]]
 
Mutante 12:
[[6.6 0.  2.4 4.4 5.2]
 [1.4 1.  1.6 1.  0.4]]
 
Mutante 13:
[[0.  6.  5.  5.8 1.2]
 [1.  0.4 1.  2.  1. ]]
 
Mutante 14:
[[4.  6.6 0.4 1.6 9. ]
 [1.  1.  2.  1.  1. ]]
 
Mutante 15:
[[4.6 7.8 0.4 4.6 7.6]
 [1.  1.  2.  1.  1.6]]
 
Mutante 16:
[[7.8 9.  2.6 6.2 3.2]
 [1.  1.6 2.  1.  1. ]]
 
Mutante 17:
[[6.8 9.2 1.4 5.4 5.4]
 [2.  2.  0.4 1.  1. ]]
 
Mutante 18:
[[3.2 8.6 8.2 8.  0.8]
 [1.4 1.  1.  2.  1. ]]
 
Mutante 19:
[[0.  5.2 5.6 7.  5. ]
 [2.  2.6 1.  1.  1. ]]
 
Mutante 20:
[[6.  2.2 9.  1.4 4.6]
 [2.6 1.  0.4 1.  1. ]]
 
Mutante 21:
[[9.2 1.6 8.6 9.  7. ]
 [2.  1.  1.  2.  1. ]]
 
Mutante 22:
[[0.  4.4 9.  9.2 8.6]
 [1.  1.6 0.4 1.6 1. ]]
 
Mutante 23:
[[7.8 8.2 0.  0.6 5.8]
 [1.4 1.  0.4 1.  1. ]]
 
Mutante 24:
[[5.2 4.2 6.8 9.  7. ]
 [2.  2.  1.  1.  1. ]]
 
Mutante 25:
[[6.6 0.4 8.6 9.6 4.6]
 [2.  1.6 2.  1.  1.6]]
 
Mutante 26:
[[9.2 9.  4.2 3.2 3.4]
 [2.  1.  1.6 1.4 0.4]]
 
Mutante 27:
[[6.2 9.6 1.  3.4 0. ]
 [1.6 1.  1.  1.4 1. ]]
 
Mutante 28:
[[9.4 2.2 9.  9.4 9.2]
 [1.  1.6 1.  1.6 0.4]]
 
Mutante 29:
[[6.8 0.2 3.2 4.  1.8]
 [1.4 1.  1.6 0.4 1. ]]
 
Mutante 30:
[[7.2 0.  3.6 8.  7. ]
 [2.  1.  1.6 1.  1. ]]
 
Mutante 31:
[[6.4 4.2 5.  4.6 4.2]
 [1.  0.4 1.6 2.  1. ]]
 
Mutante 32:
[[9.4 3.  2.8 0.  0. ]
 [1.  1.  2.  0.4 1. ]]
 
Mutante 33:
[[9.  2.4 8.6 2.  2. ]
 [0.4 0.4 2.6 1.  1. ]]
 
Mutante 34:
[[0.  4.2 8.  4.  3.6]
 [1.  1.  1.  2.  1. ]]
 
Mutante 35:
[[6.  5.4 8.  7.8 1.8]
 [2.  1.  1.  1.  1. ]]
 
Mutante 36:
[[9.  2.6 5.6 9.8 9. ]
 [2.6 1.  1.  1.  0.4]]
 
Mutante 37:
[[0.  7.  1.4 8.8 5. ]
 [2.  2.6 1.  1.  1. ]]
 
Mutante 38:
[[6.2 0.  7.  7.8 8.2]
 [1.6 1.  2.  1.  1. ]]
 
Mutante 39:
[[3.2 0.  6.6 9.  3. ]
 [1.  1.  1.  2.  1. ]]
 
Mutante 40:
[[7.4 4.4 6.2 2.2 1.2]
 [2.  1.  1.6 1.  1. ]]
 
Mutante 41:
[[6.8 1.2 4.2 6.  8.8]
 [1.4 1.  1.6 0.4 1. ]]
 
Mutante 42:
[[9.6 3.8 6.2 9.2 9. ]
 [2.  1.  1.  1.  1. ]]
 
Mutante 43:
[[3.6 4.6 8.6 9.6 5.2]
 [2.  1.  2.  1.6 1. ]]
 
Mutante 44:
[[0.8 5.6 4.8 7.6 2.6]
 [2.  1.  1.6 1.  1. ]]
 
Mutante 45:
[[9.  5.4 7.4 8.4 7. ]
 [2.6 2.  1.  1.  0.4]]
 
Mutante 46:
[[5.6 6.8 9.  5.  3.2]
 [2.  1.  1.4 1.  2.2]]
 
Mutante 47:
[[1.4 4.4 9.  4.  0. ]
 [2.  1.  1.  1.6 1. ]]
 
Mutante 48:
[[9.2 9.  4.6 6.8 0. ]
 [2.6 1.  1.  2.  1. ]]
 
Mutante 49:
[[5.8 7.  6.2 8.  5.6]
 [2.6 1.  1.  2.  1. ]]
 
Mutante 50:
[[1.8 0.  8.6 8.4 6.4]
 [1.4 0.4 2.6 1.  1. ]]
 
-----------------------------------------
Número de avaliações até o momento: 150
Evoluido 1:
[[5 6 2 9 7]
 [1 0 1 1 1]]
 
Evoluido 2:
[[3 7 0 8 8]
 [2 1 2 1 0]]
 
Evoluido 3:
[[8 8 4 6 2]
 [1 1 2 2 1]]
 
Evoluido 4:
[[5 3 0 3 7]
 [2 1 1 2 1]]
 
Evoluido 5:
[[2 1 2 2 6]
 [1 2 1 1 1]]
 
Evoluido 6:
[[9 0 1 6 7]
 [1 1 1 2 2]]
 
Evoluido 7:
[[6 5 5 9 7]
 [2 1 2 1 1]]
 
Evoluido 8:
[[8 2 4 0 2]
 [2 1 0 1 1]]
 
Evoluido 9:
[[5 9 8 5 1]
 [1 1 0 1 2]]
 
Evoluido 10:
[[4 6 9 4 7]
 [1 1 1 1 3]]
 
Evoluido 11:
[[0 2 2 4 2]
 [2 2 1 1 1]]
 
Evoluido 12:
[[6 0 2 6 5]
 [1 1 2 1 0]]
 
Evoluido 13:
[[5 6 5 5 1]
 [1 0 1 2 1]]
 
Evoluido 14:
[[4 6 7 1 9]
 [1 2 1 1 1]]
 
Evoluido 15:
[[4 4 0 4 7]
 [1 1 2 1 1]]
 
Evoluido 16:
[[5 9 2 6 0]
 [2 1 2 1 1]]
 
Evoluido 17:
[[6 9 6 5 5]
 [2 2 0 1 1]]
 
Evoluido 18:
[[1 8 8 8 0]
 [1 1 1 2 1]]
 
Evoluido 19:
[[0 6 5 2 5]
 [2 2 1 1 1]]
 
Evoluido 20:
[[6 8 6 9 4]
 [2 1 1 1 1]]
 
Evoluido 21:
[[9 4 2 9 7]
 [2 1 1 2 1]]
 
Evoluido 22:
[[9 4 5 9 8]
 [2 1 0 1 1]]
 
Evoluido 23:
[[0 7 2 0 5]
 [1 2 0 1 1]]
 
Evoluido 24:
[[5 4 6 7 7]
 [2 2 1 1 1]]
 
Evoluido 25:
[[6 4 4 9 4]
 [2 1 2 2 1]]
 
Evoluido 26:
[[9 9 4 3 8]
 [2 1 1 1 2]]
 
Evoluido 27:
[[6 9 1 7 0]
 [1 1 1 1 1]]
 
Evoluido 28:
[[6 2 8 9 7]
 [1 1 1 1 0]]
 
Evoluido 29:
[[6 0 3 8 1]
 [2 1 1 1 1]]
 
Evoluido 30:
[[7 0 3 8 7]
 [2 1 1 1 1]]
 
Evoluido 31:
[[5 4 5 7 2]
 [1 0 1 2 1]]
 
Evoluido 32:
[[6 4 5 0 0]
 [1 1 2 0 1]]
 
Evoluido 33:
[[9 8 8 6 0]
 [0 0 1 1 1]]
 
Evoluido 34:
[[5 4 8 4 3]
 [2 1 1 2 1]]
 
Evoluido 35:
[[6 9 6 7 1]
 [2 1 1 1 1]]
 
Evoluido 36:
[[6 8 2 9 9]
 [2 1 1 1 0]]
 
Evoluido 37:
[[0 7 5 8 5]
 [2 1 1 1 1]]
 
Evoluido 38:
[[6 0 8 7 7]
 [1 1 2 1 3]]
 
Evoluido 39:
[[3 0 1 9 3]
 [1 1 1 2 1]]
 
Evoluido 40:
[[7 4 1 5 1]
 [2 1 1 1 2]]
 
Evoluido 41:
[[6 0 4 6 7]
 [1 1 1 0 1]]
 
Evoluido 42:
[[4 8 6 9 5]
 [2 1 1 1 1]]
 
Evoluido 43:
[[8 9 8 7 5]
 [1 1 2 1 1]]
 
Evoluido 44:
[[0 1 2 7 2]
 [2 1 1 1 1]]
 
Evoluido 45:
[[1 5 7 8 7]
 [2 2 1 1 0]]
 
Evoluido 46:
[[5 3 9 5 4]
 [2 1 1 1 2]]
 
Evoluido 47:
[[1 4 8 7 0]
 [1 1 1 1 1]]
 
Evoluido 48:
[[8 9 6 6 0]
 [2 1 1 2 1]]
 
Evoluido 49:
[[7 6 1 8 5]
 [1 1 1 1 1]]
 
Evoluido 50:
[[9 0 8 3 4]
 [1 0 2 1 1]]
 
-----------------------------------------
Individuo 1:
{
  "solucao": [7 6 5 9 7]
                [2 2 1 1 1],
  "funcao_objetivo": 0.98807886458809795502505637622984962228162798428433,
  "confiabilidade_total": 0.98807886458809795502505637622984962228162798428433
  "peso": 115.63000000000001,
  "custo": 97.36000000000001
}
 
Individuo 2:
{
  "solucao": [1 7 5 8 8]
                [2 1 1 2 1],
  "funcao_objetivo": 0.98673624699121823528378649487050553071472297293414,
  "confiabilidade_total": 0.98673624699121823528378649487050553071472297293414
  "peso": 108.82,
  "custo": 94.7
}
 
Individuo 3:
{
  "solucao": [8 8 4 5 2]
                [2 1 1 2 1],
  "funcao_objetivo": 0.98617816342979705247936849806866612493030496696459,
  "confiabilidade_total": 0.98617816342979705247936849806866612493030496696459
  "peso": 119.68000000000002,
  "custo": 84.19999999999999
}
 
Individuo 4:
{
  "solucao": [5 4 8 7 4]
                [2 1 1 2 1],
  "funcao_objetivo": 0.98592491050677736159998243656729789785315033330478,
  "confiabilidade_total": 0.98592491050677736159998243656729789785315033330478
  "peso": 119.84,
  "custo": 91.72999999999999
}
 
Individuo 5:
{
  "solucao": [2 1 0 5 6]
                [1 2 1 1 1],
  "funcao_objetivo": 0.97860093061325660950992638919213856799116718810051,
  "confiabilidade_total": 0.97860093061325660950992638919213856799116718810051
  "peso": 113.95,
  "custo": 77.78
}
 
Individuo 6:
{
  "solucao": [6 0 1 5 5]
                [1 1 2 1 1],
  "funcao_objetivo": 0.97413024670356547200518605118492592024880838977465,
  "confiabilidade_total": 0.97413024670356547200518605118492592024880838977465
  "peso": 105.95000000000002,
  "custo": 78.6
}
 
Individuo 7:
{
  "solucao": [6 1 8 9 7]
                [2 1 2 1 1],
  "funcao_objetivo": 0.97369631432969970403463282683576535320218559342184,
  "confiabilidade_total": 0.97369631432969970403463282683576535320218559342184
  "peso": 119.86,
  "custo": 98.82
}
 
Individuo 8:
{
  "solucao": [8 2 8 8 2]
                [2 1 2 1 1],
  "funcao_objetivo": 0.97354644136031051890875974482525085964854442472423,
  "confiabilidade_total": 0.97354644136031051890875974482525085964854442472423
  "peso": 118.36,
  "custo": 85.72999999999999
}
 
Individuo 9:
{
  "solucao": [5 7 1 6 1]
                [1 2 1 1 2],
  "funcao_objetivo": 0.97282366187037161684857786717548195458596515824287,
  "confiabilidade_total": 0.97282366187037161684857786717548195458596515824287
  "peso": 117.35000000000001,
  "custo": 96.61
}
 
Individuo 10:
{
  "solucao": [4 6 1 1 7]
                [1 1 2 1 1],
  "funcao_objetivo": 0.97248102864723279337048581428521034053629197492014,
  "confiabilidade_total": 0.97248102864723279337048581428521034053629197492014
  "peso": 112.22,
  "custo": 85.5
}
 
Individuo 11:
{
  "solucao": [8 8 2 9 6]
                [2 2 1 1 1],
  "funcao_objetivo": 0.98830984494068990125446256936094570405561492745894,
  "confiabilidade_total": 0.98830984494068990125446256936094570405561492745894
  "peso": 119.47999999999999,
  "custo": 93.05000000000001
}
 
Individuo 12:
{
  "solucao": [8 0 4 6 7]
                [1 1 2 1 1],
  "funcao_objetivo": 0.97219180495353702475830896226610752376176754933951,
  "confiabilidade_total": 0.97219180495353702475830896226610752376176754933951
  "peso": 116.52,
  "custo": 84.75
}
 
Individuo 13:
{
  "solucao": [5 9 1 4 1]
                [1 1 1 2 1],
  "funcao_objetivo": 0.97076464828026515072323870272753191787407251847681,
  "confiabilidade_total": 0.97076464828026515072323870272753191787407251847681
  "peso": 116.84,
  "custo": 85.68
}
 
Individuo 14:
{
  "solucao": [2 3 7 1 7]
                [1 2 1 1 1],
  "funcao_objetivo": 0.97050772022867490374082863680654510192121243665658,
  "confiabilidade_total": 0.97050772022867490374082863680654510192121243665658
  "peso": 113.43,
  "custo": 77.88000000000001
}
 
Individuo 15:
{
  "solucao": [6 4 7 2 1]
                [2 1 1 1 1],
  "funcao_objetivo": 0.97025827664366237448648842082501129610891400798908,
  "confiabilidade_total": 0.97025827664366237448648842082501129610891400798908
  "peso": 118.77000000000001,
  "custo": 77.86000000000001
}
 
Individuo 16:
{
  "solucao": [5 2 8 4 0]
                [2 1 1 1 1],
  "funcao_objetivo": 0.97084122763821305347342514062019554207227271162707,
  "confiabilidade_total": 0.97084122763821305347342514062019554207227271162707
  "peso": 110.78999999999999,
  "custo": 73.61
}
 
Individuo 17:
{
  "solucao": [0 2 6 8 6]
                [1 1 2 1 1],
  "funcao_objetivo": 0.96927907551792752000004602860051053454712720102617,
  "confiabilidade_total": 0.96927907551792752000004602860051053454712720102617
  "peso": 117.63999999999999,
  "custo": 76.06
}
 
Individuo 18:
{
  "solucao": [1 6 5 7 3]
                [1 1 1 2 1],
  "funcao_objetivo": 0.96910288762295420716921074489658009022971629982268,
  "confiabilidade_total": 0.96910288762295420716921074489658009022971629982268
  "peso": 103.30000000000001,
  "custo": 79.09
}
 
Individuo 19:
{
  "solucao": [6 6 5 2 2]
                [1 1 2 1 1],
  "funcao_objetivo": 0.96881841519887385258124970215906144235376426050232,
  "confiabilidade_total": 0.96881841519887385258124970215906144235376426050232
  "peso": 114.96000000000001,
  "custo": 64.34
}
 
Individuo 20:
{
  "solucao": [5 8 6 9 7]
                [1 2 1 2 1],
  "funcao_objetivo": 0.96835254516484906705912062378241074942886320832162,
  "confiabilidade_total": 0.96835254516484906705912062378241074942886320832162
  "peso": 114.88,
  "custo": 99.8
}
 
Individuo 21:
{
  "solucao": [9 4 2 3 7]
                [2 1 1 1 1],
  "funcao_objetivo": 0.96736150430390846927642669818601059383779130784167,
  "confiabilidade_total": 0.96736150430390846927642669818601059383779130784167
  "peso": 119.6,
  "custo": 85.93
}
 
Individuo 22:
{
  "solucao": [9 2 5 8 9]
                [2 1 1 1 1],
  "funcao_objetivo": 0.96545490382565230101088055429468578741086374294669,
  "confiabilidade_total": 0.96545490382565230101088055429468578741086374294669
  "peso": 107.27,
  "custo": 86.52000000000001
}
 
Individuo 23:
{
  "solucao": [0 7 2 7 5]
                [2 2 0 1 1],
  "funcao_objetivo": 0.97887265064636830330586979701163776188165775386075,
  "confiabilidade_total": 0.97887265064636830330586979701163776188165775386075
  "peso": 97.72000000000001,
  "custo": 87.05
}
 
Individuo 24:
{
  "solucao": [5 0 6 7 3]
                [1 1 1 2 1],
  "funcao_objetivo": 0.96499276310363736312014037836119974669960724864603,
  "confiabilidade_total": 0.96499276310363736312014037836119974669960724864603
  "peso": 105.47,
  "custo": 80.45
}
 
Individuo 25:
{
  "solucao": [5 4 4 9 1]
                [1 1 1 2 1],
  "funcao_objetivo": 0.96464438919183107390081208430852897861659014185539,
  "confiabilidade_total": 0.96464438919183107390081208430852897861659014185539
  "peso": 117.15,
  "custo": 88.72
}
 
Individuo 26:
{
  "solucao": [7 7 8 6 8]
                [2 1 1 1 2],
  "funcao_objetivo": 0.96464074177970302081530854604698133647641774922184,
  "confiabilidade_total": 0.96464074177970302081530854604698133647641774922184
  "peso": 106.21,
  "custo": 96.94
}
 
Individuo 27:
{
  "solucao": [7 5 8 7 5]
                [1 2 1 1 3],
  "funcao_objetivo": 0.96436736405883385670312985227636476917034536315888,
  "confiabilidade_total": 0.96436736405883385670312985227636476917034536315888
  "peso": 116.53,
  "custo": 94.58000000000001
}
 
Individuo 28:
{
  "solucao": [6 1 8 7 7]
                [1 2 1 1 1],
  "funcao_objetivo": 0.96252323110068981119712770484383266492844424607450,
  "confiabilidade_total": 0.96252323110068981119712770484383266492844424607450
  "peso": 99.10000000000001,
  "custo": 84.9
}
 
Individuo 29:
{
  "solucao": [6 0 3 8 1]
                [2 1 1 1 1],
  "funcao_objetivo": 0.97397555237724083127953392405557715149188350399542,
  "confiabilidade_total": 0.97397555237724083127953392405557715149188350399542
  "peso": 115.14000000000001,
  "custo": 80.92999999999999
}
 
Individuo 30:
{
  "solucao": [7 0 3 8 7]
                [2 1 1 1 1],
  "funcao_objetivo": 0.97309365831469756640453622855181507997350978938679,
  "confiabilidade_total": 0.97309365831469756640453622855181507997350978938679
  "peso": 99.45,
  "custo": 85.96
}
 
Individuo 31:
{
  "solucao": [5 5 6 7 2]
                [2 1 1 1 1],
  "funcao_objetivo": 0.96222967418020250066212344917805973707196156267365,
  "confiabilidade_total": 0.96222967418020250066212344917805973707196156267365
  "peso": 101.09,
  "custo": 67.63
}
 
Individuo 32:
{
  "solucao": [6 4 5 5 8]
                [1 1 1 2 1],
  "funcao_objetivo": 0.96211857228200134675389349762768195260009635568065,
  "confiabilidade_total": 0.96211857228200134675389349762768195260009635568065
  "peso": 102.54,
  "custo": 70.69
}
 
Individuo 33:
{
  "solucao": [9 8 7 6 0]
                [2 1 1 1 1],
  "funcao_objetivo": 0.96066028128850354529156334469248023314245565743716,
  "confiabilidade_total": 0.96066028128850354529156334469248023314245565743716
  "peso": 105.83999999999999,
  "custo": 92.25
}
 
Individuo 34:
{
  "solucao": [5 6 5 8 8]
                [2 1 1 1 1],
  "funcao_objetivo": 0.96016383135733071047756414440675609515509296528618,
  "confiabilidade_total": 0.96016383135733071047756414440675609515509296528618
  "peso": 93.37,
  "custo": 70.0
}
 
Individuo 35:
{
  "solucao": [8 9 6 8 4]
                [2 1 1 2 1],
  "funcao_objetivo": 0.97967856089065000678019385840485984928155424766709,
  "confiabilidade_total": 0.98384522755731667338903640920563294613449009828736
  "peso": 120.5,
  "custo": 97.6
}
 
Individuo 36:
{
  "solucao": [6 8 2 7 3]
                [2 1 1 1 1],
  "funcao_objetivo": 0.96194253173673712152366744101723910306049541962711,
  "confiabilidade_total": 0.96194253173673712152366744101723910306049541962711
  "peso": 113.65,
  "custo": 74.4
}
 
Individuo 37:
{
  "solucao": [8 5 5 4 0]
                [2 1 1 1 1],
  "funcao_objetivo": 0.96495841515046458830076131882910168055868869201847,
  "confiabilidade_total": 0.96495841515046458830076131882910168055868869201847
  "peso": 102.64,
  "custo": 77.47
}
 
Individuo 38:
{
  "solucao": [2 8 8 0 7]
                [1 1 1 1 3],
  "funcao_objetivo": 0.95649172717403834880563614422654785761977305573880,
  "confiabilidade_total": 0.95649172717403834880563614422654785761977305573880
  "peso": 114.61,
  "custo": 96.82
}
 
Individuo 39:
{
  "solucao": [3 0 1 9 3]
                [1 1 1 2 1],
  "funcao_objetivo": 0.97416728832110675814093165487018205375659661303156,
  "confiabilidade_total": 0.97416728832110675814093165487018205375659661303156
  "peso": 119.49000000000001,
  "custo": 90.4
}
 
Individuo 40:
{
  "solucao": [7 4 1 5 1]
                [2 1 1 1 2],
  "funcao_objetivo": 0.96013658500064562554752770182148758176631023210945,
  "confiabilidade_total": 0.96913658500064572895092465784700486547230471891823
  "peso": 121.08000000000001,
  "custo": 98.28
}
 
Individuo 41:
{
  "solucao": [6 0 3 8 7]
                [2 1 1 1 1],
  "funcao_objetivo": 0.97321039008253014478502493277923165067503253575471,
  "confiabilidade_total": 0.97321039008253014478502493277923165067503253575471
  "peso": 111.19000000000001,
  "custo": 81.02
}
 
Individuo 42:
{
  "solucao": [4 8 6 9 5]
                [2 1 1 1 1],
  "funcao_objetivo": 0.95782652189671398300565113467681226380172424286879,
  "confiabilidade_total": 0.95782652189671398300565113467681226380172424286879
  "peso": 115.24,
  "custo": 81.9
}
 
Individuo 43:
{
  "solucao": [8 9 0 7 1]
                [1 1 2 1 1],
  "funcao_objetivo": 0.96221146609544486281377266410341472867988624621137,
  "confiabilidade_total": 0.96221146609544486281377266410341472867988624621137
  "peso": 105.78,
  "custo": 92.95
}
 
Individuo 44:
{
  "solucao": [0 1 2 7 2]
                [2 1 1 1 1],
  "funcao_objetivo": 0.97417357191378215906479544326870241552942457465659,
  "confiabilidade_total": 0.97417357191378215906479544326870241552942457465659
  "peso": 118.25000000000001,
  "custo": 80.78999999999999
}
 
Individuo 45:
{
  "solucao": [1 5 7 8 7]
                [2 2 1 1 0],
  "funcao_objetivo": 0.98565738055158236077225972039805446283786156062515,
  "confiabilidade_total": 0.98565738055158236077225972039805446283786156062515
  "peso": 94.39,
  "custo": 78.31
}
 
Individuo 46:
{
  "solucao": [5 3 6 2 4]
                [2 1 1 1 1],
  "funcao_objetivo": 0.97026940970524980468654278498866596180324013889985,
  "confiabilidade_total": 0.97026940970524980468654278498866596180324013889985
  "peso": 118.11,
  "custo": 68.5
}
 
Individuo 47:
{
  "solucao": [1 4 8 7 0]
                [1 1 1 1 1],
  "funcao_objetivo": 0.94678750459012385030625600224656929885074810318323,
  "confiabilidade_total": 0.94678750459012385030625600224656929885074810318323
  "peso": 90.85,
  "custo": 73.09
}
 
Individuo 48:
{
  "solucao": [8 6 6 6 7]
                [2 1 1 1 1],
  "funcao_objetivo": 0.96110665429965005743706086608489895335175763301154,
  "confiabilidade_total": 0.96110665429965005743706086608489895335175763301154
  "peso": 103.37,
  "custo": 78.64999999999999
}
 
Individuo 49:
{
  "solucao": [7 6 1 1 0]
                [1 1 2 1 0],
  "funcao_objetivo": 0.95542543449242263798189137120107061274705197654004,
  "confiabilidade_total": 0.95542543449242263798189137120107061274705197654004
  "peso": 88.47,
  "custo": 71.46000000000001
}
 
Individuo 50:
{
  "solucao": [9 3 0 3 4]
                [1 1 1 1 1],
  "funcao_objetivo": 0.95113564305659035188096908951010103447959315724137,
  "confiabilidade_total": 0.95113564305659035188096908951010103447959315724137
  "peso": 106.72999999999999,
  "custo": 71.9
}
 
-----------------------------------------
GERACAO 4
Mutante 1:
[[4.6 2.8 5.6 8.6 5.6]
 [2.  0.4 1.6 2.  1. ]]
 
Mutante 2:
[[5.8 5.  5.  8.2 5. ]
 [1.  2.  1.  1.  3. ]]
 
Mutante 3:
[[6.6 3.2 8.6 9.  7.8]
 [2.6 1.  1.  1.  1. ]]
 
Mutante 4:
[[2.  0.  4.8 5.6 6.6]
 [1.6 2.  1.  1.  1. ]]
 
Mutante 5:
[[5.4 0.6 1.  2.  0.8]
 [1.  1.  1.4 1.  1. ]]
 
Mutante 6:
[[0.  2.2 1.4 5.8 2. ]
 [1.4 1.  1.6 1.  1. ]]
 
Mutante 7:
[[1.2 4.6 6.2 8.8 7.4]
 [2.  2.6 1.  0.4 2.2]]
 
Mutante 8:
[[4.4 0.  7.8 0.8 4. ]
 [1.4 1.  1.  1.  1. ]]
 
Mutante 9:
[[3.4 4.4 3.6 6.6 3.8]
 [1.4 0.4 1.6 1.  1. ]]
 
Mutante 10:
[[7.  3.8 8.  5.2 2.6]
 [1.  2.  1.  0.4 3. ]]
 
Mutante 11:
[[8.8 6.  4.  0.4 0. ]
 [1.  1.  2.  1.  1. ]]
 
Mutante 12:
[[8.2 6.  5.6 7.8 9. ]
 [2.  2.  1.  1.  0.4]]
 
Mutante 13:
[[8.6 8.4 0.  7.6 1. ]
 [1.6 0.4 2.  1.  1. ]]
 
Mutante 14:
[[0.6 2.4 4.4 3.2 5.6]
 [0.4 1.  2.6 1.  1. ]]
 
Mutante 15:
[[8.4 0.8 5.  5.6 9.6]
 [1.4 0.4 1.  1.6 1. ]]
 
Mutante 16:
[[6.2 9.6 4.8 4.4 5.2]
 [2.  1.  0.4 2.  1. ]]
 
Mutante 17:
[[7.4 4.2 4.2 8.  8.2]
 [1.4 1.  1.6 2.  1. ]]
 
Mutante 18:
[[0.  0.  4.4 4.6 0.6]
 [0.4 1.6 1.  1.  1. ]]
 
Mutante 19:
[[0.8 0.  0.  8.4 4.6]
 [0.4 1.6 1.  2.  1. ]]
 
Mutante 20:
[[4.8 5.8 9.8 9.6 5.8]
 [2.  1.  2.  1.  1. ]]
 
Mutante 21:
[[2.8 6.6 4.  2.2 7.6]
 [1.  1.  2.  1.  0.4]]
 
Mutante 22:
[[4.2 5.2 0.2 4.8 9. ]
 [2.  1.6 0.4 1.  1. ]]
 
Mutante 23:
[[5.4 8.4 7.4 0.  0. ]
 [1.  1.  2.  1.  1. ]]
 
Mutante 24:
[[8.2 8.4 8.6 9.6 6.4]
 [2.  2.  1.  1.  0.4]]
 
Mutante 25:
[[9.  0.  5.8 2.  0. ]
 [2.  1.  1.  0.4 1. ]]
 
Mutante 26:
[[9.  9.8 3.2 9.  5.4]
 [1.4 2.  1.  1.6 1. ]]
 
Mutante 27:
[[8.  5.6 4.4 4.6 4.2]
 [2.6 1.6 1.  1.  0.4]]
 
Mutante 28:
[[0.  6.8 7.4 0.  4.6]
 [1.  0.4 1.  1.  3. ]]
 
Mutante 29:
[[7.4 3.  4.8 8.4 9. ]
 [2.  1.  1.  1.  1. ]]
 
Mutante 30:
[[2.2 9.8 6.6 9.  9.2]
 [1.4 1.6 1.  1.6 1. ]]
 
Mutante 31:
[[7.  5.  8.  7.  8.6]
 [1.  2.  1.  1.  3. ]]
 
Mutante 32:
[[3.6 3.4 7.4 9.  9.4]
 [1.  2.  1.  1.6 1. ]]
 
Mutante 33:
[[7.6 4.6 7.4 7.2 9.2]
 [2.  1.  1.  1.  2. ]]
 
Mutante 34:
[[8.  5.4 4.8 3.  7. ]
 [2.  1.  1.  0.4 1. ]]
 
Mutante 35:
[[4.  1.2 2.2 0.  7.6]
 [0.4 0.4 2.6 1.  1. ]]
 
Mutante 36:
[[8.4 3.6 3.  2.4 4. ]
 [0.4 1.6 1.  1.  1. ]]
 
Mutante 37:
[[7.2 6.2 9.  9.6 0. ]
 [2.  1.  1.6 1.  1. ]]
 
Mutante 38:
[[9.  5.4 0.  1.2 3.4]
 [0.4 1.  1.  1.6 1. ]]
 
Mutante 39:
[[2.4 2.2 9.8 9.  9. ]
 [1.4 1.  2.6 1.  1. ]]
 
Mutante 40:
[[7.4 0.6 4.  4.2 2.8]
 [1.6 0.4 2.  1.  1. ]]
 
Mutante 41:
[[8.  0.  5.2 6.  6.4]
 [1.  1.6 2.  0.4 0.4]]
 
Mutante 42:
[[8.6 4.2 3.2 9.  8. ]
 [2.  0.4 1.6 1.  1. ]]
 
Mutante 43:
[[6.2 3.  7.2 4.6 2.4]
 [1.  1.  1.  2.  1. ]]
 
Mutante 44:
[[7.4 9.8 3.6 7.2 5.8]
 [1.  2.  1.  2.  1. ]]
 
Mutante 45:
[[0.  5.6 8.6 0.  5.8]
 [0.4 1.  1.6 1.  3. ]]
 
Mutante 46:
[[5.8 5.8 3.8 6.8 8.6]
 [2.  1.  1.  2.  1. ]]
 
Mutante 47:
[[4.6 3.4 5.  9.  5. ]
 [2.6 1.  1.6 2.  1. ]]
 
Mutante 48:
[[6.6 3.8 8.6 5.6 9. ]
 [2.  1.6 0.4 1.  1. ]]
 
Mutante 49:
[[7.6 4.  9.8 5.4 7.4]
 [1.4 1.6 1.  1.  2. ]]
 
Mutante 50:
[[9.2 6.4 0.  9.  2.2]
 [1.6 1.4 1.  1.  2. ]]
 
-----------------------------------------
Número de avaliações até o momento: 200
Evoluido 1:
[[7 2 5 9 5]
 [2 2 1 1 1]]
 
Evoluido 2:
[[5 7 5 8 5]
 [1 1 1 1 3]]
 
Evoluido 3:
[[6 8 4 9 2]
 [2 1 1 2 1]]
 
Evoluido 4:
[[2 4 4 7 6]
 [1 2 1 2 1]]
 
Evoluido 5:
[[5 1 1 2 0]
 [1 2 1 1 1]]
 
Evoluido 6:
[[0 2 1 5 2]
 [1 1 1 1 1]]
 
Evoluido 7:
[[6 4 8 8 7]
 [2 2 2 0 2]]
 
Evoluido 8:
[[4 0 7 0 4]
 [1 1 1 1 1]]
 
Evoluido 9:
[[3 7 3 6 3]
 [1 2 1 1 1]]
 
Evoluido 10:
[[7 3 1 1 2]
 [1 1 1 1 1]]
 
Evoluido 11:
[[8 8 4 9 0]
 [1 2 1 1 1]]
 
Evoluido 12:
[[8 0 5 7 9]
 [1 1 1 1 1]]
 
Evoluido 13:
[[8 8 0 4 1]
 [1 0 1 1 1]]
 
Evoluido 14:
[[0 3 7 3 5]
 [1 1 2 1 1]]
 
Evoluido 15:
[[6 4 7 5 9]
 [1 1 1 1 1]]
 
Evoluido 16:
[[6 2 8 4 5]
 [2 1 0 1 1]]
 
Evoluido 17:
[[0 2 4 8 6]
 [1 1 2 2 1]]
 
Evoluido 18:
[[1 6 4 4 0]
 [0 1 1 1 1]]
 
Evoluido 19:
[[0 0 5 2 2]
 [0 1 1 1 1]]
 
Evoluido 20:
[[4 8 9 9 7]
 [2 1 2 1 1]]
 
Evoluido 21:
[[9 4 2 2 7]
 [1 1 2 1 0]]
 
Evoluido 22:
[[9 5 5 8 9]
 [2 1 0 1 1]]
 
Evoluido 23:
[[5 7 7 0 0]
 [2 1 2 1 1]]
 
Evoluido 24:
[[5 8 6 7 6]
 [1 1 1 1 0]]
 
Evoluido 25:
[[9 0 5 2 0]
 [1 1 1 0 1]]
 
Evoluido 26:
[[9 9 3 6 5]
 [2 2 1 1 1]]
 
Evoluido 27:
[[7 5 4 7 5]
 [2 1 1 1 3]]
 
Evoluido 28:
[[0 1 7 0 7]
 [1 2 1 1 3]]
 
Evoluido 29:
[[7 3 3 8 9]
 [2 1 1 1 1]]
 
Evoluido 30:
[[2 9 6 8 9]
 [2 1 1 1 1]]
 
Evoluido 31:
[[7 5 6 7 8]
 [2 2 1 1 3]]
 
Evoluido 32:
[[3 4 5 9 8]
 [1 2 1 1 1]]
 
Evoluido 33:
[[9 4 7 7 0]
 [2 1 1 1 2]]
 
Evoluido 34:
[[5 6 4 3 7]
 [2 1 1 0 1]]
 
Evoluido 35:
[[4 1 2 0 4]
 [2 0 2 1 1]]
 
Evoluido 36:
[[6 3 3 2 4]
 [0 1 1 1 1]]
 
Evoluido 37:
[[7 5 9 9 0]
 [2 1 1 1 1]]
 
Evoluido 38:
[[2 8 8 0 3]
 [0 1 1 1 3]]
 
Evoluido 39:
[[2 2 1 9 9]
 [1 1 2 2 1]]
 
Evoluido 40:
[[7 0 1 4 2]
 [1 0 1 1 2]]
 
Evoluido 41:
[[6 0 3 6 6]
 [2 1 2 1 0]]
 
Evoluido 42:
[[8 4 3 9 5]
 [2 0 1 1 1]]
 
Evoluido 43:
[[6 9 7 4 2]
 [1 1 1 2 1]]
 
Evoluido 44:
[[0 9 3 7 2]
 [2 2 1 1 1]]
 
Evoluido 45:
[[0 5 8 0 5]
 [0 1 1 1 3]]
 
Evoluido 46:
[[5 3 6 6 8]
 [2 1 1 2 1]]
 
Evoluido 47:
[[1 4 5 7 5]
 [2 1 1 1 1]]
 
Evoluido 48:
[[8 3 8 6 7]
 [2 1 0 1 1]]
 
Evoluido 49:
[[7 4 1 5 0]
 [1 1 2 1 2]]
 
Evoluido 50:
[[9 3 0 3 4]
 [1 1 1 1 2]]
 
-----------------------------------------
Individuo 1:
{
  "solucao": [7 6 5 9 7]
                [2 2 1 1 1],
  "funcao_objetivo": 0.98807886458809795502505637622984962228162798428433,
  "confiabilidade_total": 0.98807886458809795502505637622984962228162798428433
  "peso": 115.63000000000001,
  "custo": 97.36000000000001
}
 
Individuo 2:
{
  "solucao": [1 7 5 8 8]
                [2 1 1 2 1],
  "funcao_objetivo": 0.98673624699121823528378649487050553071472297293414,
  "confiabilidade_total": 0.98673624699121823528378649487050553071472297293414
  "peso": 108.82,
  "custo": 94.7
}
 
Individuo 3:
{
  "solucao": [8 8 4 5 2]
                [2 1 1 2 1],
  "funcao_objetivo": 0.98617816342979705247936849806866612493030496696459,
  "confiabilidade_total": 0.98617816342979705247936849806866612493030496696459
  "peso": 119.68000000000002,
  "custo": 84.19999999999999
}
 
Individuo 4:
{
  "solucao": [5 4 8 7 4]
                [2 1 1 2 1],
  "funcao_objetivo": 0.98592491050677736159998243656729789785315033330478,
  "confiabilidade_total": 0.98592491050677736159998243656729789785315033330478
  "peso": 119.84,
  "custo": 91.72999999999999
}
 
Individuo 5:
{
  "solucao": [2 1 0 5 6]
                [1 2 1 1 1],
  "funcao_objetivo": 0.97860093061325660950992638919213856799116718810051,
  "confiabilidade_total": 0.97860093061325660950992638919213856799116718810051
  "peso": 113.95,
  "custo": 77.78
}
 
Individuo 6:
{
  "solucao": [6 0 1 5 5]
                [1 1 2 1 1],
  "funcao_objetivo": 0.97413024670356547200518605118492592024880838977465,
  "confiabilidade_total": 0.97413024670356547200518605118492592024880838977465
  "peso": 105.95000000000002,
  "custo": 78.6
}
 
Individuo 7:
{
  "solucao": [6 1 8 9 7]
                [2 1 2 1 1],
  "funcao_objetivo": 0.97369631432969970403463282683576535320218559342184,
  "confiabilidade_total": 0.97369631432969970403463282683576535320218559342184
  "peso": 119.86,
  "custo": 98.82
}
 
Individuo 8:
{
  "solucao": [8 2 8 8 2]
                [2 1 2 1 1],
  "funcao_objetivo": 0.97354644136031051890875974482525085964854442472423,
  "confiabilidade_total": 0.97354644136031051890875974482525085964854442472423
  "peso": 118.36,
  "custo": 85.72999999999999
}
 
Individuo 9:
{
  "solucao": [5 7 1 6 1]
                [1 2 1 1 2],
  "funcao_objetivo": 0.97282366187037161684857786717548195458596515824287,
  "confiabilidade_total": 0.97282366187037161684857786717548195458596515824287
  "peso": 117.35000000000001,
  "custo": 96.61
}
 
Individuo 10:
{
  "solucao": [4 6 1 1 7]
                [1 1 2 1 1],
  "funcao_objetivo": 0.97248102864723279337048581428521034053629197492014,
  "confiabilidade_total": 0.97248102864723279337048581428521034053629197492014
  "peso": 112.22,
  "custo": 85.5
}
 
Individuo 11:
{
  "solucao": [8 8 2 9 6]
                [2 2 1 1 1],
  "funcao_objetivo": 0.98830984494068990125446256936094570405561492745894,
  "confiabilidade_total": 0.98830984494068990125446256936094570405561492745894
  "peso": 119.47999999999999,
  "custo": 93.05000000000001
}
 
Individuo 12:
{
  "solucao": [8 0 4 6 7]
                [1 1 2 1 1],
  "funcao_objetivo": 0.97219180495353702475830896226610752376176754933951,
  "confiabilidade_total": 0.97219180495353702475830896226610752376176754933951
  "peso": 116.52,
  "custo": 84.75
}
 
Individuo 13:
{
  "solucao": [5 9 1 4 1]
                [1 1 1 2 1],
  "funcao_objetivo": 0.97076464828026515072323870272753191787407251847681,
  "confiabilidade_total": 0.97076464828026515072323870272753191787407251847681
  "peso": 116.84,
  "custo": 85.68
}
 
Individuo 14:
{
  "solucao": [2 3 7 1 7]
                [1 2 1 1 1],
  "funcao_objetivo": 0.97050772022867490374082863680654510192121243665658,
  "confiabilidade_total": 0.97050772022867490374082863680654510192121243665658
  "peso": 113.43,
  "custo": 77.88000000000001
}
 
Individuo 15:
{
  "solucao": [6 4 7 2 1]
                [2 1 1 1 1],
  "funcao_objetivo": 0.97025827664366237448648842082501129610891400798908,
  "confiabilidade_total": 0.97025827664366237448648842082501129610891400798908
  "peso": 118.77000000000001,
  "custo": 77.86000000000001
}
 
Individuo 16:
{
  "solucao": [5 2 8 4 0]
                [2 1 1 1 1],
  "funcao_objetivo": 0.97084122763821305347342514062019554207227271162707,
  "confiabilidade_total": 0.97084122763821305347342514062019554207227271162707
  "peso": 110.78999999999999,
  "custo": 73.61
}
 
Individuo 17:
{
  "solucao": [0 2 6 8 6]
                [1 1 2 1 1],
  "funcao_objetivo": 0.96927907551792752000004602860051053454712720102617,
  "confiabilidade_total": 0.96927907551792752000004602860051053454712720102617
  "peso": 117.63999999999999,
  "custo": 76.06
}
 
Individuo 18:
{
  "solucao": [1 6 5 7 3]
                [1 1 1 2 1],
  "funcao_objetivo": 0.96910288762295420716921074489658009022971629982268,
  "confiabilidade_total": 0.96910288762295420716921074489658009022971629982268
  "peso": 103.30000000000001,
  "custo": 79.09
}
 
Individuo 19:
{
  "solucao": [6 6 5 2 2]
                [1 1 2 1 1],
  "funcao_objetivo": 0.96881841519887385258124970215906144235376426050232,
  "confiabilidade_total": 0.96881841519887385258124970215906144235376426050232
  "peso": 114.96000000000001,
  "custo": 64.34
}
 
Individuo 20:
{
  "solucao": [5 8 6 9 7]
                [1 2 1 2 1],
  "funcao_objetivo": 0.96835254516484906705912062378241074942886320832162,
  "confiabilidade_total": 0.96835254516484906705912062378241074942886320832162
  "peso": 114.88,
  "custo": 99.8
}
 
Individuo 21:
{
  "solucao": [9 4 2 3 7]
                [2 1 1 1 1],
  "funcao_objetivo": 0.96736150430390846927642669818601059383779130784167,
  "confiabilidade_total": 0.96736150430390846927642669818601059383779130784167
  "peso": 119.6,
  "custo": 85.93
}
 
Individuo 22:
{
  "solucao": [9 2 5 8 9]
                [2 1 1 1 1],
  "funcao_objetivo": 0.96545490382565230101088055429468578741086374294669,
  "confiabilidade_total": 0.96545490382565230101088055429468578741086374294669
  "peso": 107.27,
  "custo": 86.52000000000001
}
 
Individuo 23:
{
  "solucao": [5 7 7 0 0]
                [2 1 2 1 1],
  "funcao_objetivo": 0.97956697669343725153124139653667630994888875120983,
  "confiabilidade_total": 0.97956697669343725153124139653667630994888875120983
  "peso": 112.44999999999999,
  "custo": 97.36
}
 
Individuo 24:
{
  "solucao": [5 0 6 7 3]
                [1 1 1 2 1],
  "funcao_objetivo": 0.96499276310363736312014037836119974669960724864603,
  "confiabilidade_total": 0.96499276310363736312014037836119974669960724864603
  "peso": 105.47,
  "custo": 80.45
}
 
Individuo 25:
{
  "solucao": [5 4 4 9 1]
                [1 1 1 2 1],
  "funcao_objetivo": 0.96464438919183107390081208430852897861659014185539,
  "confiabilidade_total": 0.96464438919183107390081208430852897861659014185539
  "peso": 117.15,
  "custo": 88.72
}
 
Individuo 26:
{
  "solucao": [7 7 8 6 8]
                [2 1 1 1 2],
  "funcao_objetivo": 0.96464074177970302081530854604698133647641774922184,
  "confiabilidade_total": 0.96464074177970302081530854604698133647641774922184
  "peso": 106.21,
  "custo": 96.94
}
 
Individuo 27:
{
  "solucao": [7 5 8 7 5]
                [1 2 1 1 3],
  "funcao_objetivo": 0.96436736405883385670312985227636476917034536315888,
  "confiabilidade_total": 0.96436736405883385670312985227636476917034536315888
  "peso": 116.53,
  "custo": 94.58000000000001
}
 
Individuo 28:
{
  "solucao": [6 1 8 7 7]
                [1 2 1 1 1],
  "funcao_objetivo": 0.96252323110068981119712770484383266492844424607450,
  "confiabilidade_total": 0.96252323110068981119712770484383266492844424607450
  "peso": 99.10000000000001,
  "custo": 84.9
}
 
Individuo 29:
{
  "solucao": [6 0 3 8 1]
                [2 1 1 1 1],
  "funcao_objetivo": 0.97397555237724083127953392405557715149188350399542,
  "confiabilidade_total": 0.97397555237724083127953392405557715149188350399542
  "peso": 115.14000000000001,
  "custo": 80.92999999999999
}
 
Individuo 30:
{
  "solucao": [7 0 3 8 7]
                [2 1 1 1 1],
  "funcao_objetivo": 0.97309365831469756640453622855181507997350978938679,
  "confiabilidade_total": 0.97309365831469756640453622855181507997350978938679
  "peso": 99.45,
  "custo": 85.96
}
 
Individuo 31:
{
  "solucao": [5 5 6 7 2]
                [2 1 1 1 1],
  "funcao_objetivo": 0.96222967418020250066212344917805973707196156267365,
  "confiabilidade_total": 0.96222967418020250066212344917805973707196156267365
  "peso": 101.09,
  "custo": 67.63
}
 
Individuo 32:
{
  "solucao": [3 4 5 9 8]
                [1 2 1 1 1],
  "funcao_objetivo": 0.96465326360376716885291477825516356907162771045750,
  "confiabilidade_total": 0.96465326360376716885291477825516356907162771045750
  "peso": 117.37,
  "custo": 81.50999999999999
}
 
Individuo 33:
{
  "solucao": [9 8 7 6 0]
                [2 1 1 1 1],
  "funcao_objetivo": 0.96066028128850354529156334469248023314245565743716,
  "confiabilidade_total": 0.96066028128850354529156334469248023314245565743716
  "peso": 105.83999999999999,
  "custo": 92.25
}
 
Individuo 34:
{
  "solucao": [5 6 5 8 8]
                [2 1 1 1 1],
  "funcao_objetivo": 0.96016383135733071047756414440675609515509296528618,
  "confiabilidade_total": 0.96016383135733071047756414440675609515509296528618
  "peso": 93.37,
  "custo": 70.0
}
 
Individuo 35:
{
  "solucao": [8 9 6 8 4]
                [2 1 1 2 1],
  "funcao_objetivo": 0.97967856089065000678019385840485984928155424766709,
  "confiabilidade_total": 0.98384522755731667338903640920563294613449009828736
  "peso": 120.5,
  "custo": 97.6
}
 
Individuo 36:
{
  "solucao": [6 8 2 7 3]
                [2 1 1 1 1],
  "funcao_objetivo": 0.96194253173673712152366744101723910306049541962711,
  "confiabilidade_total": 0.96194253173673712152366744101723910306049541962711
  "peso": 113.65,
  "custo": 74.4
}
 
Individuo 37:
{
  "solucao": [8 5 5 4 0]
                [2 1 1 1 1],
  "funcao_objetivo": 0.96495841515046458830076131882910168055868869201847,
  "confiabilidade_total": 0.96495841515046458830076131882910168055868869201847
  "peso": 102.64,
  "custo": 77.47
}
 
Individuo 38:
{
  "solucao": [2 8 8 0 7]
                [1 1 1 1 3],
  "funcao_objetivo": 0.95649172717403834880563614422654785761977305573880,
  "confiabilidade_total": 0.95649172717403834880563614422654785761977305573880
  "peso": 114.61,
  "custo": 96.82
}
 
Individuo 39:
{
  "solucao": [3 0 1 9 3]
                [1 1 1 2 1],
  "funcao_objetivo": 0.97416728832110675814093165487018205375659661303156,
  "confiabilidade_total": 0.97416728832110675814093165487018205375659661303156
  "peso": 119.49000000000001,
  "custo": 90.4
}
 
Individuo 40:
{
  "solucao": [7 4 1 5 1]
                [2 1 1 1 2],
  "funcao_objetivo": 0.96013658500064562554752770182148758176631023210945,
  "confiabilidade_total": 0.96913658500064572895092465784700486547230471891823
  "peso": 121.08000000000001,
  "custo": 98.28
}
 
Individuo 41:
{
  "solucao": [6 0 3 8 7]
                [2 1 1 1 1],
  "funcao_objetivo": 0.97321039008253014478502493277923165067503253575471,
  "confiabilidade_total": 0.97321039008253014478502493277923165067503253575471
  "peso": 111.19000000000001,
  "custo": 81.02
}
 
Individuo 42:
{
  "solucao": [4 8 6 9 5]
                [2 1 1 1 1],
  "funcao_objetivo": 0.95782652189671398300565113467681226380172424286879,
  "confiabilidade_total": 0.95782652189671398300565113467681226380172424286879
  "peso": 115.24,
  "custo": 81.9
}
 
Individuo 43:
{
  "solucao": [8 9 0 7 1]
                [1 1 2 1 1],
  "funcao_objetivo": 0.96221146609544486281377266410341472867988624621137,
  "confiabilidade_total": 0.96221146609544486281377266410341472867988624621137
  "peso": 105.78,
  "custo": 92.95
}
 
Individuo 44:
{
  "solucao": [0 1 2 7 2]
                [2 1 1 1 1],
  "funcao_objetivo": 0.97417357191378215906479544326870241552942457465659,
  "confiabilidade_total": 0.97417357191378215906479544326870241552942457465659
  "peso": 118.25000000000001,
  "custo": 80.78999999999999
}
 
Individuo 45:
{
  "solucao": [1 5 7 8 7]
                [2 2 1 1 0],
  "funcao_objetivo": 0.98565738055158236077225972039805446283786156062515,
  "confiabilidade_total": 0.98565738055158236077225972039805446283786156062515
  "peso": 94.39,
  "custo": 78.31
}
 
Individuo 46:
{
  "solucao": [5 3 6 2 4]
                [2 1 1 1 1],
  "funcao_objetivo": 0.97026940970524980468654278498866596180324013889985,
  "confiabilidade_total": 0.97026940970524980468654278498866596180324013889985
  "peso": 118.11,
  "custo": 68.5
}
 
Individuo 47:
{
  "solucao": [1 4 5 7 5]
                [2 1 1 1 1],
  "funcao_objetivo": 0.96606351052103766868870121777480665723306547274828,
  "confiabilidade_total": 0.96606351052103766868870121777480665723306547274828
  "peso": 103.56000000000002,
  "custo": 79.0
}
 
Individuo 48:
{
  "solucao": [8 6 6 6 7]
                [2 1 1 1 1],
  "funcao_objetivo": 0.96110665429965005743706086608489895335175763301154,
  "confiabilidade_total": 0.96110665429965005743706086608489895335175763301154
  "peso": 103.37,
  "custo": 78.64999999999999
}
 
Individuo 49:
{
  "solucao": [7 6 1 1 0]
                [1 1 2 1 0],
  "funcao_objetivo": 0.95542543449242263798189137120107061274705197654004,
  "confiabilidade_total": 0.95542543449242263798189137120107061274705197654004
  "peso": 88.47,
  "custo": 71.46000000000001
}
 
Individuo 50:
{
  "solucao": [9 3 0 3 4]
                [1 1 1 1 1],
  "funcao_objetivo": 0.95113564305659035188096908951010103447959315724137,
  "confiabilidade_total": 0.95113564305659035188096908951010103447959315724137
  "peso": 106.72999999999999,
  "custo": 71.9
}
 
-----------------------------------------
GERACAO 5
Mutante 1:
[[7.4 0.  3.6 9.  0. ]
 [1.6 0.4 1.  2.  1. ]]
 
Mutante 2:
[[0.  4.4 6.6 6.8 4.8]
 [1.  1.  2.  1.  1. ]]
 
Mutante 3:
[[6.8 4.4 1.8 9.  0. ]
 [2.  1.6 1.  1.  0.4]]
 
Mutante 4:
[[2.6 4.4 8.4 6.4 0.2]
 [2.  1.  1.  1.  1. ]]
 
Mutante 5:
[[9.6 7.6 1.4 1.8 5.8]
 [2.  1.  0.4 1.  1. ]]
 
Mutante 6:
[[4.8 1.2 1.2 9.  9. ]
 [1.4 1.6 1.  1.  1. ]]
 
Mutante 7:
[[0.  1.  5.  6.4 0. ]
 [2.  1.  1.  1.  1. ]]
 
Mutante 8:
[[4.2 4.  9.2 7.6 4. ]
 [1.6 2.  0.4 1.  1. ]]
 
Mutante 9:
[[9.  2.2 2.8 6.2 2.2]
 [2.  1.  1.6 1.  2. ]]
 
Mutante 10:
[[9.  4.8 0.  1.  0. ]
 [1.6 1.  1.4 1.  1. ]]
 
Mutante 11:
[[5.6 9.  3.6 9.4 0. ]
 [1.6 1.  2.  1.  1. ]]
 
Mutante 12:
[[3.6 6.  0.2 0.8 1.4]
 [1.  1.  2.  1.  1. ]]
 
Mutante 13:
[[9.  6.8 7.4 8.6 9. ]
 [2.  1.  1.  1.6 1. ]]
 
Mutante 14:
[[9.  9.  0.  7.6 3. ]
 [2.6 1.6 0.4 1.  1. ]]
 
Mutante 15:
[[2.6 9.4 0.4 9.6 3.4]
 [1.  2.  1.  1.6 2. ]]
 
Mutante 16:
[[4.6 7.6 3.8 8.6 8. ]
 [2.  1.  1.  2.  1.6]]
 
Mutante 17:
[[4.2 2.2 9.8 8.4 4. ]
 [1.4 1.  2.6 1.  1. ]]
 
Mutante 18:
[[5.6 5.4 8.2 0.  2.2]
 [1.6 1.4 1.  1.  1. ]]
 
Mutante 19:
[[5.  0.  0.  3.2 4.2]
 [0.4 2.  1.6 0.4 1. ]]
 
Mutante 20:
[[0.  4.6 0.  4.4 6.6]
 [1.  2.  0.4 1.6 1. ]]
 
Mutante 21:
[[6.  0.8 3.8 8.6 9. ]
 [1.4 1.  1.6 0.4 1. ]]
 
Mutante 22:
[[8.  3.8 6.8 9.8 3.2]
 [2.  1.  2.  1.  1. ]]
 
Mutante 23:
[[0.  0.  0.2 8.2 2. ]
 [2.  1.  1.  1.  1. ]]
 
Mutante 24:
[[5.  9.  7.2 9.  5.2]
 [1.6 2.  0.4 2.6 1. ]]
 
Mutante 25:
[[0.4 0.  0.8 6.4 3.2]
 [1.4 1.  1.6 1.  0.4]]
 
Mutante 26:
[[7.6 6.  0.  0.  6.4]
 [1.6 0.4 2.  1.  1. ]]
 
Mutante 27:
[[8.4 9.8 9.  7.2 0. ]
 [2.6 0.4 1.  1.  1. ]]
 
Mutante 28:
[[5.6 9.8 3.4 6.8 0. ]
 [1.4 1.6 1.  2.  1.6]]
 
Mutante 29:
[[5.  8.  3.4 6.8 5. ]
 [2.  1.  1.  2.  1. ]]
 
Mutante 30:
[[3.4 5.2 2.8 5.  4. ]
 [1.4 1.  1.6 1.  2. ]]
 
Mutante 31:
[[9.  3.2 3.8 8.6 6. ]
 [2.  1.  0.4 1.6 1. ]]
 
Mutante 32:
[[1.  5.8 8.  8.6 8.6]
 [2.6 0.4 1.  2.  0.4]]
 
Mutante 33:
[[3.  0.4 2.  3.4 0. ]
 [1.4 1.  1.6 0.4 1. ]]
 
Mutante 34:
[[5.6 5.6 7.2 8.2 4.4]
 [2.6 1.  1.6 0.4 1. ]]
 
Mutante 35:
[[4.8 6.  4.4 3.2 0. ]
 [1.  1.  2.  1.  1.6]]
 
Mutante 36:
[[6.6 1.2 0.  7.4 0.4]
 [1.4 1.  1.6 1.  0.4]]
 
Mutante 37:
[[7.2 2.8 7.  3.2 4. ]
 [2.  1.6 1.  0.4 1. ]]
 
Mutante 38:
[[9.  8.  4.6 3.2 0. ]
 [2.  1.  1.  2.  1. ]]
 
Mutante 39:
[[5.8 9.  5.  7.  1.8]
 [1.6 1.  0.4 2.6 1. ]]
 
Mutante 40:
[[7.  5.4 4.4 7.8 2.8]
 [2.  2.  1.  1.  1. ]]
 
Mutante 41:
[[6.4 2.6 9.8 8.2 3.8]
 [1.6 2.  0.4 1.  3. ]]
 
Mutante 42:
[[5.  4.2 3.6 3.8 3.4]
 [2.  1.6 1.  1.  1. ]]
 
Mutante 43:
[[9.8 5.  3.8 1.6 0. ]
 [2.6 0.4 1.  1.  1. ]]
 
Mutante 44:
[[8.6 5.4 0.  9.  4. ]
 [1.6 1.  1.4 1.  1. ]]
 
Mutante 45:
[[5.  9.6 2.2 2.8 1.6]
 [1.6 1.  1.  1.4 1. ]]
 
Mutante 46:
[[7.2 2.8 2.6 4.8 9. ]
 [2.  1.  1.  0.4 1. ]]
 
Mutante 47:
[[9.  3.  0.  3.  3.4]
 [1.6 1.  1.  0.4 1. ]]
 
Mutante 48:
[[2.  7.8 0.  4.6 1.6]
 [0.4 1.  0.4 2.6 1. ]]
 
Mutante 49:
[[5.6 7.4 1.2 7.  0. ]
 [2.  0.4 1.6 1.  1. ]]
 
Mutante 50:
[[1.8 7.  8.8 3.2 1. ]
 [2.6 1.6 0.4 1.  0.4]]
 
-----------------------------------------
Número de avaliações até o momento: 250
Evoluido 1:
[[7 0 3 9 0]
 [1 2 1 2 1]]
 
Evoluido 2:
[[1 7 6 6 8]
 [1 1 2 1 1]]
 
Evoluido 3:
[[6 4 4 5 0]
 [2 1 1 2 0]]
 
Evoluido 4:
[[5 4 8 7 4]
 [2 1 1 2 1]]
 
Evoluido 5:
[[2 7 1 1 6]
 [2 1 1 1 1]]
 
Evoluido 6:
[[6 1 1 5 9]
 [1 1 2 1 1]]
 
Evoluido 7:
[[0 1 5 6 0]
 [2 1 2 1 1]]
 
Evoluido 8:
[[4 2 9 7 4]
 [1 2 2 1 1]]
 
Evoluido 9:
[[9 7 1 6 2]
 [2 2 1 1 2]]
 
Evoluido 10:
[[9 4 1 1 0]
 [1 1 1 1 1]]
 
Evoluido 11:
[[8 8 3 9 6]
 [2 2 2 1 1]]
 
Evoluido 12:
[[3 0 4 6 7]
 [1 1 2 1 1]]
 
Evoluido 13:
[[5 6 7 4 9]
 [1 1 1 1 1]]
 
Evoluido 14:
[[2 3 0 1 3]
 [2 1 1 1 1]]
 
Evoluido 15:
[[2 4 0 9 1]
 [2 2 1 1 1]]
 
Evoluido 16:
[[4 2 8 4 8]
 [2 1 1 2 1]]
 
Evoluido 17:
[[4 2 9 8 6]
 [1 1 2 1 1]]
 
Evoluido 18:
[[5 5 8 0 2]
 [1 1 1 1 1]]
 
Evoluido 19:
[[5 6 0 3 2]
 [1 1 2 0 1]]
 
Evoluido 20:
[[0 4 6 4 7]
 [1 2 1 2 1]]
 
Evoluido 21:
[[9 0 3 3 9]
 [2 1 1 0 1]]
 
Evoluido 22:
[[9 2 6 8 3]
 [2 1 2 1 1]]
 
Evoluido 23:
[[0 0 7 8 0]
 [2 1 2 1 1]]
 
Evoluido 24:
[[5 9 6 7 5]
 [1 2 0 2 1]]
 
Evoluido 25:
[[5 4 0 9 3]
 [1 1 1 2 0]]
 
Evoluido 26:
[[7 7 0 6 8]
 [1 0 1 1 2]]
 
Evoluido 27:
[[8 9 9 7 0]
 [1 2 1 1 3]]
 
Evoluido 28:
[[5 9 3 7 7]
 [1 2 1 2 1]]
 
Evoluido 29:
[[6 8 3 6 1]
 [2 1 1 1 1]]
 
Evoluido 30:
[[3 5 2 8 4]
 [1 1 1 1 2]]
 
Evoluido 31:
[[5 3 6 8 6]
 [2 1 1 1 1]]
 
Evoluido 32:
[[1 5 8 8 8]
 [1 2 1 2 1]]
 
Evoluido 33:
[[3 0 2 6 0]
 [1 1 1 0 1]]
 
Evoluido 34:
[[5 6 7 8 4]
 [2 1 1 0 1]]
 
Evoluido 35:
[[4 9 6 8 4]
 [1 1 1 2 1]]
 
Evoluido 36:
[[6 1 2 7 3]
 [2 1 1 1 0]]
 
Evoluido 37:
[[7 2 7 3 0]
 [2 1 1 1 1]]
 
Evoluido 38:
[[9 8 4 0 0]
 [2 1 1 1 3]]
 
Evoluido 39:
[[5 9 5 9 1]
 [1 1 1 2 1]]
 
Evoluido 40:
[[7 5 1 7 2]
 [2 2 1 1 2]]
 
Evoluido 41:
[[6 0 3 8 3]
 [1 2 1 1 3]]
 
Evoluido 42:
[[5 8 6 3 3]
 [2 1 1 1 1]]
 
Evoluido 43:
[[9 9 0 7 1]
 [2 0 1 1 1]]
 
Evoluido 44:
[[8 5 0 9 2]
 [1 1 1 1 1]]
 
Evoluido 45:
[[1 9 7 8 1]
 [2 1 1 1 1]]
 
Evoluido 46:
[[5 2 6 4 9]
 [2 1 1 1 1]]
 
Evoluido 47:
[[9 4 5 3 5]
 [2 1 1 1 1]]
 
Evoluido 48:
[[8 6 6 4 7]
 [0 1 1 2 1]]
 
Evoluido 49:
[[5 7 1 1 0]
 [1 0 1 1 1]]
 
Evoluido 50:
[[1 3 8 3 1]
 [1 1 0 1 1]]
 
-----------------------------------------
Individuo 1:
{
  "solucao": [7 6 5 9 7]
                [2 2 1 1 1],
  "funcao_objetivo": 0.98807886458809795502505637622984962228162798428433,
  "confiabilidade_total": 0.98807886458809795502505637622984962228162798428433
  "peso": 115.63000000000001,
  "custo": 97.36000000000001
}
 
Individuo 2:
{
  "solucao": [1 7 5 8 8]
                [2 1 1 2 1],
  "funcao_objetivo": 0.98673624699121823528378649487050553071472297293414,
  "confiabilidade_total": 0.98673624699121823528378649487050553071472297293414
  "peso": 108.82,
  "custo": 94.7
}
 
Individuo 3:
{
  "solucao": [8 8 4 5 2]
                [2 1 1 2 1],
  "funcao_objetivo": 0.98617816342979705247936849806866612493030496696459,
  "confiabilidade_total": 0.98617816342979705247936849806866612493030496696459
  "peso": 119.68000000000002,
  "custo": 84.19999999999999
}
 
Individuo 4:
{
  "solucao": [5 4 8 7 4]
                [2 1 1 2 1],
  "funcao_objetivo": 0.98592491050677736159998243656729789785315033330478,
  "confiabilidade_total": 0.98592491050677736159998243656729789785315033330478
  "peso": 119.84,
  "custo": 91.72999999999999
}
 
Individuo 5:
{
  "solucao": [2 1 0 5 6]
                [1 2 1 1 1],
  "funcao_objetivo": 0.97860093061325660950992638919213856799116718810051,
  "confiabilidade_total": 0.97860093061325660950992638919213856799116718810051
  "peso": 113.95,
  "custo": 77.78
}
 
Individuo 6:
{
  "solucao": [6 0 1 5 5]
                [1 1 2 1 1],
  "funcao_objetivo": 0.97413024670356547200518605118492592024880838977465,
  "confiabilidade_total": 0.97413024670356547200518605118492592024880838977465
  "peso": 105.95000000000002,
  "custo": 78.6
}
 
Individuo 7:
{
  "solucao": [6 1 8 9 7]
                [2 1 2 1 1],
  "funcao_objetivo": 0.97369631432969970403463282683576535320218559342184,
  "confiabilidade_total": 0.97369631432969970403463282683576535320218559342184
  "peso": 119.86,
  "custo": 98.82
}
 
Individuo 8:
{
  "solucao": [8 2 8 8 2]
                [2 1 2 1 1],
  "funcao_objetivo": 0.97354644136031051890875974482525085964854442472423,
  "confiabilidade_total": 0.97354644136031051890875974482525085964854442472423
  "peso": 118.36,
  "custo": 85.72999999999999
}
 
Individuo 9:
{
  "solucao": [5 7 1 6 1]
                [1 2 1 1 2],
  "funcao_objetivo": 0.97282366187037161684857786717548195458596515824287,
  "confiabilidade_total": 0.97282366187037161684857786717548195458596515824287
  "peso": 117.35000000000001,
  "custo": 96.61
}
 
Individuo 10:
{
  "solucao": [4 6 1 1 7]
                [1 1 2 1 1],
  "funcao_objetivo": 0.97248102864723279337048581428521034053629197492014,
  "confiabilidade_total": 0.97248102864723279337048581428521034053629197492014
  "peso": 112.22,
  "custo": 85.5
}
 
Individuo 11:
{
  "solucao": [8 8 2 9 6]
                [2 2 1 1 1],
  "funcao_objetivo": 0.98830984494068990125446256936094570405561492745894,
  "confiabilidade_total": 0.98830984494068990125446256936094570405561492745894
  "peso": 119.47999999999999,
  "custo": 93.05000000000001
}
 
Individuo 12:
{
  "solucao": [8 0 4 6 7]
                [1 1 2 1 1],
  "funcao_objetivo": 0.97219180495353702475830896226610752376176754933951,
  "confiabilidade_total": 0.97219180495353702475830896226610752376176754933951
  "peso": 116.52,
  "custo": 84.75
}
 
Individuo 13:
{
  "solucao": [5 9 1 4 1]
                [1 1 1 2 1],
  "funcao_objetivo": 0.97076464828026515072323870272753191787407251847681,
  "confiabilidade_total": 0.97076464828026515072323870272753191787407251847681
  "peso": 116.84,
  "custo": 85.68
}
 
Individuo 14:
{
  "solucao": [2 3 7 1 7]
                [1 2 1 1 1],
  "funcao_objetivo": 0.97050772022867490374082863680654510192121243665658,
  "confiabilidade_total": 0.97050772022867490374082863680654510192121243665658
  "peso": 113.43,
  "custo": 77.88000000000001
}
 
Individuo 15:
{
  "solucao": [6 4 7 2 1]
                [2 1 1 1 1],
  "funcao_objetivo": 0.97025827664366237448648842082501129610891400798908,
  "confiabilidade_total": 0.97025827664366237448648842082501129610891400798908
  "peso": 118.77000000000001,
  "custo": 77.86000000000001
}
 
Individuo 16:
{
  "solucao": [5 2 8 4 0]
                [2 1 1 1 1],
  "funcao_objetivo": 0.97084122763821305347342514062019554207227271162707,
  "confiabilidade_total": 0.97084122763821305347342514062019554207227271162707
  "peso": 110.78999999999999,
  "custo": 73.61
}
 
Individuo 17:
{
  "solucao": [0 2 6 8 6]
                [1 1 2 1 1],
  "funcao_objetivo": 0.96927907551792752000004602860051053454712720102617,
  "confiabilidade_total": 0.96927907551792752000004602860051053454712720102617
  "peso": 117.63999999999999,
  "custo": 76.06
}
 
Individuo 18:
{
  "solucao": [1 6 5 7 3]
                [1 1 1 2 1],
  "funcao_objetivo": 0.96910288762295420716921074489658009022971629982268,
  "confiabilidade_total": 0.96910288762295420716921074489658009022971629982268
  "peso": 103.30000000000001,
  "custo": 79.09
}
 
Individuo 19:
{
  "solucao": [6 6 5 2 2]
                [1 1 2 1 1],
  "funcao_objetivo": 0.96881841519887385258124970215906144235376426050232,
  "confiabilidade_total": 0.96881841519887385258124970215906144235376426050232
  "peso": 114.96000000000001,
  "custo": 64.34
}
 
Individuo 20:
{
  "solucao": [5 8 6 9 7]
                [1 2 1 2 1],
  "funcao_objetivo": 0.96835254516484906705912062378241074942886320832162,
  "confiabilidade_total": 0.96835254516484906705912062378241074942886320832162
  "peso": 114.88,
  "custo": 99.8
}
 
Individuo 21:
{
  "solucao": [9 4 2 3 7]
                [2 1 1 1 1],
  "funcao_objetivo": 0.96736150430390846927642669818601059383779130784167,
  "confiabilidade_total": 0.96736150430390846927642669818601059383779130784167
  "peso": 119.6,
  "custo": 85.93
}
 
Individuo 22:
{
  "solucao": [9 2 5 8 9]
                [2 1 1 1 1],
  "funcao_objetivo": 0.96545490382565230101088055429468578741086374294669,
  "confiabilidade_total": 0.96545490382565230101088055429468578741086374294669
  "peso": 107.27,
  "custo": 86.52000000000001
}
 
Individuo 23:
{
  "solucao": [5 7 7 0 0]
                [2 1 2 1 1],
  "funcao_objetivo": 0.97956697669343725153124139653667630994888875120983,
  "confiabilidade_total": 0.97956697669343725153124139653667630994888875120983
  "peso": 112.44999999999999,
  "custo": 97.36
}
 
Individuo 24:
{
  "solucao": [5 0 6 7 3]
                [1 1 1 2 1],
  "funcao_objetivo": 0.96499276310363736312014037836119974669960724864603,
  "confiabilidade_total": 0.96499276310363736312014037836119974669960724864603
  "peso": 105.47,
  "custo": 80.45
}
 
Individuo 25:
{
  "solucao": [5 4 4 9 1]
                [1 1 1 2 1],
  "funcao_objetivo": 0.96464438919183107390081208430852897861659014185539,
  "confiabilidade_total": 0.96464438919183107390081208430852897861659014185539
  "peso": 117.15,
  "custo": 88.72
}
 
Individuo 26:
{
  "solucao": [7 7 8 6 8]
                [2 1 1 1 2],
  "funcao_objetivo": 0.96464074177970302081530854604698133647641774922184,
  "confiabilidade_total": 0.96464074177970302081530854604698133647641774922184
  "peso": 106.21,
  "custo": 96.94
}
 
Individuo 27:
{
  "solucao": [7 5 8 7 5]
                [1 2 1 1 3],
  "funcao_objetivo": 0.96436736405883385670312985227636476917034536315888,
  "confiabilidade_total": 0.96436736405883385670312985227636476917034536315888
  "peso": 116.53,
  "custo": 94.58000000000001
}
 
Individuo 28:
{
  "solucao": [6 1 8 7 7]
                [1 2 1 1 1],
  "funcao_objetivo": 0.96252323110068981119712770484383266492844424607450,
  "confiabilidade_total": 0.96252323110068981119712770484383266492844424607450
  "peso": 99.10000000000001,
  "custo": 84.9
}
 
Individuo 29:
{
  "solucao": [6 0 3 8 1]
                [2 1 1 1 1],
  "funcao_objetivo": 0.97397555237724083127953392405557715149188350399542,
  "confiabilidade_total": 0.97397555237724083127953392405557715149188350399542
  "peso": 115.14000000000001,
  "custo": 80.92999999999999
}
 
Individuo 30:
{
  "solucao": [7 0 3 8 7]
                [2 1 1 1 1],
  "funcao_objetivo": 0.97309365831469756640453622855181507997350978938679,
  "confiabilidade_total": 0.97309365831469756640453622855181507997350978938679
  "peso": 99.45,
  "custo": 85.96
}
 
Individuo 31:
{
  "solucao": [5 3 6 8 6]
                [2 1 1 1 1],
  "funcao_objetivo": 0.96371835684531236690679186836517893175655920255181,
  "confiabilidade_total": 0.96371835684531236690679186836517893175655920255181
  "peso": 106.22999999999999,
  "custo": 70.69
}
 
Individuo 32:
{
  "solucao": [1 5 8 8 8]
                [1 2 1 2 1],
  "funcao_objetivo": 0.97497258535732326315324955702402345827778098168226,
  "confiabilidade_total": 0.97497258535732326315324955702402345827778098168226
  "peso": 105.88,
  "custo": 88.77
}
 
Individuo 33:
{
  "solucao": [9 8 7 6 0]
                [2 1 1 1 1],
  "funcao_objetivo": 0.96066028128850354529156334469248023314245565743716,
  "confiabilidade_total": 0.96066028128850354529156334469248023314245565743716
  "peso": 105.83999999999999,
  "custo": 92.25
}
 
Individuo 34:
{
  "solucao": [5 6 5 8 8]
                [2 1 1 1 1],
  "funcao_objetivo": 0.96016383135733071047756414440675609515509296528618,
  "confiabilidade_total": 0.96016383135733071047756414440675609515509296528618
  "peso": 93.37,
  "custo": 70.0
}
 
Individuo 35:
{
  "solucao": [8 9 6 8 4]
                [2 1 1 2 1],
  "funcao_objetivo": 0.97967856089065000678019385840485984928155424766709,
  "confiabilidade_total": 0.98384522755731667338903640920563294613449009828736
  "peso": 120.5,
  "custo": 97.6
}
 
Individuo 36:
{
  "solucao": [6 8 2 7 3]
                [2 1 1 1 1],
  "funcao_objetivo": 0.96194253173673712152366744101723910306049541962711,
  "confiabilidade_total": 0.96194253173673712152366744101723910306049541962711
  "peso": 113.65,
  "custo": 74.4
}
 
Individuo 37:
{
  "solucao": [7 2 7 3 0]
                [2 1 1 1 1],
  "funcao_objetivo": 0.97151318830439436270299172350705798723628066897016,
  "confiabilidade_total": 0.97151318830439436270299172350705798723628066897016
  "peso": 107.60000000000001,
  "custo": 82.10000000000001
}
 
Individuo 38:
{
  "solucao": [2 8 8 0 7]
                [1 1 1 1 3],
  "funcao_objetivo": 0.95649172717403834880563614422654785761977305573880,
  "confiabilidade_total": 0.95649172717403834880563614422654785761977305573880
  "peso": 114.61,
  "custo": 96.82
}
 
Individuo 39:
{
  "solucao": [3 0 1 9 3]
                [1 1 1 2 1],
  "funcao_objetivo": 0.97416728832110675814093165487018205375659661303156,
  "confiabilidade_total": 0.97416728832110675814093165487018205375659661303156
  "peso": 119.49000000000001,
  "custo": 90.4
}
 
Individuo 40:
{
  "solucao": [7 4 1 5 1]
                [2 1 1 1 2],
  "funcao_objetivo": 0.96013658500064562554752770182148758176631023210945,
  "confiabilidade_total": 0.96913658500064572895092465784700486547230471891823
  "peso": 121.08000000000001,
  "custo": 98.28
}
 
Individuo 41:
{
  "solucao": [6 0 3 8 7]
                [2 1 1 1 1],
  "funcao_objetivo": 0.97321039008253014478502493277923165067503253575471,
  "confiabilidade_total": 0.97321039008253014478502493277923165067503253575471
  "peso": 111.19000000000001,
  "custo": 81.02
}
 
Individuo 42:
{
  "solucao": [5 8 6 3 3]
                [2 1 1 1 1],
  "funcao_objetivo": 0.96359916466835853511994347623161604526705406575913,
  "confiabilidade_total": 0.96359916466835853511994347623161604526705406575913
  "peso": 108.36000000000001,
  "custo": 70.3
}
 
Individuo 43:
{
  "solucao": [8 9 0 7 1]
                [1 1 2 1 1],
  "funcao_objetivo": 0.96221146609544486281377266410341472867988624621137,
  "confiabilidade_total": 0.96221146609544486281377266410341472867988624621137
  "peso": 105.78,
  "custo": 92.95
}
 
Individuo 44:
{
  "solucao": [0 1 2 7 2]
                [2 1 1 1 1],
  "funcao_objetivo": 0.97417357191378215906479544326870241552942457465659,
  "confiabilidade_total": 0.97417357191378215906479544326870241552942457465659
  "peso": 118.25000000000001,
  "custo": 80.78999999999999
}
 
Individuo 45:
{
  "solucao": [1 5 7 8 7]
                [2 2 1 1 0],
  "funcao_objetivo": 0.98565738055158236077225972039805446283786156062515,
  "confiabilidade_total": 0.98565738055158236077225972039805446283786156062515
  "peso": 94.39,
  "custo": 78.31
}
 
Individuo 46:
{
  "solucao": [5 3 6 2 4]
                [2 1 1 1 1],
  "funcao_objetivo": 0.97026940970524980468654278498866596180324013889985,
  "confiabilidade_total": 0.97026940970524980468654278498866596180324013889985
  "peso": 118.11,
  "custo": 68.5
}
 
Individuo 47:
{
  "solucao": [1 4 5 7 5]
                [2 1 1 1 1],
  "funcao_objetivo": 0.96606351052103766868870121777480665723306547274828,
  "confiabilidade_total": 0.96606351052103766868870121777480665723306547274828
  "peso": 103.56000000000002,
  "custo": 79.0
}
 
Individuo 48:
{
  "solucao": [8 6 6 6 7]
                [2 1 1 1 1],
  "funcao_objetivo": 0.96110665429965005743706086608489895335175763301154,
  "confiabilidade_total": 0.96110665429965005743706086608489895335175763301154
  "peso": 103.37,
  "custo": 78.64999999999999
}
 
Individuo 49:
{
  "solucao": [7 6 1 1 0]
                [1 1 2 1 0],
  "funcao_objetivo": 0.95542543449242263798189137120107061274705197654004,
  "confiabilidade_total": 0.95542543449242263798189137120107061274705197654004
  "peso": 88.47,
  "custo": 71.46000000000001
}
 
Individuo 50:
{
  "solucao": [9 3 0 3 4]
                [1 1 1 1 1],
  "funcao_objetivo": 0.95113564305659035188096908951010103447959315724137,
  "confiabilidade_total": 0.95113564305659035188096908951010103447959315724137
  "peso": 106.72999999999999,
  "custo": 71.9
}
 
-----------------------------------------
GERACAO 6
Mutante 1:
[[2.  0.  1.2 6.8 9.6]
 [1.  2.  1.  1.  0.4]]
 
Mutante 2:
[[8.6 6.8 9.  2.2 0. ]
 [2.6 1.  1.  0.4 1. ]]
 
Mutante 3:
[[7.8 0.  0.  8.6 8.2]
 [2.  1.  0.4 1.  1. ]]
 
Mutante 4:
[[6.2 0.  9.2 6.4 3.6]
 [2.6 1.  1.  0.4 1. ]]
 
Mutante 5:
[[2.6 0.  5.4 4.6 5.4]
 [1.  1.  1.  2.  1. ]]
 
Mutante 6:
[[6.6 0.  1.8 9.2 2.2]
 [1.4 1.  1.  1.  1. ]]
 
Mutante 7:
[[0.4 8.6 5.2 5.  2.8]
 [2.  2.  1.  1.  1. ]]
 
Mutante 8:
[[3.2 7.6 0.  4.8 2.8]
 [1.  2.6 1.  0.4 2. ]]
 
Mutante 9:
[[9.  1.4 3.2 7.4 7.2]
 [2.6 0.4 1.  0.4 1. ]]
 
Mutante 10:
[[4.4 9.4 3.4 2.4 0. ]
 [1.  2.  1.  1.  2. ]]
 
Mutante 11:
[[4.4 8.2 2.8 7.8 0. ]
 [0.4 1.6 1.  2.  1.6]]
 
Mutante 12:
[[3.2 9.  0.  4.6 2.8]
 [1.  1.  1.  2.  1. ]]
 
Mutante 13:
[[8.4 5.  0.  3.4 1.2]
 [2.  0.4 1.  0.4 1. ]]
 
Mutante 14:
[[4.2 6.2 1.4 7.  5.4]
 [2.  1.  1.  0.4 1. ]]
 
Mutante 15:
[[6.6 4.8 3.6 0.6 5.2]
 [1.  1.6 0.4 1.  1. ]]
 
Mutante 16:
[[7.2 1.2 0.  0.2 4.4]
 [1.  1.  2.6 0.4 0.4]]
 
Mutante 17:
[[5.4 2.8 5.2 6.2 0. ]
 [2.  1.  1.  1.6 1. ]]
 
Mutante 18:
[[7.6 0.  0.  9.8 7.6]
 [1.4 1.  1.6 1.  1. ]]
 
Mutante 19:
[[8.  0.  9.  5.6 3.8]
 [2.6 0.4 2.  1.  0.4]]
 
Mutante 20:
[[5.6 0.6 9.  3.8 0. ]
 [2.6 1.  0.4 1.  1. ]]
 
Mutante 21:
[[0.  6.  6.2 5.8 3.6]
 [1.  1.  1.  1.4 1. ]]
 
Mutante 22:
[[3.  0.  0.  7.  2. ]
 [2.  0.4 1.  1.  1.6]]
 
Mutante 23:
[[5.4 1.8 6.  6.2 6.4]
 [2.6 1.  0.4 1.  1. ]]
 
Mutante 24:
[[2.2 0.  5.8 4.2 0. ]
 [2.  1.  1.  0.4 1. ]]
 
Mutante 25:
[[7.  6.8 7.6 4.2 0. ]
 [2.6 1.  0.4 1.  1. ]]
 
Mutante 26:
[[4.2 3.4 5.2 2.6 0.4]
 [1.4 1.6 1.  0.4 1.6]]
 
Mutante 27:
[[9.2 7.8 8.4 9.8 8.8]
 [2.  1.  1.  2.  0.4]]
 
Mutante 28:
[[1.6 2.4 3.8 9.  6. ]
 [1.6 1.  0.4 2.  1. ]]
 
Mutante 29:
[[1.  3.4 3.8 9.  9. ]
 [2.6 1.  0.4 2.  1. ]]
 
Mutante 30:
[[6.8 9.  0.4 4.2 0. ]
 [1.  2.  0.4 1.  2. ]]
 
Mutante 31:
[[0.  6.2 8.6 9.  9.8]
 [1.  2.6 1.  2.  0.4]]
 
Mutante 32:
[[9.  4.4 5.8 5.4 0. ]
 [2.  0.4 1.  1.  1. ]]
 
Mutante 33:
[[0.4 1.4 6.2 7.4 4.4]
 [1.  2.  1.  1.4 1. ]]
 
Mutante 34:
[[9.  0.  4.8 8.6 0. ]
 [2.  1.  1.6 1.  1. ]]
 
Mutante 35:
[[9.  9.  4.4 0.  0.8]
 [0.4 1.  2.6 1.  0.4]]
 
Mutante 36:
[[8.6 6.2 6.4 3.8 2.6]
 [2.  1.  1.6 1.4 1. ]]
 
Mutante 37:
[[0.4 7.  8.  8.2 3.2]
 [2.  0.4 1.  1.6 1. ]]
 
Mutante 38:
[[9.  2.2 6.2 9.  7. ]
 [2.6 1.  2.  0.4 1. ]]
 
Mutante 39:
[[5.4 5.6 1.4 4.6 0. ]
 [2.  0.4 1.  1.  1.6]]
 
Mutante 40:
[[7.4 9.6 1.  4.6 0. ]
 [1.6 0.4 1.  2.  1. ]]
 
Mutante 41:
[[6.2 6.6 6.  3.8 4. ]
 [2.  1.  1.  1.  1. ]]
 
Mutante 42:
[[3.4 9.  9.2 6.2 9. ]
 [2.6 1.  1.  1.4 1.6]]
 
Mutante 43:
[[0.  5.8 6.2 9.  6.8]
 [2.6 1.  1.  2.  1. ]]
 
Mutante 44:
[[1.8 2.  6.  8.  1.8]
 [1.  1.  2.  1.  0.4]]
 
Mutante 45:
[[3.4 3.2 9.4 4.2 1.2]
 [1.4 1.  1.  1.6 0.4]]
 
Mutante 46:
[[6.4 1.  2.8 5.  1. ]
 [2.  0.4 1.6 1.  2. ]]
 
Mutante 47:
[[6.  2.8 6.4 5.  4. ]
 [2.  1.  1.  1.  1. ]]
 
Mutante 48:
[[4.6 2.  7.6 1.8 2.4]
 [2.6 1.  1.  0.4 1. ]]
 
Mutante 49:
[[5.2 8.  8.  9.  3.8]
 [1.6 1.4 1.  2.  1. ]]
 
Mutante 50:
[[6.2 6.6 6.  5.6 4.6]
 [2.  1.  1.  2.  1. ]]
 
-----------------------------------------
Número de avaliações até o momento: 300
Evoluido 1:
[[2 0 5 6 9]
 [1 2 1 1 1]]
 
Evoluido 2:
[[8 6 5 8 0]
 [2 1 1 2 1]]
 
Evoluido 3:
[[8 8 4 5 8]
 [2 1 0 2 1]]
 
Evoluido 4:
[[5 4 9 6 4]
 [2 1 1 0 1]]
 
Evoluido 5:
[[2 0 5 4 6]
 [1 1 1 1 1]]
 
Evoluido 6:
[[6 0 1 9 5]
 [1 1 2 1 1]]
 
Evoluido 7:
[[0 8 8 5 2]
 [2 2 2 1 1]]
 
Evoluido 8:
[[3 2 0 4 2]
 [1 2 1 0 2]]
 
Evoluido 9:
[[5 1 3 7 1]
 [1 2 1 0 1]]
 
Evoluido 10:
[[4 6 3 2 7]
 [1 2 2 1 1]]
 
Evoluido 11:
[[8 8 2 9 0]
 [0 2 1 2 1]]
 
Evoluido 12:
[[3 0 0 4 2]
 [1 1 2 2 1]]
 
Evoluido 13:
[[5 5 0 4 1]
 [2 1 1 2 1]]
 
Evoluido 14:
[[4 6 1 7 7]
 [2 1 1 0 1]]
 
Evoluido 15:
[[6 4 3 0 1]
 [1 1 0 1 1]]
 
Evoluido 16:
[[5 2 0 0 4]
 [2 1 1 0 1]]
 
Evoluido 17:
[[5 2 6 8 0]
 [1 1 2 1 1]]
 
Evoluido 18:
[[7 6 0 9 7]
 [1 1 1 2 1]]
 
Evoluido 19:
[[8 0 5 5 2]
 [2 0 2 1 0]]
 
Evoluido 20:
[[5 0 6 3 7]
 [2 2 1 1 1]]
 
Evoluido 21:
[[0 6 6 5 7]
 [1 1 1 1 1]]
 
Evoluido 22:
[[9 0 5 7 2]
 [2 1 1 1 1]]
 
Evoluido 23:
[[5 1 6 0 6]
 [2 1 0 1 1]]
 
Evoluido 24:
[[5 0 5 4 3]
 [2 1 1 0 1]]
 
Evoluido 25:
[[5 4 7 9 1]
 [2 1 0 1 1]]
 
Evoluido 26:
[[7 7 8 2 8]
 [2 1 1 1 2]]
 
Evoluido 27:
[[7 5 8 7 8]
 [2 1 1 2 3]]
 
Evoluido 28:
[[1 1 8 7 7]
 [1 2 1 2 1]]
 
Evoluido 29:
[[1 3 3 8 9]
 [2 1 1 2 1]]
 
Evoluido 30:
[[6 9 3 8 7]
 [2 2 1 1 2]]
 
Evoluido 31:
[[0 3 6 8 6]
 [2 1 1 1 1]]
 
Evoluido 32:
[[1 4 8 5 8]
 [1 0 1 1 1]]
 
Evoluido 33:
[[9 8 6 7 0]
 [1 1 1 1 1]]
 
Evoluido 34:
[[9 0 4 8 8]
 [2 1 1 1 1]]
 
Evoluido 35:
[[9 9 6 0 4]
 [2 1 2 2 0]]
 
Evoluido 36:
[[6 8 6 3 2]
 [2 1 1 1 1]]
 
Evoluido 37:
[[7 2 8 3 3]
 [2 0 1 1 1]]
 
Evoluido 38:
[[2 2 8 0 7]
 [1 1 1 1 1]]
 
Evoluido 39:
[[5 5 1 4 0]
 [1 1 1 1 1]]
 
Evoluido 40:
[[7 9 1 4 1]
 [1 1 1 2 2]]
 
Evoluido 41:
[[6 6 6 8 7]
 [2 1 1 1 1]]
 
Evoluido 42:
[[3 9 6 6 9]
 [2 1 1 1 1]]
 
Evoluido 43:
[[8 5 0 7 1]
 [1 1 2 2 1]]
 
Evoluido 44:
[[1 1 2 8 2]
 [1 1 2 1 0]]
 
Evoluido 45:
[[1 3 9 8 7]
 [1 1 1 1 0]]
 
Evoluido 46:
[[6 1 6 2 4]
 [2 1 1 1 1]]
 
Evoluido 47:
[[6 2 5 5 5]
 [2 1 1 1 1]]
 
Evoluido 48:
[[4 2 7 1 7]
 [2 1 1 1 1]]
 
Evoluido 49:
[[7 8 1 1 3]
 [1 1 2 1 1]]
 
Evoluido 50:
[[6 6 0 5 4]
 [1 1 1 2 1]]
 
-----------------------------------------
Individuo 1:
{
  "solucao": [7 6 5 9 7]
                [2 2 1 1 1],
  "funcao_objetivo": 0.98807886458809795502505637622984962228162798428433,
  "confiabilidade_total": 0.98807886458809795502505637622984962228162798428433
  "peso": 115.63000000000001,
  "custo": 97.36000000000001
}
 
Individuo 2:
{
  "solucao": [1 7 5 8 8]
                [2 1 1 2 1],
  "funcao_objetivo": 0.98673624699121823528378649487050553071472297293414,
  "confiabilidade_total": 0.98673624699121823528378649487050553071472297293414
  "peso": 108.82,
  "custo": 94.7
}
 
Individuo 3:
{
  "solucao": [8 8 4 5 2]
                [2 1 1 2 1],
  "funcao_objetivo": 0.98617816342979705247936849806866612493030496696459,
  "confiabilidade_total": 0.98617816342979705247936849806866612493030496696459
  "peso": 119.68000000000002,
  "custo": 84.19999999999999
}
 
Individuo 4:
{
  "solucao": [5 4 8 7 4]
                [2 1 1 2 1],
  "funcao_objetivo": 0.98592491050677736159998243656729789785315033330478,
  "confiabilidade_total": 0.98592491050677736159998243656729789785315033330478
  "peso": 119.84,
  "custo": 91.72999999999999
}
 
Individuo 5:
{
  "solucao": [2 1 0 5 6]
                [1 2 1 1 1],
  "funcao_objetivo": 0.97860093061325660950992638919213856799116718810051,
  "confiabilidade_total": 0.97860093061325660950992638919213856799116718810051
  "peso": 113.95,
  "custo": 77.78
}
 
Individuo 6:
{
  "solucao": [6 0 1 5 5]
                [1 1 2 1 1],
  "funcao_objetivo": 0.97413024670356547200518605118492592024880838977465,
  "confiabilidade_total": 0.97413024670356547200518605118492592024880838977465
  "peso": 105.95000000000002,
  "custo": 78.6
}
 
Individuo 7:
{
  "solucao": [6 1 8 9 7]
                [2 1 2 1 1],
  "funcao_objetivo": 0.97369631432969970403463282683576535320218559342184,
  "confiabilidade_total": 0.97369631432969970403463282683576535320218559342184
  "peso": 119.86,
  "custo": 98.82
}
 
Individuo 8:
{
  "solucao": [8 2 8 8 2]
                [2 1 2 1 1],
  "funcao_objetivo": 0.97354644136031051890875974482525085964854442472423,
  "confiabilidade_total": 0.97354644136031051890875974482525085964854442472423
  "peso": 118.36,
  "custo": 85.72999999999999
}
 
Individuo 9:
{
  "solucao": [5 7 1 6 1]
                [1 2 1 1 2],
  "funcao_objetivo": 0.97282366187037161684857786717548195458596515824287,
  "confiabilidade_total": 0.97282366187037161684857786717548195458596515824287
  "peso": 117.35000000000001,
  "custo": 96.61
}
 
Individuo 10:
{
  "solucao": [4 6 1 1 7]
                [1 1 2 1 1],
  "funcao_objetivo": 0.97248102864723279337048581428521034053629197492014,
  "confiabilidade_total": 0.97248102864723279337048581428521034053629197492014
  "peso": 112.22,
  "custo": 85.5
}
 
Individuo 11:
{
  "solucao": [8 8 2 9 6]
                [2 2 1 1 1],
  "funcao_objetivo": 0.98830984494068990125446256936094570405561492745894,
  "confiabilidade_total": 0.98830984494068990125446256936094570405561492745894
  "peso": 119.47999999999999,
  "custo": 93.05000000000001
}
 
Individuo 12:
{
  "solucao": [8 0 4 6 7]
                [1 1 2 1 1],
  "funcao_objetivo": 0.97219180495353702475830896226610752376176754933951,
  "confiabilidade_total": 0.97219180495353702475830896226610752376176754933951
  "peso": 116.52,
  "custo": 84.75
}
 
Individuo 13:
{
  "solucao": [5 9 1 4 1]
                [1 1 1 2 1],
  "funcao_objetivo": 0.97076464828026515072323870272753191787407251847681,
  "confiabilidade_total": 0.97076464828026515072323870272753191787407251847681
  "peso": 116.84,
  "custo": 85.68
}
 
Individuo 14:
{
  "solucao": [2 3 7 1 7]
                [1 2 1 1 1],
  "funcao_objetivo": 0.97050772022867490374082863680654510192121243665658,
  "confiabilidade_total": 0.97050772022867490374082863680654510192121243665658
  "peso": 113.43,
  "custo": 77.88000000000001
}
 
Individuo 15:
{
  "solucao": [6 4 7 2 1]
                [2 1 1 1 1],
  "funcao_objetivo": 0.97025827664366237448648842082501129610891400798908,
  "confiabilidade_total": 0.97025827664366237448648842082501129610891400798908
  "peso": 118.77000000000001,
  "custo": 77.86000000000001
}
 
Individuo 16:
{
  "solucao": [5 2 8 4 0]
                [2 1 1 1 1],
  "funcao_objetivo": 0.97084122763821305347342514062019554207227271162707,
  "confiabilidade_total": 0.97084122763821305347342514062019554207227271162707
  "peso": 110.78999999999999,
  "custo": 73.61
}
 
Individuo 17:
{
  "solucao": [0 2 6 8 6]
                [1 1 2 1 1],
  "funcao_objetivo": 0.96927907551792752000004602860051053454712720102617,
  "confiabilidade_total": 0.96927907551792752000004602860051053454712720102617
  "peso": 117.63999999999999,
  "custo": 76.06
}
 
Individuo 18:
{
  "solucao": [7 6 0 9 7]
                [1 1 1 2 1],
  "funcao_objetivo": 0.97193175429678335273550257851131639138919621445985,
  "confiabilidade_total": 0.97193175429678335273550257851131639138919621445985
  "peso": 105.41,
  "custo": 93.74000000000001
}
 
Individuo 19:
{
  "solucao": [6 6 5 2 2]
                [1 1 2 1 1],
  "funcao_objetivo": 0.96881841519887385258124970215906144235376426050232,
  "confiabilidade_total": 0.96881841519887385258124970215906144235376426050232
  "peso": 114.96000000000001,
  "custo": 64.34
}
 
Individuo 20:
{
  "solucao": [5 8 6 9 7]
                [1 2 1 2 1],
  "funcao_objetivo": 0.96835254516484906705912062378241074942886320832162,
  "confiabilidade_total": 0.96835254516484906705912062378241074942886320832162
  "peso": 114.88,
  "custo": 99.8
}
 
Individuo 21:
{
  "solucao": [9 4 2 3 7]
                [2 1 1 1 1],
  "funcao_objetivo": 0.96736150430390846927642669818601059383779130784167,
  "confiabilidade_total": 0.96736150430390846927642669818601059383779130784167
  "peso": 119.6,
  "custo": 85.93
}
 
Individuo 22:
{
  "solucao": [9 0 5 7 2]
                [2 1 1 1 1],
  "funcao_objetivo": 0.97262218107754803628866489347826860361341536662709,
  "confiabilidade_total": 0.97262218107754803628866489347826860361341536662709
  "peso": 108.70000000000002,
  "custo": 86.33
}
 
Individuo 23:
{
  "solucao": [5 7 7 0 0]
                [2 1 2 1 1],
  "funcao_objetivo": 0.97956697669343725153124139653667630994888875120983,
  "confiabilidade_total": 0.97956697669343725153124139653667630994888875120983
  "peso": 112.44999999999999,
  "custo": 97.36
}
 
Individuo 24:
{
  "solucao": [5 0 6 7 3]
                [1 1 1 2 1],
  "funcao_objetivo": 0.96499276310363736312014037836119974669960724864603,
  "confiabilidade_total": 0.96499276310363736312014037836119974669960724864603
  "peso": 105.47,
  "custo": 80.45
}
 
Individuo 25:
{
  "solucao": [5 4 4 9 1]
                [1 1 1 2 1],
  "funcao_objetivo": 0.96464438919183107390081208430852897861659014185539,
  "confiabilidade_total": 0.96464438919183107390081208430852897861659014185539
  "peso": 117.15,
  "custo": 88.72
}
 
Individuo 26:
{
  "solucao": [7 7 8 2 8]
                [2 1 1 1 2],
  "funcao_objetivo": 0.97035933290208042042178852504779268469566958601541,
  "confiabilidade_total": 0.97035933290208042042178852504779268469566958601541
  "peso": 108.92,
  "custo": 94.06
}
 
Individuo 27:
{
  "solucao": [7 5 8 7 5]
                [1 2 1 1 3],
  "funcao_objetivo": 0.96436736405883385670312985227636476917034536315888,
  "confiabilidade_total": 0.96436736405883385670312985227636476917034536315888
  "peso": 116.53,
  "custo": 94.58000000000001
}
 
Individuo 28:
{
  "solucao": [6 1 8 7 7]
                [1 2 1 1 1],
  "funcao_objetivo": 0.96252323110068981119712770484383266492844424607450,
  "confiabilidade_total": 0.96252323110068981119712770484383266492844424607450
  "peso": 99.10000000000001,
  "custo": 84.9
}
 
Individuo 29:
{
  "solucao": [6 0 3 8 1]
                [2 1 1 1 1],
  "funcao_objetivo": 0.97397555237724083127953392405557715149188350399542,
  "confiabilidade_total": 0.97397555237724083127953392405557715149188350399542
  "peso": 115.14000000000001,
  "custo": 80.92999999999999
}
 
Individuo 30:
{
  "solucao": [7 0 3 8 7]
                [2 1 1 1 1],
  "funcao_objetivo": 0.97309365831469756640453622855181507997350978938679,
  "confiabilidade_total": 0.97309365831469756640453622855181507997350978938679
  "peso": 99.45,
  "custo": 85.96
}
 
Individuo 31:
{
  "solucao": [0 3 6 8 6]
                [2 1 1 1 1],
  "funcao_objetivo": 0.96683847806126184163912273444458440005477614803151,
  "confiabilidade_total": 0.96683847806126184163912273444458440005477614803151
  "peso": 117.30999999999999,
  "custo": 82.29
}
 
Individuo 32:
{
  "solucao": [1 5 8 8 8]
                [1 2 1 2 1],
  "funcao_objetivo": 0.97497258535732326315324955702402345827778098168226,
  "confiabilidade_total": 0.97497258535732326315324955702402345827778098168226
  "peso": 105.88,
  "custo": 88.77
}
 
Individuo 33:
{
  "solucao": [9 8 7 6 0]
                [2 1 1 1 1],
  "funcao_objetivo": 0.96066028128850354529156334469248023314245565743716,
  "confiabilidade_total": 0.96066028128850354529156334469248023314245565743716
  "peso": 105.83999999999999,
  "custo": 92.25
}
 
Individuo 34:
{
  "solucao": [9 0 4 8 8]
                [2 1 1 1 1],
  "funcao_objetivo": 0.97181662076053617904395828702503760697942767161918,
  "confiabilidade_total": 0.97181662076053617904395828702503760697942767161918
  "peso": 110.0,
  "custo": 92.42999999999998
}
 
Individuo 35:
{
  "solucao": [8 9 6 8 4]
                [2 1 1 2 1],
  "funcao_objetivo": 0.97967856089065000678019385840485984928155424766709,
  "confiabilidade_total": 0.98384522755731667338903640920563294613449009828736
  "peso": 120.5,
  "custo": 97.6
}
 
Individuo 36:
{
  "solucao": [6 8 6 3 2]
                [2 1 1 1 1],
  "funcao_objetivo": 0.96405700785394063900406356845132397773960242253698,
  "confiabilidade_total": 0.96405700785394063900406356845132397773960242253698
  "peso": 119.52,
  "custo": 71.92999999999999
}
 
Individuo 37:
{
  "solucao": [7 2 7 3 0]
                [2 1 1 1 1],
  "funcao_objetivo": 0.97151318830439436270299172350705798723628066897016,
  "confiabilidade_total": 0.97151318830439436270299172350705798723628066897016
  "peso": 107.60000000000001,
  "custo": 82.10000000000001
}
 
Individuo 38:
{
  "solucao": [2 8 8 0 7]
                [1 1 1 1 3],
  "funcao_objetivo": 0.95649172717403834880563614422654785761977305573880,
  "confiabilidade_total": 0.95649172717403834880563614422654785761977305573880
  "peso": 114.61,
  "custo": 96.82
}
 
Individuo 39:
{
  "solucao": [3 0 1 9 3]
                [1 1 1 2 1],
  "funcao_objetivo": 0.97416728832110675814093165487018205375659661303156,
  "confiabilidade_total": 0.97416728832110675814093165487018205375659661303156
  "peso": 119.49000000000001,
  "custo": 90.4
}
 
Individuo 40:
{
  "solucao": [7 4 1 5 1]
                [2 1 1 1 2],
  "funcao_objetivo": 0.96013658500064562554752770182148758176631023210945,
  "confiabilidade_total": 0.96913658500064572895092465784700486547230471891823
  "peso": 121.08000000000001,
  "custo": 98.28
}
 
Individuo 41:
{
  "solucao": [6 0 3 8 7]
                [2 1 1 1 1],
  "funcao_objetivo": 0.97321039008253014478502493277923165067503253575471,
  "confiabilidade_total": 0.97321039008253014478502493277923165067503253575471
  "peso": 111.19000000000001,
  "custo": 81.02
}
 
Individuo 42:
{
  "solucao": [5 8 6 3 3]
                [2 1 1 1 1],
  "funcao_objetivo": 0.96359916466835853511994347623161604526705406575913,
  "confiabilidade_total": 0.96359916466835853511994347623161604526705406575913
  "peso": 108.36000000000001,
  "custo": 70.3
}
 
Individuo 43:
{
  "solucao": [8 5 0 7 1]
                [1 1 2 2 1],
  "funcao_objetivo": 0.98897142128655652955378466168380978085206408951500,
  "confiabilidade_total": 0.99207142128655655242993008408516029628099461052635
  "peso": 116.25,
  "custo": 100.31
}
 
Individuo 44:
{
  "solucao": [0 1 2 7 2]
                [2 1 1 1 1],
  "funcao_objetivo": 0.97417357191378215906479544326870241552942457465659,
  "confiabilidade_total": 0.97417357191378215906479544326870241552942457465659
  "peso": 118.25000000000001,
  "custo": 80.78999999999999
}
 
Individuo 45:
{
  "solucao": [1 5 7 8 7]
                [2 2 1 1 0],
  "funcao_objetivo": 0.98565738055158236077225972039805446283786156062515,
  "confiabilidade_total": 0.98565738055158236077225972039805446283786156062515
  "peso": 94.39,
  "custo": 78.31
}
 
Individuo 46:
{
  "solucao": [5 3 6 2 4]
                [2 1 1 1 1],
  "funcao_objetivo": 0.97026940970524980468654278498866596180324013889985,
  "confiabilidade_total": 0.97026940970524980468654278498866596180324013889985
  "peso": 118.11,
  "custo": 68.5
}
 
Individuo 47:
{
  "solucao": [6 2 5 5 5]
                [2 1 1 1 1],
  "funcao_objetivo": 0.96808738028784019374599273377426461956325759445467,
  "confiabilidade_total": 0.96808738028784019374599273377426461956325759445467
  "peso": 106.96000000000001,
  "custo": 65.16
}
 
Individuo 48:
{
  "solucao": [4 2 7 1 7]
                [2 1 1 1 1],
  "funcao_objetivo": 0.97442326356594616130757074471213228130093631841311,
  "confiabilidade_total": 0.97442326356594616130757074471213228130093631841311
  "peso": 116.63000000000002,
  "custo": 82.0
}
 
Individuo 49:
{
  "solucao": [7 8 1 1 3]
                [1 1 2 1 1],
  "funcao_objetivo": 0.97140064222186866711245311352060648916818092322692,
  "confiabilidade_total": 0.97140064222186866711245311352060648916818092322692
  "peso": 105.18,
  "custo": 84.42
}
 
Individuo 50:
{
  "solucao": [6 6 0 5 4]
                [1 1 1 2 1],
  "funcao_objetivo": 0.97360876603002814987376671546772100427666787017048,
  "confiabilidade_total": 0.97360876603002814987376671546772100427666787017048
  "peso": 113.52000000000001,
  "custo": 75.50999999999999
}
 
-----------------------------------------
GERACAO 7
Mutante 1:
[[4.8 8.6 4.8 3.6 0. ]
 [2.  1.  1.  1.  0.4]]
 
Mutante 2:
[[3.6 0.  0.  9.  0. ]
 [0.4 1.  1.6 2.6 0.4]]
 
Mutante 3:
[[5.  5.8 0.  7.8 3.4]
 [1.  2.  1.  1.  2. ]]
 
Mutante 4:
[[2.6 7.  8.2 0.  3. ]
 [1.4 1.  2.  1.  2.2]]
 
Mutante 5:
[[0.4 5.8 7.4 8.6 7.4]
 [2.  1.  1.  2.  1. ]]
 
Mutante 6:
[[9.8 8.  3.4 5.6 0.2]
 [2.6 0.4 1.  2.  1. ]]
 
Mutante 7:
[[1.6 5.2 1.4 9.  5.6]
 [2.  0.4 1.  2.6 1. ]]
 
Mutante 8:
[[9.  5.8 9.2 2.6 8.6]
 [2.  1.  1.6 1.  2. ]]
 
Mutante 9:
[[5.8 9.  0.  0.  0. ]
 [0.4 1.  2.  1.6 1. ]]
 
Mutante 10:
[[5.  8.6 9.  0.  3.4]
 [1.6 0.4 1.  1.  3. ]]
 
Mutante 11:
[[6.8 3.  6.6 2.  8.2]
 [2.  1.  1.  1.  1. ]]
 
Mutante 12:
[[0.  3.  9.  0.4 9.4]
 [1.  2.  0.4 1.  2.2]]
 
Mutante 13:
[[6.  1.2 3.4 6.2 2. ]
 [1.6 1.  2.  1.  1. ]]
 
Mutante 14:
[[3.2 9.6 1.6 4.  5.2]
 [0.4 1.  0.4 2.  2.2]]
 
Mutante 15:
[[0.  7.8 7.2 3.8 8.4]
 [2.  1.  1.  0.4 2.2]]
 
Mutante 16:
[[5.2 5.2 5.  8.  4.4]
 [2.6 0.4 1.6 1.4 1. ]]
 
Mutante 17:
[[6.  5.6 3.  1.2 6.2]
 [2.  1.  1.  1.  1. ]]
 
Mutante 18:
[[7.8 3.  1.8 9.8 0. ]
 [2.  1.  1.  1.6 1. ]]
 
Mutante 19:
[[2.  4.2 9.4 2.2 4. ]
 [1.6 2.  1.  1.  1. ]]
 
Mutante 20:
[[5.4 4.8 8.6 5.  0. ]
 [1.  1.  2.6 1.  1. ]]
 
Mutante 21:
[[0.6 5.4 6.  8.  3.6]
 [2.6 1.  0.4 1.  1.6]]
 
Mutante 22:
[[0.  0.  6.6 7.4 6.6]
 [2.  0.4 1.  1.  1. ]]
 
Mutante 23:
[[3.4 6.2 4.6 5.6 2.8]
 [1.4 2.  1.  1.  1. ]]
 
Mutante 24:
[[3.  7.2 6.8 0.  1.4]
 [1.  1.  2.  1.  1. ]]
 
Mutante 25:
[[7.8 1.8 7.6 7.4 8.6]
 [2.  1.  1.  1.  1.6]]
 
Mutante 26:
[[2.  7.2 0.  4.  0. ]
 [1.  1.  1.  1.4 1. ]]
 
Mutante 27:
[[1.2 0.  8.4 9.  4.8]
 [1.6 1.  1.4 1.  1. ]]
 
Mutante 28:
[[0.  1.4 9.6 5.6 9.6]
 [0.4 1.6 2.  1.  0.4]]
 
Mutante 29:
[[1.4 0.  2.8 6.6 1. ]
 [0.4 1.  1.  2.  1. ]]
 
Mutante 30:
[[9.  0.  1.  6.  2.8]
 [1.6 0.4 2.  0.4 1. ]]
 
Mutante 31:
[[1.  5.  7.  4.4 4.6]
 [2.6 1.4 1.  0.4 1. ]]
 
Mutante 32:
[[4.2 7.2 5.6 0.2 0.2]
 [1.  1.  2.  1.  1. ]]
 
Mutante 33:
[[2.6 5.6 9.  0.  4.6]
 [1.6 1.  1.  0.4 3. ]]
 
Mutante 34:
[[6.6 2.4 4.2 6.8 7.6]
 [1.6 0.4 1.6 2.  0.4]]
 
Mutante 35:
[[2.  7.8 9.  0.  4. ]
 [1.4 1.  1.  1.  2.2]]
 
Mutante 36:
[[4.  9.  6.2 9.  9. ]
 [2.  2.  1.  1.6 1. ]]
 
Mutante 37:
[[2.  9.  7.  1.8 1.8]
 [2.  1.  2.  1.6 1. ]]
 
Mutante 38:
[[8.8 3.6 2.6 8.4 8.8]
 [1.4 2.  1.6 0.4 1. ]]
 
Mutante 39:
[[8.2 7.4 5.  5.8 3.8]
 [1.6 2.  1.  0.4 3. ]]
 
Mutante 40:
[[0.  5.6 5.4 3.8 1.8]
 [1.6 0.4 2.6 1.  1. ]]
 
Mutante 41:
[[9.  5.6 3.8 5.2 3.2]
 [0.4 1.4 1.  1.6 3. ]]
 
Mutante 42:
[[0.2 5.2 9.2 8.2 3.4]
 [2.  1.  1.  2.  1. ]]
 
Mutante 43:
[[8.6 5.2 8.6 3.4 1. ]
 [2.6 1.  0.4 2.  1. ]]
 
Mutante 44:
[[6.8 3.4 8.2 3.  0. ]
 [2.  1.  2.6 1.  1. ]]
 
Mutante 45:
[[5.  9.  2.2 5.8 0. ]
 [1.6 1.  0.4 2.  1. ]]
 
Mutante 46:
[[2.6 0.  3.  8.6 3.6]
 [1.  2.  0.4 1.6 1. ]]
 
Mutante 47:
[[8.  6.6 9.  0.2 5.2]
 [2.6 0.4 1.  1.  1.6]]
 
Mutante 48:
[[4.4 3.2 6.2 0.  3.6]
 [2.  1.  1.6 0.4 1. ]]
 
Mutante 49:
[[0.  2.4 9.  9.  9.6]
 [2.  1.6 1.  1.  1. ]]
 
Mutante 50:
[[1.6 0.  7.  3.4 8.2]
 [1.4 1.  1.  1.6 0.4]]
 
-----------------------------------------
Número de avaliações até o momento: 350
Evoluido 1:
[[4 6 4 3 7]
 [2 2 1 1 0]]
 
Evoluido 2:
[[3 7 5 9 8]
 [2 1 1 2 1]]
 
Evoluido 3:
[[5 8 4 7 3]
 [2 2 1 1 1]]
 
Evoluido 4:
[[2 4 8 7 3]
 [1 1 1 2 1]]
 
Evoluido 5:
[[2 5 7 5 6]
 [1 1 1 2 1]]
 
Evoluido 6:
[[9 0 1 5 0]
 [1 0 1 2 1]]
 
Evoluido 7:
[[1 5 8 9 5]
 [2 0 2 2 1]]
 
Evoluido 8:
[[9 5 9 8 2]
 [2 1 1 1 1]]
 
Evoluido 9:
[[5 7 1 6 0]
 [0 2 2 1 2]]
 
Evoluido 10:
[[5 6 9 1 7]
 [1 0 1 1 1]]
 
Evoluido 11:
[[8 3 6 9 8]
 [2 1 1 1 1]]
 
Evoluido 12:
[[8 0 9 6 9]
 [1 2 0 1 1]]
 
Evoluido 13:
[[5 9 3 4 2]
 [1 1 1 1 1]]
 
Evoluido 14:
[[2 3 7 4 7]
 [0 1 0 1 2]]
 
Evoluido 15:
[[6 4 7 2 1]
 [2 1 1 0 1]]
 
Evoluido 16:
[[5 5 8 4 4]
 [2 1 1 1 1]]
 
Evoluido 17:
[[0 2 3 8 6]
 [1 1 2 1 1]]
 
Evoluido 18:
[[7 6 0 9 0]
 [2 1 1 2 1]]
 
Evoluido 19:
[[2 4 9 2 2]
 [1 1 2 1 1]]
 
Evoluido 20:
[[5 8 8 5 0]
 [1 1 1 2 1]]
 
Evoluido 21:
[[9 5 2 3 3]
 [2 1 1 1 1]]
 
Evoluido 22:
[[9 0 5 7 2]
 [2 0 1 1 1]]
 
Evoluido 23:
[[3 7 7 5 2]
 [2 2 2 1 1]]
 
Evoluido 24:
[[3 7 6 0 1]
 [1 1 2 1 1]]
 
Evoluido 25:
[[7 1 4 7 1]
 [1 1 1 1 1]]
 
Evoluido 26:
[[2 7 8 4 0]
 [2 1 1 1 1]]
 
Evoluido 27:
[[1 5 8 7 5]
 [1 1 1 1 1]]
 
Evoluido 28:
[[0 1 9 5 7]
 [1 1 1 1 0]]
 
Evoluido 29:
[[6 0 3 8 1]
 [0 1 1 2 1]]
 
Evoluido 30:
[[9 0 1 8 2]
 [2 0 1 0 1]]
 
Evoluido 31:
[[1 3 6 8 6]
 [2 1 1 1 1]]
 
Evoluido 32:
[[1 7 8 0 0]
 [1 1 1 2 1]]
 
Evoluido 33:
[[2 8 9 0 4]
 [2 1 1 1 3]]
 
Evoluido 34:
[[6 2 4 8 8]
 [1 0 1 1 0]]
 
Evoluido 35:
[[8 7 9 8 4]
 [1 1 1 1 2]]
 
Evoluido 36:
[[6 8 6 3 9]
 [2 2 1 1 1]]
 
Evoluido 37:
[[2 9 7 3 1]
 [2 1 1 1 1]]
 
Evoluido 38:
[[2 3 8 8 8]
 [1 1 1 1 1]]
 
Evoluido 39:
[[8 7 5 9 3]
 [1 1 1 0 1]]
 
Evoluido 40:
[[0 5 5 5 1]
 [2 0 1 1 1]]
 
Evoluido 41:
[[9 0 3 5 3]
 [0 1 1 1 1]]
 
Evoluido 42:
[[0 8 9 8 3]
 [2 1 1 2 1]]
 
Evoluido 43:
[[8 5 0 3 1]
 [2 1 0 2 1]]
 
Evoluido 44:
[[0 3 2 7 2]
 [2 1 2 1 1]]
 
Evoluido 45:
[[1 5 2 8 7]
 [2 2 1 2 1]]
 
Evoluido 46:
[[2 3 3 8 4]
 [1 1 1 1 1]]
 
Evoluido 47:
[[6 2 9 5 5]
 [2 0 1 1 1]]
 
Evoluido 48:
[[4 3 7 0 7]
 [2 1 1 0 1]]
 
Evoluido 49:
[[0 2 9 9 9]
 [2 1 1 1 1]]
 
Evoluido 50:
[[1 0 7 5 4]
 [1 1 1 1 0]]
 
-----------------------------------------
Individuo 1:
{
  "solucao": [7 6 5 9 7]
                [2 2 1 1 1],
  "funcao_objetivo": 0.98807886458809795502505637622984962228162798428433,
  "confiabilidade_total": 0.98807886458809795502505637622984962228162798428433
  "peso": 115.63000000000001,
  "custo": 97.36000000000001
}
 
Individuo 2:
{
  "solucao": [1 7 5 8 8]
                [2 1 1 2 1],
  "funcao_objetivo": 0.98673624699121823528378649487050553071472297293414,
  "confiabilidade_total": 0.98673624699121823528378649487050553071472297293414
  "peso": 108.82,
  "custo": 94.7
}
 
Individuo 3:
{
  "solucao": [5 8 4 7 3]
                [2 2 1 1 1],
  "funcao_objetivo": 0.98875991687753495870512825101616277950260410902717,
  "confiabilidade_total": 0.98875991687753495870512825101616277950260410902717
  "peso": 118.67000000000002,
  "custo": 88.18
}
 
Individuo 4:
{
  "solucao": [5 4 8 7 4]
                [2 1 1 2 1],
  "funcao_objetivo": 0.98592491050677736159998243656729789785315033330478,
  "confiabilidade_total": 0.98592491050677736159998243656729789785315033330478
  "peso": 119.84,
  "custo": 91.72999999999999
}
 
Individuo 5:
{
  "solucao": [2 1 0 5 6]
                [1 2 1 1 1],
  "funcao_objetivo": 0.97860093061325660950992638919213856799116718810051,
  "confiabilidade_total": 0.97860093061325660950992638919213856799116718810051
  "peso": 113.95,
  "custo": 77.78
}
 
Individuo 6:
{
  "solucao": [6 0 1 5 5]
                [1 1 2 1 1],
  "funcao_objetivo": 0.97413024670356547200518605118492592024880838977465,
  "confiabilidade_total": 0.97413024670356547200518605118492592024880838977465
  "peso": 105.95000000000002,
  "custo": 78.6
}
 
Individuo 7:
{
  "solucao": [6 1 8 9 7]
                [2 1 2 1 1],
  "funcao_objetivo": 0.97369631432969970403463282683576535320218559342184,
  "confiabilidade_total": 0.97369631432969970403463282683576535320218559342184
  "peso": 119.86,
  "custo": 98.82
}
 
Individuo 8:
{
  "solucao": [8 2 8 8 2]
                [2 1 2 1 1],
  "funcao_objetivo": 0.97354644136031051890875974482525085964854442472423,
  "confiabilidade_total": 0.97354644136031051890875974482525085964854442472423
  "peso": 118.36,
  "custo": 85.72999999999999
}
 
Individuo 9:
{
  "solucao": [5 7 1 6 1]
                [1 2 1 1 2],
  "funcao_objetivo": 0.97282366187037161684857786717548195458596515824287,
  "confiabilidade_total": 0.97282366187037161684857786717548195458596515824287
  "peso": 117.35000000000001,
  "custo": 96.61
}
 
Individuo 10:
{
  "solucao": [4 6 1 1 7]
                [1 1 2 1 1],
  "funcao_objetivo": 0.97248102864723279337048581428521034053629197492014,
  "confiabilidade_total": 0.97248102864723279337048581428521034053629197492014
  "peso": 112.22,
  "custo": 85.5
}
 
Individuo 11:
{
  "solucao": [8 8 2 9 6]
                [2 2 1 1 1],
  "funcao_objetivo": 0.98830984494068990125446256936094570405561492745894,
  "confiabilidade_total": 0.98830984494068990125446256936094570405561492745894
  "peso": 119.47999999999999,
  "custo": 93.05000000000001
}
 
Individuo 12:
{
  "solucao": [8 0 4 6 7]
                [1 1 2 1 1],
  "funcao_objetivo": 0.97219180495353702475830896226610752376176754933951,
  "confiabilidade_total": 0.97219180495353702475830896226610752376176754933951
  "peso": 116.52,
  "custo": 84.75
}
 
Individuo 13:
{
  "solucao": [5 9 1 4 1]
                [1 1 1 2 1],
  "funcao_objetivo": 0.97076464828026515072323870272753191787407251847681,
  "confiabilidade_total": 0.97076464828026515072323870272753191787407251847681
  "peso": 116.84,
  "custo": 85.68
}
 
Individuo 14:
{
  "solucao": [2 3 7 1 7]
                [1 2 1 1 1],
  "funcao_objetivo": 0.97050772022867490374082863680654510192121243665658,
  "confiabilidade_total": 0.97050772022867490374082863680654510192121243665658
  "peso": 113.43,
  "custo": 77.88000000000001
}
 
Individuo 15:
{
  "solucao": [6 4 7 2 1]
                [2 1 1 1 1],
  "funcao_objetivo": 0.97025827664366237448648842082501129610891400798908,
  "confiabilidade_total": 0.97025827664366237448648842082501129610891400798908
  "peso": 118.77000000000001,
  "custo": 77.86000000000001
}
 
Individuo 16:
{
  "solucao": [5 2 8 4 0]
                [2 1 1 1 1],
  "funcao_objetivo": 0.97084122763821305347342514062019554207227271162707,
  "confiabilidade_total": 0.97084122763821305347342514062019554207227271162707
  "peso": 110.78999999999999,
  "custo": 73.61
}
 
Individuo 17:
{
  "solucao": [0 2 6 8 6]
                [1 1 2 1 1],
  "funcao_objetivo": 0.96927907551792752000004602860051053454712720102617,
  "confiabilidade_total": 0.96927907551792752000004602860051053454712720102617
  "peso": 117.63999999999999,
  "custo": 76.06
}
 
Individuo 18:
{
  "solucao": [7 6 0 9 7]
                [1 1 1 2 1],
  "funcao_objetivo": 0.97193175429678335273550257851131639138919621445985,
  "confiabilidade_total": 0.97193175429678335273550257851131639138919621445985
  "peso": 105.41,
  "custo": 93.74000000000001
}
 
Individuo 19:
{
  "solucao": [6 6 5 2 2]
                [1 1 2 1 1],
  "funcao_objetivo": 0.96881841519887385258124970215906144235376426050232,
  "confiabilidade_total": 0.96881841519887385258124970215906144235376426050232
  "peso": 114.96000000000001,
  "custo": 64.34
}
 
Individuo 20:
{
  "solucao": [5 8 6 9 7]
                [1 2 1 2 1],
  "funcao_objetivo": 0.96835254516484906705912062378241074942886320832162,
  "confiabilidade_total": 0.96835254516484906705912062378241074942886320832162
  "peso": 114.88,
  "custo": 99.8
}
 
Individuo 21:
{
  "solucao": [9 4 2 3 7]
                [2 1 1 1 1],
  "funcao_objetivo": 0.96736150430390846927642669818601059383779130784167,
  "confiabilidade_total": 0.96736150430390846927642669818601059383779130784167
  "peso": 119.6,
  "custo": 85.93
}
 
Individuo 22:
{
  "solucao": [9 0 5 7 2]
                [2 1 1 1 1],
  "funcao_objetivo": 0.97262218107754803628866489347826860361341536662709,
  "confiabilidade_total": 0.97262218107754803628866489347826860361341536662709
  "peso": 108.70000000000002,
  "custo": 86.33
}
 
Individuo 23:
{
  "solucao": [5 7 7 0 0]
                [2 1 2 1 1],
  "funcao_objetivo": 0.97956697669343725153124139653667630994888875120983,
  "confiabilidade_total": 0.97956697669343725153124139653667630994888875120983
  "peso": 112.44999999999999,
  "custo": 97.36
}
 
Individuo 24:
{
  "solucao": [3 7 6 0 1]
                [1 1 2 1 1],
  "funcao_objetivo": 0.97459648005633881656124580548733680886402121388682,
  "confiabilidade_total": 0.97459648005633881656124580548733680886402121388682
  "peso": 114.71000000000001,
  "custo": 82.42
}
 
Individuo 25:
{
  "solucao": [5 4 4 9 1]
                [1 1 1 2 1],
  "funcao_objetivo": 0.96464438919183107390081208430852897861659014185539,
  "confiabilidade_total": 0.96464438919183107390081208430852897861659014185539
  "peso": 117.15,
  "custo": 88.72
}
 
Individuo 26:
{
  "solucao": [7 7 8 2 8]
                [2 1 1 1 2],
  "funcao_objetivo": 0.97035933290208042042178852504779268469566958601541,
  "confiabilidade_total": 0.97035933290208042042178852504779268469566958601541
  "peso": 108.92,
  "custo": 94.06
}
 
Individuo 27:
{
  "solucao": [7 5 8 7 5]
                [1 2 1 1 3],
  "funcao_objetivo": 0.96436736405883385670312985227636476917034536315888,
  "confiabilidade_total": 0.96436736405883385670312985227636476917034536315888
  "peso": 116.53,
  "custo": 94.58000000000001
}
 
Individuo 28:
{
  "solucao": [6 1 8 7 7]
                [1 2 1 1 1],
  "funcao_objetivo": 0.96252323110068981119712770484383266492844424607450,
  "confiabilidade_total": 0.96252323110068981119712770484383266492844424607450
  "peso": 99.10000000000001,
  "custo": 84.9
}
 
Individuo 29:
{
  "solucao": [6 0 3 8 1]
                [2 1 1 1 1],
  "funcao_objetivo": 0.97397555237724083127953392405557715149188350399542,
  "confiabilidade_total": 0.97397555237724083127953392405557715149188350399542
  "peso": 115.14000000000001,
  "custo": 80.92999999999999
}
 
Individuo 30:
{
  "solucao": [7 0 3 8 7]
                [2 1 1 1 1],
  "funcao_objetivo": 0.97309365831469756640453622855181507997350978938679,
  "confiabilidade_total": 0.97309365831469756640453622855181507997350978938679
  "peso": 99.45,
  "custo": 85.96
}
 
Individuo 31:
{
  "solucao": [0 3 6 8 6]
                [2 1 1 1 1],
  "funcao_objetivo": 0.96683847806126184163912273444458440005477614803151,
  "confiabilidade_total": 0.96683847806126184163912273444458440005477614803151
  "peso": 117.30999999999999,
  "custo": 82.29
}
 
Individuo 32:
{
  "solucao": [1 5 8 8 8]
                [1 2 1 2 1],
  "funcao_objetivo": 0.97497258535732326315324955702402345827778098168226,
  "confiabilidade_total": 0.97497258535732326315324955702402345827778098168226
  "peso": 105.88,
  "custo": 88.77
}
 
Individuo 33:
{
  "solucao": [9 8 7 6 0]
                [2 1 1 1 1],
  "funcao_objetivo": 0.96066028128850354529156334469248023314245565743716,
  "confiabilidade_total": 0.96066028128850354529156334469248023314245565743716
  "peso": 105.83999999999999,
  "custo": 92.25
}
 
Individuo 34:
{
  "solucao": [9 0 4 8 8]
                [2 1 1 1 1],
  "funcao_objetivo": 0.97181662076053617904395828702503760697942767161918,
  "confiabilidade_total": 0.97181662076053617904395828702503760697942767161918
  "peso": 110.0,
  "custo": 92.42999999999998
}
 
Individuo 35:
{
  "solucao": [8 9 6 8 4]
                [2 1 1 2 1],
  "funcao_objetivo": 0.97967856089065000678019385840485984928155424766709,
  "confiabilidade_total": 0.98384522755731667338903640920563294613449009828736
  "peso": 120.5,
  "custo": 97.6
}
 
Individuo 36:
{
  "solucao": [6 8 6 3 2]
                [2 1 1 1 1],
  "funcao_objetivo": 0.96405700785394063900406356845132397773960242253698,
  "confiabilidade_total": 0.96405700785394063900406356845132397773960242253698
  "peso": 119.52,
  "custo": 71.92999999999999
}
 
Individuo 37:
{
  "solucao": [7 2 7 3 0]
                [2 1 1 1 1],
  "funcao_objetivo": 0.97151318830439436270299172350705798723628066897016,
  "confiabilidade_total": 0.97151318830439436270299172350705798723628066897016
  "peso": 107.60000000000001,
  "custo": 82.10000000000001
}
 
Individuo 38:
{
  "solucao": [2 8 8 0 7]
                [1 1 1 1 3],
  "funcao_objetivo": 0.95649172717403834880563614422654785761977305573880,
  "confiabilidade_total": 0.95649172717403834880563614422654785761977305573880
  "peso": 114.61,
  "custo": 96.82
}
 
Individuo 39:
{
  "solucao": [3 0 1 9 3]
                [1 1 1 2 1],
  "funcao_objetivo": 0.97416728832110675814093165487018205375659661303156,
  "confiabilidade_total": 0.97416728832110675814093165487018205375659661303156
  "peso": 119.49000000000001,
  "custo": 90.4
}
 
Individuo 40:
{
  "solucao": [7 4 1 5 1]
                [2 1 1 1 2],
  "funcao_objetivo": 0.96013658500064562554752770182148758176631023210945,
  "confiabilidade_total": 0.96913658500064572895092465784700486547230471891823
  "peso": 121.08000000000001,
  "custo": 98.28
}
 
Individuo 41:
{
  "solucao": [6 0 3 8 7]
                [2 1 1 1 1],
  "funcao_objetivo": 0.97321039008253014478502493277923165067503253575471,
  "confiabilidade_total": 0.97321039008253014478502493277923165067503253575471
  "peso": 111.19000000000001,
  "custo": 81.02
}
 
Individuo 42:
{
  "solucao": [5 8 6 3 3]
                [2 1 1 1 1],
  "funcao_objetivo": 0.96359916466835853511994347623161604526705406575913,
  "confiabilidade_total": 0.96359916466835853511994347623161604526705406575913
  "peso": 108.36000000000001,
  "custo": 70.3
}
 
Individuo 43:
{
  "solucao": [8 5 0 7 1]
                [1 1 2 2 1],
  "funcao_objetivo": 0.98897142128655652955378466168380978085206408951500,
  "confiabilidade_total": 0.99207142128655655242993008408516029628099461052635
  "peso": 116.25,
  "custo": 100.31
}
 
Individuo 44:
{
  "solucao": [0 1 2 7 2]
                [2 1 1 1 1],
  "funcao_objetivo": 0.97417357191378215906479544326870241552942457465659,
  "confiabilidade_total": 0.97417357191378215906479544326870241552942457465659
  "peso": 118.25000000000001,
  "custo": 80.78999999999999
}
 
Individuo 45:
{
  "solucao": [1 5 7 8 7]
                [2 2 1 1 0],
  "funcao_objetivo": 0.98565738055158236077225972039805446283786156062515,
  "confiabilidade_total": 0.98565738055158236077225972039805446283786156062515
  "peso": 94.39,
  "custo": 78.31
}
 
Individuo 46:
{
  "solucao": [5 3 6 2 4]
                [2 1 1 1 1],
  "funcao_objetivo": 0.97026940970524980468654278498866596180324013889985,
  "confiabilidade_total": 0.97026940970524980468654278498866596180324013889985
  "peso": 118.11,
  "custo": 68.5
}
 
Individuo 47:
{
  "solucao": [6 2 5 5 5]
                [2 1 1 1 1],
  "funcao_objetivo": 0.96808738028784019374599273377426461956325759445467,
  "confiabilidade_total": 0.96808738028784019374599273377426461956325759445467
  "peso": 106.96000000000001,
  "custo": 65.16
}
 
Individuo 48:
{
  "solucao": [4 2 7 1 7]
                [2 1 1 1 1],
  "funcao_objetivo": 0.97442326356594616130757074471213228130093631841311,
  "confiabilidade_total": 0.97442326356594616130757074471213228130093631841311
  "peso": 116.63000000000002,
  "custo": 82.0
}
 
Individuo 49:
{
  "solucao": [7 8 1 1 3]
                [1 1 2 1 1],
  "funcao_objetivo": 0.97140064222186866711245311352060648916818092322692,
  "confiabilidade_total": 0.97140064222186866711245311352060648916818092322692
  "peso": 105.18,
  "custo": 84.42
}
 
Individuo 50:
{
  "solucao": [6 6 0 5 4]
                [1 1 1 2 1],
  "funcao_objetivo": 0.97360876603002814987376671546772100427666787017048,
  "confiabilidade_total": 0.97360876603002814987376671546772100427666787017048
  "peso": 113.52000000000001,
  "custo": 75.50999999999999
}
 
-----------------------------------------
GERACAO 8
Mutante 1:
[[6.  8.2 5.8 2.  2.2]
 [2.  1.  0.4 1.6 1. ]]
 
Mutante 2:
[[3.2 5.6 8.2 2.2 3. ]
 [2.6 2.  1.  0.4 1. ]]
 
Mutante 3:
[[6.2 9.  9.  3.8 3.4]
 [2.6 1.  1.  1.4 1. ]]
 
Mutante 4:
[[9.6 0.  6.2 2.  0.2]
 [2.  1.  1.  0.4 1. ]]
 
Mutante 5:
[[8.4 8.  7.  6.  0. ]
 [2.  1.  1.  1.  1. ]]
 
Mutante 6:
[[2.4 0.  0.  9.  6. ]
 [1.  1.6 0.4 2.  1. ]]
 
Mutante 7:
[[8.6 0.  8.6 3.8 0. ]
 [2.6 0.4 2.  0.4 1. ]]
 
Mutante 8:
[[7.8 0.  5.6 9.  9. ]
 [2.  1.  2.  1.  1. ]]
 
Mutante 9:
[[5.2 7.2 0.  9.6 6.4]
 [0.4 1.  0.4 2.6 1. ]]
 
Mutante 10:
[[0.  0.8 7.2 8.  5.4]
 [1.  1.6 2.  0.4 0.4]]
 
Mutante 11:
[[9.  0.  5.  8.2 2. ]
 [2.  1.6 1.  0.4 1.6]]
 
Mutante 12:
[[9.  5.2 8.  6.2 6.8]
 [2.  1.6 1.  1.  2. ]]
 
Mutante 13:
[[7.4 2.6 1.2 8.8 1. ]
 [1.  1.  2.  2.  0.4]]
 
Mutante 14:
[[3.6 6.4 7.  2.6 0. ]
 [1.4 1.  1.  1.6 1. ]]
 
Mutante 15:
[[9.  8.  3.4 3.6 1.8]
 [2.  1.  1.  0.4 1. ]]
 
Mutante 16:
[[6.8 9.  9.  7.4 4. ]
 [2.  1.  0.4 2.  2.2]]
 
Mutante 17:
[[9.8 8.4 6.6 9.  7. ]
 [2.6 1.6 1.  1.4 1. ]]
 
Mutante 18:
[[2.  2.4 7.6 0.  5.2]
 [1.  2.  1.6 1.  1. ]]
 
Mutante 19:
[[2.6 2.2 9.  4.6 5.8]
 [2.  1.6 1.  1.4 1. ]]
 
Mutante 20:
[[0.  1.  0.  5.6 3. ]
 [0.4 2.  1.  1.6 1. ]]
 
Mutante 21:
[[9.2 0.  1.6 9.  1.6]
 [1.6 1.  1.  2.  1. ]]
 
Mutante 22:
[[4.4 6.4 2.2 9.  2.2]
 [1.  1.6 1.  2.  1. ]]
 
Mutante 23:
[[3.8 2.2 0.  9.6 1. ]
 [0.4 2.  1.  1.6 2. ]]
 
Mutante 24:
[[1.2 4.4 3.  9.  9. ]
 [1.  1.6 2.  1.  1. ]]
 
Mutante 25:
[[5.2 6.8 8.2 7.4 6.4]
 [2.  2.6 0.4 1.  1.2]]
 
Mutante 26:
[[9.8 0.  7.4 9.  2. ]
 [2.  1.  2.  1.  1. ]]
 
Mutante 27:
[[3.4 1.2 1.8 8.6 6.4]
 [2.6 0.4 1.  1.  1. ]]
 
Mutante 28:
[[5.  2.8 1.6 6.6 0. ]
 [1.  0.4 1.  2.  1.6]]
 
Mutante 29:
[[7.  0.  4.8 9.  7. ]
 [2.  1.  1.  1.  1. ]]
 
Mutante 30:
[[1.4 5.4 5.2 0.4 3.4]
 [1.6 2.  0.4 1.  1.6]]
 
Mutante 31:
[[2.8 9.  1.4 9.  9. ]
 [2.  1.6 1.  2.  1. ]]
 
Mutante 32:
[[9.6 0.4 8.6 7.6 6.4]
 [1.  2.  1.  1.  1. ]]
 
Mutante 33:
[[7.  7.4 8.  5.2 3.2]
 [0.4 2.  1.6 1.  3. ]]
 
Mutante 34:
[[3.4 5.4 0.  9.  5.2]
 [1.  1.  1.  2.  1. ]]
 
Mutante 35:
[[4.6 8.  9.8 5.  8. ]
 [0.4 2.  1.6 2.  1. ]]
 
Mutante 36:
[[8.  6.8 3.8 9.  6. ]
 [1.4 2.6 1.  1.  1. ]]
 
Mutante 37:
[[9.  4.6 5.6 7.6 7. ]
 [1.6 2.6 0.4 1.  1. ]]
 
Mutante 38:
[[3.2 0.  2.4 8.6 5.4]
 [1.6 2.  0.4 1.  1. ]]
 
Mutante 39:
[[7.8 0.  0.6 8.  5.8]
 [1.4 0.4 1.6 1.6 1. ]]
 
Mutante 40:
[[4.2 8.  5.4 3.  0. ]
 [2.  1.  1.  1.  1. ]]
 
Mutante 41:
[[3.6 9.2 7.6 6.6 2.4]
 [1.4 1.  1.6 1.  1. ]]
 
Mutante 42:
[[4.4 4.6 6.8 7.6 0.4]
 [2.  1.  1.  2.  0.4]]
 
Mutante 43:
[[9.4 6.  2.6 7.8 2.8]
 [1.4 2.6 1.  0.4 1.6]]
 
Mutante 44:
[[2.8 3.2 5.  8.6 6.2]
 [0.4 2.  1.  2.6 1. ]]
 
Mutante 45:
[[5.  7.4 6.8 9.  8.4]
 [2.  2.6 1.  1.  1. ]]
 
Mutante 46:
[[0.  2.6 9.  6.2 7.2]
 [1.6 0.4 2.  1.  0.4]]
 
Mutante 47:
[[4.4 9.2 9.  6.6 6.4]
 [1.  2.  1.  2.  1. ]]
 
Mutante 48:
[[3.8 0.8 9.8 0.  0. ]
 [1.4 0.4 1.6 1.  1. ]]
 
Mutante 49:
[[6.2 6.  6.  0.8 8.8]
 [2.  1.  1.  1.  1.6]]
 
Mutante 50:
[[2.6 0.  9.  0.  0.6]
 [2.  0.4 1.  1.  1. ]]
 
-----------------------------------------
Número de avaliações até o momento: 400
Evoluido 1:
[[6 6 5 2 7]
 [2 2 0 1 1]]
 
Evoluido 2:
[[1 5 5 8 3]
 [2 2 1 0 1]]
 
Evoluido 3:
[[6 8 4 3 3]
 [2 2 1 1 1]]
 
Evoluido 4:
[[5 0 6 2 4]
 [2 1 1 0 1]]
 
Evoluido 5:
[[8 1 7 6 0]
 [2 2 1 1 1]]
 
Evoluido 6:
[[6 0 0 9 6]
 [1 1 0 1 1]]
 
Evoluido 7:
[[6 0 8 3 7]
 [2 0 2 1 1]]
 
Evoluido 8:
[[7 0 5 9 2]
 [2 1 2 1 1]]
 
Evoluido 9:
[[5 7 0 9 1]
 [0 1 0 1 2]]
 
Evoluido 10:
[[0 0 1 1 5]
 [1 1 2 0 0]]
 
Evoluido 11:
[[9 0 5 9 6]
 [2 2 1 1 1]]
 
Evoluido 12:
[[9 0 8 6 7]
 [1 1 1 1 1]]
 
Evoluido 13:
[[7 2 1 8 1]
 [1 1 1 2 1]]
 
Evoluido 14:
[[2 6 7 2 0]
 [1 2 1 1 1]]
 
Evoluido 15:
[[6 4 7 2 1]
 [2 1 1 0 1]]
 
Evoluido 16:
[[6 9 8 7 4]
 [2 1 1 1 2]]
 
Evoluido 17:
[[9 2 6 9 6]
 [2 1 1 1 1]]
 
Evoluido 18:
[[2 2 0 0 5]
 [1 2 1 1 1]]
 
Evoluido 19:
[[6 2 5 4 2]
 [2 1 2 1 1]]
 
Evoluido 20:
[[0 8 6 5 3]
 [1 2 1 1 1]]
 
Evoluido 21:
[[9 0 2 3 1]
 [2 1 1 2 1]]
 
Evoluido 22:
[[4 0 2 9 2]
 [2 1 1 1 1]]
 
Evoluido 23:
[[5 2 7 0 1]
 [0 2 1 1 1]]
 
Evoluido 24:
[[3 4 6 9 1]
 [1 1 2 1 1]]
 
Evoluido 25:
[[5 4 8 9 1]
 [2 2 0 2 1]]
 
Evoluido 26:
[[9 0 8 2 2]
 [2 1 1 1 1]]
 
Evoluido 27:
[[3 5 1 8 5]
 [2 2 1 1 1]]
 
Evoluido 28:
[[5 2 8 7 0]
 [1 0 1 1 1]]
 
Evoluido 29:
[[7 0 4 9 1]
 [2 1 1 1 1]]
 
Evoluido 30:
[[1 5 5 0 7]
 [2 2 1 1 1]]
 
Evoluido 31:
[[2 9 1 8 9]
 [2 1 1 1 1]]
 
Evoluido 32:
[[1 0 8 7 6]
 [1 2 1 1 1]]
 
Evoluido 33:
[[9 8 7 5 3]
 [2 2 1 1 3]]
 
Evoluido 34:
[[9 5 4 8 5]
 [2 1 1 2 1]]
 
Evoluido 35:
[[4 8 6 5 8]
 [0 2 1 2 1]]
 
Evoluido 36:
[[6 6 3 9 6]
 [1 2 1 1 1]]
 
Evoluido 37:
[[9 4 7 7 7]
 [2 2 0 1 1]]
 
Evoluido 38:
[[3 0 2 8 7]
 [1 2 1 1 1]]
 
Evoluido 39:
[[7 0 0 9 3]
 [1 1 1 1 1]]
 
Evoluido 40:
[[4 8 5 3 0]
 [2 1 1 1 2]]
 
Evoluido 41:
[[3 0 3 8 2]
 [2 1 1 1 1]]
 
Evoluido 42:
[[4 8 6 7 3]
 [2 1 1 2 1]]
 
Evoluido 43:
[[9 6 2 7 1]
 [1 2 2 0 1]]
 
Evoluido 44:
[[0 3 5 7 6]
 [2 2 1 1 1]]
 
Evoluido 45:
[[5 7 7 9 8]
 [2 2 1 1 0]]
 
Evoluido 46:
[[5 3 9 6 7]
 [1 0 2 1 1]]
 
Evoluido 47:
[[6 9 5 5 5]
 [1 1 1 1 1]]
 
Evoluido 48:
[[3 0 9 0 7]
 [1 0 1 1 1]]
 
Evoluido 49:
[[6 6 6 1 8]
 [1 1 1 1 1]]
 
Evoluido 50:
[[6 6 9 0 0]
 [2 0 1 2 1]]
 
-----------------------------------------
Individuo 1:
{
  "solucao": [7 6 5 9 7]
                [2 2 1 1 1],
  "funcao_objetivo": 0.98807886458809795502505637622984962228162798428433,
  "confiabilidade_total": 0.98807886458809795502505637622984962228162798428433
  "peso": 115.63000000000001,
  "custo": 97.36000000000001
}
 
Individuo 2:
{
  "solucao": [1 7 5 8 8]
                [2 1 1 2 1],
  "funcao_objetivo": 0.98673624699121823528378649487050553071472297293414,
  "confiabilidade_total": 0.98673624699121823528378649487050553071472297293414
  "peso": 108.82,
  "custo": 94.7
}
 
Individuo 3:
{
  "solucao": [5 8 4 7 3]
                [2 2 1 1 1],
  "funcao_objetivo": 0.98875991687753495870512825101616277950260410902717,
  "confiabilidade_total": 0.98875991687753495870512825101616277950260410902717
  "peso": 118.67000000000002,
  "custo": 88.18
}
 
Individuo 4:
{
  "solucao": [5 4 8 7 4]
                [2 1 1 2 1],
  "funcao_objetivo": 0.98592491050677736159998243656729789785315033330478,
  "confiabilidade_total": 0.98592491050677736159998243656729789785315033330478
  "peso": 119.84,
  "custo": 91.72999999999999
}
 
Individuo 5:
{
  "solucao": [8 1 7 6 0]
                [2 2 1 1 1],
  "funcao_objetivo": 0.99104052276479723277968033256556834079840545289821,
  "confiabilidade_total": 0.99104052276479723277968033256556834079840545289821
  "peso": 119.8,
  "custo": 99.52000000000001
}
 
Individuo 6:
{
  "solucao": [6 0 1 5 5]
                [1 1 2 1 1],
  "funcao_objetivo": 0.97413024670356547200518605118492592024880838977465,
  "confiabilidade_total": 0.97413024670356547200518605118492592024880838977465
  "peso": 105.95000000000002,
  "custo": 78.6
}
 
Individuo 7:
{
  "solucao": [6 1 8 9 7]
                [2 1 2 1 1],
  "funcao_objetivo": 0.97369631432969970403463282683576535320218559342184,
  "confiabilidade_total": 0.97369631432969970403463282683576535320218559342184
  "peso": 119.86,
  "custo": 98.82
}
 
Individuo 8:
{
  "solucao": [7 0 5 9 2]
                [2 1 2 1 1],
  "funcao_objetivo": 0.97761277657371475366817162379834591306305070790905,
  "confiabilidade_total": 0.97761277657371475366817162379834591306305070790905
  "peso": 119.17,
  "custo": 93.68999999999998
}
 
Individuo 9:
{
  "solucao": [5 7 1 6 1]
                [1 2 1 1 2],
  "funcao_objetivo": 0.97282366187037161684857786717548195458596515824287,
  "confiabilidade_total": 0.97282366187037161684857786717548195458596515824287
  "peso": 117.35000000000001,
  "custo": 96.61
}
 
Individuo 10:
{
  "solucao": [4 6 1 1 7]
                [1 1 2 1 1],
  "funcao_objetivo": 0.97248102864723279337048581428521034053629197492014,
  "confiabilidade_total": 0.97248102864723279337048581428521034053629197492014
  "peso": 112.22,
  "custo": 85.5
}
 
Individuo 11:
{
  "solucao": [8 8 2 9 6]
                [2 2 1 1 1],
  "funcao_objetivo": 0.98830984494068990125446256936094570405561492745894,
  "confiabilidade_total": 0.98830984494068990125446256936094570405561492745894
  "peso": 119.47999999999999,
  "custo": 93.05000000000001
}
 
Individuo 12:
{
  "solucao": [8 0 4 6 7]
                [1 1 2 1 1],
  "funcao_objetivo": 0.97219180495353702475830896226610752376176754933951,
  "confiabilidade_total": 0.97219180495353702475830896226610752376176754933951
  "peso": 116.52,
  "custo": 84.75
}
 
Individuo 13:
{
  "solucao": [7 2 1 8 1]
                [1 1 1 2 1],
  "funcao_objetivo": 0.97138289168677077457071117002265515764674862613646,
  "confiabilidade_total": 0.97138289168677077457071117002265515764674862613646
  "peso": 102.24000000000001,
  "custo": 80.53
}
 
Individuo 14:
{
  "solucao": [2 3 7 1 7]
                [1 2 1 1 1],
  "funcao_objetivo": 0.97050772022867490374082863680654510192121243665658,
  "confiabilidade_total": 0.97050772022867490374082863680654510192121243665658
  "peso": 113.43,
  "custo": 77.88000000000001
}
 
Individuo 15:
{
  "solucao": [6 4 7 2 1]
                [2 1 1 1 1],
  "funcao_objetivo": 0.97025827664366237448648842082501129610891400798908,
  "confiabilidade_total": 0.97025827664366237448648842082501129610891400798908
  "peso": 118.77000000000001,
  "custo": 77.86000000000001
}
 
Individuo 16:
{
  "solucao": [5 2 8 4 0]
                [2 1 1 1 1],
  "funcao_objetivo": 0.97084122763821305347342514062019554207227271162707,
  "confiabilidade_total": 0.97084122763821305347342514062019554207227271162707
  "peso": 110.78999999999999,
  "custo": 73.61
}
 
Individuo 17:
{
  "solucao": [0 2 6 8 6]
                [1 1 2 1 1],
  "funcao_objetivo": 0.96927907551792752000004602860051053454712720102617,
  "confiabilidade_total": 0.96927907551792752000004602860051053454712720102617
  "peso": 117.63999999999999,
  "custo": 76.06
}
 
Individuo 18:
{
  "solucao": [7 6 0 9 7]
                [1 1 1 2 1],
  "funcao_objetivo": 0.97193175429678335273550257851131639138919621445985,
  "confiabilidade_total": 0.97193175429678335273550257851131639138919621445985
  "peso": 105.41,
  "custo": 93.74000000000001
}
 
Individuo 19:
{
  "solucao": [6 6 5 2 2]
                [1 1 2 1 1],
  "funcao_objetivo": 0.96881841519887385258124970215906144235376426050232,
  "confiabilidade_total": 0.96881841519887385258124970215906144235376426050232
  "peso": 114.96000000000001,
  "custo": 64.34
}
 
Individuo 20:
{
  "solucao": [0 8 6 5 3]
                [1 2 1 1 1],
  "funcao_objetivo": 0.97319422049140649658147020714560922467379678755355,
  "confiabilidade_total": 0.97319422049140649658147020714560922467379678755355
  "peso": 106.33000000000001,
  "custo": 77.47
}
 
Individuo 21:
{
  "solucao": [9 4 2 3 7]
                [2 1 1 1 1],
  "funcao_objetivo": 0.96736150430390846927642669818601059383779130784167,
  "confiabilidade_total": 0.96736150430390846927642669818601059383779130784167
  "peso": 119.6,
  "custo": 85.93
}
 
Individuo 22:
{
  "solucao": [9 0 5 7 2]
                [2 1 1 1 1],
  "funcao_objetivo": 0.97262218107754803628866489347826860361341536662709,
  "confiabilidade_total": 0.97262218107754803628866489347826860361341536662709
  "peso": 108.70000000000002,
  "custo": 86.33
}
 
Individuo 23:
{
  "solucao": [5 7 7 0 0]
                [2 1 2 1 1],
  "funcao_objetivo": 0.97956697669343725153124139653667630994888875120983,
  "confiabilidade_total": 0.97956697669343725153124139653667630994888875120983
  "peso": 112.44999999999999,
  "custo": 97.36
}
 
Individuo 24:
{
  "solucao": [3 7 6 0 1]
                [1 1 2 1 1],
  "funcao_objetivo": 0.97459648005633881656124580548733680886402121388682,
  "confiabilidade_total": 0.97459648005633881656124580548733680886402121388682
  "peso": 114.71000000000001,
  "custo": 82.42
}
 
Individuo 25:
{
  "solucao": [5 4 4 9 1]
                [1 1 1 2 1],
  "funcao_objetivo": 0.96464438919183107390081208430852897861659014185539,
  "confiabilidade_total": 0.96464438919183107390081208430852897861659014185539
  "peso": 117.15,
  "custo": 88.72
}
 
Individuo 26:
{
  "solucao": [9 0 8 2 2]
                [2 1 1 1 1],
  "funcao_objetivo": 0.97614656079033091771460688349803450159144712928159,
  "confiabilidade_total": 0.97614656079033091771460688349803450159144712928159
  "peso": 117.13000000000001,
  "custo": 84.01999999999998
}
 
Individuo 27:
{
  "solucao": [3 5 1 8 5]
                [2 2 1 1 1],
  "funcao_objetivo": 0.98098449079305492576605166382173182315926130630400,
  "confiabilidade_total": 0.99073449079305482166876531740549170168849702693846
  "peso": 121.16999999999999,
  "custo": 82.99
}
 
Individuo 28:
{
  "solucao": [6 1 8 7 7]
                [1 2 1 1 1],
  "funcao_objetivo": 0.96252323110068981119712770484383266492844424607450,
  "confiabilidade_total": 0.96252323110068981119712770484383266492844424607450
  "peso": 99.10000000000001,
  "custo": 84.9
}
 
Individuo 29:
{
  "solucao": [6 0 3 8 1]
                [2 1 1 1 1],
  "funcao_objetivo": 0.97397555237724083127953392405557715149188350399542,
  "confiabilidade_total": 0.97397555237724083127953392405557715149188350399542
  "peso": 115.14000000000001,
  "custo": 80.92999999999999
}
 
Individuo 30:
{
  "solucao": [1 5 5 0 7]
                [2 2 1 1 1],
  "funcao_objetivo": 0.99306165922473361832904953488919829024489742391556,
  "confiabilidade_total": 0.99306165922473361832904953488919829024489742391556
  "peso": 114.81,
  "custo": 91.38000000000001
}
 
Individuo 31:
{
  "solucao": [0 3 6 8 6]
                [2 1 1 1 1],
  "funcao_objetivo": 0.96683847806126184163912273444458440005477614803151,
  "confiabilidade_total": 0.96683847806126184163912273444458440005477614803151
  "peso": 117.30999999999999,
  "custo": 82.29
}
 
Individuo 32:
{
  "solucao": [1 5 8 8 8]
                [1 2 1 2 1],
  "funcao_objetivo": 0.97497258535732326315324955702402345827778098168226,
  "confiabilidade_total": 0.97497258535732326315324955702402345827778098168226
  "peso": 105.88,
  "custo": 88.77
}
 
Individuo 33:
{
  "solucao": [9 8 7 6 0]
                [2 1 1 1 1],
  "funcao_objetivo": 0.96066028128850354529156334469248023314245565743716,
  "confiabilidade_total": 0.96066028128850354529156334469248023314245565743716
  "peso": 105.83999999999999,
  "custo": 92.25
}
 
Individuo 34:
{
  "solucao": [9 5 4 8 5]
                [2 1 1 2 1],
  "funcao_objetivo": 0.98466756527893374813371460777726091883273406021799,
  "confiabilidade_total": 0.98466756527893374813371460777726091883273406021799
  "peso": 119.19,
  "custo": 96.94
}
 
Individuo 35:
{
  "solucao": [8 9 6 8 4]
                [2 1 1 2 1],
  "funcao_objetivo": 0.97967856089065000678019385840485984928155424766709,
  "confiabilidade_total": 0.98384522755731667338903640920563294613449009828736
  "peso": 120.5,
  "custo": 97.6
}
 
Individuo 36:
{
  "solucao": [6 8 6 3 2]
                [2 1 1 1 1],
  "funcao_objetivo": 0.96405700785394063900406356845132397773960242253698,
  "confiabilidade_total": 0.96405700785394063900406356845132397773960242253698
  "peso": 119.52,
  "custo": 71.92999999999999
}
 
Individuo 37:
{
  "solucao": [7 2 7 3 0]
                [2 1 1 1 1],
  "funcao_objetivo": 0.97151318830439436270299172350705798723628066897016,
  "confiabilidade_total": 0.97151318830439436270299172350705798723628066897016
  "peso": 107.60000000000001,
  "custo": 82.10000000000001
}
 
Individuo 38:
{
  "solucao": [3 0 2 8 7]
                [1 2 1 1 1],
  "funcao_objetivo": 0.97270259724325125188656692909082493657770102783006,
  "confiabilidade_total": 0.97270259724325125188656692909082493657770102783006
  "peso": 114.15,
  "custo": 81.88000000000001
}
 
Individuo 39:
{
  "solucao": [3 0 1 9 3]
                [1 1 1 2 1],
  "funcao_objetivo": 0.97416728832110675814093165487018205375659661303156,
  "confiabilidade_total": 0.97416728832110675814093165487018205375659661303156
  "peso": 119.49000000000001,
  "custo": 90.4
}
 
Individuo 40:
{
  "solucao": [7 4 1 5 1]
                [2 1 1 1 2],
  "funcao_objetivo": 0.96013658500064562554752770182148758176631023210945,
  "confiabilidade_total": 0.96913658500064572895092465784700486547230471891823
  "peso": 121.08000000000001,
  "custo": 98.28
}
 
Individuo 41:
{
  "solucao": [6 0 3 8 7]
                [2 1 1 1 1],
  "funcao_objetivo": 0.97321039008253014478502493277923165067503253575471,
  "confiabilidade_total": 0.97321039008253014478502493277923165067503253575471
  "peso": 111.19000000000001,
  "custo": 81.02
}
 
Individuo 42:
{
  "solucao": [5 8 6 3 3]
                [2 1 1 1 1],
  "funcao_objetivo": 0.96359916466835853511994347623161604526705406575913,
  "confiabilidade_total": 0.96359916466835853511994347623161604526705406575913
  "peso": 108.36000000000001,
  "custo": 70.3
}
 
Individuo 43:
{
  "solucao": [8 5 0 7 1]
                [1 1 2 2 1],
  "funcao_objetivo": 0.98897142128655652955378466168380978085206408951500,
  "confiabilidade_total": 0.99207142128655655242993008408516029628099461052635
  "peso": 116.25,
  "custo": 100.31
}
 
Individuo 44:
{
  "solucao": [0 1 2 7 2]
                [2 1 1 1 1],
  "funcao_objetivo": 0.97417357191378215906479544326870241552942457465659,
  "confiabilidade_total": 0.97417357191378215906479544326870241552942457465659
  "peso": 118.25000000000001,
  "custo": 80.78999999999999
}
 
Individuo 45:
{
  "solucao": [1 5 7 8 7]
                [2 2 1 1 0],
  "funcao_objetivo": 0.98565738055158236077225972039805446283786156062515,
  "confiabilidade_total": 0.98565738055158236077225972039805446283786156062515
  "peso": 94.39,
  "custo": 78.31
}
 
Individuo 46:
{
  "solucao": [5 3 6 2 4]
                [2 1 1 1 1],
  "funcao_objetivo": 0.97026940970524980468654278498866596180324013889985,
  "confiabilidade_total": 0.97026940970524980468654278498866596180324013889985
  "peso": 118.11,
  "custo": 68.5
}
 
Individuo 47:
{
  "solucao": [6 2 5 5 5]
                [2 1 1 1 1],
  "funcao_objetivo": 0.96808738028784019374599273377426461956325759445467,
  "confiabilidade_total": 0.96808738028784019374599273377426461956325759445467
  "peso": 106.96000000000001,
  "custo": 65.16
}
 
Individuo 48:
{
  "solucao": [4 2 7 1 7]
                [2 1 1 1 1],
  "funcao_objetivo": 0.97442326356594616130757074471213228130093631841311,
  "confiabilidade_total": 0.97442326356594616130757074471213228130093631841311
  "peso": 116.63000000000002,
  "custo": 82.0
}
 
Individuo 49:
{
  "solucao": [7 8 1 1 3]
                [1 1 2 1 1],
  "funcao_objetivo": 0.97140064222186866711245311352060648916818092322692,
  "confiabilidade_total": 0.97140064222186866711245311352060648916818092322692
  "peso": 105.18,
  "custo": 84.42
}
 
Individuo 50:
{
  "solucao": [6 6 0 5 4]
                [1 1 1 2 1],
  "funcao_objetivo": 0.97360876603002814987376671546772100427666787017048,
  "confiabilidade_total": 0.97360876603002814987376671546772100427666787017048
  "peso": 113.52000000000001,
  "custo": 75.50999999999999
}
 
-----------------------------------------
GERACAO 9
Mutante 1:
[[7.4 2.8 8.6 8.2 2.2]
 [2.  0.4 1.  2.  1. ]]
 
Mutante 2:
[[9.  9.  4.4 6.6 6. ]
 [2.  2.  1.  1.  1. ]]
 
Mutante 3:
[[6.6 8.6 7.2 1.2 0.8]
 [2.  1.6 0.4 1.  1. ]]
 
Mutante 4:
[[9.  0.  0.  8.  0. ]
 [2.  1.  0.4 1.6 1. ]]
 
Mutante 5:
[[4.4 0.  5.8 9.  0. ]
 [1.  0.4 1.6 2.  1. ]]
 
Mutante 6:
[[3.  8.2 2.4 1.2 1.6]
 [1.  1.  2.  1.  1.6]]
 
Mutante 7:
[[6.6 4.2 4.4 0.  4.4]
 [1.6 1.  2.  1.  1. ]]
 
Mutante 8:
[[4.8 0.  6.  8.  2.8]
 [2.  1.  1.  1.  1. ]]
 
Mutante 9:
[[3.  0.  5.2 8.4 2.4]
 [1.6 1.6 0.4 1.4 1. ]]
 
Mutante 10:
[[4.8 0.  9.2 7.6 5.6]
 [2.6 1.6 0.4 0.4 0.4]]
 
Mutante 11:
[[7.8 1.6 5.6 9.6 7. ]
 [1.4 0.4 2.6 1.  1. ]]
 
Mutante 12:
[[7.6 2.  5.2 3.6 3. ]
 [2.  1.  1.  1.  1. ]]
 
Mutante 13:
[[4.8 0.  3.2 7.4 7.6]
 [1.  2.  1.  1.  1. ]]
 
Mutante 14:
[[5.8 8.6 3.4 2.8 3. ]
 [1.6 1.  2.  1.  1. ]]
 
Mutante 15:
[[0.  4.  5.6 8.6 6.2]
 [2.  1.  1.6 1.4 1. ]]
 
Mutante 16:
[[4.4 2.  3.  2.2 1.6]
 [0.4 1.  2.  2.  1. ]]
 
Mutante 17:
[[2.8 5.  9.  4.4 5. ]
 [1.  2.  1.  2.  1. ]]
 
Mutante 18:
[[6.2 0.  9.  3.  0. ]
 [2.  1.4 1.  1.  1. ]]
 
Mutante 19:
[[9.  1.8 4.4 7.6 2.6]
 [2.  1.6 1.  1.  1. ]]
 
Mutante 20:
[[5.4 4.4 6.2 5.  4.4]
 [2.  1.  1.  1.  1. ]]
 
Mutante 21:
[[3.8 8.8 8.2 0.  0. ]
 [2.  1.  2.6 0.4 1. ]]
 
Mutante 22:
[[9.  6.2 3.2 9.  1.8]
 [2.  1.4 1.  1.  1. ]]
 
Mutante 23:
[[7.  5.6 7.  3.  3. ]
 [2.  1.6 0.4 1.  1. ]]
 
Mutante 24:
[[2.6 0.  9.  1.6 9. ]
 [1.  2.  1.  1.  0.4]]
 
Mutante 25:
[[4.2 0.6 6.6 5.  0. ]
 [2.  1.  1.6 0.4 1. ]]
 
Mutante 26:
[[0.  8.6 4.8 4.4 6. ]
 [1.  1.4 1.  1.  1. ]]
 
Mutante 27:
[[8.6 0.  2.2 9.6 8.8]
 [1.  1.  2.  1.  1. ]]
 
Mutante 28:
[[0.  5.  8.6 0.  8.2]
 [2.  2.  1.  1.  0.4]]
 
Mutante 29:
[[2.2 6.4 7.4 9.8 9. ]
 [2.6 1.  1.  2.  0.4]]
 
Mutante 30:
[[9.  2.8 0.  7.2 7. ]
 [2.  1.  1.  1.6 1. ]]
 
Mutante 31:
[[6.  0.  4.4 0.  6.2]
 [1.4 1.  1.6 1.  1. ]]
 
Mutante 32:
[[9.  1.  4.4 2.4 5.2]
 [2.  0.4 1.  1.  1. ]]
 
Mutante 33:
[[2.4 7.2 1.8 5.  3.4]
 [0.4 1.  1.6 2.  1. ]]
 
Mutante 34:
[[7.6 2.2 1.  6.2 1.6]
 [2.  1.  0.4 1.  2. ]]
 
Mutante 35:
[[0.  8.6 5.4 3.2 7.2]
 [0.4 2.6 1.  1.  1. ]]
 
Mutante 36:
[[1.8 5.  5.4 9.2 3.6]
 [1.6 0.4 2.  1.  1. ]]
 
Mutante 37:
[[9.  0.  6.4 0.8 0.4]
 [1.4 1.  1.6 0.4 1. ]]
 
Mutante 38:
[[8.6 7.4 5.4 1.8 4.8]
 [1.4 1.  1.6 1.  1. ]]
 
Mutante 39:
[[1.4 6.  4.6 1.6 4.6]
 [0.4 2.6 1.  1.  1.6]]
 
Mutante 40:
[[6.2 3.2 8.6 4.  3.6]
 [2.6 1.6 1.  0.4 1. ]]
 
Mutante 41:
[[3.  8.4 8.4 8.  4.2]
 [2.6 0.4 1.  1.6 1. ]]
 
Mutante 42:
[[7.2 1.2 0.  9.2 7.4]
 [1.6 1.6 1.4 1.  1. ]]
 
Mutante 43:
[[7.2 1.  8.6 7.8 9. ]
 [2.  1.  2.  1.  0.4]]
 
Mutante 44:
[[0.4 5.4 3.4 5.2 9. ]
 [1.6 1.  1.4 1.6 1. ]]
 
Mutante 45:
[[5.6 3.4 9.  1.8 3.6]
 [2.6 0.4 2.6 1.  0.4]]
 
Mutante 46:
[[5.8 6.6 0.  9.6 7.6]
 [1.  1.6 1.  1.4 1. ]]
 
Mutante 47:
[[1.8 0.  0.2 8.  5.2]
 [1.  2.  1.  0.4 1. ]]
 
Mutante 48:
[[0.  8.6 8.  5.6 9.2]
 [1.  2.  1.  2.  1. ]]
 
Mutante 49:
[[3.4 8.2 0.8 6.8 3.8]
 [2.  1.  1.  1.4 1.6]]
 
Mutante 50:
[[8.8 5.4 3.2 7.8 4. ]
 [2.  2.  0.4 1.  1. ]]
 
-----------------------------------------
Número de avaliações até o momento: 450
Evoluido 1:
[[7 2 5 8 7]
 [2 2 1 2 1]]
 
Evoluido 2:
[[1 7 4 8 6]
 [2 2 1 1 1]]
 
Evoluido 3:
[[6 8 4 7 0]
 [2 1 0 1 1]]
 
Evoluido 4:
[[5 0 8 7 4]
 [2 1 1 1 1]]
 
Evoluido 5:
[[8 1 5 6 0]
 [2 0 1 2 1]]
 
Evoluido 6:
[[6 8 1 5 5]
 [1 1 2 1 1]]
 
Evoluido 7:
[[6 1 8 0 7]
 [2 1 2 1 1]]
 
Evoluido 8:
[[4 0 6 8 2]
 [2 1 1 1 1]]
 
Evoluido 9:
[[3 0 1 6 2]
 [1 2 0 1 1]]
 
Evoluido 10:
[[4 6 9 7 5]
 [1 1 0 0 0]]
 
Evoluido 11:
[[7 8 2 9 7]
 [2 2 2 1 1]]
 
Evoluido 12:
[[7 0 5 3 3]
 [2 1 1 1 1]]
 
Evoluido 13:
[[4 2 3 7 1]
 [1 2 1 2 1]]
 
Evoluido 14:
[[2 3 3 2 7]
 [1 2 2 1 1]]
 
Evoluido 15:
[[6 4 5 2 6]
 [2 1 1 1 1]]
 
Evoluido 16:
[[5 2 3 2 1]
 [0 1 1 2 1]]
 
Evoluido 17:
[[2 5 9 4 5]
 [1 2 2 2 1]]
 
Evoluido 18:
[[6 0 0 3 7]
 [2 1 1 1 1]]
 
Evoluido 19:
[[9 1 4 7 2]
 [1 1 1 1 1]]
 
Evoluido 20:
[[5 4 6 5 4]
 [2 2 1 1 1]]
 
Evoluido 21:
[[3 8 8 3 7]
 [2 1 2 0 1]]
 
Evoluido 22:
[[9 0 5 9 2]
 [2 1 1 1 1]]
 
Evoluido 23:
[[7 7 7 3 0]
 [2 1 2 1 1]]
 
Evoluido 24:
[[3 7 9 1 9]
 [1 1 1 1 0]]
 
Evoluido 25:
[[5 0 4 5 1]
 [1 1 1 2 1]]
 
Evoluido 26:
[[9 8 8 4 6]
 [2 1 1 1 1]]
 
Evoluido 27:
[[8 5 2 9 5]
 [1 1 2 1 1]]
 
Evoluido 28:
[[0 5 8 0 8]
 [1 2 1 1 1]]
 
Evoluido 29:
[[6 0 7 8 9]
 [2 1 1 1 1]]
 
Evoluido 30:
[[1 5 0 0 7]
 [2 2 1 1 1]]
 
Evoluido 31:
[[0 0 4 0 6]
 [1 1 1 1 1]]
 
Evoluido 32:
[[1 5 4 2 8]
 [1 0 1 1 1]]
 
Evoluido 33:
[[9 7 7 5 3]
 [2 1 1 2 1]]
 
Evoluido 34:
[[9 5 4 8 1]
 [2 1 0 2 1]]
 
Evoluido 35:
[[0 8 5 8 4]
 [2 2 1 1 1]]
 
Evoluido 36:
[[6 5 6 3 3]
 [1 1 1 1 1]]
 
Evoluido 37:
[[7 0 6 3 0]
 [2 1 1 1 1]]
 
Evoluido 38:
[[3 7 5 1 4]
 [1 1 1 1 1]]
 
Evoluido 39:
[[1 0 1 1 3]
 [0 2 1 1 1]]
 
Evoluido 40:
[[6 4 8 5 3]
 [2 1 1 0 1]]
 
Evoluido 41:
[[3 0 8 8 7]
 [2 0 1 1 1]]
 
Evoluido 42:
[[7 1 0 3 3]
 [2 1 1 1 1]]
 
Evoluido 43:
[[8 1 0 7 9]
 [2 1 2 1 0]]
 
Evoluido 44:
[[0 1 3 5 2]
 [1 1 1 1 1]]
 
Evoluido 45:
[[5 3 9 8 3]
 [2 0 2 1 0]]
 
Evoluido 46:
[[5 6 0 9 7]
 [2 1 1 1 1]]
 
Evoluido 47:
[[6 0 0 8 5]
 [1 2 1 1 1]]
 
Evoluido 48:
[[4 8 8 5 9]
 [1 1 1 2 1]]
 
Evoluido 49:
[[3 8 1 1 3]
 [2 1 2 1 1]]
 
Evoluido 50:
[[6 6 3 5 4]
 [2 2 0 1 1]]
 
-----------------------------------------
Individuo 1:
{
  "solucao": [7 6 5 9 7]
                [2 2 1 1 1],
  "funcao_objetivo": 0.98807886458809795502505637622984962228162798428433,
  "confiabilidade_total": 0.98807886458809795502505637622984962228162798428433
  "peso": 115.63000000000001,
  "custo": 97.36000000000001
}
 
Individuo 2:
{
  "solucao": [1 7 5 8 8]
                [2 1 1 2 1],
  "funcao_objetivo": 0.98673624699121823528378649487050553071472297293414,
  "confiabilidade_total": 0.98673624699121823528378649487050553071472297293414
  "peso": 108.82,
  "custo": 94.7
}
 
Individuo 3:
{
  "solucao": [5 8 4 7 3]
                [2 2 1 1 1],
  "funcao_objetivo": 0.98875991687753495870512825101616277950260410902717,
  "confiabilidade_total": 0.98875991687753495870512825101616277950260410902717
  "peso": 118.67000000000002,
  "custo": 88.18
}
 
Individuo 4:
{
  "solucao": [5 4 8 7 4]
                [2 1 1 2 1],
  "funcao_objetivo": 0.98592491050677736159998243656729789785315033330478,
  "confiabilidade_total": 0.98592491050677736159998243656729789785315033330478
  "peso": 119.84,
  "custo": 91.72999999999999
}
 
Individuo 5:
{
  "solucao": [8 1 7 6 0]
                [2 2 1 1 1],
  "funcao_objetivo": 0.99104052276479723277968033256556834079840545289821,
  "confiabilidade_total": 0.99104052276479723277968033256556834079840545289821
  "peso": 119.8,
  "custo": 99.52000000000001
}
 
Individuo 6:
{
  "solucao": [6 0 1 5 5]
                [1 1 2 1 1],
  "funcao_objetivo": 0.97413024670356547200518605118492592024880838977465,
  "confiabilidade_total": 0.97413024670356547200518605118492592024880838977465
  "peso": 105.95000000000002,
  "custo": 78.6
}
 
Individuo 7:
{
  "solucao": [6 1 8 9 7]
                [2 1 2 1 1],
  "funcao_objetivo": 0.97369631432969970403463282683576535320218559342184,
  "confiabilidade_total": 0.97369631432969970403463282683576535320218559342184
  "peso": 119.86,
  "custo": 98.82
}
 
Individuo 8:
{
  "solucao": [7 0 5 9 2]
                [2 1 2 1 1],
  "funcao_objetivo": 0.97761277657371475366817162379834591306305070790905,
  "confiabilidade_total": 0.97761277657371475366817162379834591306305070790905
  "peso": 119.17,
  "custo": 93.68999999999998
}
 
Individuo 9:
{
  "solucao": [5 7 1 6 1]
                [1 2 1 1 2],
  "funcao_objetivo": 0.97282366187037161684857786717548195458596515824287,
  "confiabilidade_total": 0.97282366187037161684857786717548195458596515824287
  "peso": 117.35000000000001,
  "custo": 96.61
}
 
Individuo 10:
{
  "solucao": [4 6 1 1 7]
                [1 1 2 1 1],
  "funcao_objetivo": 0.97248102864723279337048581428521034053629197492014,
  "confiabilidade_total": 0.97248102864723279337048581428521034053629197492014
  "peso": 112.22,
  "custo": 85.5
}
 
Individuo 11:
{
  "solucao": [8 8 2 9 6]
                [2 2 1 1 1],
  "funcao_objetivo": 0.98830984494068990125446256936094570405561492745894,
  "confiabilidade_total": 0.98830984494068990125446256936094570405561492745894
  "peso": 119.47999999999999,
  "custo": 93.05000000000001
}
 
Individuo 12:
{
  "solucao": [7 0 5 3 3]
                [2 1 1 1 1],
  "funcao_objetivo": 0.97539832225520103516880824709244066618868491318760,
  "confiabilidade_total": 0.97539832225520103516880824709244066618868491318760
  "peso": 107.6,
  "custo": 80.06
}
 
Individuo 13:
{
  "solucao": [7 2 1 8 1]
                [1 1 1 2 1],
  "funcao_objetivo": 0.97138289168677077457071117002265515764674862613646,
  "confiabilidade_total": 0.97138289168677077457071117002265515764674862613646
  "peso": 102.24000000000001,
  "custo": 80.53
}
 
Individuo 14:
{
  "solucao": [2 3 7 1 7]
                [1 2 1 1 1],
  "funcao_objetivo": 0.97050772022867490374082863680654510192121243665658,
  "confiabilidade_total": 0.97050772022867490374082863680654510192121243665658
  "peso": 113.43,
  "custo": 77.88000000000001
}
 
Individuo 15:
{
  "solucao": [6 4 7 2 1]
                [2 1 1 1 1],
  "funcao_objetivo": 0.97025827664366237448648842082501129610891400798908,
  "confiabilidade_total": 0.97025827664366237448648842082501129610891400798908
  "peso": 118.77000000000001,
  "custo": 77.86000000000001
}
 
Individuo 16:
{
  "solucao": [5 2 8 4 0]
                [2 1 1 1 1],
  "funcao_objetivo": 0.97084122763821305347342514062019554207227271162707,
  "confiabilidade_total": 0.97084122763821305347342514062019554207227271162707
  "peso": 110.78999999999999,
  "custo": 73.61
}
 
Individuo 17:
{
  "solucao": [0 2 6 8 6]
                [1 1 2 1 1],
  "funcao_objetivo": 0.96927907551792752000004602860051053454712720102617,
  "confiabilidade_total": 0.96927907551792752000004602860051053454712720102617
  "peso": 117.63999999999999,
  "custo": 76.06
}
 
Individuo 18:
{
  "solucao": [6 0 0 3 7]
                [2 1 1 1 1],
  "funcao_objetivo": 0.97781131802355879686663983994852538752080543427722,
  "confiabilidade_total": 0.97781131802355879686663983994852538752080543427722
  "peso": 116.88,
  "custo": 83.78
}
 
Individuo 19:
{
  "solucao": [6 6 5 2 2]
                [1 1 2 1 1],
  "funcao_objetivo": 0.96881841519887385258124970215906144235376426050232,
  "confiabilidade_total": 0.96881841519887385258124970215906144235376426050232
  "peso": 114.96000000000001,
  "custo": 64.34
}
 
Individuo 20:
{
  "solucao": [0 8 6 5 3]
                [1 2 1 1 1],
  "funcao_objetivo": 0.97319422049140649658147020714560922467379678755355,
  "confiabilidade_total": 0.97319422049140649658147020714560922467379678755355
  "peso": 106.33000000000001,
  "custo": 77.47
}
 
Individuo 21:
{
  "solucao": [9 4 2 3 7]
                [2 1 1 1 1],
  "funcao_objetivo": 0.96736150430390846927642669818601059383779130784167,
  "confiabilidade_total": 0.96736150430390846927642669818601059383779130784167
  "peso": 119.6,
  "custo": 85.93
}
 
Individuo 22:
{
  "solucao": [9 0 5 7 2]
                [2 1 1 1 1],
  "funcao_objetivo": 0.97262218107754803628866489347826860361341536662709,
  "confiabilidade_total": 0.97262218107754803628866489347826860361341536662709
  "peso": 108.70000000000002,
  "custo": 86.33
}
 
Individuo 23:
{
  "solucao": [5 7 7 0 0]
                [2 1 2 1 1],
  "funcao_objetivo": 0.97956697669343725153124139653667630994888875120983,
  "confiabilidade_total": 0.97956697669343725153124139653667630994888875120983
  "peso": 112.44999999999999,
  "custo": 97.36
}
 
Individuo 24:
{
  "solucao": [3 7 6 0 1]
                [1 1 2 1 1],
  "funcao_objetivo": 0.97459648005633881656124580548733680886402121388682,
  "confiabilidade_total": 0.97459648005633881656124580548733680886402121388682
  "peso": 114.71000000000001,
  "custo": 82.42
}
 
Individuo 25:
{
  "solucao": [5 0 4 5 1]
                [1 1 1 2 1],
  "funcao_objetivo": 0.96783000342681372970092256261515976272129135790420,
  "confiabilidade_total": 0.96783000342681372970092256261515976272129135790420
  "peso": 106.31,
  "custo": 75.83
}
 
Individuo 26:
{
  "solucao": [9 0 8 2 2]
                [2 1 1 1 1],
  "funcao_objetivo": 0.97614656079033091771460688349803450159144712928159,
  "confiabilidade_total": 0.97614656079033091771460688349803450159144712928159
  "peso": 117.13000000000001,
  "custo": 84.01999999999998
}
 
Individuo 27:
{
  "solucao": [3 5 1 8 5]
                [2 2 1 1 1],
  "funcao_objetivo": 0.98098449079305492576605166382173182315926130630400,
  "confiabilidade_total": 0.99073449079305482166876531740549170168849702693846
  "peso": 121.16999999999999,
  "custo": 82.99
}
 
Individuo 28:
{
  "solucao": [0 5 8 0 8]
                [1 2 1 1 1],
  "funcao_objetivo": 0.97502397675337203560056139648671219489605125647868,
  "confiabilidade_total": 0.97502397675337203560056139648671219489605125647868
  "peso": 99.16,
  "custo": 79.53999999999999
}
 
Individuo 29:
{
  "solucao": [6 0 3 8 1]
                [2 1 1 1 1],
  "funcao_objetivo": 0.97397555237724083127953392405557715149188350399542,
  "confiabilidade_total": 0.97397555237724083127953392405557715149188350399542
  "peso": 115.14000000000001,
  "custo": 80.92999999999999
}
 
Individuo 30:
{
  "solucao": [1 5 5 0 7]
                [2 2 1 1 1],
  "funcao_objetivo": 0.99306165922473361832904953488919829024489742391556,
  "confiabilidade_total": 0.99306165922473361832904953488919829024489742391556
  "peso": 114.81,
  "custo": 91.38000000000001
}
 
Individuo 31:
{
  "solucao": [0 0 4 0 6]
                [1 1 1 1 1],
  "funcao_objetivo": 0.96717627965221667764615379580434442728429847611557,
  "confiabilidade_total": 0.96717627965221667764615379580434442728429847611557
  "peso": 104.57999999999998,
  "custo": 74.74
}
 
Individuo 32:
{
  "solucao": [1 5 8 8 8]
                [1 2 1 2 1],
  "funcao_objetivo": 0.97497258535732326315324955702402345827778098168226,
  "confiabilidade_total": 0.97497258535732326315324955702402345827778098168226
  "peso": 105.88,
  "custo": 88.77
}
 
Individuo 33:
{
  "solucao": [9 7 7 5 3]
                [2 1 1 2 1],
  "funcao_objetivo": 0.98457614975692928668727510958881575827296082800613,
  "confiabilidade_total": 0.98457614975692928668727510958881575827296082800613
  "peso": 116.73000000000002,
  "custo": 97.86000000000001
}
 
Individuo 34:
{
  "solucao": [9 5 4 8 5]
                [2 1 1 2 1],
  "funcao_objetivo": 0.98466756527893374813371460777726091883273406021799,
  "confiabilidade_total": 0.98466756527893374813371460777726091883273406021799
  "peso": 119.19,
  "custo": 96.94
}
 
Individuo 35:
{
  "solucao": [8 9 6 8 4]
                [2 1 1 2 1],
  "funcao_objetivo": 0.97967856089065000678019385840485984928155424766709,
  "confiabilidade_total": 0.98384522755731667338903640920563294613449009828736
  "peso": 120.5,
  "custo": 97.6
}
 
Individuo 36:
{
  "solucao": [6 8 6 3 2]
                [2 1 1 1 1],
  "funcao_objetivo": 0.96405700785394063900406356845132397773960242253698,
  "confiabilidade_total": 0.96405700785394063900406356845132397773960242253698
  "peso": 119.52,
  "custo": 71.92999999999999
}
 
Individuo 37:
{
  "solucao": [7 0 6 3 0]
                [2 1 1 1 1],
  "funcao_objetivo": 0.97621839732121291403193200565971198448794733648895,
  "confiabilidade_total": 0.97621839732121291403193200565971198448794733648895
  "peso": 111.01,
  "custo": 86.25
}
 
Individuo 38:
{
  "solucao": [3 0 2 8 7]
                [1 2 1 1 1],
  "funcao_objetivo": 0.97270259724325125188656692909082493657770102783006,
  "confiabilidade_total": 0.97270259724325125188656692909082493657770102783006
  "peso": 114.15,
  "custo": 81.88000000000001
}
 
Individuo 39:
{
  "solucao": [3 0 1 9 3]
                [1 1 1 2 1],
  "funcao_objetivo": 0.97416728832110675814093165487018205375659661303156,
  "confiabilidade_total": 0.97416728832110675814093165487018205375659661303156
  "peso": 119.49000000000001,
  "custo": 90.4
}
 
Individuo 40:
{
  "solucao": [7 4 1 5 1]
                [2 1 1 1 2],
  "funcao_objetivo": 0.96013658500064562554752770182148758176631023210945,
  "confiabilidade_total": 0.96913658500064572895092465784700486547230471891823
  "peso": 121.08000000000001,
  "custo": 98.28
}
 
Individuo 41:
{
  "solucao": [6 0 3 8 7]
                [2 1 1 1 1],
  "funcao_objetivo": 0.97321039008253014478502493277923165067503253575471,
  "confiabilidade_total": 0.97321039008253014478502493277923165067503253575471
  "peso": 111.19000000000001,
  "custo": 81.02
}
 
Individuo 42:
{
  "solucao": [7 1 0 3 3]
                [2 1 1 1 1],
  "funcao_objetivo": 0.97486615823863750897553413621025653832134774572705,
  "confiabilidade_total": 0.97486615823863750897553413621025653832134774572705
  "peso": 110.97,
  "custo": 84.5
}
 
Individuo 43:
{
  "solucao": [8 5 0 7 1]
                [1 1 2 2 1],
  "funcao_objetivo": 0.98897142128655652955378466168380978085206408951500,
  "confiabilidade_total": 0.99207142128655655242993008408516029628099461052635
  "peso": 116.25,
  "custo": 100.31
}
 
Individuo 44:
{
  "solucao": [0 1 2 7 2]
                [2 1 1 1 1],
  "funcao_objetivo": 0.97417357191378215906479544326870241552942457465659,
  "confiabilidade_total": 0.97417357191378215906479544326870241552942457465659
  "peso": 118.25000000000001,
  "custo": 80.78999999999999
}
 
Individuo 45:
{
  "solucao": [1 5 7 8 7]
                [2 2 1 1 0],
  "funcao_objetivo": 0.98565738055158236077225972039805446283786156062515,
  "confiabilidade_total": 0.98565738055158236077225972039805446283786156062515
  "peso": 94.39,
  "custo": 78.31
}
 
Individuo 46:
{
  "solucao": [5 3 6 2 4]
                [2 1 1 1 1],
  "funcao_objetivo": 0.97026940970524980468654278498866596180324013889985,
  "confiabilidade_total": 0.97026940970524980468654278498866596180324013889985
  "peso": 118.11,
  "custo": 68.5
}
 
Individuo 47:
{
  "solucao": [6 0 0 8 5]
                [1 2 1 1 1],
  "funcao_objetivo": 0.97461255820613023529079935247306811894688948622745,
  "confiabilidade_total": 0.97461255820613023529079935247306811894688948622745
  "peso": 110.14,
  "custo": 84.36
}
 
Individuo 48:
{
  "solucao": [4 2 7 1 7]
                [2 1 1 1 1],
  "funcao_objetivo": 0.97442326356594616130757074471213228130093631841311,
  "confiabilidade_total": 0.97442326356594616130757074471213228130093631841311
  "peso": 116.63000000000002,
  "custo": 82.0
}
 
Individuo 49:
{
  "solucao": [7 8 1 1 3]
                [1 1 2 1 1],
  "funcao_objetivo": 0.97140064222186866711245311352060648916818092322692,
  "confiabilidade_total": 0.97140064222186866711245311352060648916818092322692
  "peso": 105.18,
  "custo": 84.42
}
 
Individuo 50:
{
  "solucao": [6 6 0 5 4]
                [1 1 1 2 1],
  "funcao_objetivo": 0.97360876603002814987376671546772100427666787017048,
  "confiabilidade_total": 0.97360876603002814987376671546772100427666787017048
  "peso": 113.52000000000001,
  "custo": 75.50999999999999
}
 
-----------------------------------------
GERACAO 10
Mutante 1:
[[2.  2.2 9.2 9.  7.6]
 [1.4 1.6 1.  2.6 1. ]]
 
Mutante 2:
[[8.2 1.8 1.4 3.  3. ]
 [2.  0.4 1.6 1.  1. ]]
 
Mutante 3:
[[3.  3.4 4.4 9.  0.8]
 [2.6 1.  1.  1.6 1. ]]
 
Mutante 4:
[[2.8 5.  5.  0.  8.2]
 [2.  2.  1.6 0.4 1. ]]
 
Mutante 5:
[[9.  0.  9.  0.  0. ]
 [2.  0.4 1.  1.  1. ]]
 
Mutante 6:
[[3.8 3.6 6.  2.  4. ]
 [1.4 1.6 1.  1.  1. ]]
 
Mutante 7:
[[7.2 8.2 3.8 0.  7. ]
 [1.4 1.  1.6 1.  1. ]]
 
Mutante 8:
[[1.2 4.2 2.4 7.4 2.8]
 [1.4 1.  1.  1.  1. ]]
 
Mutante 9:
[[0.  4.4 9.  0.  6.2]
 [1.6 2.  1.  1.  1. ]]
 
Mutante 10:
[[0.  7.6 9.2 9.8 9. ]
 [1.4 1.6 1.  2.6 0.4]]
 
Mutante 11:
[[0.  9.  9.  0.2 7.2]
 [0.4 2.6 1.  1.  1. ]]
 
Mutante 12:
[[9.  8.4 3.8 9.  6.4]
 [1.4 2.  1.6 1.6 1. ]]
 
Mutante 13:
[[7.6 0.  7.2 0.6 3.6]
 [2.6 1.  0.4 0.4 1. ]]
 
Mutante 14:
[[0.  4.4 9.4 2.2 4.6]
 [1.4 1.6 1.  1.  1. ]]
 
Mutante 15:
[[9.  8.8 7.6 6.2 1.8]
 [2.  1.  1.  2.  1.6]]
 
Mutante 16:
[[4.4 9.  4.6 7.  2.4]
 [2.  2.  1.  1.  1. ]]
 
Mutante 17:
[[8.8 5.2 3.6 3.  1.8]
 [2.6 1.  0.4 1.6 1. ]]
 
Mutante 18:
[[3.  4.4 0.  7.4 1.4]
 [2.  2.  0.4 1.  1. ]]
 
Mutante 19:
[[2.4 6.8 1.  6.8 3.2]
 [2.  2.  0.4 1.6 1. ]]
 
Mutante 20:
[[2.8 5.6 9.2 0.  9.4]
 [2.6 2.  1.6 0.4 1. ]]
 
Mutante 21:
[[4.6 7.4 6.4 4.4 4.6]
 [2.  2.  1.  1.  1. ]]
 
Mutante 22:
[[1.2 0.  4.6 7.8 1.8]
 [1.  0.4 1.  2.6 1. ]]
 
Mutante 23:
[[9.  0.  3.4 7.8 1.2]
 [2.6 2.  0.4 1.  1. ]]
 
Mutante 24:
[[0.  9.8 8.  0.  7. ]
 [2.  2.6 1.  0.4 1. ]]
 
Mutante 25:
[[1.2 9.  8.4 0.  0. ]
 [1.  1.  2.  1.  1. ]]
 
Mutante 26:
[[0.  0.  3.2 7.6 0.8]
 [2.  1.  1.  1.  1. ]]
 
Mutante 27:
[[9.6 4.  4.4 5.4 5.2]
 [2.6 1.  1.  1.  1. ]]
 
Mutante 28:
[[3.4 6.  0.4 0.  5.2]
 [0.4 0.4 2.6 1.  1. ]]
 
Mutante 29:
[[2.6 9.  4.6 3.  1.2]
 [2.  1.6 2.  1.  1. ]]
 
Mutante 30:
[[6.4 6.  2.6 6.6 8.8]
 [1.4 2.  1.  1.  1. ]]
 
Mutante 31:
[[2.  2.4 5.8 0.  7. ]
 [1.  2.  1.  0.4 1. ]]
 
Mutante 32:
[[1.4 8.2 9.  0.  0.6]
 [2.  0.4 2.6 1.  1. ]]
 
Mutante 33:
[[8.  8.  3.2 9.  3.6]
 [2.6 2.  0.4 1.  1. ]]
 
Mutante 34:
[[5.4 6.  2.  3.2 5. ]
 [0.4 1.  2.6 1.  1. ]]
 
Mutante 35:
[[4.6 0.2 6.2 9.8 9. ]
 [1.6 1.4 1.  2.  1. ]]
 
Mutante 36:
[[2.4 0.  5.4 9.  6.6]
 [1.6 1.  2.  1.  1. ]]
 
Mutante 37:
[[1.8 4.8 6.8 0.  3.2]
 [0.4 1.6 2.  0.4 1. ]]
 
Mutante 38:
[[6.  3.8 7.8 2.4 2. ]
 [2.  0.4 1.  1.6 0.4]]
 
Mutante 39:
[[1.2 0.  7.2 9.  6. ]
 [1.6 1.  1.4 1.  1. ]]
 
Mutante 40:
[[8.4 3.6 0.  9.  4.4]
 [1.  2.6 1.  1.  1. ]]
 
Mutante 41:
[[6.2 7.6 4.  1.8 0. ]
 [2.  1.  2.  1.  1.6]]
 
Mutante 42:
[[0.  4.8 5.  8.  5.8]
 [1.  2.6 0.4 1.  1. ]]
 
Mutante 43:
[[6.2 8.4 9.6 9.  4. ]
 [2.6 1.6 0.4 2.  0.4]]
 
Mutante 44:
[[9.  7.8 4.2 9.  7. ]
 [2.  1.  0.4 2.6 1. ]]
 
Mutante 45:
[[5.2 3.2 7.6 0.  9. ]
 [2.6 1.  1.  0.4 1. ]]
 
Mutante 46:
[[7.6 4.6 1.  8.  0. ]
 [2.  1.6 0.4 1.  2.6]]
 
Mutante 47:
[[0.8 0.  2.8 0.  7. ]
 [1.  2.  1.  0.4 1. ]]
 
Mutante 48:
[[6.6 0.  3.6 6.2 6.4]
 [2.  1.  1.  1.  1. ]]
 
Mutante 49:
[[2.2 9.  3.2 7.4 4.4]
 [1.4 1.  1.6 2.6 1. ]]
 
Mutante 50:
[[7.6 6.6 5.  9.  3.4]
 [2.  2.6 0.4 1.  1.6]]
 
-----------------------------------------
Número de avaliações até o momento: 500
Evoluido 1:
[[7 2 9 9 7]
 [2 1 1 2 1]]
 
Evoluido 2:
[[1 1 5 3 8]
 [2 1 1 1 1]]
 
Evoluido 3:
[[3 3 4 7 3]
 [2 2 1 1 1]]
 
Evoluido 4:
[[5 5 5 0 4]
 [2 2 1 2 1]]
 
Evoluido 5:
[[8 0 9 0 0]
 [2 0 1 1 1]]
 
Evoluido 6:
[[6 0 6 5 5]
 [1 1 1 1 1]]
 
Evoluido 7:
[[6 8 3 0 7]
 [1 1 1 1 1]]
 
Evoluido 8:
[[1 4 5 7 2]
 [2 1 1 1 1]]
 
Evoluido 9:
[[5 4 1 0 1]
 [1 2 1 1 2]]
 
Evoluido 10:
[[4 6 1 9 7]
 [1 1 1 2 1]]
 
Evoluido 11:
[[0 9 2 0 6]
 [2 2 1 1 1]]
 
Evoluido 12:
[[7 0 3 3 6]
 [1 2 1 1 1]]
 
Evoluido 13:
[[7 0 1 0 3]
 [2 1 1 0 1]]
 
Evoluido 14:
[[2 4 9 1 7]
 [1 1 1 1 1]]
 
Evoluido 15:
[[6 4 7 6 1]
 [2 1 1 2 1]]
 
Evoluido 16:
[[4 2 8 7 2]
 [2 1 1 1 1]]
 
Evoluido 17:
[[0 2 3 3 6]
 [1 1 0 1 1]]
 
Evoluido 18:
[[3 4 0 7 1]
 [2 1 1 1 1]]
 
Evoluido 19:
[[2 6 1 6 3]
 [2 1 0 1 1]]
 
Evoluido 20:
[[0 5 9 5 9]
 [2 2 1 1 1]]
 
Evoluido 21:
[[9 7 2 4 7]
 [2 1 1 1 1]]
 
Evoluido 22:
[[1 0 5 7 1]
 [1 0 1 1 1]]
 
Evoluido 23:
[[5 7 7 7 0]
 [2 1 2 1 1]]
 
Evoluido 24:
[[3 9 8 0 1]
 [2 2 1 0 1]]
 
Evoluido 25:
[[1 9 8 0 0]
 [1 1 2 2 1]]
 
Evoluido 26:
[[0 0 8 7 2]
 [2 1 1 1 1]]
 
Evoluido 27:
[[3 4 1 5 5]
 [2 1 1 1 1]]
 
Evoluido 28:
[[0 6 0 0 5]
 [1 2 1 1 1]]
 
Evoluido 29:
[[2 9 4 3 1]
 [2 1 1 1 1]]
 
Evoluido 30:
[[6 6 2 6 8]
 [1 2 1 1 1]]
 
Evoluido 31:
[[2 0 5 0 6]
 [1 2 1 0 1]]
 
Evoluido 32:
[[1 8 8 8 8]
 [1 0 2 2 1]]
 
Evoluido 33:
[[8 8 3 5 3]
 [2 2 1 2 1]]
 
Evoluido 34:
[[9 6 2 8 5]
 [2 1 2 2 1]]
 
Evoluido 35:
[[8 0 6 9 4]
 [1 1 1 2 1]]
 
Evoluido 36:
[[2 8 6 9 6]
 [1 1 2 1 1]]
 
Evoluido 37:
[[1 0 6 0 3]
 [0 1 1 0 1]]
 
Evoluido 38:
[[3 3 2 8 2]
 [2 0 1 1 0]]
 
Evoluido 39:
[[3 0 7 9 3]
 [1 1 1 1 1]]
 
Evoluido 40:
[[8 4 0 5 4]
 [2 2 1 1 2]]
 
Evoluido 41:
[[6 0 4 1 0]
 [2 1 1 1 1]]
 
Evoluido 42:
[[7 4 5 8 5]
 [1 1 0 1 1]]
 
Evoluido 43:
[[8 8 9 9 1]
 [2 1 2 2 0]]
 
Evoluido 44:
[[9 7 4 9 7]
 [2 1 1 2 1]]
 
Evoluido 45:
[[1 5 7 0 7]
 [2 1 1 1 0]]
 
Evoluido 46:
[[7 4 6 8 0]
 [2 1 0 1 2]]
 
Evoluido 47:
[[6 0 2 0 7]
 [1 2 1 1 1]]
 
Evoluido 48:
[[4 2 3 6 6]
 [2 1 1 1 1]]
 
Evoluido 49:
[[7 9 3 1 3]
 [1 1 1 2 1]]
 
Evoluido 50:
[[7 6 5 5 3]
 [1 2 1 2 1]]
 
-----------------------------------------
Individuo 1:
{
  "solucao": [7 6 5 9 7]
                [2 2 1 1 1],
  "funcao_objetivo": 0.98807886458809795502505637622984962228162798428433,
  "confiabilidade_total": 0.98807886458809795502505637622984962228162798428433
  "peso": 115.63000000000001,
  "custo": 97.36000000000001
}
 
Individuo 2:
{
  "solucao": [1 7 5 8 8]
                [2 1 1 2 1],
  "funcao_objetivo": 0.98673624699121823528378649487050553071472297293414,
  "confiabilidade_total": 0.98673624699121823528378649487050553071472297293414
  "peso": 108.82,
  "custo": 94.7
}
 
Individuo 3:
{
  "solucao": [5 8 4 7 3]
                [2 2 1 1 1],
  "funcao_objetivo": 0.98875991687753495870512825101616277950260410902717,
  "confiabilidade_total": 0.98875991687753495870512825101616277950260410902717
  "peso": 118.67000000000002,
  "custo": 88.18
}
 
Individuo 4:
{
  "solucao": [5 4 8 7 4]
                [2 1 1 2 1],
  "funcao_objetivo": 0.98592491050677736159998243656729789785315033330478,
  "confiabilidade_total": 0.98592491050677736159998243656729789785315033330478
  "peso": 119.84,
  "custo": 91.72999999999999
}
 
Individuo 5:
{
  "solucao": [8 1 7 6 0]
                [2 2 1 1 1],
  "funcao_objetivo": 0.99104052276479723277968033256556834079840545289821,
  "confiabilidade_total": 0.99104052276479723277968033256556834079840545289821
  "peso": 119.8,
  "custo": 99.52000000000001
}
 
Individuo 6:
{
  "solucao": [6 0 1 5 5]
                [1 1 2 1 1],
  "funcao_objetivo": 0.97413024670356547200518605118492592024880838977465,
  "confiabilidade_total": 0.97413024670356547200518605118492592024880838977465
  "peso": 105.95000000000002,
  "custo": 78.6
}
 
Individuo 7:
{
  "solucao": [6 1 8 9 7]
                [2 1 2 1 1],
  "funcao_objetivo": 0.97369631432969970403463282683576535320218559342184,
  "confiabilidade_total": 0.97369631432969970403463282683576535320218559342184
  "peso": 119.86,
  "custo": 98.82
}
 
Individuo 8:
{
  "solucao": [7 0 5 9 2]
                [2 1 2 1 1],
  "funcao_objetivo": 0.97761277657371475366817162379834591306305070790905,
  "confiabilidade_total": 0.97761277657371475366817162379834591306305070790905
  "peso": 119.17,
  "custo": 93.68999999999998
}
 
Individuo 9:
{
  "solucao": [5 7 1 6 1]
                [1 2 1 1 2],
  "funcao_objetivo": 0.97282366187037161684857786717548195458596515824287,
  "confiabilidade_total": 0.97282366187037161684857786717548195458596515824287
  "peso": 117.35000000000001,
  "custo": 96.61
}
 
Individuo 10:
{
  "solucao": [4 6 1 1 7]
                [1 1 2 1 1],
  "funcao_objetivo": 0.97248102864723279337048581428521034053629197492014,
  "confiabilidade_total": 0.97248102864723279337048581428521034053629197492014
  "peso": 112.22,
  "custo": 85.5
}
 
Individuo 11:
{
  "solucao": [8 8 2 9 6]
                [2 2 1 1 1],
  "funcao_objetivo": 0.98830984494068990125446256936094570405561492745894,
  "confiabilidade_total": 0.98830984494068990125446256936094570405561492745894
  "peso": 119.47999999999999,
  "custo": 93.05000000000001
}
 
Individuo 12:
{
  "solucao": [7 0 5 3 3]
                [2 1 1 1 1],
  "funcao_objetivo": 0.97539832225520103516880824709244066618868491318760,
  "confiabilidade_total": 0.97539832225520103516880824709244066618868491318760
  "peso": 107.6,
  "custo": 80.06
}
 
Individuo 13:
{
  "solucao": [7 2 1 8 1]
                [1 1 1 2 1],
  "funcao_objetivo": 0.97138289168677077457071117002265515764674862613646,
  "confiabilidade_total": 0.97138289168677077457071117002265515764674862613646
  "peso": 102.24000000000001,
  "custo": 80.53
}
 
Individuo 14:
{
  "solucao": [2 3 7 1 7]
                [1 2 1 1 1],
  "funcao_objetivo": 0.97050772022867490374082863680654510192121243665658,
  "confiabilidade_total": 0.97050772022867490374082863680654510192121243665658
  "peso": 113.43,
  "custo": 77.88000000000001
}
 
Individuo 15:
{
  "solucao": [6 4 7 2 1]
                [2 1 1 1 1],
  "funcao_objetivo": 0.97025827664366237448648842082501129610891400798908,
  "confiabilidade_total": 0.97025827664366237448648842082501129610891400798908
  "peso": 118.77000000000001,
  "custo": 77.86000000000001
}
 
Individuo 16:
{
  "solucao": [5 2 8 4 0]
                [2 1 1 1 1],
  "funcao_objetivo": 0.97084122763821305347342514062019554207227271162707,
  "confiabilidade_total": 0.97084122763821305347342514062019554207227271162707
  "peso": 110.78999999999999,
  "custo": 73.61
}
 
Individuo 17:
{
  "solucao": [0 2 6 8 6]
                [1 1 2 1 1],
  "funcao_objetivo": 0.96927907551792752000004602860051053454712720102617,
  "confiabilidade_total": 0.96927907551792752000004602860051053454712720102617
  "peso": 117.63999999999999,
  "custo": 76.06
}
 
Individuo 18:
{
  "solucao": [6 0 0 3 7]
                [2 1 1 1 1],
  "funcao_objetivo": 0.97781131802355879686663983994852538752080543427722,
  "confiabilidade_total": 0.97781131802355879686663983994852538752080543427722
  "peso": 116.88,
  "custo": 83.78
}
 
Individuo 19:
{
  "solucao": [6 6 5 2 2]
                [1 1 2 1 1],
  "funcao_objetivo": 0.96881841519887385258124970215906144235376426050232,
  "confiabilidade_total": 0.96881841519887385258124970215906144235376426050232
  "peso": 114.96000000000001,
  "custo": 64.34
}
 
Individuo 20:
{
  "solucao": [0 5 9 5 9]
                [2 2 1 1 1],
  "funcao_objetivo": 0.97877888134028493627795209510963806366446711291329,
  "confiabilidade_total": 0.99169554800695157856597151271557569686222173441903
  "peso": 121.55,
  "custo": 98.72999999999999
}
 
Individuo 21:
{
  "solucao": [9 4 2 3 7]
                [2 1 1 1 1],
  "funcao_objetivo": 0.96736150430390846927642669818601059383779130784167,
  "confiabilidade_total": 0.96736150430390846927642669818601059383779130784167
  "peso": 119.6,
  "custo": 85.93
}
 
Individuo 22:
{
  "solucao": [9 0 5 7 2]
                [2 1 1 1 1],
  "funcao_objetivo": 0.97262218107754803628866489347826860361341536662709,
  "confiabilidade_total": 0.97262218107754803628866489347826860361341536662709
  "peso": 108.70000000000002,
  "custo": 86.33
}
 
Individuo 23:
{
  "solucao": [5 7 7 0 0]
                [2 1 2 1 1],
  "funcao_objetivo": 0.97956697669343725153124139653667630994888875120983,
  "confiabilidade_total": 0.97956697669343725153124139653667630994888875120983
  "peso": 112.44999999999999,
  "custo": 97.36
}
 
Individuo 24:
{
  "solucao": [3 7 6 0 1]
                [1 1 2 1 1],
  "funcao_objetivo": 0.97459648005633881656124580548733680886402121388682,
  "confiabilidade_total": 0.97459648005633881656124580548733680886402121388682
  "peso": 114.71000000000001,
  "custo": 82.42
}
 
Individuo 25:
{
  "solucao": [5 0 4 5 1]
                [1 1 1 2 1],
  "funcao_objetivo": 0.96783000342681372970092256261515976272129135790420,
  "confiabilidade_total": 0.96783000342681372970092256261515976272129135790420
  "peso": 106.31,
  "custo": 75.83
}
 
Individuo 26:
{
  "solucao": [0 0 8 7 2]
                [2 1 1 1 1],
  "funcao_objetivo": 0.97670342718862775224454967653827195750017777684792,
  "confiabilidade_total": 0.97670342718862775224454967653827195750017777684792
  "peso": 112.27000000000001,
  "custo": 86.00999999999999
}
 
Individuo 27:
{
  "solucao": [3 5 1 8 5]
                [2 2 1 1 1],
  "funcao_objetivo": 0.98098449079305492576605166382173182315926130630400,
  "confiabilidade_total": 0.99073449079305482166876531740549170168849702693846
  "peso": 121.16999999999999,
  "custo": 82.99
}
 
Individuo 28:
{
  "solucao": [0 6 0 0 5]
                [1 2 1 1 1],
  "funcao_objetivo": 0.98274006756090687389506816772836110340407530539165,
  "confiabilidade_total": 0.98274006756090687389506816772836110340407530539165
  "peso": 115.58,
  "custo": 83.38
}
 
Individuo 29:
{
  "solucao": [6 0 3 8 1]
                [2 1 1 1 1],
  "funcao_objetivo": 0.97397555237724083127953392405557715149188350399542,
  "confiabilidade_total": 0.97397555237724083127953392405557715149188350399542
  "peso": 115.14000000000001,
  "custo": 80.92999999999999
}
 
Individuo 30:
{
  "solucao": [1 5 5 0 7]
                [2 2 1 1 1],
  "funcao_objetivo": 0.99306165922473361832904953488919829024489742391556,
  "confiabilidade_total": 0.99306165922473361832904953488919829024489742391556
  "peso": 114.81,
  "custo": 91.38000000000001
}
 
Individuo 31:
{
  "solucao": [0 0 4 0 6]
                [1 1 1 1 1],
  "funcao_objetivo": 0.96717627965221667764615379580434442728429847611557,
  "confiabilidade_total": 0.96717627965221667764615379580434442728429847611557
  "peso": 104.57999999999998,
  "custo": 74.74
}
 
Individuo 32:
{
  "solucao": [1 5 8 8 8]
                [1 2 1 2 1],
  "funcao_objetivo": 0.97497258535732326315324955702402345827778098168226,
  "confiabilidade_total": 0.97497258535732326315324955702402345827778098168226
  "peso": 105.88,
  "custo": 88.77
}
 
Individuo 33:
{
  "solucao": [9 7 7 5 3]
                [2 1 1 2 1],
  "funcao_objetivo": 0.98457614975692928668727510958881575827296082800613,
  "confiabilidade_total": 0.98457614975692928668727510958881575827296082800613
  "peso": 116.73000000000002,
  "custo": 97.86000000000001
}
 
Individuo 34:
{
  "solucao": [9 5 4 8 5]
                [2 1 1 2 1],
  "funcao_objetivo": 0.98466756527893374813371460777726091883273406021799,
  "confiabilidade_total": 0.98466756527893374813371460777726091883273406021799
  "peso": 119.19,
  "custo": 96.94
}
 
Individuo 35:
{
  "solucao": [8 9 6 8 4]
                [2 1 1 2 1],
  "funcao_objetivo": 0.97967856089065000678019385840485984928155424766709,
  "confiabilidade_total": 0.98384522755731667338903640920563294613449009828736
  "peso": 120.5,
  "custo": 97.6
}
 
Individuo 36:
{
  "solucao": [6 8 6 3 2]
                [2 1 1 1 1],
  "funcao_objetivo": 0.96405700785394063900406356845132397773960242253698,
  "confiabilidade_total": 0.96405700785394063900406356845132397773960242253698
  "peso": 119.52,
  "custo": 71.92999999999999
}
 
Individuo 37:
{
  "solucao": [7 0 6 3 0]
                [2 1 1 1 1],
  "funcao_objetivo": 0.97621839732121291403193200565971198448794733648895,
  "confiabilidade_total": 0.97621839732121291403193200565971198448794733648895
  "peso": 111.01,
  "custo": 86.25
}
 
Individuo 38:
{
  "solucao": [3 0 2 8 7]
                [1 2 1 1 1],
  "funcao_objetivo": 0.97270259724325125188656692909082493657770102783006,
  "confiabilidade_total": 0.97270259724325125188656692909082493657770102783006
  "peso": 114.15,
  "custo": 81.88000000000001
}
 
Individuo 39:
{
  "solucao": [3 0 1 9 3]
                [1 1 1 2 1],
  "funcao_objetivo": 0.97416728832110675814093165487018205375659661303156,
  "confiabilidade_total": 0.97416728832110675814093165487018205375659661303156
  "peso": 119.49000000000001,
  "custo": 90.4
}
 
Individuo 40:
{
  "solucao": [7 4 1 5 1]
                [2 1 1 1 2],
  "funcao_objetivo": 0.96013658500064562554752770182148758176631023210945,
  "confiabilidade_total": 0.96913658500064572895092465784700486547230471891823
  "peso": 121.08000000000001,
  "custo": 98.28
}
 
Individuo 41:
{
  "solucao": [6 0 3 8 7]
                [2 1 1 1 1],
  "funcao_objetivo": 0.97321039008253014478502493277923165067503253575471,
  "confiabilidade_total": 0.97321039008253014478502493277923165067503253575471
  "peso": 111.19000000000001,
  "custo": 81.02
}
 
Individuo 42:
{
  "solucao": [7 1 0 3 3]
                [2 1 1 1 1],
  "funcao_objetivo": 0.97486615823863750897553413621025653832134774572705,
  "confiabilidade_total": 0.97486615823863750897553413621025653832134774572705
  "peso": 110.97,
  "custo": 84.5
}
 
Individuo 43:
{
  "solucao": [8 5 0 7 1]
                [1 1 2 2 1],
  "funcao_objetivo": 0.98897142128655652955378466168380978085206408951500,
  "confiabilidade_total": 0.99207142128655655242993008408516029628099461052635
  "peso": 116.25,
  "custo": 100.31
}
 
Individuo 44:
{
  "solucao": [0 1 2 7 2]
                [2 1 1 1 1],
  "funcao_objetivo": 0.97417357191378215906479544326870241552942457465659,
  "confiabilidade_total": 0.97417357191378215906479544326870241552942457465659
  "peso": 118.25000000000001,
  "custo": 80.78999999999999
}
 
Individuo 45:
{
  "solucao": [1 5 7 8 7]
                [2 2 1 1 0],
  "funcao_objetivo": 0.98565738055158236077225972039805446283786156062515,
  "confiabilidade_total": 0.98565738055158236077225972039805446283786156062515
  "peso": 94.39,
  "custo": 78.31
}
 
Individuo 46:
{
  "solucao": [5 3 6 2 4]
                [2 1 1 1 1],
  "funcao_objetivo": 0.97026940970524980468654278498866596180324013889985,
  "confiabilidade_total": 0.97026940970524980468654278498866596180324013889985
  "peso": 118.11,
  "custo": 68.5
}
 
Individuo 47:
{
  "solucao": [6 0 0 8 5]
                [1 2 1 1 1],
  "funcao_objetivo": 0.97461255820613023529079935247306811894688948622745,
  "confiabilidade_total": 0.97461255820613023529079935247306811894688948622745
  "peso": 110.14,
  "custo": 84.36
}
 
Individuo 48:
{
  "solucao": [4 2 7 1 7]
                [2 1 1 1 1],
  "funcao_objetivo": 0.97442326356594616130757074471213228130093631841311,
  "confiabilidade_total": 0.97442326356594616130757074471213228130093631841311
  "peso": 116.63000000000002,
  "custo": 82.0
}
 
Individuo 49:
{
  "solucao": [7 8 1 1 3]
                [1 1 2 1 1],
  "funcao_objetivo": 0.97140064222186866711245311352060648916818092322692,
  "confiabilidade_total": 0.97140064222186866711245311352060648916818092322692
  "peso": 105.18,
  "custo": 84.42
}
 
Individuo 50:
{
  "solucao": [6 6 0 5 4]
                [1 1 1 2 1],
  "funcao_objetivo": 0.97360876603002814987376671546772100427666787017048,
  "confiabilidade_total": 0.97360876603002814987376671546772100427666787017048
  "peso": 113.52000000000001,
  "custo": 75.50999999999999
}
 
-----------------------------------------
O algoritmo de evolução diferencial obteve em 10 geracoes o resultado para a funcao objetivo de 0.99306165922473361832904953488919829024489742391556
Com os seguintes valores para cada variavel de decisao:
T1: 1
Q1: 2
T2: 5
Q2: 2
T3: 5
Q3: 1
T4: 0
Q4: 1
T5: 7
Q5: 1


