POPULAÇÃO INICIAL:
Individuo 1:
{
  "solucao": [1 7 7 5 3]
                [2 2 1 1 1],
  "funcao_objetivo": 0.99115455061397402988831563401674430639208379350076,
  "confiabilidade_total": 0.99115455061397402988831563401674430639208379350076
  "peso": 115.53,
  "custo": 96.31
}
 
Individuo 2:
{
  "solucao": [5 5 6 1 2]
                [2 2 1 1 1],
  "funcao_objetivo": 0.99039666041870072183297696819133324518562848327012,
  "confiabilidade_total": 0.99039666041870072183297696819133324518562848327012
  "peso": 119.77,
  "custo": 77.85
}
 
Individuo 3:
{
  "solucao": [8 8 4 1 5]
                [2 1 1 2 1],
  "funcao_objetivo": 0.98749411730510410378300947156748933753586543593715,
  "confiabilidade_total": 0.98749411730510410378300947156748933753586543593715
  "peso": 118.42000000000002,
  "custo": 93.9
}
 
Individuo 4:
{
  "solucao": [5 7 8 1 6]
                [2 1 1 2 1],
  "funcao_objetivo": 0.98699425117558525826271778504734524198271388266954,
  "confiabilidade_total": 0.98699425117558525826271778504734524198271388266954
  "peso": 114.41,
  "custo": 90.68
}
 
Individuo 5:
{
  "solucao": [7 0 2 2 7]
                [2 1 1 1 1],
  "funcao_objetivo": 0.97834362665115733687069306484730617898608782931431,
  "confiabilidade_total": 0.97834362665115733687069306484730617898608782931431
  "peso": 108.18,
  "custo": 79.61
}
 
Individuo 6:
{
  "solucao": [7 8 6 0 3]
                [3 1 1 1 1],
  "funcao_objetivo": 0.97551770151512111119691215230897363751711614978560,
  "confiabilidade_total": 0.97551770151512111119691215230897363751711614978560
  "peso": 119.47,
  "custo": 98.33
}
 
Individuo 7:
{
  "solucao": [1 5 4 0 7]
                [2 1 1 1 1],
  "funcao_objetivo": 0.97459795302278434551302086257194968849815263388034,
  "confiabilidade_total": 0.97459795302278434551302086257194968849815263388034
  "peso": 109.10000000000001,
  "custo": 84.80000000000001
}
 
Individuo 8:
{
  "solucao": [5 5 5 2 9]
                [2 1 2 1 1],
  "funcao_objetivo": 0.97450790320272657676532367330640803901651179150147,
  "confiabilidade_total": 0.97450790320272657676532367330640803901651179150147
  "peso": 114.79,
  "custo": 78.83
}
 
Individuo 9:
{
  "solucao": [8 5 1 5 0]
                [1 1 1 3 1],
  "funcao_objetivo": 0.97438269035370189373604595360064646722727800586570,
  "confiabilidade_total": 0.97438269035370189373604595360064646722727800586570
  "peso": 111.86999999999999,
  "custo": 85.45
}
 
Individuo 10:
{
  "solucao": [2 7 7 5 5]
                [1 2 1 2 1],
  "funcao_objetivo": 0.97430705152955249049965059953361476164707165320950,
  "confiabilidade_total": 0.97430705152955249049965059953361476164707165320950
  "peso": 109.37000000000002,
  "custo": 84.94000000000001
}
 
Individuo 11:
{
  "solucao": [9 0 6 3 6]
                [2 1 1 1 1],
  "funcao_objetivo": 0.97403946607992963999203710469743829955675124218109,
  "confiabilidade_total": 0.97403946607992963999203710469743829955675124218109
  "peso": 119.27999999999999,
  "custo": 88.41000000000001
}
 
Individuo 12:
{
  "solucao": [1 0 7 5 7]
                [1 1 2 1 1],
  "funcao_objetivo": 0.97402301027900154680980834402247360196887614829045,
  "confiabilidade_total": 0.97402301027900154680980834402247360196887614829045
  "peso": 95.55000000000001,
  "custo": 85.69
}
 
Individuo 13:
{
  "solucao": [1 0 8 5 8]
                [1 1 1 2 2],
  "funcao_objetivo": 0.97351863705585748894375042654615005828836145375255,
  "confiabilidade_total": 0.97351863705585748894375042654615005828836145375255
  "peso": 111.57,
  "custo": 91.53
}
 
Individuo 14:
{
  "solucao": [8 1 4 7 8]
                [2 1 1 1 2],
  "funcao_objetivo": 0.97242213985444363267748089210175018892701624099072,
  "confiabilidade_total": 0.97242213985444363267748089210175018892701624099072
  "peso": 114.32000000000001,
  "custo": 97.03
}
 
Individuo 15:
{
  "solucao": [2 1 3 5 5]
                [1 1 1 2 1],
  "funcao_objetivo": 0.97206171291554140377036848467426840408940263231132,
  "confiabilidade_total": 0.97206171291554140377036848467426840408940263231132
  "peso": 107.17,
  "custo": 67.15
}
 
Individuo 16:
{
  "solucao": [8 8 1 0 0]
                [1 2 1 1 1],
  "funcao_objetivo": 0.97171852989601938183310093557188149536377350640845,
  "confiabilidade_total": 0.97171852989601938183310093557188149536377350640845
  "peso": 102.38,
  "custo": 87.02
}
 
Individuo 17:
{
  "solucao": [8 1 8 4 1]
                [1 1 2 1 1],
  "funcao_objetivo": 0.97089934113353428085139749313252868378595709681001,
  "confiabilidade_total": 0.97089934113353428085139749313252868378595709681001
  "peso": 103.69,
  "custo": 83.59
}
 
Individuo 18:
{
  "solucao": [2 6 7 1 9]
                [1 1 2 1 1],
  "funcao_objetivo": 0.97085887867373137127026104684503791459130179679800,
  "confiabilidade_total": 0.97085887867373137127026104684503791459130179679800
  "peso": 107.56,
  "custo": 84.07999999999998
}
 
Individuo 19:
{
  "solucao": [3 0 5 0 5]
                [1 1 1 2 1],
  "funcao_objetivo": 0.96972878691932455391494786871157636691023574903588,
  "confiabilidade_total": 0.96972878691932455391494786871157636691023574903588
  "peso": 112.42,
  "custo": 80.93
}
 
Individuo 20:
{
  "solucao": [6 3 1 9 8]
                [1 1 1 2 1],
  "funcao_objetivo": 0.96930567522206419544537400672124954463202428994665,
  "confiabilidade_total": 0.96930567522206419544537400672124954463202428994665
  "peso": 111.67,
  "custo": 88.03
}
 
Individuo 21:
{
  "solucao": [5 2 4 7 5]
                [1 1 1 2 2],
  "funcao_objetivo": 0.96859784983256666779032552690491627615507330938290,
  "confiabilidade_total": 0.96859784983256666779032552690491627615507330938290
  "peso": 118.97,
  "custo": 84.14
}
 
Individuo 22:
{
  "solucao": [5 5 4 6 7]
                [1 3 1 1 1],
  "funcao_objetivo": 0.96806674197108439152100679880299156595480530936043,
  "confiabilidade_total": 0.96806674197108439152100679880299156595480530936043
  "peso": 116.84,
  "custo": 82.49000000000001
}
 
Individuo 23:
{
  "solucao": [1 6 6 3 5]
                [1 1 2 1 1],
  "funcao_objetivo": 0.96693212256856876436315585756298078394808670730830,
  "confiabilidade_total": 0.96693212256856876436315585756298078394808670730830
  "peso": 115.04,
  "custo": 74.15
}
 
Individuo 24:
{
  "solucao": [6 7 8 8 1]
                [1 1 1 2 2],
  "funcao_objetivo": 0.96393853543860146408781274290537954319808720304214,
  "confiabilidade_total": 0.96393853543860146408781274290537954319808720304214
  "peso": 114.11,
  "custo": 96.76
}
 
Individuo 25:
{
  "solucao": [5 5 6 2 7]
                [1 1 1 2 1],
  "funcao_objetivo": 0.96347508896319046974657013541178559098313230181200,
  "confiabilidade_total": 0.96347508896319046974657013541178559098313230181200
  "peso": 109.09,
  "custo": 66.81
}
 
Individuo 26:
{
  "solucao": [5 4 0 9 9]
                [1 1 2 1 1],
  "funcao_objetivo": 0.96314045010339375013412611764509101621994020949169,
  "confiabilidade_total": 0.96314045010339375013412611764509101621994020949169
  "peso": 115.84,
  "custo": 92.15
}
 
Individuo 27:
{
  "solucao": [0 7 8 8 8]
                [2 1 1 1 1],
  "funcao_objetivo": 0.96258997221991827496399817008231384740607142322952,
  "confiabilidade_total": 0.96258997221991827496399817008231384740607142322952
  "peso": 98.42999999999999,
  "custo": 87.11
}
 
Individuo 28:
{
  "solucao": [8 7 0 8 7]
                [1 1 2 1 1],
  "funcao_objetivo": 0.96257719325399715967960278339626153504828969891920,
  "confiabilidade_total": 0.96257719325399715967960278339626153504828969891920
  "peso": 98.0,
  "custo": 88.6
}
 
Individuo 29:
{
  "solucao": [0 8 1 0 6]
                [1 1 1 1 1],
  "funcao_objetivo": 0.96229948517157722746250308405762754247685826614724,
  "confiabilidade_total": 0.96229948517157722746250308405762754247685826614724
  "peso": 93.24,
  "custo": 72.69
}
 
Individuo 30:
{
  "solucao": [0 6 6 0 8]
                [1 1 1 1 2],
  "funcao_objetivo": 0.96213589533758670568410743548095554923961252782028,
  "confiabilidade_total": 0.96213589533758670568410743548095554923961252782028
  "peso": 109.74,
  "custo": 83.66
}
 
Individuo 31:
{
  "solucao": [7 7 5 3 8]
                [1 2 1 1 1],
  "funcao_objetivo": 0.96183560749723115968849293728870655321784222769703,
  "confiabilidade_total": 0.96183560749723115968849293728870655321784222769703
  "peso": 93.91000000000001,
  "custo": 80.16
}
 
Individuo 32:
{
  "solucao": [0 2 2 6 5]
                [1 1 1 1 2],
  "funcao_objetivo": 0.96127869097410067725276975642155923986421850924255,
  "confiabilidade_total": 0.96127869097410067725276975642155923986421850924255
  "peso": 115.21000000000001,
  "custo": 68.08
}
 
Individuo 33:
{
  "solucao": [4 5 9 5 9]
                [1 1 2 1 1],
  "funcao_objetivo": 0.96079351998604518526697758697847037721036007985007,
  "confiabilidade_total": 0.96079351998604518526697758697847037721036007985007
  "peso": 108.44000000000001,
  "custo": 88.03
}
 
Individuo 34:
{
  "solucao": [5 1 4 0 0]
                [1 1 1 1 2],
  "funcao_objetivo": 0.95920663961553519862058599987385386986051668723245,
  "confiabilidade_total": 0.95920663961553519862058599987385386986051668723245
  "peso": 117.38999999999999,
  "custo": 87.43
}
 
Individuo 35:
{
  "solucao": [2 0 5 1 4]
                [1 1 1 1 1],
  "funcao_objetivo": 0.95879199551796221117890595940673147870204573240885,
  "confiabilidade_total": 0.95879199551796221117890595940673147870204573240885
  "peso": 99.58000000000001,
  "custo": 64.7
}
 
Individuo 36:
{
  "solucao": [8 1 9 9 6]
                [1 2 1 1 1],
  "funcao_objetivo": 0.95866874862722107694418208090476145472506995144643,
  "confiabilidade_total": 0.95866874862722107694418208090476145472506995144643
  "peso": 107.61999999999999,
  "custo": 90.80000000000001
}
 
Individuo 37:
{
  "solucao": [3 0 2 6 4]
                [1 1 1 1 1],
  "funcao_objetivo": 0.95594727698393634168077271486066934078016368620308,
  "confiabilidade_total": 0.95594727698393634168077271486066934078016368620308
  "peso": 108.92,
  "custo": 63.989999999999995
}
 
Individuo 38:
{
  "solucao": [5 7 1 0 7]
                [1 1 1 1 1],
  "funcao_objetivo": 0.95467412086207410758330736607156029202575419871637,
  "confiabilidade_total": 0.95467412086207410758330736607156029202575419871637
  "peso": 81.4,
  "custo": 70.85
}
 
Individuo 39:
{
  "solucao": [9 9 0 0 8]
                [1 1 1 1 1],
  "funcao_objetivo": 0.95404748425059791851265691955442969769671125972191,
  "confiabilidade_total": 0.95404748425059791851265691955442969769671125972191
  "peso": 91.94,
  "custo": 81.14999999999999
}
 
Individuo 40:
{
  "solucao": [4 3 0 5 1]
                [1 1 1 1 1],
  "funcao_objetivo": 0.95300427204510526898300368007951604685532037897123,
  "confiabilidade_total": 0.95300427204510526898300368007951604685532037897123
  "peso": 99.0,
  "custo": 67.19
}
 
Individuo 41:
{
  "solucao": [3 2 1 7 2]
                [1 1 1 1 1],
  "funcao_objetivo": 0.95282999445889353648775965561343828489306242682020,
  "confiabilidade_total": 0.95282999445889353648775965561343828489306242682020
  "peso": 99.86,
  "custo": 60.550000000000004
}
 
Individuo 42:
{
  "solucao": [5 0 4 3 7]
                [1 1 1 1 1],
  "funcao_objetivo": 0.95137679125405491954204055771321398044439789697619,
  "confiabilidade_total": 0.95137679125405491954204055771321398044439789697619
  "peso": 95.05000000000001,
  "custo": 67.28
}
 
Individuo 43:
{
  "solucao": [2 6 0 5 9]
                [1 1 1 1 1],
  "funcao_objetivo": 0.95074937703660876840345655159368078461396339613370,
  "confiabilidade_total": 0.95074937703660876840345655159368078461396339613370
  "peso": 96.16,
  "custo": 66.07
}
 
Individuo 44:
{
  "solucao": [0 8 4 8 7]
                [1 1 1 1 2],
  "funcao_objetivo": 0.95063350783022776681048135451212181927290448698102,
  "confiabilidade_total": 0.95063350783022776681048135451212181927290448698102
  "peso": 101.48,
  "custo": 86.53
}
 
Individuo 45:
{
  "solucao": [4 3 4 3 1]
                [1 1 1 1 1],
  "funcao_objetivo": 0.94774437440800576527469123689039798536422029135727,
  "confiabilidade_total": 0.94774437440800576527469123689039798536422029135727
  "peso": 109.9,
  "custo": 66.79
}
 
Individuo 46:
{
  "solucao": [2 6 5 7 9]
                [1 1 1 1 2],
  "funcao_objetivo": 0.94674170782627818657402649451575417566337491491005,
  "confiabilidade_total": 0.94674170782627818657402649451575417566337491491005
  "peso": 108.45000000000002,
  "custo": 82.59
}
 
Individuo 47:
{
  "solucao": [3 9 9 0 1]
                [1 1 1 1 1],
  "funcao_objetivo": 0.94637124878374906328203974005819079433966290418923,
  "confiabilidade_total": 0.94637124878374906328203974005819079433966290418923
  "peso": 97.34,
  "custo": 78.42
}
 
Individuo 48:
{
  "solucao": [5 5 2 4 1]
                [1 1 1 1 1],
  "funcao_objetivo": 0.94594653934759817849274564528363442744044681732654,
  "confiabilidade_total": 0.94594653934759817849274564528363442744044681732654
  "peso": 94.03999999999999,
  "custo": 58.9
}
 
Individuo 49:
{
  "solucao": [3 4 5 8 7]
                [1 1 1 1 2],
  "funcao_objetivo": 0.94542721995171044068177523041037713151531442209980,
  "confiabilidade_total": 0.94542721995171044068177523041037713151531442209980
  "peso": 103.50999999999999,
  "custo": 79.36
}
 
Individuo 50:
{
  "solucao": [5 3 5 2 9]
                [1 1 1 1 1],
  "funcao_objetivo": 0.94404120344074325655177130597759277184371176652842,
  "confiabilidade_total": 0.94404120344074325655177130597759277184371176652842
  "peso": 92.75,
  "custo": 59.88
}
 
 
GERACAO 1
Mutante 1:
[[3.5 5.5 5.  1.5 9.5]
 [1.  1.  2.  1.5 0.5]]
 
Mutante 2:
[[7.  6.5 5.5 4.5 4. ]
 [3.  1.  1.5 1.  1. ]]
 
Mutante 3:
[[0.  0.  6.5 2.  4. ]
 [1.  0.5 1.  1.5 1.5]]
 
Mutante 4:
[[6.5 9.  4.5 0.  5. ]
 [2.  1.  1.  1.5 0.5]]
 
Mutante 5:
[[3.  6.5 0.  3.5 5.5]
 [1.  3.  0.5 1.  1. ]]
 
Mutante 6:
[[1.5 3.  9.  3.  7.5]
 [1.5 1.  1.  2.  1.5]]
 
Mutante 7:
[[6.5 3.5 0.5 0.  5.5]
 [3.  0.5 1.  1.  1. ]]
 
Mutante 8:
[[2.  2.5 7.  4.  9. ]
 [1.  1.  2.  0.5 1.5]]
 
Mutante 9:
[[0.5 3.5 9.  7.5 8. ]
 [1.  1.5 1.  2.  2. ]]
 
Mutante 10:
[[8.5 9.  1.  0.  9. ]
 [1.  1.  1.5 1.  0.5]]
 
Mutante 11:
[[9.  9.  0.  1.5 8. ]
 [1.  2.  1.  1.  1. ]]
 
Mutante 12:
[[8.  0.5 9.  5.5 6. ]
 [1.  2.  0.5 1.  1. ]]
 
Mutante 13:
[[6.  4.5 9.5 9.  0. ]
 [1.  1.  1.  2.5 2.5]]
 
Mutante 14:
[[3.5 3.  5.5 6.5 4. ]
 [1.  0.5 1.  2.5 2. ]]
 
Mutante 15:
[[2.  7.  5.5 6.  1. ]
 [0.5 2.  0.5 2.  1. ]]
 
Mutante 16:
[[3.5 5.  2.  8.5 7.5]
 [1.  1.5 1.  1.  1. ]]
 
Mutante 17:
[[0.5 5.5 8.5 0.  7. ]
 [2.  1.  1.  1.  1. ]]
 
Mutante 18:
[[5.  5.  5.5 2.  6.5]
 [1.  1.  1.5 1.5 0.5]]
 
Mutante 19:
[[3.5 4.  0.  0.  6. ]
 [1.5 1.  1.  1.  0.5]]
 
Mutante 20:
[[0.  8.  2.  0.5 6. ]
 [0.5 1.  1.  1.  1. ]]
 
Mutante 21:
[[1.  7.  8.  2.5 0.5]
 [2.5 1.5 1.  1.  1. ]]
 
Mutante 22:
[[4.  0.  3.5 7.  4.5]
 [1.  1.  1.  2.5 1. ]]
 
Mutante 23:
[[1.  7.  8.  3.  3. ]
 [2.  1.  1.  1.5 1. ]]
 
Mutante 24:
[[3.5 4.5 8.5 4.  9. ]
 [1.  0.5 2.5 0.5 1. ]]
 
Mutante 25:
[[2.5 0.  7.5 0.5 5. ]
 [1.  1.  1.5 1.  0.5]]
 
Mutante 26:
[[0.  1.  9.  1.  5. ]
 [1.  1.  0.5 2.  2. ]]
 
Mutante 27:
[[4.  3.  0.5 7.5 2.5]
 [1.  1.5 1.  0.5 1. ]]
 
Mutante 28:
[[4.  2.5 5.5 0.  6.5]
 [1.  1.5 1.  1.5 0.5]]
 
Mutante 29:
[[9.  7.  3.  1.  3.5]
 [1.5 2.  1.  1.  1.5]]
 
Mutante 30:
[[3.  1.  1.5 3.  4. ]
 [1.5 1.  1.  1.  1. ]]
 
Mutante 31:
[[3.  7.  4.5 8.  9. ]
 [1.  1.  1.5 1.  2. ]]
 
Mutante 32:
[[4.  8.  8.5 0.  4.5]
 [2.  1.  1.  2.  1. ]]
 
Mutante 33:
[[6.5 0.  3.5 0.  5. ]
 [0.5 1.5 1.  2.  1. ]]
 
Mutante 34:
[[8.5 2.  2.5 2.  9. ]
 [2.  1.5 1.  1.  1. ]]
 
Mutante 35:
[[4.5 4.  4.  0.  1.5]
 [1.  1.  0.5 1.  1. ]]
 
Mutante 36:
[[7.  3.5 1.5 9.  6.5]
 [1.  1.5 1.  2.5 0.5]]
 
Mutante 37:
[[0.  0.  4.5 5.5 6. ]
 [1.  1.  0.5 2.  2.5]]
 
Mutante 38:
[[6.  6.  2.5 6.5 9. ]
 [1.  1.  2.5 1.  0.5]]
 
Mutante 39:
[[5.  3.  2.  5.5 9. ]
 [1.  1.  2.  1.5 1. ]]
 
Mutante 40:
[[7.5 6.  0.  3.  8. ]
 [0.5 1.  1.  1.  1.5]]
 
Mutante 41:
[[7.  9.  4.5 2.5 6. ]
 [2.  1.  1.  1.5 1.5]]
 
Mutante 42:
[[0.  6.5 9.  8.5 9.5]
 [1.5 1.  1.  1.5 1. ]]
 
Mutante 43:
[[6.5 2.  2.  3.  0. ]
 [2.  1.  1.  1.  0.5]]
 
Mutante 44:
[[9.5 1.5 7.  4.5 7. ]
 [2.  1.  1.  0.5 1.5]]
 
Mutante 45:
[[2.  0.  2.5 6.  1.5]
 [1.  1.  1.  1.  1. ]]
 
Mutante 46:
[[5.5 2.  5.  0.5 0. ]
 [2.  2.  0.5 1.5 1. ]]
 
Mutante 47:
[[3.5 0.  2.  6.  5. ]
 [0.5 1.  1.  1.5 1. ]]
 
Mutante 48:
[[9.  0.  5.  9.  9.5]
 [1.5 1.  1.  1.  2. ]]
 
Mutante 49:
[[0.  0.  8.5 4.  6.5]
 [1.  1.  1.  2.  2. ]]
 
Mutante 50:
[[6.5 0.  2.  0.  5.5]
 [2.  1.  1.  1.  0.5]]
 
-----------------------------------------
Número de avaliações até o momento: 50
Evoluido 1:
[[3 5 5 1 3]
 [2 2 2 1 0]]
 
Evoluido 2:
[[7 5 5 4 4]
 [3 1 1 1 1]]
 
Evoluido 3:
[[0 8 4 2 4]
 [1 0 1 1 1]]
 
Evoluido 4:
[[6 7 4 0 6]
 [2 1 1 1 0]]
 
Evoluido 5:
[[3 6 0 3 5]
 [1 3 0 1 1]]
 
Evoluido 6:
[[7 3 9 3 7]
 [1 1 1 2 1]]
 
Evoluido 7:
[[6 3 0 0 5]
 [2 1 1 1 1]]
 
Evoluido 8:
[[2 2 7 4 9]
 [1 1 2 0 1]]
 
Evoluido 9:
[[8 3 9 7 8]
 [1 1 1 2 2]]
 
Evoluido 10:
[[8 9 1 0 5]
 [1 1 1 1 0]]
 
Evoluido 11:
[[9 9 0 1 8]
 [1 2 1 1 1]]
 
Evoluido 12:
[[8 0 9 5 6]
 [1 2 2 1 1]]
 
Evoluido 13:
[[6 4 9 9 0]
 [1 1 1 2 2]]
 
Evoluido 14:
[[3 3 5 6 4]
 [1 0 1 2 2]]
 
Evoluido 15:
[[2 7 5 5 1]
 [0 2 0 2 1]]
 
Evoluido 16:
[[3 5 2 8 7]
 [1 2 1 1 1]]
 
Evoluido 17:
[[0 5 8 0 7]
 [2 1 1 1 1]]
 
Evoluido 18:
[[2 5 5 2 6]
 [1 1 2 1 0]]
 
Evoluido 19:
[[3 0 0 0 6]
 [1 1 1 1 0]]
 
Evoluido 20:
[[6 8 2 0 6]
 [0 1 1 1 1]]
 
Evoluido 21:
[[5 7 4 2 0]
 [2 1 1 1 1]]
 
Evoluido 22:
[[4 5 3 7 4]
 [1 1 1 2 1]]
 
Evoluido 23:
[[1 6 6 3 3]
 [2 1 1 1 1]]
 
Evoluido 24:
[[3 7 8 4 9]
 [1 0 2 2 2]]
 
Evoluido 25:
[[2 0 7 0 5]
 [1 1 1 1 0]]
 
Evoluido 26:
[[0 1 0 1 5]
 [1 1 0 2 2]]
 
Evoluido 27:
[[4 7 0 7 2]
 [1 1 1 0 1]]
 
Evoluido 28:
[[4 2 5 0 6]
 [1 1 1 1 0]]
 
Evoluido 29:
[[9 8 1 1 3]
 [1 1 1 1 1]]
 
Evoluido 30:
[[3 1 1 3 4]
 [1 1 1 1 1]]
 
Evoluido 31:
[[3 7 4 8 9]
 [1 1 1 1 2]]
 
Evoluido 32:
[[4 8 8 0 4]
 [2 1 1 2 1]]
 
Evoluido 33:
[[6 0 9 0 5]
 [0 1 1 2 1]]
 
Evoluido 34:
[[8 2 2 0 9]
 [2 1 1 1 1]]
 
Evoluido 35:
[[4 4 4 0 1]
 [1 1 0 1 1]]
 
Evoluido 36:
[[8 3 1 9 6]
 [1 1 1 2 0]]
 
Evoluido 37:
[[3 0 2 5 6]
 [1 1 0 2 1]]
 
Evoluido 38:
[[6 6 2 6 9]
 [1 1 2 1 1]]
 
Evoluido 39:
[[5 3 0 5 8]
 [1 1 2 1 1]]
 
Evoluido 40:
[[4 6 0 3 8]
 [0 1 1 1 1]]
 
Evoluido 41:
[[7 9 1 2 6]
 [1 1 1 1 1]]
 
Evoluido 42:
[[0 6 9 8 9]
 [1 1 1 1 1]]
 
Evoluido 43:
[[6 2 2 3 0]
 [2 1 1 1 0]]
 
Evoluido 44:
[[9 1 7 8 7]
 [2 1 1 0 1]]
 
Evoluido 45:
[[2 3 4 6 1]
 [1 1 1 1 1]]
 
Evoluido 46:
[[5 2 5 0 0]
 [2 2 1 1 1]]
 
Evoluido 47:
[[3 0 2 6 5]
 [0 1 1 1 1]]
 
Evoluido 48:
[[9 0 5 9 9]
 [1 1 1 1 2]]
 
Evoluido 49:
[[0 0 5 4 6]
 [1 1 1 2 2]]
 
Evoluido 50:
[[6 0 5 0 5]
 [2 1 1 1 0]]
 
-----------------------------------------
Individuo 1:
{
  "solucao": [1 7 7 5 3]
                [2 2 1 1 1],
  "funcao_objetivo": 0.99115455061397402988831563401674430639208379350076,
  "confiabilidade_total": 0.99115455061397402988831563401674430639208379350076
  "peso": 115.53,
  "custo": 96.31
}
 
Individuo 2:
{
  "solucao": [5 5 6 1 2]
                [2 2 1 1 1],
  "funcao_objetivo": 0.99039666041870072183297696819133324518562848327012,
  "confiabilidade_total": 0.99039666041870072183297696819133324518562848327012
  "peso": 119.77,
  "custo": 77.85
}
 
Individuo 3:
{
  "solucao": [8 8 4 1 5]
                [2 1 1 2 1],
  "funcao_objetivo": 0.98749411730510410378300947156748933753586543593715,
  "confiabilidade_total": 0.98749411730510410378300947156748933753586543593715
  "peso": 118.42000000000002,
  "custo": 93.9
}
 
Individuo 4:
{
  "solucao": [5 7 8 1 6]
                [2 1 1 2 1],
  "funcao_objetivo": 0.98699425117558525826271778504734524198271388266954,
  "confiabilidade_total": 0.98699425117558525826271778504734524198271388266954
  "peso": 114.41,
  "custo": 90.68
}
 
Individuo 5:
{
  "solucao": [7 0 2 2 7]
                [2 1 1 1 1],
  "funcao_objetivo": 0.97834362665115733687069306484730617898608782931431,
  "confiabilidade_total": 0.97834362665115733687069306484730617898608782931431
  "peso": 108.18,
  "custo": 79.61
}
 
Individuo 6:
{
  "solucao": [7 8 6 0 3]
                [3 1 1 1 1],
  "funcao_objetivo": 0.97551770151512111119691215230897363751711614978560,
  "confiabilidade_total": 0.97551770151512111119691215230897363751711614978560
  "peso": 119.47,
  "custo": 98.33
}
 
Individuo 7:
{
  "solucao": [6 3 0 0 5]
                [2 1 1 1 1],
  "funcao_objetivo": 0.97723535401398685596434508873882127056030809260254,
  "confiabilidade_total": 0.97723535401398685596434508873882127056030809260254
  "peso": 117.46,
  "custo": 79.25
}
 
Individuo 8:
{
  "solucao": [5 5 5 2 9]
                [2 1 2 1 1],
  "funcao_objetivo": 0.97450790320272657676532367330640803901651179150147,
  "confiabilidade_total": 0.97450790320272657676532367330640803901651179150147
  "peso": 114.79,
  "custo": 78.83
}
 
Individuo 9:
{
  "solucao": [8 5 1 5 0]
                [1 1 1 3 1],
  "funcao_objetivo": 0.97438269035370189373604595360064646722727800586570,
  "confiabilidade_total": 0.97438269035370189373604595360064646722727800586570
  "peso": 111.86999999999999,
  "custo": 85.45
}
 
Individuo 10:
{
  "solucao": [2 7 7 5 5]
                [1 2 1 2 1],
  "funcao_objetivo": 0.97430705152955249049965059953361476164707165320950,
  "confiabilidade_total": 0.97430705152955249049965059953361476164707165320950
  "peso": 109.37000000000002,
  "custo": 84.94000000000001
}
 
Individuo 11:
{
  "solucao": [9 0 6 3 6]
                [2 1 1 1 1],
  "funcao_objetivo": 0.97403946607992963999203710469743829955675124218109,
  "confiabilidade_total": 0.97403946607992963999203710469743829955675124218109
  "peso": 119.27999999999999,
  "custo": 88.41000000000001
}
 
Individuo 12:
{
  "solucao": [1 0 7 5 7]
                [1 1 2 1 1],
  "funcao_objetivo": 0.97402301027900154680980834402247360196887614829045,
  "confiabilidade_total": 0.97402301027900154680980834402247360196887614829045
  "peso": 95.55000000000001,
  "custo": 85.69
}
 
Individuo 13:
{
  "solucao": [1 0 8 5 8]
                [1 1 1 2 2],
  "funcao_objetivo": 0.97351863705585748894375042654615005828836145375255,
  "confiabilidade_total": 0.97351863705585748894375042654615005828836145375255
  "peso": 111.57,
  "custo": 91.53
}
 
Individuo 14:
{
  "solucao": [8 1 4 7 8]
                [2 1 1 1 2],
  "funcao_objetivo": 0.97242213985444363267748089210175018892701624099072,
  "confiabilidade_total": 0.97242213985444363267748089210175018892701624099072
  "peso": 114.32000000000001,
  "custo": 97.03
}
 
Individuo 15:
{
  "solucao": [2 1 3 5 5]
                [1 1 1 2 1],
  "funcao_objetivo": 0.97206171291554140377036848467426840408940263231132,
  "confiabilidade_total": 0.97206171291554140377036848467426840408940263231132
  "peso": 107.17,
  "custo": 67.15
}
 
Individuo 16:
{
  "solucao": [8 8 1 0 0]
                [1 2 1 1 1],
  "funcao_objetivo": 0.97171852989601938183310093557188149536377350640845,
  "confiabilidade_total": 0.97171852989601938183310093557188149536377350640845
  "peso": 102.38,
  "custo": 87.02
}
 
Individuo 17:
{
  "solucao": [0 5 8 0 7]
                [2 1 1 1 1],
  "funcao_objetivo": 0.97456900327960685007899115946400977575390467818610,
  "confiabilidade_total": 0.97456900327960685007899115946400977575390467818610
  "peso": 104.27,
  "custo": 86.83000000000001
}
 
Individuo 18:
{
  "solucao": [2 6 7 1 9]
                [1 1 2 1 1],
  "funcao_objetivo": 0.97085887867373137127026104684503791459130179679800,
  "confiabilidade_total": 0.97085887867373137127026104684503791459130179679800
  "peso": 107.56,
  "custo": 84.07999999999998
}
 
Individuo 19:
{
  "solucao": [3 0 5 0 5]
                [1 1 1 2 1],
  "funcao_objetivo": 0.96972878691932455391494786871157636691023574903588,
  "confiabilidade_total": 0.96972878691932455391494786871157636691023574903588
  "peso": 112.42,
  "custo": 80.93
}
 
Individuo 20:
{
  "solucao": [6 3 1 9 8]
                [1 1 1 2 1],
  "funcao_objetivo": 0.96930567522206419544537400672124954463202428994665,
  "confiabilidade_total": 0.96930567522206419544537400672124954463202428994665
  "peso": 111.67,
  "custo": 88.03
}
 
Individuo 21:
{
  "solucao": [5 7 4 2 0]
                [2 1 1 1 1],
  "funcao_objetivo": 0.96916750693561613134316832573691067320815673930756,
  "confiabilidade_total": 0.96916750693561613134316832573691067320815673930756
  "peso": 110.36,
  "custo": 75.1
}
 
Individuo 22:
{
  "solucao": [5 5 4 6 7]
                [1 3 1 1 1],
  "funcao_objetivo": 0.96806674197108439152100679880299156595480530936043,
  "confiabilidade_total": 0.96806674197108439152100679880299156595480530936043
  "peso": 116.84,
  "custo": 82.49000000000001
}
 
Individuo 23:
{
  "solucao": [1 6 6 3 5]
                [1 1 2 1 1],
  "funcao_objetivo": 0.96693212256856876436315585756298078394808670730830,
  "confiabilidade_total": 0.96693212256856876436315585756298078394808670730830
  "peso": 115.04,
  "custo": 74.15
}
 
Individuo 24:
{
  "solucao": [6 7 8 8 1]
                [1 1 1 2 2],
  "funcao_objetivo": 0.96393853543860146408781274290537954319808720304214,
  "confiabilidade_total": 0.96393853543860146408781274290537954319808720304214
  "peso": 114.11,
  "custo": 96.76
}
 
Individuo 25:
{
  "solucao": [5 5 6 2 7]
                [1 1 1 2 1],
  "funcao_objetivo": 0.96347508896319046974657013541178559098313230181200,
  "confiabilidade_total": 0.96347508896319046974657013541178559098313230181200
  "peso": 109.09,
  "custo": 66.81
}
 
Individuo 26:
{
  "solucao": [5 4 0 9 9]
                [1 1 2 1 1],
  "funcao_objetivo": 0.96314045010339375013412611764509101621994020949169,
  "confiabilidade_total": 0.96314045010339375013412611764509101621994020949169
  "peso": 115.84,
  "custo": 92.15
}
 
Individuo 27:
{
  "solucao": [0 7 8 8 8]
                [2 1 1 1 1],
  "funcao_objetivo": 0.96258997221991827496399817008231384740607142322952,
  "confiabilidade_total": 0.96258997221991827496399817008231384740607142322952
  "peso": 98.42999999999999,
  "custo": 87.11
}
 
Individuo 28:
{
  "solucao": [8 7 0 8 7]
                [1 1 2 1 1],
  "funcao_objetivo": 0.96257719325399715967960278339626153504828969891920,
  "confiabilidade_total": 0.96257719325399715967960278339626153504828969891920
  "peso": 98.0,
  "custo": 88.6
}
 
Individuo 29:
{
  "solucao": [0 8 1 0 6]
                [1 1 1 1 1],
  "funcao_objetivo": 0.96229948517157722746250308405762754247685826614724,
  "confiabilidade_total": 0.96229948517157722746250308405762754247685826614724
  "peso": 93.24,
  "custo": 72.69
}
 
Individuo 30:
{
  "solucao": [0 6 6 0 8]
                [1 1 1 1 2],
  "funcao_objetivo": 0.96213589533758670568410743548095554923961252782028,
  "confiabilidade_total": 0.96213589533758670568410743548095554923961252782028
  "peso": 109.74,
  "custo": 83.66
}
 
Individuo 31:
{
  "solucao": [7 7 5 3 8]
                [1 2 1 1 1],
  "funcao_objetivo": 0.96183560749723115968849293728870655321784222769703,
  "confiabilidade_total": 0.96183560749723115968849293728870655321784222769703
  "peso": 93.91000000000001,
  "custo": 80.16
}
 
Individuo 32:
{
  "solucao": [0 2 2 6 5]
                [1 1 1 1 2],
  "funcao_objetivo": 0.96127869097410067725276975642155923986421850924255,
  "confiabilidade_total": 0.96127869097410067725276975642155923986421850924255
  "peso": 115.21000000000001,
  "custo": 68.08
}
 
Individuo 33:
{
  "solucao": [4 5 9 5 9]
                [1 1 2 1 1],
  "funcao_objetivo": 0.96079351998604518526697758697847037721036007985007,
  "confiabilidade_total": 0.96079351998604518526697758697847037721036007985007
  "peso": 108.44000000000001,
  "custo": 88.03
}
 
Individuo 34:
{
  "solucao": [8 2 2 0 9]
                [2 1 1 1 1],
  "funcao_objetivo": 0.97725013619743545450415342275843666610101121517867,
  "confiabilidade_total": 0.97725013619743545450415342275843666610101121517867
  "peso": 113.3,
  "custo": 79.58
}
 
Individuo 35:
{
  "solucao": [2 0 5 1 4]
                [1 1 1 1 1],
  "funcao_objetivo": 0.95879199551796221117890595940673147870204573240885,
  "confiabilidade_total": 0.95879199551796221117890595940673147870204573240885
  "peso": 99.58000000000001,
  "custo": 64.7
}
 
Individuo 36:
{
  "solucao": [8 1 9 9 6]
                [1 2 1 1 1],
  "funcao_objetivo": 0.95866874862722107694418208090476145472506995144643,
  "confiabilidade_total": 0.95866874862722107694418208090476145472506995144643
  "peso": 107.61999999999999,
  "custo": 90.80000000000001
}
 
Individuo 37:
{
  "solucao": [3 0 2 6 4]
                [1 1 1 1 1],
  "funcao_objetivo": 0.95594727698393634168077271486066934078016368620308,
  "confiabilidade_total": 0.95594727698393634168077271486066934078016368620308
  "peso": 108.92,
  "custo": 63.989999999999995
}
 
Individuo 38:
{
  "solucao": [5 7 1 0 7]
                [1 1 1 1 1],
  "funcao_objetivo": 0.95467412086207410758330736607156029202575419871637,
  "confiabilidade_total": 0.95467412086207410758330736607156029202575419871637
  "peso": 81.4,
  "custo": 70.85
}
 
Individuo 39:
{
  "solucao": [5 3 0 5 8]
                [1 1 2 1 1],
  "funcao_objetivo": 0.96736234986535842249659473155432311924944969496467,
  "confiabilidade_total": 0.96736234986535842249659473155432311924944969496467
  "peso": 106.72999999999999,
  "custo": 78.16999999999999
}
 
Individuo 40:
{
  "solucao": [4 3 0 5 1]
                [1 1 1 1 1],
  "funcao_objetivo": 0.95300427204510526898300368007951604685532037897123,
  "confiabilidade_total": 0.95300427204510526898300368007951604685532037897123
  "peso": 99.0,
  "custo": 67.19
}
 
Individuo 41:
{
  "solucao": [3 2 1 7 2]
                [1 1 1 1 1],
  "funcao_objetivo": 0.95282999445889353648775965561343828489306242682020,
  "confiabilidade_total": 0.95282999445889353648775965561343828489306242682020
  "peso": 99.86,
  "custo": 60.550000000000004
}
 
Individuo 42:
{
  "solucao": [5 0 4 3 7]
                [1 1 1 1 1],
  "funcao_objetivo": 0.95137679125405491954204055771321398044439789697619,
  "confiabilidade_total": 0.95137679125405491954204055771321398044439789697619
  "peso": 95.05000000000001,
  "custo": 67.28
}
 
Individuo 43:
{
  "solucao": [6 2 2 3 0]
                [2 1 1 1 0],
  "funcao_objetivo": 0.95639107298356766984321475922632342572636364756595,
  "confiabilidade_total": 0.95639107298356766984321475922632342572636364756595
  "peso": 107.65,
  "custo": 55.7
}
 
Individuo 44:
{
  "solucao": [0 8 4 8 7]
                [1 1 1 1 2],
  "funcao_objetivo": 0.95063350783022776681048135451212181927290448698102,
  "confiabilidade_total": 0.95063350783022776681048135451212181927290448698102
  "peso": 101.48,
  "custo": 86.53
}
 
Individuo 45:
{
  "solucao": [2 3 4 6 1]
                [1 1 1 1 1],
  "funcao_objetivo": 0.94849616587857051481336630659832896236756980193509,
  "confiabilidade_total": 0.94849616587857051481336630659832896236756980193509
  "peso": 106.75,
  "custo": 62.629999999999995
}
 
Individuo 46:
{
  "solucao": [2 6 5 7 9]
                [1 1 1 1 2],
  "funcao_objetivo": 0.94674170782627818657402649451575417566337491491005,
  "confiabilidade_total": 0.94674170782627818657402649451575417566337491491005
  "peso": 108.45000000000002,
  "custo": 82.59
}
 
Individuo 47:
{
  "solucao": [3 9 9 0 1]
                [1 1 1 1 1],
  "funcao_objetivo": 0.94637124878374906328203974005819079433966290418923,
  "confiabilidade_total": 0.94637124878374906328203974005819079433966290418923
  "peso": 97.34,
  "custo": 78.42
}
 
Individuo 48:
{
  "solucao": [9 0 5 9 9]
                [1 1 1 1 2],
  "funcao_objetivo": 0.94676391607079173116270808811747562220864617014466,
  "confiabilidade_total": 0.94676391607079173116270808811747562220864617014466
  "peso": 108.63999999999999,
  "custo": 97.58
}
 
Individuo 49:
{
  "solucao": [3 4 5 8 7]
                [1 1 1 1 2],
  "funcao_objetivo": 0.94542721995171044068177523041037713151531442209980,
  "confiabilidade_total": 0.94542721995171044068177523041037713151531442209980
  "peso": 103.50999999999999,
  "custo": 79.36
}
 
Individuo 50:
{
  "solucao": [6 0 5 0 5]
                [2 1 1 1 0],
  "funcao_objetivo": 0.96475157311449342823935643387959974433617653586121,
  "confiabilidade_total": 0.96475157311449342823935643387959974433617653586121
  "peso": 95.31,
  "custo": 67.27
}
 
-----------------------------------------
GERACAO 2
Mutante 1:
[[0.5 1.  3.  3.5 4. ]
 [1.  1.  1.5 1.  1.5]]
 
Mutante 2:
[[3.  0.  1.5 0.5 8.5]
 [1.  1.  1.  2.  0.5]]
 
Mutante 3:
[[0.  9.  5.5 2.5 8. ]
 [0.5 1.  1.5 1.  1. ]]
 
Mutante 4:
[[1.5 9.  6.5 3.  4. ]
 [1.5 1.  2.  1.  1.5]]
 
Mutante 5:
[[3.5 7.5 5.  1.5 4. ]
 [1.  2.  1.  2.  0.5]]
 
Mutante 6:
[[5.  2.  7.  0.  1. ]
 [1.5 1.  0.5 1.  1. ]]
 
Mutante 7:
[[0.5 4.  2.  9.5 6.5]
 [1.  1.  1.  1.  2.5]]
 
Mutante 8:
[[1.5 7.  0.  0.  3.5]
 [2.  1.  1.  1.  0.5]]
 
Mutante 9:
[[1.  0.5 2.5 8.  5. ]
 [1.  1.  1.  1.5 1.5]]
 
Mutante 10:
[[3.5 4.5 0.  3.5 7.5]
 [1.5 0.5 1.  1.  1.5]]
 
Mutante 11:
[[1.5 2.5 6.5 0.  4. ]
 [2.5 1.  1.  1.  1. ]]
 
Mutante 12:
[[6.5 3.5 0.5 8.  9. ]
 [1.  1.  2.  0.5 1. ]]
 
Mutante 13:
[[3.5 7.  7.5 1.5 6.5]
 [2.5 2.  1.  1.  1. ]]
 
Mutante 14:
[[5.  1.  5.5 9.  4.5]
 [1.  1.5 1.  1.  1. ]]
 
Mutante 15:
[[8.5 1.5 0.  2.  3.5]
 [2.  1.  1.  0.5 0.5]]
 
Mutante 16:
[[2.5 4.5 4.  8.5 9. ]
 [1.  0.5 1.  0.5 2.5]]
 
Mutante 17:
[[5.5 6.  6.  7.5 0. ]
 [1.  1.  1.  2.  2. ]]
 
Mutante 18:
[[0.  9.  9.  9.  8. ]
 [2.  1.5 1.  1.  1. ]]
 
Mutante 19:
[[8.  5.  9.  2.  9. ]
 [1.5 1.  2.  1.  0.5]]
 
Mutante 20:
[[4.5 0.  1.5 7.  3. ]
 [1.5 1.  1.  1.  1. ]]
 
Mutante 21:
[[1.5 9.  0.  3.  5. ]
 [0.5 1.  1.  1.  1. ]]
 
Mutante 22:
[[2.5 7.  2.  1.  5.5]
 [1.  1.  1.  1.5 1. ]]
 
Mutante 23:
[[9.5 6.  2.5 3.5 0. ]
 [1.  2.5 1.  0.5 1. ]]
 
Mutante 24:
[[2.5 0.  5.5 2.  6.5]
 [0.5 1.  1.5 1.5 1. ]]
 
Mutante 25:
[[8.5 5.  2.5 3.5 5. ]
 [1.5 1.  1.5 1.  0.5]]
 
Mutante 26:
[[4.  9.5 3.  2.5 9. ]
 [0.5 1.  1.5 1.  1.5]]
 
Mutante 27:
[[2.5 7.5 4.5 0.  1.5]
 [1.  0.5 2.  1.  1. ]]
 
Mutante 28:
[[1.  4.  0.  2.5 7. ]
 [0.5 1.  1.  0.5 1.5]]
 
Mutante 29:
[[8.5 6.5 4.  0.  7.5]
 [2.  1.  1.  1.  1. ]]
 
Mutante 30:
[[5.5 8.  5.  8.5 0. ]
 [1.  1.  1.  1.5 2. ]]
 
Mutante 31:
[[4.  0.  4.  2.5 5. ]
 [1.  2.  0.5 1.  1. ]]
 
Mutante 32:
[[0.5 2.5 3.5 6.  2.5]
 [0.5 1.  1.5 0.5 1. ]]
 
Mutante 33:
[[0.5 0.  9.  2.5 9. ]
 [1.  1.  1.  2.5 2. ]]
 
Mutante 34:
[[3.  9.  9.  1.  0. ]
 [1.5 1.  1.  1.  1. ]]
 
Mutante 35:
[[3.5 6.  0.  1.5 5. ]
 [1.5 0.5 2.  1.  1. ]]
 
Mutante 36:
[[0.5 0.  5.  3.  2.5]
 [0.5 1.  1.  2.  1. ]]
 
Mutante 37:
[[4.5 6.  1.5 8.5 9. ]
 [1.5 1.5 2.  1.  1. ]]
 
Mutante 38:
[[5.5 4.  3.5 6.  9. ]
 [0.5 0.5 1.  2.5 1. ]]
 
Mutante 39:
[[4.  3.5 1.  9.  1. ]
 [1.5 1.  1.  1.  0.5]]
 
Mutante 40:
[[3.5 1.  7.5 1.5 4. ]
 [2.  1.  2.  1.  0.5]]
 
Mutante 41:
[[2.  3.5 3.  6.  1.5]
 [0.5 1.  1.  1.  1.5]]
 
Mutante 42:
[[7.  0.  5.5 2.5 6.5]
 [2.5 1.  1.  1.5 1. ]]
 
Mutante 43:
[[3.5 8.  5.  5.5 8.5]
 [2.5 1.  1.  0.5 0.5]]
 
Mutante 44:
[[5.  5.5 4.5 0.  1. ]
 [2.  1.  0.5 1.  1. ]]
 
Mutante 45:
[[3.5 0.5 4.  2.5 5.5]
 [1.5 1.  0.5 2.  1. ]]
 
Mutante 46:
[[5.  9.  9.  5.  4. ]
 [1.5 1.  1.  2.5 1.5]]
 
Mutante 47:
[[3.  4.5 4.  5.5 1.5]
 [1.5 0.5 1.  1.  1. ]]
 
Mutante 48:
[[9.  0.  1.5 0.5 4. ]
 [2.5 1.  0.5 1.  1. ]]
 
Mutante 49:
[[5.  5.5 9.  0.  6. ]
 [2.5 1.  1.  2.  0.5]]
 
Mutante 50:
[[5.  3.5 6.  9.  7.5]
 [1.  1.5 0.5 1.  2. ]]
 
-----------------------------------------
Número de avaliações até o momento: 100
Evoluido 1:
[[0 1 3 3 4]
 [1 1 1 1 1]]
 
Evoluido 2:
[[3 0 1 0 8]
 [1 1 1 1 0]]
 
Evoluido 3:
[[0 9 5 2 8]
 [0 1 1 1 1]]
 
Evoluido 4:
[[1 9 6 3 4]
 [1 1 2 1 1]]
 
Evoluido 5:
[[7 7 5 1 4]
 [1 2 1 2 0]]
 
Evoluido 6:
[[5 8 7 0 1]
 [1 1 0 1 1]]
 
Evoluido 7:
[[0 3 2 9 6]
 [1 1 1 1 2]]
 
Evoluido 8:
[[1 7 0 0 9]
 [2 1 1 1 0]]
 
Evoluido 9:
[[1 0 2 5 5]
 [1 1 1 3 1]]
 
Evoluido 10:
[[3 7 0 3 7]
 [1 0 1 1 1]]
 
Evoluido 11:
[[1 0 6 0 6]
 [2 1 1 1 1]]
 
Evoluido 12:
[[6 3 0 8 9]
 [1 1 2 0 1]]
 
Evoluido 13:
[[3 7 7 1 6]
 [2 2 1 1 1]]
 
Evoluido 14:
[[5 1 5 9 4]
 [2 1 1 1 1]]
 
Evoluido 15:
[[8 1 3 2 3]
 [1 1 1 0 0]]
 
Evoluido 16:
[[8 8 1 8 9]
 [1 2 1 0 2]]
 
Evoluido 17:
[[5 6 6 7 0]
 [1 1 1 2 1]]
 
Evoluido 18:
[[0 9 9 9 8]
 [2 1 1 1 1]]
 
Evoluido 19:
[[8 5 9 2 9]
 [1 1 2 2 0]]
 
Evoluido 20:
[[4 3 1 9 3]
 [1 1 1 1 1]]
 
Evoluido 21:
[[5 9 4 3 5]
 [2 1 1 1 1]]
 
Evoluido 22:
[[2 7 2 1 5]
 [1 3 1 1 1]]
 
Evoluido 23:
[[9 6 2 3 0]
 [1 2 2 0 1]]
 
Evoluido 24:
[[2 0 5 8 1]
 [0 1 1 1 1]]
 
Evoluido 25:
[[8 5 2 3 7]
 [1 1 1 2 0]]
 
Evoluido 26:
[[4 4 3 2 9]
 [1 1 1 1 1]]
 
Evoluido 27:
[[2 7 4 8 1]
 [1 0 1 1 1]]
 
Evoluido 28:
[[1 4 0 2 7]
 [0 1 1 0 1]]
 
Evoluido 29:
[[0 6 1 0 7]
 [2 1 1 1 1]]
 
Evoluido 30:
[[5 8 5 8 0]
 [1 1 1 1 2]]
 
Evoluido 31:
[[4 0 4 2 5]
 [1 2 0 1 1]]
 
Evoluido 32:
[[0 2 2 6 2]
 [0 1 1 1 1]]
 
Evoluido 33:
[[0 0 9 2 9]
 [1 1 1 1 2]]
 
Evoluido 34:
[[3 9 9 1 0]
 [1 1 1 1 1]]
 
Evoluido 35:
[[3 0 5 1 5]
 [1 0 2 1 1]]
 
Evoluido 36:
[[0 0 5 3 2]
 [0 1 1 2 1]]
 
Evoluido 37:
[[4 6 1 8 9]
 [1 1 2 1 1]]
 
Evoluido 38:
[[5 4 3 6 9]
 [0 1 1 2 1]]
 
Evoluido 39:
[[4 3 1 5 1]
 [1 1 1 1 0]]
 
Evoluido 40:
[[3 1 0 1 4]
 [2 1 2 1 0]]
 
Evoluido 41:
[[2 3 3 6 1]
 [0 1 1 1 1]]
 
Evoluido 42:
[[7 0 5 2 7]
 [2 1 1 1 1]]
 
Evoluido 43:
[[3 8 5 5 0]
 [2 1 1 0 0]]
 
Evoluido 44:
[[5 5 4 0 1]
 [2 1 0 1 2]]
 
Evoluido 45:
[[2 0 4 2 5]
 [1 1 0 2 1]]
 
Evoluido 46:
[[2 9 5 5 4]
 [1 1 1 2 1]]
 
Evoluido 47:
[[3 4 9 5 1]
 [1 0 1 1 1]]
 
Evoluido 48:
[[9 0 1 0 4]
 [1 1 0 1 2]]
 
Evoluido 49:
[[5 5 9 8 6]
 [2 1 1 1 0]]
 
Evoluido 50:
[[5 3 6 9 7]
 [1 1 1 1 2]]
 
-----------------------------------------
Individuo 1:
{
  "solucao": [1 7 7 5 3]
                [2 2 1 1 1],
  "funcao_objetivo": 0.99115455061397402988831563401674430639208379350076,
  "confiabilidade_total": 0.99115455061397402988831563401674430639208379350076
  "peso": 115.53,
  "custo": 96.31
}
 
Individuo 2:
{
  "solucao": [5 5 6 1 2]
                [2 2 1 1 1],
  "funcao_objetivo": 0.99039666041870072183297696819133324518562848327012,
  "confiabilidade_total": 0.99039666041870072183297696819133324518562848327012
  "peso": 119.77,
  "custo": 77.85
}
 
Individuo 3:
{
  "solucao": [8 8 4 1 5]
                [2 1 1 2 1],
  "funcao_objetivo": 0.98749411730510410378300947156748933753586543593715,
  "confiabilidade_total": 0.98749411730510410378300947156748933753586543593715
  "peso": 118.42000000000002,
  "custo": 93.9
}
 
Individuo 4:
{
  "solucao": [5 7 8 1 6]
                [2 1 1 2 1],
  "funcao_objetivo": 0.98699425117558525826271778504734524198271388266954,
  "confiabilidade_total": 0.98699425117558525826271778504734524198271388266954
  "peso": 114.41,
  "custo": 90.68
}
 
Individuo 5:
{
  "solucao": [7 0 2 2 7]
                [2 1 1 1 1],
  "funcao_objetivo": 0.97834362665115733687069306484730617898608782931431,
  "confiabilidade_total": 0.97834362665115733687069306484730617898608782931431
  "peso": 108.18,
  "custo": 79.61
}
 
Individuo 6:
{
  "solucao": [7 8 6 0 3]
                [3 1 1 1 1],
  "funcao_objetivo": 0.97551770151512111119691215230897363751711614978560,
  "confiabilidade_total": 0.97551770151512111119691215230897363751711614978560
  "peso": 119.47,
  "custo": 98.33
}
 
Individuo 7:
{
  "solucao": [6 3 0 0 5]
                [2 1 1 1 1],
  "funcao_objetivo": 0.97723535401398685596434508873882127056030809260254,
  "confiabilidade_total": 0.97723535401398685596434508873882127056030809260254
  "peso": 117.46,
  "custo": 79.25
}
 
Individuo 8:
{
  "solucao": [5 5 5 2 9]
                [2 1 2 1 1],
  "funcao_objetivo": 0.97450790320272657676532367330640803901651179150147,
  "confiabilidade_total": 0.97450790320272657676532367330640803901651179150147
  "peso": 114.79,
  "custo": 78.83
}
 
Individuo 9:
{
  "solucao": [1 0 2 5 5]
                [1 1 1 3 1],
  "funcao_objetivo": 0.97949152614858812118833449907885660136820480485210,
  "confiabilidade_total": 0.97965819281525487312193646057835474662646266889522
  "peso": 120.02000000000001,
  "custo": 81.59
}
 
Individuo 10:
{
  "solucao": [2 7 7 5 5]
                [1 2 1 2 1],
  "funcao_objetivo": 0.97430705152955249049965059953361476164707165320950,
  "confiabilidade_total": 0.97430705152955249049965059953361476164707165320950
  "peso": 109.37000000000002,
  "custo": 84.94000000000001
}
 
Individuo 11:
{
  "solucao": [1 0 6 0 6]
                [2 1 1 1 1],
  "funcao_objetivo": 0.98229810349548455500275126970242017681634425093832,
  "confiabilidade_total": 0.98229810349548455500275126970242017681634425093832
  "peso": 116.77999999999999,
  "custo": 86.46000000000001
}
 
Individuo 12:
{
  "solucao": [1 0 7 5 7]
                [1 1 2 1 1],
  "funcao_objetivo": 0.97402301027900154680980834402247360196887614829045,
  "confiabilidade_total": 0.97402301027900154680980834402247360196887614829045
  "peso": 95.55000000000001,
  "custo": 85.69
}
 
Individuo 13:
{
  "solucao": [1 0 8 5 8]
                [1 1 1 2 2],
  "funcao_objetivo": 0.97351863705585748894375042654615005828836145375255,
  "confiabilidade_total": 0.97351863705585748894375042654615005828836145375255
  "peso": 111.57,
  "custo": 91.53
}
 
Individuo 14:
{
  "solucao": [8 1 4 7 8]
                [2 1 1 1 2],
  "funcao_objetivo": 0.97242213985444363267748089210175018892701624099072,
  "confiabilidade_total": 0.97242213985444363267748089210175018892701624099072
  "peso": 114.32000000000001,
  "custo": 97.03
}
 
Individuo 15:
{
  "solucao": [2 1 3 5 5]
                [1 1 1 2 1],
  "funcao_objetivo": 0.97206171291554140377036848467426840408940263231132,
  "confiabilidade_total": 0.97206171291554140377036848467426840408940263231132
  "peso": 107.17,
  "custo": 67.15
}
 
Individuo 16:
{
  "solucao": [8 8 1 0 0]
                [1 2 1 1 1],
  "funcao_objetivo": 0.97171852989601938183310093557188149536377350640845,
  "confiabilidade_total": 0.97171852989601938183310093557188149536377350640845
  "peso": 102.38,
  "custo": 87.02
}
 
Individuo 17:
{
  "solucao": [0 5 8 0 7]
                [2 1 1 1 1],
  "funcao_objetivo": 0.97456900327960685007899115946400977575390467818610,
  "confiabilidade_total": 0.97456900327960685007899115946400977575390467818610
  "peso": 104.27,
  "custo": 86.83000000000001
}
 
Individuo 18:
{
  "solucao": [2 6 7 1 9]
                [1 1 2 1 1],
  "funcao_objetivo": 0.97085887867373137127026104684503791459130179679800,
  "confiabilidade_total": 0.97085887867373137127026104684503791459130179679800
  "peso": 107.56,
  "custo": 84.07999999999998
}
 
Individuo 19:
{
  "solucao": [8 5 9 2 9]
                [1 1 2 2 0],
  "funcao_objetivo": 0.98302272799186352853535140644312389628744415845149,
  "confiabilidade_total": 0.98302272799186352853535140644312389628744415845149
  "peso": 111.59,
  "custo": 78.22
}
 
Individuo 20:
{
  "solucao": [6 3 1 9 8]
                [1 1 1 2 1],
  "funcao_objetivo": 0.96930567522206419544537400672124954463202428994665,
  "confiabilidade_total": 0.96930567522206419544537400672124954463202428994665
  "peso": 111.67,
  "custo": 88.03
}
 
Individuo 21:
{
  "solucao": [5 7 4 2 0]
                [2 1 1 1 1],
  "funcao_objetivo": 0.96916750693561613134316832573691067320815673930756,
  "confiabilidade_total": 0.96916750693561613134316832573691067320815673930756
  "peso": 110.36,
  "custo": 75.1
}
 
Individuo 22:
{
  "solucao": [2 7 2 1 5]
                [1 3 1 1 1],
  "funcao_objetivo": 0.97180627605341267221003477938290767847013646895154,
  "confiabilidade_total": 0.97797294272007953314954000300951871972450042301877
  "peso": 120.74000000000002,
  "custo": 88.56
}
 
Individuo 23:
{
  "solucao": [1 6 6 3 5]
                [1 1 2 1 1],
  "funcao_objetivo": 0.96693212256856876436315585756298078394808670730830,
  "confiabilidade_total": 0.96693212256856876436315585756298078394808670730830
  "peso": 115.04,
  "custo": 74.15
}
 
Individuo 24:
{
  "solucao": [6 7 8 8 1]
                [1 1 1 2 2],
  "funcao_objetivo": 0.96393853543860146408781274290537954319808720304214,
  "confiabilidade_total": 0.96393853543860146408781274290537954319808720304214
  "peso": 114.11,
  "custo": 96.76
}
 
Individuo 25:
{
  "solucao": [5 5 6 2 7]
                [1 1 1 2 1],
  "funcao_objetivo": 0.96347508896319046974657013541178559098313230181200,
  "confiabilidade_total": 0.96347508896319046974657013541178559098313230181200
  "peso": 109.09,
  "custo": 66.81
}
 
Individuo 26:
{
  "solucao": [5 4 0 9 9]
                [1 1 2 1 1],
  "funcao_objetivo": 0.96314045010339375013412611764509101621994020949169,
  "confiabilidade_total": 0.96314045010339375013412611764509101621994020949169
  "peso": 115.84,
  "custo": 92.15
}
 
Individuo 27:
{
  "solucao": [0 7 8 8 8]
                [2 1 1 1 1],
  "funcao_objetivo": 0.96258997221991827496399817008231384740607142322952,
  "confiabilidade_total": 0.96258997221991827496399817008231384740607142322952
  "peso": 98.42999999999999,
  "custo": 87.11
}
 
Individuo 28:
{
  "solucao": [8 7 0 8 7]
                [1 1 2 1 1],
  "funcao_objetivo": 0.96257719325399715967960278339626153504828969891920,
  "confiabilidade_total": 0.96257719325399715967960278339626153504828969891920
  "peso": 98.0,
  "custo": 88.6
}
 
Individuo 29:
{
  "solucao": [0 6 1 0 7]
                [2 1 1 1 1],
  "funcao_objetivo": 0.97642083114136687461596471020920327166057342101153,
  "confiabilidade_total": 0.97642083114136687461596471020920327166057342101153
  "peso": 113.08,
  "custo": 90.28999999999999
}
 
Individuo 30:
{
  "solucao": [0 6 6 0 8]
                [1 1 1 1 2],
  "funcao_objetivo": 0.96213589533758670568410743548095554923961252782028,
  "confiabilidade_total": 0.96213589533758670568410743548095554923961252782028
  "peso": 109.74,
  "custo": 83.66
}
 
Individuo 31:
{
  "solucao": [7 7 5 3 8]
                [1 2 1 1 1],
  "funcao_objetivo": 0.96183560749723115968849293728870655321784222769703,
  "confiabilidade_total": 0.96183560749723115968849293728870655321784222769703
  "peso": 93.91000000000001,
  "custo": 80.16
}
 
Individuo 32:
{
  "solucao": [0 2 2 6 5]
                [1 1 1 1 2],
  "funcao_objetivo": 0.96127869097410067725276975642155923986421850924255,
  "confiabilidade_total": 0.96127869097410067725276975642155923986421850924255
  "peso": 115.21000000000001,
  "custo": 68.08
}
 
Individuo 33:
{
  "solucao": [0 0 9 2 9]
                [1 1 1 1 2],
  "funcao_objetivo": 0.96386605618795776563788497771817732456026194947938,
  "confiabilidade_total": 0.96386605618795776563788497771817732456026194947938
  "peso": 118.5,
  "custo": 95.08
}
 
Individuo 34:
{
  "solucao": [8 2 2 0 9]
                [2 1 1 1 1],
  "funcao_objetivo": 0.97725013619743545450415342275843666610101121517867,
  "confiabilidade_total": 0.97725013619743545450415342275843666610101121517867
  "peso": 113.3,
  "custo": 79.58
}
 
Individuo 35:
{
  "solucao": [2 0 5 1 4]
                [1 1 1 1 1],
  "funcao_objetivo": 0.95879199551796221117890595940673147870204573240885,
  "confiabilidade_total": 0.95879199551796221117890595940673147870204573240885
  "peso": 99.58000000000001,
  "custo": 64.7
}
 
Individuo 36:
{
  "solucao": [8 1 9 9 6]
                [1 2 1 1 1],
  "funcao_objetivo": 0.95866874862722107694418208090476145472506995144643,
  "confiabilidade_total": 0.95866874862722107694418208090476145472506995144643
  "peso": 107.61999999999999,
  "custo": 90.80000000000001
}
 
Individuo 37:
{
  "solucao": [4 6 1 8 9]
                [1 1 2 1 1],
  "funcao_objetivo": 0.96251924633778887450204342670671783364901158464558,
  "confiabilidade_total": 0.96251924633778887450204342670671783364901158464558
  "peso": 112.96,
  "custo": 87.04999999999998
}
 
Individuo 38:
{
  "solucao": [5 7 1 0 7]
                [1 1 1 1 1],
  "funcao_objetivo": 0.95467412086207410758330736607156029202575419871637,
  "confiabilidade_total": 0.95467412086207410758330736607156029202575419871637
  "peso": 81.4,
  "custo": 70.85
}
 
Individuo 39:
{
  "solucao": [5 3 0 5 8]
                [1 1 2 1 1],
  "funcao_objetivo": 0.96736234986535842249659473155432311924944969496467,
  "confiabilidade_total": 0.96736234986535842249659473155432311924944969496467
  "peso": 106.72999999999999,
  "custo": 78.16999999999999
}
 
Individuo 40:
{
  "solucao": [3 1 0 1 4]
                [2 1 2 1 0],
  "funcao_objetivo": 0.97077067989123068259189560329169304011456090525329,
  "confiabilidade_total": 0.97943734655789728294124026568234235880962926462829
  "peso": 121.03999999999999,
  "custo": 85.68
}
 
Individuo 41:
{
  "solucao": [3 2 1 7 2]
                [1 1 1 1 1],
  "funcao_objetivo": 0.95282999445889353648775965561343828489306242682020,
  "confiabilidade_total": 0.95282999445889353648775965561343828489306242682020
  "peso": 99.86,
  "custo": 60.550000000000004
}
 
Individuo 42:
{
  "solucao": [7 0 5 2 7]
                [2 1 1 1 1],
  "funcao_objetivo": 0.97686459852480353873691025364797342522546127855981,
  "confiabilidade_total": 0.97686459852480353873691025364797342522546127855981
  "peso": 100.18,
  "custo": 80.43
}
 
Individuo 43:
{
  "solucao": [6 2 2 3 0]
                [2 1 1 1 0],
  "funcao_objetivo": 0.95639107298356766984321475922632342572636364756595,
  "confiabilidade_total": 0.95639107298356766984321475922632342572636364756595
  "peso": 107.65,
  "custo": 55.7
}
 
Individuo 44:
{
  "solucao": [0 8 4 8 7]
                [1 1 1 1 2],
  "funcao_objetivo": 0.95063350783022776681048135451212181927290448698102,
  "confiabilidade_total": 0.95063350783022776681048135451212181927290448698102
  "peso": 101.48,
  "custo": 86.53
}
 
Individuo 45:
{
  "solucao": [2 3 4 6 1]
                [1 1 1 1 1],
  "funcao_objetivo": 0.94849616587857051481336630659832896236756980193509,
  "confiabilidade_total": 0.94849616587857051481336630659832896236756980193509
  "peso": 106.75,
  "custo": 62.629999999999995
}
 
Individuo 46:
{
  "solucao": [2 9 5 5 4]
                [1 1 1 2 1],
  "funcao_objetivo": 0.96673656112846927421654448162121936153862658439065,
  "confiabilidade_total": 0.96673656112846927421654448162121936153862658439065
  "peso": 109.08000000000001,
  "custo": 72.25
}
 
Individuo 47:
{
  "solucao": [3 9 9 0 1]
                [1 1 1 1 1],
  "funcao_objetivo": 0.94637124878374906328203974005819079433966290418923,
  "confiabilidade_total": 0.94637124878374906328203974005819079433966290418923
  "peso": 97.34,
  "custo": 78.42
}
 
Individuo 48:
{
  "solucao": [9 0 5 9 9]
                [1 1 1 1 2],
  "funcao_objetivo": 0.94676391607079173116270808811747562220864617014466,
  "confiabilidade_total": 0.94676391607079173116270808811747562220864617014466
  "peso": 108.63999999999999,
  "custo": 97.58
}
 
Individuo 49:
{
  "solucao": [3 4 5 8 7]
                [1 1 1 1 2],
  "funcao_objetivo": 0.94542721995171044068177523041037713151531442209980,
  "confiabilidade_total": 0.94542721995171044068177523041037713151531442209980
  "peso": 103.50999999999999,
  "custo": 79.36
}
 
Individuo 50:
{
  "solucao": [6 0 5 0 5]
                [2 1 1 1 0],
  "funcao_objetivo": 0.96475157311449342823935643387959974433617653586121,
  "confiabilidade_total": 0.96475157311449342823935643387959974433617653586121
  "peso": 95.31,
  "custo": 67.27
}
 
-----------------------------------------
GERACAO 3
Mutante 1:
[[0.  0.  9.  5.  8.5]
 [1.  1.  1.  2.  2. ]]
 
Mutante 2:
[[6.5 8.  6.  6.  7. ]
 [1.5 1.  1.  0.5 2. ]]
 
Mutante 3:
[[0.  9.  2.5 6.5 5. ]
 [1.  1.  1.  1.  2. ]]
 
Mutante 4:
[[7.  9.  5.5 1.  6. ]
 [2.  1.  1.5 2.  1. ]]
 
Mutante 5:
[[6.  7.5 7.  8.5 3.5]
 [1.  2.5 1.  2.  0.5]]
 
Mutante 6:
[[9.  0.  4.  6.5 9. ]
 [1.5 0.5 1.  0.5 1.5]]
 
Mutante 7:
[[6.5 0.  3.  0.  9.5]
 [2.5 1.  1.  1.  1. ]]
 
Mutante 8:
[[3.5 9.  9.  0.  3. ]
 [3.  1.  1.  1.  1. ]]
 
Mutante 9:
[[9.  0.  1.5 1.5 8. ]
 [2.5 1.  0.5 1.  1. ]]
 
Mutante 10:
[[4.  5.  6.5 0.  9. ]
 [0.5 0.5 2.  1.5 1. ]]
 
Mutante 11:
[[5.  0.  5.  4.5 7. ]
 [1.  1.  2.  1.  1.5]]
 
Mutante 12:
[[9.  5.  6.  0.  9. ]
 [1.5 1.  1.  2.  0.5]]
 
Mutante 13:
[[6.5 8.5 4.  1.5 8.5]
 [1.  1.  1.  2.  1. ]]
 
Mutante 14:
[[0.  0.  4.  3.5 4. ]
 [1.  1.  0.5 3.  1. ]]
 
Mutante 15:
[[9.5 7.  3.5 5.  5. ]
 [2.  1.  1.  2.5 1.5]]
 
Mutante 16:
[[7.  9.5 1.  1.  7.5]
 [0.5 1.  1.  1.5 1. ]]
 
Mutante 17:
[[6.  9.  7.  2.  4. ]
 [0.5 2.  0.5 1.  1. ]]
 
Mutante 18:
[[5.5 0.  2.5 3.5 1. ]
 [2.  1.  1.  0.5 1. ]]
 
Mutante 19:
[[0.5 0.5 3.5 9.  8. ]
 [1.  1.  1.  1.5 2. ]]
 
Mutante 20:
[[8.  2.  4.5 0.  9. ]
 [2.  1.  1.5 1.  1. ]]
 
Mutante 21:
[[3.  3.  6.5 9.5 8. ]
 [1.  2.  1.  2.  1.5]]
 
Mutante 22:
[[0.5 1.  5.  5.5 1.5]
 [1.  1.  0.5 2.  1. ]]
 
Mutante 23:
[[5.  9.  1.  8.5 3.5]
 [1.  1.  1.  2.5 0.5]]
 
Mutante 24:
[[0.  6.5 2.  0.  6.5]
 [1.  2.5 1.  1.  1.5]]
 
Mutante 25:
[[4.5 2.5 4.5 0.  4. ]
 [1.5 1.  1.  1.  1. ]]
 
Mutante 26:
[[5.  3.  4.5 6.5 9. ]
 [0.5 0.5 1.  1.5 2. ]]
 
Mutante 27:
[[9.  5.5 9.  2.5 8. ]
 [1.5 1.  2.  2.5 1. ]]
 
Mutante 28:
[[1.5 0.  8.5 5.  7.5]
 [1.  1.  0.5 2.5 2. ]]
 
Mutante 29:
[[1.5 7.5 0.5 2.5 6.5]
 [1.  0.5 1.  1.  1.5]]
 
Mutante 30:
[[8.  1.5 7.5 0.  6.5]
 [2.  1.5 0.5 1.  1. ]]
 
Mutante 31:
[[1.5 7.  0.  0.  8.5]
 [2.  1.  1.5 0.5 1. ]]
 
Mutante 32:
[[8.5 0.  4.5 1.5 8. ]
 [2.  1.  1.  1.  1. ]]
 
Mutante 33:
[[5.  8.5 0.  2.  4.5]
 [1.  1.  0.5 1.5 1. ]]
 
Mutante 34:
[[5.  3.  4.5 6.  9. ]
 [1.  1.  2.  1.5 0.5]]
 
Mutante 35:
[[8.  4.  5.5 5.5 1.5]
 [1.5 1.  1.  1.5 2. ]]
 
Mutante 36:
[[6.5 0.  5.  0.5 5.5]
 [2.5 0.5 1.  1.  0.5]]
 
Mutante 37:
[[2.5 2.  1.  5.  0. ]
 [1.5 1.  1.  0.5 1. ]]
 
Mutante 38:
[[1.5 0.  3.  4.  4. ]
 [1.  0.5 1.  1.5 1. ]]
 
Mutante 39:
[[3.  3.5 0.  7.5 9. ]
 [1.  1.  2.  0.5 1. ]]
 
Mutante 40:
[[6.5 0.  6.5 2.5 6. ]
 [1.  1.  1.  1.  1. ]]
 
Mutante 41:
[[5.  9.5 7.  2.5 7. ]
 [1.5 2.  1.  2.5 1. ]]
 
Mutante 42:
[[5.  0.  0.  4.5 2. ]
 [1.5 0.5 1.  0.5 1. ]]
 
Mutante 43:
[[5.5 9.5 4.  2.  7.5]
 [2.  1.  1.5 1.5 1. ]]
 
Mutante 44:
[[6.  7.  5.5 7.  2. ]
 [1.5 0.5 1.  2.  2.5]]
 
Mutante 45:
[[6.5 5.5 0.  8.  9. ]
 [1.5 1.  2.  1.  1. ]]
 
Mutante 46:
[[0.  8.  1.  0.  8.5]
 [2.  0.5 1.5 1.5 0.5]]
 
Mutante 47:
[[5.5 3.5 4.5 0.5 8.5]
 [2.  1.  2.  1.  1. ]]
 
Mutante 48:
[[9.  7.5 4.  0.  3. ]
 [3.  1.  1.5 1.  0.5]]
 
Mutante 49:
[[9.  7.  1.5 1.  8. ]
 [0.5 1.  1.5 1.5 0.5]]
 
Mutante 50:
[[6.  2.5 7.5 3.5 7. ]
 [0.5 1.  1.5 3.  1. ]]
 
-----------------------------------------
Número de avaliações até o momento: 150
Evoluido 1:
[[1 0 9 5 8]
 [1 1 1 2 2]]
 
Evoluido 2:
[[5 8 6 6 7]
 [1 1 1 0 2]]
 
Evoluido 3:
[[0 9 2 6 5]
 [1 1 1 1 1]]
 
Evoluido 4:
[[7 9 5 1 6]
 [2 1 1 2 1]]
 
Evoluido 5:
[[6 7 7 8 3]
 [1 2 1 2 0]]
 
Evoluido 6:
[[9 0 4 6 9]
 [1 0 1 1 1]]
 
Evoluido 7:
[[6 0 3 0 9]
 [2 1 1 1 1]]
 
Evoluido 8:
[[3 9 9 0 3]
 [3 1 1 1 1]]
 
Evoluido 9:
[[9 0 1 1 8]
 [2 1 0 1 1]]
 
Evoluido 10:
[[4 5 6 0 9]
 [0 0 1 1 1]]
 
Evoluido 11:
[[5 0 6 4 7]
 [1 1 2 1 1]]
 
Evoluido 12:
[[9 5 7 0 9]
 [1 1 1 2 1]]
 
Evoluido 13:
[[6 0 4 1 8]
 [1 1 1 2 1]]
 
Evoluido 14:
[[0 1 4 3 4]
 [1 1 0 3 1]]
 
Evoluido 15:
[[9 7 3 5 5]
 [2 1 1 2 1]]
 
Evoluido 16:
[[7 9 1 0 7]
 [0 1 1 1 1]]
 
Evoluido 17:
[[6 9 7 2 7]
 [2 2 1 1 1]]
 
Evoluido 18:
[[5 0 2 3 1]
 [2 1 1 0 1]]
 
Evoluido 19:
[[0 0 3 2 8]
 [1 1 1 1 2]]
 
Evoluido 20:
[[8 2 4 0 9]
 [2 1 1 1 1]]
 
Evoluido 21:
[[3 3 6 9 8]
 [2 1 1 2 1]]
 
Evoluido 22:
[[0 1 5 5 1]
 [1 1 0 2 1]]
 
Evoluido 23:
[[5 9 1 8 3]
 [1 1 1 1 1]]
 
Evoluido 24:
[[0 6 2 0 6]
 [1 2 1 1 1]]
 
Evoluido 25:
[[4 5 4 0 7]
 [1 1 1 1 1]]
 
Evoluido 26:
[[5 3 4 6 9]
 [0 1 1 1 2]]
 
Evoluido 27:
[[9 5 9 2 8]
 [1 1 1 2 1]]
 
Evoluido 28:
[[1 0 8 8 7]
 [1 1 0 2 2]]
 
Evoluido 29:
[[1 7 0 2 7]
 [1 0 1 1 1]]
 
Evoluido 30:
[[8 1 7 0 6]
 [2 1 0 1 1]]
 
Evoluido 31:
[[1 7 5 0 8]
 [1 1 1 0 1]]
 
Evoluido 32:
[[8 0 2 1 8]
 [1 1 1 1 1]]
 
Evoluido 33:
[[5 8 0 2 9]
 [1 1 0 1 1]]
 
Evoluido 34:
[[5 3 4 6 9]
 [1 1 2 1 0]]
 
Evoluido 35:
[[8 4 5 5 1]
 [1 1 1 1 1]]
 
Evoluido 36:
[[6 0 5 0 5]
 [2 0 1 1 0]]
 
Evoluido 37:
[[2 2 1 5 0]
 [1 1 2 0 1]]
 
Evoluido 38:
[[5 0 1 4 4]
 [1 0 1 1 1]]
 
Evoluido 39:
[[3 3 0 5 9]
 [1 1 2 0 1]]
 
Evoluido 40:
[[6 1 6 1 6]
 [2 1 1 1 1]]
 
Evoluido 41:
[[5 9 7 2 2]
 [1 2 1 2 1]]
 
Evoluido 42:
[[7 0 0 4 7]
 [2 0 1 0 1]]
 
Evoluido 43:
[[5 9 4 2 7]
 [2 1 1 1 1]]
 
Evoluido 44:
[[6 7 4 7 2]
 [1 0 1 2 2]]
 
Evoluido 45:
[[6 3 0 8 9]
 [1 1 2 1 1]]
 
Evoluido 46:
[[0 8 1 5 8]
 [2 0 1 1 1]]
 
Evoluido 47:
[[5 3 4 0 8]
 [2 1 1 1 1]]
 
Evoluido 48:
[[9 7 4 0 3]
 [3 1 1 1 0]]
 
Evoluido 49:
[[9 7 5 8 7]
 [1 1 1 1 0]]
 
Evoluido 50:
[[6 0 7 3 7]
 [0 1 1 3 1]]
 
-----------------------------------------
Individuo 1:
{
  "solucao": [1 7 7 5 3]
                [2 2 1 1 1],
  "funcao_objetivo": 0.99115455061397402988831563401674430639208379350076,
  "confiabilidade_total": 0.99115455061397402988831563401674430639208379350076
  "peso": 115.53,
  "custo": 96.31
}
 
Individuo 2:
{
  "solucao": [5 5 6 1 2]
                [2 2 1 1 1],
  "funcao_objetivo": 0.99039666041870072183297696819133324518562848327012,
  "confiabilidade_total": 0.99039666041870072183297696819133324518562848327012
  "peso": 119.77,
  "custo": 77.85
}
 
Individuo 3:
{
  "solucao": [8 8 4 1 5]
                [2 1 1 2 1],
  "funcao_objetivo": 0.98749411730510410378300947156748933753586543593715,
  "confiabilidade_total": 0.98749411730510410378300947156748933753586543593715
  "peso": 118.42000000000002,
  "custo": 93.9
}
 
Individuo 4:
{
  "solucao": [5 7 8 1 6]
                [2 1 1 2 1],
  "funcao_objetivo": 0.98699425117558525826271778504734524198271388266954,
  "confiabilidade_total": 0.98699425117558525826271778504734524198271388266954
  "peso": 114.41,
  "custo": 90.68
}
 
Individuo 5:
{
  "solucao": [7 0 2 2 7]
                [2 1 1 1 1],
  "funcao_objetivo": 0.97834362665115733687069306484730617898608782931431,
  "confiabilidade_total": 0.97834362665115733687069306484730617898608782931431
  "peso": 108.18,
  "custo": 79.61
}
 
Individuo 6:
{
  "solucao": [7 8 6 0 3]
                [3 1 1 1 1],
  "funcao_objetivo": 0.97551770151512111119691215230897363751711614978560,
  "confiabilidade_total": 0.97551770151512111119691215230897363751711614978560
  "peso": 119.47,
  "custo": 98.33
}
 
Individuo 7:
{
  "solucao": [6 3 0 0 5]
                [2 1 1 1 1],
  "funcao_objetivo": 0.97723535401398685596434508873882127056030809260254,
  "confiabilidade_total": 0.97723535401398685596434508873882127056030809260254
  "peso": 117.46,
  "custo": 79.25
}
 
Individuo 8:
{
  "solucao": [5 5 5 2 9]
                [2 1 2 1 1],
  "funcao_objetivo": 0.97450790320272657676532367330640803901651179150147,
  "confiabilidade_total": 0.97450790320272657676532367330640803901651179150147
  "peso": 114.79,
  "custo": 78.83
}
 
Individuo 9:
{
  "solucao": [1 0 2 5 5]
                [1 1 1 3 1],
  "funcao_objetivo": 0.97949152614858812118833449907885660136820480485210,
  "confiabilidade_total": 0.97965819281525487312193646057835474662646266889522
  "peso": 120.02000000000001,
  "custo": 81.59
}
 
Individuo 10:
{
  "solucao": [2 7 7 5 5]
                [1 2 1 2 1],
  "funcao_objetivo": 0.97430705152955249049965059953361476164707165320950,
  "confiabilidade_total": 0.97430705152955249049965059953361476164707165320950
  "peso": 109.37000000000002,
  "custo": 84.94000000000001
}
 
Individuo 11:
{
  "solucao": [1 0 6 0 6]
                [2 1 1 1 1],
  "funcao_objetivo": 0.98229810349548455500275126970242017681634425093832,
  "confiabilidade_total": 0.98229810349548455500275126970242017681634425093832
  "peso": 116.77999999999999,
  "custo": 86.46000000000001
}
 
Individuo 12:
{
  "solucao": [1 0 7 5 7]
                [1 1 2 1 1],
  "funcao_objetivo": 0.97402301027900154680980834402247360196887614829045,
  "confiabilidade_total": 0.97402301027900154680980834402247360196887614829045
  "peso": 95.55000000000001,
  "custo": 85.69
}
 
Individuo 13:
{
  "solucao": [1 0 8 5 8]
                [1 1 1 2 2],
  "funcao_objetivo": 0.97351863705585748894375042654615005828836145375255,
  "confiabilidade_total": 0.97351863705585748894375042654615005828836145375255
  "peso": 111.57,
  "custo": 91.53
}
 
Individuo 14:
{
  "solucao": [8 1 4 7 8]
                [2 1 1 1 2],
  "funcao_objetivo": 0.97242213985444363267748089210175018892701624099072,
  "confiabilidade_total": 0.97242213985444363267748089210175018892701624099072
  "peso": 114.32000000000001,
  "custo": 97.03
}
 
Individuo 15:
{
  "solucao": [9 7 3 5 5]
                [2 1 1 2 1],
  "funcao_objetivo": 0.98527491193224295692191946613585381334385861023757,
  "confiabilidade_total": 0.98527491193224295692191946613585381334385861023757
  "peso": 117.31000000000002,
  "custo": 93.33000000000001
}
 
Individuo 16:
{
  "solucao": [8 8 1 0 0]
                [1 2 1 1 1],
  "funcao_objetivo": 0.97171852989601938183310093557188149536377350640845,
  "confiabilidade_total": 0.97171852989601938183310093557188149536377350640845
  "peso": 102.38,
  "custo": 87.02
}
 
Individuo 17:
{
  "solucao": [0 5 8 0 7]
                [2 1 1 1 1],
  "funcao_objetivo": 0.97456900327960685007899115946400977575390467818610,
  "confiabilidade_total": 0.97456900327960685007899115946400977575390467818610
  "peso": 104.27,
  "custo": 86.83000000000001
}
 
Individuo 18:
{
  "solucao": [2 6 7 1 9]
                [1 1 2 1 1],
  "funcao_objetivo": 0.97085887867373137127026104684503791459130179679800,
  "confiabilidade_total": 0.97085887867373137127026104684503791459130179679800
  "peso": 107.56,
  "custo": 84.07999999999998
}
 
Individuo 19:
{
  "solucao": [8 5 9 2 9]
                [1 1 2 2 0],
  "funcao_objetivo": 0.98302272799186352853535140644312389628744415845149,
  "confiabilidade_total": 0.98302272799186352853535140644312389628744415845149
  "peso": 111.59,
  "custo": 78.22
}
 
Individuo 20:
{
  "solucao": [8 2 4 0 9]
                [2 1 1 1 1],
  "funcao_objetivo": 0.97615037684213333792732752647051632450925778687678,
  "confiabilidade_total": 0.97615037684213333792732752647051632450925778687678
  "peso": 114.32,
  "custo": 84.13
}
 
Individuo 21:
{
  "solucao": [5 7 4 2 0]
                [2 1 1 1 1],
  "funcao_objetivo": 0.96916750693561613134316832573691067320815673930756,
  "confiabilidade_total": 0.96916750693561613134316832573691067320815673930756
  "peso": 110.36,
  "custo": 75.1
}
 
Individuo 22:
{
  "solucao": [2 7 2 1 5]
                [1 3 1 1 1],
  "funcao_objetivo": 0.97180627605341267221003477938290767847013646895154,
  "confiabilidade_total": 0.97797294272007953314954000300951871972450042301877
  "peso": 120.74000000000002,
  "custo": 88.56
}
 
Individuo 23:
{
  "solucao": [1 6 6 3 5]
                [1 1 2 1 1],
  "funcao_objetivo": 0.96693212256856876436315585756298078394808670730830,
  "confiabilidade_total": 0.96693212256856876436315585756298078394808670730830
  "peso": 115.04,
  "custo": 74.15
}
 
Individuo 24:
{
  "solucao": [6 7 8 8 1]
                [1 1 1 2 2],
  "funcao_objetivo": 0.96393853543860146408781274290537954319808720304214,
  "confiabilidade_total": 0.96393853543860146408781274290537954319808720304214
  "peso": 114.11,
  "custo": 96.76
}
 
Individuo 25:
{
  "solucao": [5 5 6 2 7]
                [1 1 1 2 1],
  "funcao_objetivo": 0.96347508896319046974657013541178559098313230181200,
  "confiabilidade_total": 0.96347508896319046974657013541178559098313230181200
  "peso": 109.09,
  "custo": 66.81
}
 
Individuo 26:
{
  "solucao": [5 4 0 9 9]
                [1 1 2 1 1],
  "funcao_objetivo": 0.96314045010339375013412611764509101621994020949169,
  "confiabilidade_total": 0.96314045010339375013412611764509101621994020949169
  "peso": 115.84,
  "custo": 92.15
}
 
Individuo 27:
{
  "solucao": [0 7 8 8 8]
                [2 1 1 1 1],
  "funcao_objetivo": 0.96258997221991827496399817008231384740607142322952,
  "confiabilidade_total": 0.96258997221991827496399817008231384740607142322952
  "peso": 98.42999999999999,
  "custo": 87.11
}
 
Individuo 28:
{
  "solucao": [8 7 0 8 7]
                [1 1 2 1 1],
  "funcao_objetivo": 0.96257719325399715967960278339626153504828969891920,
  "confiabilidade_total": 0.96257719325399715967960278339626153504828969891920
  "peso": 98.0,
  "custo": 88.6
}
 
Individuo 29:
{
  "solucao": [0 6 1 0 7]
                [2 1 1 1 1],
  "funcao_objetivo": 0.97642083114136687461596471020920327166057342101153,
  "confiabilidade_total": 0.97642083114136687461596471020920327166057342101153
  "peso": 113.08,
  "custo": 90.28999999999999
}
 
Individuo 30:
{
  "solucao": [0 6 6 0 8]
                [1 1 1 1 2],
  "funcao_objetivo": 0.96213589533758670568410743548095554923961252782028,
  "confiabilidade_total": 0.96213589533758670568410743548095554923961252782028
  "peso": 109.74,
  "custo": 83.66
}
 
Individuo 31:
{
  "solucao": [7 7 5 3 8]
                [1 2 1 1 1],
  "funcao_objetivo": 0.96183560749723115968849293728870655321784222769703,
  "confiabilidade_total": 0.96183560749723115968849293728870655321784222769703
  "peso": 93.91000000000001,
  "custo": 80.16
}
 
Individuo 32:
{
  "solucao": [0 2 2 6 5]
                [1 1 1 1 2],
  "funcao_objetivo": 0.96127869097410067725276975642155923986421850924255,
  "confiabilidade_total": 0.96127869097410067725276975642155923986421850924255
  "peso": 115.21000000000001,
  "custo": 68.08
}
 
Individuo 33:
{
  "solucao": [0 0 9 2 9]
                [1 1 1 1 2],
  "funcao_objetivo": 0.96386605618795776563788497771817732456026194947938,
  "confiabilidade_total": 0.96386605618795776563788497771817732456026194947938
  "peso": 118.5,
  "custo": 95.08
}
 
Individuo 34:
{
  "solucao": [8 2 2 0 9]
                [2 1 1 1 1],
  "funcao_objetivo": 0.97725013619743545450415342275843666610101121517867,
  "confiabilidade_total": 0.97725013619743545450415342275843666610101121517867
  "peso": 113.3,
  "custo": 79.58
}
 
Individuo 35:
{
  "solucao": [2 0 5 1 4]
                [1 1 1 1 1],
  "funcao_objetivo": 0.95879199551796221117890595940673147870204573240885,
  "confiabilidade_total": 0.95879199551796221117890595940673147870204573240885
  "peso": 99.58000000000001,
  "custo": 64.7
}
 
Individuo 36:
{
  "solucao": [8 1 9 9 6]
                [1 2 1 1 1],
  "funcao_objetivo": 0.95866874862722107694418208090476145472506995144643,
  "confiabilidade_total": 0.95866874862722107694418208090476145472506995144643
  "peso": 107.61999999999999,
  "custo": 90.80000000000001
}
 
Individuo 37:
{
  "solucao": [4 6 1 8 9]
                [1 1 2 1 1],
  "funcao_objetivo": 0.96251924633778887450204342670671783364901158464558,
  "confiabilidade_total": 0.96251924633778887450204342670671783364901158464558
  "peso": 112.96,
  "custo": 87.04999999999998
}
 
Individuo 38:
{
  "solucao": [5 7 1 0 7]
                [1 1 1 1 1],
  "funcao_objetivo": 0.95467412086207410758330736607156029202575419871637,
  "confiabilidade_total": 0.95467412086207410758330736607156029202575419871637
  "peso": 81.4,
  "custo": 70.85
}
 
Individuo 39:
{
  "solucao": [5 3 0 5 8]
                [1 1 2 1 1],
  "funcao_objetivo": 0.96736234986535842249659473155432311924944969496467,
  "confiabilidade_total": 0.96736234986535842249659473155432311924944969496467
  "peso": 106.72999999999999,
  "custo": 78.16999999999999
}
 
Individuo 40:
{
  "solucao": [6 1 6 1 6]
                [2 1 1 1 1],
  "funcao_objetivo": 0.97515477897874170391699241142223585321405944602872,
  "confiabilidade_total": 0.97515477897874170391699241142223585321405944602872
  "peso": 116.27999999999999,
  "custo": 78.97999999999999
}
 
Individuo 41:
{
  "solucao": [3 2 1 7 2]
                [1 1 1 1 1],
  "funcao_objetivo": 0.95282999445889353648775965561343828489306242682020,
  "confiabilidade_total": 0.95282999445889353648775965561343828489306242682020
  "peso": 99.86,
  "custo": 60.550000000000004
}
 
Individuo 42:
{
  "solucao": [7 0 5 2 7]
                [2 1 1 1 1],
  "funcao_objetivo": 0.97686459852480353873691025364797342522546127855981,
  "confiabilidade_total": 0.97686459852480353873691025364797342522546127855981
  "peso": 100.18,
  "custo": 80.43
}
 
Individuo 43:
{
  "solucao": [5 9 4 2 7]
                [2 1 1 1 1],
  "funcao_objetivo": 0.96507217788620131422148683481567380414634209322191,
  "confiabilidade_total": 0.96507217788620131422148683481567380414634209322191
  "peso": 108.50000000000001,
  "custo": 76.78
}
 
Individuo 44:
{
  "solucao": [0 8 4 8 7]
                [1 1 1 1 2],
  "funcao_objetivo": 0.95063350783022776681048135451212181927290448698102,
  "confiabilidade_total": 0.95063350783022776681048135451212181927290448698102
  "peso": 101.48,
  "custo": 86.53
}
 
Individuo 45:
{
  "solucao": [6 3 0 8 9]
                [1 1 2 1 1],
  "funcao_objetivo": 0.96570799657918943433358648597430541516399988184472,
  "confiabilidade_total": 0.96570799657918943433358648597430541516399988184472
  "peso": 115.7,
  "custo": 87.71000000000001
}
 
Individuo 46:
{
  "solucao": [2 9 5 5 4]
                [1 1 1 2 1],
  "funcao_objetivo": 0.96673656112846927421654448162121936153862658439065,
  "confiabilidade_total": 0.96673656112846927421654448162121936153862658439065
  "peso": 109.08000000000001,
  "custo": 72.25
}
 
Individuo 47:
{
  "solucao": [5 3 4 0 8]
                [2 1 1 1 1],
  "funcao_objetivo": 0.97460910570094202934551911064202849660379522462126,
  "confiabilidade_total": 0.97460910570094202934551911064202849660379522462126
  "peso": 110.21,
  "custo": 76.1
}
 
Individuo 48:
{
  "solucao": [9 7 4 0 3]
                [3 1 1 1 0],
  "funcao_objetivo": 0.95559905373551314596041494615992345755307805559586,
  "confiabilidade_total": 0.95559905373551314596041494615992345755307805559586
  "peso": 113.4,
  "custo": 98.36
}
 
Individuo 49:
{
  "solucao": [3 4 5 8 7]
                [1 1 1 1 2],
  "funcao_objetivo": 0.94542721995171044068177523041037713151531442209980,
  "confiabilidade_total": 0.94542721995171044068177523041037713151531442209980
  "peso": 103.50999999999999,
  "custo": 79.36
}
 
Individuo 50:
{
  "solucao": [6 0 5 0 5]
                [2 1 1 1 0],
  "funcao_objetivo": 0.96475157311449342823935643387959974433617653586121,
  "confiabilidade_total": 0.96475157311449342823935643387959974433617653586121
  "peso": 95.31,
  "custo": 67.27
}
 
-----------------------------------------
GERACAO 4
Mutante 1:
[[6.5 4.  6.  0.  0. ]
 [2.5 1.  0.5 1.  1. ]]
 
Mutante 2:
[[0.5 6.5 5.  7.5 5.5]
 [1.  1.5 1.5 2.  1. ]]
 
Mutante 3:
[[2.  7.  2.5 3.5 5.5]
 [0.5 3.  1.5 1.  1. ]]
 
Mutante 4:
[[0.  0.  6.5 1.  9. ]
 [1.5 0.5 1.  1.  2.5]]
 
Mutante 5:
[[2.  8.  5.5 3.5 1. ]
 [1.5 2.  1.  1.5 1. ]]
 
Mutante 6:
[[6.5 9.  6.  2.  0. ]
 [2.5 1.  1.  1.  0.5]]
 
Mutante 7:
[[0.5 2.5 7.5 2.5 4. ]
 [2.5 2.  1.  0.5 1. ]]
 
Mutante 8:
[[0.  5.5 7.  0.  5. ]
 [2.  1.  1.  1.  1. ]]
 
Mutante 9:
[[0.  8.5 5.5 3.  4. ]
 [0.5 1.  2.  1.  1. ]]
 
Mutante 10:
[[9.  5.  3.  1.5 4. ]
 [2.5 1.  0.5 2.  1. ]]
 
Mutante 11:
[[0.  6.5 8.5 5.5 6.5]
 [0.5 2.  1.  2.  1.5]]
 
Mutante 12:
[[8.  9.  0.  4.5 3. ]
 [0.5 1.5 2.  1.  0.5]]
 
Mutante 13:
[[1.5 9.  2.  2.5 4. ]
 [1.5 1.  0.5 2.  1. ]]
 
Mutante 14:
[[5.  0.5 6.  3.5 6. ]
 [2.  1.  1.5 1.  0.5]]
 
Mutante 15:
[[4.5 7.  5.5 1.  0. ]
 [2.  1.  1.  1.  0.5]]
 
Mutante 16:
[[6.5 0.5 0.  7.  7. ]
 [1.  1.  1.5 1.  0.5]]
 
Mutante 17:
[[2.5 0.  3.5 3.5 3. ]
 [2.  1.  1.  1.  0.5]]
 
Mutante 18:
[[8.5 8.5 9.5 6.  3. ]
 [1.5 1.  1.5 2.  1.5]]
 
Mutante 19:
[[3.5 5.  0.  5.5 9. ]
 [1.  1.  2.  1.  0.5]]
 
Mutante 20:
[[8.5 7.  4.  0.  4.5]
 [3.  1.  1.  0.5 1. ]]
 
Mutante 21:
[[0.  9.5 4.5 3.5 2. ]
 [1.  3.  1.  1.  1. ]]
 
Mutante 22:
[[7.5 7.5 5.5 0.  3. ]
 [3.  1.  1.  1.  1. ]]
 
Mutante 23:
[[7.5 9.5 0.  9.  9.5]
 [1.5 1.  2.  1.5 1. ]]
 
Mutante 24:
[[5.  2.  6.5 1.  6.5]
 [2.5 1.5 1.  1.  1. ]]
 
Mutante 25:
[[0.  6.  7.  0.  4. ]
 [1.  2.  1.5 1.  1. ]]
 
Mutante 26:
[[7.5 0.  1.5 1.5 8.5]
 [2.  0.5 1.  1.  0.5]]
 
Mutante 27:
[[9.  2.5 2.  3.  7.5]
 [1.5 1.  1.  1.5 1. ]]
 
Mutante 28:
[[9.  0.  9.5 6.  6. ]
 [1.5 2.  1.  1.  0.5]]
 
Mutante 29:
[[9.5 0.5 6.5 0.  7.5]
 [2.  1.5 0.5 1.  1. ]]
 
Mutante 30:
[[9.  6.  0.5 0.  5. ]
 [2.5 0.5 1.  1.5 1. ]]
 
Mutante 31:
[[0.  3.  6.5 4.5 8. ]
 [1.5 0.5 2.  1.  1. ]]
 
Mutante 32:
[[6.  1.  1.  0.  5. ]
 [1.5 1.  1.  1.5 1. ]]
 
Mutante 33:
[[3.  2.5 6.5 2.5 3. ]
 [1.5 1.5 1.  1.5 1. ]]
 
Mutante 34:
[[3.  3.  4.  0.5 7.5]
 [1.5 1.  1.  1.  1.5]]
 
Mutante 35:
[[2.  8.  5.5 1.  9. ]
 [1.  1.  1.5 1.  1.5]]
 
Mutante 36:
[[0.  5.  9.  0.5 8.5]
 [1.  1.  1.  1.  2. ]]
 
Mutante 37:
[[8.  5.  1.5 4.5 3.5]
 [2.5 1.  0.5 1.5 1.5]]
 
Mutante 38:
[[0.  0.  6.5 0.  3.5]
 [1.5 0.5 1.  1.  1. ]]
 
Mutante 39:
[[4.  0.  5.  3.5 8. ]
 [1.  1.  1.5 1.  1. ]]
 
Mutante 40:
[[6.  8.5 4.5 1.  7. ]
 [2.5 1.  2.  1.  0.5]]
 
Mutante 41:
[[6.5 9.  6.  4.  3. ]
 [3.  1.  1.  1.  1. ]]
 
Mutante 42:
[[3.5 5.5 0.  0.5 8.5]
 [1.  2.5 1.  1.  1. ]]
 
Mutante 43:
[[4.  3.  9.  1.  9.5]
 [1.5 1.  2.  1.  1. ]]
 
Mutante 44:
[[5.5 3.5 0.5 7.5 8.5]
 [1.  1.  2.  1.  1. ]]
 
Mutante 45:
[[6.  2.5 2.5 1.5 4.5]
 [2.  1.5 1.  1.  1. ]]
 
Mutante 46:
[[4.5 9.  4.  1.  6. ]
 [2.  1.  1.  1.  0.5]]
 
Mutante 47:
[[9.  9.  3.  3.  5.5]
 [2.5 1.  1.  2.5 1. ]]
 
Mutante 48:
[[7.  3.5 1.5 0.  8. ]
 [2.5 1.  1.  1.  1. ]]
 
Mutante 49:
[[0.  7.5 4.5 0.  5. ]
 [2.  1.5 0.5 1.5 1. ]]
 
Mutante 50:
[[5.  9.  4.  3.5 6.5]
 [1.5 1.  1.5 1.  1. ]]
 
-----------------------------------------
Número de avaliações até o momento: 200
Evoluido 1:
[[6 4 7 0 0]
 [2 1 0 1 1]]
 
Evoluido 2:
[[0 6 5 7 5]
 [1 2 1 2 1]]
 
Evoluido 3:
[[2 7 2 3 5]
 [0 3 1 1 1]]
 
Evoluido 4:
[[0 0 6 1 9]
 [1 0 1 1 1]]
 
Evoluido 5:
[[2 8 5 3 1]
 [1 1 1 1 1]]
 
Evoluido 6:
[[7 9 6 2 0]
 [2 1 1 1 0]]
 
Evoluido 7:
[[0 2 7 2 4]
 [2 2 1 0 1]]
 
Evoluido 8:
[[5 5 7 0 5]
 [2 1 1 1 1]]
 
Evoluido 9:
[[0 8 5 3 4]
 [0 1 1 1 1]]
 
Evoluido 10:
[[9 5 3 5 4]
 [2 2 0 2 1]]
 
Evoluido 11:
[[1 6 8 5 6]
 [0 1 1 2 1]]
 
Evoluido 12:
[[8 9 0 4 3]
 [0 1 2 1 0]]
 
Evoluido 13:
[[1 9 2 2 8]
 [1 1 0 2 1]]
 
Evoluido 14:
[[5 0 6 3 6]
 [2 1 1 1 0]]
 
Evoluido 15:
[[9 7 5 1 0]
 [2 1 1 1 0]]
 
Evoluido 16:
[[6 0 0 7 7]
 [1 2 1 1 0]]
 
Evoluido 17:
[[2 0 3 3 3]
 [2 1 1 1 0]]
 
Evoluido 18:
[[8 8 9 6 9]
 [1 1 1 2 1]]
 
Evoluido 19:
[[3 5 0 5 9]
 [1 1 2 2 0]]
 
Evoluido 20:
[[8 7 4 0 4]
 [3 1 1 0 1]]
 
Evoluido 21:
[[0 9 4 3 2]
 [1 3 1 1 1]]
 
Evoluido 22:
[[7 7 5 0 3]
 [3 1 1 1 1]]
 
Evoluido 23:
[[7 6 0 9 9]
 [1 1 2 1 1]]
 
Evoluido 24:
[[5 2 6 1 6]
 [2 1 1 2 1]]
 
Evoluido 25:
[[0 6 7 0 7]
 [1 2 1 1 1]]
 
Evoluido 26:
[[7 4 1 1 8]
 [2 0 1 1 0]]
 
Evoluido 27:
[[9 2 2 3 7]
 [1 1 1 1 1]]
 
Evoluido 28:
[[9 0 9 6 7]
 [1 2 1 1 0]]
 
Evoluido 29:
[[9 0 6 0 7]
 [2 1 1 1 1]]
 
Evoluido 30:
[[9 6 6 0 5]
 [2 1 1 1 1]]
 
Evoluido 31:
[[7 7 6 3 8]
 [1 0 2 1 1]]
 
Evoluido 32:
[[6 1 1 0 5]
 [1 1 1 1 1]]
 
Evoluido 33:
[[3 2 9 2 9]
 [1 1 1 1 1]]
 
Evoluido 34:
[[3 3 4 0 9]
 [2 1 1 1 1]]
 
Evoluido 35:
[[2 8 5 1 9]
 [1 1 1 1 1]]
 
Evoluido 36:
[[0 5 9 0 8]
 [1 1 1 1 2]]
 
Evoluido 37:
[[8 5 1 4 3]
 [1 1 0 1 1]]
 
Evoluido 38:
[[0 0 6 0 3]
 [1 0 1 1 1]]
 
Evoluido 39:
[[5 0 5 3 8]
 [1 1 1 1 1]]
 
Evoluido 40:
[[6 8 4 1 7]
 [2 1 1 1 0]]
 
Evoluido 41:
[[3 9 1 4 3]
 [3 1 1 1 1]]
 
Evoluido 42:
[[3 5 0 0 8]
 [1 1 1 1 1]]
 
Evoluido 43:
[[4 9 9 1 9]
 [1 1 2 1 1]]
 
Evoluido 44:
[[0 3 0 7 8]
 [1 1 2 1 1]]
 
Evoluido 45:
[[6 2 2 8 4]
 [2 1 1 1 1]]
 
Evoluido 46:
[[4 9 4 5 6]
 [2 1 1 1 0]]
 
Evoluido 47:
[[9 9 3 3 5]
 [2 1 1 2 1]]
 
Evoluido 48:
[[7 3 1 0 8]
 [2 1 1 1 1]]
 
Evoluido 49:
[[0 7 4 0 5]
 [1 1 0 1 2]]
 
Evoluido 50:
[[5 0 4 3 6]
 [1 1 1 1 1]]
 
-----------------------------------------
Individuo 1:
{
  "solucao": [1 7 7 5 3]
                [2 2 1 1 1],
  "funcao_objetivo": 0.99115455061397402988831563401674430639208379350076,
  "confiabilidade_total": 0.99115455061397402988831563401674430639208379350076
  "peso": 115.53,
  "custo": 96.31
}
 
Individuo 2:
{
  "solucao": [5 5 6 1 2]
                [2 2 1 1 1],
  "funcao_objetivo": 0.99039666041870072183297696819133324518562848327012,
  "confiabilidade_total": 0.99039666041870072183297696819133324518562848327012
  "peso": 119.77,
  "custo": 77.85
}
 
Individuo 3:
{
  "solucao": [8 8 4 1 5]
                [2 1 1 2 1],
  "funcao_objetivo": 0.98749411730510410378300947156748933753586543593715,
  "confiabilidade_total": 0.98749411730510410378300947156748933753586543593715
  "peso": 118.42000000000002,
  "custo": 93.9
}
 
Individuo 4:
{
  "solucao": [5 7 8 1 6]
                [2 1 1 2 1],
  "funcao_objetivo": 0.98699425117558525826271778504734524198271388266954,
  "confiabilidade_total": 0.98699425117558525826271778504734524198271388266954
  "peso": 114.41,
  "custo": 90.68
}
 
Individuo 5:
{
  "solucao": [7 0 2 2 7]
                [2 1 1 1 1],
  "funcao_objetivo": 0.97834362665115733687069306484730617898608782931431,
  "confiabilidade_total": 0.97834362665115733687069306484730617898608782931431
  "peso": 108.18,
  "custo": 79.61
}
 
Individuo 6:
{
  "solucao": [7 8 6 0 3]
                [3 1 1 1 1],
  "funcao_objetivo": 0.97551770151512111119691215230897363751711614978560,
  "confiabilidade_total": 0.97551770151512111119691215230897363751711614978560
  "peso": 119.47,
  "custo": 98.33
}
 
Individuo 7:
{
  "solucao": [6 3 0 0 5]
                [2 1 1 1 1],
  "funcao_objetivo": 0.97723535401398685596434508873882127056030809260254,
  "confiabilidade_total": 0.97723535401398685596434508873882127056030809260254
  "peso": 117.46,
  "custo": 79.25
}
 
Individuo 8:
{
  "solucao": [5 5 5 2 9]
                [2 1 2 1 1],
  "funcao_objetivo": 0.97450790320272657676532367330640803901651179150147,
  "confiabilidade_total": 0.97450790320272657676532367330640803901651179150147
  "peso": 114.79,
  "custo": 78.83
}
 
Individuo 9:
{
  "solucao": [1 0 2 5 5]
                [1 1 1 3 1],
  "funcao_objetivo": 0.97949152614858812118833449907885660136820480485210,
  "confiabilidade_total": 0.97965819281525487312193646057835474662646266889522
  "peso": 120.02000000000001,
  "custo": 81.59
}
 
Individuo 10:
{
  "solucao": [2 7 7 5 5]
                [1 2 1 2 1],
  "funcao_objetivo": 0.97430705152955249049965059953361476164707165320950,
  "confiabilidade_total": 0.97430705152955249049965059953361476164707165320950
  "peso": 109.37000000000002,
  "custo": 84.94000000000001
}
 
Individuo 11:
{
  "solucao": [1 0 6 0 6]
                [2 1 1 1 1],
  "funcao_objetivo": 0.98229810349548455500275126970242017681634425093832,
  "confiabilidade_total": 0.98229810349548455500275126970242017681634425093832
  "peso": 116.77999999999999,
  "custo": 86.46000000000001
}
 
Individuo 12:
{
  "solucao": [1 0 7 5 7]
                [1 1 2 1 1],
  "funcao_objetivo": 0.97402301027900154680980834402247360196887614829045,
  "confiabilidade_total": 0.97402301027900154680980834402247360196887614829045
  "peso": 95.55000000000001,
  "custo": 85.69
}
 
Individuo 13:
{
  "solucao": [1 0 8 5 8]
                [1 1 1 2 2],
  "funcao_objetivo": 0.97351863705585748894375042654615005828836145375255,
  "confiabilidade_total": 0.97351863705585748894375042654615005828836145375255
  "peso": 111.57,
  "custo": 91.53
}
 
Individuo 14:
{
  "solucao": [8 1 4 7 8]
                [2 1 1 1 2],
  "funcao_objetivo": 0.97242213985444363267748089210175018892701624099072,
  "confiabilidade_total": 0.97242213985444363267748089210175018892701624099072
  "peso": 114.32000000000001,
  "custo": 97.03
}
 
Individuo 15:
{
  "solucao": [9 7 3 5 5]
                [2 1 1 2 1],
  "funcao_objetivo": 0.98527491193224295692191946613585381334385861023757,
  "confiabilidade_total": 0.98527491193224295692191946613585381334385861023757
  "peso": 117.31000000000002,
  "custo": 93.33000000000001
}
 
Individuo 16:
{
  "solucao": [8 8 1 0 0]
                [1 2 1 1 1],
  "funcao_objetivo": 0.97171852989601938183310093557188149536377350640845,
  "confiabilidade_total": 0.97171852989601938183310093557188149536377350640845
  "peso": 102.38,
  "custo": 87.02
}
 
Individuo 17:
{
  "solucao": [0 5 8 0 7]
                [2 1 1 1 1],
  "funcao_objetivo": 0.97456900327960685007899115946400977575390467818610,
  "confiabilidade_total": 0.97456900327960685007899115946400977575390467818610
  "peso": 104.27,
  "custo": 86.83000000000001
}
 
Individuo 18:
{
  "solucao": [2 6 7 1 9]
                [1 1 2 1 1],
  "funcao_objetivo": 0.97085887867373137127026104684503791459130179679800,
  "confiabilidade_total": 0.97085887867373137127026104684503791459130179679800
  "peso": 107.56,
  "custo": 84.07999999999998
}
 
Individuo 19:
{
  "solucao": [3 5 0 5 9]
                [1 1 2 2 0],
  "funcao_objetivo": 0.98793018283579890431923805742926945406015887245622,
  "confiabilidade_total": 0.98793018283579890431923805742926945406015887245622
  "peso": 106.88,
  "custo": 75.13
}
 
Individuo 20:
{
  "solucao": [8 2 4 0 9]
                [2 1 1 1 1],
  "funcao_objetivo": 0.97615037684213333792732752647051632450925778687678,
  "confiabilidade_total": 0.97615037684213333792732752647051632450925778687678
  "peso": 114.32,
  "custo": 84.13
}
 
Individuo 21:
{
  "solucao": [5 7 4 2 0]
                [2 1 1 1 1],
  "funcao_objetivo": 0.96916750693561613134316832573691067320815673930756,
  "confiabilidade_total": 0.96916750693561613134316832573691067320815673930756
  "peso": 110.36,
  "custo": 75.1
}
 
Individuo 22:
{
  "solucao": [7 7 5 0 3]
                [3 1 1 1 1],
  "funcao_objetivo": 0.97627068447968474002759825252386509790451998517156,
  "confiabilidade_total": 0.97627068447968474002759825252386509790451998517156
  "peso": 113.75,
  "custo": 97.76
}
 
Individuo 23:
{
  "solucao": [1 6 6 3 5]
                [1 1 2 1 1],
  "funcao_objetivo": 0.96693212256856876436315585756298078394808670730830,
  "confiabilidade_total": 0.96693212256856876436315585756298078394808670730830
  "peso": 115.04,
  "custo": 74.15
}
 
Individuo 24:
{
  "solucao": [6 7 8 8 1]
                [1 1 1 2 2],
  "funcao_objetivo": 0.96393853543860146408781274290537954319808720304214,
  "confiabilidade_total": 0.96393853543860146408781274290537954319808720304214
  "peso": 114.11,
  "custo": 96.76
}
 
Individuo 25:
{
  "solucao": [0 6 7 0 7]
                [1 2 1 1 1],
  "funcao_objetivo": 0.97572543148174572948699275260504992645854072280470,
  "confiabilidade_total": 0.97572543148174572948699275260504992645854072280470
  "peso": 108.88000000000001,
  "custo": 86.64
}
 
Individuo 26:
{
  "solucao": [5 4 0 9 9]
                [1 1 2 1 1],
  "funcao_objetivo": 0.96314045010339375013412611764509101621994020949169,
  "confiabilidade_total": 0.96314045010339375013412611764509101621994020949169
  "peso": 115.84,
  "custo": 92.15
}
 
Individuo 27:
{
  "solucao": [0 7 8 8 8]
                [2 1 1 1 1],
  "funcao_objetivo": 0.96258997221991827496399817008231384740607142322952,
  "confiabilidade_total": 0.96258997221991827496399817008231384740607142322952
  "peso": 98.42999999999999,
  "custo": 87.11
}
 
Individuo 28:
{
  "solucao": [8 7 0 8 7]
                [1 1 2 1 1],
  "funcao_objetivo": 0.96257719325399715967960278339626153504828969891920,
  "confiabilidade_total": 0.96257719325399715967960278339626153504828969891920
  "peso": 98.0,
  "custo": 88.6
}
 
Individuo 29:
{
  "solucao": [9 0 6 0 7]
                [2 1 1 1 1],
  "funcao_objetivo": 0.97886458729112860683571672155431421731782949687973,
  "confiabilidade_total": 0.97886458729112860683571672155431421731782949687973
  "peso": 111.53,
  "custo": 95.01
}
 
Individuo 30:
{
  "solucao": [9 6 6 0 5]
                [2 1 1 1 1],
  "funcao_objetivo": 0.97078959376476752278175870484400447620425627995437,
  "confiabilidade_total": 0.97078959376476752278175870484400447620425627995437
  "peso": 111.86,
  "custo": 86.74
}
 
Individuo 31:
{
  "solucao": [7 7 5 3 8]
                [1 2 1 1 1],
  "funcao_objetivo": 0.96183560749723115968849293728870655321784222769703,
  "confiabilidade_total": 0.96183560749723115968849293728870655321784222769703
  "peso": 93.91000000000001,
  "custo": 80.16
}
 
Individuo 32:
{
  "solucao": [0 2 2 6 5]
                [1 1 1 1 2],
  "funcao_objetivo": 0.96127869097410067725276975642155923986421850924255,
  "confiabilidade_total": 0.96127869097410067725276975642155923986421850924255
  "peso": 115.21000000000001,
  "custo": 68.08
}
 
Individuo 33:
{
  "solucao": [0 0 9 2 9]
                [1 1 1 1 2],
  "funcao_objetivo": 0.96386605618795776563788497771817732456026194947938,
  "confiabilidade_total": 0.96386605618795776563788497771817732456026194947938
  "peso": 118.5,
  "custo": 95.08
}
 
Individuo 34:
{
  "solucao": [8 2 2 0 9]
                [2 1 1 1 1],
  "funcao_objetivo": 0.97725013619743545450415342275843666610101121517867,
  "confiabilidade_total": 0.97725013619743545450415342275843666610101121517867
  "peso": 113.3,
  "custo": 79.58
}
 
Individuo 35:
{
  "solucao": [2 0 5 1 4]
                [1 1 1 1 1],
  "funcao_objetivo": 0.95879199551796221117890595940673147870204573240885,
  "confiabilidade_total": 0.95879199551796221117890595940673147870204573240885
  "peso": 99.58000000000001,
  "custo": 64.7
}
 
Individuo 36:
{
  "solucao": [0 5 9 0 8]
                [1 1 1 1 2],
  "funcao_objetivo": 0.96018098434936521901088884667559689829620444614469,
  "confiabilidade_total": 0.96018098434936521901088884667559689829620444614469
  "peso": 102.83999999999999,
  "custo": 87.02
}
 
Individuo 37:
{
  "solucao": [4 6 1 8 9]
                [1 1 2 1 1],
  "funcao_objetivo": 0.96251924633778887450204342670671783364901158464558,
  "confiabilidade_total": 0.96251924633778887450204342670671783364901158464558
  "peso": 112.96,
  "custo": 87.04999999999998
}
 
Individuo 38:
{
  "solucao": [5 7 1 0 7]
                [1 1 1 1 1],
  "funcao_objetivo": 0.95467412086207410758330736607156029202575419871637,
  "confiabilidade_total": 0.95467412086207410758330736607156029202575419871637
  "peso": 81.4,
  "custo": 70.85
}
 
Individuo 39:
{
  "solucao": [5 3 0 5 8]
                [1 1 2 1 1],
  "funcao_objetivo": 0.96736234986535842249659473155432311924944969496467,
  "confiabilidade_total": 0.96736234986535842249659473155432311924944969496467
  "peso": 106.72999999999999,
  "custo": 78.16999999999999
}
 
Individuo 40:
{
  "solucao": [6 1 6 1 6]
                [2 1 1 1 1],
  "funcao_objetivo": 0.97515477897874170391699241142223585321405944602872,
  "confiabilidade_total": 0.97515477897874170391699241142223585321405944602872
  "peso": 116.27999999999999,
  "custo": 78.97999999999999
}
 
Individuo 41:
{
  "solucao": [3 2 1 7 2]
                [1 1 1 1 1],
  "funcao_objetivo": 0.95282999445889353648775965561343828489306242682020,
  "confiabilidade_total": 0.95282999445889353648775965561343828489306242682020
  "peso": 99.86,
  "custo": 60.550000000000004
}
 
Individuo 42:
{
  "solucao": [7 0 5 2 7]
                [2 1 1 1 1],
  "funcao_objetivo": 0.97686459852480353873691025364797342522546127855981,
  "confiabilidade_total": 0.97686459852480353873691025364797342522546127855981
  "peso": 100.18,
  "custo": 80.43
}
 
Individuo 43:
{
  "solucao": [4 9 9 1 9]
                [1 1 2 1 1],
  "funcao_objetivo": 0.96660863520483209857026027415547352025152367416164,
  "confiabilidade_total": 0.96660863520483209857026027415547352025152367416164
  "peso": 115.48999999999998,
  "custo": 99.94999999999999
}
 
Individuo 44:
{
  "solucao": [0 3 0 7 8]
                [1 1 2 1 1],
  "funcao_objetivo": 0.96924305207427918777606056528237258156897388863091,
  "confiabilidade_total": 0.96924305207427918777606056528237258156897388863091
  "peso": 111.69000000000001,
  "custo": 88.5
}
 
Individuo 45:
{
  "solucao": [6 3 0 8 9]
                [1 1 2 1 1],
  "funcao_objetivo": 0.96570799657918943433358648597430541516399988184472,
  "confiabilidade_total": 0.96570799657918943433358648597430541516399988184472
  "peso": 115.7,
  "custo": 87.71000000000001
}
 
Individuo 46:
{
  "solucao": [2 9 5 5 4]
                [1 1 1 2 1],
  "funcao_objetivo": 0.96673656112846927421654448162121936153862658439065,
  "confiabilidade_total": 0.96673656112846927421654448162121936153862658439065
  "peso": 109.08000000000001,
  "custo": 72.25
}
 
Individuo 47:
{
  "solucao": [5 3 4 0 8]
                [2 1 1 1 1],
  "funcao_objetivo": 0.97460910570094202934551911064202849660379522462126,
  "confiabilidade_total": 0.97460910570094202934551911064202849660379522462126
  "peso": 110.21,
  "custo": 76.1
}
 
Individuo 48:
{
  "solucao": [7 3 1 0 8]
                [2 1 1 1 1],
  "funcao_objetivo": 0.97604323878102413430350410622467656550642838776023,
  "confiabilidade_total": 0.97604323878102413430350410622467656550642838776023
  "peso": 103.4,
  "custo": 85.86999999999999
}
 
Individuo 49:
{
  "solucao": [3 4 5 8 7]
                [1 1 1 1 2],
  "funcao_objetivo": 0.94542721995171044068177523041037713151531442209980,
  "confiabilidade_total": 0.94542721995171044068177523041037713151531442209980
  "peso": 103.50999999999999,
  "custo": 79.36
}
 
Individuo 50:
{
  "solucao": [6 0 5 0 5]
                [2 1 1 1 0],
  "funcao_objetivo": 0.96475157311449342823935643387959974433617653586121,
  "confiabilidade_total": 0.96475157311449342823935643387959974433617653586121
  "peso": 95.31,
  "custo": 67.27
}
 
-----------------------------------------
GERACAO 5
Mutante 1:
[[4.  7.  3.5 4.5 0. ]
 [1.5 1.  1.5 1.  1. ]]
 
Mutante 2:
[[6.  4.5 3.5 0.  5.5]
 [1.5 1.  0.5 1.  1. ]]
 
Mutante 3:
[[7.  0.  3.5 0.5 9. ]
 [2.  0.5 1.  1.  1. ]]
 
Mutante 4:
[[0.  0.  4.5 5.5 7. ]
 [1.  0.5 2.  0.5 1.5]]
 
Mutante 5:
[[3.5 8.  0.  4.5 7. ]
 [0.5 1.  1.5 1.  1. ]]
 
Mutante 6:
[[6.5 4.5 4.  6.5 9.5]
 [1.  2.  1.  1.  1.5]]
 
Mutante 7:
[[6.  6.  0.  4.5 0. ]
 [2.  1.  1.  0.5 0.5]]
 
Mutante 8:
[[9.  6.5 5.  0.  4.5]
 [2.5 1.  0.5 2.  1. ]]
 
Mutante 9:
[[2.5 3.  1.5 4.  7.5]
 [1.5 1.  1.  1.  1. ]]
 
Mutante 10:
[[0.  0.  6.5 6.  8. ]
 [1.  1.  2.  1.  1. ]]
 
Mutante 11:
[[7.5 4.  0.  5.5 8. ]
 [1.  1.  2.  1.5 1. ]]
 
Mutante 12:
[[2.5 9.  9.  0.  7. ]
 [1.  1.5 1.5 1.5 1. ]]
 
Mutante 13:
[[0.  5.  9.  2.5 9. ]
 [0.5 1.  1.5 1.  2.5]]
 
Mutante 14:
[[0.  8.5 5.5 7.  7. ]
 [2.  1.  1.  1.  1. ]]
 
Mutante 15:
[[7.5 4.5 0.  1.  7.5]
 [1.  1.  2.  2.  1. ]]
 
Mutante 16:
[[6.5 7.  5.  0.  2. ]
 [3.  1.  1.  1.  0.5]]
 
Mutante 17:
[[5.  8.5 3.  4.5 7. ]
 [1.5 1.  1.5 1.5 1. ]]
 
Mutante 18:
[[0.  4.5 0.  9.5 8. ]
 [0.5 1.  2.5 1.5 0.5]]
 
Mutante 19:
[[2.  9.5 9.  2.  5. ]
 [2.5 2.  1.  1.5 1. ]]
 
Mutante 20:
[[4.5 1.5 0.5 0.5 7. ]
 [2.  1.  1.5 0.5 1. ]]
 
Mutante 21:
[[7.5 3.5 3.5 0.  2.5]
 [3.  1.  1.  0.5 0.5]]
 
Mutante 22:
[[4.  6.5 5.  0.  5. ]
 [1.5 1.  2.  1.  0.5]]
 
Mutante 23:
[[5.  7.  5.  6.  7.5]
 [1.5 1.  1.5 1.  1.5]]
 
Mutante 24:
[[7.  4.5 1.  1.5 9.5]
 [1.5 1.  1.5 2.  1. ]]
 
Mutante 25:
[[7.  0.5 2.5 4.5 7.5]
 [1.5 1.  1.5 1.  1. ]]
 
Mutante 26:
[[0.  0.  9.5 3.5 9. ]
 [1.  1.  1.5 1.  2. ]]
 
Mutante 27:
[[8.5 4.  6.5 0.  9. ]
 [2.  1.  1.  0.5 1.5]]
 
Mutante 28:
[[0.  7.  8.  6.5 7.5]
 [2.  1.  1.  1.  1. ]]
 
Mutante 29:
[[5.5 0.  0.  6.  9. ]
 [1.  1.  1.5 1.  1. ]]
 
Mutante 30:
[[3.5 4.  4.  2.5 9. ]
 [1.5 1.  1.5 1.5 0.5]]
 
Mutante 31:
[[0.  4.5 0.  6.  8.5]
 [1.  1.  2.  1.  1. ]]
 
Mutante 32:
[[0.  6.  7.5 4.5 7.5]
 [0.5 1.5 2.  1.5 1. ]]
 
Mutante 33:
[[3.5 3.5 9.  0.  6.5]
 [2.5 1.  0.5 1.  1. ]]
 
Mutante 34:
[[4.  3.  3.  5.5 9. ]
 [1.  2.  1.  2.  1. ]]
 
Mutante 35:
[[5.5 8.  0.  9.  8.5]
 [0.5 1.  2.5 1.  1. ]]
 
Mutante 36:
[[1.5 6.5 3.5 4.5 5.5]
 [1.  1.  1.  1.5 1. ]]
 
Mutante 37:
[[1.  4.  8.  6.  4. ]
 [2.  1.5 1.  1.  1.5]]
 
Mutante 38:
[[3.  5.  8.  0.  8. ]
 [2.5 1.  1.  1.  1. ]]
 
Mutante 39:
[[0.  4.  4.  3.  0.5]
 [1.5 1.  0.5 1.  2. ]]
 
Mutante 40:
[[9.  9.  2.5 0.  5.5]
 [2.5 1.  1.5 1.5 0.5]]
 
Mutante 41:
[[4.  6.  5.  9.  3. ]
 [0.5 1.  1.5 2.  2. ]]
 
Mutante 42:
[[9.5 3.5 1.  0.  9. ]
 [2.  1.  1.5 1.5 1. ]]
 
Mutante 43:
[[6.5 5.5 2.5 0.  5. ]
 [2.5 1.  1.  1.  1. ]]
 
Mutante 44:
[[6.5 3.  5.5 5.  5.5]
 [1.5 1.  1.5 1.  1. ]]
 
Mutante 45:
[[6.5 0.  4.  2.5 8. ]
 [2.  1.  1.  0.5 1. ]]
 
Mutante 46:
[[7.  5.5 2.5 0.  8.5]
 [2.5 1.  1.5 0.5 0.5]]
 
Mutante 47:
[[8.5 5.  3.  4.5 1.5]
 [2.  1.  0.5 2.  1. ]]
 
Mutante 48:
[[3.  2.5 4.  1.5 9.5]
 [1.  1.  2.  0.5 1. ]]
 
Mutante 49:
[[2.5 9.  9.  9.  5.5]
 [1.5 1.  1.  1.5 1.5]]
 
Mutante 50:
[[0.  1.5 9.  0.  7.5]
 [0.5 1.  1.  0.5 2. ]]
 
-----------------------------------------
Número de avaliações até o momento: 250
Evoluido 1:
[[4 7 3 4 0]
 [1 1 1 1 1]]
 
Evoluido 2:
[[6 4 6 0 5]
 [1 2 0 1 1]]
 
Evoluido 3:
[[7 0 3 0 9]
 [2 0 1 2 1]]
 
Evoluido 4:
[[0 7 4 5 7]
 [1 0 2 0 1]]
 
Evoluido 5:
[[7 8 0 4 7]
 [2 1 1 1 1]]
 
Evoluido 6:
[[6 4 4 0 9]
 [1 2 1 1 1]]
 
Evoluido 7:
[[6 6 0 0 5]
 [2 1 1 0 0]]
 
Evoluido 8:
[[9 6 5 0 4]
 [2 1 2 2 1]]
 
Evoluido 9:
[[2 3 1 4 5]
 [1 1 1 1 1]]
 
Evoluido 10:
[[0 0 6 6 8]
 [1 1 2 1 1]]
 
Evoluido 11:
[[7 4 0 5 8]
 [1 1 2 1 1]]
 
Evoluido 12:
[[2 9 9 0 7]
 [1 1 1 1 1]]
 
Evoluido 13:
[[0 5 9 2 9]
 [0 1 1 2 2]]
 
Evoluido 14:
[[8 8 5 7 7]
 [2 1 1 1 1]]
 
Evoluido 15:
[[7 4 0 1 7]
 [1 1 2 2 1]]
 
Evoluido 16:
[[6 8 5 0 2]
 [1 1 1 1 0]]
 
Evoluido 17:
[[0 8 3 4 7]
 [1 1 1 1 1]]
 
Evoluido 18:
[[0 4 0 9 8]
 [0 1 2 1 0]]
 
Evoluido 19:
[[2 5 9 2 5]
 [2 2 1 1 1]]
 
Evoluido 20:
[[4 2 0 0 7]
 [2 1 1 0 1]]
 
Evoluido 21:
[[7 3 3 0 2]
 [3 1 1 0 0]]
 
Evoluido 22:
[[4 6 5 0 3]
 [1 1 2 1 1]]
 
Evoluido 23:
[[5 7 6 6 7]
 [1 1 1 1 1]]
 
Evoluido 24:
[[7 7 1 1 9]
 [1 1 1 2 1]]
 
Evoluido 25:
[[7 0 2 0 7]
 [1 1 1 1 1]]
 
Evoluido 26:
[[0 0 9 3 9]
 [1 1 2 1 1]]
 
Evoluido 27:
[[8 4 6 0 9]
 [2 1 1 0 1]]
 
Evoluido 28:
[[0 7 8 6 7]
 [2 1 1 1 1]]
 
Evoluido 29:
[[9 0 0 0 9]
 [1 1 1 1 1]]
 
Evoluido 30:
[[3 6 4 2 9]
 [1 1 1 1 0]]
 
Evoluido 31:
[[0 4 5 3 8]
 [1 1 2 1 1]]
 
Evoluido 32:
[[0 6 7 4 7]
 [0 1 1 1 1]]
 
Evoluido 33:
[[3 3 9 2 6]
 [2 1 0 1 1]]
 
Evoluido 34:
[[4 3 3 5 9]
 [1 2 1 2 1]]
 
Evoluido 35:
[[5 8 0 9 8]
 [0 1 2 1 1]]
 
Evoluido 36:
[[1 6 3 4 5]
 [1 1 1 1 1]]
 
Evoluido 37:
[[1 4 8 6 4]
 [1 1 1 1 1]]
 
Evoluido 38:
[[3 5 8 0 8]
 [2 1 1 1 1]]
 
Evoluido 39:
[[0 3 0 3 0]
 [1 1 0 1 2]]
 
Evoluido 40:
[[9 9 2 0 6]
 [2 1 1 1 1]]
 
Evoluido 41:
[[4 6 5 9 2]
 [0 1 1 2 2]]
 
Evoluido 42:
[[7 0 1 0 9]
 [2 1 1 1 1]]
 
Evoluido 43:
[[6 5 9 0 5]
 [2 1 1 1 1]]
 
Evoluido 44:
[[6 3 5 5 5]
 [1 1 1 1 1]]
 
Evoluido 45:
[[6 0 4 2 8]
 [2 1 1 0 1]]
 
Evoluido 46:
[[7 5 5 0 8]
 [2 1 1 0 0]]
 
Evoluido 47:
[[8 5 3 0 1]
 [2 1 0 2 1]]
 
Evoluido 48:
[[3 3 4 1 9]
 [1 1 2 0 1]]
 
Evoluido 49:
[[2 9 9 9 5]
 [1 1 1 1 1]]
 
Evoluido 50:
[[0 1 9 0 7]
 [0 1 1 0 0]]
 
-----------------------------------------
Individuo 1:
{
  "solucao": [1 7 7 5 3]
                [2 2 1 1 1],
  "funcao_objetivo": 0.99115455061397402988831563401674430639208379350076,
  "confiabilidade_total": 0.99115455061397402988831563401674430639208379350076
  "peso": 115.53,
  "custo": 96.31
}
 
Individuo 2:
{
  "solucao": [5 5 6 1 2]
                [2 2 1 1 1],
  "funcao_objetivo": 0.99039666041870072183297696819133324518562848327012,
  "confiabilidade_total": 0.99039666041870072183297696819133324518562848327012
  "peso": 119.77,
  "custo": 77.85
}
 
Individuo 3:
{
  "solucao": [8 8 4 1 5]
                [2 1 1 2 1],
  "funcao_objetivo": 0.98749411730510410378300947156748933753586543593715,
  "confiabilidade_total": 0.98749411730510410378300947156748933753586543593715
  "peso": 118.42000000000002,
  "custo": 93.9
}
 
Individuo 4:
{
  "solucao": [5 7 8 1 6]
                [2 1 1 2 1],
  "funcao_objetivo": 0.98699425117558525826271778504734524198271388266954,
  "confiabilidade_total": 0.98699425117558525826271778504734524198271388266954
  "peso": 114.41,
  "custo": 90.68
}
 
Individuo 5:
{
  "solucao": [7 0 2 2 7]
                [2 1 1 1 1],
  "funcao_objetivo": 0.97834362665115733687069306484730617898608782931431,
  "confiabilidade_total": 0.97834362665115733687069306484730617898608782931431
  "peso": 108.18,
  "custo": 79.61
}
 
Individuo 6:
{
  "solucao": [7 8 6 0 3]
                [3 1 1 1 1],
  "funcao_objetivo": 0.97551770151512111119691215230897363751711614978560,
  "confiabilidade_total": 0.97551770151512111119691215230897363751711614978560
  "peso": 119.47,
  "custo": 98.33
}
 
Individuo 7:
{
  "solucao": [6 3 0 0 5]
                [2 1 1 1 1],
  "funcao_objetivo": 0.97723535401398685596434508873882127056030809260254,
  "confiabilidade_total": 0.97723535401398685596434508873882127056030809260254
  "peso": 117.46,
  "custo": 79.25
}
 
Individuo 8:
{
  "solucao": [5 5 5 2 9]
                [2 1 2 1 1],
  "funcao_objetivo": 0.97450790320272657676532367330640803901651179150147,
  "confiabilidade_total": 0.97450790320272657676532367330640803901651179150147
  "peso": 114.79,
  "custo": 78.83
}
 
Individuo 9:
{
  "solucao": [1 0 2 5 5]
                [1 1 1 3 1],
  "funcao_objetivo": 0.97949152614858812118833449907885660136820480485210,
  "confiabilidade_total": 0.97965819281525487312193646057835474662646266889522
  "peso": 120.02000000000001,
  "custo": 81.59
}
 
Individuo 10:
{
  "solucao": [0 0 6 6 8]
                [1 1 2 1 1],
  "funcao_objetivo": 0.97499758683930854572308382087478275780786802887748,
  "confiabilidade_total": 0.97499758683930854572308382087478275780786802887748
  "peso": 115.17999999999999,
  "custo": 82.67999999999999
}
 
Individuo 11:
{
  "solucao": [1 0 6 0 6]
                [2 1 1 1 1],
  "funcao_objetivo": 0.98229810349548455500275126970242017681634425093832,
  "confiabilidade_total": 0.98229810349548455500275126970242017681634425093832
  "peso": 116.77999999999999,
  "custo": 86.46000000000001
}
 
Individuo 12:
{
  "solucao": [1 0 7 5 7]
                [1 1 2 1 1],
  "funcao_objetivo": 0.97402301027900154680980834402247360196887614829045,
  "confiabilidade_total": 0.97402301027900154680980834402247360196887614829045
  "peso": 95.55000000000001,
  "custo": 85.69
}
 
Individuo 13:
{
  "solucao": [1 0 8 5 8]
                [1 1 1 2 2],
  "funcao_objetivo": 0.97351863705585748894375042654615005828836145375255,
  "confiabilidade_total": 0.97351863705585748894375042654615005828836145375255
  "peso": 111.57,
  "custo": 91.53
}
 
Individuo 14:
{
  "solucao": [8 1 4 7 8]
                [2 1 1 1 2],
  "funcao_objetivo": 0.97242213985444363267748089210175018892701624099072,
  "confiabilidade_total": 0.97242213985444363267748089210175018892701624099072
  "peso": 114.32000000000001,
  "custo": 97.03
}
 
Individuo 15:
{
  "solucao": [9 7 3 5 5]
                [2 1 1 2 1],
  "funcao_objetivo": 0.98527491193224295692191946613585381334385861023757,
  "confiabilidade_total": 0.98527491193224295692191946613585381334385861023757
  "peso": 117.31000000000002,
  "custo": 93.33000000000001
}
 
Individuo 16:
{
  "solucao": [8 8 1 0 0]
                [1 2 1 1 1],
  "funcao_objetivo": 0.97171852989601938183310093557188149536377350640845,
  "confiabilidade_total": 0.97171852989601938183310093557188149536377350640845
  "peso": 102.38,
  "custo": 87.02
}
 
Individuo 17:
{
  "solucao": [0 5 8 0 7]
                [2 1 1 1 1],
  "funcao_objetivo": 0.97456900327960685007899115946400977575390467818610,
  "confiabilidade_total": 0.97456900327960685007899115946400977575390467818610
  "peso": 104.27,
  "custo": 86.83000000000001
}
 
Individuo 18:
{
  "solucao": [2 6 7 1 9]
                [1 1 2 1 1],
  "funcao_objetivo": 0.97085887867373137127026104684503791459130179679800,
  "confiabilidade_total": 0.97085887867373137127026104684503791459130179679800
  "peso": 107.56,
  "custo": 84.07999999999998
}
 
Individuo 19:
{
  "solucao": [3 5 0 5 9]
                [1 1 2 2 0],
  "funcao_objetivo": 0.98793018283579890431923805742926945406015887245622,
  "confiabilidade_total": 0.98793018283579890431923805742926945406015887245622
  "peso": 106.88,
  "custo": 75.13
}
 
Individuo 20:
{
  "solucao": [8 2 4 0 9]
                [2 1 1 1 1],
  "funcao_objetivo": 0.97615037684213333792732752647051632450925778687678,
  "confiabilidade_total": 0.97615037684213333792732752647051632450925778687678
  "peso": 114.32,
  "custo": 84.13
}
 
Individuo 21:
{
  "solucao": [5 7 4 2 0]
                [2 1 1 1 1],
  "funcao_objetivo": 0.96916750693561613134316832573691067320815673930756,
  "confiabilidade_total": 0.96916750693561613134316832573691067320815673930756
  "peso": 110.36,
  "custo": 75.1
}
 
Individuo 22:
{
  "solucao": [7 7 5 0 3]
                [3 1 1 1 1],
  "funcao_objetivo": 0.97627068447968474002759825252386509790451998517156,
  "confiabilidade_total": 0.97627068447968474002759825252386509790451998517156
  "peso": 113.75,
  "custo": 97.76
}
 
Individuo 23:
{
  "solucao": [1 6 6 3 5]
                [1 1 2 1 1],
  "funcao_objetivo": 0.96693212256856876436315585756298078394808670730830,
  "confiabilidade_total": 0.96693212256856876436315585756298078394808670730830
  "peso": 115.04,
  "custo": 74.15
}
 
Individuo 24:
{
  "solucao": [7 7 1 1 9]
                [1 1 1 2 1],
  "funcao_objetivo": 0.97142603103299089616968182840096500500524794620360,
  "confiabilidade_total": 0.97142603103299089616968182840096500500524794620360
  "peso": 101.01,
  "custo": 91.72
}
 
Individuo 25:
{
  "solucao": [0 6 7 0 7]
                [1 2 1 1 1],
  "funcao_objetivo": 0.97572543148174572948699275260504992645854072280470,
  "confiabilidade_total": 0.97572543148174572948699275260504992645854072280470
  "peso": 108.88000000000001,
  "custo": 86.64
}
 
Individuo 26:
{
  "solucao": [0 0 9 3 9]
                [1 1 2 1 1],
  "funcao_objetivo": 0.97617375757058663939039301401278746727781788513144,
  "confiabilidade_total": 0.97617375757058663939039301401278746727781788513144
  "peso": 117.91999999999999,
  "custo": 97.57
}
 
Individuo 27:
{
  "solucao": [0 7 8 8 8]
                [2 1 1 1 1],
  "funcao_objetivo": 0.96258997221991827496399817008231384740607142322952,
  "confiabilidade_total": 0.96258997221991827496399817008231384740607142322952
  "peso": 98.42999999999999,
  "custo": 87.11
}
 
Individuo 28:
{
  "solucao": [0 7 8 6 7]
                [2 1 1 1 1],
  "funcao_objetivo": 0.96402703333624188885482339060738418968771728434016,
  "confiabilidade_total": 0.96402703333624188885482339060738418968771728434016
  "peso": 103.44,
  "custo": 87.62
}
 
Individuo 29:
{
  "solucao": [9 0 6 0 7]
                [2 1 1 1 1],
  "funcao_objetivo": 0.97886458729112860683571672155431421731782949687973,
  "confiabilidade_total": 0.97886458729112860683571672155431421731782949687973
  "peso": 111.53,
  "custo": 95.01
}
 
Individuo 30:
{
  "solucao": [9 6 6 0 5]
                [2 1 1 1 1],
  "funcao_objetivo": 0.97078959376476752278175870484400447620425627995437,
  "confiabilidade_total": 0.97078959376476752278175870484400447620425627995437
  "peso": 111.86,
  "custo": 86.74
}
 
Individuo 31:
{
  "solucao": [0 4 5 3 8]
                [1 1 2 1 1],
  "funcao_objetivo": 0.96965405061402904322991472843332943919098884435082,
  "confiabilidade_total": 0.96965405061402904322991472843332943919098884435082
  "peso": 110.21,
  "custo": 76.1
}
 
Individuo 32:
{
  "solucao": [0 2 2 6 5]
                [1 1 1 1 2],
  "funcao_objetivo": 0.96127869097410067725276975642155923986421850924255,
  "confiabilidade_total": 0.96127869097410067725276975642155923986421850924255
  "peso": 115.21000000000001,
  "custo": 68.08
}
 
Individuo 33:
{
  "solucao": [0 0 9 2 9]
                [1 1 1 1 2],
  "funcao_objetivo": 0.96386605618795776563788497771817732456026194947938,
  "confiabilidade_total": 0.96386605618795776563788497771817732456026194947938
  "peso": 118.5,
  "custo": 95.08
}
 
Individuo 34:
{
  "solucao": [8 2 2 0 9]
                [2 1 1 1 1],
  "funcao_objetivo": 0.97725013619743545450415342275843666610101121517867,
  "confiabilidade_total": 0.97725013619743545450415342275843666610101121517867
  "peso": 113.3,
  "custo": 79.58
}
 
Individuo 35:
{
  "solucao": [2 0 5 1 4]
                [1 1 1 1 1],
  "funcao_objetivo": 0.95879199551796221117890595940673147870204573240885,
  "confiabilidade_total": 0.95879199551796221117890595940673147870204573240885
  "peso": 99.58000000000001,
  "custo": 64.7
}
 
Individuo 36:
{
  "solucao": [0 5 9 0 8]
                [1 1 1 1 2],
  "funcao_objetivo": 0.96018098434936521901088884667559689829620444614469,
  "confiabilidade_total": 0.96018098434936521901088884667559689829620444614469
  "peso": 102.83999999999999,
  "custo": 87.02
}
 
Individuo 37:
{
  "solucao": [4 6 1 8 9]
                [1 1 2 1 1],
  "funcao_objetivo": 0.96251924633778887450204342670671783364901158464558,
  "confiabilidade_total": 0.96251924633778887450204342670671783364901158464558
  "peso": 112.96,
  "custo": 87.04999999999998
}
 
Individuo 38:
{
  "solucao": [3 5 8 0 8]
                [2 1 1 1 1],
  "funcao_objetivo": 0.97228609137352245220992327928733643182378170728171,
  "confiabilidade_total": 0.97228609137352245220992327928733643182378170728171
  "peso": 108.46,
  "custo": 77.08
}
 
Individuo 39:
{
  "solucao": [5 3 0 5 8]
                [1 1 2 1 1],
  "funcao_objetivo": 0.96736234986535842249659473155432311924944969496467,
  "confiabilidade_total": 0.96736234986535842249659473155432311924944969496467
  "peso": 106.72999999999999,
  "custo": 78.16999999999999
}
 
Individuo 40:
{
  "solucao": [6 1 6 1 6]
                [2 1 1 1 1],
  "funcao_objetivo": 0.97515477897874170391699241142223585321405944602872,
  "confiabilidade_total": 0.97515477897874170391699241142223585321405944602872
  "peso": 116.27999999999999,
  "custo": 78.97999999999999
}
 
Individuo 41:
{
  "solucao": [3 2 1 7 2]
                [1 1 1 1 1],
  "funcao_objetivo": 0.95282999445889353648775965561343828489306242682020,
  "confiabilidade_total": 0.95282999445889353648775965561343828489306242682020
  "peso": 99.86,
  "custo": 60.550000000000004
}
 
Individuo 42:
{
  "solucao": [7 0 1 0 9]
                [2 1 1 1 1],
  "funcao_objetivo": 0.98155668938230210644318921767971901875807781965849,
  "confiabilidade_total": 0.98155668938230210644318921767971901875807781965849
  "peso": 105.35,
  "custo": 94.44
}
 
Individuo 43:
{
  "solucao": [6 5 9 0 5]
                [2 1 1 1 1],
  "funcao_objetivo": 0.97097721522775177785368023442865278816561058239890,
  "confiabilidade_total": 0.97097721522775177785368023442865278816561058239890
  "peso": 108.17999999999999,
  "custo": 79.25999999999999
}
 
Individuo 44:
{
  "solucao": [0 3 0 7 8]
                [1 1 2 1 1],
  "funcao_objetivo": 0.96924305207427918777606056528237258156897388863091,
  "confiabilidade_total": 0.96924305207427918777606056528237258156897388863091
  "peso": 111.69000000000001,
  "custo": 88.5
}
 
Individuo 45:
{
  "solucao": [6 3 0 8 9]
                [1 1 2 1 1],
  "funcao_objetivo": 0.96570799657918943433358648597430541516399988184472,
  "confiabilidade_total": 0.96570799657918943433358648597430541516399988184472
  "peso": 115.7,
  "custo": 87.71000000000001
}
 
Individuo 46:
{
  "solucao": [2 9 5 5 4]
                [1 1 1 2 1],
  "funcao_objetivo": 0.96673656112846927421654448162121936153862658439065,
  "confiabilidade_total": 0.96673656112846927421654448162121936153862658439065
  "peso": 109.08000000000001,
  "custo": 72.25
}
 
Individuo 47:
{
  "solucao": [5 3 4 0 8]
                [2 1 1 1 1],
  "funcao_objetivo": 0.97460910570094202934551911064202849660379522462126,
  "confiabilidade_total": 0.97460910570094202934551911064202849660379522462126
  "peso": 110.21,
  "custo": 76.1
}
 
Individuo 48:
{
  "solucao": [7 3 1 0 8]
                [2 1 1 1 1],
  "funcao_objetivo": 0.97604323878102413430350410622467656550642838776023,
  "confiabilidade_total": 0.97604323878102413430350410622467656550642838776023
  "peso": 103.4,
  "custo": 85.86999999999999
}
 
Individuo 49:
{
  "solucao": [3 4 5 8 7]
                [1 1 1 1 2],
  "funcao_objetivo": 0.94542721995171044068177523041037713151531442209980,
  "confiabilidade_total": 0.94542721995171044068177523041037713151531442209980
  "peso": 103.50999999999999,
  "custo": 79.36
}
 
Individuo 50:
{
  "solucao": [6 0 5 0 5]
                [2 1 1 1 0],
  "funcao_objetivo": 0.96475157311449342823935643387959974433617653586121,
  "confiabilidade_total": 0.96475157311449342823935643387959974433617653586121
  "peso": 95.31,
  "custo": 67.27
}
 
-----------------------------------------
GERACAO 6
Mutante 1:
[[0.  0.  9.  1.5 5.5]
 [1.  1.  0.5 2.  2. ]]
 
Mutante 2:
[[7.5 7.  3.5 3.  3. ]
 [2.5 1.  1.  1.  1. ]]
 
Mutante 3:
[[6.  5.  1.5 0.  4.5]
 [2.  1.  1.  1.  1. ]]
 
Mutante 4:
[[3.5 5.  2.  0.5 8.5]
 [1.5 1.  2.  0.5 0.5]]
 
Mutante 5:
[[8.  6.5 2.5 0.  5.5]
 [1.5 1.  1.5 2.  1. ]]
 
Mutante 6:
[[0.  7.5 7.  4.5 5.5]
 [1.  1.  1.  1.5 1. ]]
 
Mutante 7:
[[5.  0.  2.5 1.  5.5]
 [2.  1.  0.5 1.  1. ]]
 
Mutante 8:
[[7.  4.  6.5 0.  3. ]
 [2.  1.  0.5 1.  1.5]]
 
Mutante 9:
[[1.5 1.  6.5 3.5 9. ]
 [1.  1.  2.5 1.  1. ]]
 
Mutante 10:
[[6.5 9.  6.5 0.  3. ]
 [3.  1.  0.5 1.  1. ]]
 
Mutante 11:
[[0.  2.  8.  3.  7.5]
 [1.5 0.5 2.  1.  0.5]]
 
Mutante 12:
[[6. 1. 0. 7. 9.]
 [1. 1. 2. 1. 1.]]
 
Mutante 13:
[[2.5 3.  3.5 0.  8.5]
 [1.  1.  2.5 1.  1. ]]
 
Mutante 14:
[[1.  0.  9.5 3.  9. ]
 [0.5 1.  2.  1.  1. ]]
 
Mutante 15:
[[0.5 4.  6.  3.5 9. ]
 [0.5 0.5 1.5 1.  2. ]]
 
Mutante 16:
[[0.  5.  0.  8.  9.5]
 [0.5 1.  2.5 2.  1. ]]
 
Mutante 17:
[[8.5 0.5 3.5 0.  6. ]
 [2.5 1.  0.5 0.5 1. ]]
 
Mutante 18:
[[9.  1.  3.5 4.  6.5]
 [2.5 1.  0.5 1.  1.5]]
 
Mutante 19:
[[6.5 8.  6.5 0.  3. ]
 [2.  1.  1.  2.  1. ]]
 
Mutante 20:
[[0.  0.  7.  4.  9. ]
 [0.5 1.  1.5 1.  1.5]]
 
Mutante 21:
[[9.  4.5 3.5 2.5 5. ]
 [2.5 1.  0.5 1.5 1.5]]
 
Mutante 22:
[[1.5 9.  9.  4.  5. ]
 [2.  1.  1.  2.  1. ]]
 
Mutante 23:
[[4.  6.  7.5 4.5 7.5]
 [2.5 1.  0.5 1.  1. ]]
 
Mutante 24:
[[1.  3.  7.  0.5 4. ]
 [2.  1.  1.  1.5 1. ]]
 
Mutante 25:
[[7.  7.5 5.  0.  5.5]
 [2.  1.  1.  1.  1. ]]
 
Mutante 26:
[[8.  3.5 1.5 0.  9.5]
 [2.  1.  1.  1.  1. ]]
 
Mutante 27:
[[0.5 6.  6.5 5.  3. ]
 [2.  2.  1.  1.  1. ]]
 
Mutante 28:
[[9.  0.  4.5 0.  9.5]
 [2.5 1.  1.  0.5 1. ]]
 
Mutante 29:
[[0.  3.5 9.  9.5 9. ]
 [1.5 1.  1.  1.5 1.5]]
 
Mutante 30:
[[3.5 0.  4.  0.  8. ]
 [2.  1.5 1.  0.5 1. ]]
 
Mutante 31:
[[6.  5.5 0.  4.5 0. ]
 [2.  1.  0.5 1.  1. ]]
 
Mutante 32:
[[0.  8.5 5.  4.5 4. ]
 [1.  1.  1.  2.  1. ]]
 
Mutante 33:
[[6.5 5.5 6.5 0.5 5.5]
 [2.5 1.  0.5 2.  1. ]]
 
Mutante 34:
[[7.5 3.  1.  1.5 8.5]
 [2.  1.  1.  1.  1. ]]
 
Mutante 35:
[[9.  2.5 1.  0.  7. ]
 [3.  0.5 1.  1.  1. ]]
 
Mutante 36:
[[2.  8.  7.5 4.  7. ]
 [2.  1.  1.  2.  1. ]]
 
Mutante 37:
[[2.  6.  6.5 1.5 6. ]
 [1.5 1.  1.5 1.  1. ]]
 
Mutante 38:
[[4.5 1.  6.  0.  5. ]
 [2.  1.5 1.  1.  1. ]]
 
Mutante 39:
[[1.5 7.  6.5 6.5 2. ]
 [2.  1.5 1.5 1.  1. ]]
 
Mutante 40:
[[3.  0.  1.  6.5 4. ]
 [1.  1.  1.  0.5 1. ]]
 
Mutante 41:
[[3.5 4.5 9.  0.  5. ]
 [2.  1.  1.  1.  1. ]]
 
Mutante 42:
[[7.  2.5 6.5 3.5 8.5]
 [2.5 0.5 1.  1.  1.5]]
 
Mutante 43:
[[6.5 8.  8.5 0.  8.5]
 [2.5 1.  1.  1.  1. ]]
 
Mutante 44:
[[9.5 0.5 0.  8.  9. ]
 [1.  1.  2.  1.  1. ]]
 
Mutante 45:
[[0.  0.5 9.5 1.5 9. ]
 [0.5 1.  1.  1.  2. ]]
 
Mutante 46:
[[9.  5.5 4.5 3.  2.5]
 [3.  1.  0.5 1.  1.5]]
 
Mutante 47:
[[3.5 0.  2.  2.5 4.5]
 [1.5 1.  1.  0.5 0.5]]
 
Mutante 48:
[[3.  6.5 7.5 2.  8. ]
 [2.  1.  1.5 2.  1. ]]
 
Mutante 49:
[[6.  1.  3.  3.  8. ]
 [1.5 1.  1.5 1.  1. ]]
 
Mutante 50:
[[7.5 5.  2.  9.  5.5]
 [1.5 1.  1.  1.5 1.5]]
 
-----------------------------------------
Número de avaliações até o momento: 300
Evoluido 1:
[[0 0 9 5 3]
 [1 1 0 2 1]]
 
Evoluido 2:
[[7 7 3 1 3]
 [2 1 1 1 1]]
 
Evoluido 3:
[[6 5 1 0 5]
 [2 1 1 1 1]]
 
Evoluido 4:
[[3 5 2 0 8]
 [1 1 2 0 1]]
 
Evoluido 5:
[[8 6 2 0 5]
 [1 1 1 2 1]]
 
Evoluido 6:
[[0 7 7 0 5]
 [1 1 1 1 1]]
 
Evoluido 7:
[[5 0 0 1 5]
 [2 1 0 1 1]]
 
Evoluido 8:
[[5 4 6 0 9]
 [2 1 0 1 1]]
 
Evoluido 9:
[[1 1 6 3 9]
 [1 1 1 1 1]]
 
Evoluido 10:
[[6 9 6 0 3]
 [1 1 0 1 1]]
 
Evoluido 11:
[[0 2 8 3 7]
 [1 0 1 1 0]]
 
Evoluido 12:
[[6 1 7 7 9]
 [1 1 2 1 1]]
 
Evoluido 13:
[[2 3 3 0 8]
 [1 1 1 1 1]]
 
Evoluido 14:
[[1 1 4 3 9]
 [0 1 2 1 1]]
 
Evoluido 15:
[[0 7 6 3 5]
 [0 0 1 1 1]]
 
Evoluido 16:
[[0 5 0 8 9]
 [0 1 2 2 1]]
 
Evoluido 17:
[[8 0 3 0 6]
 [2 1 0 1 1]]
 
Evoluido 18:
[[9 6 7 4 6]
 [1 1 0 1 1]]
 
Evoluido 19:
[[6 5 6 0 3]
 [2 1 1 2 0]]
 
Evoluido 20:
[[8 0 7 4 9]
 [0 1 1 1 1]]
 
Evoluido 21:
[[9 4 3 2 5]
 [2 1 0 1 1]]
 
Evoluido 22:
[[7 9 9 4 5]
 [2 1 1 2 1]]
 
Evoluido 23:
[[1 6 7 3 7]
 [2 1 0 1 1]]
 
Evoluido 24:
[[1 7 7 0 4]
 [2 1 1 2 1]]
 
Evoluido 25:
[[7 7 5 0 5]
 [2 1 1 1 1]]
 
Evoluido 26:
[[8 3 9 0 9]
 [1 1 2 1 1]]
 
Evoluido 27:
[[0 6 8 8 3]
 [2 2 1 1 1]]
 
Evoluido 28:
[[9 0 4 0 9]
 [2 1 1 0 1]]
 
Evoluido 29:
[[0 3 6 9 7]
 [1 1 1 1 1]]
 
Evoluido 30:
[[3 0 4 0 8]
 [2 1 1 1 1]]
 
Evoluido 31:
[[6 5 0 4 0]
 [1 1 0 1 1]]
 
Evoluido 32:
[[0 8 5 4 5]
 [1 1 1 2 1]]
 
Evoluido 33:
[[6 5 6 0 5]
 [1 1 0 2 1]]
 
Evoluido 34:
[[7 3 2 1 8]
 [2 1 1 1 1]]
 
Evoluido 35:
[[9 2 1 0 4]
 [3 0 1 1 1]]
 
Evoluido 36:
[[0 8 7 4 7]
 [2 1 1 2 2]]
 
Evoluido 37:
[[2 6 6 8 6]
 [1 1 1 1 1]]
 
Evoluido 38:
[[4 1 6 0 8]
 [2 1 1 1 1]]
 
Evoluido 39:
[[1 3 6 6 2]
 [2 1 1 1 1]]
 
Evoluido 40:
[[3 1 1 6 4]
 [1 1 1 0 1]]
 
Evoluido 41:
[[3 4 9 0 2]
 [2 1 1 1 1]]
 
Evoluido 42:
[[7 0 6 3 8]
 [2 0 1 1 1]]
 
Evoluido 43:
[[6 8 9 0 8]
 [2 1 1 1 1]]
 
Evoluido 44:
[[9 0 0 8 9]
 [1 1 2 1 1]]
 
Evoluido 45:
[[0 0 9 1 9]
 [0 1 1 1 2]]
 
Evoluido 46:
[[2 5 4 3 2]
 [1 1 0 1 1]]
 
Evoluido 47:
[[3 0 2 2 4]
 [1 1 1 0 1]]
 
Evoluido 48:
[[3 3 7 2 8]
 [2 1 1 2 1]]
 
Evoluido 49:
[[6 1 3 3 8]
 [1 1 1 1 1]]
 
Evoluido 50:
[[6 0 2 9 5]
 [1 1 1 1 1]]
 
-----------------------------------------
Individuo 1:
{
  "solucao": [1 7 7 5 3]
                [2 2 1 1 1],
  "funcao_objetivo": 0.99115455061397402988831563401674430639208379350076,
  "confiabilidade_total": 0.99115455061397402988831563401674430639208379350076
  "peso": 115.53,
  "custo": 96.31
}
 
Individuo 2:
{
  "solucao": [5 5 6 1 2]
                [2 2 1 1 1],
  "funcao_objetivo": 0.99039666041870072183297696819133324518562848327012,
  "confiabilidade_total": 0.99039666041870072183297696819133324518562848327012
  "peso": 119.77,
  "custo": 77.85
}
 
Individuo 3:
{
  "solucao": [8 8 4 1 5]
                [2 1 1 2 1],
  "funcao_objetivo": 0.98749411730510410378300947156748933753586543593715,
  "confiabilidade_total": 0.98749411730510410378300947156748933753586543593715
  "peso": 118.42000000000002,
  "custo": 93.9
}
 
Individuo 4:
{
  "solucao": [5 7 8 1 6]
                [2 1 1 2 1],
  "funcao_objetivo": 0.98699425117558525826271778504734524198271388266954,
  "confiabilidade_total": 0.98699425117558525826271778504734524198271388266954
  "peso": 114.41,
  "custo": 90.68
}
 
Individuo 5:
{
  "solucao": [7 0 2 2 7]
                [2 1 1 1 1],
  "funcao_objetivo": 0.97834362665115733687069306484730617898608782931431,
  "confiabilidade_total": 0.97834362665115733687069306484730617898608782931431
  "peso": 108.18,
  "custo": 79.61
}
 
Individuo 6:
{
  "solucao": [7 8 6 0 3]
                [3 1 1 1 1],
  "funcao_objetivo": 0.97551770151512111119691215230897363751711614978560,
  "confiabilidade_total": 0.97551770151512111119691215230897363751711614978560
  "peso": 119.47,
  "custo": 98.33
}
 
Individuo 7:
{
  "solucao": [6 3 0 0 5]
                [2 1 1 1 1],
  "funcao_objetivo": 0.97723535401398685596434508873882127056030809260254,
  "confiabilidade_total": 0.97723535401398685596434508873882127056030809260254
  "peso": 117.46,
  "custo": 79.25
}
 
Individuo 8:
{
  "solucao": [5 5 5 2 9]
                [2 1 2 1 1],
  "funcao_objetivo": 0.97450790320272657676532367330640803901651179150147,
  "confiabilidade_total": 0.97450790320272657676532367330640803901651179150147
  "peso": 114.79,
  "custo": 78.83
}
 
Individuo 9:
{
  "solucao": [1 0 2 5 5]
                [1 1 1 3 1],
  "funcao_objetivo": 0.97949152614858812118833449907885660136820480485210,
  "confiabilidade_total": 0.97965819281525487312193646057835474662646266889522
  "peso": 120.02000000000001,
  "custo": 81.59
}
 
Individuo 10:
{
  "solucao": [0 0 6 6 8]
                [1 1 2 1 1],
  "funcao_objetivo": 0.97499758683930854572308382087478275780786802887748,
  "confiabilidade_total": 0.97499758683930854572308382087478275780786802887748
  "peso": 115.17999999999999,
  "custo": 82.67999999999999
}
 
Individuo 11:
{
  "solucao": [1 0 6 0 6]
                [2 1 1 1 1],
  "funcao_objetivo": 0.98229810349548455500275126970242017681634425093832,
  "confiabilidade_total": 0.98229810349548455500275126970242017681634425093832
  "peso": 116.77999999999999,
  "custo": 86.46000000000001
}
 
Individuo 12:
{
  "solucao": [1 0 7 5 7]
                [1 1 2 1 1],
  "funcao_objetivo": 0.97402301027900154680980834402247360196887614829045,
  "confiabilidade_total": 0.97402301027900154680980834402247360196887614829045
  "peso": 95.55000000000001,
  "custo": 85.69
}
 
Individuo 13:
{
  "solucao": [1 0 8 5 8]
                [1 1 1 2 2],
  "funcao_objetivo": 0.97351863705585748894375042654615005828836145375255,
  "confiabilidade_total": 0.97351863705585748894375042654615005828836145375255
  "peso": 111.57,
  "custo": 91.53
}
 
Individuo 14:
{
  "solucao": [8 1 4 7 8]
                [2 1 1 1 2],
  "funcao_objetivo": 0.97242213985444363267748089210175018892701624099072,
  "confiabilidade_total": 0.97242213985444363267748089210175018892701624099072
  "peso": 114.32000000000001,
  "custo": 97.03
}
 
Individuo 15:
{
  "solucao": [9 7 3 5 5]
                [2 1 1 2 1],
  "funcao_objetivo": 0.98527491193224295692191946613585381334385861023757,
  "confiabilidade_total": 0.98527491193224295692191946613585381334385861023757
  "peso": 117.31000000000002,
  "custo": 93.33000000000001
}
 
Individuo 16:
{
  "solucao": [0 5 0 8 9]
                [0 1 2 2 1],
  "funcao_objetivo": 0.97785067800635182142227339849151986730729441483772,
  "confiabilidade_total": 0.97785067800635182142227339849151986730729441483772
  "peso": 102.83999999999999,
  "custo": 87.02000000000001
}
 
Individuo 17:
{
  "solucao": [0 5 8 0 7]
                [2 1 1 1 1],
  "funcao_objetivo": 0.97456900327960685007899115946400977575390467818610,
  "confiabilidade_total": 0.97456900327960685007899115946400977575390467818610
  "peso": 104.27,
  "custo": 86.83000000000001
}
 
Individuo 18:
{
  "solucao": [2 6 7 1 9]
                [1 1 2 1 1],
  "funcao_objetivo": 0.97085887867373137127026104684503791459130179679800,
  "confiabilidade_total": 0.97085887867373137127026104684503791459130179679800
  "peso": 107.56,
  "custo": 84.07999999999998
}
 
Individuo 19:
{
  "solucao": [3 5 0 5 9]
                [1 1 2 2 0],
  "funcao_objetivo": 0.98793018283579890431923805742926945406015887245622,
  "confiabilidade_total": 0.98793018283579890431923805742926945406015887245622
  "peso": 106.88,
  "custo": 75.13
}
 
Individuo 20:
{
  "solucao": [8 2 4 0 9]
                [2 1 1 1 1],
  "funcao_objetivo": 0.97615037684213333792732752647051632450925778687678,
  "confiabilidade_total": 0.97615037684213333792732752647051632450925778687678
  "peso": 114.32,
  "custo": 84.13
}
 
Individuo 21:
{
  "solucao": [5 7 4 2 0]
                [2 1 1 1 1],
  "funcao_objetivo": 0.96916750693561613134316832573691067320815673930756,
  "confiabilidade_total": 0.96916750693561613134316832573691067320815673930756
  "peso": 110.36,
  "custo": 75.1
}
 
Individuo 22:
{
  "solucao": [7 7 5 0 3]
                [3 1 1 1 1],
  "funcao_objetivo": 0.97627068447968474002759825252386509790451998517156,
  "confiabilidade_total": 0.97627068447968474002759825252386509790451998517156
  "peso": 113.75,
  "custo": 97.76
}
 
Individuo 23:
{
  "solucao": [1 6 6 3 5]
                [1 1 2 1 1],
  "funcao_objetivo": 0.96693212256856876436315585756298078394808670730830,
  "confiabilidade_total": 0.96693212256856876436315585756298078394808670730830
  "peso": 115.04,
  "custo": 74.15
}
 
Individuo 24:
{
  "solucao": [7 7 1 1 9]
                [1 1 1 2 1],
  "funcao_objetivo": 0.97142603103299089616968182840096500500524794620360,
  "confiabilidade_total": 0.97142603103299089616968182840096500500524794620360
  "peso": 101.01,
  "custo": 91.72
}
 
Individuo 25:
{
  "solucao": [0 6 7 0 7]
                [1 2 1 1 1],
  "funcao_objetivo": 0.97572543148174572948699275260504992645854072280470,
  "confiabilidade_total": 0.97572543148174572948699275260504992645854072280470
  "peso": 108.88000000000001,
  "custo": 86.64
}
 
Individuo 26:
{
  "solucao": [0 0 9 3 9]
                [1 1 2 1 1],
  "funcao_objetivo": 0.97617375757058663939039301401278746727781788513144,
  "confiabilidade_total": 0.97617375757058663939039301401278746727781788513144
  "peso": 117.91999999999999,
  "custo": 97.57
}
 
Individuo 27:
{
  "solucao": [0 7 8 8 8]
                [2 1 1 1 1],
  "funcao_objetivo": 0.96258997221991827496399817008231384740607142322952,
  "confiabilidade_total": 0.96258997221991827496399817008231384740607142322952
  "peso": 98.42999999999999,
  "custo": 87.11
}
 
Individuo 28:
{
  "solucao": [0 7 8 6 7]
                [2 1 1 1 1],
  "funcao_objetivo": 0.96402703333624188885482339060738418968771728434016,
  "confiabilidade_total": 0.96402703333624188885482339060738418968771728434016
  "peso": 103.44,
  "custo": 87.62
}
 
Individuo 29:
{
  "solucao": [9 0 6 0 7]
                [2 1 1 1 1],
  "funcao_objetivo": 0.97886458729112860683571672155431421731782949687973,
  "confiabilidade_total": 0.97886458729112860683571672155431421731782949687973
  "peso": 111.53,
  "custo": 95.01
}
 
Individuo 30:
{
  "solucao": [9 6 6 0 5]
                [2 1 1 1 1],
  "funcao_objetivo": 0.97078959376476752278175870484400447620425627995437,
  "confiabilidade_total": 0.97078959376476752278175870484400447620425627995437
  "peso": 111.86,
  "custo": 86.74
}
 
Individuo 31:
{
  "solucao": [0 4 5 3 8]
                [1 1 2 1 1],
  "funcao_objetivo": 0.96965405061402904322991472843332943919098884435082,
  "confiabilidade_total": 0.96965405061402904322991472843332943919098884435082
  "peso": 110.21,
  "custo": 76.1
}
 
Individuo 32:
{
  "solucao": [0 8 5 4 5]
                [1 1 1 2 1],
  "funcao_objetivo": 0.97226485381058559932808561571006010001252028991557,
  "confiabilidade_total": 0.97226485381058559932808561571006010001252028991557
  "peso": 111.81,
  "custo": 78.16
}
 
Individuo 33:
{
  "solucao": [0 0 9 2 9]
                [1 1 1 1 2],
  "funcao_objetivo": 0.96386605618795776563788497771817732456026194947938,
  "confiabilidade_total": 0.96386605618795776563788497771817732456026194947938
  "peso": 118.5,
  "custo": 95.08
}
 
Individuo 34:
{
  "solucao": [8 2 2 0 9]
                [2 1 1 1 1],
  "funcao_objetivo": 0.97725013619743545450415342275843666610101121517867,
  "confiabilidade_total": 0.97725013619743545450415342275843666610101121517867
  "peso": 113.3,
  "custo": 79.58
}
 
Individuo 35:
{
  "solucao": [2 0 5 1 4]
                [1 1 1 1 1],
  "funcao_objetivo": 0.95879199551796221117890595940673147870204573240885,
  "confiabilidade_total": 0.95879199551796221117890595940673147870204573240885
  "peso": 99.58000000000001,
  "custo": 64.7
}
 
Individuo 36:
{
  "solucao": [0 5 9 0 8]
                [1 1 1 1 2],
  "funcao_objetivo": 0.96018098434936521901088884667559689829620444614469,
  "confiabilidade_total": 0.96018098434936521901088884667559689829620444614469
  "peso": 102.83999999999999,
  "custo": 87.02
}
 
Individuo 37:
{
  "solucao": [4 6 1 8 9]
                [1 1 2 1 1],
  "funcao_objetivo": 0.96251924633778887450204342670671783364901158464558,
  "confiabilidade_total": 0.96251924633778887450204342670671783364901158464558
  "peso": 112.96,
  "custo": 87.04999999999998
}
 
Individuo 38:
{
  "solucao": [4 1 6 0 8]
                [2 1 1 1 1],
  "funcao_objetivo": 0.97419926255366782420399196182737445223847825239351,
  "confiabilidade_total": 0.97811592922033436308861442340779480173023838709047
  "peso": 120.46999999999998,
  "custo": 84.66
}
 
Individuo 39:
{
  "solucao": [5 3 0 5 8]
                [1 1 2 1 1],
  "funcao_objetivo": 0.96736234986535842249659473155432311924944969496467,
  "confiabilidade_total": 0.96736234986535842249659473155432311924944969496467
  "peso": 106.72999999999999,
  "custo": 78.16999999999999
}
 
Individuo 40:
{
  "solucao": [6 1 6 1 6]
                [2 1 1 1 1],
  "funcao_objetivo": 0.97515477897874170391699241142223585321405944602872,
  "confiabilidade_total": 0.97515477897874170391699241142223585321405944602872
  "peso": 116.27999999999999,
  "custo": 78.97999999999999
}
 
Individuo 41:
{
  "solucao": [3 2 1 7 2]
                [1 1 1 1 1],
  "funcao_objetivo": 0.95282999445889353648775965561343828489306242682020,
  "confiabilidade_total": 0.95282999445889353648775965561343828489306242682020
  "peso": 99.86,
  "custo": 60.550000000000004
}
 
Individuo 42:
{
  "solucao": [7 0 1 0 9]
                [2 1 1 1 1],
  "funcao_objetivo": 0.98155668938230210644318921767971901875807781965849,
  "confiabilidade_total": 0.98155668938230210644318921767971901875807781965849
  "peso": 105.35,
  "custo": 94.44
}
 
Individuo 43:
{
  "solucao": [6 5 9 0 5]
                [2 1 1 1 1],
  "funcao_objetivo": 0.97097721522775177785368023442865278816561058239890,
  "confiabilidade_total": 0.97097721522775177785368023442865278816561058239890
  "peso": 108.17999999999999,
  "custo": 79.25999999999999
}
 
Individuo 44:
{
  "solucao": [9 0 0 8 9]
                [1 1 2 1 1],
  "funcao_objetivo": 0.97265259966981353422435677716820631298040379943920,
  "confiabilidade_total": 0.97265259966981353422435677716820631298040379943920
  "peso": 112.21,
  "custo": 97.25999999999999
}
 
Individuo 45:
{
  "solucao": [6 3 0 8 9]
                [1 1 2 1 1],
  "funcao_objetivo": 0.96570799657918943433358648597430541516399988184472,
  "confiabilidade_total": 0.96570799657918943433358648597430541516399988184472
  "peso": 115.7,
  "custo": 87.71000000000001
}
 
Individuo 46:
{
  "solucao": [2 9 5 5 4]
                [1 1 1 2 1],
  "funcao_objetivo": 0.96673656112846927421654448162121936153862658439065,
  "confiabilidade_total": 0.96673656112846927421654448162121936153862658439065
  "peso": 109.08000000000001,
  "custo": 72.25
}
 
Individuo 47:
{
  "solucao": [5 3 4 0 8]
                [2 1 1 1 1],
  "funcao_objetivo": 0.97460910570094202934551911064202849660379522462126,
  "confiabilidade_total": 0.97460910570094202934551911064202849660379522462126
  "peso": 110.21,
  "custo": 76.1
}
 
Individuo 48:
{
  "solucao": [7 3 1 0 8]
                [2 1 1 1 1],
  "funcao_objetivo": 0.97604323878102413430350410622467656550642838776023,
  "confiabilidade_total": 0.97604323878102413430350410622467656550642838776023
  "peso": 103.4,
  "custo": 85.86999999999999
}
 
Individuo 49:
{
  "solucao": [6 1 3 3 8]
                [1 1 1 1 1],
  "funcao_objetivo": 0.94883932680478734753631455738242960096365931447121,
  "confiabilidade_total": 0.94883932680478734753631455738242960096365931447121
  "peso": 97.0,
  "custo": 64.42999999999999
}
 
Individuo 50:
{
  "solucao": [6 0 5 0 5]
                [2 1 1 1 0],
  "funcao_objetivo": 0.96475157311449342823935643387959974433617653586121,
  "confiabilidade_total": 0.96475157311449342823935643387959974433617653586121
  "peso": 95.31,
  "custo": 67.27
}
 
-----------------------------------------
GERACAO 7
Mutante 1:
[[0.  2.5 0.  8.  9. ]
 [1.  1.  2.  2.  1. ]]
 
Mutante 2:
[[2.5 0.  4.  1.5 3.5]
 [0.5 1.  0.5 1.  1. ]]
 
Mutante 3:
[[9.  8.5 0.  7.5 6. ]
 [1.5 1.  1.5 2.  1. ]]
 
Mutante 4:
[[1.  0.  6.5 0.  6. ]
 [2.5 0.5 1.  1.  1. ]]
 
Mutante 5:
[[2.  6.5 8.  1.5 4.5]
 [1.5 1.  0.5 2.  1. ]]
 
Mutante 6:
[[6.5 4.5 3.  1.  6. ]
 [1.5 1.  1.5 1.  1. ]]
 
Mutante 7:
[[9.  0.  4.5 0.  5. ]
 [2.5 1.  1.  1.  1. ]]
 
Mutante 8:
[[6.  5.  3.5 0.  9.5]
 [2.  1.  1.5 1.  1. ]]
 
Mutante 9:
[[6.  3.  0.  2.  9. ]
 [1.5 0.5 1.5 1.5 0.5]]
 
Mutante 10:
[[9.  8.  1.5 5.  3. ]
 [2.5 1.  1.  2.  1. ]]
 
Mutante 11:
[[4.  6.5 9.  0.5 3. ]
 [1.5 1.  1.5 0.5 1.5]]
 
Mutante 12:
[[0.5 2.5 2.  6.  8.5]
 [0.5 1.  2.  0.5 1. ]]
 
Mutante 13:
[[3.5 0.  2.  7.5 3. ]
 [1.  1.  1.5 0.5 1. ]]
 
Mutante 14:
[[6.  7.5 8.  0.  4.5]
 [2.  1.  0.5 2.  1.5]]
 
Mutante 15:
[[7.5 0.  0.5 0.  8.5]
 [2.  1.  1.  1.  1. ]]
 
Mutante 16:
[[5.5 4.5 0.  2.5 6.5]
 [1.5 1.  1.5 1.  1.5]]
 
Mutante 17:
[[0.  2.5 4.5 8.5 8.5]
 [0.5 1.  2.5 1.  1. ]]
 
Mutante 18:
[[7.5 6.5 3.  0.  9. ]
 [1.5 1.  1.  2.  1. ]]
 
Mutante 19:
[[0.  8.5 6.  4.5 4. ]
 [0.5 1.  1.5 2.  0.5]]
 
Mutante 20:
[[9.  1.5 9.  0.  5. ]
 [2.5 1.  0.5 1.  1. ]]
 
Mutante 21:
[[0.5 0.  7.5 0.  3.5]
 [1.  1.  1.  0.5 1.5]]
 
Mutante 22:
[[0.  1.  8.5 3.5 9.5]
 [1.  1.  2.  1.5 1. ]]
 
Mutante 23:
[[5.  3.5 4.  2.  2. ]
 [1.5 0.5 1.5 1.  1. ]]
 
Mutante 24:
[[9.5 2.5 5.  1.  2. ]
 [2.  2.  1.  1.  1. ]]
 
Mutante 25:
[[0.  6.  0.  7.5 9. ]
 [1.  1.  2.  2.  1. ]]
 
Mutante 26:
[[0.  4.  3.5 5.  8.5]
 [1.  1.  2.  2.  1. ]]
 
Mutante 27:
[[5.  5.  5.  6.  9. ]
 [1.5 1.  2.5 1.  1. ]]
 
Mutante 28:
[[2.5 1.5 2.5 3.5 9.5]
 [1.  1.  2.5 0.5 1. ]]
 
Mutante 29:
[[7.  0.  0.  8.  9. ]
 [0.5 1.  2.5 1.  1. ]]
 
Mutante 30:
[[2.5 5.5 6.5 2.  4.5]
 [1.5 2.  1.  1.5 1. ]]
 
Mutante 31:
[[2.  5.5 5.5 5.  6.5]
 [0.5 0.5 1.  2.5 1.5]]
 
Mutante 32:
[[7.5 3.5 0.  6.  4.5]
 [1.5 0.5 2.  1.  1. ]]
 
Mutante 33:
[[7.  7.  3.5 1.5 2.5]
 [2.5 1.  1.  1.  1. ]]
 
Mutante 34:
[[3.5 3.  1.5 7.  8. ]
 [1.  1.  1.5 1.  1. ]]
 
Mutante 35:
[[8.5 3.  1.5 0.  9. ]
 [2.  1.  1.  1.  1.5]]
 
Mutante 36:
[[0.  5.  9.  0.  8.5]
 [2.  1.  1.  1.  1. ]]
 
Mutante 37:
[[0.  1.  9.  2.5 9.5]
 [0.5 1.  1.5 0.5 2. ]]
 
Mutante 38:
[[5.  1.5 0.  3.  5. ]
 [1.5 0.5 1.  1.  1. ]]
 
Mutante 39:
[[4.  3.5 9.  2.5 5. ]
 [1.5 1.  1.  1.5 1.5]]
 
Mutante 40:
[[9.  5.  9.  0.5 5.5]
 [3.  1.  0.5 1.5 1.5]]
 
Mutante 41:
[[3.5 2.5 6.  3.5 8.5]
 [0.5 1.  1.5 1.  1. ]]
 
Mutante 42:
[[8.  6.5 0.5 1.  7.5]
 [1.  1.  1.  2.  0.5]]
 
Mutante 43:
[[0.  2.5 9.  1.5 4.5]
 [1.5 1.5 0.5 2.  2. ]]
 
Mutante 44:
[[1.  9.5 5.5 7.5 3. ]
 [1.5 1.  0.5 2.  1. ]]
 
Mutante 45:
[[3.5 0.  1.5 6.5 0.5]
 [1.  1.  0.5 1.  1. ]]
 
Mutante 46:
[[1.5 1.  6.  4.5 9. ]
 [1.  1.  1.  1.5 2. ]]
 
Mutante 47:
[[0.  4.  5.5 2.  5. ]
 [1.5 1.  1.  1.5 1. ]]
 
Mutante 48:
[[5.  6.  9.  0.  4.5]
 [2.5 1.  0.5 2.  1. ]]
 
Mutante 49:
[[5.5 6.5 7.  0.  3.5]
 [2.5 1.  0.5 2.  1. ]]
 
Mutante 50:
[[7.5 0.  3.5 1.  7. ]
 [1.5 1.5 1.  0.5 1. ]]
 
-----------------------------------------
Número de avaliações até o momento: 350
Evoluido 1:
[[0 2 0 8 9]
 [1 2 2 2 1]]
 
Evoluido 2:
[[2 0 4 1 3]
 [0 2 1 1 1]]
 
Evoluido 3:
[[9 8 0 7 6]
 [1 1 1 2 1]]
 
Evoluido 4:
[[1 0 6 1 6]
 [2 0 1 1 1]]
 
Evoluido 5:
[[2 6 8 1 7]
 [1 1 1 2 1]]
 
Evoluido 6:
[[7 4 3 0 3]
 [1 1 1 1 1]]
 
Evoluido 7:
[[9 0 4 0 5]
 [2 1 1 1 1]]
 
Evoluido 8:
[[6 5 5 0 9]
 [2 1 1 1 1]]
 
Evoluido 9:
[[6 3 0 2 9]
 [1 0 1 1 0]]
 
Evoluido 10:
[[9 8 6 6 3]
 [2 1 2 2 1]]
 
Evoluido 11:
[[1 6 6 0 3]
 [1 1 1 0 1]]
 
Evoluido 12:
[[0 2 2 6 8]
 [0 1 2 1 1]]
 
Evoluido 13:
[[3 0 2 7 3]
 [1 1 1 0 1]]
 
Evoluido 14:
[[6 7 8 0 4]
 [2 1 0 2 2]]
 
Evoluido 15:
[[7 0 3 0 8]
 [2 1 1 2 1]]
 
Evoluido 16:
[[5 4 0 8 6]
 [1 1 1 1 1]]
 
Evoluido 17:
[[0 2 4 0 8]
 [0 1 2 1 1]]
 
Evoluido 18:
[[7 6 3 1 9]
 [1 1 1 1 1]]
 
Evoluido 19:
[[0 8 6 4 4]
 [0 1 1 2 0]]
 
Evoluido 20:
[[9 1 4 0 5]
 [2 1 0 1 1]]
 
Evoluido 21:
[[5 0 7 2 3]
 [1 1 1 0 1]]
 
Evoluido 22:
[[0 7 8 3 9]
 [1 1 1 1 1]]
 
Evoluido 23:
[[1 3 6 2 2]
 [1 0 1 1 1]]
 
Evoluido 24:
[[7 2 5 1 2]
 [1 2 1 1 1]]
 
Evoluido 25:
[[0 6 0 7 9]
 [1 1 2 2 1]]
 
Evoluido 26:
[[0 4 3 5 8]
 [1 1 2 2 1]]
 
Evoluido 27:
[[0 5 5 6 9]
 [2 1 2 1 1]]
 
Evoluido 28:
[[0 1 2 3 9]
 [1 1 2 0 1]]
 
Evoluido 29:
[[7 0 0 8 9]
 [0 1 2 1 1]]
 
Evoluido 30:
[[2 6 6 0 4]
 [1 2 1 1 1]]
 
Evoluido 31:
[[2 5 5 5 6]
 [0 0 1 2 1]]
 
Evoluido 32:
[[7 3 0 6 4]
 [1 0 2 1 1]]
 
Evoluido 33:
[[7 0 3 1 2]
 [2 1 1 1 1]]
 
Evoluido 34:
[[3 3 1 7 8]
 [1 1 1 1 1]]
 
Evoluido 35:
[[8 3 1 0 9]
 [2 1 1 1 1]]
 
Evoluido 36:
[[0 5 9 0 8]
 [2 1 1 1 1]]
 
Evoluido 37:
[[4 1 9 2 9]
 [0 1 1 0 2]]
 
Evoluido 38:
[[5 1 0 3 5]
 [1 0 1 1 1]]
 
Evoluido 39:
[[4 3 0 5 5]
 [1 1 1 1 1]]
 
Evoluido 40:
[[9 1 9 0 5]
 [3 1 0 1 1]]
 
Evoluido 41:
[[3 2 6 7 8]
 [0 1 1 1 1]]
 
Evoluido 42:
[[7 6 0 1 7]
 [2 1 1 2 0]]
 
Evoluido 43:
[[0 5 9 1 4]
 [1 1 0 2 2]]
 
Evoluido 44:
[[1 9 5 7 3]
 [1 1 2 2 1]]
 
Evoluido 45:
[[3 3 1 8 0]
 [1 1 0 1 1]]
 
Evoluido 46:
[[1 9 6 5 9]
 [1 1 1 1 2]]
 
Evoluido 47:
[[5 4 5 2 5]
 [1 1 1 1 1]]
 
Evoluido 48:
[[5 6 1 0 8]
 [2 1 1 2 1]]
 
Evoluido 49:
[[6 6 7 0 8]
 [2 1 0 2 1]]
 
Evoluido 50:
[[7 0 3 1 7]
 [1 1 1 0 0]]
 
-----------------------------------------
Individuo 1:
{
  "solucao": [1 7 7 5 3]
                [2 2 1 1 1],
  "funcao_objetivo": 0.99115455061397402988831563401674430639208379350076,
  "confiabilidade_total": 0.99115455061397402988831563401674430639208379350076
  "peso": 115.53,
  "custo": 96.31
}
 
Individuo 2:
{
  "solucao": [5 5 6 1 2]
                [2 2 1 1 1],
  "funcao_objetivo": 0.99039666041870072183297696819133324518562848327012,
  "confiabilidade_total": 0.99039666041870072183297696819133324518562848327012
  "peso": 119.77,
  "custo": 77.85
}
 
Individuo 3:
{
  "solucao": [8 8 4 1 5]
                [2 1 1 2 1],
  "funcao_objetivo": 0.98749411730510410378300947156748933753586543593715,
  "confiabilidade_total": 0.98749411730510410378300947156748933753586543593715
  "peso": 118.42000000000002,
  "custo": 93.9
}
 
Individuo 4:
{
  "solucao": [5 7 8 1 6]
                [2 1 1 2 1],
  "funcao_objetivo": 0.98699425117558525826271778504734524198271388266954,
  "confiabilidade_total": 0.98699425117558525826271778504734524198271388266954
  "peso": 114.41,
  "custo": 90.68
}
 
Individuo 5:
{
  "solucao": [7 0 2 2 7]
                [2 1 1 1 1],
  "funcao_objetivo": 0.97834362665115733687069306484730617898608782931431,
  "confiabilidade_total": 0.97834362665115733687069306484730617898608782931431
  "peso": 108.18,
  "custo": 79.61
}
 
Individuo 6:
{
  "solucao": [7 8 6 0 3]
                [3 1 1 1 1],
  "funcao_objetivo": 0.97551770151512111119691215230897363751711614978560,
  "confiabilidade_total": 0.97551770151512111119691215230897363751711614978560
  "peso": 119.47,
  "custo": 98.33
}
 
Individuo 7:
{
  "solucao": [9 0 4 0 5]
                [2 1 1 1 1],
  "funcao_objetivo": 0.97953841156704518662446651364468621101886351217691,
  "confiabilidade_total": 0.97953841156704518662446651364468621101886351217691
  "peso": 115.84,
  "custo": 92.14999999999999
}
 
Individuo 8:
{
  "solucao": [5 5 5 2 9]
                [2 1 2 1 1],
  "funcao_objetivo": 0.97450790320272657676532367330640803901651179150147,
  "confiabilidade_total": 0.97450790320272657676532367330640803901651179150147
  "peso": 114.79,
  "custo": 78.83
}
 
Individuo 9:
{
  "solucao": [1 0 2 5 5]
                [1 1 1 3 1],
  "funcao_objetivo": 0.97949152614858812118833449907885660136820480485210,
  "confiabilidade_total": 0.97965819281525487312193646057835474662646266889522
  "peso": 120.02000000000001,
  "custo": 81.59
}
 
Individuo 10:
{
  "solucao": [0 0 6 6 8]
                [1 1 2 1 1],
  "funcao_objetivo": 0.97499758683930854572308382087478275780786802887748,
  "confiabilidade_total": 0.97499758683930854572308382087478275780786802887748
  "peso": 115.17999999999999,
  "custo": 82.67999999999999
}
 
Individuo 11:
{
  "solucao": [1 0 6 0 6]
                [2 1 1 1 1],
  "funcao_objetivo": 0.98229810349548455500275126970242017681634425093832,
  "confiabilidade_total": 0.98229810349548455500275126970242017681634425093832
  "peso": 116.77999999999999,
  "custo": 86.46000000000001
}
 
Individuo 12:
{
  "solucao": [1 0 7 5 7]
                [1 1 2 1 1],
  "funcao_objetivo": 0.97402301027900154680980834402247360196887614829045,
  "confiabilidade_total": 0.97402301027900154680980834402247360196887614829045
  "peso": 95.55000000000001,
  "custo": 85.69
}
 
Individuo 13:
{
  "solucao": [1 0 8 5 8]
                [1 1 1 2 2],
  "funcao_objetivo": 0.97351863705585748894375042654615005828836145375255,
  "confiabilidade_total": 0.97351863705585748894375042654615005828836145375255
  "peso": 111.57,
  "custo": 91.53
}
 
Individuo 14:
{
  "solucao": [8 1 4 7 8]
                [2 1 1 1 2],
  "funcao_objetivo": 0.97242213985444363267748089210175018892701624099072,
  "confiabilidade_total": 0.97242213985444363267748089210175018892701624099072
  "peso": 114.32000000000001,
  "custo": 97.03
}
 
Individuo 15:
{
  "solucao": [9 7 3 5 5]
                [2 1 1 2 1],
  "funcao_objetivo": 0.98527491193224295692191946613585381334385861023757,
  "confiabilidade_total": 0.98527491193224295692191946613585381334385861023757
  "peso": 117.31000000000002,
  "custo": 93.33000000000001
}
 
Individuo 16:
{
  "solucao": [0 5 0 8 9]
                [0 1 2 2 1],
  "funcao_objetivo": 0.97785067800635182142227339849151986730729441483772,
  "confiabilidade_total": 0.97785067800635182142227339849151986730729441483772
  "peso": 102.83999999999999,
  "custo": 87.02000000000001
}
 
Individuo 17:
{
  "solucao": [0 5 8 0 7]
                [2 1 1 1 1],
  "funcao_objetivo": 0.97456900327960685007899115946400977575390467818610,
  "confiabilidade_total": 0.97456900327960685007899115946400977575390467818610
  "peso": 104.27,
  "custo": 86.83000000000001
}
 
Individuo 18:
{
  "solucao": [2 6 7 1 9]
                [1 1 2 1 1],
  "funcao_objetivo": 0.97085887867373137127026104684503791459130179679800,
  "confiabilidade_total": 0.97085887867373137127026104684503791459130179679800
  "peso": 107.56,
  "custo": 84.07999999999998
}
 
Individuo 19:
{
  "solucao": [3 5 0 5 9]
                [1 1 2 2 0],
  "funcao_objetivo": 0.98793018283579890431923805742926945406015887245622,
  "confiabilidade_total": 0.98793018283579890431923805742926945406015887245622
  "peso": 106.88,
  "custo": 75.13
}
 
Individuo 20:
{
  "solucao": [8 2 4 0 9]
                [2 1 1 1 1],
  "funcao_objetivo": 0.97615037684213333792732752647051632450925778687678,
  "confiabilidade_total": 0.97615037684213333792732752647051632450925778687678
  "peso": 114.32,
  "custo": 84.13
}
 
Individuo 21:
{
  "solucao": [5 7 4 2 0]
                [2 1 1 1 1],
  "funcao_objetivo": 0.96916750693561613134316832573691067320815673930756,
  "confiabilidade_total": 0.96916750693561613134316832573691067320815673930756
  "peso": 110.36,
  "custo": 75.1
}
 
Individuo 22:
{
  "solucao": [7 7 5 0 3]
                [3 1 1 1 1],
  "funcao_objetivo": 0.97627068447968474002759825252386509790451998517156,
  "confiabilidade_total": 0.97627068447968474002759825252386509790451998517156
  "peso": 113.75,
  "custo": 97.76
}
 
Individuo 23:
{
  "solucao": [1 6 6 3 5]
                [1 1 2 1 1],
  "funcao_objetivo": 0.96693212256856876436315585756298078394808670730830,
  "confiabilidade_total": 0.96693212256856876436315585756298078394808670730830
  "peso": 115.04,
  "custo": 74.15
}
 
Individuo 24:
{
  "solucao": [7 7 1 1 9]
                [1 1 1 2 1],
  "funcao_objetivo": 0.97142603103299089616968182840096500500524794620360,
  "confiabilidade_total": 0.97142603103299089616968182840096500500524794620360
  "peso": 101.01,
  "custo": 91.72
}
 
Individuo 25:
{
  "solucao": [0 6 7 0 7]
                [1 2 1 1 1],
  "funcao_objetivo": 0.97572543148174572948699275260504992645854072280470,
  "confiabilidade_total": 0.97572543148174572948699275260504992645854072280470
  "peso": 108.88000000000001,
  "custo": 86.64
}
 
Individuo 26:
{
  "solucao": [0 0 9 3 9]
                [1 1 2 1 1],
  "funcao_objetivo": 0.97617375757058663939039301401278746727781788513144,
  "confiabilidade_total": 0.97617375757058663939039301401278746727781788513144
  "peso": 117.91999999999999,
  "custo": 97.57
}
 
Individuo 27:
{
  "solucao": [0 7 8 8 8]
                [2 1 1 1 1],
  "funcao_objetivo": 0.96258997221991827496399817008231384740607142322952,
  "confiabilidade_total": 0.96258997221991827496399817008231384740607142322952
  "peso": 98.42999999999999,
  "custo": 87.11
}
 
Individuo 28:
{
  "solucao": [0 7 8 6 7]
                [2 1 1 1 1],
  "funcao_objetivo": 0.96402703333624188885482339060738418968771728434016,
  "confiabilidade_total": 0.96402703333624188885482339060738418968771728434016
  "peso": 103.44,
  "custo": 87.62
}
 
Individuo 29:
{
  "solucao": [9 0 6 0 7]
                [2 1 1 1 1],
  "funcao_objetivo": 0.97886458729112860683571672155431421731782949687973,
  "confiabilidade_total": 0.97886458729112860683571672155431421731782949687973
  "peso": 111.53,
  "custo": 95.01
}
 
Individuo 30:
{
  "solucao": [9 6 6 0 5]
                [2 1 1 1 1],
  "funcao_objetivo": 0.97078959376476752278175870484400447620425627995437,
  "confiabilidade_total": 0.97078959376476752278175870484400447620425627995437
  "peso": 111.86,
  "custo": 86.74
}
 
Individuo 31:
{
  "solucao": [0 4 5 3 8]
                [1 1 2 1 1],
  "funcao_objetivo": 0.96965405061402904322991472843332943919098884435082,
  "confiabilidade_total": 0.96965405061402904322991472843332943919098884435082
  "peso": 110.21,
  "custo": 76.1
}
 
Individuo 32:
{
  "solucao": [0 8 5 4 5]
                [1 1 1 2 1],
  "funcao_objetivo": 0.97226485381058559932808561571006010001252028991557,
  "confiabilidade_total": 0.97226485381058559932808561571006010001252028991557
  "peso": 111.81,
  "custo": 78.16
}
 
Individuo 33:
{
  "solucao": [7 0 3 1 2]
                [2 1 1 1 1],
  "funcao_objetivo": 0.97918420181523714089448683439776549432533904724770,
  "confiabilidade_total": 0.97918420181523714089448683439776549432533904724770
  "peso": 111.55,
  "custo": 82.00999999999999
}
 
Individuo 34:
{
  "solucao": [8 2 2 0 9]
                [2 1 1 1 1],
  "funcao_objetivo": 0.97725013619743545450415342275843666610101121517867,
  "confiabilidade_total": 0.97725013619743545450415342275843666610101121517867
  "peso": 113.3,
  "custo": 79.58
}
 
Individuo 35:
{
  "solucao": [8 3 1 0 9]
                [2 1 1 1 1],
  "funcao_objetivo": 0.97557551365437586861629689500712339192610844106508,
  "confiabilidade_total": 0.97557551365437586861629689500712339192610844106508
  "peso": 108.08999999999999,
  "custo": 87.32999999999998
}
 
Individuo 36:
{
  "solucao": [0 5 9 0 8]
                [2 1 1 1 1],
  "funcao_objetivo": 0.97403011211765227874262732037413034133060549275607,
  "confiabilidade_total": 0.97403011211765227874262732037413034133060549275607
  "peso": 108.52999999999999,
  "custo": 89.78
}
 
Individuo 37:
{
  "solucao": [4 6 1 8 9]
                [1 1 2 1 1],
  "funcao_objetivo": 0.96251924633778887450204342670671783364901158464558,
  "confiabilidade_total": 0.96251924633778887450204342670671783364901158464558
  "peso": 112.96,
  "custo": 87.04999999999998
}
 
Individuo 38:
{
  "solucao": [4 1 6 0 8]
                [2 1 1 1 1],
  "funcao_objetivo": 0.97419926255366782420399196182737445223847825239351,
  "confiabilidade_total": 0.97811592922033436308861442340779480173023838709047
  "peso": 120.46999999999998,
  "custo": 84.66
}
 
Individuo 39:
{
  "solucao": [5 3 0 5 8]
                [1 1 2 1 1],
  "funcao_objetivo": 0.96736234986535842249659473155432311924944969496467,
  "confiabilidade_total": 0.96736234986535842249659473155432311924944969496467
  "peso": 106.72999999999999,
  "custo": 78.16999999999999
}
 
Individuo 40:
{
  "solucao": [6 1 6 1 6]
                [2 1 1 1 1],
  "funcao_objetivo": 0.97515477897874170391699241142223585321405944602872,
  "confiabilidade_total": 0.97515477897874170391699241142223585321405944602872
  "peso": 116.27999999999999,
  "custo": 78.97999999999999
}
 
Individuo 41:
{
  "solucao": [3 2 1 7 2]
                [1 1 1 1 1],
  "funcao_objetivo": 0.95282999445889353648775965561343828489306242682020,
  "confiabilidade_total": 0.95282999445889353648775965561343828489306242682020
  "peso": 99.86,
  "custo": 60.550000000000004
}
 
Individuo 42:
{
  "solucao": [7 0 1 0 9]
                [2 1 1 1 1],
  "funcao_objetivo": 0.98155668938230210644318921767971901875807781965849,
  "confiabilidade_total": 0.98155668938230210644318921767971901875807781965849
  "peso": 105.35,
  "custo": 94.44
}
 
Individuo 43:
{
  "solucao": [6 5 9 0 5]
                [2 1 1 1 1],
  "funcao_objetivo": 0.97097721522775177785368023442865278816561058239890,
  "confiabilidade_total": 0.97097721522775177785368023442865278816561058239890
  "peso": 108.17999999999999,
  "custo": 79.25999999999999
}
 
Individuo 44:
{
  "solucao": [1 9 5 7 3]
                [1 1 2 2 1],
  "funcao_objetivo": 0.98956566796698416041775585537721894919028400545735,
  "confiabilidade_total": 0.98956566796698416041775585537721894919028400545735
  "peso": 116.41999999999999,
  "custo": 94.82000000000001
}
 
Individuo 45:
{
  "solucao": [6 3 0 8 9]
                [1 1 2 1 1],
  "funcao_objetivo": 0.96570799657918943433358648597430541516399988184472,
  "confiabilidade_total": 0.96570799657918943433358648597430541516399988184472
  "peso": 115.7,
  "custo": 87.71000000000001
}
 
Individuo 46:
{
  "solucao": [2 9 5 5 4]
                [1 1 1 2 1],
  "funcao_objetivo": 0.96673656112846927421654448162121936153862658439065,
  "confiabilidade_total": 0.96673656112846927421654448162121936153862658439065
  "peso": 109.08000000000001,
  "custo": 72.25
}
 
Individuo 47:
{
  "solucao": [5 3 4 0 8]
                [2 1 1 1 1],
  "funcao_objetivo": 0.97460910570094202934551911064202849660379522462126,
  "confiabilidade_total": 0.97460910570094202934551911064202849660379522462126
  "peso": 110.21,
  "custo": 76.1
}
 
Individuo 48:
{
  "solucao": [7 3 1 0 8]
                [2 1 1 1 1],
  "funcao_objetivo": 0.97604323878102413430350410622467656550642838776023,
  "confiabilidade_total": 0.97604323878102413430350410622467656550642838776023
  "peso": 103.4,
  "custo": 85.86999999999999
}
 
Individuo 49:
{
  "solucao": [6 1 3 3 8]
                [1 1 1 1 1],
  "funcao_objetivo": 0.94883932680478734753631455738242960096365931447121,
  "confiabilidade_total": 0.94883932680478734753631455738242960096365931447121
  "peso": 97.0,
  "custo": 64.42999999999999
}
 
Individuo 50:
{
  "solucao": [6 0 5 0 5]
                [2 1 1 1 0],
  "funcao_objetivo": 0.96475157311449342823935643387959974433617653586121,
  "confiabilidade_total": 0.96475157311449342823935643387959974433617653586121
  "peso": 95.31,
  "custo": 67.27
}
 
-----------------------------------------
GERACAO 8
Mutante 1:
[[6.  1.  6.  3.  2. ]
 [2.  1.  1.5 1.  1. ]]
 
Mutante 2:
[[9.5 9.  7.5 0.  4.5]
 [3.  1.  1.  1.5 1. ]]
 
Mutante 3:
[[9.  7.5 5.  0.  5. ]
 [2.5 1.  0.5 1.  1. ]]
 
Mutante 4:
[[5.  4.5 8.  1.5 7. ]
 [2.5 1.  1.  1.5 1.5]]
 
Mutante 5:
[[0.  1.5 2.  7.5 7. ]
 [0.5 1.  2.  1.5 0.5]]
 
Mutante 6:
[[1.  8.  7.5 2.5 5. ]
 [1.5 1.  1.  1.5 1.5]]
 
Mutante 7:
[[7.  2.5 0.  4.  9. ]
 [1.5 1.  1.5 1.  1. ]]
 
Mutante 8:
[[8.5 8.5 3.  4.  6.5]
 [1.  1.  1.5 1.5 1. ]]
 
Mutante 9:
[[0.5 2.5 1.5 8.  4.5]
 [0.5 1.  1.  1.5 1. ]]
 
Mutante 10:
[[9.  7.5 8.5 0.  3. ]
 [2.5 1.  0.5 1.  1. ]]
 
Mutante 11:
[[3.5 5.5 7.  1.  9.5]
 [1.  1.  2.  1.  1. ]]
 
Mutante 12:
[[2.  3.  4.  1.5 7. ]
 [1.5 1.  1.  2.  1. ]]
 
Mutante 13:
[[0.  1.5 0.5 9.  9. ]
 [1.  1.  2.5 2.  1. ]]
 
Mutante 14:
[[5.5 3.5 2.5 0.  9. ]
 [2.  1.  1.  1.  1. ]]
 
Mutante 15:
[[0.5 1.  9.  3.5 6.5]
 [1.5 1.  1.5 1.  1. ]]
 
Mutante 16:
[[7.  9.  9.  0.  2. ]
 [3.  1.  0.5 1.5 1. ]]
 
Mutante 17:
[[7.5 4.  1.  0.  9. ]
 [2.  1.  1.  1.  1. ]]
 
Mutante 18:
[[6.5 2.5 1.5 0.  9. ]
 [2.5 1.  1.  0.5 0.5]]
 
Mutante 19:
[[1.5 3.  1.5 8.  9. ]
 [0.5 1.  2.  1.  1. ]]
 
Mutante 20:
[[4.5 6.  8.  2.  5. ]
 [2.  1.  1.  2.  1. ]]
 
Mutante 21:
[[3.  7.5 0.  8.  9. ]
 [1.  1.  2.  1.  1. ]]
 
Mutante 22:
[[3.5 1.5 9.5 0.  8. ]
 [2.  1.  1.  0.5 1.5]]
 
Mutante 23:
[[3.5 7.5 3.5 0.  7.5]
 [1.5 2.  1.  0.5 0.5]]
 
Mutante 24:
[[0.  8.  7.  1.5 3. ]
 [2.  2.  1.  1.  0.5]]
 
Mutante 25:
[[0.  5.  9.  0.  9. ]
 [2.  1.  1.  1.5 1. ]]
 
Mutante 26:
[[4.  2.5 4.  1.5 6. ]
 [1.5 1.  1.5 1.5 1. ]]
 
Mutante 27:
[[0.  6.  7.5 3.  7. ]
 [0.5 1.5 2.  1.  1. ]]
 
Mutante 28:
[[0.5 3.  2.5 1.5 2.5]
 [1.5 1.  1.  3.  0.5]]
 
Mutante 29:
[[7.  0.  1.5 2.  8.5]
 [2.  1.  1.5 0.5 1. ]]
 
Mutante 30:
[[7.  9.  4.5 1.5 4. ]
 [2.  1.  1.  2.  1. ]]
 
Mutante 31:
[[4.  6.5 1.5 9.  8. ]
 [1.5 1.5 1.5 1.  1. ]]
 
Mutante 32:
[[0.  8.  8.5 9.  9.5]
 [1.5 1.  1.5 1.5 1. ]]
 
Mutante 33:
[[2.5 5.  2.5 4.  4. ]
 [1.  1.  2.  1.  1. ]]
 
Mutante 34:
[[4.  7.  5.  8.  8.5]
 [2.  1.  1.5 0.5 1. ]]
 
Mutante 35:
[[5.5 0.  3.  0.  8. ]
 [2.  1.  1.  0.5 1. ]]
 
Mutante 36:
[[4. 6. 0. 8. 8.]
 [1. 1. 2. 1. 1.]]
 
Mutante 37:
[[8.  0.  0.  2.5 8. ]
 [0.5 1.  2.  1.  1. ]]
 
Mutante 38:
[[0. 5. 7. 0. 7.]
 [1. 2. 1. 1. 1.]]
 
Mutante 39:
[[4.5 3.  6.5 0.  8. ]
 [2.  1.  0.5 1.5 1. ]]
 
Mutante 40:
[[2.  9.5 7.  3.5 4. ]
 [1.5 1.  0.5 2.  1. ]]
 
Mutante 41:
[[7.5 4.5 0.  1.  9. ]
 [1.  1.  1.  2.  1. ]]
 
Mutante 42:
[[1.  3.  7.  0.  8.5]
 [2.  1.  1.  1.  1. ]]
 
Mutante 43:
[[9.  5.5 0.  1.  9. ]
 [1.  1.  1.  2.  1. ]]
 
Mutante 44:
[[0.5 4.5 7.  3.5 1.5]
 [1.  1.  2.  1.  1. ]]
 
Mutante 45:
[[0.  5.  3.  6.5 6.5]
 [0.5 1.  2.  1.  1.5]]
 
Mutante 46:
[[9.5 4.  0.5 0.  9. ]
 [1.5 1.  0.5 2.  0.5]]
 
Mutante 47:
[[6.  7.  6.  0.  4.5]
 [2.  1.  1.  2.  1. ]]
 
Mutante 48:
[[1.5 0.  9.  5.5 7. ]
 [1.5 1.5 1.  1.5 2. ]]
 
Mutante 49:
[[5.  7.  0.5 9.  7.5]
 [1.  1.  2.  1.  1. ]]
 
Mutante 50:
[[2.5 9.  4.  7.5 1.5]
 [1.  1.5 1.  2.  1. ]]
 
-----------------------------------------
Número de avaliações até o momento: 400
Evoluido 1:
[[6 1 6 3 2]
 [2 1 1 1 1]]
 
Evoluido 2:
[[9 9 7 0 4]
 [2 1 1 1 1]]
 
Evoluido 3:
[[9 7 5 0 5]
 [2 1 0 1 1]]
 
Evoluido 4:
[[5 4 8 1 7]
 [2 1 1 1 1]]
 
Evoluido 5:
[[7 1 2 7 7]
 [2 1 2 1 0]]
 
Evoluido 6:
[[1 8 6 2 5]
 [1 1 1 1 1]]
 
Evoluido 7:
[[9 2 0 4 9]
 [2 1 1 1 1]]
 
Evoluido 8:
[[8 5 3 2 6]
 [1 1 1 1 1]]
 
Evoluido 9:
[[1 2 1 8 5]
 [0 1 1 1 1]]
 
Evoluido 10:
[[9 7 6 0 3]
 [1 1 0 1 1]]
 
Evoluido 11:
[[3 5 7 1 9]
 [1 1 2 1 1]]
 
Evoluido 12:
[[2 3 4 1 7]
 [1 1 1 2 1]]
 
Evoluido 13:
[[0 1 0 9 8]
 [1 1 2 2 1]]
 
Evoluido 14:
[[5 1 2 7 9]
 [2 1 1 1 1]]
 
Evoluido 15:
[[0 1 9 3 6]
 [2 1 1 1 1]]
 
Evoluido 16:
[[7 9 9 0 2]
 [3 1 2 1 1]]
 
Evoluido 17:
[[0 4 1 0 9]
 [2 1 1 1 1]]
 
Evoluido 18:
[[6 6 1 1 9]
 [2 1 1 0 0]]
 
Evoluido 19:
[[1 5 1 5 9]
 [0 1 2 1 1]]
 
Evoluido 20:
[[8 6 4 2 5]
 [2 1 1 2 1]]
 
Evoluido 21:
[[3 7 0 8 9]
 [1 1 2 1 1]]
 
Evoluido 22:
[[3 1 9 0 8]
 [2 1 1 0 1]]
 
Evoluido 23:
[[3 7 3 0 7]
 [1 2 1 0 0]]
 
Evoluido 24:
[[0 8 7 1 9]
 [2 1 1 1 0]]
 
Evoluido 25:
[[0 5 7 0 9]
 [2 1 1 1 1]]
 
Evoluido 26:
[[4 2 4 1 9]
 [1 1 1 1 1]]
 
Evoluido 27:
[[0 6 8 3 8]
 [0 1 1 1 1]]
 
Evoluido 28:
[[0 3 2 1 2]
 [1 1 1 3 0]]
 
Evoluido 29:
[[7 0 1 2 8]
 [2 1 1 0 1]]
 
Evoluido 30:
[[7 9 4 1 4]
 [2 1 1 2 1]]
 
Evoluido 31:
[[4 6 1 9 8]
 [1 1 1 1 1]]
 
Evoluido 32:
[[0 8 8 9 9]
 [1 1 1 1 1]]
 
Evoluido 33:
[[2 0 2 1 4]
 [1 1 2 1 1]]
 
Evoluido 34:
[[4 7 5 0 8]
 [2 1 1 0 1]]
 
Evoluido 35:
[[8 3 3 0 8]
 [2 1 1 0 1]]
 
Evoluido 36:
[[4 6 0 8 8]
 [1 1 2 1 1]]
 
Evoluido 37:
[[8 0 0 2 8]
 [0 1 2 1 1]]
 
Evoluido 38:
[[0 5 7 0 7]
 [1 2 1 1 1]]
 
Evoluido 39:
[[5 3 6 0 8]
 [2 1 2 1 1]]
 
Evoluido 40:
[[2 9 7 3 4]
 [1 1 0 2 1]]
 
Evoluido 41:
[[7 4 0 1 9]
 [1 1 1 1 1]]
 
Evoluido 42:
[[1 0 7 0 8]
 [2 1 1 1 1]]
 
Evoluido 43:
[[9 5 0 1 9]
 [1 1 1 2 1]]
 
Evoluido 44:
[[0 4 7 3 1]
 [1 1 2 2 1]]
 
Evoluido 45:
[[0 5 3 8 6]
 [1 1 2 1 1]]
 
Evoluido 46:
[[9 4 0 0 9]
 [1 1 0 2 1]]
 
Evoluido 47:
[[5 7 4 0 8]
 [2 1 1 1 1]]
 
Evoluido 48:
[[1 3 1 5 7]
 [1 1 1 1 2]]
 
Evoluido 49:
[[5 7 0 9 7]
 [1 1 2 1 1]]
 
Evoluido 50:
[[2 9 5 7 1]
 [1 1 1 2 1]]
 
-----------------------------------------
Individuo 1:
{
  "solucao": [1 7 7 5 3]
                [2 2 1 1 1],
  "funcao_objetivo": 0.99115455061397402988831563401674430639208379350076,
  "confiabilidade_total": 0.99115455061397402988831563401674430639208379350076
  "peso": 115.53,
  "custo": 96.31
}
 
Individuo 2:
{
  "solucao": [5 5 6 1 2]
                [2 2 1 1 1],
  "funcao_objetivo": 0.99039666041870072183297696819133324518562848327012,
  "confiabilidade_total": 0.99039666041870072183297696819133324518562848327012
  "peso": 119.77,
  "custo": 77.85
}
 
Individuo 3:
{
  "solucao": [8 8 4 1 5]
                [2 1 1 2 1],
  "funcao_objetivo": 0.98749411730510410378300947156748933753586543593715,
  "confiabilidade_total": 0.98749411730510410378300947156748933753586543593715
  "peso": 118.42000000000002,
  "custo": 93.9
}
 
Individuo 4:
{
  "solucao": [5 7 8 1 6]
                [2 1 1 2 1],
  "funcao_objetivo": 0.98699425117558525826271778504734524198271388266954,
  "confiabilidade_total": 0.98699425117558525826271778504734524198271388266954
  "peso": 114.41,
  "custo": 90.68
}
 
Individuo 5:
{
  "solucao": [7 0 2 2 7]
                [2 1 1 1 1],
  "funcao_objetivo": 0.97834362665115733687069306484730617898608782931431,
  "confiabilidade_total": 0.97834362665115733687069306484730617898608782931431
  "peso": 108.18,
  "custo": 79.61
}
 
Individuo 6:
{
  "solucao": [7 8 6 0 3]
                [3 1 1 1 1],
  "funcao_objetivo": 0.97551770151512111119691215230897363751711614978560,
  "confiabilidade_total": 0.97551770151512111119691215230897363751711614978560
  "peso": 119.47,
  "custo": 98.33
}
 
Individuo 7:
{
  "solucao": [9 0 4 0 5]
                [2 1 1 1 1],
  "funcao_objetivo": 0.97953841156704518662446651364468621101886351217691,
  "confiabilidade_total": 0.97953841156704518662446651364468621101886351217691
  "peso": 115.84,
  "custo": 92.14999999999999
}
 
Individuo 8:
{
  "solucao": [5 5 5 2 9]
                [2 1 2 1 1],
  "funcao_objetivo": 0.97450790320272657676532367330640803901651179150147,
  "confiabilidade_total": 0.97450790320272657676532367330640803901651179150147
  "peso": 114.79,
  "custo": 78.83
}
 
Individuo 9:
{
  "solucao": [1 0 2 5 5]
                [1 1 1 3 1],
  "funcao_objetivo": 0.97949152614858812118833449907885660136820480485210,
  "confiabilidade_total": 0.97965819281525487312193646057835474662646266889522
  "peso": 120.02000000000001,
  "custo": 81.59
}
 
Individuo 10:
{
  "solucao": [0 0 6 6 8]
                [1 1 2 1 1],
  "funcao_objetivo": 0.97499758683930854572308382087478275780786802887748,
  "confiabilidade_total": 0.97499758683930854572308382087478275780786802887748
  "peso": 115.17999999999999,
  "custo": 82.67999999999999
}
 
Individuo 11:
{
  "solucao": [1 0 6 0 6]
                [2 1 1 1 1],
  "funcao_objetivo": 0.98229810349548455500275126970242017681634425093832,
  "confiabilidade_total": 0.98229810349548455500275126970242017681634425093832
  "peso": 116.77999999999999,
  "custo": 86.46000000000001
}
 
Individuo 12:
{
  "solucao": [1 0 7 5 7]
                [1 1 2 1 1],
  "funcao_objetivo": 0.97402301027900154680980834402247360196887614829045,
  "confiabilidade_total": 0.97402301027900154680980834402247360196887614829045
  "peso": 95.55000000000001,
  "custo": 85.69
}
 
Individuo 13:
{
  "solucao": [1 0 8 5 8]
                [1 1 1 2 2],
  "funcao_objetivo": 0.97351863705585748894375042654615005828836145375255,
  "confiabilidade_total": 0.97351863705585748894375042654615005828836145375255
  "peso": 111.57,
  "custo": 91.53
}
 
Individuo 14:
{
  "solucao": [8 1 4 7 8]
                [2 1 1 1 2],
  "funcao_objetivo": 0.97242213985444363267748089210175018892701624099072,
  "confiabilidade_total": 0.97242213985444363267748089210175018892701624099072
  "peso": 114.32000000000001,
  "custo": 97.03
}
 
Individuo 15:
{
  "solucao": [9 7 3 5 5]
                [2 1 1 2 1],
  "funcao_objetivo": 0.98527491193224295692191946613585381334385861023757,
  "confiabilidade_total": 0.98527491193224295692191946613585381334385861023757
  "peso": 117.31000000000002,
  "custo": 93.33000000000001
}
 
Individuo 16:
{
  "solucao": [0 5 0 8 9]
                [0 1 2 2 1],
  "funcao_objetivo": 0.97785067800635182142227339849151986730729441483772,
  "confiabilidade_total": 0.97785067800635182142227339849151986730729441483772
  "peso": 102.83999999999999,
  "custo": 87.02000000000001
}
 
Individuo 17:
{
  "solucao": [0 5 8 0 7]
                [2 1 1 1 1],
  "funcao_objetivo": 0.97456900327960685007899115946400977575390467818610,
  "confiabilidade_total": 0.97456900327960685007899115946400977575390467818610
  "peso": 104.27,
  "custo": 86.83000000000001
}
 
Individuo 18:
{
  "solucao": [2 6 7 1 9]
                [1 1 2 1 1],
  "funcao_objetivo": 0.97085887867373137127026104684503791459130179679800,
  "confiabilidade_total": 0.97085887867373137127026104684503791459130179679800
  "peso": 107.56,
  "custo": 84.07999999999998
}
 
Individuo 19:
{
  "solucao": [3 5 0 5 9]
                [1 1 2 2 0],
  "funcao_objetivo": 0.98793018283579890431923805742926945406015887245622,
  "confiabilidade_total": 0.98793018283579890431923805742926945406015887245622
  "peso": 106.88,
  "custo": 75.13
}
 
Individuo 20:
{
  "solucao": [8 2 4 0 9]
                [2 1 1 1 1],
  "funcao_objetivo": 0.97615037684213333792732752647051632450925778687678,
  "confiabilidade_total": 0.97615037684213333792732752647051632450925778687678
  "peso": 114.32,
  "custo": 84.13
}
 
Individuo 21:
{
  "solucao": [5 7 4 2 0]
                [2 1 1 1 1],
  "funcao_objetivo": 0.96916750693561613134316832573691067320815673930756,
  "confiabilidade_total": 0.96916750693561613134316832573691067320815673930756
  "peso": 110.36,
  "custo": 75.1
}
 
Individuo 22:
{
  "solucao": [7 7 5 0 3]
                [3 1 1 1 1],
  "funcao_objetivo": 0.97627068447968474002759825252386509790451998517156,
  "confiabilidade_total": 0.97627068447968474002759825252386509790451998517156
  "peso": 113.75,
  "custo": 97.76
}
 
Individuo 23:
{
  "solucao": [1 6 6 3 5]
                [1 1 2 1 1],
  "funcao_objetivo": 0.96693212256856876436315585756298078394808670730830,
  "confiabilidade_total": 0.96693212256856876436315585756298078394808670730830
  "peso": 115.04,
  "custo": 74.15
}
 
Individuo 24:
{
  "solucao": [7 7 1 1 9]
                [1 1 1 2 1],
  "funcao_objetivo": 0.97142603103299089616968182840096500500524794620360,
  "confiabilidade_total": 0.97142603103299089616968182840096500500524794620360
  "peso": 101.01,
  "custo": 91.72
}
 
Individuo 25:
{
  "solucao": [0 6 7 0 7]
                [1 2 1 1 1],
  "funcao_objetivo": 0.97572543148174572948699275260504992645854072280470,
  "confiabilidade_total": 0.97572543148174572948699275260504992645854072280470
  "peso": 108.88000000000001,
  "custo": 86.64
}
 
Individuo 26:
{
  "solucao": [0 0 9 3 9]
                [1 1 2 1 1],
  "funcao_objetivo": 0.97617375757058663939039301401278746727781788513144,
  "confiabilidade_total": 0.97617375757058663939039301401278746727781788513144
  "peso": 117.91999999999999,
  "custo": 97.57
}
 
Individuo 27:
{
  "solucao": [0 7 8 8 8]
                [2 1 1 1 1],
  "funcao_objetivo": 0.96258997221991827496399817008231384740607142322952,
  "confiabilidade_total": 0.96258997221991827496399817008231384740607142322952
  "peso": 98.42999999999999,
  "custo": 87.11
}
 
Individuo 28:
{
  "solucao": [0 3 2 1 2]
                [1 1 1 3 0],
  "funcao_objetivo": 0.96588509519247119794462607379255601347180164949846,
  "confiabilidade_total": 0.96588509519247119794462607379255601347180164949846
  "peso": 119.45000000000002,
  "custo": 81.83
}
 
Individuo 29:
{
  "solucao": [9 0 6 0 7]
                [2 1 1 1 1],
  "funcao_objetivo": 0.97886458729112860683571672155431421731782949687973,
  "confiabilidade_total": 0.97886458729112860683571672155431421731782949687973
  "peso": 111.53,
  "custo": 95.01
}
 
Individuo 30:
{
  "solucao": [9 6 6 0 5]
                [2 1 1 1 1],
  "funcao_objetivo": 0.97078959376476752278175870484400447620425627995437,
  "confiabilidade_total": 0.97078959376476752278175870484400447620425627995437
  "peso": 111.86,
  "custo": 86.74
}
 
Individuo 31:
{
  "solucao": [0 4 5 3 8]
                [1 1 2 1 1],
  "funcao_objetivo": 0.96965405061402904322991472843332943919098884435082,
  "confiabilidade_total": 0.96965405061402904322991472843332943919098884435082
  "peso": 110.21,
  "custo": 76.1
}
 
Individuo 32:
{
  "solucao": [0 8 5 4 5]
                [1 1 1 2 1],
  "funcao_objetivo": 0.97226485381058559932808561571006010001252028991557,
  "confiabilidade_total": 0.97226485381058559932808561571006010001252028991557
  "peso": 111.81,
  "custo": 78.16
}
 
Individuo 33:
{
  "solucao": [7 0 3 1 2]
                [2 1 1 1 1],
  "funcao_objetivo": 0.97918420181523714089448683439776549432533904724770,
  "confiabilidade_total": 0.97918420181523714089448683439776549432533904724770
  "peso": 111.55,
  "custo": 82.00999999999999
}
 
Individuo 34:
{
  "solucao": [8 2 2 0 9]
                [2 1 1 1 1],
  "funcao_objetivo": 0.97725013619743545450415342275843666610101121517867,
  "confiabilidade_total": 0.97725013619743545450415342275843666610101121517867
  "peso": 113.3,
  "custo": 79.58
}
 
Individuo 35:
{
  "solucao": [8 3 1 0 9]
                [2 1 1 1 1],
  "funcao_objetivo": 0.97557551365437586861629689500712339192610844106508,
  "confiabilidade_total": 0.97557551365437586861629689500712339192610844106508
  "peso": 108.08999999999999,
  "custo": 87.32999999999998
}
 
Individuo 36:
{
  "solucao": [0 5 9 0 8]
                [2 1 1 1 1],
  "funcao_objetivo": 0.97403011211765227874262732037413034133060549275607,
  "confiabilidade_total": 0.97403011211765227874262732037413034133060549275607
  "peso": 108.52999999999999,
  "custo": 89.78
}
 
Individuo 37:
{
  "solucao": [4 6 1 8 9]
                [1 1 2 1 1],
  "funcao_objetivo": 0.96251924633778887450204342670671783364901158464558,
  "confiabilidade_total": 0.96251924633778887450204342670671783364901158464558
  "peso": 112.96,
  "custo": 87.04999999999998
}
 
Individuo 38:
{
  "solucao": [0 5 7 0 7]
                [1 2 1 1 1],
  "funcao_objetivo": 0.97573001310079216345053705475345896822974201127693,
  "confiabilidade_total": 0.97573001310079216345053705475345896822974201127693
  "peso": 98.30000000000001,
  "custo": 82.52000000000001
}
 
Individuo 39:
{
  "solucao": [5 3 0 5 8]
                [1 1 2 1 1],
  "funcao_objetivo": 0.96736234986535842249659473155432311924944969496467,
  "confiabilidade_total": 0.96736234986535842249659473155432311924944969496467
  "peso": 106.72999999999999,
  "custo": 78.16999999999999
}
 
Individuo 40:
{
  "solucao": [6 1 6 1 6]
                [2 1 1 1 1],
  "funcao_objetivo": 0.97515477897874170391699241142223585321405944602872,
  "confiabilidade_total": 0.97515477897874170391699241142223585321405944602872
  "peso": 116.27999999999999,
  "custo": 78.97999999999999
}
 
Individuo 41:
{
  "solucao": [7 4 0 1 9]
                [1 1 1 1 1],
  "funcao_objetivo": 0.95591742112112043036996524894147706201002427769284,
  "confiabilidade_total": 0.95591742112112043036996524894147706201002427769284
  "peso": 94.68,
  "custo": 77.53
}
 
Individuo 42:
{
  "solucao": [1 0 7 0 8]
                [2 1 1 1 1],
  "funcao_objetivo": 0.98209751574095402215164133854046424904579285503576,
  "confiabilidade_total": 0.98209751574095402215164133854046424904579285503576
  "peso": 105.47,
  "custo": 89.91
}
 
Individuo 43:
{
  "solucao": [9 5 0 1 9]
                [1 1 1 2 1],
  "funcao_objetivo": 0.97350478711170573772991638221623677716877859168910,
  "confiabilidade_total": 0.97350478711170573772991638221623677716877859168910
  "peso": 108.02,
  "custo": 91.5
}
 
Individuo 44:
{
  "solucao": [1 9 5 7 3]
                [1 1 2 2 1],
  "funcao_objetivo": 0.98956566796698416041775585537721894919028400545735,
  "confiabilidade_total": 0.98956566796698416041775585537721894919028400545735
  "peso": 116.41999999999999,
  "custo": 94.82000000000001
}
 
Individuo 45:
{
  "solucao": [6 3 0 8 9]
                [1 1 2 1 1],
  "funcao_objetivo": 0.96570799657918943433358648597430541516399988184472,
  "confiabilidade_total": 0.96570799657918943433358648597430541516399988184472
  "peso": 115.7,
  "custo": 87.71000000000001
}
 
Individuo 46:
{
  "solucao": [2 9 5 5 4]
                [1 1 1 2 1],
  "funcao_objetivo": 0.96673656112846927421654448162121936153862658439065,
  "confiabilidade_total": 0.96673656112846927421654448162121936153862658439065
  "peso": 109.08000000000001,
  "custo": 72.25
}
 
Individuo 47:
{
  "solucao": [5 3 4 0 8]
                [2 1 1 1 1],
  "funcao_objetivo": 0.97460910570094202934551911064202849660379522462126,
  "confiabilidade_total": 0.97460910570094202934551911064202849660379522462126
  "peso": 110.21,
  "custo": 76.1
}
 
Individuo 48:
{
  "solucao": [7 3 1 0 8]
                [2 1 1 1 1],
  "funcao_objetivo": 0.97604323878102413430350410622467656550642838776023,
  "confiabilidade_total": 0.97604323878102413430350410622467656550642838776023
  "peso": 103.4,
  "custo": 85.86999999999999
}
 
Individuo 49:
{
  "solucao": [5 7 0 9 7]
                [1 1 2 1 1],
  "funcao_objetivo": 0.96089879170656457365627106599192631140230191903624,
  "confiabilidade_total": 0.96089879170656457365627106599192631140230191903624
  "peso": 101.98,
  "custo": 90.0
}
 
Individuo 50:
{
  "solucao": [2 9 5 7 1]
                [1 1 1 2 1],
  "funcao_objetivo": 0.96747419041526002880236398592687881388239316533163,
  "confiabilidade_total": 0.96747419041526002880236398592687881388239316533163
  "peso": 102.27000000000001,
  "custo": 82.02000000000001
}
 
-----------------------------------------
GERACAO 9
Mutante 1:
[[3.5 7.5 9.  1.5 6.5]
 [2.  1.  1.  2.  1. ]]
 
Mutante 2:
[[3.  8.  0.5 9.  8.5]
 [0.5 1.  2.5 1.5 1. ]]
 
Mutante 3:
[[2.5 5.  3.5 3.5 5. ]
 [1.5 1.5 1.5 1.  1. ]]
 
Mutante 4:
[[3.5 6.  6.5 1.  4.5]
 [2.  1.  0.5 1.5 1. ]]
 
Mutante 5:
[[5.5 9.  1.5 2.  1.5]
 [1.5 1.  1.  1.5 1. ]]
 
Mutante 6:
[[4.  3.5 2.5 5.5 8. ]
 [1.5 1.  2.5 1.  1. ]]
 
Mutante 7:
[[9.  2.  1.  3.  9. ]
 [2.  1.  1.  1.  1.5]]
 
Mutante 8:
[[0.5 2.5 9.  0.  5.5]
 [2.  2.  0.5 0.5 1. ]]
 
Mutante 9:
[[0.  9.  6.  5.  4.5]
 [1.  1.  1.  2.  1. ]]
 
Mutante 10:
[[9.  5.  0.5 0.  7.5]
 [1.5 1.  1.  1.  1. ]]
 
Mutante 11:
[[8.  9.  4.5 2.  6.5]
 [2.5 1.  2.  1.  1. ]]
 
Mutante 12:
[[5.5 0.  6.5 3.5 7. ]
 [1.5 1.  0.5 2.  2. ]]
 
Mutante 13:
[[6.5 0.5 3.  0.  7.5]
 [2.  1.5 1.  0.5 1. ]]
 
Mutante 14:
[[0.  0.5 6.5 7.5 8. ]
 [0.5 1.  2.5 1.  1. ]]
 
Mutante 15:
[[1.5 0.  6.  0.  8. ]
 [2.  0.5 1.  1.  1. ]]
 
Mutante 16:
[[7.  0.  4.  1.5 5. ]
 [2.5 1.  1.  0.5 1. ]]
 
Mutante 17:
[[6.5 9.  4.  0.5 0. ]
 [3.  1.  1.  1.  1. ]]
 
Mutante 18:
[[5.  1.  6.  2.  7.5]
 [1.5 1.  1.5 1.  1. ]]
 
Mutante 19:
[[7.  8.  2.5 3.  7. ]
 [1.5 1.  1.  2.  1. ]]
 
Mutante 20:
[[9.  1.5 1.5 0.  9. ]
 [2.5 1.  0.5 1.  1. ]]
 
Mutante 21:
[[6.5 5.  0.  1.5 9. ]
 [1.  1.  1.  1.5 1. ]]
 
Mutante 22:
[[2.  9.5 4.  7.5 3.5]
 [0.5 1.  2.5 2.  1. ]]
 
Mutante 23:
[[6.  3.  0.  5.5 8.5]
 [1.5 0.5 2.  2.  1. ]]
 
Mutante 24:
[[9.  6.5 0.5 5.  8. ]
 [1.5 1.  2.  0.5 1. ]]
 
Mutante 25:
[[4.  8.5 1.5 7.  1.5]
 [0.5 1.  1.5 2.  1. ]]
 
Mutante 26:
[[1.5 0.  8.  0.  9. ]
 [2.  1.  1.  0.5 1. ]]
 
Mutante 27:
[[0.  4.  8.5 2.5 7. ]
 [1.  1.5 2.  0.5 1. ]]
 
Mutante 28:
[[1.  7.  5.  6.5 4.5]
 [1.  1.  2.5 1.5 1. ]]
 
Mutante 29:
[[0.  6.  5.  5.  3. ]
 [1.5 1.5 1.  2.  0.5]]
 
Mutante 30:
[[4.5 7.  1.  5.5 1. ]
 [0.5 1.  1.5 2.  1. ]]
 
Mutante 31:
[[0.  5.5 9.  3.  4.5]
 [1.  1.  0.5 2.5 1.5]]
 
Mutante 32:
[[0.  2.  0.  5.5 7. ]
 [0.5 1.  1.  3.  1. ]]
 
Mutante 33:
[[6.  1.  6.  2.  4.5]
 [2.  1.  1.  1.  1. ]]
 
Mutante 34:
[[0.  8.5 6.  7.  2. ]
 [1.  1.  1.  2.  1. ]]
 
Mutante 35:
[[0.  2.  0.  1.  2.5]
 [1.  1.  1.5 3.  1. ]]
 
Mutante 36:
[[0.  6.  9.  8.  6.5]
 [2.  1.  1.  1.  1. ]]
 
Mutante 37:
[[7.  5.5 0.  0.5 9. ]
 [1.  1.  1.  1.  1. ]]
 
Mutante 38:
[[4.5 0.  4.5 0.  8.5]
 [2.  1.  0.5 1.  1. ]]
 
Mutante 39:
[[2.5 0.5 5.  4.  7. ]
 [1.5 1.  2.  0.5 0.5]]
 
Mutante 40:
[[1.5 6.5 0.  9.5 8.5]
 [0.5 1.  2.  1.  1. ]]
 
Mutante 41:
[[8.  0.  7.  0.  8.5]
 [2.  1.5 1.  0.5 1. ]]
 
Mutante 42:
[[5.  8.5 2.5 1.  6. ]
 [1.  1.  1.5 1.5 1. ]]
 
Mutante 43:
[[7.  0.  6.  1.  5.5]
 [2.  1.  1.  0.5 1.5]]
 
Mutante 44:
[[4.  5.5 3.5 5.5 5.5]
 [1.  1.  2.  1.  1. ]]
 
Mutante 45:
[[9.  1.  0.  0.  7.5]
 [2.5 1.  1.  0.5 0.5]]
 
Mutante 46:
[[5.5 7.  0.  9.  5. ]
 [1.  1.  1.5 2.  1. ]]
 
Mutante 47:
[[3.5 0.  4.5 5.5 9. ]
 [1.  1.  2.  0.5 1. ]]
 
Mutante 48:
[[4.5 5.  5.5 1.5 2.5]
 [2.  2.  1.  1.  1. ]]
 
Mutante 49:
[[7.  2.  4.5 0.  9. ]
 [2.5 1.  1.5 0.5 1. ]]
 
Mutante 50:
[[3.5 7.  6.5 5.5 5. ]
 [2.5 1.  0.5 1.  1. ]]
 
-----------------------------------------
Número de avaliações até o momento: 450
Evoluido 1:
[[3 7 9 5 6]
 [2 1 1 1 1]]
 
Evoluido 2:
[[3 8 0 9 8]
 [0 2 2 1 1]]
 
Evoluido 3:
[[2 5 3 3 5]
 [1 1 1 1 1]]
 
Evoluido 4:
[[3 6 8 1 4]
 [2 1 0 1 1]]
 
Evoluido 5:
[[5 9 1 2 1]
 [1 1 1 1 1]]
 
Evoluido 6:
[[4 3 2 5 8]
 [1 1 1 1 1]]
 
Evoluido 7:
[[9 2 1 3 5]
 [2 1 1 1 1]]
 
Evoluido 8:
[[0 2 9 0 5]
 [2 2 0 0 1]]
 
Evoluido 9:
[[0 9 6 5 5]
 [1 1 1 2 1]]
 
Evoluido 10:
[[9 5 0 0 7]
 [1 1 1 1 1]]
 
Evoluido 11:
[[8 9 4 2 6]
 [2 1 1 1 1]]
 
Evoluido 12:
[[5 0 6 3 7]
 [1 1 0 2 1]]
 
Evoluido 13:
[[6 0 3 0 7]
 [1 1 1 0 1]]
 
Evoluido 14:
[[0 0 6 7 8]
 [2 1 2 1 1]]
 
Evoluido 15:
[[1 7 6 0 8]
 [2 0 1 1 1]]
 
Evoluido 16:
[[7 5 0 1 5]
 [2 1 2 0 1]]
 
Evoluido 17:
[[6 9 4 0 0]
 [3 1 1 1 1]]
 
Evoluido 18:
[[5 6 6 2 9]
 [1 1 1 1 1]]
 
Evoluido 19:
[[3 8 2 3 7]
 [1 1 1 2 1]]
 
Evoluido 20:
[[9 1 1 0 9]
 [2 1 0 1 1]]
 
Evoluido 21:
[[5 5 0 1 0]
 [1 1 1 1 1]]
 
Evoluido 22:
[[2 9 4 7 3]
 [0 1 2 2 1]]
 
Evoluido 23:
[[6 6 0 5 5]
 [1 1 2 2 1]]
 
Evoluido 24:
[[7 6 1 1 9]
 [1 1 2 0 1]]
 
Evoluido 25:
[[4 8 1 0 7]
 [0 1 1 2 1]]
 
Evoluido 26:
[[1 0 8 3 9]
 [2 1 1 0 1]]
 
Evoluido 27:
[[0 4 8 2 7]
 [1 1 2 0 1]]
 
Evoluido 28:
[[1 7 5 6 4]
 [1 1 2 1 1]]
 
Evoluido 29:
[[0 0 5 0 3]
 [1 1 1 2 0]]
 
Evoluido 30:
[[4 7 6 5 1]
 [0 1 1 2 1]]
 
Evoluido 31:
[[0 5 9 3 4]
 [1 1 0 1 1]]
 
Evoluido 32:
[[0 2 5 5 7]
 [0 1 1 3 1]]
 
Evoluido 33:
[[6 1 3 1 4]
 [2 1 1 1 1]]
 
Evoluido 34:
[[0 2 6 7 2]
 [2 1 1 2 1]]
 
Evoluido 35:
[[0 2 0 1 2]
 [1 1 1 3 1]]
 
Evoluido 36:
[[0 6 9 8 6]
 [2 1 1 1 1]]
 
Evoluido 37:
[[7 6 0 0 9]
 [1 1 1 1 1]]
 
Evoluido 38:
[[4 0 7 0 8]
 [2 1 0 1 1]]
 
Evoluido 39:
[[2 0 5 4 7]
 [1 1 2 0 1]]
 
Evoluido 40:
[[1 6 6 9 8]
 [0 1 2 1 1]]
 
Evoluido 41:
[[8 0 7 0 8]
 [2 1 1 0 1]]
 
Evoluido 42:
[[5 8 2 1 6]
 [1 1 1 1 1]]
 
Evoluido 43:
[[7 0 6 1 5]
 [2 1 1 0 1]]
 
Evoluido 44:
[[4 5 3 5 5]
 [1 1 2 2 1]]
 
Evoluido 45:
[[9 1 0 0 9]
 [2 1 1 0 0]]
 
Evoluido 46:
[[5 7 0 9 4]
 [1 1 1 2 1]]
 
Evoluido 47:
[[3 0 4 5 9]
 [2 1 2 1 1]]
 
Evoluido 48:
[[4 5 5 1 8]
 [2 2 1 1 1]]
 
Evoluido 49:
[[5 2 4 0 9]
 [2 1 1 0 1]]
 
Evoluido 50:
[[2 7 6 5 5]
 [2 1 0 1 1]]
 
-----------------------------------------
Individuo 1:
{
  "solucao": [1 7 7 5 3]
                [2 2 1 1 1],
  "funcao_objetivo": 0.99115455061397402988831563401674430639208379350076,
  "confiabilidade_total": 0.99115455061397402988831563401674430639208379350076
  "peso": 115.53,
  "custo": 96.31
}
 
Individuo 2:
{
  "solucao": [5 5 6 1 2]
                [2 2 1 1 1],
  "funcao_objetivo": 0.99039666041870072183297696819133324518562848327012,
  "confiabilidade_total": 0.99039666041870072183297696819133324518562848327012
  "peso": 119.77,
  "custo": 77.85
}
 
Individuo 3:
{
  "solucao": [8 8 4 1 5]
                [2 1 1 2 1],
  "funcao_objetivo": 0.98749411730510410378300947156748933753586543593715,
  "confiabilidade_total": 0.98749411730510410378300947156748933753586543593715
  "peso": 118.42000000000002,
  "custo": 93.9
}
 
Individuo 4:
{
  "solucao": [5 7 8 1 6]
                [2 1 1 2 1],
  "funcao_objetivo": 0.98699425117558525826271778504734524198271388266954,
  "confiabilidade_total": 0.98699425117558525826271778504734524198271388266954
  "peso": 114.41,
  "custo": 90.68
}
 
Individuo 5:
{
  "solucao": [7 0 2 2 7]
                [2 1 1 1 1],
  "funcao_objetivo": 0.97834362665115733687069306484730617898608782931431,
  "confiabilidade_total": 0.97834362665115733687069306484730617898608782931431
  "peso": 108.18,
  "custo": 79.61
}
 
Individuo 6:
{
  "solucao": [7 8 6 0 3]
                [3 1 1 1 1],
  "funcao_objetivo": 0.97551770151512111119691215230897363751711614978560,
  "confiabilidade_total": 0.97551770151512111119691215230897363751711614978560
  "peso": 119.47,
  "custo": 98.33
}
 
Individuo 7:
{
  "solucao": [9 0 4 0 5]
                [2 1 1 1 1],
  "funcao_objetivo": 0.97953841156704518662446651364468621101886351217691,
  "confiabilidade_total": 0.97953841156704518662446651364468621101886351217691
  "peso": 115.84,
  "custo": 92.14999999999999
}
 
Individuo 8:
{
  "solucao": [5 5 5 2 9]
                [2 1 2 1 1],
  "funcao_objetivo": 0.97450790320272657676532367330640803901651179150147,
  "confiabilidade_total": 0.97450790320272657676532367330640803901651179150147
  "peso": 114.79,
  "custo": 78.83
}
 
Individuo 9:
{
  "solucao": [1 0 2 5 5]
                [1 1 1 3 1],
  "funcao_objetivo": 0.97949152614858812118833449907885660136820480485210,
  "confiabilidade_total": 0.97965819281525487312193646057835474662646266889522
  "peso": 120.02000000000001,
  "custo": 81.59
}
 
Individuo 10:
{
  "solucao": [0 0 6 6 8]
                [1 1 2 1 1],
  "funcao_objetivo": 0.97499758683930854572308382087478275780786802887748,
  "confiabilidade_total": 0.97499758683930854572308382087478275780786802887748
  "peso": 115.17999999999999,
  "custo": 82.67999999999999
}
 
Individuo 11:
{
  "solucao": [1 0 6 0 6]
                [2 1 1 1 1],
  "funcao_objetivo": 0.98229810349548455500275126970242017681634425093832,
  "confiabilidade_total": 0.98229810349548455500275126970242017681634425093832
  "peso": 116.77999999999999,
  "custo": 86.46000000000001
}
 
Individuo 12:
{
  "solucao": [1 0 7 5 7]
                [1 1 2 1 1],
  "funcao_objetivo": 0.97402301027900154680980834402247360196887614829045,
  "confiabilidade_total": 0.97402301027900154680980834402247360196887614829045
  "peso": 95.55000000000001,
  "custo": 85.69
}
 
Individuo 13:
{
  "solucao": [1 0 8 5 8]
                [1 1 1 2 2],
  "funcao_objetivo": 0.97351863705585748894375042654615005828836145375255,
  "confiabilidade_total": 0.97351863705585748894375042654615005828836145375255
  "peso": 111.57,
  "custo": 91.53
}
 
Individuo 14:
{
  "solucao": [8 1 4 7 8]
                [2 1 1 1 2],
  "funcao_objetivo": 0.97242213985444363267748089210175018892701624099072,
  "confiabilidade_total": 0.97242213985444363267748089210175018892701624099072
  "peso": 114.32000000000001,
  "custo": 97.03
}
 
Individuo 15:
{
  "solucao": [9 7 3 5 5]
                [2 1 1 2 1],
  "funcao_objetivo": 0.98527491193224295692191946613585381334385861023757,
  "confiabilidade_total": 0.98527491193224295692191946613585381334385861023757
  "peso": 117.31000000000002,
  "custo": 93.33000000000001
}
 
Individuo 16:
{
  "solucao": [0 5 0 8 9]
                [0 1 2 2 1],
  "funcao_objetivo": 0.97785067800635182142227339849151986730729441483772,
  "confiabilidade_total": 0.97785067800635182142227339849151986730729441483772
  "peso": 102.83999999999999,
  "custo": 87.02000000000001
}
 
Individuo 17:
{
  "solucao": [0 5 8 0 7]
                [2 1 1 1 1],
  "funcao_objetivo": 0.97456900327960685007899115946400977575390467818610,
  "confiabilidade_total": 0.97456900327960685007899115946400977575390467818610
  "peso": 104.27,
  "custo": 86.83000000000001
}
 
Individuo 18:
{
  "solucao": [2 6 7 1 9]
                [1 1 2 1 1],
  "funcao_objetivo": 0.97085887867373137127026104684503791459130179679800,
  "confiabilidade_total": 0.97085887867373137127026104684503791459130179679800
  "peso": 107.56,
  "custo": 84.07999999999998
}
 
Individuo 19:
{
  "solucao": [3 5 0 5 9]
                [1 1 2 2 0],
  "funcao_objetivo": 0.98793018283579890431923805742926945406015887245622,
  "confiabilidade_total": 0.98793018283579890431923805742926945406015887245622
  "peso": 106.88,
  "custo": 75.13
}
 
Individuo 20:
{
  "solucao": [8 2 4 0 9]
                [2 1 1 1 1],
  "funcao_objetivo": 0.97615037684213333792732752647051632450925778687678,
  "confiabilidade_total": 0.97615037684213333792732752647051632450925778687678
  "peso": 114.32,
  "custo": 84.13
}
 
Individuo 21:
{
  "solucao": [5 7 4 2 0]
                [2 1 1 1 1],
  "funcao_objetivo": 0.96916750693561613134316832573691067320815673930756,
  "confiabilidade_total": 0.96916750693561613134316832573691067320815673930756
  "peso": 110.36,
  "custo": 75.1
}
 
Individuo 22:
{
  "solucao": [7 7 5 0 3]
                [3 1 1 1 1],
  "funcao_objetivo": 0.97627068447968474002759825252386509790451998517156,
  "confiabilidade_total": 0.97627068447968474002759825252386509790451998517156
  "peso": 113.75,
  "custo": 97.76
}
 
Individuo 23:
{
  "solucao": [1 6 6 3 5]
                [1 1 2 1 1],
  "funcao_objetivo": 0.96693212256856876436315585756298078394808670730830,
  "confiabilidade_total": 0.96693212256856876436315585756298078394808670730830
  "peso": 115.04,
  "custo": 74.15
}
 
Individuo 24:
{
  "solucao": [7 7 1 1 9]
                [1 1 1 2 1],
  "funcao_objetivo": 0.97142603103299089616968182840096500500524794620360,
  "confiabilidade_total": 0.97142603103299089616968182840096500500524794620360
  "peso": 101.01,
  "custo": 91.72
}
 
Individuo 25:
{
  "solucao": [0 6 7 0 7]
                [1 2 1 1 1],
  "funcao_objetivo": 0.97572543148174572948699275260504992645854072280470,
  "confiabilidade_total": 0.97572543148174572948699275260504992645854072280470
  "peso": 108.88000000000001,
  "custo": 86.64
}
 
Individuo 26:
{
  "solucao": [0 0 9 3 9]
                [1 1 2 1 1],
  "funcao_objetivo": 0.97617375757058663939039301401278746727781788513144,
  "confiabilidade_total": 0.97617375757058663939039301401278746727781788513144
  "peso": 117.91999999999999,
  "custo": 97.57
}
 
Individuo 27:
{
  "solucao": [0 7 8 8 8]
                [2 1 1 1 1],
  "funcao_objetivo": 0.96258997221991827496399817008231384740607142322952,
  "confiabilidade_total": 0.96258997221991827496399817008231384740607142322952
  "peso": 98.42999999999999,
  "custo": 87.11
}
 
Individuo 28:
{
  "solucao": [0 3 2 1 2]
                [1 1 1 3 0],
  "funcao_objetivo": 0.96588509519247119794462607379255601347180164949846,
  "confiabilidade_total": 0.96588509519247119794462607379255601347180164949846
  "peso": 119.45000000000002,
  "custo": 81.83
}
 
Individuo 29:
{
  "solucao": [9 0 6 0 7]
                [2 1 1 1 1],
  "funcao_objetivo": 0.97886458729112860683571672155431421731782949687973,
  "confiabilidade_total": 0.97886458729112860683571672155431421731782949687973
  "peso": 111.53,
  "custo": 95.01
}
 
Individuo 30:
{
  "solucao": [9 6 6 0 5]
                [2 1 1 1 1],
  "funcao_objetivo": 0.97078959376476752278175870484400447620425627995437,
  "confiabilidade_total": 0.97078959376476752278175870484400447620425627995437
  "peso": 111.86,
  "custo": 86.74
}
 
Individuo 31:
{
  "solucao": [0 4 5 3 8]
                [1 1 2 1 1],
  "funcao_objetivo": 0.96965405061402904322991472843332943919098884435082,
  "confiabilidade_total": 0.96965405061402904322991472843332943919098884435082
  "peso": 110.21,
  "custo": 76.1
}
 
Individuo 32:
{
  "solucao": [0 8 5 4 5]
                [1 1 1 2 1],
  "funcao_objetivo": 0.97226485381058559932808561571006010001252028991557,
  "confiabilidade_total": 0.97226485381058559932808561571006010001252028991557
  "peso": 111.81,
  "custo": 78.16
}
 
Individuo 33:
{
  "solucao": [7 0 3 1 2]
                [2 1 1 1 1],
  "funcao_objetivo": 0.97918420181523714089448683439776549432533904724770,
  "confiabilidade_total": 0.97918420181523714089448683439776549432533904724770
  "peso": 111.55,
  "custo": 82.00999999999999
}
 
Individuo 34:
{
  "solucao": [8 2 2 0 9]
                [2 1 1 1 1],
  "funcao_objetivo": 0.97725013619743545450415342275843666610101121517867,
  "confiabilidade_total": 0.97725013619743545450415342275843666610101121517867
  "peso": 113.3,
  "custo": 79.58
}
 
Individuo 35:
{
  "solucao": [8 3 1 0 9]
                [2 1 1 1 1],
  "funcao_objetivo": 0.97557551365437586861629689500712339192610844106508,
  "confiabilidade_total": 0.97557551365437586861629689500712339192610844106508
  "peso": 108.08999999999999,
  "custo": 87.32999999999998
}
 
Individuo 36:
{
  "solucao": [0 5 9 0 8]
                [2 1 1 1 1],
  "funcao_objetivo": 0.97403011211765227874262732037413034133060549275607,
  "confiabilidade_total": 0.97403011211765227874262732037413034133060549275607
  "peso": 108.52999999999999,
  "custo": 89.78
}
 
Individuo 37:
{
  "solucao": [4 6 1 8 9]
                [1 1 2 1 1],
  "funcao_objetivo": 0.96251924633778887450204342670671783364901158464558,
  "confiabilidade_total": 0.96251924633778887450204342670671783364901158464558
  "peso": 112.96,
  "custo": 87.04999999999998
}
 
Individuo 38:
{
  "solucao": [0 5 7 0 7]
                [1 2 1 1 1],
  "funcao_objetivo": 0.97573001310079216345053705475345896822974201127693,
  "confiabilidade_total": 0.97573001310079216345053705475345896822974201127693
  "peso": 98.30000000000001,
  "custo": 82.52000000000001
}
 
Individuo 39:
{
  "solucao": [5 3 0 5 8]
                [1 1 2 1 1],
  "funcao_objetivo": 0.96736234986535842249659473155432311924944969496467,
  "confiabilidade_total": 0.96736234986535842249659473155432311924944969496467
  "peso": 106.72999999999999,
  "custo": 78.16999999999999
}
 
Individuo 40:
{
  "solucao": [6 1 6 1 6]
                [2 1 1 1 1],
  "funcao_objetivo": 0.97515477897874170391699241142223585321405944602872,
  "confiabilidade_total": 0.97515477897874170391699241142223585321405944602872
  "peso": 116.27999999999999,
  "custo": 78.97999999999999
}
 
Individuo 41:
{
  "solucao": [7 4 0 1 9]
                [1 1 1 1 1],
  "funcao_objetivo": 0.95591742112112043036996524894147706201002427769284,
  "confiabilidade_total": 0.95591742112112043036996524894147706201002427769284
  "peso": 94.68,
  "custo": 77.53
}
 
Individuo 42:
{
  "solucao": [1 0 7 0 8]
                [2 1 1 1 1],
  "funcao_objetivo": 0.98209751574095402215164133854046424904579285503576,
  "confiabilidade_total": 0.98209751574095402215164133854046424904579285503576
  "peso": 105.47,
  "custo": 89.91
}
 
Individuo 43:
{
  "solucao": [9 5 0 1 9]
                [1 1 1 2 1],
  "funcao_objetivo": 0.97350478711170573772991638221623677716877859168910,
  "confiabilidade_total": 0.97350478711170573772991638221623677716877859168910
  "peso": 108.02,
  "custo": 91.5
}
 
Individuo 44:
{
  "solucao": [1 9 5 7 3]
                [1 1 2 2 1],
  "funcao_objetivo": 0.98956566796698416041775585537721894919028400545735,
  "confiabilidade_total": 0.98956566796698416041775585537721894919028400545735
  "peso": 116.41999999999999,
  "custo": 94.82000000000001
}
 
Individuo 45:
{
  "solucao": [6 3 0 8 9]
                [1 1 2 1 1],
  "funcao_objetivo": 0.96570799657918943433358648597430541516399988184472,
  "confiabilidade_total": 0.96570799657918943433358648597430541516399988184472
  "peso": 115.7,
  "custo": 87.71000000000001
}
 
Individuo 46:
{
  "solucao": [5 7 0 9 4]
                [1 1 1 2 1],
  "funcao_objetivo": 0.97234975698533152069353040819224499861771333088482,
  "confiabilidade_total": 0.97234975698533152069353040819224499861771333088482
  "peso": 109.72,
  "custo": 90.88
}
 
Individuo 47:
{
  "solucao": [5 3 4 0 8]
                [2 1 1 1 1],
  "funcao_objetivo": 0.97460910570094202934551911064202849660379522462126,
  "confiabilidade_total": 0.97460910570094202934551911064202849660379522462126
  "peso": 110.21,
  "custo": 76.1
}
 
Individuo 48:
{
  "solucao": [7 3 1 0 8]
                [2 1 1 1 1],
  "funcao_objetivo": 0.97604323878102413430350410622467656550642838776023,
  "confiabilidade_total": 0.97604323878102413430350410622467656550642838776023
  "peso": 103.4,
  "custo": 85.86999999999999
}
 
Individuo 49:
{
  "solucao": [5 7 0 9 7]
                [1 1 2 1 1],
  "funcao_objetivo": 0.96089879170656457365627106599192631140230191903624,
  "confiabilidade_total": 0.96089879170656457365627106599192631140230191903624
  "peso": 101.98,
  "custo": 90.0
}
 
Individuo 50:
{
  "solucao": [2 9 5 7 1]
                [1 1 1 2 1],
  "funcao_objetivo": 0.96747419041526002880236398592687881388239316533163,
  "confiabilidade_total": 0.96747419041526002880236398592687881388239316533163
  "peso": 102.27000000000001,
  "custo": 82.02000000000001
}
 
-----------------------------------------
GERACAO 10
Mutante 1:
[[0.  7.  4.  2.  6.5]
 [1.  1.  2.5 0.5 0.5]]
 
Mutante 2:
[[0.  8.5 7.5 2.5 7. ]
 [2.  1.  1.  1.5 1. ]]
 
Mutante 3:
[[9.  6.  2.  0.5 3. ]
 [1.5 1.  1.  1.5 1. ]]
 
Mutante 4:
[[5.5 3.5 8.  0.  8. ]
 [2.  1.  1.5 0.5 1. ]]
 
Mutante 5:
[[9.  9.  2.5 3.5 4.5]
 [2.  1.  1.  2.5 1. ]]
 
Mutante 6:
[[6.5 0.5 5.5 3.  6. ]
 [2.  1.  1.  1.  1. ]]
 
Mutante 7:
[[8.5 0.  0.  6.  8. ]
 [1.5 0.5 2.  1.  1. ]]
 
Mutante 8:
[[1.5 3.  5.  3.  5. ]
 [1.  1.  2.  0.5 1. ]]
 
Mutante 9:
[[4.5 3.5 4.  5.5 5. ]
 [1.5 1.  1.5 1.  1. ]]
 
Mutante 10:
[[0.  3.5 5.  3.5 6. ]
 [1.5 1.  1.5 1.  1. ]]
 
Mutante 11:
[[0.  7.  9.5 6.5 4.5]
 [2.  2.  1.  0.5 1. ]]
 
Mutante 12:
[[0.5 2.5 7.5 5.5 8. ]
 [0.5 1.  1.  2.5 2. ]]
 
Mutante 13:
[[0.  5.  6.  5.5 6. ]
 [1.  0.5 1.5 2.  1. ]]
 
Mutante 14:
[[7.  6.  2.5 0.  8.5]
 [1.  1.  1.5 2.  1. ]]
 
Mutante 15:
[[8.5 5.  0.  0.5 9. ]
 [1.  1.  1.  1.5 1. ]]
 
Mutante 16:
[[3.5 9.  1.  9.  1.5]
 [0.5 1.  2.  2.5 1. ]]
 
Mutante 17:
[[6.  1.  9.5 0.  6. ]
 [2.  1.5 0.5 1.  1. ]]
 
Mutante 18:
[[4.  5.  4.5 3.5 6. ]
 [1.5 1.  1.5 2.  1. ]]
 
Mutante 19:
[[9.  0.5 2.  0.  0. ]
 [2.5 1.  1.  1.  1. ]]
 
Mutante 20:
[[0.  1.5 4.5 4.5 3. ]
 [1.  1.  0.5 3.  1.5]]
 
Mutante 21:
[[9.  0.5 1.5 6.5 8. ]
 [1.5 1.  0.5 1.  2. ]]
 
Mutante 22:
[[7.  3.  4.  0.  8. ]
 [2.5 1.  1.  1.  1. ]]
 
Mutante 23:
[[8.  9.  4.5 0.  7. ]
 [2.  1.  0.5 2.  1. ]]
 
Mutante 24:
[[9.5 3.5 5.  0.  4.5]
 [2.  1.  1.  1.  1. ]]
 
Mutante 25:
[[3.5 6.5 7.  0.5 9. ]
 [1.  1.  2.  1.5 1. ]]
 
Mutante 26:
[[8.5 5.5 2.  0.  7.5]
 [2.  1.  1.  1.  0.5]]
 
Mutante 27:
[[3.5 9.5 0.  5.5 6.5]
 [1.  1.  2.  2.5 1. ]]
 
Mutante 28:
[[7.5 2.  3.5 1.  7. ]
 [2.  1.  1.  1.  1. ]]
 
Mutante 29:
[[0.  5.5 9.  0.  6. ]
 [2.  1.  0.5 1.5 1. ]]
 
Mutante 30:
[[7.5 4.  5.5 0.5 9. ]
 [2.5 1.  1.5 1.  1.5]]
 
Mutante 31:
[[7.  9.  5.5 0.  1.5]
 [3.  1.  0.5 1.5 1. ]]
 
Mutante 32:
[[2.5 5.5 4.5 5.5 8. ]
 [1.  1.  2.  1.5 1. ]]
 
Mutante 33:
[[7.  3.5 8.  0.  0.5]
 [2.5 2.  0.5 1.  1. ]]
 
Mutante 34:
[[0.  9.  6.  7.5 2.5]
 [1.  1.  2.  2.5 1. ]]
 
Mutante 35:
[[8.5 1.  3.  0.5 5. ]
 [2.  1.  1.  1.5 1. ]]
 
Mutante 36:
[[7.5 7.5 4.5 0.5 0.5]
 [3.  1.  0.5 1.5 1. ]]
 
Mutante 37:
[[6.  5.5 3.  1.5 9. ]
 [2.  1.  2.  1.  1. ]]
 
Mutante 38:
[[0.  0.  8.5 3.  6. ]
 [1.5 1.  1.5 1.  1. ]]
 
Mutante 39:
[[6.5 3.5 0.  0.  8.5]
 [1.  1.  1.  1.  0.5]]
 
Mutante 40:
[[7.5 9.  0.  7.  3. ]
 [1.5 1.  1.5 1.  1. ]]
 
Mutante 41:
[[5.5 4.5 5.5 0.  9. ]
 [1.  1.  1.  1.5 1.5]]
 
Mutante 42:
[[7.5 6.5 0.  7.5 4. ]
 [1.5 1.  0.5 2.  1. ]]
 
Mutante 43:
[[0.  0.  7.  5.  9. ]
 [1.  1.  2.  0.5 1. ]]
 
Mutante 44:
[[0.  8.  9.  0.  6.5]
 [1.  2.  1.  1.  0.5]]
 
Mutante 45:
[[0.  2.  9.5 2.5 9. ]
 [1.5 1.  1.5 1.  1. ]]
 
Mutante 46:
[[0.  3.  6.  6.  7.5]
 [0.5 1.  1.5 2.  1.5]]
 
Mutante 47:
[[3.5 4.  6.5 3.5 8.5]
 [1.  1.  1.5 1.  1.5]]
 
Mutante 48:
[[9.  2.5 0.  5.5 9. ]
 [1.  0.5 2.  1.  1. ]]
 
Mutante 49:
[[8.  6.5 3.  1.  2. ]
 [2.  2.  1.  1.  1. ]]
 
Mutante 50:
[[4.  5.  1.5 4.5 9. ]
 [1.  1.  2.  2.  1. ]]
 
-----------------------------------------
Número de avaliações até o momento: 500
Evoluido 1:
[[0 7 7 2 6]
 [2 2 1 0 0]]
 
Evoluido 2:
[[0 5 6 2 7]
 [2 1 1 1 1]]
 
Evoluido 3:
[[9 6 2 0 3]
 [1 1 1 2 1]]
 
Evoluido 4:
[[5 3 8 0 8]
 [2 1 1 0 1]]
 
Evoluido 5:
[[9 9 2 3 7]
 [2 1 1 2 1]]
 
Evoluido 6:
[[6 0 5 3 6]
 [2 1 1 1 1]]
 
Evoluido 7:
[[8 0 0 6 8]
 [1 0 2 1 1]]
 
Evoluido 8:
[[1 3 5 3 5]
 [2 1 2 0 1]]
 
Evoluido 9:
[[1 3 4 5 5]
 [1 1 1 1 1]]
 
Evoluido 10:
[[0 3 5 3 6]
 [1 1 1 1 1]]
 
Evoluido 11:
[[0 7 6 6 4]
 [2 2 1 1 1]]
 
Evoluido 12:
[[0 2 7 5 7]
 [1 1 1 2 2]]
 
Evoluido 13:
[[0 5 6 5 6]
 [1 0 1 2 1]]
 
Evoluido 14:
[[8 6 2 0 8]
 [1 1 1 2 1]]
 
Evoluido 15:
[[8 5 3 0 9]
 [1 1 1 2 1]]
 
Evoluido 16:
[[3 9 1 9 1]
 [0 1 2 2 1]]
 
Evoluido 17:
[[0 1 9 0 6]
 [2 1 0 1 1]]
 
Evoluido 18:
[[4 5 4 3 6]
 [1 1 1 1 1]]
 
Evoluido 19:
[[9 5 2 0 0]
 [2 1 1 1 0]]
 
Evoluido 20:
[[0 1 4 4 3]
 [1 1 1 3 1]]
 
Evoluido 21:
[[9 0 1 6 8]
 [1 1 0 1 2]]
 
Evoluido 22:
[[7 3 4 0 8]
 [2 1 1 1 1]]
 
Evoluido 23:
[[8 6 4 0 7]
 [1 1 0 2 1]]
 
Evoluido 24:
[[9 3 5 1 4]
 [2 1 1 1 1]]
 
Evoluido 25:
[[3 6 7 0 9]
 [1 1 2 1 1]]
 
Evoluido 26:
[[8 5 2 3 7]
 [2 1 1 1 0]]
 
Evoluido 27:
[[0 9 0 5 6]
 [1 1 1 1 1]]
 
Evoluido 28:
[[7 2 3 1 7]
 [2 1 1 1 1]]
 
Evoluido 29:
[[0 5 6 0 7]
 [2 1 0 1 1]]
 
Evoluido 30:
[[7 6 5 0 9]
 [2 1 1 1 1]]
 
Evoluido 31:
[[7 9 5 0 1]
 [3 1 0 1 1]]
 
Evoluido 32:
[[2 5 4 5 5]
 [1 1 2 1 1]]
 
Evoluido 33:
[[7 3 8 0 0]
 [2 2 0 1 1]]
 
Evoluido 34:
[[0 9 6 7 2]
 [2 1 2 2 1]]
 
Evoluido 35:
[[8 3 3 0 5]
 [2 1 1 1 1]]
 
Evoluido 36:
[[7 7 4 0 0]
 [3 1 0 1 1]]
 
Evoluido 37:
[[6 5 1 1 9]
 [2 1 2 1 1]]
 
Evoluido 38:
[[0 0 7 3 6]
 [1 1 1 1 1]]
 
Evoluido 39:
[[5 3 0 0 8]
 [1 1 1 1 0]]
 
Evoluido 40:
[[6 9 0 1 3]
 [1 1 1 1 1]]
 
Evoluido 41:
[[5 4 5 0 9]
 [1 1 1 1 1]]
 
Evoluido 42:
[[7 6 7 7 4]
 [1 1 0 2 1]]
 
Evoluido 43:
[[0 0 7 5 9]
 [1 1 2 0 1]]
 
Evoluido 44:
[[0 9 9 0 6]
 [1 2 2 1 0]]
 
Evoluido 45:
[[0 2 0 2 9]
 [1 1 1 1 1]]
 
Evoluido 46:
[[0 3 6 6 7]
 [1 1 1 2 1]]
 
Evoluido 47:
[[3 3 6 3 8]
 [1 1 1 1 1]]
 
Evoluido 48:
[[9 2 0 5 9]
 [2 0 2 1 1]]
 
Evoluido 49:
[[8 6 3 1 2]
 [2 2 2 1 1]]
 
Evoluido 50:
[[4 9 1 4 9]
 [1 1 1 2 1]]
 
-----------------------------------------
Individuo 1:
{
  "solucao": [1 7 7 5 3]
                [2 2 1 1 1],
  "funcao_objetivo": 0.99115455061397402988831563401674430639208379350076,
  "confiabilidade_total": 0.99115455061397402988831563401674430639208379350076
  "peso": 115.53,
  "custo": 96.31
}
 
Individuo 2:
{
  "solucao": [5 5 6 1 2]
                [2 2 1 1 1],
  "funcao_objetivo": 0.99039666041870072183297696819133324518562848327012,
  "confiabilidade_total": 0.99039666041870072183297696819133324518562848327012
  "peso": 119.77,
  "custo": 77.85
}
 
Individuo 3:
{
  "solucao": [8 8 4 1 5]
                [2 1 1 2 1],
  "funcao_objetivo": 0.98749411730510410378300947156748933753586543593715,
  "confiabilidade_total": 0.98749411730510410378300947156748933753586543593715
  "peso": 118.42000000000002,
  "custo": 93.9
}
 
Individuo 4:
{
  "solucao": [5 7 8 1 6]
                [2 1 1 2 1],
  "funcao_objetivo": 0.98699425117558525826271778504734524198271388266954,
  "confiabilidade_total": 0.98699425117558525826271778504734524198271388266954
  "peso": 114.41,
  "custo": 90.68
}
 
Individuo 5:
{
  "solucao": [7 0 2 2 7]
                [2 1 1 1 1],
  "funcao_objetivo": 0.97834362665115733687069306484730617898608782931431,
  "confiabilidade_total": 0.97834362665115733687069306484730617898608782931431
  "peso": 108.18,
  "custo": 79.61
}
 
Individuo 6:
{
  "solucao": [7 8 6 0 3]
                [3 1 1 1 1],
  "funcao_objetivo": 0.97551770151512111119691215230897363751711614978560,
  "confiabilidade_total": 0.97551770151512111119691215230897363751711614978560
  "peso": 119.47,
  "custo": 98.33
}
 
Individuo 7:
{
  "solucao": [9 0 4 0 5]
                [2 1 1 1 1],
  "funcao_objetivo": 0.97953841156704518662446651364468621101886351217691,
  "confiabilidade_total": 0.97953841156704518662446651364468621101886351217691
  "peso": 115.84,
  "custo": 92.14999999999999
}
 
Individuo 8:
{
  "solucao": [5 5 5 2 9]
                [2 1 2 1 1],
  "funcao_objetivo": 0.97450790320272657676532367330640803901651179150147,
  "confiabilidade_total": 0.97450790320272657676532367330640803901651179150147
  "peso": 114.79,
  "custo": 78.83
}
 
Individuo 9:
{
  "solucao": [1 0 2 5 5]
                [1 1 1 3 1],
  "funcao_objetivo": 0.97949152614858812118833449907885660136820480485210,
  "confiabilidade_total": 0.97965819281525487312193646057835474662646266889522
  "peso": 120.02000000000001,
  "custo": 81.59
}
 
Individuo 10:
{
  "solucao": [0 0 6 6 8]
                [1 1 2 1 1],
  "funcao_objetivo": 0.97499758683930854572308382087478275780786802887748,
  "confiabilidade_total": 0.97499758683930854572308382087478275780786802887748
  "peso": 115.17999999999999,
  "custo": 82.67999999999999
}
 
Individuo 11:
{
  "solucao": [1 0 6 0 6]
                [2 1 1 1 1],
  "funcao_objetivo": 0.98229810349548455500275126970242017681634425093832,
  "confiabilidade_total": 0.98229810349548455500275126970242017681634425093832
  "peso": 116.77999999999999,
  "custo": 86.46000000000001
}
 
Individuo 12:
{
  "solucao": [0 2 7 5 7]
                [1 1 1 2 2],
  "funcao_objetivo": 0.97660916847958249898019315908263650842224855235477,
  "confiabilidade_total": 0.97660916847958249898019315908263650842224855235477
  "peso": 114.91,
  "custo": 90.74000000000001
}
 
Individuo 13:
{
  "solucao": [1 0 8 5 8]
                [1 1 1 2 2],
  "funcao_objetivo": 0.97351863705585748894375042654615005828836145375255,
  "confiabilidade_total": 0.97351863705585748894375042654615005828836145375255
  "peso": 111.57,
  "custo": 91.53
}
 
Individuo 14:
{
  "solucao": [8 1 4 7 8]
                [2 1 1 1 2],
  "funcao_objetivo": 0.97242213985444363267748089210175018892701624099072,
  "confiabilidade_total": 0.97242213985444363267748089210175018892701624099072
  "peso": 114.32000000000001,
  "custo": 97.03
}
 
Individuo 15:
{
  "solucao": [9 7 3 5 5]
                [2 1 1 2 1],
  "funcao_objetivo": 0.98527491193224295692191946613585381334385861023757,
  "confiabilidade_total": 0.98527491193224295692191946613585381334385861023757
  "peso": 117.31000000000002,
  "custo": 93.33000000000001
}
 
Individuo 16:
{
  "solucao": [0 5 0 8 9]
                [0 1 2 2 1],
  "funcao_objetivo": 0.97785067800635182142227339849151986730729441483772,
  "confiabilidade_total": 0.97785067800635182142227339849151986730729441483772
  "peso": 102.83999999999999,
  "custo": 87.02000000000001
}
 
Individuo 17:
{
  "solucao": [0 5 8 0 7]
                [2 1 1 1 1],
  "funcao_objetivo": 0.97456900327960685007899115946400977575390467818610,
  "confiabilidade_total": 0.97456900327960685007899115946400977575390467818610
  "peso": 104.27,
  "custo": 86.83000000000001
}
 
Individuo 18:
{
  "solucao": [2 6 7 1 9]
                [1 1 2 1 1],
  "funcao_objetivo": 0.97085887867373137127026104684503791459130179679800,
  "confiabilidade_total": 0.97085887867373137127026104684503791459130179679800
  "peso": 107.56,
  "custo": 84.07999999999998
}
 
Individuo 19:
{
  "solucao": [3 5 0 5 9]
                [1 1 2 2 0],
  "funcao_objetivo": 0.98793018283579890431923805742926945406015887245622,
  "confiabilidade_total": 0.98793018283579890431923805742926945406015887245622
  "peso": 106.88,
  "custo": 75.13
}
 
Individuo 20:
{
  "solucao": [8 2 4 0 9]
                [2 1 1 1 1],
  "funcao_objetivo": 0.97615037684213333792732752647051632450925778687678,
  "confiabilidade_total": 0.97615037684213333792732752647051632450925778687678
  "peso": 114.32,
  "custo": 84.13
}
 
Individuo 21:
{
  "solucao": [5 7 4 2 0]
                [2 1 1 1 1],
  "funcao_objetivo": 0.96916750693561613134316832573691067320815673930756,
  "confiabilidade_total": 0.96916750693561613134316832573691067320815673930756
  "peso": 110.36,
  "custo": 75.1
}
 
Individuo 22:
{
  "solucao": [7 7 5 0 3]
                [3 1 1 1 1],
  "funcao_objetivo": 0.97627068447968474002759825252386509790451998517156,
  "confiabilidade_total": 0.97627068447968474002759825252386509790451998517156
  "peso": 113.75,
  "custo": 97.76
}
 
Individuo 23:
{
  "solucao": [1 6 6 3 5]
                [1 1 2 1 1],
  "funcao_objetivo": 0.96693212256856876436315585756298078394808670730830,
  "confiabilidade_total": 0.96693212256856876436315585756298078394808670730830
  "peso": 115.04,
  "custo": 74.15
}
 
Individuo 24:
{
  "solucao": [7 7 1 1 9]
                [1 1 1 2 1],
  "funcao_objetivo": 0.97142603103299089616968182840096500500524794620360,
  "confiabilidade_total": 0.97142603103299089616968182840096500500524794620360
  "peso": 101.01,
  "custo": 91.72
}
 
Individuo 25:
{
  "solucao": [0 6 7 0 7]
                [1 2 1 1 1],
  "funcao_objetivo": 0.97572543148174572948699275260504992645854072280470,
  "confiabilidade_total": 0.97572543148174572948699275260504992645854072280470
  "peso": 108.88000000000001,
  "custo": 86.64
}
 
Individuo 26:
{
  "solucao": [0 0 9 3 9]
                [1 1 2 1 1],
  "funcao_objetivo": 0.97617375757058663939039301401278746727781788513144,
  "confiabilidade_total": 0.97617375757058663939039301401278746727781788513144
  "peso": 117.91999999999999,
  "custo": 97.57
}
 
Individuo 27:
{
  "solucao": [0 7 8 8 8]
                [2 1 1 1 1],
  "funcao_objetivo": 0.96258997221991827496399817008231384740607142322952,
  "confiabilidade_total": 0.96258997221991827496399817008231384740607142322952
  "peso": 98.42999999999999,
  "custo": 87.11
}
 
Individuo 28:
{
  "solucao": [7 2 3 1 7]
                [2 1 1 1 1],
  "funcao_objetivo": 0.97446218564348661639069570137199151471500536495666,
  "confiabilidade_total": 0.97446218564348661639069570137199151471500536495666
  "peso": 105.43,
  "custo": 80.74000000000001
}
 
Individuo 29:
{
  "solucao": [9 0 6 0 7]
                [2 1 1 1 1],
  "funcao_objetivo": 0.97886458729112860683571672155431421731782949687973,
  "confiabilidade_total": 0.97886458729112860683571672155431421731782949687973
  "peso": 111.53,
  "custo": 95.01
}
 
Individuo 30:
{
  "solucao": [7 6 5 0 9]
                [2 1 1 1 1],
  "funcao_objetivo": 0.97130233372590780212294585342921056624976480797320,
  "confiabilidade_total": 0.97130233372590780212294585342921056624976480797320
  "peso": 101.72999999999999,
  "custo": 86.25999999999999
}
 
Individuo 31:
{
  "solucao": [0 4 5 3 8]
                [1 1 2 1 1],
  "funcao_objetivo": 0.96965405061402904322991472843332943919098884435082,
  "confiabilidade_total": 0.96965405061402904322991472843332943919098884435082
  "peso": 110.21,
  "custo": 76.1
}
 
Individuo 32:
{
  "solucao": [0 8 5 4 5]
                [1 1 1 2 1],
  "funcao_objetivo": 0.97226485381058559932808561571006010001252028991557,
  "confiabilidade_total": 0.97226485381058559932808561571006010001252028991557
  "peso": 111.81,
  "custo": 78.16
}
 
Individuo 33:
{
  "solucao": [7 0 3 1 2]
                [2 1 1 1 1],
  "funcao_objetivo": 0.97918420181523714089448683439776549432533904724770,
  "confiabilidade_total": 0.97918420181523714089448683439776549432533904724770
  "peso": 111.55,
  "custo": 82.00999999999999
}
 
Individuo 34:
{
  "solucao": [8 2 2 0 9]
                [2 1 1 1 1],
  "funcao_objetivo": 0.97725013619743545450415342275843666610101121517867,
  "confiabilidade_total": 0.97725013619743545450415342275843666610101121517867
  "peso": 113.3,
  "custo": 79.58
}
 
Individuo 35:
{
  "solucao": [8 3 1 0 9]
                [2 1 1 1 1],
  "funcao_objetivo": 0.97557551365437586861629689500712339192610844106508,
  "confiabilidade_total": 0.97557551365437586861629689500712339192610844106508
  "peso": 108.08999999999999,
  "custo": 87.32999999999998
}
 
Individuo 36:
{
  "solucao": [0 5 9 0 8]
                [2 1 1 1 1],
  "funcao_objetivo": 0.97403011211765227874262732037413034133060549275607,
  "confiabilidade_total": 0.97403011211765227874262732037413034133060549275607
  "peso": 108.52999999999999,
  "custo": 89.78
}
 
Individuo 37:
{
  "solucao": [4 6 1 8 9]
                [1 1 2 1 1],
  "funcao_objetivo": 0.96251924633778887450204342670671783364901158464558,
  "confiabilidade_total": 0.96251924633778887450204342670671783364901158464558
  "peso": 112.96,
  "custo": 87.04999999999998
}
 
Individuo 38:
{
  "solucao": [0 5 7 0 7]
                [1 2 1 1 1],
  "funcao_objetivo": 0.97573001310079216345053705475345896822974201127693,
  "confiabilidade_total": 0.97573001310079216345053705475345896822974201127693
  "peso": 98.30000000000001,
  "custo": 82.52000000000001
}
 
Individuo 39:
{
  "solucao": [5 3 0 5 8]
                [1 1 2 1 1],
  "funcao_objetivo": 0.96736234986535842249659473155432311924944969496467,
  "confiabilidade_total": 0.96736234986535842249659473155432311924944969496467
  "peso": 106.72999999999999,
  "custo": 78.16999999999999
}
 
Individuo 40:
{
  "solucao": [6 1 6 1 6]
                [2 1 1 1 1],
  "funcao_objetivo": 0.97515477897874170391699241142223585321405944602872,
  "confiabilidade_total": 0.97515477897874170391699241142223585321405944602872
  "peso": 116.27999999999999,
  "custo": 78.97999999999999
}
 
Individuo 41:
{
  "solucao": [7 4 0 1 9]
                [1 1 1 1 1],
  "funcao_objetivo": 0.95591742112112043036996524894147706201002427769284,
  "confiabilidade_total": 0.95591742112112043036996524894147706201002427769284
  "peso": 94.68,
  "custo": 77.53
}
 
Individuo 42:
{
  "solucao": [1 0 7 0 8]
                [2 1 1 1 1],
  "funcao_objetivo": 0.98209751574095402215164133854046424904579285503576,
  "confiabilidade_total": 0.98209751574095402215164133854046424904579285503576
  "peso": 105.47,
  "custo": 89.91
}
 
Individuo 43:
{
  "solucao": [9 5 0 1 9]
                [1 1 1 2 1],
  "funcao_objetivo": 0.97350478711170573772991638221623677716877859168910,
  "confiabilidade_total": 0.97350478711170573772991638221623677716877859168910
  "peso": 108.02,
  "custo": 91.5
}
 
Individuo 44:
{
  "solucao": [1 9 5 7 3]
                [1 1 2 2 1],
  "funcao_objetivo": 0.98956566796698416041775585537721894919028400545735,
  "confiabilidade_total": 0.98956566796698416041775585537721894919028400545735
  "peso": 116.41999999999999,
  "custo": 94.82000000000001
}
 
Individuo 45:
{
  "solucao": [6 3 0 8 9]
                [1 1 2 1 1],
  "funcao_objetivo": 0.96570799657918943433358648597430541516399988184472,
  "confiabilidade_total": 0.96570799657918943433358648597430541516399988184472
  "peso": 115.7,
  "custo": 87.71000000000001
}
 
Individuo 46:
{
  "solucao": [0 3 6 6 7]
                [1 1 1 2 1],
  "funcao_objetivo": 0.97274247362794398600312728306276955520330507454000,
  "confiabilidade_total": 0.97274247362794398600312728306276955520330507454000
  "peso": 116.63,
  "custo": 80.04
}
 
Individuo 47:
{
  "solucao": [5 3 4 0 8]
                [2 1 1 1 1],
  "funcao_objetivo": 0.97460910570094202934551911064202849660379522462126,
  "confiabilidade_total": 0.97460910570094202934551911064202849660379522462126
  "peso": 110.21,
  "custo": 76.1
}
 
Individuo 48:
{
  "solucao": [7 3 1 0 8]
                [2 1 1 1 1],
  "funcao_objetivo": 0.97604323878102413430350410622467656550642838776023,
  "confiabilidade_total": 0.97604323878102413430350410622467656550642838776023
  "peso": 103.4,
  "custo": 85.86999999999999
}
 
Individuo 49:
{
  "solucao": [5 7 0 9 7]
                [1 1 2 1 1],
  "funcao_objetivo": 0.96089879170656457365627106599192631140230191903624,
  "confiabilidade_total": 0.96089879170656457365627106599192631140230191903624
  "peso": 101.98,
  "custo": 90.0
}
 
Individuo 50:
{
  "solucao": [2 9 5 7 1]
                [1 1 1 2 1],
  "funcao_objetivo": 0.96747419041526002880236398592687881388239316533163,
  "confiabilidade_total": 0.96747419041526002880236398592687881388239316533163
  "peso": 102.27000000000001,
  "custo": 82.02000000000001
}
 
-----------------------------------------
O algoritmo de evolução diferencial obteve em 10 geracoes o resultado para a funcao objetivo de 0.99115455061397402988831563401674430639208379350076
Com os seguintes valores para cada variavel de decisao:
T1: 1
Q1: 2
T2: 7
Q2: 2
T3: 7
Q3: 1
T4: 5
Q4: 1
T5: 3
Q5: 1


