POPULAÇÃO INICIAL:
Individuo 1:
{
  "solucao": [1 7 7 5 3]
                [2 2 1 1 1],
  "funcao_objetivo": 0.99115455061397402988831563401674430639208379350076,
  "confiabilidade_total": 0.99115455061397402988831563401674430639208379350076
  "peso": 115.53,
  "custo": 96.31
}
 
Individuo 2:
{
  "solucao": [5 5 6 1 2]
                [2 2 1 1 1],
  "funcao_objetivo": 0.99039666041870072183297696819133324518562848327012,
  "confiabilidade_total": 0.99039666041870072183297696819133324518562848327012
  "peso": 119.77,
  "custo": 77.85
}
 
Individuo 3:
{
  "solucao": [8 8 4 1 5]
                [2 1 1 2 1],
  "funcao_objetivo": 0.98749411730510410378300947156748933753586543593715,
  "confiabilidade_total": 0.98749411730510410378300947156748933753586543593715
  "peso": 118.42000000000002,
  "custo": 93.9
}
 
Individuo 4:
{
  "solucao": [5 7 8 1 6]
                [2 1 1 2 1],
  "funcao_objetivo": 0.98699425117558525826271778504734524198271388266954,
  "confiabilidade_total": 0.98699425117558525826271778504734524198271388266954
  "peso": 114.41,
  "custo": 90.68
}
 
Individuo 5:
{
  "solucao": [7 0 2 2 7]
                [2 1 1 1 1],
  "funcao_objetivo": 0.97834362665115733687069306484730617898608782931431,
  "confiabilidade_total": 0.97834362665115733687069306484730617898608782931431
  "peso": 108.18,
  "custo": 79.61
}
 
Individuo 6:
{
  "solucao": [7 8 6 0 3]
                [3 1 1 1 1],
  "funcao_objetivo": 0.97551770151512111119691215230897363751711614978560,
  "confiabilidade_total": 0.97551770151512111119691215230897363751711614978560
  "peso": 119.47,
  "custo": 98.33
}
 
Individuo 7:
{
  "solucao": [1 5 4 0 7]
                [2 1 1 1 1],
  "funcao_objetivo": 0.97459795302278434551302086257194968849815263388034,
  "confiabilidade_total": 0.97459795302278434551302086257194968849815263388034
  "peso": 109.10000000000001,
  "custo": 84.80000000000001
}
 
Individuo 8:
{
  "solucao": [5 5 5 2 9]
                [2 1 2 1 1],
  "funcao_objetivo": 0.97450790320272657676532367330640803901651179150147,
  "confiabilidade_total": 0.97450790320272657676532367330640803901651179150147
  "peso": 114.79,
  "custo": 78.83
}
 
Individuo 9:
{
  "solucao": [8 5 1 5 0]
                [1 1 1 3 1],
  "funcao_objetivo": 0.97438269035370189373604595360064646722727800586570,
  "confiabilidade_total": 0.97438269035370189373604595360064646722727800586570
  "peso": 111.86999999999999,
  "custo": 85.45
}
 
Individuo 10:
{
  "solucao": [2 7 7 5 5]
                [1 2 1 2 1],
  "funcao_objetivo": 0.97430705152955249049965059953361476164707165320950,
  "confiabilidade_total": 0.97430705152955249049965059953361476164707165320950
  "peso": 109.37000000000002,
  "custo": 84.94000000000001
}
 
Individuo 11:
{
  "solucao": [9 0 6 3 6]
                [2 1 1 1 1],
  "funcao_objetivo": 0.97403946607992963999203710469743829955675124218109,
  "confiabilidade_total": 0.97403946607992963999203710469743829955675124218109
  "peso": 119.27999999999999,
  "custo": 88.41000000000001
}
 
Individuo 12:
{
  "solucao": [1 0 7 5 7]
                [1 1 2 1 1],
  "funcao_objetivo": 0.97402301027900154680980834402247360196887614829045,
  "confiabilidade_total": 0.97402301027900154680980834402247360196887614829045
  "peso": 95.55000000000001,
  "custo": 85.69
}
 
Individuo 13:
{
  "solucao": [1 0 8 5 8]
                [1 1 1 2 2],
  "funcao_objetivo": 0.97351863705585748894375042654615005828836145375255,
  "confiabilidade_total": 0.97351863705585748894375042654615005828836145375255
  "peso": 111.57,
  "custo": 91.53
}
 
Individuo 14:
{
  "solucao": [8 1 4 7 8]
                [2 1 1 1 2],
  "funcao_objetivo": 0.97242213985444363267748089210175018892701624099072,
  "confiabilidade_total": 0.97242213985444363267748089210175018892701624099072
  "peso": 114.32000000000001,
  "custo": 97.03
}
 
Individuo 15:
{
  "solucao": [2 1 3 5 5]
                [1 1 1 2 1],
  "funcao_objetivo": 0.97206171291554140377036848467426840408940263231132,
  "confiabilidade_total": 0.97206171291554140377036848467426840408940263231132
  "peso": 107.17,
  "custo": 67.15
}
 
Individuo 16:
{
  "solucao": [8 8 1 0 0]
                [1 2 1 1 1],
  "funcao_objetivo": 0.97171852989601938183310093557188149536377350640845,
  "confiabilidade_total": 0.97171852989601938183310093557188149536377350640845
  "peso": 102.38,
  "custo": 87.02
}
 
Individuo 17:
{
  "solucao": [8 1 8 4 1]
                [1 1 2 1 1],
  "funcao_objetivo": 0.97089934113353428085139749313252868378595709681001,
  "confiabilidade_total": 0.97089934113353428085139749313252868378595709681001
  "peso": 103.69,
  "custo": 83.59
}
 
Individuo 18:
{
  "solucao": [2 6 7 1 9]
                [1 1 2 1 1],
  "funcao_objetivo": 0.97085887867373137127026104684503791459130179679800,
  "confiabilidade_total": 0.97085887867373137127026104684503791459130179679800
  "peso": 107.56,
  "custo": 84.07999999999998
}
 
Individuo 19:
{
  "solucao": [3 0 5 0 5]
                [1 1 1 2 1],
  "funcao_objetivo": 0.96972878691932455391494786871157636691023574903588,
  "confiabilidade_total": 0.96972878691932455391494786871157636691023574903588
  "peso": 112.42,
  "custo": 80.93
}
 
Individuo 20:
{
  "solucao": [6 3 1 9 8]
                [1 1 1 2 1],
  "funcao_objetivo": 0.96930567522206419544537400672124954463202428994665,
  "confiabilidade_total": 0.96930567522206419544537400672124954463202428994665
  "peso": 111.67,
  "custo": 88.03
}
 
Individuo 21:
{
  "solucao": [5 2 4 7 5]
                [1 1 1 2 2],
  "funcao_objetivo": 0.96859784983256666779032552690491627615507330938290,
  "confiabilidade_total": 0.96859784983256666779032552690491627615507330938290
  "peso": 118.97,
  "custo": 84.14
}
 
Individuo 22:
{
  "solucao": [5 5 4 6 7]
                [1 3 1 1 1],
  "funcao_objetivo": 0.96806674197108439152100679880299156595480530936043,
  "confiabilidade_total": 0.96806674197108439152100679880299156595480530936043
  "peso": 116.84,
  "custo": 82.49000000000001
}
 
Individuo 23:
{
  "solucao": [1 6 6 3 5]
                [1 1 2 1 1],
  "funcao_objetivo": 0.96693212256856876436315585756298078394808670730830,
  "confiabilidade_total": 0.96693212256856876436315585756298078394808670730830
  "peso": 115.04,
  "custo": 74.15
}
 
Individuo 24:
{
  "solucao": [6 7 8 8 1]
                [1 1 1 2 2],
  "funcao_objetivo": 0.96393853543860146408781274290537954319808720304214,
  "confiabilidade_total": 0.96393853543860146408781274290537954319808720304214
  "peso": 114.11,
  "custo": 96.76
}
 
Individuo 25:
{
  "solucao": [5 5 6 2 7]
                [1 1 1 2 1],
  "funcao_objetivo": 0.96347508896319046974657013541178559098313230181200,
  "confiabilidade_total": 0.96347508896319046974657013541178559098313230181200
  "peso": 109.09,
  "custo": 66.81
}
 
Individuo 26:
{
  "solucao": [5 4 0 9 9]
                [1 1 2 1 1],
  "funcao_objetivo": 0.96314045010339375013412611764509101621994020949169,
  "confiabilidade_total": 0.96314045010339375013412611764509101621994020949169
  "peso": 115.84,
  "custo": 92.15
}
 
Individuo 27:
{
  "solucao": [0 7 8 8 8]
                [2 1 1 1 1],
  "funcao_objetivo": 0.96258997221991827496399817008231384740607142322952,
  "confiabilidade_total": 0.96258997221991827496399817008231384740607142322952
  "peso": 98.42999999999999,
  "custo": 87.11
}
 
Individuo 28:
{
  "solucao": [8 7 0 8 7]
                [1 1 2 1 1],
  "funcao_objetivo": 0.96257719325399715967960278339626153504828969891920,
  "confiabilidade_total": 0.96257719325399715967960278339626153504828969891920
  "peso": 98.0,
  "custo": 88.6
}
 
Individuo 29:
{
  "solucao": [0 8 1 0 6]
                [1 1 1 1 1],
  "funcao_objetivo": 0.96229948517157722746250308405762754247685826614724,
  "confiabilidade_total": 0.96229948517157722746250308405762754247685826614724
  "peso": 93.24,
  "custo": 72.69
}
 
Individuo 30:
{
  "solucao": [0 6 6 0 8]
                [1 1 1 1 2],
  "funcao_objetivo": 0.96213589533758670568410743548095554923961252782028,
  "confiabilidade_total": 0.96213589533758670568410743548095554923961252782028
  "peso": 109.74,
  "custo": 83.66
}
 
Individuo 31:
{
  "solucao": [7 7 5 3 8]
                [1 2 1 1 1],
  "funcao_objetivo": 0.96183560749723115968849293728870655321784222769703,
  "confiabilidade_total": 0.96183560749723115968849293728870655321784222769703
  "peso": 93.91000000000001,
  "custo": 80.16
}
 
Individuo 32:
{
  "solucao": [0 2 2 6 5]
                [1 1 1 1 2],
  "funcao_objetivo": 0.96127869097410067725276975642155923986421850924255,
  "confiabilidade_total": 0.96127869097410067725276975642155923986421850924255
  "peso": 115.21000000000001,
  "custo": 68.08
}
 
Individuo 33:
{
  "solucao": [4 5 9 5 9]
                [1 1 2 1 1],
  "funcao_objetivo": 0.96079351998604518526697758697847037721036007985007,
  "confiabilidade_total": 0.96079351998604518526697758697847037721036007985007
  "peso": 108.44000000000001,
  "custo": 88.03
}
 
Individuo 34:
{
  "solucao": [5 1 4 0 0]
                [1 1 1 1 2],
  "funcao_objetivo": 0.95920663961553519862058599987385386986051668723245,
  "confiabilidade_total": 0.95920663961553519862058599987385386986051668723245
  "peso": 117.38999999999999,
  "custo": 87.43
}
 
Individuo 35:
{
  "solucao": [2 0 5 1 4]
                [1 1 1 1 1],
  "funcao_objetivo": 0.95879199551796221117890595940673147870204573240885,
  "confiabilidade_total": 0.95879199551796221117890595940673147870204573240885
  "peso": 99.58000000000001,
  "custo": 64.7
}
 
Individuo 36:
{
  "solucao": [8 1 9 9 6]
                [1 2 1 1 1],
  "funcao_objetivo": 0.95866874862722107694418208090476145472506995144643,
  "confiabilidade_total": 0.95866874862722107694418208090476145472506995144643
  "peso": 107.61999999999999,
  "custo": 90.80000000000001
}
 
Individuo 37:
{
  "solucao": [3 0 2 6 4]
                [1 1 1 1 1],
  "funcao_objetivo": 0.95594727698393634168077271486066934078016368620308,
  "confiabilidade_total": 0.95594727698393634168077271486066934078016368620308
  "peso": 108.92,
  "custo": 63.989999999999995
}
 
Individuo 38:
{
  "solucao": [5 7 1 0 7]
                [1 1 1 1 1],
  "funcao_objetivo": 0.95467412086207410758330736607156029202575419871637,
  "confiabilidade_total": 0.95467412086207410758330736607156029202575419871637
  "peso": 81.4,
  "custo": 70.85
}
 
Individuo 39:
{
  "solucao": [9 9 0 0 8]
                [1 1 1 1 1],
  "funcao_objetivo": 0.95404748425059791851265691955442969769671125972191,
  "confiabilidade_total": 0.95404748425059791851265691955442969769671125972191
  "peso": 91.94,
  "custo": 81.14999999999999
}
 
Individuo 40:
{
  "solucao": [4 3 0 5 1]
                [1 1 1 1 1],
  "funcao_objetivo": 0.95300427204510526898300368007951604685532037897123,
  "confiabilidade_total": 0.95300427204510526898300368007951604685532037897123
  "peso": 99.0,
  "custo": 67.19
}
 
Individuo 41:
{
  "solucao": [3 2 1 7 2]
                [1 1 1 1 1],
  "funcao_objetivo": 0.95282999445889353648775965561343828489306242682020,
  "confiabilidade_total": 0.95282999445889353648775965561343828489306242682020
  "peso": 99.86,
  "custo": 60.550000000000004
}
 
Individuo 42:
{
  "solucao": [5 0 4 3 7]
                [1 1 1 1 1],
  "funcao_objetivo": 0.95137679125405491954204055771321398044439789697619,
  "confiabilidade_total": 0.95137679125405491954204055771321398044439789697619
  "peso": 95.05000000000001,
  "custo": 67.28
}
 
Individuo 43:
{
  "solucao": [2 6 0 5 9]
                [1 1 1 1 1],
  "funcao_objetivo": 0.95074937703660876840345655159368078461396339613370,
  "confiabilidade_total": 0.95074937703660876840345655159368078461396339613370
  "peso": 96.16,
  "custo": 66.07
}
 
Individuo 44:
{
  "solucao": [0 8 4 8 7]
                [1 1 1 1 2],
  "funcao_objetivo": 0.95063350783022776681048135451212181927290448698102,
  "confiabilidade_total": 0.95063350783022776681048135451212181927290448698102
  "peso": 101.48,
  "custo": 86.53
}
 
Individuo 45:
{
  "solucao": [4 3 4 3 1]
                [1 1 1 1 1],
  "funcao_objetivo": 0.94774437440800576527469123689039798536422029135727,
  "confiabilidade_total": 0.94774437440800576527469123689039798536422029135727
  "peso": 109.9,
  "custo": 66.79
}
 
Individuo 46:
{
  "solucao": [2 6 5 7 9]
                [1 1 1 1 2],
  "funcao_objetivo": 0.94674170782627818657402649451575417566337491491005,
  "confiabilidade_total": 0.94674170782627818657402649451575417566337491491005
  "peso": 108.45000000000002,
  "custo": 82.59
}
 
Individuo 47:
{
  "solucao": [3 9 9 0 1]
                [1 1 1 1 1],
  "funcao_objetivo": 0.94637124878374906328203974005819079433966290418923,
  "confiabilidade_total": 0.94637124878374906328203974005819079433966290418923
  "peso": 97.34,
  "custo": 78.42
}
 
Individuo 48:
{
  "solucao": [5 5 2 4 1]
                [1 1 1 1 1],
  "funcao_objetivo": 0.94594653934759817849274564528363442744044681732654,
  "confiabilidade_total": 0.94594653934759817849274564528363442744044681732654
  "peso": 94.03999999999999,
  "custo": 58.9
}
 
Individuo 49:
{
  "solucao": [3 4 5 8 7]
                [1 1 1 1 2],
  "funcao_objetivo": 0.94542721995171044068177523041037713151531442209980,
  "confiabilidade_total": 0.94542721995171044068177523041037713151531442209980
  "peso": 103.50999999999999,
  "custo": 79.36
}
 
Individuo 50:
{
  "solucao": [5 3 5 2 9]
                [1 1 1 1 1],
  "funcao_objetivo": 0.94404120344074325655177130597759277184371176652842,
  "confiabilidade_total": 0.94404120344074325655177130597759277184371176652842
  "peso": 92.75,
  "custo": 59.88
}
 
 
GERACAO 1
Mutante 1:
[[5.1 9.  9.7 0.  5.9]
 [1.  1.7 1.  1.  1. ]]
 
Mutante 2:
[[2.9 9.1 9.4 1.7 1.8]
 [1.3 1.  1.  2.  1. ]]
 
Mutante 3:
[[5.2 1.  9.  9.  3.9]
 [0.3 2.  1.  1.  1. ]]
 
Mutante 4:
[[9.  0.  9.5 3.  7.4]
 [2.  1.  1.  1.  1.7]]
 
Mutante 5:
[[5.5 0.  8.8 0.  9.5]
 [2.  1.  1.  0.3 1. ]]
 
Mutante 6:
[[9.  5.6 1.3 0.  4.2]
 [2.  1.7 1.  1.  1. ]]
 
Mutante 7:
[[0.  4.3 8.8 7.6 6.3]
 [1.  1.  1.  2.  1.7]]
 
Mutante 8:
[[2.1 0.  5.5 6.9 7.7]
 [2.  1.  1.  1.  1.7]]
 
Mutante 9:
[[2.4 8.5 8.9 0.  9.8]
 [2.7 1.  1.  1.7 1. ]]
 
Mutante 10:
[[7.1 3.6 4.  6.  6.3]
 [1.  3.  1.  1.  0.3]]
 
Mutante 11:
[[5.5 3.4 0.7 0.  8. ]
 [0.3 1.  1.  1.  1. ]]
 
Mutante 12:
[[8.5 9.9 2.5 6.6 3.4]
 [2.  2.  1.7 0.3 1. ]]
 
Mutante 13:
[[3.3 3.7 8.2 0.  0. ]
 [2.4 1.  0.3 1.  1. ]]
 
Mutante 14:
[[4.7 5.  6.9 2.2 6.2]
 [1.  1.  2.  0.3 0.3]]
 
Mutante 15:
[[0.  6.7 6.7 0.  9. ]
 [0.3 0.3 1.7 1.  2. ]]
 
Mutante 16:
[[0.  1.7 3.7 4.3 6.4]
 [1.  1.  1.7 1.3 1. ]]
 
Mutante 17:
[[3.  4.2 4.3 0.  3.6]
 [1.  1.  1.  2.  1. ]]
 
Mutante 18:
[[3.1 9.8 4.9 8.5 3. ]
 [2.  2.  1.  2.4 0.3]]
 
Mutante 19:
[[4.3 4.  2.8 4.1 9.7]
 [1.  1.  2.  0.3 1. ]]
 
Mutante 20:
[[0.  9.1 4.2 6.4 8.6]
 [2.  2.  1.  1.  1. ]]
 
Mutante 21:
[[0.  2.  0.  8.8 5. ]
 [1.  1.  0.3 1.  2. ]]
 
Mutante 22:
[[0.9 0.  4.1 8.1 8.9]
 [1.  0.3 1.  1.  1. ]]
 
Mutante 23:
[[9.4 9.1 0.  9.  4.9]
 [1.  1.  2.  1.  1. ]]
 
Mutante 24:
[[5.9 4.5 4.7 0.  2.9]
 [2.  1.  1.  2.  1. ]]
 
Mutante 25:
[[7.3 7.8 5.9 0.  0. ]
 [1.7 1.  1.  3.  1. ]]
 
Mutante 26:
[[5.5 0.  1.6 9.9 2.9]
 [1.  1.  1.  2.7 1. ]]
 
Mutante 27:
[[3.6 1.5 2.5 1.7 2. ]
 [2.  1.3 1.  0.3 1.7]]
 
Mutante 28:
[[3.6 2.3 9.9 7.6 9.7]
 [1.  0.3 1.  1.7 1.7]]
 
Mutante 29:
[[0.7 8.7 2.6 9.4 4.9]
 [1.  1.  1.  0.3 2. ]]
 
Mutante 30:
[[0.  4.6 1.4 2.2 6.9]
 [1.  1.  1.  1.  1. ]]
 
Mutante 31:
[[6.6 7.4 1.1 0.  8.5]
 [0.3 0.3 2.  1.  1. ]]
 
Mutante 32:
[[0.  4.1 8.3 0.  5.2]
 [1.  1.  1.7 0.3 0.3]]
 
Mutante 33:
[[6.4 7.8 3.6 4.1 9. ]
 [2.  1.  2.7 1.  1. ]]
 
Mutante 34:
[[5.7 4.3 4.6 3.4 9. ]
 [0.3 0.3 1.  2.  1.7]]
 
Mutante 35:
[[0.  4.1 4.1 4.6 9. ]
 [1.  1.  1.7 1.  2. ]]
 
Mutante 36:
[[5.  9.9 0.  3.2 6.3]
 [1.  3.  0.3 1.  1. ]]
 
Mutante 37:
[[9.  1.6 2.8 2.9 1.7]
 [1.7 1.  1.  1.  0.3]]
 
Mutante 38:
[[2.2 2.7 6.8 6.3 7.8]
 [1.  1.  1.7 2.  2. ]]
 
Mutante 39:
[[7.8 5.6 0.3 0.  6.3]
 [1.  1.  1.  1.  1. ]]
 
Mutante 40:
[[5.2 5.  2.6 0.  9. ]
 [1.3 1.  1.  1.  1. ]]
 
Mutante 41:
[[8.4 0.  6.9 0.  2.1]
 [2.  1.  1.7 0.3 1. ]]
 
Mutante 42:
[[6.4 6.3 6.6 2.4 9. ]
 [2.7 1.  1.  2.  0.3]]
 
Mutante 43:
[[9.  4.8 0.  2.1 4.5]
 [0.3 1.  1.7 0.3 1. ]]
 
Mutante 44:
[[7.8 6.5 2.9 0.  9.7]
 [1.7 1.  1.7 0.3 0.3]]
 
Mutante 45:
[[6.9 6.7 1.4 7.8 8.3]
 [1.  1.7 0.3 1.  1. ]]
 
Mutante 46:
[[9.  9.1 0.  6.6 2.1]
 [1.  1.7 2.  0.3 1. ]]
 
Mutante 47:
[[5.7 0.  0.5 7.9 7.7]
 [1.  1.  1.  1.  1. ]]
 
Mutante 48:
[[9.  3.8 7.5 5.6 9. ]
 [2.  1.7 1.  1.  2. ]]
 
Mutante 49:
[[5.  9.2 4.3 0.6 7.6]
 [2.  1.  2.  1.  1. ]]
 
Mutante 50:
[[9.  5.9 9.7 9.  1.8]
 [1.  2.  0.3 1.7 1.7]]
 
-----------------------------------------
Número de avaliações até o momento: 50
Evoluido 1:
[[5 9 7 0 5]
 [1 1 1 1 1]]
 
Evoluido 2:
[[5 9 6 1 2]
 [1 1 1 1 1]]
 
Evoluido 3:
[[5 1 4 9 3]
 [0 2 1 1 1]]
 
Evoluido 4:
[[9 0 8 3 6]
 [2 1 1 1 1]]
 
Evoluido 5:
[[5 0 2 0 7]
 [2 1 1 0 1]]
 
Evoluido 6:
[[9 5 6 0 3]
 [3 1 1 1 1]]
 
Evoluido 7:
[[0 4 8 7 7]
 [1 1 1 2 1]]
 
Evoluido 8:
[[2 0 5 2 7]
 [2 1 1 1 1]]
 
Evoluido 9:
[[2 8 8 0 0]
 [1 1 1 1 1]]
 
Evoluido 10:
[[7 3 7 6 5]
 [1 3 1 1 1]]
 
Evoluido 11:
[[5 3 0 0 6]
 [0 1 1 1 1]]
 
Evoluido 12:
[[8 9 7 6 3]
 [2 2 1 1 1]]
 
Evoluido 13:
[[3 3 8 0 8]
 [2 1 0 2 1]]
 
Evoluido 14:
[[8 5 6 7 8]
 [2 1 2 0 0]]
 
Evoluido 15:
[[0 6 6 5 9]
 [0 0 1 2 2]]
 
Evoluido 16:
[[8 1 1 4 0]
 [1 2 1 1 1]]
 
Evoluido 17:
[[3 4 8 4 1]
 [1 1 2 2 1]]
 
Evoluido 18:
[[3 9 4 8 3]
 [1 2 1 1 1]]
 
Evoluido 19:
[[3 4 2 4 9]
 [1 1 1 2 1]]
 
Evoluido 20:
[[6 3 4 6 8]
 [1 2 1 2 1]]
 
Evoluido 21:
[[0 2 0 8 5]
 [1 1 1 1 2]]
 
Evoluido 22:
[[0 0 4 8 8]
 [1 3 1 1 1]]
 
Evoluido 23:
[[9 9 0 9 4]
 [1 1 2 1 1]]
 
Evoluido 24:
[[5 4 4 8 2]
 [2 1 1 2 1]]
 
Evoluido 25:
[[7 7 5 2 0]
 [1 1 1 2 1]]
 
Evoluido 26:
[[5 0 1 9 2]
 [1 1 2 2 1]]
 
Evoluido 27:
[[0 7 8 1 2]
 [2 1 1 0 1]]
 
Evoluido 28:
[[8 2 9 8 9]
 [1 1 1 1 1]]
 
Evoluido 29:
[[0 8 2 9 4]
 [1 1 1 0 2]]
 
Evoluido 30:
[[0 6 6 2 6]
 [1 1 1 1 2]]
 
Evoluido 31:
[[6 7 5 0 8]
 [0 0 2 1 1]]
 
Evoluido 32:
[[0 4 8 0 5]
 [1 1 1 0 2]]
 
Evoluido 33:
[[6 7 9 4 9]
 [1 1 2 1 1]]
 
Evoluido 34:
[[5 4 4 3 9]
 [0 0 1 2 2]]
 
Evoluido 35:
[[2 4 4 1 9]
 [1 1 1 1 2]]
 
Evoluido 36:
[[5 1 9 3 6]
 [1 2 0 1 1]]
 
Evoluido 37:
[[9 1 2 6 1]
 [1 1 1 1 0]]
 
Evoluido 38:
[[2 2 1 6 7]
 [1 1 1 2 2]]
 
Evoluido 39:
[[9 5 0 0 6]
 [1 1 1 1 1]]
 
Evoluido 40:
[[4 3 0 0 9]
 [1 1 1 1 1]]
 
Evoluido 41:
[[8 0 6 0 2]
 [1 1 1 0 1]]
 
Evoluido 42:
[[5 6 6 2 7]
 [2 1 1 2 0]]
 
Evoluido 43:
[[9 6 0 2 4]
 [0 1 1 1 1]]
 
Evoluido 44:
[[0 8 2 0 7]
 [1 1 1 0 0]]
 
Evoluido 45:
[[6 6 1 7 1]
 [1 1 0 1 1]]
 
Evoluido 46:
[[2 9 5 7 2]
 [1 1 2 1 2]]
 
Evoluido 47:
[[3 9 9 7 7]
 [1 1 1 1 1]]
 
Evoluido 48:
[[5 3 7 5 9]
 [1 1 1 1 2]]
 
Evoluido 49:
[[3 9 5 0 7]
 [1 1 1 1 1]]
 
Evoluido 50:
[[9 5 5 9 1]
 [1 2 0 1 1]]
 
-----------------------------------------
Individuo 1:
{
  "solucao": [1 7 7 5 3]
                [2 2 1 1 1],
  "funcao_objetivo": 0.99115455061397402988831563401674430639208379350076,
  "confiabilidade_total": 0.99115455061397402988831563401674430639208379350076
  "peso": 115.53,
  "custo": 96.31
}
 
Individuo 2:
{
  "solucao": [5 5 6 1 2]
                [2 2 1 1 1],
  "funcao_objetivo": 0.99039666041870072183297696819133324518562848327012,
  "confiabilidade_total": 0.99039666041870072183297696819133324518562848327012
  "peso": 119.77,
  "custo": 77.85
}
 
Individuo 3:
{
  "solucao": [8 8 4 1 5]
                [2 1 1 2 1],
  "funcao_objetivo": 0.98749411730510410378300947156748933753586543593715,
  "confiabilidade_total": 0.98749411730510410378300947156748933753586543593715
  "peso": 118.42000000000002,
  "custo": 93.9
}
 
Individuo 4:
{
  "solucao": [5 7 8 1 6]
                [2 1 1 2 1],
  "funcao_objetivo": 0.98699425117558525826271778504734524198271388266954,
  "confiabilidade_total": 0.98699425117558525826271778504734524198271388266954
  "peso": 114.41,
  "custo": 90.68
}
 
Individuo 5:
{
  "solucao": [7 0 2 2 7]
                [2 1 1 1 1],
  "funcao_objetivo": 0.97834362665115733687069306484730617898608782931431,
  "confiabilidade_total": 0.97834362665115733687069306484730617898608782931431
  "peso": 108.18,
  "custo": 79.61
}
 
Individuo 6:
{
  "solucao": [7 8 6 0 3]
                [3 1 1 1 1],
  "funcao_objetivo": 0.97551770151512111119691215230897363751711614978560,
  "confiabilidade_total": 0.97551770151512111119691215230897363751711614978560
  "peso": 119.47,
  "custo": 98.33
}
 
Individuo 7:
{
  "solucao": [1 5 4 0 7]
                [2 1 1 1 1],
  "funcao_objetivo": 0.97459795302278434551302086257194968849815263388034,
  "confiabilidade_total": 0.97459795302278434551302086257194968849815263388034
  "peso": 109.10000000000001,
  "custo": 84.80000000000001
}
 
Individuo 8:
{
  "solucao": [2 0 5 2 7]
                [2 1 1 1 1],
  "funcao_objetivo": 0.97886085893544830544843669159814489551307035208625,
  "confiabilidade_total": 0.97886085893544830544843669159814489551307035208625
  "peso": 117.34000000000002,
  "custo": 69.73
}
 
Individuo 9:
{
  "solucao": [8 5 1 5 0]
                [1 1 1 3 1],
  "funcao_objetivo": 0.97438269035370189373604595360064646722727800586570,
  "confiabilidade_total": 0.97438269035370189373604595360064646722727800586570
  "peso": 111.86999999999999,
  "custo": 85.45
}
 
Individuo 10:
{
  "solucao": [2 7 7 5 5]
                [1 2 1 2 1],
  "funcao_objetivo": 0.97430705152955249049965059953361476164707165320950,
  "confiabilidade_total": 0.97430705152955249049965059953361476164707165320950
  "peso": 109.37000000000002,
  "custo": 84.94000000000001
}
 
Individuo 11:
{
  "solucao": [9 0 6 3 6]
                [2 1 1 1 1],
  "funcao_objetivo": 0.97403946607992963999203710469743829955675124218109,
  "confiabilidade_total": 0.97403946607992963999203710469743829955675124218109
  "peso": 119.27999999999999,
  "custo": 88.41000000000001
}
 
Individuo 12:
{
  "solucao": [1 0 7 5 7]
                [1 1 2 1 1],
  "funcao_objetivo": 0.97402301027900154680980834402247360196887614829045,
  "confiabilidade_total": 0.97402301027900154680980834402247360196887614829045
  "peso": 95.55000000000001,
  "custo": 85.69
}
 
Individuo 13:
{
  "solucao": [1 0 8 5 8]
                [1 1 1 2 2],
  "funcao_objetivo": 0.97351863705585748894375042654615005828836145375255,
  "confiabilidade_total": 0.97351863705585748894375042654615005828836145375255
  "peso": 111.57,
  "custo": 91.53
}
 
Individuo 14:
{
  "solucao": [8 1 4 7 8]
                [2 1 1 1 2],
  "funcao_objetivo": 0.97242213985444363267748089210175018892701624099072,
  "confiabilidade_total": 0.97242213985444363267748089210175018892701624099072
  "peso": 114.32000000000001,
  "custo": 97.03
}
 
Individuo 15:
{
  "solucao": [2 1 3 5 5]
                [1 1 1 2 1],
  "funcao_objetivo": 0.97206171291554140377036848467426840408940263231132,
  "confiabilidade_total": 0.97206171291554140377036848467426840408940263231132
  "peso": 107.17,
  "custo": 67.15
}
 
Individuo 16:
{
  "solucao": [8 1 1 4 0]
                [1 2 1 1 1],
  "funcao_objetivo": 0.97190535711799042098108486197782769546326035261886,
  "confiabilidade_total": 0.97190535711799042098108486197782769546326035261886
  "peso": 112.89999999999999,
  "custo": 87.75
}
 
Individuo 17:
{
  "solucao": [8 1 8 4 1]
                [1 1 2 1 1],
  "funcao_objetivo": 0.97089934113353428085139749313252868378595709681001,
  "confiabilidade_total": 0.97089934113353428085139749313252868378595709681001
  "peso": 103.69,
  "custo": 83.59
}
 
Individuo 18:
{
  "solucao": [2 6 7 1 9]
                [1 1 2 1 1],
  "funcao_objetivo": 0.97085887867373137127026104684503791459130179679800,
  "confiabilidade_total": 0.97085887867373137127026104684503791459130179679800
  "peso": 107.56,
  "custo": 84.07999999999998
}
 
Individuo 19:
{
  "solucao": [3 0 5 0 5]
                [1 1 1 2 1],
  "funcao_objetivo": 0.96972878691932455391494786871157636691023574903588,
  "confiabilidade_total": 0.96972878691932455391494786871157636691023574903588
  "peso": 112.42,
  "custo": 80.93
}
 
Individuo 20:
{
  "solucao": [6 3 1 9 8]
                [1 1 1 2 1],
  "funcao_objetivo": 0.96930567522206419544537400672124954463202428994665,
  "confiabilidade_total": 0.96930567522206419544537400672124954463202428994665
  "peso": 111.67,
  "custo": 88.03
}
 
Individuo 21:
{
  "solucao": [5 2 4 7 5]
                [1 1 1 2 2],
  "funcao_objetivo": 0.96859784983256666779032552690491627615507330938290,
  "confiabilidade_total": 0.96859784983256666779032552690491627615507330938290
  "peso": 118.97,
  "custo": 84.14
}
 
Individuo 22:
{
  "solucao": [5 5 4 6 7]
                [1 3 1 1 1],
  "funcao_objetivo": 0.96806674197108439152100679880299156595480530936043,
  "confiabilidade_total": 0.96806674197108439152100679880299156595480530936043
  "peso": 116.84,
  "custo": 82.49000000000001
}
 
Individuo 23:
{
  "solucao": [1 6 6 3 5]
                [1 1 2 1 1],
  "funcao_objetivo": 0.96693212256856876436315585756298078394808670730830,
  "confiabilidade_total": 0.96693212256856876436315585756298078394808670730830
  "peso": 115.04,
  "custo": 74.15
}
 
Individuo 24:
{
  "solucao": [6 7 8 8 1]
                [1 1 1 2 2],
  "funcao_objetivo": 0.96393853543860146408781274290537954319808720304214,
  "confiabilidade_total": 0.96393853543860146408781274290537954319808720304214
  "peso": 114.11,
  "custo": 96.76
}
 
Individuo 25:
{
  "solucao": [7 7 5 2 0]
                [1 1 1 2 1],
  "funcao_objetivo": 0.96469888095276518720459004512604952640016525335485,
  "confiabilidade_total": 0.96469888095276518720459004512604952640016525335485
  "peso": 108.76,
  "custo": 75.08
}
 
Individuo 26:
{
  "solucao": [5 4 0 9 9]
                [1 1 2 1 1],
  "funcao_objetivo": 0.96314045010339375013412611764509101621994020949169,
  "confiabilidade_total": 0.96314045010339375013412611764509101621994020949169
  "peso": 115.84,
  "custo": 92.15
}
 
Individuo 27:
{
  "solucao": [0 7 8 8 8]
                [2 1 1 1 1],
  "funcao_objetivo": 0.96258997221991827496399817008231384740607142322952,
  "confiabilidade_total": 0.96258997221991827496399817008231384740607142322952
  "peso": 98.42999999999999,
  "custo": 87.11
}
 
Individuo 28:
{
  "solucao": [8 7 0 8 7]
                [1 1 2 1 1],
  "funcao_objetivo": 0.96257719325399715967960278339626153504828969891920,
  "confiabilidade_total": 0.96257719325399715967960278339626153504828969891920
  "peso": 98.0,
  "custo": 88.6
}
 
Individuo 29:
{
  "solucao": [0 8 1 0 6]
                [1 1 1 1 1],
  "funcao_objetivo": 0.96229948517157722746250308405762754247685826614724,
  "confiabilidade_total": 0.96229948517157722746250308405762754247685826614724
  "peso": 93.24,
  "custo": 72.69
}
 
Individuo 30:
{
  "solucao": [0 6 6 0 8]
                [1 1 1 1 2],
  "funcao_objetivo": 0.96213589533758670568410743548095554923961252782028,
  "confiabilidade_total": 0.96213589533758670568410743548095554923961252782028
  "peso": 109.74,
  "custo": 83.66
}
 
Individuo 31:
{
  "solucao": [7 7 5 3 8]
                [1 2 1 1 1],
  "funcao_objetivo": 0.96183560749723115968849293728870655321784222769703,
  "confiabilidade_total": 0.96183560749723115968849293728870655321784222769703
  "peso": 93.91000000000001,
  "custo": 80.16
}
 
Individuo 32:
{
  "solucao": [0 2 2 6 5]
                [1 1 1 1 2],
  "funcao_objetivo": 0.96127869097410067725276975642155923986421850924255,
  "confiabilidade_total": 0.96127869097410067725276975642155923986421850924255
  "peso": 115.21000000000001,
  "custo": 68.08
}
 
Individuo 33:
{
  "solucao": [6 7 9 4 9]
                [1 1 2 1 1],
  "funcao_objetivo": 0.96214614226217402174449815396731276425184351601482,
  "confiabilidade_total": 0.96214614226217402174449815396731276425184351601482
  "peso": 113.15,
  "custo": 94.62
}
 
Individuo 34:
{
  "solucao": [5 1 4 0 0]
                [1 1 1 1 2],
  "funcao_objetivo": 0.95920663961553519862058599987385386986051668723245,
  "confiabilidade_total": 0.95920663961553519862058599987385386986051668723245
  "peso": 117.38999999999999,
  "custo": 87.43
}
 
Individuo 35:
{
  "solucao": [2 0 5 1 4]
                [1 1 1 1 1],
  "funcao_objetivo": 0.95879199551796221117890595940673147870204573240885,
  "confiabilidade_total": 0.95879199551796221117890595940673147870204573240885
  "peso": 99.58000000000001,
  "custo": 64.7
}
 
Individuo 36:
{
  "solucao": [8 1 9 9 6]
                [1 2 1 1 1],
  "funcao_objetivo": 0.95866874862722107694418208090476145472506995144643,
  "confiabilidade_total": 0.95866874862722107694418208090476145472506995144643
  "peso": 107.61999999999999,
  "custo": 90.80000000000001
}
 
Individuo 37:
{
  "solucao": [3 0 2 6 4]
                [1 1 1 1 1],
  "funcao_objetivo": 0.95594727698393634168077271486066934078016368620308,
  "confiabilidade_total": 0.95594727698393634168077271486066934078016368620308
  "peso": 108.92,
  "custo": 63.989999999999995
}
 
Individuo 38:
{
  "solucao": [5 7 1 0 7]
                [1 1 1 1 1],
  "funcao_objetivo": 0.95467412086207410758330736607156029202575419871637,
  "confiabilidade_total": 0.95467412086207410758330736607156029202575419871637
  "peso": 81.4,
  "custo": 70.85
}
 
Individuo 39:
{
  "solucao": [9 5 0 0 6]
                [1 1 1 1 1],
  "funcao_objetivo": 0.95636294673137729502065206525145521803483447991774,
  "confiabilidade_total": 0.95636294673137729502065206525145521803483447991774
  "peso": 93.69999999999999,
  "custo": 72.69
}
 
Individuo 40:
{
  "solucao": [4 3 0 0 9]
                [1 1 1 1 1],
  "funcao_objetivo": 0.96147537715313678652999038681645126018626837762089,
  "confiabilidade_total": 0.96147537715313678652999038681645126018626837762089
  "peso": 104.85,
  "custo": 76.03
}
 
Individuo 41:
{
  "solucao": [3 2 1 7 2]
                [1 1 1 1 1],
  "funcao_objetivo": 0.95282999445889353648775965561343828489306242682020,
  "confiabilidade_total": 0.95282999445889353648775965561343828489306242682020
  "peso": 99.86,
  "custo": 60.550000000000004
}
 
Individuo 42:
{
  "solucao": [5 6 6 2 7]
                [2 1 1 2 0],
  "funcao_objetivo": 0.96388419226542651230501230288863419322975830345906,
  "confiabilidade_total": 0.96388419226542651230501230288863419322975830345906
  "peso": 114.96000000000001,
  "custo": 64.34
}
 
Individuo 43:
{
  "solucao": [2 6 0 5 9]
                [1 1 1 1 1],
  "funcao_objetivo": 0.95074937703660876840345655159368078461396339613370,
  "confiabilidade_total": 0.95074937703660876840345655159368078461396339613370
  "peso": 96.16,
  "custo": 66.07
}
 
Individuo 44:
{
  "solucao": [0 8 4 8 7]
                [1 1 1 1 2],
  "funcao_objetivo": 0.95063350783022776681048135451212181927290448698102,
  "confiabilidade_total": 0.95063350783022776681048135451212181927290448698102
  "peso": 101.48,
  "custo": 86.53
}
 
Individuo 45:
{
  "solucao": [4 3 4 3 1]
                [1 1 1 1 1],
  "funcao_objetivo": 0.94774437440800576527469123689039798536422029135727,
  "confiabilidade_total": 0.94774437440800576527469123689039798536422029135727
  "peso": 109.9,
  "custo": 66.79
}
 
Individuo 46:
{
  "solucao": [2 6 5 7 9]
                [1 1 1 1 2],
  "funcao_objetivo": 0.94674170782627818657402649451575417566337491491005,
  "confiabilidade_total": 0.94674170782627818657402649451575417566337491491005
  "peso": 108.45000000000002,
  "custo": 82.59
}
 
Individuo 47:
{
  "solucao": [3 9 9 0 1]
                [1 1 1 1 1],
  "funcao_objetivo": 0.94637124878374906328203974005819079433966290418923,
  "confiabilidade_total": 0.94637124878374906328203974005819079433966290418923
  "peso": 97.34,
  "custo": 78.42
}
 
Individuo 48:
{
  "solucao": [5 5 2 4 1]
                [1 1 1 1 1],
  "funcao_objetivo": 0.94594653934759817849274564528363442744044681732654,
  "confiabilidade_total": 0.94594653934759817849274564528363442744044681732654
  "peso": 94.03999999999999,
  "custo": 58.9
}
 
Individuo 49:
{
  "solucao": [3 9 5 0 7]
                [1 1 1 1 1],
  "funcao_objetivo": 0.94776814530342827977112116816545072480016527870817,
  "confiabilidade_total": 0.94776814530342827977112116816545072480016527870817
  "peso": 89.71000000000001,
  "custo": 71.03
}
 
Individuo 50:
{
  "solucao": [5 3 5 2 9]
                [1 1 1 1 1],
  "funcao_objetivo": 0.94404120344074325655177130597759277184371176652842,
  "confiabilidade_total": 0.94404120344074325655177130597759277184371176652842
  "peso": 92.75,
  "custo": 59.88
}
 
-----------------------------------------
GERACAO 2
Mutante 1:
[[0.6 2.1 5.  4.5 4. ]
 [1.  1.  1.  1.  1. ]]
 
Mutante 2:
[[0.  0.  9.2 0.  3.3]
 [1.  1.  1.7 0.3 1. ]]
 
Mutante 3:
[[8.3 9.  0.  2.1 5.3]
 [1.  1.  1.  0.3 1. ]]
 
Mutante 4:
[[0.3 0.  8.  2.9 9. ]
 [1.  1.  0.3 2.  2.7]]
 
Mutante 5:
[[9.  1.7 5.9 6.1 1.4]
 [1.  2.7 1.  1.  1. ]]
 
Mutante 6:
[[9.  7.7 7.1 4.8 0. ]
 [1.  1.  1.7 1.3 1. ]]
 
Mutante 7:
[[2.9 7.1 2.6 4.6 8.4]
 [0.3 3.  1.  1.  1. ]]
 
Mutante 8:
[[5.7 2.8 9.  0.  3.2]
 [2.  1.  1.  2.7 1. ]]
 
Mutante 9:
[[0.  7.3 0.  0.  6.7]
 [1.  0.3 1.7 1.  1. ]]
 
Mutante 10:
[[8.5 9.  6.  2.7 7.7]
 [1.3 1.7 1.  2.  1. ]]
 
Mutante 11:
[[0.  1.1 2.9 2.8 9. ]
 [1.7 1.  1.  0.3 1.3]]
 
Mutante 12:
[[6.6 9.  4.7 0.3 7.8]
 [2.  1.  1.  2.  1.7]]
 
Mutante 13:
[[6.4 4.4 3.6 0.  9. ]
 [0.3 0.3 1.  1.  1. ]]
 
Mutante 14:
[[5.5 0.  5.3 0.9 7.4]
 [2.7 1.7 1.  0.3 0.3]]
 
Mutante 15:
[[0.  0.4 8.1 5.8 6.4]
 [0.3 1.  2.7 0.3 1. ]]
 
Mutante 16:
[[9.  8.7 5.4 0.  2.2]
 [2.  1.  1.  2.  0.3]]
 
Mutante 17:
[[4.1 3.9 9.8 0.  8.3]
 [1.7 1.  1.3 1.  1.7]]
 
Mutante 18:
[[5.5 0.7 6.4 2.7 9.8]
 [2.7 1.  1.  1.  1.7]]
 
Mutante 19:
[[1.6 6.2 9.  0.  1.7]
 [1.  0.3 1.  1.  1. ]]
 
Mutante 20:
[[8.7 8.7 5.4 5.2 0.8]
 [1.3 1.  1.  2.  2.4]]
 
Mutante 21:
[[7.3 4.3 0.3 1.5 3.5]
 [0.3 0.3 1.  3.  1.7]]
 
Mutante 22:
[[3.1 2.8 4.9 8.5 7. ]
 [1.  1.  2.  2.4 0.3]]
 
Mutante 23:
[[3.6 2.2 0.  0.  2. ]
 [2.  2.  0.3 1.  1. ]]
 
Mutante 24:
[[9.  9.9 2.1 0.7 6.7]
 [1.7 1.  1.  1.  1. ]]
 
Mutante 25:
[[3.6 3.9 9.5 2.7 3.5]
 [2.  1.  1.  2.  1. ]]
 
Mutante 26:
[[8.7 0.  4.1 7.6 4.6]
 [1.7 2.  0.3 1.  1. ]]
 
Mutante 27:
[[1.3 6.  7.7 4.5 4.8]
 [1.  1.  2.  2.4 1. ]]
 
Mutante 28:
[[2. 6. 0. 5. 9.]
 [1. 1. 1. 1. 1.]]
 
Mutante 29:
[[8.4 5.6 7.1 0.2 9.4]
 [1.7 2.  1.  1.  0.3]]
 
Mutante 30:
[[2.1 8.7 4.7 9.4 7. ]
 [1.  1.  1.  1.  2.7]]
 
Mutante 31:
[[4.9 7.7 8.5 0.  5.6]
 [1.  1.  1.7 2.  1. ]]
 
Mutante 32:
[[6.4 0.  3.3 6.  2.1]
 [1.  3.  1.  1.  1.7]]
 
Mutante 33:
[[2.3 0.  0.  4.6 5.4]
 [0.3 1.  1.  0.3 1.7]]
 
Mutante 34:
[[0.  7.3 4.  9.  9. ]
 [1.  1.  1.  0.3 2.7]]
 
Mutante 35:
[[5.9 2.4 4.7 9.8 9. ]
 [1.3 1.  1.  1.7 2. ]]
 
Mutante 36:
[[4.5 7.8 5.2 2.2 0. ]
 [1.7 1.7 1.  2.3 1. ]]
 
Mutante 37:
[[3.7 0.  0.  8.4 2. ]
 [1.  1.7 1.  0.3 1. ]]
 
Mutante 38:
[[9.  4.9 8.8 0.  9.5]
 [2.  1.  1.  1.  1. ]]
 
Mutante 39:
[[0.  9.  1.1 0.  9. ]
 [2.  1.  0.3 2.  1. ]]
 
Mutante 40:
[[9. 0. 0. 9. 8.]
 [2. 1. 1. 1. 2.]]
 
Mutante 41:
[[0.7 8.8 6.7 0.  6.6]
 [1.  1.  1.  1.  2. ]]
 
Mutante 42:
[[1.  1.1 0.4 7.9 5.7]
 [1.  1.  2.  1.  1. ]]
 
Mutante 43:
[[9.  1.7 3.8 8.2 1. ]
 [0.3 1.  2.7 0.3 1.7]]
 
Mutante 44:
[[5.  5.  6.  1.7 4.1]
 [2.7 2.  1.  1.  1. ]]
 
Mutante 45:
[[2.2 3.7 4.3 2.  9. ]
 [1.  1.  1.  1.  1. ]]
 
Mutante 46:
[[0.2 0.6 0.3 3.5 8.3]
 [1.  1.  1.  1.  1. ]]
 
Mutante 47:
[[9.  9.  4.6 1.4 4.4]
 [3.  1.  1.7 1.  0.3]]
 
Mutante 48:
[[4.5 0.  4.9 5.  7. ]
 [1.  1.  2.  1.  1. ]]
 
Mutante 49:
[[0.3 6.7 8.1 7.2 5. ]
 [0.3 1.7 2.  1.  1. ]]
 
Mutante 50:
[[3.2 4.9 9.  9.  0.3]
 [1.  1.  1.  2.7 2.7]]
 
-----------------------------------------
Número de avaliações até o momento: 100
Evoluido 1:
[[1 7 5 5 4]
 [1 1 1 1 1]]
 
Evoluido 2:
[[0 0 6 1 3]
 [1 1 1 0 1]]
 
Evoluido 3:
[[8 8 4 2 5]
 [1 1 1 0 1]]
 
Evoluido 4:
[[0 7 8 2 9]
 [2 1 1 2 2]]
 
Evoluido 5:
[[9 1 2 6 1]
 [2 2 1 1 1]]
 
Evoluido 6:
[[9 7 7 4 0]
 [1 1 1 1 1]]
 
Evoluido 7:
[[2 5 2 4 7]
 [0 1 1 1 1]]
 
Evoluido 8:
[[5 2 9 2 3]
 [2 1 1 2 1]]
 
Evoluido 9:
[[0 5 1 5 0]
 [1 0 1 1 1]]
 
Evoluido 10:
[[8 9 6 5 7]
 [1 1 1 2 1]]
 
Evoluido 11:
[[9 1 2 2 6]
 [1 1 1 1 1]]
 
Evoluido 12:
[[6 9 4 0 7]
 [2 1 2 1 1]]
 
Evoluido 13:
[[6 0 3 0 8]
 [0 0 1 1 2]]
 
Evoluido 14:
[[8 0 5 0 7]
 [2 1 1 0 0]]
 
Evoluido 15:
[[2 1 8 5 6]
 [0 1 2 0 1]]
 
Evoluido 16:
[[9 8 5 4 2]
 [2 2 1 2 0]]
 
Evoluido 17:
[[8 3 9 4 8]
 [1 1 2 1 1]]
 
Evoluido 18:
[[2 6 6 1 9]
 [2 1 1 1 1]]
 
Evoluido 19:
[[1 6 5 0 1]
 [1 1 1 2 1]]
 
Evoluido 20:
[[8 8 5 5 0]
 [1 1 1 2 1]]
 
Evoluido 21:
[[7 2 4 7 3]
 [0 0 1 2 1]]
 
Evoluido 22:
[[3 5 4 8 7]
 [1 1 2 2 0]]
 
Evoluido 23:
[[3 2 0 3 5]
 [2 2 0 1 1]]
 
Evoluido 24:
[[6 7 2 8 1]
 [1 1 1 1 1]]
 
Evoluido 25:
[[3 3 9 2 0]
 [2 1 1 2 1]]
 
Evoluido 26:
[[5 0 0 7 9]
 [1 2 0 1 1]]
 
Evoluido 27:
[[1 7 8 4 4]
 [1 1 1 2 1]]
 
Evoluido 28:
[[2 6 0 5 9]
 [1 1 2 1 1]]
 
Evoluido 29:
[[8 5 7 0 6]
 [1 2 1 1 0]]
 
Evoluido 30:
[[2 8 4 9 7]
 [1 1 1 1 2]]
 
Evoluido 31:
[[4 7 8 3 5]
 [1 2 1 2 1]]
 
Evoluido 32:
[[0 0 2 6 2]
 [1 3 1 1 1]]
 
Evoluido 33:
[[6 0 0 4 5]
 [1 1 2 1 1]]
 
Evoluido 34:
[[0 7 4 9 9]
 [1 1 1 0 2]]
 
Evoluido 35:
[[2 0 4 9 9]
 [1 1 1 1 2]]
 
Evoluido 36:
[[4 7 9 9 6]
 [1 1 1 2 1]]
 
Evoluido 37:
[[3 0 0 8 2]
 [1 1 1 0 1]]
 
Evoluido 38:
[[9 7 8 0 9]
 [2 1 1 1 1]]
 
Evoluido 39:
[[0 5 1 0 6]
 [1 1 0 1 1]]
 
Evoluido 40:
[[9 0 0 0 9]
 [2 1 1 1 1]]
 
Evoluido 41:
[[0 2 1 0 6]
 [1 1 1 1 2]]
 
Evoluido 42:
[[1 6 6 7 5]
 [2 1 2 2 0]]
 
Evoluido 43:
[[9 1 0 8 1]
 [1 1 2 0 1]]
 
Evoluido 44:
[[5 5 6 8 7]
 [1 1 1 1 1]]
 
Evoluido 45:
[[2 3 4 2 9]
 [1 1 1 1 1]]
 
Evoluido 46:
[[2 0 5 3 9]
 [1 1 1 1 1]]
 
Evoluido 47:
[[9 9 4 1 4]
 [3 1 1 1 1]]
 
Evoluido 48:
[[4 0 2 5 7]
 [1 1 1 1 1]]
 
Evoluido 49:
[[0 6 8 7 5]
 [0 1 1 1 1]]
 
Evoluido 50:
[[3 4 9 2 9]
 [1 1 1 1 1]]
 
-----------------------------------------
Individuo 1:
{
  "solucao": [1 7 7 5 3]
                [2 2 1 1 1],
  "funcao_objetivo": 0.99115455061397402988831563401674430639208379350076,
  "confiabilidade_total": 0.99115455061397402988831563401674430639208379350076
  "peso": 115.53,
  "custo": 96.31
}
 
Individuo 2:
{
  "solucao": [5 5 6 1 2]
                [2 2 1 1 1],
  "funcao_objetivo": 0.99039666041870072183297696819133324518562848327012,
  "confiabilidade_total": 0.99039666041870072183297696819133324518562848327012
  "peso": 119.77,
  "custo": 77.85
}
 
Individuo 3:
{
  "solucao": [8 8 4 1 5]
                [2 1 1 2 1],
  "funcao_objetivo": 0.98749411730510410378300947156748933753586543593715,
  "confiabilidade_total": 0.98749411730510410378300947156748933753586543593715
  "peso": 118.42000000000002,
  "custo": 93.9
}
 
Individuo 4:
{
  "solucao": [5 7 8 1 6]
                [2 1 1 2 1],
  "funcao_objetivo": 0.98699425117558525826271778504734524198271388266954,
  "confiabilidade_total": 0.98699425117558525826271778504734524198271388266954
  "peso": 114.41,
  "custo": 90.68
}
 
Individuo 5:
{
  "solucao": [7 0 2 2 7]
                [2 1 1 1 1],
  "funcao_objetivo": 0.97834362665115733687069306484730617898608782931431,
  "confiabilidade_total": 0.97834362665115733687069306484730617898608782931431
  "peso": 108.18,
  "custo": 79.61
}
 
Individuo 6:
{
  "solucao": [7 8 6 0 3]
                [3 1 1 1 1],
  "funcao_objetivo": 0.97551770151512111119691215230897363751711614978560,
  "confiabilidade_total": 0.97551770151512111119691215230897363751711614978560
  "peso": 119.47,
  "custo": 98.33
}
 
Individuo 7:
{
  "solucao": [1 5 4 0 7]
                [2 1 1 1 1],
  "funcao_objetivo": 0.97459795302278434551302086257194968849815263388034,
  "confiabilidade_total": 0.97459795302278434551302086257194968849815263388034
  "peso": 109.10000000000001,
  "custo": 84.80000000000001
}
 
Individuo 8:
{
  "solucao": [2 0 5 2 7]
                [2 1 1 1 1],
  "funcao_objetivo": 0.97886085893544830544843669159814489551307035208625,
  "confiabilidade_total": 0.97886085893544830544843669159814489551307035208625
  "peso": 117.34000000000002,
  "custo": 69.73
}
 
Individuo 9:
{
  "solucao": [8 5 1 5 0]
                [1 1 1 3 1],
  "funcao_objetivo": 0.97438269035370189373604595360064646722727800586570,
  "confiabilidade_total": 0.97438269035370189373604595360064646722727800586570
  "peso": 111.86999999999999,
  "custo": 85.45
}
 
Individuo 10:
{
  "solucao": [2 7 7 5 5]
                [1 2 1 2 1],
  "funcao_objetivo": 0.97430705152955249049965059953361476164707165320950,
  "confiabilidade_total": 0.97430705152955249049965059953361476164707165320950
  "peso": 109.37000000000002,
  "custo": 84.94000000000001
}
 
Individuo 11:
{
  "solucao": [9 0 6 3 6]
                [2 1 1 1 1],
  "funcao_objetivo": 0.97403946607992963999203710469743829955675124218109,
  "confiabilidade_total": 0.97403946607992963999203710469743829955675124218109
  "peso": 119.27999999999999,
  "custo": 88.41000000000001
}
 
Individuo 12:
{
  "solucao": [1 0 7 5 7]
                [1 1 2 1 1],
  "funcao_objetivo": 0.97402301027900154680980834402247360196887614829045,
  "confiabilidade_total": 0.97402301027900154680980834402247360196887614829045
  "peso": 95.55000000000001,
  "custo": 85.69
}
 
Individuo 13:
{
  "solucao": [1 0 8 5 8]
                [1 1 1 2 2],
  "funcao_objetivo": 0.97351863705585748894375042654615005828836145375255,
  "confiabilidade_total": 0.97351863705585748894375042654615005828836145375255
  "peso": 111.57,
  "custo": 91.53
}
 
Individuo 14:
{
  "solucao": [8 1 4 7 8]
                [2 1 1 1 2],
  "funcao_objetivo": 0.97242213985444363267748089210175018892701624099072,
  "confiabilidade_total": 0.97242213985444363267748089210175018892701624099072
  "peso": 114.32000000000001,
  "custo": 97.03
}
 
Individuo 15:
{
  "solucao": [2 1 3 5 5]
                [1 1 1 2 1],
  "funcao_objetivo": 0.97206171291554140377036848467426840408940263231132,
  "confiabilidade_total": 0.97206171291554140377036848467426840408940263231132
  "peso": 107.17,
  "custo": 67.15
}
 
Individuo 16:
{
  "solucao": [8 1 1 4 0]
                [1 2 1 1 1],
  "funcao_objetivo": 0.97190535711799042098108486197782769546326035261886,
  "confiabilidade_total": 0.97190535711799042098108486197782769546326035261886
  "peso": 112.89999999999999,
  "custo": 87.75
}
 
Individuo 17:
{
  "solucao": [8 1 8 4 1]
                [1 1 2 1 1],
  "funcao_objetivo": 0.97089934113353428085139749313252868378595709681001,
  "confiabilidade_total": 0.97089934113353428085139749313252868378595709681001
  "peso": 103.69,
  "custo": 83.59
}
 
Individuo 18:
{
  "solucao": [2 6 7 1 9]
                [1 1 2 1 1],
  "funcao_objetivo": 0.97085887867373137127026104684503791459130179679800,
  "confiabilidade_total": 0.97085887867373137127026104684503791459130179679800
  "peso": 107.56,
  "custo": 84.07999999999998
}
 
Individuo 19:
{
  "solucao": [1 6 5 0 1]
                [1 1 1 2 1],
  "funcao_objetivo": 0.97289251340762450228911807551115747894954025687827,
  "confiabilidade_total": 0.97289251340762450228911807551115747894954025687827
  "peso": 111.49000000000001,
  "custo": 84.4
}
 
Individuo 20:
{
  "solucao": [6 3 1 9 8]
                [1 1 1 2 1],
  "funcao_objetivo": 0.96930567522206419544537400672124954463202428994665,
  "confiabilidade_total": 0.96930567522206419544537400672124954463202428994665
  "peso": 111.67,
  "custo": 88.03
}
 
Individuo 21:
{
  "solucao": [5 2 4 7 5]
                [1 1 1 2 2],
  "funcao_objetivo": 0.96859784983256666779032552690491627615507330938290,
  "confiabilidade_total": 0.96859784983256666779032552690491627615507330938290
  "peso": 118.97,
  "custo": 84.14
}
 
Individuo 22:
{
  "solucao": [3 5 4 8 7]
                [1 1 2 2 0],
  "funcao_objetivo": 0.98341159717754882749825191349505150601576973522672,
  "confiabilidade_total": 0.98341159717754882749825191349505150601576973522672
  "peso": 113.53999999999999,
  "custo": 77.07
}
 
Individuo 23:
{
  "solucao": [1 6 6 3 5]
                [1 1 2 1 1],
  "funcao_objetivo": 0.96693212256856876436315585756298078394808670730830,
  "confiabilidade_total": 0.96693212256856876436315585756298078394808670730830
  "peso": 115.04,
  "custo": 74.15
}
 
Individuo 24:
{
  "solucao": [6 7 8 8 1]
                [1 1 1 2 2],
  "funcao_objetivo": 0.96393853543860146408781274290537954319808720304214,
  "confiabilidade_total": 0.96393853543860146408781274290537954319808720304214
  "peso": 114.11,
  "custo": 96.76
}
 
Individuo 25:
{
  "solucao": [7 7 5 2 0]
                [1 1 1 2 1],
  "funcao_objetivo": 0.96469888095276518720459004512604952640016525335485,
  "confiabilidade_total": 0.96469888095276518720459004512604952640016525335485
  "peso": 108.76,
  "custo": 75.08
}
 
Individuo 26:
{
  "solucao": [5 4 0 9 9]
                [1 1 2 1 1],
  "funcao_objetivo": 0.96314045010339375013412611764509101621994020949169,
  "confiabilidade_total": 0.96314045010339375013412611764509101621994020949169
  "peso": 115.84,
  "custo": 92.15
}
 
Individuo 27:
{
  "solucao": [1 7 8 4 4]
                [1 1 1 2 1],
  "funcao_objetivo": 0.96858014569070860472465061690822848268365479629591,
  "confiabilidade_total": 0.96858014569070860472465061690822848268365479629591
  "peso": 118.08,
  "custo": 85.06
}
 
Individuo 28:
{
  "solucao": [2 6 0 5 9]
                [1 1 2 1 1],
  "funcao_objetivo": 0.96556456326780004144931316743392575582186373033648,
  "confiabilidade_total": 0.96556456326780004144931316743392575582186373033648
  "peso": 116.42999999999999,
  "custo": 82.18
}
 
Individuo 29:
{
  "solucao": [0 8 1 0 6]
                [1 1 1 1 1],
  "funcao_objetivo": 0.96229948517157722746250308405762754247685826614724,
  "confiabilidade_total": 0.96229948517157722746250308405762754247685826614724
  "peso": 93.24,
  "custo": 72.69
}
 
Individuo 30:
{
  "solucao": [0 6 6 0 8]
                [1 1 1 1 2],
  "funcao_objetivo": 0.96213589533758670568410743548095554923961252782028,
  "confiabilidade_total": 0.96213589533758670568410743548095554923961252782028
  "peso": 109.74,
  "custo": 83.66
}
 
Individuo 31:
{
  "solucao": [7 7 5 3 8]
                [1 2 1 1 1],
  "funcao_objetivo": 0.96183560749723115968849293728870655321784222769703,
  "confiabilidade_total": 0.96183560749723115968849293728870655321784222769703
  "peso": 93.91000000000001,
  "custo": 80.16
}
 
Individuo 32:
{
  "solucao": [0 2 2 6 5]
                [1 1 1 1 2],
  "funcao_objetivo": 0.96127869097410067725276975642155923986421850924255,
  "confiabilidade_total": 0.96127869097410067725276975642155923986421850924255
  "peso": 115.21000000000001,
  "custo": 68.08
}
 
Individuo 33:
{
  "solucao": [6 0 0 4 5]
                [1 1 2 1 1],
  "funcao_objetivo": 0.97659072030109222851886309865593588785621395380060,
  "confiabilidade_total": 0.97659072030109222851886309865593588785621395380060
  "peso": 119.31,
  "custo": 85.05
}
 
Individuo 34:
{
  "solucao": [5 1 4 0 0]
                [1 1 1 1 2],
  "funcao_objetivo": 0.95920663961553519862058599987385386986051668723245,
  "confiabilidade_total": 0.95920663961553519862058599987385386986051668723245
  "peso": 117.38999999999999,
  "custo": 87.43
}
 
Individuo 35:
{
  "solucao": [2 0 5 1 4]
                [1 1 1 1 1],
  "funcao_objetivo": 0.95879199551796221117890595940673147870204573240885,
  "confiabilidade_total": 0.95879199551796221117890595940673147870204573240885
  "peso": 99.58000000000001,
  "custo": 64.7
}
 
Individuo 36:
{
  "solucao": [4 7 9 9 6]
                [1 1 1 2 1],
  "funcao_objetivo": 0.95932937452559974945674554689896628290719501281801,
  "confiabilidade_total": 0.95932937452559974945674554689896628290719501281801
  "peso": 113.14999999999999,
  "custo": 94.62
}
 
Individuo 37:
{
  "solucao": [3 0 2 6 4]
                [1 1 1 1 1],
  "funcao_objetivo": 0.95594727698393634168077271486066934078016368620308,
  "confiabilidade_total": 0.95594727698393634168077271486066934078016368620308
  "peso": 108.92,
  "custo": 63.989999999999995
}
 
Individuo 38:
{
  "solucao": [9 7 8 0 9]
                [2 1 1 1 1],
  "funcao_objetivo": 0.96955524101726922231476310331687690293528392255159,
  "confiabilidade_total": 0.96955524101726922231476310331687690293528392255159
  "peso": 104.22999999999999,
  "custo": 97.66999999999999
}
 
Individuo 39:
{
  "solucao": [9 5 0 0 6]
                [1 1 1 1 1],
  "funcao_objetivo": 0.95636294673137729502065206525145521803483447991774,
  "confiabilidade_total": 0.95636294673137729502065206525145521803483447991774
  "peso": 93.69999999999999,
  "custo": 72.69
}
 
Individuo 40:
{
  "solucao": [9 0 0 0 9]
                [2 1 1 1 1],
  "funcao_objetivo": 0.96473696610560395255634757898913182536659950188288,
  "confiabilidade_total": 0.98173696610560383928584349160753578864557856491694
  "peso": 116.03999999999999,
  "custo": 101.69999999999999
}
 
Individuo 41:
{
  "solucao": [0 2 1 0 6]
                [1 1 1 1 2],
  "funcao_objetivo": 0.95884865674553180482822066471414786016269835441168,
  "confiabilidade_total": 0.97059865674553177710040062470086326308249744384344
  "peso": 121.41,
  "custo": 81.2
}
 
Individuo 42:
{
  "solucao": [5 6 6 2 7]
                [2 1 1 2 0],
  "funcao_objetivo": 0.96388419226542651230501230288863419322975830345906,
  "confiabilidade_total": 0.96388419226542651230501230288863419322975830345906
  "peso": 114.96000000000001,
  "custo": 64.34
}
 
Individuo 43:
{
  "solucao": [2 6 0 5 9]
                [1 1 1 1 1],
  "funcao_objetivo": 0.95074937703660876840345655159368078461396339613370,
  "confiabilidade_total": 0.95074937703660876840345655159368078461396339613370
  "peso": 96.16,
  "custo": 66.07
}
 
Individuo 44:
{
  "solucao": [0 8 4 8 7]
                [1 1 1 1 2],
  "funcao_objetivo": 0.95063350783022776681048135451212181927290448698102,
  "confiabilidade_total": 0.95063350783022776681048135451212181927290448698102
  "peso": 101.48,
  "custo": 86.53
}
 
Individuo 45:
{
  "solucao": [2 3 4 2 9]
                [1 1 1 1 1],
  "funcao_objetivo": 0.95196154965799421477572340009683579079811833889499,
  "confiabilidade_total": 0.95196154965799421477572340009683579079811833889499
  "peso": 109.77,
  "custo": 62.79
}
 
Individuo 46:
{
  "solucao": [2 0 5 3 9]
                [1 1 1 1 1],
  "funcao_objetivo": 0.95484925919217276156197412664661839766226975703830,
  "confiabilidade_total": 0.95484925919217276156197412664661839766226975703830
  "peso": 98.28999999999999,
  "custo": 65.68
}
 
Individuo 47:
{
  "solucao": [3 9 9 0 1]
                [1 1 1 1 1],
  "funcao_objetivo": 0.94637124878374906328203974005819079433966290418923,
  "confiabilidade_total": 0.94637124878374906328203974005819079433966290418923
  "peso": 97.34,
  "custo": 78.42
}
 
Individuo 48:
{
  "solucao": [4 0 2 5 7]
                [1 1 1 1 1],
  "funcao_objetivo": 0.95486218804368551545780237815260961518550813384259,
  "confiabilidade_total": 0.95486218804368551545780237815260961518550813384259
  "peso": 95.63000000000001,
  "custo": 64.79
}
 
Individuo 49:
{
  "solucao": [3 9 5 0 7]
                [1 1 1 1 1],
  "funcao_objetivo": 0.94776814530342827977112116816545072480016527870817,
  "confiabilidade_total": 0.94776814530342827977112116816545072480016527870817
  "peso": 89.71000000000001,
  "custo": 71.03
}
 
Individuo 50:
{
  "solucao": [5 3 5 2 9]
                [1 1 1 1 1],
  "funcao_objetivo": 0.94404120344074325655177130597759277184371176652842,
  "confiabilidade_total": 0.94404120344074325655177130597759277184371176652842
  "peso": 92.75,
  "custo": 59.88
}
 
-----------------------------------------
GERACAO 3
Mutante 1:
[[7.5 0.  3.4 0.8 3.5]
 [1.  1.  1.  1.  1. ]]
 
Mutante 2:
[[0.  7.6 1.7 0.  6.7]
 [1.  1.  0.3 1.  2. ]]
 
Mutante 3:
[[1.7 1.4 9.1 2.9 3. ]
 [2.  2.  1.7 1.  0.3]]
 
Mutante 4:
[[7.9 3.6 4.7 9.4 7.7]
 [1.7 1.  2.  2.  1. ]]
 
Mutante 5:
[[4.5 9.  9.  0.5 4.7]
 [1.7 1.  1.  2.7 0.3]]
 
Mutante 6:
[[3.6 0.  1.2 7.  5. ]
 [1.  1.  1.  2.7 2. ]]
 
Mutante 7:
[[3.8 5.  0.  7.1 0. ]
 [0.3 1.  1.  3.  1. ]]
 
Mutante 8:
[[5.9 2.1 3.1 0.5 6.8]
 [1.7 0.3 1.  1.3 1. ]]
 
Mutante 9:
[[0.  9.5 1.4 3.6 9. ]
 [1.  1.  1.  1.  1. ]]
 
Mutante 10:
[[2.4 5.6 4.2 2.9 4.4]
 [2.  2.  1.7 1.  0.3]]
 
Mutante 11:
[[5.  0.8 3.9 0.  1.3]
 [2.  2.  1.  1.  1. ]]
 
Mutante 12:
[[8.7 6.6 9.  1.2 0. ]
 [2.4 1.  1.3 1.  1. ]]
 
Mutante 13:
[[3.6 9.  7.3 5.2 6. ]
 [1.3 1.  1.  2.  1.7]]
 
Mutante 14:
[[3.  0.  0.  8.1 0.5]
 [0.3 1.7 1.  0.3 1. ]]
 
Mutante 15:
[[1.5 1.9 0.  9.  9. ]
 [0.3 0.3 2.  1.  1.7]]
 
Mutante 16:
[[2.2 6.1 0.  4.1 9. ]
 [1.7 1.  2.  0.3 0.3]]
 
Mutante 17:
[[5.7 0.  4.3 2.  9. ]
 [1.  1.  0.3 1.  1. ]]
 
Mutante 18:
[[9.  7.3 0.5 2.4 1.5]
 [2.  1.  0.3 3.  1. ]]
 
Mutante 19:
[[0.  5.8 5.4 4.1 6.2]
 [1.  1.7 1.  1.7 1. ]]
 
Mutante 20:
[[4.9 0.  2.7 0.  8.4]
 [2.7 1.  1.  0.3 0.3]]
 
Mutante 21:
[[4.8 1.1 0.  4.3 9. ]
 [1.  0.3 2.7 0.3 1. ]]
 
Mutante 22:
[[9.  7.7 9.  0.  2.7]
 [2.  1.  0.3 1.7 1. ]]
 
Mutante 23:
[[9.1 0.  4.8 0.  0.7]
 [2.  1.  0.3 1.  1.7]]
 
Mutante 24:
[[3.4 2.1 7.1 0.  9. ]
 [2.  1.  1.  1.  1. ]]
 
Mutante 25:
[[5.9 5.7 1.7 5.  4.9]
 [0.3 0.3 1.7 3.  1. ]]
 
Mutante 26:
[[4.  9.  9.  9.  8.1]
 [1.  1.  1.7 2.7 0.3]]
 
Mutante 27:
[[8.5 6.9 4.  7.7 2.2]
 [1.  1.  1.  2.7 2. ]]
 
Mutante 28:
[[0.  0.  3.6 0.  7.7]
 [2.  1.  1.7 0.3 1. ]]
 
Mutante 29:
[[5.7 3.  2.9 0.  9. ]
 [1.  1.7 1.  0.3 0.3]]
 
Mutante 30:
[[7.7 4.2 0.  2.  8.4]
 [2.  1.  1.  1.  1. ]]
 
Mutante 31:
[[0.7 2.5 1.8 2.1 9. ]
 [0.3 0.3 1.7 1.  2. ]]
 
Mutante 32:
[[0.  3.9 8.1 0.2 2.2]
 [1.  1.  1.3 1.7 1. ]]
 
Mutante 33:
[[0.  0.  7.  8.5 6.3]
 [0.3 1.  2.  1.7 1.7]]
 
Mutante 34:
[[6.2 6.3 7.7 5.  0. ]
 [1.  2.  0.3 3.  1. ]]
 
Mutante 35:
[[0.  5.3 8.1 5.8 5. ]
 [0.3 1.7 2.  1.  1. ]]
 
Mutante 36:
[[0.  5.3 6.  0.  4.5]
 [1.  1.  1.  0.3 2. ]]
 
Mutante 37:
[[8.5 3.7 6.4 5.5 6.2]
 [1.  1.  0.3 1.7 1.7]]
 
Mutante 38:
[[1.3 1.4 7.8 0.9 9. ]
 [1.  1.  1.  0.3 1. ]]
 
Mutante 39:
[[7.5 7.7 9.  9.7 4.6]
 [1.7 1.  1.  2.7 0.3]]
 
Mutante 40:
[[0.  3.4 5.2 0.  8.1]
 [1.7 1.7 1.  1.  2. ]]
 
Mutante 41:
[[6.  3.7 1.  9.7 9. ]
 [1.  0.3 1.  2.7 0.3]]
 
Mutante 42:
[[9.  2.6 0.  4.8 9. ]
 [1.7 1.  2.  1.  0.3]]
 
Mutante 43:
[[3.6 4.5 4.  4.2 0. ]
 [1.  1.  1.  1.  2.7]]
 
Mutante 44:
[[7.  8.  5.3 0.  3.7]
 [3.  1.  1.  1.  1. ]]
 
Mutante 45:
[[3.1 6.7 9.  0.  0. ]
 [1.7 1.  0.3 2.7 1. ]]
 
Mutante 46:
[[0.9 1.4 4.1 5.3 3.3]
 [1.  1.  1.7 1.  0.3]]
 
Mutante 47:
[[9.4 0.  0.  7.  9. ]
 [0.6 1.  1.  1.  2. ]]
 
Mutante 48:
[[1.4 7.  7.8 2.  0.7]
 [1.7 1.  1.  2.  1. ]]
 
Mutante 49:
[[9.7 0.  3.9 4.4 6. ]
 [2.  1.  0.3 1.7 1. ]]
 
Mutante 50:
[[3.6 9.  9.5 3.4 0.7]
 [1.3 1.  1.  2.7 1. ]]
 
-----------------------------------------
Número de avaliações até o momento: 150
Evoluido 1:
[[1 7 3 5 3]
 [1 2 1 1 1]]
 
Evoluido 2:
[[0 5 6 0 2]
 [1 1 1 1 1]]
 
Evoluido 3:
[[8 1 4 1 3]
 [2 2 1 1 0]]
 
Evoluido 4:
[[7 7 4 1 7]
 [2 1 2 2 1]]
 
Evoluido 5:
[[4 9 2 0 4]
 [1 1 1 2 1]]
 
Evoluido 6:
[[7 0 1 7 5]
 [3 1 1 1 2]]
 
Evoluido 7:
[[3 5 4 7 7]
 [0 1 1 3 1]]
 
Evoluido 8:
[[5 2 5 0 7]
 [1 0 1 1 1]]
 
Evoluido 9:
[[8 9 1 3 9]
 [1 1 1 1 1]]
 
Evoluido 10:
[[2 5 4 2 4]
 [1 2 1 1 0]]
 
Evoluido 11:
[[5 0 3 0 1]
 [2 2 1 1 1]]
 
Evoluido 12:
[[8 6 9 5 7]
 [1 1 1 1 1]]
 
Evoluido 13:
[[3 0 7 5 6]
 [1 1 1 2 1]]
 
Evoluido 14:
[[3 1 4 8 0]
 [0 1 1 0 1]]
 
Evoluido 15:
[[1 1 0 9 5]
 [0 0 2 1 1]]
 
Evoluido 16:
[[8 6 0 4 9]
 [1 1 2 0 1]]
 
Evoluido 17:
[[8 1 4 2 9]
 [1 1 0 1 1]]
 
Evoluido 18:
[[9 7 0 1 9]
 [2 1 0 3 1]]
 
Evoluido 19:
[[1 5 5 4 1]
 [1 1 1 1 1]]
 
Evoluido 20:
[[4 0 2 0 8]
 [2 1 1 0 1]]
 
Evoluido 21:
[[4 1 0 4 9]
 [1 0 1 2 1]]
 
Evoluido 22:
[[9 7 4 0 2]
 [2 1 2 1 1]]
 
Evoluido 23:
[[9 0 6 0 0]
 [2 1 0 1 1]]
 
Evoluido 24:
[[3 2 7 0 1]
 [2 1 1 2 1]]
 
Evoluido 25:
[[5 7 1 2 4]
 [1 0 1 3 1]]
 
Evoluido 26:
[[5 4 9 9 8]
 [1 1 1 2 1]]
 
Evoluido 27:
[[8 6 4 7 2]
 [1 1 1 2 1]]
 
Evoluido 28:
[[0 0 0 0 9]
 [2 1 2 0 1]]
 
Evoluido 29:
[[5 3 2 0 9]
 [1 1 1 0 1]]
 
Evoluido 30:
[[0 6 0 0 8]
 [2 1 1 1 2]]
 
Evoluido 31:
[[0 2 5 2 8]
 [1 2 1 1 2]]
 
Evoluido 32:
[[0 2 8 0 2]
 [1 1 1 1 1]]
 
Evoluido 33:
[[0 0 0 8 6]
 [0 1 2 1 1]]
 
Evoluido 34:
[[5 6 7 5 0]
 [1 2 0 1 1]]
 
Evoluido 35:
[[0 5 8 5 4]
 [1 1 2 1 1]]
 
Evoluido 36:
[[4 5 9 0 4]
 [1 1 1 0 2]]
 
Evoluido 37:
[[8 3 2 6 6]
 [1 1 1 1 1]]
 
Evoluido 38:
[[9 7 8 0 9]
 [1 1 1 0 1]]
 
Evoluido 39:
[[7 7 9 9 4]
 [1 1 1 2 0]]
 
Evoluido 40:
[[9 3 5 0 8]
 [1 1 1 1 2]]
 
Evoluido 41:
[[6 3 1 0 9]
 [1 1 1 1 0]]
 
Evoluido 42:
[[9 2 0 2 9]
 [1 1 2 1 0]]
 
Evoluido 43:
[[2 6 4 5 0]
 [1 1 1 1 2]]
 
Evoluido 44:
[[0 8 4 0 3]
 [3 1 1 1 1]]
 
Evoluido 45:
[[3 3 9 0 9]
 [1 1 0 2 1]]
 
Evoluido 46:
[[2 0 4 3 9]
 [1 1 1 1 1]]
 
Evoluido 47:
[[9 0 0 0 9]
 [1 1 1 1 2]]
 
Evoluido 48:
[[1 7 2 5 0]
 [1 1 1 2 1]]
 
Evoluido 49:
[[9 0 3 4 7]
 [2 1 0 1 1]]
 
Evoluido 50:
[[3 9 9 3 9]
 [1 1 1 2 1]]
 
-----------------------------------------
Individuo 1:
{
  "solucao": [1 7 7 5 3]
                [2 2 1 1 1],
  "funcao_objetivo": 0.99115455061397402988831563401674430639208379350076,
  "confiabilidade_total": 0.99115455061397402988831563401674430639208379350076
  "peso": 115.53,
  "custo": 96.31
}
 
Individuo 2:
{
  "solucao": [5 5 6 1 2]
                [2 2 1 1 1],
  "funcao_objetivo": 0.99039666041870072183297696819133324518562848327012,
  "confiabilidade_total": 0.99039666041870072183297696819133324518562848327012
  "peso": 119.77,
  "custo": 77.85
}
 
Individuo 3:
{
  "solucao": [8 8 4 1 5]
                [2 1 1 2 1],
  "funcao_objetivo": 0.98749411730510410378300947156748933753586543593715,
  "confiabilidade_total": 0.98749411730510410378300947156748933753586543593715
  "peso": 118.42000000000002,
  "custo": 93.9
}
 
Individuo 4:
{
  "solucao": [5 7 8 1 6]
                [2 1 1 2 1],
  "funcao_objetivo": 0.98699425117558525826271778504734524198271388266954,
  "confiabilidade_total": 0.98699425117558525826271778504734524198271388266954
  "peso": 114.41,
  "custo": 90.68
}
 
Individuo 5:
{
  "solucao": [7 0 2 2 7]
                [2 1 1 1 1],
  "funcao_objetivo": 0.97834362665115733687069306484730617898608782931431,
  "confiabilidade_total": 0.97834362665115733687069306484730617898608782931431
  "peso": 108.18,
  "custo": 79.61
}
 
Individuo 6:
{
  "solucao": [7 8 6 0 3]
                [3 1 1 1 1],
  "funcao_objetivo": 0.97551770151512111119691215230897363751711614978560,
  "confiabilidade_total": 0.97551770151512111119691215230897363751711614978560
  "peso": 119.47,
  "custo": 98.33
}
 
Individuo 7:
{
  "solucao": [1 5 4 0 7]
                [2 1 1 1 1],
  "funcao_objetivo": 0.97459795302278434551302086257194968849815263388034,
  "confiabilidade_total": 0.97459795302278434551302086257194968849815263388034
  "peso": 109.10000000000001,
  "custo": 84.80000000000001
}
 
Individuo 8:
{
  "solucao": [2 0 5 2 7]
                [2 1 1 1 1],
  "funcao_objetivo": 0.97886085893544830544843669159814489551307035208625,
  "confiabilidade_total": 0.97886085893544830544843669159814489551307035208625
  "peso": 117.34000000000002,
  "custo": 69.73
}
 
Individuo 9:
{
  "solucao": [8 5 1 5 0]
                [1 1 1 3 1],
  "funcao_objetivo": 0.97438269035370189373604595360064646722727800586570,
  "confiabilidade_total": 0.97438269035370189373604595360064646722727800586570
  "peso": 111.86999999999999,
  "custo": 85.45
}
 
Individuo 10:
{
  "solucao": [2 7 7 5 5]
                [1 2 1 2 1],
  "funcao_objetivo": 0.97430705152955249049965059953361476164707165320950,
  "confiabilidade_total": 0.97430705152955249049965059953361476164707165320950
  "peso": 109.37000000000002,
  "custo": 84.94000000000001
}
 
Individuo 11:
{
  "solucao": [9 0 6 3 6]
                [2 1 1 1 1],
  "funcao_objetivo": 0.97403946607992963999203710469743829955675124218109,
  "confiabilidade_total": 0.97403946607992963999203710469743829955675124218109
  "peso": 119.27999999999999,
  "custo": 88.41000000000001
}
 
Individuo 12:
{
  "solucao": [1 0 7 5 7]
                [1 1 2 1 1],
  "funcao_objetivo": 0.97402301027900154680980834402247360196887614829045,
  "confiabilidade_total": 0.97402301027900154680980834402247360196887614829045
  "peso": 95.55000000000001,
  "custo": 85.69
}
 
Individuo 13:
{
  "solucao": [1 0 8 5 8]
                [1 1 1 2 2],
  "funcao_objetivo": 0.97351863705585748894375042654615005828836145375255,
  "confiabilidade_total": 0.97351863705585748894375042654615005828836145375255
  "peso": 111.57,
  "custo": 91.53
}
 
Individuo 14:
{
  "solucao": [8 1 4 7 8]
                [2 1 1 1 2],
  "funcao_objetivo": 0.97242213985444363267748089210175018892701624099072,
  "confiabilidade_total": 0.97242213985444363267748089210175018892701624099072
  "peso": 114.32000000000001,
  "custo": 97.03
}
 
Individuo 15:
{
  "solucao": [2 1 3 5 5]
                [1 1 1 2 1],
  "funcao_objetivo": 0.97206171291554140377036848467426840408940263231132,
  "confiabilidade_total": 0.97206171291554140377036848467426840408940263231132
  "peso": 107.17,
  "custo": 67.15
}
 
Individuo 16:
{
  "solucao": [8 1 1 4 0]
                [1 2 1 1 1],
  "funcao_objetivo": 0.97190535711799042098108486197782769546326035261886,
  "confiabilidade_total": 0.97190535711799042098108486197782769546326035261886
  "peso": 112.89999999999999,
  "custo": 87.75
}
 
Individuo 17:
{
  "solucao": [8 1 8 4 1]
                [1 1 2 1 1],
  "funcao_objetivo": 0.97089934113353428085139749313252868378595709681001,
  "confiabilidade_total": 0.97089934113353428085139749313252868378595709681001
  "peso": 103.69,
  "custo": 83.59
}
 
Individuo 18:
{
  "solucao": [2 6 7 1 9]
                [1 1 2 1 1],
  "funcao_objetivo": 0.97085887867373137127026104684503791459130179679800,
  "confiabilidade_total": 0.97085887867373137127026104684503791459130179679800
  "peso": 107.56,
  "custo": 84.07999999999998
}
 
Individuo 19:
{
  "solucao": [1 6 5 0 1]
                [1 1 1 2 1],
  "funcao_objetivo": 0.97289251340762450228911807551115747894954025687827,
  "confiabilidade_total": 0.97289251340762450228911807551115747894954025687827
  "peso": 111.49000000000001,
  "custo": 84.4
}
 
Individuo 20:
{
  "solucao": [6 3 1 9 8]
                [1 1 1 2 1],
  "funcao_objetivo": 0.96930567522206419544537400672124954463202428994665,
  "confiabilidade_total": 0.96930567522206419544537400672124954463202428994665
  "peso": 111.67,
  "custo": 88.03
}
 
Individuo 21:
{
  "solucao": [5 2 4 7 5]
                [1 1 1 2 2],
  "funcao_objetivo": 0.96859784983256666779032552690491627615507330938290,
  "confiabilidade_total": 0.96859784983256666779032552690491627615507330938290
  "peso": 118.97,
  "custo": 84.14
}
 
Individuo 22:
{
  "solucao": [3 5 4 8 7]
                [1 1 2 2 0],
  "funcao_objetivo": 0.98341159717754882749825191349505150601576973522672,
  "confiabilidade_total": 0.98341159717754882749825191349505150601576973522672
  "peso": 113.53999999999999,
  "custo": 77.07
}
 
Individuo 23:
{
  "solucao": [1 6 6 3 5]
                [1 1 2 1 1],
  "funcao_objetivo": 0.96693212256856876436315585756298078394808670730830,
  "confiabilidade_total": 0.96693212256856876436315585756298078394808670730830
  "peso": 115.04,
  "custo": 74.15
}
 
Individuo 24:
{
  "solucao": [6 7 8 8 1]
                [1 1 1 2 2],
  "funcao_objetivo": 0.96393853543860146408781274290537954319808720304214,
  "confiabilidade_total": 0.96393853543860146408781274290537954319808720304214
  "peso": 114.11,
  "custo": 96.76
}
 
Individuo 25:
{
  "solucao": [7 7 5 2 0]
                [1 1 1 2 1],
  "funcao_objetivo": 0.96469888095276518720459004512604952640016525335485,
  "confiabilidade_total": 0.96469888095276518720459004512604952640016525335485
  "peso": 108.76,
  "custo": 75.08
}
 
Individuo 26:
{
  "solucao": [5 4 0 9 9]
                [1 1 2 1 1],
  "funcao_objetivo": 0.96314045010339375013412611764509101621994020949169,
  "confiabilidade_total": 0.96314045010339375013412611764509101621994020949169
  "peso": 115.84,
  "custo": 92.15
}
 
Individuo 27:
{
  "solucao": [1 7 8 4 4]
                [1 1 1 2 1],
  "funcao_objetivo": 0.96858014569070860472465061690822848268365479629591,
  "confiabilidade_total": 0.96858014569070860472465061690822848268365479629591
  "peso": 118.08,
  "custo": 85.06
}
 
Individuo 28:
{
  "solucao": [2 6 0 5 9]
                [1 1 2 1 1],
  "funcao_objetivo": 0.96556456326780004144931316743392575582186373033648,
  "confiabilidade_total": 0.96556456326780004144931316743392575582186373033648
  "peso": 116.42999999999999,
  "custo": 82.18
}
 
Individuo 29:
{
  "solucao": [0 8 1 0 6]
                [1 1 1 1 1],
  "funcao_objetivo": 0.96229948517157722746250308405762754247685826614724,
  "confiabilidade_total": 0.96229948517157722746250308405762754247685826614724
  "peso": 93.24,
  "custo": 72.69
}
 
Individuo 30:
{
  "solucao": [0 6 6 0 8]
                [1 1 1 1 2],
  "funcao_objetivo": 0.96213589533758670568410743548095554923961252782028,
  "confiabilidade_total": 0.96213589533758670568410743548095554923961252782028
  "peso": 109.74,
  "custo": 83.66
}
 
Individuo 31:
{
  "solucao": [7 7 5 3 8]
                [1 2 1 1 1],
  "funcao_objetivo": 0.96183560749723115968849293728870655321784222769703,
  "confiabilidade_total": 0.96183560749723115968849293728870655321784222769703
  "peso": 93.91000000000001,
  "custo": 80.16
}
 
Individuo 32:
{
  "solucao": [0 2 8 0 2]
                [1 1 1 1 1],
  "funcao_objetivo": 0.96208048950173655153825185829337570032548506805246,
  "confiabilidade_total": 0.96208048950173655153825185829337570032548506805246
  "peso": 100.58,
  "custo": 64.55
}
 
Individuo 33:
{
  "solucao": [6 0 0 4 5]
                [1 1 2 1 1],
  "funcao_objetivo": 0.97659072030109222851886309865593588785621395380060,
  "confiabilidade_total": 0.97659072030109222851886309865593588785621395380060
  "peso": 119.31,
  "custo": 85.05
}
 
Individuo 34:
{
  "solucao": [5 1 4 0 0]
                [1 1 1 1 2],
  "funcao_objetivo": 0.95920663961553519862058599987385386986051668723245,
  "confiabilidade_total": 0.95920663961553519862058599987385386986051668723245
  "peso": 117.38999999999999,
  "custo": 87.43
}
 
Individuo 35:
{
  "solucao": [0 5 8 5 4]
                [1 1 2 1 1],
  "funcao_objetivo": 0.96468771588792143058979514800509483557025237703981,
  "confiabilidade_total": 0.96468771588792143058979514800509483557025237703981
  "peso": 102.64,
  "custo": 77.47
}
 
Individuo 36:
{
  "solucao": [4 7 9 9 6]
                [1 1 1 2 1],
  "funcao_objetivo": 0.95932937452559974945674554689896628290719501281801,
  "confiabilidade_total": 0.95932937452559974945674554689896628290719501281801
  "peso": 113.14999999999999,
  "custo": 94.62
}
 
Individuo 37:
{
  "solucao": [3 0 2 6 4]
                [1 1 1 1 1],
  "funcao_objetivo": 0.95594727698393634168077271486066934078016368620308,
  "confiabilidade_total": 0.95594727698393634168077271486066934078016368620308
  "peso": 108.92,
  "custo": 63.989999999999995
}
 
Individuo 38:
{
  "solucao": [9 7 8 0 9]
                [2 1 1 1 1],
  "funcao_objetivo": 0.96955524101726922231476310331687690293528392255159,
  "confiabilidade_total": 0.96955524101726922231476310331687690293528392255159
  "peso": 104.22999999999999,
  "custo": 97.66999999999999
}
 
Individuo 39:
{
  "solucao": [9 5 0 0 6]
                [1 1 1 1 1],
  "funcao_objetivo": 0.95636294673137729502065206525145521803483447991774,
  "confiabilidade_total": 0.95636294673137729502065206525145521803483447991774
  "peso": 93.69999999999999,
  "custo": 72.69
}
 
Individuo 40:
{
  "solucao": [9 0 0 0 9]
                [2 1 1 1 1],
  "funcao_objetivo": 0.96473696610560395255634757898913182536659950188288,
  "confiabilidade_total": 0.98173696610560383928584349160753578864557856491694
  "peso": 116.03999999999999,
  "custo": 101.69999999999999
}
 
Individuo 41:
{
  "solucao": [0 2 1 0 6]
                [1 1 1 1 2],
  "funcao_objetivo": 0.95884865674553180482822066471414786016269835441168,
  "confiabilidade_total": 0.97059865674553177710040062470086326308249744384344
  "peso": 121.41,
  "custo": 81.2
}
 
Individuo 42:
{
  "solucao": [5 6 6 2 7]
                [2 1 1 2 0],
  "funcao_objetivo": 0.96388419226542651230501230288863419322975830345906,
  "confiabilidade_total": 0.96388419226542651230501230288863419322975830345906
  "peso": 114.96000000000001,
  "custo": 64.34
}
 
Individuo 43:
{
  "solucao": [2 6 0 5 9]
                [1 1 1 1 1],
  "funcao_objetivo": 0.95074937703660876840345655159368078461396339613370,
  "confiabilidade_total": 0.95074937703660876840345655159368078461396339613370
  "peso": 96.16,
  "custo": 66.07
}
 
Individuo 44:
{
  "solucao": [0 8 4 8 7]
                [1 1 1 1 2],
  "funcao_objetivo": 0.95063350783022776681048135451212181927290448698102,
  "confiabilidade_total": 0.95063350783022776681048135451212181927290448698102
  "peso": 101.48,
  "custo": 86.53
}
 
Individuo 45:
{
  "solucao": [2 3 4 2 9]
                [1 1 1 1 1],
  "funcao_objetivo": 0.95196154965799421477572340009683579079811833889499,
  "confiabilidade_total": 0.95196154965799421477572340009683579079811833889499
  "peso": 109.77,
  "custo": 62.79
}
 
Individuo 46:
{
  "solucao": [2 0 4 3 9]
                [1 1 1 1 1],
  "funcao_objetivo": 0.95667578481650307009772377104142277968997793766728,
  "confiabilidade_total": 0.95667578481650307009772377104142277968997793766728
  "peso": 107.31,
  "custo": 69.41
}
 
Individuo 47:
{
  "solucao": [9 0 0 0 9]
                [1 1 1 1 2],
  "funcao_objetivo": 0.94987860237215820132339728455651031825452247693629,
  "confiabilidade_total": 0.96687860237215823030021822727309602331130901410670
  "peso": 116.03999999999999,
  "custo": 101.7
}
 
Individuo 48:
{
  "solucao": [1 7 2 5 0]
                [1 1 1 2 1],
  "funcao_objetivo": 0.97510420327790433566346018069764248850320690246409,
  "confiabilidade_total": 0.97510420327790433566346018069764248850320690246409
  "peso": 104.71,
  "custo": 75.81
}
 
Individuo 49:
{
  "solucao": [3 9 5 0 7]
                [1 1 1 1 1],
  "funcao_objetivo": 0.94776814530342827977112116816545072480016527870817,
  "confiabilidade_total": 0.94776814530342827977112116816545072480016527870817
  "peso": 89.71000000000001,
  "custo": 71.03
}
 
Individuo 50:
{
  "solucao": [3 9 9 3 9]
                [1 1 1 2 1],
  "funcao_objetivo": 0.94690864721219451733293633654104362253922096391992,
  "confiabilidade_total": 0.96090864721219445517432474534009181557114294668512
  "peso": 121.67999999999999,
  "custo": 89.31
}
 
-----------------------------------------
GERACAO 4
Mutante 1:
[[0.  9.9 4.7 9.4 6.3]
 [0.3 1.7 2.  2.7 1. ]]
 
Mutante 2:
[[4.8 5.2 5.8 5.  9. ]
 [1.7 1.  1.  2.  0.3]]
 
Mutante 3:
[[1.4 4.5 0.  4.2 6. ]
 [1.  1.  1.7 0.3 1. ]]
 
Mutante 4:
[[9.  7.7 7.3 0.  4.1]
 [1.3 1.  1.  1.  1.7]]
 
Mutante 5:
[[0.  1.5 7.3 8.5 7.5]
 [1.  1.  2.  1.  1.7]]
 
Mutante 6:
[[9.  0.  2.1 0.  9. ]
 [2.  1.7 1.  0.3 1. ]]
 
Mutante 7:
[[6.  3.  3.8 6.9 3.1]
 [0.3 1.  1.7 2.  0.3]]
 
Mutante 8:
[[7.7 9.  5.  0.  1.4]
 [1.  1.  1.  2.  1. ]]
 
Mutante 9:
[[1.8 0.  0.  3.4 9. ]
 [1.  1.  1.  1.3 1. ]]
 
Mutante 10:
[[8.  1.7 0.  0.5 2.8]
 [1.  2.  0.3 1.  1.7]]
 
Mutante 11:
[[1.  1.1 0.  0.  1. ]
 [1.  1.  1.  2.  1. ]]
 
Mutante 12:
[[0.  9.5 8.8 3.  3.6]
 [1.7 1.  2.  1.  0.3]]
 
Mutante 13:
[[9.4 9.  7.5 3.1 6.4]
 [1.3 1.  1.  2.7 1. ]]
 
Mutante 14:
[[0.  9.  8.4 3.6 5. ]
 [1.  2.  1.  2.  1. ]]
 
Mutante 15:
[[0.  0.  3.1 3.5 9. ]
 [1.  1.  1.  1.  2.7]]
 
Mutante 16:
[[2.  9.8 5.6 5.  9.2]
 [1.  2.  1.  2.  1.7]]
 
Mutante 17:
[[9.  4.9 4.6 0.9 1.1]
 [2.  1.  0.3 1.7 1. ]]
 
Mutante 18:
[[0.  6.4 6.8 2.1 5.6]
 [2.  1.  1.  1.  1.7]]
 
Mutante 19:
[[0.  9.  9.  9.  7. ]
 [0.3 1.  2.  2.7 1. ]]
 
Mutante 20:
[[2.  6.7 0.  5.7 9. ]
 [1.  0.3 2.  1.7 0.3]]
 
Mutante 21:
[[0.  6.3 9.  5.7 8.6]
 [2.  1.3 1.  1.7 1.7]]
 
Mutante 22:
[[4.3 6.2 4.7 4.9 0. ]
 [1.  1.  1.  2.7 2. ]]
 
Mutante 23:
[[0.  2.2 8.7 4.3 0. ]
 [1.  1.  1.3 1.  1. ]]
 
Mutante 24:
[[9.  5.  0.  2.8 4.6]
 [0.3 0.3 1.  2.4 1. ]]
 
Mutante 25:
[[2.2 0.  8.9 0.  0. ]
 [1.  1.  1.  1.  2. ]]
 
Mutante 26:
[[6.6 9.  8.9 3.8 5.7]
 [2.  0.3 1.  2.7 1.7]]
 
Mutante 27:
[[3.7 8.3 7.1 0.  4.2]
 [1.7 1.7 1.  1.  0.3]]
 
Mutante 28:
[[2.4 5.6 5.2 1.9 7.5]
 [1.  1.  0.3 2.  1. ]]
 
Mutante 29:
[[2.1 0.  3.8 0.  0. ]
 [1.  1.  0.3 1.  2.7]]
 
Mutante 30:
[[9.  4.2 8.  9.  1.7]
 [1.  1.  1.  2.  2.7]]
 
Mutante 31:
[[5.1 0.7 1.3 4.6 0. ]
 [0.3 1.  1.  1.  1.7]]
 
Mutante 32:
[[8.7 3.8 5.4 4.5 5. ]
 [2.  1.  1.  2.7 1. ]]
 
Mutante 33:
[[2.7 0.7 6.4 5.5 9.8]
 [2.  1.7 1.  1.  1. ]]
 
Mutante 34:
[[9.  7.1 0.  2.1 6. ]
 [1.  1.  1.7 1.  1. ]]
 
Mutante 35:
[[0.1 3.2 8.1 5.5 6.3]
 [2.  1.  1.  2.7 1. ]]
 
Mutante 36:
[[6.6 9.  2.1 1.5 2.3]
 [2.  2.  0.3 1.  1. ]]
 
Mutante 37:
[[3.8 5.6 0.  5.  0. ]
 [1.  1.7 1.  1.3 1. ]]
 
Mutante 38:
[[6.2 4.9 1.9 1.6 9. ]
 [1.  1.7 1.  0.3 0.3]]
 
Mutante 39:
[[7.7 1.4 9.2 5.5 0.7]
 [1.  1.  1.7 2.  1. ]]
 
Mutante 40:
[[0.1 9.2 5.3 1.7 3.4]
 [2.7 2.7 0.3 1.  1. ]]
 
Mutante 41:
[[5.  0.1 3.9 0.  4.8]
 [2.  1.3 1.  0.3 1. ]]
 
Mutante 42:
[[9.  0.7 1.4 3.5 9. ]
 [2.7 1.7 1.  0.3 1. ]]
 
Mutante 43:
[[3.2 0.  0.  5.4 4.3]
 [0.3 1.  2.7 0.3 1. ]]
 
Mutante 44:
[[1.2 9.  9.  9.  6. ]
 [0.3 1.  1.7 2.7 0.3]]
 
Mutante 45:
[[1.7 0.  7.  1.5 4.2]
 [1.  1.  2.  1.  1. ]]
 
Mutante 46:
[[1.3 6.5 4.7 5.5 2.7]
 [1.  1.  1.  2.4 0.3]]
 
Mutante 47:
[[1.1 4.4 5.2 7.6 4.5]
 [0.3 1.  1.  2.  1. ]]
 
Mutante 48:
[[6.7 2.1 2.4 9.  0.3]
 [0.3 1.  1.7 1.3 2. ]]
 
Mutante 49:
[[0.  0.7 0.  0.2 9. ]
 [1.  1.  0.3 1.  1.7]]
 
Mutante 50:
[[1.5 0.  4.  0.  0. ]
 [0.3 1.  1.  0.3 2. ]]
 
-----------------------------------------
Número de avaliações até o momento: 200
Evoluido 1:
[[0 7 4 9 6]
 [0 1 2 2 1]]
 
Evoluido 2:
[[5 5 5 5 2]
 [1 1 1 2 1]]
 
Evoluido 3:
[[1 4 0 4 5]
 [1 1 1 0 1]]
 
Evoluido 4:
[[9 7 7 1 6]
 [1 1 1 2 1]]
 
Evoluido 5:
[[0 1 7 8 7]
 [1 1 2 1 1]]
 
Evoluido 6:
[[9 0 6 0 9]
 [2 1 1 0 1]]
 
Evoluido 7:
[[6 3 3 6 7]
 [2 1 1 1 0]]
 
Evoluido 8:
[[7 0 5 0 1]
 [1 1 1 2 1]]
 
Evoluido 9:
[[1 0 0 5 9]
 [1 1 1 1 1]]
 
Evoluido 10:
[[8 1 0 0 2]
 [1 2 1 1 1]]
 
Evoluido 11:
[[1 1 0 0 1]
 [2 1 1 2 1]]
 
Evoluido 12:
[[0 9 8 3 7]
 [1 1 2 1 0]]
 
Evoluido 13:
[[9 0 7 3 6]
 [1 1 1 2 1]]
 
Evoluido 14:
[[8 9 8 7 5]
 [2 2 1 2 1]]
 
Evoluido 15:
[[0 1 3 5 5]
 [1 1 1 1 2]]
 
Evoluido 16:
[[2 1 1 5 9]
 [1 2 1 2 1]]
 
Evoluido 17:
[[8 4 8 4 1]
 [1 1 2 1 1]]
 
Evoluido 18:
[[0 6 6 2 5]
 [1 1 2 1 1]]
 
Evoluido 19:
[[0 6 9 9 1]
 [0 1 2 2 1]]
 
Evoluido 20:
[[6 6 1 5 8]
 [1 0 2 1 0]]
 
Evoluido 21:
[[0 6 9 5 8]
 [1 1 1 2 1]]
 
Evoluido 22:
[[4 6 4 4 7]
 [1 1 1 2 2]]
 
Evoluido 23:
[[0 2 8 4 5]
 [1 1 1 1 1]]
 
Evoluido 24:
[[6 7 8 8 4]
 [1 0 1 2 1]]
 
Evoluido 25:
[[2 0 5 0 0]
 [1 1 1 1 2]]
 
Evoluido 26:
[[6 9 8 3 9]
 [2 0 1 2 1]]
 
Evoluido 27:
[[1 8 8 0 4]
 [1 1 1 2 0]]
 
Evoluido 28:
[[2 5 0 5 7]
 [1 1 2 2 1]]
 
Evoluido 29:
[[0 0 3 0 6]
 [1 1 0 1 2]]
 
Evoluido 30:
[[9 4 8 9 8]
 [1 1 1 2 2]]
 
Evoluido 31:
[[5 7 1 4 0]
 [0 1 1 1 1]]
 
Evoluido 32:
[[8 2 5 0 5]
 [2 1 1 2 1]]
 
Evoluido 33:
[[2 0 6 5 9]
 [2 1 1 1 1]]
 
Evoluido 34:
[[9 1 4 2 6]
 [1 1 1 1 1]]
 
Evoluido 35:
[[0 3 8 5 6]
 [2 1 1 2 1]]
 
Evoluido 36:
[[6 9 2 1 2]
 [2 2 0 1 1]]
 
Evoluido 37:
[[3 5 2 6 0]
 [1 1 1 1 1]]
 
Evoluido 38:
[[6 7 1 1 9]
 [1 1 1 1 0]]
 
Evoluido 39:
[[7 1 9 0 6]
 [1 1 1 1 1]]
 
Evoluido 40:
[[0 9 0 1 3]
 [2 2 0 1 1]]
 
Evoluido 41:
[[5 2 3 0 4]
 [2 1 1 0 1]]
 
Evoluido 42:
[[9 6 6 3 7]
 [2 1 1 2 1]]
 
Evoluido 43:
[[3 6 0 5 4]
 [0 1 2 0 1]]
 
Evoluido 44:
[[1 9 4 8 7]
 [1 1 1 2 0]]
 
Evoluido 45:
[[2 3 4 1 9]
 [1 1 2 1 1]]
 
Evoluido 46:
[[2 6 4 3 2]
 [1 1 1 2 0]]
 
Evoluido 47:
[[1 4 0 0 4]
 [0 1 1 2 2]]
 
Evoluido 48:
[[1 2 2 9 0]
 [0 1 1 1 2]]
 
Evoluido 49:
[[0 9 0 0 7]
 [1 1 0 1 1]]
 
Evoluido 50:
[[1 0 9 0 0]
 [0 1 1 0 1]]
 
-----------------------------------------
Individuo 1:
{
  "solucao": [1 7 7 5 3]
                [2 2 1 1 1],
  "funcao_objetivo": 0.99115455061397402988831563401674430639208379350076,
  "confiabilidade_total": 0.99115455061397402988831563401674430639208379350076
  "peso": 115.53,
  "custo": 96.31
}
 
Individuo 2:
{
  "solucao": [5 5 6 1 2]
                [2 2 1 1 1],
  "funcao_objetivo": 0.99039666041870072183297696819133324518562848327012,
  "confiabilidade_total": 0.99039666041870072183297696819133324518562848327012
  "peso": 119.77,
  "custo": 77.85
}
 
Individuo 3:
{
  "solucao": [8 8 4 1 5]
                [2 1 1 2 1],
  "funcao_objetivo": 0.98749411730510410378300947156748933753586543593715,
  "confiabilidade_total": 0.98749411730510410378300947156748933753586543593715
  "peso": 118.42000000000002,
  "custo": 93.9
}
 
Individuo 4:
{
  "solucao": [5 7 8 1 6]
                [2 1 1 2 1],
  "funcao_objetivo": 0.98699425117558525826271778504734524198271388266954,
  "confiabilidade_total": 0.98699425117558525826271778504734524198271388266954
  "peso": 114.41,
  "custo": 90.68
}
 
Individuo 5:
{
  "solucao": [7 0 2 2 7]
                [2 1 1 1 1],
  "funcao_objetivo": 0.97834362665115733687069306484730617898608782931431,
  "confiabilidade_total": 0.97834362665115733687069306484730617898608782931431
  "peso": 108.18,
  "custo": 79.61
}
 
Individuo 6:
{
  "solucao": [7 8 6 0 3]
                [3 1 1 1 1],
  "funcao_objetivo": 0.97551770151512111119691215230897363751711614978560,
  "confiabilidade_total": 0.97551770151512111119691215230897363751711614978560
  "peso": 119.47,
  "custo": 98.33
}
 
Individuo 7:
{
  "solucao": [1 5 4 0 7]
                [2 1 1 1 1],
  "funcao_objetivo": 0.97459795302278434551302086257194968849815263388034,
  "confiabilidade_total": 0.97459795302278434551302086257194968849815263388034
  "peso": 109.10000000000001,
  "custo": 84.80000000000001
}
 
Individuo 8:
{
  "solucao": [2 0 5 2 7]
                [2 1 1 1 1],
  "funcao_objetivo": 0.97886085893544830544843669159814489551307035208625,
  "confiabilidade_total": 0.97886085893544830544843669159814489551307035208625
  "peso": 117.34000000000002,
  "custo": 69.73
}
 
Individuo 9:
{
  "solucao": [8 5 1 5 0]
                [1 1 1 3 1],
  "funcao_objetivo": 0.97438269035370189373604595360064646722727800586570,
  "confiabilidade_total": 0.97438269035370189373604595360064646722727800586570
  "peso": 111.86999999999999,
  "custo": 85.45
}
 
Individuo 10:
{
  "solucao": [8 1 0 0 2]
                [1 2 1 1 1],
  "funcao_objetivo": 0.97628473416587423855679665268874328060781790739454,
  "confiabilidade_total": 0.97628473416587423855679665268874328060781790739454
  "peso": 114.05,
  "custo": 84.55999999999999
}
 
Individuo 11:
{
  "solucao": [9 0 6 3 6]
                [2 1 1 1 1],
  "funcao_objetivo": 0.97403946607992963999203710469743829955675124218109,
  "confiabilidade_total": 0.97403946607992963999203710469743829955675124218109
  "peso": 119.27999999999999,
  "custo": 88.41000000000001
}
 
Individuo 12:
{
  "solucao": [1 0 7 5 7]
                [1 1 2 1 1],
  "funcao_objetivo": 0.97402301027900154680980834402247360196887614829045,
  "confiabilidade_total": 0.97402301027900154680980834402247360196887614829045
  "peso": 95.55000000000001,
  "custo": 85.69
}
 
Individuo 13:
{
  "solucao": [1 0 8 5 8]
                [1 1 1 2 2],
  "funcao_objetivo": 0.97351863705585748894375042654615005828836145375255,
  "confiabilidade_total": 0.97351863705585748894375042654615005828836145375255
  "peso": 111.57,
  "custo": 91.53
}
 
Individuo 14:
{
  "solucao": [8 1 4 7 8]
                [2 1 1 1 2],
  "funcao_objetivo": 0.97242213985444363267748089210175018892701624099072,
  "confiabilidade_total": 0.97242213985444363267748089210175018892701624099072
  "peso": 114.32000000000001,
  "custo": 97.03
}
 
Individuo 15:
{
  "solucao": [2 1 3 5 5]
                [1 1 1 2 1],
  "funcao_objetivo": 0.97206171291554140377036848467426840408940263231132,
  "confiabilidade_total": 0.97206171291554140377036848467426840408940263231132
  "peso": 107.17,
  "custo": 67.15
}
 
Individuo 16:
{
  "solucao": [8 1 1 4 0]
                [1 2 1 1 1],
  "funcao_objetivo": 0.97190535711799042098108486197782769546326035261886,
  "confiabilidade_total": 0.97190535711799042098108486197782769546326035261886
  "peso": 112.89999999999999,
  "custo": 87.75
}
 
Individuo 17:
{
  "solucao": [8 1 8 4 1]
                [1 1 2 1 1],
  "funcao_objetivo": 0.97089934113353428085139749313252868378595709681001,
  "confiabilidade_total": 0.97089934113353428085139749313252868378595709681001
  "peso": 103.69,
  "custo": 83.59
}
 
Individuo 18:
{
  "solucao": [0 6 6 2 5]
                [1 1 2 1 1],
  "funcao_objetivo": 0.97089769919555326586169862235614852536227506403071,
  "confiabilidade_total": 0.97089769919555326586169862235614852536227506403071
  "peso": 117.79,
  "custo": 73.02
}
 
Individuo 19:
{
  "solucao": [1 6 5 0 1]
                [1 1 1 2 1],
  "funcao_objetivo": 0.97289251340762450228911807551115747894954025687827,
  "confiabilidade_total": 0.97289251340762450228911807551115747894954025687827
  "peso": 111.49000000000001,
  "custo": 84.4
}
 
Individuo 20:
{
  "solucao": [6 3 1 9 8]
                [1 1 1 2 1],
  "funcao_objetivo": 0.96930567522206419544537400672124954463202428994665,
  "confiabilidade_total": 0.96930567522206419544537400672124954463202428994665
  "peso": 111.67,
  "custo": 88.03
}
 
Individuo 21:
{
  "solucao": [0 6 9 5 8]
                [1 1 1 2 1],
  "funcao_objetivo": 0.96931815363140315513964082334828905896528175480224,
  "confiabilidade_total": 0.96931815363140315513964082334828905896528175480224
  "peso": 102.74,
  "custo": 80.24
}
 
Individuo 22:
{
  "solucao": [3 5 4 8 7]
                [1 1 2 2 0],
  "funcao_objetivo": 0.98341159717754882749825191349505150601576973522672,
  "confiabilidade_total": 0.98341159717754882749825191349505150601576973522672
  "peso": 113.53999999999999,
  "custo": 77.07
}
 
Individuo 23:
{
  "solucao": [1 6 6 3 5]
                [1 1 2 1 1],
  "funcao_objetivo": 0.96693212256856876436315585756298078394808670730830,
  "confiabilidade_total": 0.96693212256856876436315585756298078394808670730830
  "peso": 115.04,
  "custo": 74.15
}
 
Individuo 24:
{
  "solucao": [6 7 8 8 1]
                [1 1 1 2 2],
  "funcao_objetivo": 0.96393853543860146408781274290537954319808720304214,
  "confiabilidade_total": 0.96393853543860146408781274290537954319808720304214
  "peso": 114.11,
  "custo": 96.76
}
 
Individuo 25:
{
  "solucao": [2 0 5 0 0]
                [1 1 1 1 2],
  "funcao_objetivo": 0.96473763395380875741253252940199373558435013995975,
  "confiabilidade_total": 0.96473763395380875741253252940199373558435013995975
  "peso": 118.53999999999999,
  "custo": 84.24000000000001
}
 
Individuo 26:
{
  "solucao": [5 4 0 9 9]
                [1 1 2 1 1],
  "funcao_objetivo": 0.96314045010339375013412611764509101621994020949169,
  "confiabilidade_total": 0.96314045010339375013412611764509101621994020949169
  "peso": 115.84,
  "custo": 92.15
}
 
Individuo 27:
{
  "solucao": [1 7 8 4 4]
                [1 1 1 2 1],
  "funcao_objetivo": 0.96858014569070860472465061690822848268365479629591,
  "confiabilidade_total": 0.96858014569070860472465061690822848268365479629591
  "peso": 118.08,
  "custo": 85.06
}
 
Individuo 28:
{
  "solucao": [2 5 0 5 7]
                [1 1 2 2 1],
  "funcao_objetivo": 0.97917320815096085073301223838392043538608648099499,
  "confiabilidade_total": 0.99258987481762763050827546800768114329532779969769
  "peso": 121.61000000000001,
  "custo": 87.48
}
 
Individuo 29:
{
  "solucao": [0 8 1 0 6]
                [1 1 1 1 1],
  "funcao_objetivo": 0.96229948517157722746250308405762754247685826614724,
  "confiabilidade_total": 0.96229948517157722746250308405762754247685826614724
  "peso": 93.24,
  "custo": 72.69
}
 
Individuo 30:
{
  "solucao": [0 6 6 0 8]
                [1 1 1 1 2],
  "funcao_objetivo": 0.96213589533758670568410743548095554923961252782028,
  "confiabilidade_total": 0.96213589533758670568410743548095554923961252782028
  "peso": 109.74,
  "custo": 83.66
}
 
Individuo 31:
{
  "solucao": [7 7 5 3 8]
                [1 2 1 1 1],
  "funcao_objetivo": 0.96183560749723115968849293728870655321784222769703,
  "confiabilidade_total": 0.96183560749723115968849293728870655321784222769703
  "peso": 93.91000000000001,
  "custo": 80.16
}
 
Individuo 32:
{
  "solucao": [8 2 5 0 5]
                [2 1 1 2 1],
  "funcao_objetivo": 0.97339467330405139732992655092430220621039144480262,
  "confiabilidade_total": 0.98914467330405140091039580534043204907660357439552
  "peso": 121.89,
  "custo": 89.03
}
 
Individuo 33:
{
  "solucao": [6 0 0 4 5]
                [1 1 2 1 1],
  "funcao_objetivo": 0.97659072030109222851886309865593588785621395380060,
  "confiabilidade_total": 0.97659072030109222851886309865593588785621395380060
  "peso": 119.31,
  "custo": 85.05
}
 
Individuo 34:
{
  "solucao": [5 1 4 0 0]
                [1 1 1 1 2],
  "funcao_objetivo": 0.95920663961553519862058599987385386986051668723245,
  "confiabilidade_total": 0.95920663961553519862058599987385386986051668723245
  "peso": 117.38999999999999,
  "custo": 87.43
}
 
Individuo 35:
{
  "solucao": [0 5 8 5 4]
                [1 1 2 1 1],
  "funcao_objetivo": 0.96468771588792143058979514800509483557025237703981,
  "confiabilidade_total": 0.96468771588792143058979514800509483557025237703981
  "peso": 102.64,
  "custo": 77.47
}
 
Individuo 36:
{
  "solucao": [6 9 2 1 2]
                [2 2 0 1 1],
  "funcao_objetivo": 0.96251020544608341211818428230014990691049461935517,
  "confiabilidade_total": 0.96251020544608341211818428230014990691049461935517
  "peso": 117.69000000000001,
  "custo": 84.55999999999999
}
 
Individuo 37:
{
  "solucao": [3 0 2 6 4]
                [1 1 1 1 1],
  "funcao_objetivo": 0.95594727698393634168077271486066934078016368620308,
  "confiabilidade_total": 0.95594727698393634168077271486066934078016368620308
  "peso": 108.92,
  "custo": 63.989999999999995
}
 
Individuo 38:
{
  "solucao": [9 7 8 0 9]
                [2 1 1 1 1],
  "funcao_objetivo": 0.96955524101726922231476310331687690293528392255159,
  "confiabilidade_total": 0.96955524101726922231476310331687690293528392255159
  "peso": 104.22999999999999,
  "custo": 97.66999999999999
}
 
Individuo 39:
{
  "solucao": [9 5 0 0 6]
                [1 1 1 1 1],
  "funcao_objetivo": 0.95636294673137729502065206525145521803483447991774,
  "confiabilidade_total": 0.95636294673137729502065206525145521803483447991774
  "peso": 93.69999999999999,
  "custo": 72.69
}
 
Individuo 40:
{
  "solucao": [0 9 0 1 3]
                [2 2 0 1 1],
  "funcao_objetivo": 0.97891512353584474773159053874509208379651303876062,
  "confiabilidade_total": 0.97891512353584474773159053874509208379651303876062
  "peso": 117.61000000000001,
  "custo": 94.53
}
 
Individuo 41:
{
  "solucao": [0 2 1 0 6]
                [1 1 1 1 2],
  "funcao_objetivo": 0.95884865674553180482822066471414786016269835441168,
  "confiabilidade_total": 0.97059865674553177710040062470086326308249744384344
  "peso": 121.41,
  "custo": 81.2
}
 
Individuo 42:
{
  "solucao": [5 6 6 2 7]
                [2 1 1 2 0],
  "funcao_objetivo": 0.96388419226542651230501230288863419322975830345906,
  "confiabilidade_total": 0.96388419226542651230501230288863419322975830345906
  "peso": 114.96000000000001,
  "custo": 64.34
}
 
Individuo 43:
{
  "solucao": [2 6 0 5 9]
                [1 1 1 1 1],
  "funcao_objetivo": 0.95074937703660876840345655159368078461396339613370,
  "confiabilidade_total": 0.95074937703660876840345655159368078461396339613370
  "peso": 96.16,
  "custo": 66.07
}
 
Individuo 44:
{
  "solucao": [0 8 4 8 7]
                [1 1 1 1 2],
  "funcao_objetivo": 0.95063350783022776681048135451212181927290448698102,
  "confiabilidade_total": 0.95063350783022776681048135451212181927290448698102
  "peso": 101.48,
  "custo": 86.53
}
 
Individuo 45:
{
  "solucao": [2 3 4 2 9]
                [1 1 1 1 1],
  "funcao_objetivo": 0.95196154965799421477572340009683579079811833889499,
  "confiabilidade_total": 0.95196154965799421477572340009683579079811833889499
  "peso": 109.77,
  "custo": 62.79
}
 
Individuo 46:
{
  "solucao": [2 0 4 3 9]
                [1 1 1 1 1],
  "funcao_objetivo": 0.95667578481650307009772377104142277968997793766728,
  "confiabilidade_total": 0.95667578481650307009772377104142277968997793766728
  "peso": 107.31,
  "custo": 69.41
}
 
Individuo 47:
{
  "solucao": [9 0 0 0 9]
                [1 1 1 1 2],
  "funcao_objetivo": 0.94987860237215820132339728455651031825452247693629,
  "confiabilidade_total": 0.96687860237215823030021822727309602331130901410670
  "peso": 116.03999999999999,
  "custo": 101.7
}
 
Individuo 48:
{
  "solucao": [1 7 2 5 0]
                [1 1 1 2 1],
  "funcao_objetivo": 0.97510420327790433566346018069764248850320690246409,
  "confiabilidade_total": 0.97510420327790433566346018069764248850320690246409
  "peso": 104.71,
  "custo": 75.81
}
 
Individuo 49:
{
  "solucao": [3 9 5 0 7]
                [1 1 1 1 1],
  "funcao_objetivo": 0.94776814530342827977112116816545072480016527870817,
  "confiabilidade_total": 0.94776814530342827977112116816545072480016527870817
  "peso": 89.71000000000001,
  "custo": 71.03
}
 
Individuo 50:
{
  "solucao": [3 9 9 3 9]
                [1 1 1 2 1],
  "funcao_objetivo": 0.94690864721219451733293633654104362253922096391992,
  "confiabilidade_total": 0.96090864721219445517432474534009181557114294668512
  "peso": 121.67999999999999,
  "custo": 89.31
}
 
-----------------------------------------
GERACAO 5
Mutante 1:
[[6.7 1.4 9.  5.9 1. ]
 [1.  1.  1.7 2.  1.3]]
 
Mutante 2:
[[4.6 9.  5.5 3.1 1.3]
 [2.  2.7 1.  1.  0.3]]
 
Mutante 3:
[[7.6 0.  7.9 7.8 1.5]
 [1.  1.  1.7 2.  1. ]]
 
Mutante 4:
[[6.  4.4 0.  4.1 8.7]
 [1.7 1.7 0.3 1.3 0.3]]
 
Mutante 5:
[[6.9 1.4 4.3 2.7 9.8]
 [2.7 1.  1.  1.  1. ]]
 
Mutante 6:
[[9.  9.8 6.6 0.  5.5]
 [2.  1.  1.  1.7 1. ]]
 
Mutante 7:
[[0.  9.  5.7 1.4 7. ]
 [0.3 1.  1.7 0.3 1. ]]
 
Mutante 8:
[[5.1 9.  8.3 3.  8.3]
 [1.  1.  1.  2.  0.3]]
 
Mutante 9:
[[0.  2.8 7.8 0.  3.5]
 [1.7 0.3 1.  1.  2. ]]
 
Mutante 10:
[[0.  5.  5.9 6.4 0. ]
 [1.  0.3 2.  1.7 1. ]]
 
Mutante 11:
[[0.  4.2 9.9 2.1 0.7]
 [0.3 1.  1.  1.7 2. ]]
 
Mutante 12:
[[4.1 0.  1.5 4.1 6.3]
 [2.  1.  1.7 1.  0.3]]
 
Mutante 13:
[[0.  3.1 0.  0.  9. ]
 [1.  1.  1.  0.3 0.3]]
 
Mutante 14:
[[8.5 0.3 4.  0.7 0. ]
 [1.7 1.7 1.  1.  1.3]]
 
Mutante 15:
[[7.3 2.4 2.6 4.2 9. ]
 [2.7 1.7 0.3 0.3 2. ]]
 
Mutante 16:
[[3.7 9.  3.4 0.2 9. ]
 [1.  1.  0.3 2.  1. ]]
 
Mutante 17:
[[0.  6.  6.9 0.  7.3]
 [1.  1.  1.  2.  0.3]]
 
Mutante 18:
[[3.6 5.2 4.  2.8 0. ]
 [1.  1.  0.3 1.7 2.7]]
 
Mutante 19:
[[1.4 6.4 9.  0.1 3.3]
 [1.7 1.  1.3 1.  1.7]]
 
Mutante 20:
[[9.9 8.4 5.9 0.  2.5]
 [3.  1.  1.  1.3 1. ]]
 
Mutante 21:
[[9.9 6.  9.5 2.  4.9]
 [3.  1.  1.  2.  1. ]]
 
Mutante 22:
[[0.  9.  0.7 5.  9. ]
 [1.  0.3 1.  1.  1. ]]
 
Mutante 23:
[[0.  8.9 4.9 9.  4.8]
 [1.7 1.7 2.  1.  0.3]]
 
Mutante 24:
[[9.  1.  4.5 5.4 0. ]
 [0.3 1.  2.7 1.  1. ]]
 
Mutante 25:
[[0.7 2.  0.  0.  3.9]
 [1.  1.  1.7 0.3 2. ]]
 
Mutante 26:
[[9.7 0.  2.8 2.1 9. ]
 [1.  1.  1.  1.  1.3]]
 
Mutante 27:
[[3.7 3.4 6.2 2.3 9. ]
 [0.3 1.  1.  1.3 1.7]]
 
Mutante 28:
[[4.5 5.9 9.6 7.  7.3]
 [2.  1.  0.3 1.7 2. ]]
 
Mutante 29:
[[1.5 8.8 8.8 0.  9. ]
 [2.  1.  1.  0.6 1. ]]
 
Mutante 30:
[[5.  6.7 6.7 3.4 5.6]
 [2.7 1.7 0.3 2.  1. ]]
 
Mutante 31:
[[9.  9.  9.  2.1 6.2]
 [2.  1.  1.  1.  1.7]]
 
Mutante 32:
[[9.  2.8 5.2 4.2 6.2]
 [2.  1.  1.  1.  0.3]]
 
Mutante 33:
[[6.6 4.5 5.9 2.6 0. ]
 [1.  1.  2.  1.  1. ]]
 
Mutante 34:
[[2.4 2.8 6.6 6.1 4.7]
 [1.  1.  1.  2.  0.3]]
 
Mutante 35:
[[2.3 9.  2.9 0.  9. ]
 [1.  1.7 0.3 1.  1. ]]
 
Mutante 36:
[[9.4 0.  2.9 0.  0.1]
 [2.7 1.7 1.  1.3 1. ]]
 
Mutante 37:
[[2.  2.2 0.  1.5 5.6]
 [1.  1.  2.  1.3 1.7]]
 
Mutante 38:
[[7.6 3.5 0.  0.  5.6]
 [2.  1.  1.  0.3 0.3]]
 
Mutante 39:
[[7.6 9.  5.2 0.  4.8]
 [2.7 1.7 0.3 1.  1. ]]
 
Mutante 40:
[[3.4 3.2 1.4 0.1 7.6]
 [1.7 1.  0.3 1.  1. ]]
 
Mutante 41:
[[9.  0.  2.1 0.  9. ]
 [1.7 1.  1.  1.  2. ]]
 
Mutante 42:
[[5.2 0.  7.3 6.8 1.7]
 [0.3 1.  2.7 0.3 1. ]]
 
Mutante 43:
[[9.  0.  0.  4.  9. ]
 [1.  1.  2.  0.3 1.7]]
 
Mutante 44:
[[2.4 3.5 0.6 9.2 0. ]
 [0.3 1.  1.  2.  1. ]]
 
Mutante 45:
[[0.  4.6 7.6 5.  5.2]
 [1.  1.7 1.  1.3 1. ]]
 
Mutante 46:
[[9.9 0.  0.7 8.3 7.6]
 [0.3 0.3 2.7 1.  1. ]]
 
Mutante 47:
[[4.1 0.7 2.2 0.  0. ]
 [1.  1.  1.  1.  2. ]]
 
Mutante 48:
[[0.  3.9 4.9 2.2 9. ]
 [1.  1.  1.  1.  1.7]]
 
Mutante 49:
[[6.6 9.  6.8 3.1 5. ]
 [2.  1.  0.3 1.3 1.7]]
 
Mutante 50:
[[1.1 9.  1.3 0.  1.3]
 [1.3 2.  1.  1.  1.7]]
 
-----------------------------------------
Número de avaliações até o momento: 250
Evoluido 1:
[[1 1 9 5 3]
 [1 1 1 2 1]]
 
Evoluido 2:
[[4 9 5 3 1]
 [2 2 1 1 0]]
 
Evoluido 3:
[[7 0 7 7 1]
 [2 1 1 2 1]]
 
Evoluido 4:
[[5 4 0 4 8]
 [1 1 1 2 0]]
 
Evoluido 5:
[[6 0 2 2 7]
 [2 1 1 1 1]]
 
Evoluido 6:
[[7 9 6 0 3]
 [2 1 1 1 1]]
 
Evoluido 7:
[[0 9 5 1 7]
 [0 1 1 0 1]]
 
Evoluido 8:
[[5 9 8 3 8]
 [1 1 1 2 0]]
 
Evoluido 9:
[[0 2 7 0 3]
 [1 0 1 1 2]]
 
Evoluido 10:
[[8 5 5 6 2]
 [1 0 1 1 1]]
 
Evoluido 11:
[[0 4 9 3 6]
 [0 1 1 1 2]]
 
Evoluido 12:
[[4 0 1 4 7]
 [2 1 1 1 0]]
 
Evoluido 13:
[[0 3 8 0 9]
 [1 1 1 2 2]]
 
Evoluido 14:
[[8 1 4 0 8]
 [1 1 1 1 1]]
 
Evoluido 15:
[[7 2 3 4 5]
 [2 1 1 0 2]]
 
Evoluido 16:
[[3 9 1 0 0]
 [1 2 0 2 1]]
 
Evoluido 17:
[[0 6 6 4 7]
 [1 1 1 2 0]]
 
Evoluido 18:
[[3 5 4 2 0]
 [1 1 2 1 2]]
 
Evoluido 19:
[[1 6 9 0 3]
 [1 1 1 1 1]]
 
Evoluido 20:
[[9 3 5 0 8]
 [3 1 1 1 1]]
 
Evoluido 21:
[[9 6 9 2 8]
 [3 1 1 2 1]]
 
Evoluido 22:
[[3 9 0 5 9]
 [1 0 1 2 1]]
 
Evoluido 23:
[[1 8 6 3 4]
 [1 1 2 1 1]]
 
Evoluido 24:
[[6 1 8 5 0]
 [0 1 2 2 1]]
 
Evoluido 25:
[[0 2 0 0 3]
 [1 1 1 0 2]]
 
Evoluido 26:
[[5 4 0 2 9]
 [1 1 1 1 1]]
 
Evoluido 27:
[[3 3 8 2 9]
 [0 1 1 1 1]]
 
Evoluido 28:
[[4 5 9 7 7]
 [2 1 2 1 2]]
 
Evoluido 29:
[[1 8 1 0 9]
 [1 1 1 0 1]]
 
Evoluido 30:
[[5 6 6 3 8]
 [1 1 1 2 1]]
 
Evoluido 31:
[[7 7 9 2 8]
 [2 1 1 1 1]]
 
Evoluido 32:
[[9 2 5 0 6]
 [2 1 1 1 0]]
 
Evoluido 33:
[[6 0 0 2 5]
 [1 1 2 1 1]]
 
Evoluido 34:
[[5 2 6 0 4]
 [1 1 1 2 0]]
 
Evoluido 35:
[[0 9 8 0 9]
 [1 1 2 1 1]]
 
Evoluido 36:
[[9 9 2 0 0]
 [2 2 1 1 1]]
 
Evoluido 37:
[[3 2 2 1 5]
 [1 1 1 1 1]]
 
Evoluido 38:
[[9 3 8 0 9]
 [2 1 1 0 1]]
 
Evoluido 39:
[[9 9 5 0 6]
 [2 1 1 1 1]]
 
Evoluido 40:
[[3 3 1 1 3]
 [1 1 0 1 1]]
 
Evoluido 41:
[[0 0 2 0 9]
 [1 1 1 1 2]]
 
Evoluido 42:
[[5 6 7 2 1]
 [2 1 2 0 1]]
 
Evoluido 43:
[[2 0 0 5 9]
 [1 1 2 1 1]]
 
Evoluido 44:
[[0 3 0 9 0]
 [0 1 1 2 1]]
 
Evoluido 45:
[[2 4 7 2 9]
 [1 1 1 1 1]]
 
Evoluido 46:
[[9 0 4 8 9]
 [0 0 1 1 1]]
 
Evoluido 47:
[[9 0 0 0 0]
 [1 1 1 1 2]]
 
Evoluido 48:
[[0 7 2 2 9]
 [1 1 1 1 1]]
 
Evoluido 49:
[[3 9 5 3 5]
 [1 1 0 1 1]]
 
Evoluido 50:
[[1 9 1 3 9]
 [1 1 1 1 1]]
 
-----------------------------------------
Individuo 1:
{
  "solucao": [1 7 7 5 3]
                [2 2 1 1 1],
  "funcao_objetivo": 0.99115455061397402988831563401674430639208379350076,
  "confiabilidade_total": 0.99115455061397402988831563401674430639208379350076
  "peso": 115.53,
  "custo": 96.31
}
 
Individuo 2:
{
  "solucao": [5 5 6 1 2]
                [2 2 1 1 1],
  "funcao_objetivo": 0.99039666041870072183297696819133324518562848327012,
  "confiabilidade_total": 0.99039666041870072183297696819133324518562848327012
  "peso": 119.77,
  "custo": 77.85
}
 
Individuo 3:
{
  "solucao": [8 8 4 1 5]
                [2 1 1 2 1],
  "funcao_objetivo": 0.98749411730510410378300947156748933753586543593715,
  "confiabilidade_total": 0.98749411730510410378300947156748933753586543593715
  "peso": 118.42000000000002,
  "custo": 93.9
}
 
Individuo 4:
{
  "solucao": [5 7 8 1 6]
                [2 1 1 2 1],
  "funcao_objetivo": 0.98699425117558525826271778504734524198271388266954,
  "confiabilidade_total": 0.98699425117558525826271778504734524198271388266954
  "peso": 114.41,
  "custo": 90.68
}
 
Individuo 5:
{
  "solucao": [6 0 2 2 7]
                [2 1 1 1 1],
  "funcao_objetivo": 0.97844637823471802094089748909150045898046827204194,
  "confiabilidade_total": 0.97844637823471802094089748909150045898046827204194
  "peso": 119.92000000000002,
  "custo": 74.67
}
 
Individuo 6:
{
  "solucao": [7 8 6 0 3]
                [3 1 1 1 1],
  "funcao_objetivo": 0.97551770151512111119691215230897363751711614978560,
  "confiabilidade_total": 0.97551770151512111119691215230897363751711614978560
  "peso": 119.47,
  "custo": 98.33
}
 
Individuo 7:
{
  "solucao": [1 5 4 0 7]
                [2 1 1 1 1],
  "funcao_objetivo": 0.97459795302278434551302086257194968849815263388034,
  "confiabilidade_total": 0.97459795302278434551302086257194968849815263388034
  "peso": 109.10000000000001,
  "custo": 84.80000000000001
}
 
Individuo 8:
{
  "solucao": [2 0 5 2 7]
                [2 1 1 1 1],
  "funcao_objetivo": 0.97886085893544830544843669159814489551307035208625,
  "confiabilidade_total": 0.97886085893544830544843669159814489551307035208625
  "peso": 117.34000000000002,
  "custo": 69.73
}
 
Individuo 9:
{
  "solucao": [8 5 1 5 0]
                [1 1 1 3 1],
  "funcao_objetivo": 0.97438269035370189373604595360064646722727800586570,
  "confiabilidade_total": 0.97438269035370189373604595360064646722727800586570
  "peso": 111.86999999999999,
  "custo": 85.45
}
 
Individuo 10:
{
  "solucao": [8 1 0 0 2]
                [1 2 1 1 1],
  "funcao_objetivo": 0.97628473416587423855679665268874328060781790739454,
  "confiabilidade_total": 0.97628473416587423855679665268874328060781790739454
  "peso": 114.05,
  "custo": 84.55999999999999
}
 
Individuo 11:
{
  "solucao": [9 0 6 3 6]
                [2 1 1 1 1],
  "funcao_objetivo": 0.97403946607992963999203710469743829955675124218109,
  "confiabilidade_total": 0.97403946607992963999203710469743829955675124218109
  "peso": 119.27999999999999,
  "custo": 88.41000000000001
}
 
Individuo 12:
{
  "solucao": [1 0 7 5 7]
                [1 1 2 1 1],
  "funcao_objetivo": 0.97402301027900154680980834402247360196887614829045,
  "confiabilidade_total": 0.97402301027900154680980834402247360196887614829045
  "peso": 95.55000000000001,
  "custo": 85.69
}
 
Individuo 13:
{
  "solucao": [1 0 8 5 8]
                [1 1 1 2 2],
  "funcao_objetivo": 0.97351863705585748894375042654615005828836145375255,
  "confiabilidade_total": 0.97351863705585748894375042654615005828836145375255
  "peso": 111.57,
  "custo": 91.53
}
 
Individuo 14:
{
  "solucao": [8 1 4 7 8]
                [2 1 1 1 2],
  "funcao_objetivo": 0.97242213985444363267748089210175018892701624099072,
  "confiabilidade_total": 0.97242213985444363267748089210175018892701624099072
  "peso": 114.32000000000001,
  "custo": 97.03
}
 
Individuo 15:
{
  "solucao": [2 1 3 5 5]
                [1 1 1 2 1],
  "funcao_objetivo": 0.97206171291554140377036848467426840408940263231132,
  "confiabilidade_total": 0.97206171291554140377036848467426840408940263231132
  "peso": 107.17,
  "custo": 67.15
}
 
Individuo 16:
{
  "solucao": [8 1 1 4 0]
                [1 2 1 1 1],
  "funcao_objetivo": 0.97190535711799042098108486197782769546326035261886,
  "confiabilidade_total": 0.97190535711799042098108486197782769546326035261886
  "peso": 112.89999999999999,
  "custo": 87.75
}
 
Individuo 17:
{
  "solucao": [8 1 8 4 1]
                [1 1 2 1 1],
  "funcao_objetivo": 0.97089934113353428085139749313252868378595709681001,
  "confiabilidade_total": 0.97089934113353428085139749313252868378595709681001
  "peso": 103.69,
  "custo": 83.59
}
 
Individuo 18:
{
  "solucao": [0 6 6 2 5]
                [1 1 2 1 1],
  "funcao_objetivo": 0.97089769919555326586169862235614852536227506403071,
  "confiabilidade_total": 0.97089769919555326586169862235614852536227506403071
  "peso": 117.79,
  "custo": 73.02
}
 
Individuo 19:
{
  "solucao": [1 6 5 0 1]
                [1 1 1 2 1],
  "funcao_objetivo": 0.97289251340762450228911807551115747894954025687827,
  "confiabilidade_total": 0.97289251340762450228911807551115747894954025687827
  "peso": 111.49000000000001,
  "custo": 84.4
}
 
Individuo 20:
{
  "solucao": [6 3 1 9 8]
                [1 1 1 2 1],
  "funcao_objetivo": 0.96930567522206419544537400672124954463202428994665,
  "confiabilidade_total": 0.96930567522206419544537400672124954463202428994665
  "peso": 111.67,
  "custo": 88.03
}
 
Individuo 21:
{
  "solucao": [0 6 9 5 8]
                [1 1 1 2 1],
  "funcao_objetivo": 0.96931815363140315513964082334828905896528175480224,
  "confiabilidade_total": 0.96931815363140315513964082334828905896528175480224
  "peso": 102.74,
  "custo": 80.24
}
 
Individuo 22:
{
  "solucao": [3 5 4 8 7]
                [1 1 2 2 0],
  "funcao_objetivo": 0.98341159717754882749825191349505150601576973522672,
  "confiabilidade_total": 0.98341159717754882749825191349505150601576973522672
  "peso": 113.53999999999999,
  "custo": 77.07
}
 
Individuo 23:
{
  "solucao": [1 6 6 3 5]
                [1 1 2 1 1],
  "funcao_objetivo": 0.96693212256856876436315585756298078394808670730830,
  "confiabilidade_total": 0.96693212256856876436315585756298078394808670730830
  "peso": 115.04,
  "custo": 74.15
}
 
Individuo 24:
{
  "solucao": [6 7 8 8 1]
                [1 1 1 2 2],
  "funcao_objetivo": 0.96393853543860146408781274290537954319808720304214,
  "confiabilidade_total": 0.96393853543860146408781274290537954319808720304214
  "peso": 114.11,
  "custo": 96.76
}
 
Individuo 25:
{
  "solucao": [2 0 5 0 0]
                [1 1 1 1 2],
  "funcao_objetivo": 0.96473763395380875741253252940199373558435013995975,
  "confiabilidade_total": 0.96473763395380875741253252940199373558435013995975
  "peso": 118.53999999999999,
  "custo": 84.24000000000001
}
 
Individuo 26:
{
  "solucao": [5 4 0 9 9]
                [1 1 2 1 1],
  "funcao_objetivo": 0.96314045010339375013412611764509101621994020949169,
  "confiabilidade_total": 0.96314045010339375013412611764509101621994020949169
  "peso": 115.84,
  "custo": 92.15
}
 
Individuo 27:
{
  "solucao": [1 7 8 4 4]
                [1 1 1 2 1],
  "funcao_objetivo": 0.96858014569070860472465061690822848268365479629591,
  "confiabilidade_total": 0.96858014569070860472465061690822848268365479629591
  "peso": 118.08,
  "custo": 85.06
}
 
Individuo 28:
{
  "solucao": [2 5 0 5 7]
                [1 1 2 2 1],
  "funcao_objetivo": 0.97917320815096085073301223838392043538608648099499,
  "confiabilidade_total": 0.99258987481762763050827546800768114329532779969769
  "peso": 121.61000000000001,
  "custo": 87.48
}
 
Individuo 29:
{
  "solucao": [0 8 1 0 6]
                [1 1 1 1 1],
  "funcao_objetivo": 0.96229948517157722746250308405762754247685826614724,
  "confiabilidade_total": 0.96229948517157722746250308405762754247685826614724
  "peso": 93.24,
  "custo": 72.69
}
 
Individuo 30:
{
  "solucao": [5 6 6 3 8]
                [1 1 1 2 1],
  "funcao_objetivo": 0.96244707310358580709991497242477925644512552553371,
  "confiabilidade_total": 0.96244707310358580709991497242477925644512552553371
  "peso": 113.64999999999999,
  "custo": 72.36
}
 
Individuo 31:
{
  "solucao": [7 7 9 2 8]
                [2 1 1 1 1],
  "funcao_objetivo": 0.96565652872180086558251307879558743040404311475777,
  "confiabilidade_total": 0.96565652872180086558251307879558743040404311475777
  "peso": 98.17,
  "custo": 85.14999999999999
}
 
Individuo 32:
{
  "solucao": [8 2 5 0 5]
                [2 1 1 2 1],
  "funcao_objetivo": 0.97339467330405139732992655092430220621039144480262,
  "confiabilidade_total": 0.98914467330405140091039580534043204907660357439552
  "peso": 121.89,
  "custo": 89.03
}
 
Individuo 33:
{
  "solucao": [6 0 0 2 5]
                [1 1 2 1 1],
  "funcao_objetivo": 0.97938835046791193857079513804323220126311690368250,
  "confiabilidade_total": 0.97938835046791193857079513804323220126311690368250
  "peso": 118.29,
  "custo": 80.5
}
 
Individuo 34:
{
  "solucao": [5 1 4 0 0]
                [1 1 1 1 2],
  "funcao_objetivo": 0.95920663961553519862058599987385386986051668723245,
  "confiabilidade_total": 0.95920663961553519862058599987385386986051668723245
  "peso": 117.38999999999999,
  "custo": 87.43
}
 
Individuo 35:
{
  "solucao": [0 9 8 0 9]
                [1 1 2 1 1],
  "funcao_objetivo": 0.97341397242291204424240652472858269940916423115392,
  "confiabilidade_total": 0.97341397242291204424240652472858269940916423115392
  "peso": 106.52,
  "custo": 94.5
}
 
Individuo 36:
{
  "solucao": [6 9 2 1 2]
                [2 2 0 1 1],
  "funcao_objetivo": 0.96251020544608341211818428230014990691049461935517,
  "confiabilidade_total": 0.96251020544608341211818428230014990691049461935517
  "peso": 117.69000000000001,
  "custo": 84.55999999999999
}
 
Individuo 37:
{
  "solucao": [3 2 2 1 5]
                [1 1 1 1 1],
  "funcao_objetivo": 0.95699481254375048898281956083343104331808396305440,
  "confiabilidade_total": 0.95699481254375048898281956083343104331808396305440
  "peso": 100.44000000000001,
  "custo": 56.02
}
 
Individuo 38:
{
  "solucao": [9 7 8 0 9]
                [2 1 1 1 1],
  "funcao_objetivo": 0.96955524101726922231476310331687690293528392255159,
  "confiabilidade_total": 0.96955524101726922231476310331687690293528392255159
  "peso": 104.22999999999999,
  "custo": 97.66999999999999
}
 
Individuo 39:
{
  "solucao": [9 9 5 0 6]
                [2 1 1 1 1],
  "funcao_objetivo": 0.96844139091934136581781289629193769037384049646240,
  "confiabilidade_total": 0.96844139091934136581781289629193769037384049646240
  "peso": 110.25,
  "custo": 92.16
}
 
Individuo 40:
{
  "solucao": [0 9 0 1 3]
                [2 2 0 1 1],
  "funcao_objetivo": 0.97891512353584474773159053874509208379651303876062,
  "confiabilidade_total": 0.97891512353584474773159053874509208379651303876062
  "peso": 117.61000000000001,
  "custo": 94.53
}
 
Individuo 41:
{
  "solucao": [0 0 2 0 9]
                [1 1 1 1 2],
  "funcao_objetivo": 0.96953460662730457552309545959794175354107421507263,
  "confiabilidade_total": 0.97253460662730445242017871037980310569326531757736
  "peso": 120.35999999999999,
  "custo": 93.4
}
 
Individuo 42:
{
  "solucao": [5 6 6 2 7]
                [2 1 1 2 0],
  "funcao_objetivo": 0.96388419226542651230501230288863419322975830345906,
  "confiabilidade_total": 0.96388419226542651230501230288863419322975830345906
  "peso": 114.96000000000001,
  "custo": 64.34
}
 
Individuo 43:
{
  "solucao": [2 0 0 5 9]
                [1 1 2 1 1],
  "funcao_objetivo": 0.97576680565583410912453120460127483137803659642561,
  "confiabilidade_total": 0.97576680565583410912453120460127483137803659642561
  "peso": 116.67999999999999,
  "custo": 85.91999999999999
}
 
Individuo 44:
{
  "solucao": [0 8 4 8 7]
                [1 1 1 1 2],
  "funcao_objetivo": 0.95063350783022776681048135451212181927290448698102,
  "confiabilidade_total": 0.95063350783022776681048135451212181927290448698102
  "peso": 101.48,
  "custo": 86.53
}
 
Individuo 45:
{
  "solucao": [2 3 4 2 9]
                [1 1 1 1 1],
  "funcao_objetivo": 0.95196154965799421477572340009683579079811833889499,
  "confiabilidade_total": 0.95196154965799421477572340009683579079811833889499
  "peso": 109.77,
  "custo": 62.79
}
 
Individuo 46:
{
  "solucao": [2 0 4 3 9]
                [1 1 1 1 1],
  "funcao_objetivo": 0.95667578481650307009772377104142277968997793766728,
  "confiabilidade_total": 0.95667578481650307009772377104142277968997793766728
  "peso": 107.31,
  "custo": 69.41
}
 
Individuo 47:
{
  "solucao": [9 0 0 0 0]
                [1 1 1 1 2],
  "funcao_objetivo": 0.96746198574999515515172238066281454159407216942794,
  "confiabilidade_total": 0.96746198574999515515172238066281454159407216942794
  "peso": 119.75999999999999,
  "custo": 98.34
}
 
Individuo 48:
{
  "solucao": [1 7 2 5 0]
                [1 1 1 2 1],
  "funcao_objetivo": 0.97510420327790433566346018069764248850320690246409,
  "confiabilidade_total": 0.97510420327790433566346018069764248850320690246409
  "peso": 104.71,
  "custo": 75.81
}
 
Individuo 49:
{
  "solucao": [3 9 5 0 7]
                [1 1 1 1 1],
  "funcao_objetivo": 0.94776814530342827977112116816545072480016527870817,
  "confiabilidade_total": 0.94776814530342827977112116816545072480016527870817
  "peso": 89.71000000000001,
  "custo": 71.03
}
 
Individuo 50:
{
  "solucao": [1 9 1 3 9]
                [1 1 1 1 1],
  "funcao_objetivo": 0.94928044107507839701250396229518433807527811881379,
  "confiabilidade_total": 0.94928044107507839701250396229518433807527811881379
  "peso": 95.17,
  "custo": 77.06
}
 
-----------------------------------------
GERACAO 6
Mutante 1:
[[4.8 5.6 2.8 4.2 1.4]
 [1.  1.  0.3 1.  2.7]]
 
Mutante 2:
[[6.7 7.  7.3 6.6 0. ]
 [1.  1.  0.3 2.7 2. ]]
 
Mutante 3:
[[8.3 0.  1.8 4.4 7.4]
 [0.6 1.  1.7 1.  1. ]]
 
Mutante 4:
[[0.  9.  2.6 6.6 9. ]
 [1.7 1.  0.3 1.7 1.3]]
 
Mutante 5:
[[8.3 3.5 4.5 6.3 9. ]
 [0.6 1.  1.  1.7 1. ]]
 
Mutante 6:
[[3.2 7.2 3.8 9.  9. ]
 [1.  1.  1.  2.7 0.3]]
 
Mutante 7:
[[9.  9.  5.  1.4 4.6]
 [2.7 1.  1.  1.  0.3]]
 
Mutante 8:
[[0.  7.8 0.7 2.2 1.4]
 [1.  1.  2.  2.  1. ]]
 
Mutante 9:
[[0.7 0.7 1.3 0.  6.2]
 [1.  1.  1.  1.  2. ]]
 
Mutante 10:
[[4.3 5.9 6.1 2.8 2.8]
 [1.  1.  1.  1.7 1.3]]
 
Mutante 11:
[[6.3 6.  6.9 5.  5.9]
 [1.7 1.  0.3 2.  1. ]]
 
Mutante 12:
[[0.  0.  5.7 4.8 8.4]
 [1.3 1.  1.  1.  1. ]]
 
Mutante 13:
[[4.1 4.9 5.  0.7 3.5]
 [1.7 1.  1.  1.7 1.3]]
 
Mutante 14:
[[0.  2.1 9.8 6.4 9. ]
 [1.  1.  2.  1.  0.3]]
 
Mutante 15:
[[0.  4.9 0.  5.  2.1]
 [0.3 0.3 1.  2.  1. ]]
 
Mutante 16:
[[3.9 4.1 0.  3.8 4.1]
 [1.3 2.  0.7 0.3 1. ]]
 
Mutante 17:
[[0.  9.  4.5 1.6 5.5]
 [1.  1.  0.3 1.  1.7]]
 
Mutante 18:
[[2.  7.9 4.  2.  6.2]
 [1.7 1.7 0.3 1.  1. ]]
 
Mutante 19:
[[4.4 0.  1.3 1.  0.1]
 [1.  1.  1.  1.  1.7]]
 
Mutante 20:
[[0.  1.  3.  5.7 2.9]
 [1.  1.  1.  2.7 1. ]]
 
Mutante 21:
[[8.  0.3 0.  1.2 0. ]
 [1.  2.  1.  1.  1. ]]
 
Mutante 22:
[[8.7 0.1 0.  1.5 0. ]
 [0.3 0.3 1.  3.  1.7]]
 
Mutante 23:
[[8.1 2.1 3.4 2.7 6.3]
 [2.  1.  1.  1.7 1. ]]
 
Mutante 24:
[[2.4 8.7 9.6 1.  9. ]
 [2.  1.  1.  1.3 1. ]]
 
Mutante 25:
[[4.5 6.9 1.7 0.  7.6]
 [1.7 1.  0.3 1.  1.7]]
 
Mutante 26:
[[2.4 4.2 4.1 8.5 0. ]
 [1.  1.  1.7 2.7 0.3]]
 
Mutante 27:
[[9.  5.6 6.  1.6 3.2]
 [2.7 1.  1.  1.7 1. ]]
 
Mutante 28:
[[8.  6.4 5.2 0.1 0. ]
 [1.7 1.  0.3 3.  0.3]]
 
Mutante 29:
[[1.4 6.  6.7 2.7 6.4]
 [1.  1.  2.  0.3 1. ]]
 
Mutante 30:
[[1.7 9.  2.9 0.  4.5]
 [1.7 1.  0.3 2.  1. ]]
 
Mutante 31:
[[2.7 4.2 4.  0.2 9. ]
 [1.7 1.  0.3 1.  1. ]]
 
Mutante 32:
[[4.4 9.  7.1 0.  4.9]
 [1.7 1.  1.  1.  1. ]]
 
Mutante 33:
[[5.5 1.4 9.  0.  3.2]
 [2.  1.  1.  1.  1. ]]
 
Mutante 34:
[[9.  6.4 4.5 6.4 0.7]
 [1.  1.  1.  3.  1. ]]
 
Mutante 35:
[[0.  5.3 9.  9.9 9. ]
 [0.3 0.3 1.7 2.  1.7]]
 
Mutante 36:
[[4.9 0.  3.4 0.  6.9]
 [1.7 1.  1.  1.  2. ]]
 
Mutante 37:
[[9.7 9.  9.  0.  8.1]
 [2.7 1.  0.3 1.  1. ]]
 
Mutante 38:
[[0.2 5.7 3.3 7.3 6.3]
 [0.3 0.3 2.  2.7 1. ]]
 
Mutante 39:
[[9.7 0.  0.  0.  0. ]
 [1.  1.  0.3 1.  2.7]]
 
Mutante 40:
[[5.3 0.  0.  2.  0.1]
 [0.3 1.7 2.  1.  1. ]]
 
Mutante 41:
[[5.  1.1 8.8 4.1 4.2]
 [1.3 1.  1.7 1.3 1. ]]
 
Mutante 42:
[[8.8 4.9 6.6 8.  0. ]
 [1.7 1.  1.  2.  2. ]]
 
Mutante 43:
[[2.  0.  1.9 2.7 7.6]
 [1.  1.  1.  1.  1. ]]
 
Mutante 44:
[[7.6 0.  0.  3.  4.1]
 [1.  1.7 0.3 1.  1. ]]
 
Mutante 45:
[[2.2 0.  6.8 0.  0. ]
 [1.7 1.  1.  0.3 2. ]]
 
Mutante 46:
[[9.  3.5 9.  3.5 9. ]
 [1.3 1.  1.7 1.  1. ]]
 
Mutante 47:
[[1.8 9.  5.5 0.  0. ]
 [2.  2.  0.7 0.3 1. ]]
 
Mutante 48:
[[9.  1.1 0.4 0.  4.2]
 [2.  1.  1.  1.3 0.7]]
 
Mutante 49:
[[6.  0.  0.  7.6 3.6]
 [1.  1.  1.3 1.  1.7]]
 
Mutante 50:
[[9.  3.5 3.8 0.  5.5]
 [1.3 1.7 1.  0.3 1.7]]
 
-----------------------------------------
Número de avaliações até o momento: 300
Evoluido 1:
[[1 7 2 5 3]
 [1 1 0 1 1]]
 
Evoluido 2:
[[5 7 7 1 2]
 [1 1 1 1 2]]
 
Evoluido 3:
[[8 8 1 4 7]
 [0 1 1 1 1]]
 
Evoluido 4:
[[0 9 2 6 9]
 [1 1 1 1 1]]
 
Evoluido 5:
[[6 3 2 2 9]
 [2 1 1 1 1]]
 
Evoluido 6:
[[3 7 3 9 9]
 [1 1 1 2 0]]
 
Evoluido 7:
[[9 5 5 1 4]
 [2 1 1 1 0]]
 
Evoluido 8:
[[2 0 0 2 1]
 [1 1 2 2 1]]
 
Evoluido 9:
[[0 0 1 5 0]
 [1 1 1 1 1]]
 
Evoluido 10:
[[4 5 6 2 2]
 [1 2 1 1 1]]
 
Evoluido 11:
[[9 6 6 5 5]
 [1 1 0 2 1]]
 
Evoluido 12:
[[0 0 5 5 7]
 [1 1 2 1 1]]
 
Evoluido 13:
[[1 4 8 5 3]
 [1 1 1 1 2]]
 
Evoluido 14:
[[0 1 9 7 8]
 [1 1 2 1 0]]
 
Evoluido 15:
[[0 4 0 5 2]
 [0 1 1 2 1]]
 
Evoluido 16:
[[8 4 0 4 0]
 [1 2 0 0 1]]
 
Evoluido 17:
[[0 9 4 1 1]
 [1 1 0 1 1]]
 
Evoluido 18:
[[2 7 4 2 5]
 [1 1 0 1 1]]
 
Evoluido 19:
[[4 0 1 0 0]
 [1 1 1 2 1]]
 
Evoluido 20:
[[0 3 1 9 2]
 [1 1 1 2 1]]
 
Evoluido 21:
[[8 0 0 1 0]
 [1 1 1 1 1]]
 
Evoluido 22:
[[8 5 0 1 7]
 [0 0 1 3 0]]
 
Evoluido 23:
[[8 6 3 2 5]
 [2 1 2 1 1]]
 
Evoluido 24:
[[6 7 9 8 9]
 [1 1 1 2 1]]
 
Evoluido 25:
[[4 6 1 0 0]
 [1 1 0 1 2]]
 
Evoluido 26:
[[5 4 4 8 0]
 [1 1 1 2 0]]
 
Evoluido 27:
[[9 5 6 1 3]
 [2 1 1 1 1]]
 
Evoluido 28:
[[8 6 0 5 0]
 [1 1 0 3 0]]
 
Evoluido 29:
[[1 6 6 2 6]
 [1 1 2 1 1]]
 
Evoluido 30:
[[1 6 2 0 8]
 [1 1 1 2 1]]
 
Evoluido 31:
[[7 4 4 0 9]
 [1 1 0 1 1]]
 
Evoluido 32:
[[4 9 5 0 5]
 [1 1 1 1 1]]
 
Evoluido 33:
[[5 1 9 0 5]
 [2 1 1 1 1]]
 
Evoluido 34:
[[5 6 4 0 0]
 [1 1 1 1 1]]
 
Evoluido 35:
[[0 5 9 9 9]
 [0 0 1 2 1]]
 
Evoluido 36:
[[4 0 3 1 2]
 [1 2 1 1 2]]
 
Evoluido 37:
[[3 2 2 0 5]
 [1 1 0 1 1]]
 
Evoluido 38:
[[0 5 3 7 6]
 [0 1 2 2 1]]
 
Evoluido 39:
[[9 0 0 0 0]
 [1 1 0 1 1]]
 
Evoluido 40:
[[5 0 0 1 0]
 [0 1 2 1 1]]
 
Evoluido 41:
[[5 1 8 0 4]
 [1 1 1 1 1]]
 
Evoluido 42:
[[8 4 6 8 0]
 [1 1 1 2 2]]
 
Evoluido 43:
[[2 0 0 5 7]
 [1 1 2 1 1]]
 
Evoluido 44:
[[7 0 4 3 7]
 [1 1 0 1 1]]
 
Evoluido 45:
[[2 3 6 0 9]
 [1 1 1 1 2]]
 
Evoluido 46:
[[9 3 9 3 9]
 [1 1 1 1 1]]
 
Evoluido 47:
[[1 9 0 0 0]
 [2 2 0 1 1]]
 
Evoluido 48:
[[9 1 0 0 0]
 [2 1 1 1 0]]
 
Evoluido 49:
[[6 0 5 0 3]
 [1 1 1 1 1]]
 
Evoluido 50:
[[1 3 1 0 9]
 [1 1 1 1 1]]
 
-----------------------------------------
Individuo 1:
{
  "solucao": [1 7 7 5 3]
                [2 2 1 1 1],
  "funcao_objetivo": 0.99115455061397402988831563401674430639208379350076,
  "confiabilidade_total": 0.99115455061397402988831563401674430639208379350076
  "peso": 115.53,
  "custo": 96.31
}
 
Individuo 2:
{
  "solucao": [5 5 6 1 2]
                [2 2 1 1 1],
  "funcao_objetivo": 0.99039666041870072183297696819133324518562848327012,
  "confiabilidade_total": 0.99039666041870072183297696819133324518562848327012
  "peso": 119.77,
  "custo": 77.85
}
 
Individuo 3:
{
  "solucao": [8 8 4 1 5]
                [2 1 1 2 1],
  "funcao_objetivo": 0.98749411730510410378300947156748933753586543593715,
  "confiabilidade_total": 0.98749411730510410378300947156748933753586543593715
  "peso": 118.42000000000002,
  "custo": 93.9
}
 
Individuo 4:
{
  "solucao": [5 7 8 1 6]
                [2 1 1 2 1],
  "funcao_objetivo": 0.98699425117558525826271778504734524198271388266954,
  "confiabilidade_total": 0.98699425117558525826271778504734524198271388266954
  "peso": 114.41,
  "custo": 90.68
}
 
Individuo 5:
{
  "solucao": [6 0 2 2 7]
                [2 1 1 1 1],
  "funcao_objetivo": 0.97844637823471802094089748909150045898046827204194,
  "confiabilidade_total": 0.97844637823471802094089748909150045898046827204194
  "peso": 119.92000000000002,
  "custo": 74.67
}
 
Individuo 6:
{
  "solucao": [7 8 6 0 3]
                [3 1 1 1 1],
  "funcao_objetivo": 0.97551770151512111119691215230897363751711614978560,
  "confiabilidade_total": 0.97551770151512111119691215230897363751711614978560
  "peso": 119.47,
  "custo": 98.33
}
 
Individuo 7:
{
  "solucao": [1 5 4 0 7]
                [2 1 1 1 1],
  "funcao_objetivo": 0.97459795302278434551302086257194968849815263388034,
  "confiabilidade_total": 0.97459795302278434551302086257194968849815263388034
  "peso": 109.10000000000001,
  "custo": 84.80000000000001
}
 
Individuo 8:
{
  "solucao": [2 0 5 2 7]
                [2 1 1 1 1],
  "funcao_objetivo": 0.97886085893544830544843669159814489551307035208625,
  "confiabilidade_total": 0.97886085893544830544843669159814489551307035208625
  "peso": 117.34000000000002,
  "custo": 69.73
}
 
Individuo 9:
{
  "solucao": [8 5 1 5 0]
                [1 1 1 3 1],
  "funcao_objetivo": 0.97438269035370189373604595360064646722727800586570,
  "confiabilidade_total": 0.97438269035370189373604595360064646722727800586570
  "peso": 111.86999999999999,
  "custo": 85.45
}
 
Individuo 10:
{
  "solucao": [8 1 0 0 2]
                [1 2 1 1 1],
  "funcao_objetivo": 0.97628473416587423855679665268874328060781790739454,
  "confiabilidade_total": 0.97628473416587423855679665268874328060781790739454
  "peso": 114.05,
  "custo": 84.55999999999999
}
 
Individuo 11:
{
  "solucao": [9 0 6 3 6]
                [2 1 1 1 1],
  "funcao_objetivo": 0.97403946607992963999203710469743829955675124218109,
  "confiabilidade_total": 0.97403946607992963999203710469743829955675124218109
  "peso": 119.27999999999999,
  "custo": 88.41000000000001
}
 
Individuo 12:
{
  "solucao": [0 0 5 5 7]
                [1 1 2 1 1],
  "funcao_objetivo": 0.97511933694848767624738832236442666652202473433768,
  "confiabilidade_total": 0.97511933694848767624738832236442666652202473433768
  "peso": 98.88000000000001,
  "custo": 77.99000000000001
}
 
Individuo 13:
{
  "solucao": [1 0 8 5 8]
                [1 1 1 2 2],
  "funcao_objetivo": 0.97351863705585748894375042654615005828836145375255,
  "confiabilidade_total": 0.97351863705585748894375042654615005828836145375255
  "peso": 111.57,
  "custo": 91.53
}
 
Individuo 14:
{
  "solucao": [8 1 4 7 8]
                [2 1 1 1 2],
  "funcao_objetivo": 0.97242213985444363267748089210175018892701624099072,
  "confiabilidade_total": 0.97242213985444363267748089210175018892701624099072
  "peso": 114.32000000000001,
  "custo": 97.03
}
 
Individuo 15:
{
  "solucao": [2 1 3 5 5]
                [1 1 1 2 1],
  "funcao_objetivo": 0.97206171291554140377036848467426840408940263231132,
  "confiabilidade_total": 0.97206171291554140377036848467426840408940263231132
  "peso": 107.17,
  "custo": 67.15
}
 
Individuo 16:
{
  "solucao": [8 1 1 4 0]
                [1 2 1 1 1],
  "funcao_objetivo": 0.97190535711799042098108486197782769546326035261886,
  "confiabilidade_total": 0.97190535711799042098108486197782769546326035261886
  "peso": 112.89999999999999,
  "custo": 87.75
}
 
Individuo 17:
{
  "solucao": [8 1 8 4 1]
                [1 1 2 1 1],
  "funcao_objetivo": 0.97089934113353428085139749313252868378595709681001,
  "confiabilidade_total": 0.97089934113353428085139749313252868378595709681001
  "peso": 103.69,
  "custo": 83.59
}
 
Individuo 18:
{
  "solucao": [0 6 6 2 5]
                [1 1 2 1 1],
  "funcao_objetivo": 0.97089769919555326586169862235614852536227506403071,
  "confiabilidade_total": 0.97089769919555326586169862235614852536227506403071
  "peso": 117.79,
  "custo": 73.02
}
 
Individuo 19:
{
  "solucao": [1 6 5 0 1]
                [1 1 1 2 1],
  "funcao_objetivo": 0.97289251340762450228911807551115747894954025687827,
  "confiabilidade_total": 0.97289251340762450228911807551115747894954025687827
  "peso": 111.49000000000001,
  "custo": 84.4
}
 
Individuo 20:
{
  "solucao": [0 3 1 9 2]
                [1 1 1 2 1],
  "funcao_objetivo": 0.97737906772315760972595800526647986679652914798164,
  "confiabilidade_total": 0.97796240105649100469025787252448618254764680212640
  "peso": 120.07000000000001,
  "custo": 87.91
}
 
Individuo 21:
{
  "solucao": [0 6 9 5 8]
                [1 1 1 2 1],
  "funcao_objetivo": 0.96931815363140315513964082334828905896528175480224,
  "confiabilidade_total": 0.96931815363140315513964082334828905896528175480224
  "peso": 102.74,
  "custo": 80.24
}
 
Individuo 22:
{
  "solucao": [3 5 4 8 7]
                [1 1 2 2 0],
  "funcao_objetivo": 0.98341159717754882749825191349505150601576973522672,
  "confiabilidade_total": 0.98341159717754882749825191349505150601576973522672
  "peso": 113.53999999999999,
  "custo": 77.07
}
 
Individuo 23:
{
  "solucao": [1 6 6 3 5]
                [1 1 2 1 1],
  "funcao_objetivo": 0.96693212256856876436315585756298078394808670730830,
  "confiabilidade_total": 0.96693212256856876436315585756298078394808670730830
  "peso": 115.04,
  "custo": 74.15
}
 
Individuo 24:
{
  "solucao": [6 7 8 8 1]
                [1 1 1 2 2],
  "funcao_objetivo": 0.96393853543860146408781274290537954319808720304214,
  "confiabilidade_total": 0.96393853543860146408781274290537954319808720304214
  "peso": 114.11,
  "custo": 96.76
}
 
Individuo 25:
{
  "solucao": [2 0 5 0 0]
                [1 1 1 1 2],
  "funcao_objetivo": 0.96473763395380875741253252940199373558435013995975,
  "confiabilidade_total": 0.96473763395380875741253252940199373558435013995975
  "peso": 118.53999999999999,
  "custo": 84.24000000000001
}
 
Individuo 26:
{
  "solucao": [5 4 0 9 9]
                [1 1 2 1 1],
  "funcao_objetivo": 0.96314045010339375013412611764509101621994020949169,
  "confiabilidade_total": 0.96314045010339375013412611764509101621994020949169
  "peso": 115.84,
  "custo": 92.15
}
 
Individuo 27:
{
  "solucao": [1 7 8 4 4]
                [1 1 1 2 1],
  "funcao_objetivo": 0.96858014569070860472465061690822848268365479629591,
  "confiabilidade_total": 0.96858014569070860472465061690822848268365479629591
  "peso": 118.08,
  "custo": 85.06
}
 
Individuo 28:
{
  "solucao": [2 5 0 5 7]
                [1 1 2 2 1],
  "funcao_objetivo": 0.97917320815096085073301223838392043538608648099499,
  "confiabilidade_total": 0.99258987481762763050827546800768114329532779969769
  "peso": 121.61000000000001,
  "custo": 87.48
}
 
Individuo 29:
{
  "solucao": [1 6 6 2 6]
                [1 1 2 1 1],
  "funcao_objetivo": 0.96244416517569944188902898224595571211491523377295,
  "confiabilidade_total": 0.97002749850903274668500465344349447097581623188849
  "peso": 120.91,
  "custo": 73.72
}
 
Individuo 30:
{
  "solucao": [1 6 2 0 8]
                [1 1 1 2 1],
  "funcao_objetivo": 0.97671204153236427439042062566332853262444403886040,
  "confiabilidade_total": 0.97671204153236427439042062566332853262444403886040
  "peso": 115.97000000000001,
  "custo": 82.17999999999999
}
 
Individuo 31:
{
  "solucao": [7 7 9 2 8]
                [2 1 1 1 1],
  "funcao_objetivo": 0.96565652872180086558251307879558743040404311475777,
  "confiabilidade_total": 0.96565652872180086558251307879558743040404311475777
  "peso": 98.17,
  "custo": 85.14999999999999
}
 
Individuo 32:
{
  "solucao": [8 2 5 0 5]
                [2 1 1 2 1],
  "funcao_objetivo": 0.97339467330405139732992655092430220621039144480262,
  "confiabilidade_total": 0.98914467330405140091039580534043204907660357439552
  "peso": 121.89,
  "custo": 89.03
}
 
Individuo 33:
{
  "solucao": [6 0 0 2 5]
                [1 1 2 1 1],
  "funcao_objetivo": 0.97938835046791193857079513804323220126311690368250,
  "confiabilidade_total": 0.97938835046791193857079513804323220126311690368250
  "peso": 118.29,
  "custo": 80.5
}
 
Individuo 34:
{
  "solucao": [5 1 4 0 0]
                [1 1 1 1 2],
  "funcao_objetivo": 0.95920663961553519862058599987385386986051668723245,
  "confiabilidade_total": 0.95920663961553519862058599987385386986051668723245
  "peso": 117.38999999999999,
  "custo": 87.43
}
 
Individuo 35:
{
  "solucao": [0 9 8 0 9]
                [1 1 2 1 1],
  "funcao_objetivo": 0.97341397242291204424240652472858269940916423115392,
  "confiabilidade_total": 0.97341397242291204424240652472858269940916423115392
  "peso": 106.52,
  "custo": 94.5
}
 
Individuo 36:
{
  "solucao": [6 9 2 1 2]
                [2 2 0 1 1],
  "funcao_objetivo": 0.96251020544608341211818428230014990691049461935517,
  "confiabilidade_total": 0.96251020544608341211818428230014990691049461935517
  "peso": 117.69000000000001,
  "custo": 84.55999999999999
}
 
Individuo 37:
{
  "solucao": [3 2 2 1 5]
                [1 1 1 1 1],
  "funcao_objetivo": 0.95699481254375048898281956083343104331808396305440,
  "confiabilidade_total": 0.95699481254375048898281956083343104331808396305440
  "peso": 100.44000000000001,
  "custo": 56.02
}
 
Individuo 38:
{
  "solucao": [9 7 8 0 9]
                [2 1 1 1 1],
  "funcao_objetivo": 0.96955524101726922231476310331687690293528392255159,
  "confiabilidade_total": 0.96955524101726922231476310331687690293528392255159
  "peso": 104.22999999999999,
  "custo": 97.66999999999999
}
 
Individuo 39:
{
  "solucao": [9 9 5 0 6]
                [2 1 1 1 1],
  "funcao_objetivo": 0.96844139091934136581781289629193769037384049646240,
  "confiabilidade_total": 0.96844139091934136581781289629193769037384049646240
  "peso": 110.25,
  "custo": 92.16
}
 
Individuo 40:
{
  "solucao": [0 9 0 1 3]
                [2 2 0 1 1],
  "funcao_objetivo": 0.97891512353584474773159053874509208379651303876062,
  "confiabilidade_total": 0.97891512353584474773159053874509208379651303876062
  "peso": 117.61000000000001,
  "custo": 94.53
}
 
Individuo 41:
{
  "solucao": [0 0 2 0 9]
                [1 1 1 1 2],
  "funcao_objetivo": 0.96953460662730457552309545959794175354107421507263,
  "confiabilidade_total": 0.97253460662730445242017871037980310569326531757736
  "peso": 120.35999999999999,
  "custo": 93.4
}
 
Individuo 42:
{
  "solucao": [5 6 6 2 7]
                [2 1 1 2 0],
  "funcao_objetivo": 0.96388419226542651230501230288863419322975830345906,
  "confiabilidade_total": 0.96388419226542651230501230288863419322975830345906
  "peso": 114.96000000000001,
  "custo": 64.34
}
 
Individuo 43:
{
  "solucao": [2 0 0 5 7]
                [1 1 2 1 1],
  "funcao_objetivo": 0.97610320305212755831802956808544309808980381781920,
  "confiabilidade_total": 0.97610320305212755831802956808544309808980381781920
  "peso": 112.42,
  "custo": 82.97
}
 
Individuo 44:
{
  "solucao": [0 8 4 8 7]
                [1 1 1 1 2],
  "funcao_objetivo": 0.95063350783022776681048135451212181927290448698102,
  "confiabilidade_total": 0.95063350783022776681048135451212181927290448698102
  "peso": 101.48,
  "custo": 86.53
}
 
Individuo 45:
{
  "solucao": [2 3 4 2 9]
                [1 1 1 1 1],
  "funcao_objetivo": 0.95196154965799421477572340009683579079811833889499,
  "confiabilidade_total": 0.95196154965799421477572340009683579079811833889499
  "peso": 109.77,
  "custo": 62.79
}
 
Individuo 46:
{
  "solucao": [2 0 4 3 9]
                [1 1 1 1 1],
  "funcao_objetivo": 0.95667578481650307009772377104142277968997793766728,
  "confiabilidade_total": 0.95667578481650307009772377104142277968997793766728
  "peso": 107.31,
  "custo": 69.41
}
 
Individuo 47:
{
  "solucao": [1 9 0 0 0]
                [2 2 0 1 1],
  "funcao_objetivo": 0.97643192838300150966008516845740567927058359743282,
  "confiabilidade_total": 0.97643192838300150966008516845740567927058359743282
  "peso": 113.56,
  "custo": 97.3
}
 
Individuo 48:
{
  "solucao": [1 7 2 5 0]
                [1 1 1 2 1],
  "funcao_objetivo": 0.97510420327790433566346018069764248850320690246409,
  "confiabilidade_total": 0.97510420327790433566346018069764248850320690246409
  "peso": 104.71,
  "custo": 75.81
}
 
Individuo 49:
{
  "solucao": [6 0 5 0 3]
                [1 1 1 1 1],
  "funcao_objetivo": 0.95519834967819346323539508464461905110568407860394,
  "confiabilidade_total": 0.95519834967819346323539508464461905110568407860394
  "peso": 97.44,
  "custo": 66.88
}
 
Individuo 50:
{
  "solucao": [1 3 1 0 9]
                [1 1 1 1 1],
  "funcao_objetivo": 0.96230616703055395362166645445794666360229477717907,
  "confiabilidade_total": 0.96230616703055395362166645445794666360229477717907
  "peso": 97.03,
  "custo": 75.38
}
 
-----------------------------------------
GERACAO 7
Mutante 1:
[[0.  0.  4.3 9.2 2.1]
 [0.3 1.  2.  1.7 1.7]]
 
Mutante 2:
[[0.  2.3 0.  0.  8.3]
 [1.  1.  1.  1.  0.3]]
 
Mutante 3:
[[5.3 5.5 7.6 1.  2.7]
 [2.  2.  1.  1.  1.7]]
 
Mutante 4:
[[8.3 6.3 2.5 1.6 1.1]
 [2.  1.7 0.3 1.  1. ]]
 
Mutante 5:
[[9.  3.1 4.  0.3 5.7]
 [2.7 1.  1.  2.  1. ]]
 
Mutante 6:
[[2.8 5.5 1.4 0.  3. ]
 [2.7 2.  1.  0.3 1. ]]
 
Mutante 7:
[[0.  9.  8.4 1.5 0.9]
 [1.3 2.  1.7 1.  0.3]]
 
Mutante 8:
[[0.  4.9 0.6 1.4 2.7]
 [1.  1.  1.  1.7 2. ]]
 
Mutante 9:
[[3.4 5.8 6.8 2.7 9. ]
 [1.7 1.  1.  1.7 0.3]]
 
Mutante 10:
[[6.2 0.  8.9 0.9 9. ]
 [1.7 1.  1.  0.3 1. ]]
 
Mutante 11:
[[2.9 2.8 7.3 0.  1.1]
 [1.3 1.  1.  1.3 2.4]]
 
Mutante 12:
[[7.1 1.5 7.4 2.4 0. ]
 [1.3 2.  1.7 0.3 1.7]]
 
Mutante 13:
[[5.5 0.8 0.  2.9 5.6]
 [1.  1.  1.3 2.  1. ]]
 
Mutante 14:
[[1.7 3.6 2.6 0.  9. ]
 [2.  1.  1.7 1.  1. ]]
 
Mutante 15:
[[4.4 5.5 0.  1.  5. ]
 [1.  1.  1.  1.7 1. ]]
 
Mutante 16:
[[0.  2.1 2.2 8.3 6.3]
 [2.  1.  1.  1.7 1. ]]
 
Mutante 17:
[[2.9 7.  3.8 3.8 9.5]
 [1.3 0.3 1.7 2.7 1. ]]
 
Mutante 18:
[[0.  6.8 2.8 9.  9. ]
 [0.3 1.  2.  1.  1. ]]
 
Mutante 19:
[[3.6 9.  6.  0.  0. ]
 [2.7 2.  1.  1.  1. ]]
 
Mutante 20:
[[0.  1.4 8.7 6.8 5.4]
 [0.3 1.  1.7 1.3 1. ]]
 
Mutante 21:
[[0.  1.7 0.  8.  7. ]
 [1.  1.  0.3 1.  2.7]]
 
Mutante 22:
[[1.  9.  1.4 0.  2.8]
 [2.  1.3 1.  1.7 1. ]]
 
Mutante 23:
[[0.  0.  0.  0.7 9. ]
 [0.3 1.  1.  0.3 1.7]]
 
Mutante 24:
[[0.3 9.1 0.  5.7 1.4]
 [1.7 1.7 0.3 1.3 1. ]]
 
Mutante 25:
[[0.  0.  0.6 0.  9.7]
 [1.7 1.7 1.  0.3 1.3]]
 
Mutante 26:
[[5.2 6.  0.  0.  5.9]
 [1.  1.7 1.  1.3 1. ]]
 
Mutante 27:
[[0.  2.3 0.  7.6 0. ]
 [0.3 1.  1.  2.7 1. ]]
 
Mutante 28:
[[6.4 4.7 0.  8.3 6.9]
 [1.7 1.  2.  0.3 1. ]]
 
Mutante 29:
[[7.1 2.1 6.6 0.  9.5]
 [2.7 1.  1.  1.3 0.3]]
 
Mutante 30:
[[9.  1.  0.  1.9 0. ]
 [1.  2.  0.3 1.7 1.7]]
 
Mutante 31:
[[7.4 4.9 5.2 5.9 1. ]
 [1.  1.  1.7 2.7 1.3]]
 
Mutante 32:
[[6.2 1.  0.  2.9 3.6]
 [1.  1.  1.  2.  1. ]]
 
Mutante 33:
[[0.  0.  3.3 3.  9. ]
 [1.  1.  1.7 0.3 1. ]]
 
Mutante 34:
[[1.7 6.  6.  1.3 3.9]
 [1.  1.  2.  1.  1. ]]
 
Mutante 35:
[[4.4 2.  2.7 1.7 6.4]
 [1.  1.  1.  0.3 1. ]]
 
Mutante 36:
[[0.  6.  4.6 2.  3.6]
 [0.3 1.  2.7 1.  1. ]]
 
Mutante 37:
[[0.  7.2 3.8 9.  1.3]
 [0.3 1.  1.7 2.  1. ]]
 
Mutante 38:
[[5.  1.8 7.4 4.1 8.4]
 [2.  1.  0.3 2.7 0.7]]
 
Mutante 39:
[[0.7 7.9 1.  9.  0. ]
 [1.  1.  1.  2.7 0.3]]
 
Mutante 40:
[[4.8 0.  4.  4.4 9. ]
 [1.  0.3 1.  1.  1. ]]
 
Mutante 41:
[[5.6 8.3 9.  0.  9. ]
 [1.  0.3 2.7 1.7 1. ]]
 
Mutante 42:
[[7.8 7.5 0.  6.2 4.8]
 [1.7 1.7 2.  0.3 0.3]]
 
Mutante 43:
[[8.  5.2 3.3 7.7 8. ]
 [2.  1.  1.  1.  2. ]]
 
Mutante 44:
[[6.6 9.2 1.7 5.  0. ]
 [0.3 1.  1.7 3.  1. ]]
 
Mutante 45:
[[5.5 0.  0.  4.8 7.7]
 [2.  1.  1.7 0.3 1. ]]
 
Mutante 46:
[[9.  6.2 0.8 0.  9. ]
 [1.3 0.3 1.  1.  1. ]]
 
Mutante 47:
[[5.7 0.1 3.9 0.3 0. ]
 [1.3 2.  1.  0.3 1. ]]
 
Mutante 48:
[[6.6 8.5 3.1 9.  0. ]
 [0.3 1.  1.  3.  1.7]]
 
Mutante 49:
[[6.  0.  0.  4.8 0.8]
 [1.  1.  2.  1.  1. ]]
 
Mutante 50:
[[0.  0.7 3.6 0.  0. ]
 [0.3 1.  1.  1.  1.3]]
 
-----------------------------------------
Número de avaliações até o momento: 350
Evoluido 1:
[[0 0 4 9 2]
 [0 1 2 1 1]]
 
Evoluido 2:
[[0 2 6 1 8]
 [2 1 1 1 1]]
 
Evoluido 3:
[[8 5 4 1 5]
 [2 1 1 2 1]]
 
Evoluido 4:
[[8 6 8 1 1]
 [2 1 0 1 1]]
 
Evoluido 5:
[[6 3 4 0 5]
 [2 1 1 1 1]]
 
Evoluido 6:
[[2 8 6 0 3]
 [2 2 1 0 1]]
 
Evoluido 7:
[[1 9 8 1 0]
 [2 2 1 1 0]]
 
Evoluido 8:
[[2 4 0 1 2]
 [2 1 1 1 2]]
 
Evoluido 9:
[[8 5 6 2 9]
 [1 1 1 3 1]]
 
Evoluido 10:
[[8 0 0 0 2]
 [1 1 1 1 1]]
 
Evoluido 11:
[[9 2 7 0 1]
 [1 1 1 1 2]]
 
Evoluido 12:
[[0 0 5 2 0]
 [1 2 1 0 1]]
 
Evoluido 13:
[[5 0 0 5 5]
 [1 1 1 2 1]]
 
Evoluido 14:
[[1 3 4 0 8]
 [2 1 1 1 1]]
 
Evoluido 15:
[[4 5 0 1 5]
 [1 1 1 1 1]]
 
Evoluido 16:
[[8 1 2 8 0]
 [1 1 1 1 1]]
 
Evoluido 17:
[[2 7 3 3 1]
 [1 1 1 2 1]]
 
Evoluido 18:
[[0 6 2 9 9]
 [1 1 2 1 1]]
 
Evoluido 19:
[[3 9 6 0 0]
 [2 1 1 2 1]]
 
Evoluido 20:
[[0 1 8 9 5]
 [0 1 1 1 1]]
 
Evoluido 21:
[[0 1 0 8 7]
 [1 1 0 1 1]]
 
Evoluido 22:
[[1 5 4 0 7]
 [2 1 1 1 1]]
 
Evoluido 23:
[[0 0 6 0 9]
 [0 1 1 0 1]]
 
Evoluido 24:
[[0 9 0 8 1]
 [1 1 1 1 1]]
 
Evoluido 25:
[[0 0 5 0 9]
 [1 1 1 0 1]]
 
Evoluido 26:
[[5 4 0 9 5]
 [1 1 1 1 1]]
 
Evoluido 27:
[[1 7 0 4 4]
 [0 1 1 2 1]]
 
Evoluido 28:
[[2 4 0 5 6]
 [1 1 2 0 1]]
 
Evoluido 29:
[[7 2 6 0 9]
 [1 1 1 1 0]]
 
Evoluido 30:
[[9 6 0 0 0]
 [1 2 0 1 1]]
 
Evoluido 31:
[[7 4 5 2 1]
 [1 1 1 2 1]]
 
Evoluido 32:
[[8 1 0 2 3]
 [2 1 1 2 1]]
 
Evoluido 33:
[[6 0 3 3 5]
 [1 1 2 1 1]]
 
Evoluido 34:
[[1 1 6 1 0]
 [1 1 2 1 1]]
 
Evoluido 35:
[[0 9 8 0 6]
 [1 1 1 1 1]]
 
Evoluido 36:
[[0 6 2 2 3]
 [2 1 0 1 1]]
 
Evoluido 37:
[[0 7 2 9 1]
 [0 1 1 2 1]]
 
Evoluido 38:
[[5 7 7 4 9]
 [2 1 0 2 0]]
 
Evoluido 39:
[[0 7 1 9 6]
 [2 1 1 2 0]]
 
Evoluido 40:
[[4 0 0 4 9]
 [1 0 0 1 1]]
 
Evoluido 41:
[[0 0 2 0 9]
 [1 1 2 1 1]]
 
Evoluido 42:
[[5 7 6 6 4]
 [1 1 2 0 0]]
 
Evoluido 43:
[[8 5 3 7 8]
 [2 1 1 1 1]]
 
Evoluido 44:
[[6 9 4 5 0]
 [0 1 1 3 1]]
 
Evoluido 45:
[[5 0 0 4 9]
 [1 1 1 0 1]]
 
Evoluido 46:
[[9 0 0 0 9]
 [1 1 1 1 1]]
 
Evoluido 47:
[[5 9 3 0 0]
 [1 2 1 1 1]]
 
Evoluido 48:
[[1 7 2 9 0]
 [0 1 1 3 1]]
 
Evoluido 49:
[[6 0 0 4 0]
 [1 1 2 1 1]]
 
Evoluido 50:
[[1 0 1 0 0]
 [1 1 1 1 1]]
 
-----------------------------------------
Individuo 1:
{
  "solucao": [1 7 7 5 3]
                [2 2 1 1 1],
  "funcao_objetivo": 0.99115455061397402988831563401674430639208379350076,
  "confiabilidade_total": 0.99115455061397402988831563401674430639208379350076
  "peso": 115.53,
  "custo": 96.31
}
 
Individuo 2:
{
  "solucao": [5 5 6 1 2]
                [2 2 1 1 1],
  "funcao_objetivo": 0.99039666041870072183297696819133324518562848327012,
  "confiabilidade_total": 0.99039666041870072183297696819133324518562848327012
  "peso": 119.77,
  "custo": 77.85
}
 
Individuo 3:
{
  "solucao": [8 5 4 1 5]
                [2 1 1 2 1],
  "funcao_objetivo": 0.98781860055079437549875037674257359126837827106630,
  "confiabilidade_total": 0.98781860055079437549875037674257359126837827106630
  "peso": 118.57000000000001,
  "custo": 90.86
}
 
Individuo 4:
{
  "solucao": [5 7 8 1 6]
                [2 1 1 2 1],
  "funcao_objetivo": 0.98699425117558525826271778504734524198271388266954,
  "confiabilidade_total": 0.98699425117558525826271778504734524198271388266954
  "peso": 114.41,
  "custo": 90.68
}
 
Individuo 5:
{
  "solucao": [6 0 2 2 7]
                [2 1 1 1 1],
  "funcao_objetivo": 0.97844637823471802094089748909150045898046827204194,
  "confiabilidade_total": 0.97844637823471802094089748909150045898046827204194
  "peso": 119.92000000000002,
  "custo": 74.67
}
 
Individuo 6:
{
  "solucao": [7 8 6 0 3]
                [3 1 1 1 1],
  "funcao_objetivo": 0.97551770151512111119691215230897363751711614978560,
  "confiabilidade_total": 0.97551770151512111119691215230897363751711614978560
  "peso": 119.47,
  "custo": 98.33
}
 
Individuo 7:
{
  "solucao": [1 9 8 1 0]
                [2 2 1 1 0],
  "funcao_objetivo": 0.98551640434431061026987756766814260264970532744612,
  "confiabilidade_total": 0.98551640434431061026987756766814260264970532744612
  "peso": 105.70000000000002,
  "custo": 93.17999999999999
}
 
Individuo 8:
{
  "solucao": [2 0 5 2 7]
                [2 1 1 1 1],
  "funcao_objetivo": 0.97886085893544830544843669159814489551307035208625,
  "confiabilidade_total": 0.97886085893544830544843669159814489551307035208625
  "peso": 117.34000000000002,
  "custo": 69.73
}
 
Individuo 9:
{
  "solucao": [8 5 1 5 0]
                [1 1 1 3 1],
  "funcao_objetivo": 0.97438269035370189373604595360064646722727800586570,
  "confiabilidade_total": 0.97438269035370189373604595360064646722727800586570
  "peso": 111.86999999999999,
  "custo": 85.45
}
 
Individuo 10:
{
  "solucao": [8 1 0 0 2]
                [1 2 1 1 1],
  "funcao_objetivo": 0.97628473416587423855679665268874328060781790739454,
  "confiabilidade_total": 0.97628473416587423855679665268874328060781790739454
  "peso": 114.05,
  "custo": 84.55999999999999
}
 
Individuo 11:
{
  "solucao": [9 0 6 3 6]
                [2 1 1 1 1],
  "funcao_objetivo": 0.97403946607992963999203710469743829955675124218109,
  "confiabilidade_total": 0.97403946607992963999203710469743829955675124218109
  "peso": 119.27999999999999,
  "custo": 88.41000000000001
}
 
Individuo 12:
{
  "solucao": [0 0 5 5 7]
                [1 1 2 1 1],
  "funcao_objetivo": 0.97511933694848767624738832236442666652202473433768,
  "confiabilidade_total": 0.97511933694848767624738832236442666652202473433768
  "peso": 98.88000000000001,
  "custo": 77.99000000000001
}
 
Individuo 13:
{
  "solucao": [5 0 0 5 5]
                [1 1 1 2 1],
  "funcao_objetivo": 0.97599057882004439162941432603041838069523581926598,
  "confiabilidade_total": 0.97599057882004439162941432603041838069523581926598
  "peso": 99.46,
  "custo": 73.46000000000001
}
 
Individuo 14:
{
  "solucao": [1 3 4 0 8]
                [2 1 1 1 1],
  "funcao_objetivo": 0.97668584621499581231311513068222638757923694433949,
  "confiabilidade_total": 0.97668584621499581231311513068222638757923694433949
  "peso": 116.94999999999999,
  "custo": 84.97999999999999
}
 
Individuo 15:
{
  "solucao": [2 1 3 5 5]
                [1 1 1 2 1],
  "funcao_objetivo": 0.97206171291554140377036848467426840408940263231132,
  "confiabilidade_total": 0.97206171291554140377036848467426840408940263231132
  "peso": 107.17,
  "custo": 67.15
}
 
Individuo 16:
{
  "solucao": [8 1 1 4 0]
                [1 2 1 1 1],
  "funcao_objetivo": 0.97190535711799042098108486197782769546326035261886,
  "confiabilidade_total": 0.97190535711799042098108486197782769546326035261886
  "peso": 112.89999999999999,
  "custo": 87.75
}
 
Individuo 17:
{
  "solucao": [8 1 8 4 1]
                [1 1 2 1 1],
  "funcao_objetivo": 0.97089934113353428085139749313252868378595709681001,
  "confiabilidade_total": 0.97089934113353428085139749313252868378595709681001
  "peso": 103.69,
  "custo": 83.59
}
 
Individuo 18:
{
  "solucao": [0 6 6 2 5]
                [1 1 2 1 1],
  "funcao_objetivo": 0.97089769919555326586169862235614852536227506403071,
  "confiabilidade_total": 0.97089769919555326586169862235614852536227506403071
  "peso": 117.79,
  "custo": 73.02
}
 
Individuo 19:
{
  "solucao": [1 6 5 0 1]
                [1 1 1 2 1],
  "funcao_objetivo": 0.97289251340762450228911807551115747894954025687827,
  "confiabilidade_total": 0.97289251340762450228911807551115747894954025687827
  "peso": 111.49000000000001,
  "custo": 84.4
}
 
Individuo 20:
{
  "solucao": [0 3 1 9 2]
                [1 1 1 2 1],
  "funcao_objetivo": 0.97737906772315760972595800526647986679652914798164,
  "confiabilidade_total": 0.97796240105649100469025787252448618254764680212640
  "peso": 120.07000000000001,
  "custo": 87.91
}
 
Individuo 21:
{
  "solucao": [0 6 9 5 8]
                [1 1 1 2 1],
  "funcao_objetivo": 0.96931815363140315513964082334828905896528175480224,
  "confiabilidade_total": 0.96931815363140315513964082334828905896528175480224
  "peso": 102.74,
  "custo": 80.24
}
 
Individuo 22:
{
  "solucao": [3 5 4 8 7]
                [1 1 2 2 0],
  "funcao_objetivo": 0.98341159717754882749825191349505150601576973522672,
  "confiabilidade_total": 0.98341159717754882749825191349505150601576973522672
  "peso": 113.53999999999999,
  "custo": 77.07
}
 
Individuo 23:
{
  "solucao": [1 6 6 3 5]
                [1 1 2 1 1],
  "funcao_objetivo": 0.96693212256856876436315585756298078394808670730830,
  "confiabilidade_total": 0.96693212256856876436315585756298078394808670730830
  "peso": 115.04,
  "custo": 74.15
}
 
Individuo 24:
{
  "solucao": [6 7 8 8 1]
                [1 1 1 2 2],
  "funcao_objetivo": 0.96393853543860146408781274290537954319808720304214,
  "confiabilidade_total": 0.96393853543860146408781274290537954319808720304214
  "peso": 114.11,
  "custo": 96.76
}
 
Individuo 25:
{
  "solucao": [2 0 5 0 0]
                [1 1 1 1 2],
  "funcao_objetivo": 0.96473763395380875741253252940199373558435013995975,
  "confiabilidade_total": 0.96473763395380875741253252940199373558435013995975
  "peso": 118.53999999999999,
  "custo": 84.24000000000001
}
 
Individuo 26:
{
  "solucao": [5 4 0 9 9]
                [1 1 2 1 1],
  "funcao_objetivo": 0.96314045010339375013412611764509101621994020949169,
  "confiabilidade_total": 0.96314045010339375013412611764509101621994020949169
  "peso": 115.84,
  "custo": 92.15
}
 
Individuo 27:
{
  "solucao": [1 7 8 4 4]
                [1 1 1 2 1],
  "funcao_objetivo": 0.96858014569070860472465061690822848268365479629591,
  "confiabilidade_total": 0.96858014569070860472465061690822848268365479629591
  "peso": 118.08,
  "custo": 85.06
}
 
Individuo 28:
{
  "solucao": [2 5 0 5 7]
                [1 1 2 2 1],
  "funcao_objetivo": 0.97917320815096085073301223838392043538608648099499,
  "confiabilidade_total": 0.99258987481762763050827546800768114329532779969769
  "peso": 121.61000000000001,
  "custo": 87.48
}
 
Individuo 29:
{
  "solucao": [1 6 6 2 6]
                [1 1 2 1 1],
  "funcao_objetivo": 0.96244416517569944188902898224595571211491523377295,
  "confiabilidade_total": 0.97002749850903274668500465344349447097581623188849
  "peso": 120.91,
  "custo": 73.72
}
 
Individuo 30:
{
  "solucao": [1 6 2 0 8]
                [1 1 1 2 1],
  "funcao_objetivo": 0.97671204153236427439042062566332853262444403886040,
  "confiabilidade_total": 0.97671204153236427439042062566332853262444403886040
  "peso": 115.97000000000001,
  "custo": 82.17999999999999
}
 
Individuo 31:
{
  "solucao": [7 7 9 2 8]
                [2 1 1 1 1],
  "funcao_objetivo": 0.96565652872180086558251307879558743040404311475777,
  "confiabilidade_total": 0.96565652872180086558251307879558743040404311475777
  "peso": 98.17,
  "custo": 85.14999999999999
}
 
Individuo 32:
{
  "solucao": [8 2 5 0 5]
                [2 1 1 2 1],
  "funcao_objetivo": 0.97339467330405139732992655092430220621039144480262,
  "confiabilidade_total": 0.98914467330405140091039580534043204907660357439552
  "peso": 121.89,
  "custo": 89.03
}
 
Individuo 33:
{
  "solucao": [6 0 0 2 5]
                [1 1 2 1 1],
  "funcao_objetivo": 0.97938835046791193857079513804323220126311690368250,
  "confiabilidade_total": 0.97938835046791193857079513804323220126311690368250
  "peso": 118.29,
  "custo": 80.5
}
 
Individuo 34:
{
  "solucao": [1 1 6 1 0]
                [1 1 2 1 1],
  "funcao_objetivo": 0.97813736401599525548064191903631089551481414882166,
  "confiabilidade_total": 0.97813736401599525548064191903631089551481414882166
  "peso": 114.61,
  "custo": 85.1
}
 
Individuo 35:
{
  "solucao": [0 9 8 0 9]
                [1 1 2 1 1],
  "funcao_objetivo": 0.97341397242291204424240652472858269940916423115392,
  "confiabilidade_total": 0.97341397242291204424240652472858269940916423115392
  "peso": 106.52,
  "custo": 94.5
}
 
Individuo 36:
{
  "solucao": [6 9 2 1 2]
                [2 2 0 1 1],
  "funcao_objetivo": 0.96251020544608341211818428230014990691049461935517,
  "confiabilidade_total": 0.96251020544608341211818428230014990691049461935517
  "peso": 117.69000000000001,
  "custo": 84.55999999999999
}
 
Individuo 37:
{
  "solucao": [3 2 2 1 5]
                [1 1 1 1 1],
  "funcao_objetivo": 0.95699481254375048898281956083343104331808396305440,
  "confiabilidade_total": 0.95699481254375048898281956083343104331808396305440
  "peso": 100.44000000000001,
  "custo": 56.02
}
 
Individuo 38:
{
  "solucao": [9 7 8 0 9]
                [2 1 1 1 1],
  "funcao_objetivo": 0.96955524101726922231476310331687690293528392255159,
  "confiabilidade_total": 0.96955524101726922231476310331687690293528392255159
  "peso": 104.22999999999999,
  "custo": 97.66999999999999
}
 
Individuo 39:
{
  "solucao": [0 7 1 9 6]
                [2 1 1 2 0],
  "funcao_objetivo": 0.97106646497965069106779116550785401502121564224799,
  "confiabilidade_total": 0.97106646497965069106779116550785401502121564224799
  "peso": 109.60999999999999,
  "custo": 97.39
}
 
Individuo 40:
{
  "solucao": [0 9 0 1 3]
                [2 2 0 1 1],
  "funcao_objetivo": 0.97891512353584474773159053874509208379651303876062,
  "confiabilidade_total": 0.97891512353584474773159053874509208379651303876062
  "peso": 117.61000000000001,
  "custo": 94.53
}
 
Individuo 41:
{
  "solucao": [0 0 2 0 9]
                [1 1 1 1 2],
  "funcao_objetivo": 0.96953460662730457552309545959794175354107421507263,
  "confiabilidade_total": 0.97253460662730445242017871037980310569326531757736
  "peso": 120.35999999999999,
  "custo": 93.4
}
 
Individuo 42:
{
  "solucao": [5 6 6 2 7]
                [2 1 1 2 0],
  "funcao_objetivo": 0.96388419226542651230501230288863419322975830345906,
  "confiabilidade_total": 0.96388419226542651230501230288863419322975830345906
  "peso": 114.96000000000001,
  "custo": 64.34
}
 
Individuo 43:
{
  "solucao": [2 0 0 5 7]
                [1 1 2 1 1],
  "funcao_objetivo": 0.97610320305212755831802956808544309808980381781920,
  "confiabilidade_total": 0.97610320305212755831802956808544309808980381781920
  "peso": 112.42,
  "custo": 82.97
}
 
Individuo 44:
{
  "solucao": [0 8 4 8 7]
                [1 1 1 1 2],
  "funcao_objetivo": 0.95063350783022776681048135451212181927290448698102,
  "confiabilidade_total": 0.95063350783022776681048135451212181927290448698102
  "peso": 101.48,
  "custo": 86.53
}
 
Individuo 45:
{
  "solucao": [2 3 4 2 9]
                [1 1 1 1 1],
  "funcao_objetivo": 0.95196154965799421477572340009683579079811833889499,
  "confiabilidade_total": 0.95196154965799421477572340009683579079811833889499
  "peso": 109.77,
  "custo": 62.79
}
 
Individuo 46:
{
  "solucao": [9 0 0 0 9]
                [1 1 1 1 1],
  "funcao_objetivo": 0.96307221187807005169156009759117714522786994591275,
  "confiabilidade_total": 0.96307221187807005169156009759117714522786994591275
  "peso": 97.63,
  "custo": 83.91
}
 
Individuo 47:
{
  "solucao": [1 9 0 0 0]
                [2 2 0 1 1],
  "funcao_objetivo": 0.97643192838300150966008516845740567927058359743282,
  "confiabilidade_total": 0.97643192838300150966008516845740567927058359743282
  "peso": 113.56,
  "custo": 97.3
}
 
Individuo 48:
{
  "solucao": [1 7 2 5 0]
                [1 1 1 2 1],
  "funcao_objetivo": 0.97510420327790433566346018069764248850320690246409,
  "confiabilidade_total": 0.97510420327790433566346018069764248850320690246409
  "peso": 104.71,
  "custo": 75.81
}
 
Individuo 49:
{
  "solucao": [6 0 5 0 3]
                [1 1 1 1 1],
  "funcao_objetivo": 0.95519834967819346323539508464461905110568407860394,
  "confiabilidade_total": 0.95519834967819346323539508464461905110568407860394
  "peso": 97.44,
  "custo": 66.88
}
 
Individuo 50:
{
  "solucao": [1 0 1 0 0]
                [1 1 1 1 1],
  "funcao_objetivo": 0.96949222457626716299997853385345451995718489146360,
  "confiabilidade_total": 0.96949222457626716299997853385345451995718489146360
  "peso": 97.01,
  "custo": 77.83
}
 
-----------------------------------------
GERACAO 8
Mutante 1:
[[0.4 2.1 5.  4.9 4.4]
 [0.3 1.  1.  0.3 1.7]]
 
Mutante 2:
[[0.  0.  5.  2.1 1.4]
 [1.  1.  1.7 1.  2. ]]
 
Mutante 3:
[[3.2 9.7 6.2 0.  0. ]
 [2.  2.  0.7 0.3 1. ]]
 
Mutante 4:
[[1.  0.7 0.6 5.7 2.1]
 [0.3 0.3 2.4 2.  1. ]]
 
Mutante 5:
[[2.7 0.  4.3 0.  0. ]
 [1.  1.  1.  1.  1.3]]
 
Mutante 6:
[[6.7 2.8 6.9 0.  8.4]
 [2.  1.  1.  1.  1. ]]
 
Mutante 7:
[[9.  3.5 5.3 3.7 7.4]
 [2.7 1.  1.  1.7 1. ]]
 
Mutante 8:
[[8.5 4.  0.  6.9 4.1]
 [1.  1.  1.3 1.7 1.7]]
 
Mutante 9:
[[0.  4.4 3.1 7.6 8.3]
 [1.  0.3 1.  2.  1. ]]
 
Mutante 10:
[[8.  0.  5.7 0.  9.9]
 [2.  1.  1.  1.3 1.7]]
 
Mutante 11:
[[0.  8.1 5.3 2.  9.5]
 [1.7 1.  2.  1.  1. ]]
 
Mutante 12:
[[0.  9.5 4.1 2.8 7.3]
 [0.3 1.  1.  2.  1. ]]
 
Mutante 13:
[[1.7 4.2 2.  0.1 0. ]
 [1.  1.  1.  2.  1. ]]
 
Mutante 14:
[[9.  1.7 0.  0.  6.9]
 [1.  2.  1.7 0.3 1. ]]
 
Mutante 15:
[[8.8 9.  6.9 1.7 6.2]
 [2.7 2.  1.  1.7 1. ]]
 
Mutante 16:
[[1.4 9.1 9.  4.1 9. ]
 [2.  1.  1.  1.  1.7]]
 
Mutante 17:
[[3.5 2.5 9.  9.  9. ]
 [0.3 0.3 2.4 2.  1. ]]
 
Mutante 18:
[[0.  9.  0.  0.  0. ]
 [2.  2.7 1.  1.  1. ]]
 
Mutante 19:
[[0.  4.1 0.  3.1 2.3]
 [1.3 2.  0.7 1.  1. ]]
 
Mutante 20:
[[3.1 9.  9.  1.7 4.2]
 [2.7 2.  1.  1.7 1. ]]
 
Mutante 21:
[[5.2 4.6 2.7 0.7 9. ]
 [1.  0.3 1.  2.  1.7]]
 
Mutante 22:
[[4.9 9.8 0.  9.  6. ]
 [2.  1.  0.3 3.  1. ]]
 
Mutante 23:
[[5.6 4.6 9.  0.  7.3]
 [1.  1.  1.  2.  1.7]]
 
Mutante 24:
[[5.7 0.  0.  5.  7.8]
 [0.3 0.3 1.7 2.  1. ]]
 
Mutante 25:
[[9.  0.3 0.  0.  4.1]
 [1.7 2.  1.  1.  0.3]]
 
Mutante 26:
[[4.5 7.1 1.7 7.8 0. ]
 [1.  1.  1.  3.  1. ]]
 
Mutante 27:
[[5.3 2.1 3.4 2.  4.9]
 [2.  1.  1.7 1.  1. ]]
 
Mutante 28:
[[9.  0.  2.2 0.  5.7]
 [1.3 1.  1.  2.  1. ]]
 
Mutante 29:
[[1.  3.5 5.5 1.5 0. ]
 [1.  1.  0.3 1.3 1.7]]
 
Mutante 30:
[[3.1 9.  4.2 0.  1.4]
 [2.  2.  1.  1.  1. ]]
 
Mutante 31:
[[1.3 0.7 0.7 4.3 2.1]
 [0.3 1.  2.7 1.  1. ]]
 
Mutante 32:
[[1.8 9.  2.7 2.4 3.4]
 [2.  2.  0.7 1.  1. ]]
 
Mutante 33:
[[0.2 2.  2.  3.1 3.6]
 [0.3 1.  1.  1.  1. ]]
 
Mutante 34:
[[0.  8.3 0.  1.  0.9]
 [1.3 2.7 1.  0.3 1. ]]
 
Mutante 35:
[[0.7 0.  0.  9.  1.3]
 [1.  1.7 1.  2.  1. ]]
 
Mutante 36:
[[2.4 2.4 8.8 0.  0. ]
 [1.7 1.  1.3 1.  1.7]]
 
Mutante 37:
[[6.6 3.7 0.5 0.  4.5]
 [2.  1.7 0.3 1.  1. ]]
 
Mutante 38:
[[8.7 1.  5.9 1.9 0. ]
 [1.  1.  2.7 0.3 1. ]]
 
Mutante 39:
[[0.  9.  5.4 9.  9.1]
 [1.7 1.7 1.  1.  1.3]]
 
Mutante 40:
[[0.  9.  6.4 0.7 1. ]
 [1.7 1.  0.3 2.  1. ]]
 
Mutante 41:
[[0.  0.7 6.4 5.7 9.1]
 [1.  0.3 2.  1.  1. ]]
 
Mutante 42:
[[5.8 4.8 4.8 5.2 0. ]
 [1.  1.  1.  1.7 1.7]]
 
Mutante 43:
[[7.6 2.8 2.8 0.7 9.7]
 [1.  1.  1.7 1.  1. ]]
 
Mutante 44:
[[1.  8.3 5.9 1.  1.4]
 [2.  2.  1.7 0.3 1. ]]
 
Mutante 45:
[[1.3 7.3 3.  1.5 0.1]
 [1.7 1.7 1.  2.  1. ]]
 
Mutante 46:
[[5.9 5.5 9.4 2.4 0. ]
 [2.  2.  1.  1.  1. ]]
 
Mutante 47:
[[6.2 0.  0.  9.  1.4]
 [1.  1.  1.3 1.7 1.7]]
 
Mutante 48:
[[6.2 1.4 5.7 0.  0. ]
 [1.  1.7 0.3 0.3 2.7]]
 
Mutante 49:
[[0.  0.7 3.1 2.1 0. ]
 [1.  1.  0.3 1.7 1. ]]
 
Mutante 50:
[[9.  3.8 1.  4.  1.4]
 [1.7 2.7 0.3 1.  1. ]]
 
-----------------------------------------
Número de avaliações até o momento: 400
Evoluido 1:
[[0 2 7 5 4]
 [2 1 1 1 1]]
 
Evoluido 2:
[[5 0 5 2 1]
 [2 1 1 1 2]]
 
Evoluido 3:
[[3 9 4 0 0]
 [2 2 0 0 1]]
 
Evoluido 4:
[[1 0 8 1 2]
 [2 0 1 2 1]]
 
Evoluido 5:
[[6 0 2 2 0]
 [1 1 1 1 1]]
 
Evoluido 6:
[[6 8 6 0 8]
 [3 1 1 1 1]]
 
Evoluido 7:
[[9 3 8 1 7]
 [2 1 1 1 0]]
 
Evoluido 8:
[[8 4 0 6 7]
 [2 1 1 1 1]]
 
Evoluido 9:
[[0 4 1 7 0]
 [1 1 1 2 1]]
 
Evoluido 10:
[[8 0 5 0 2]
 [2 2 1 1 1]]
 
Evoluido 11:
[[0 0 6 3 6]
 [1 1 1 1 1]]
 
Evoluido 12:
[[0 0 5 2 7]
 [1 1 2 2 1]]
 
Evoluido 13:
[[1 0 2 0 0]
 [1 1 1 2 1]]
 
Evoluido 14:
[[1 1 4 0 8]
 [1 2 1 0 1]]
 
Evoluido 15:
[[8 9 3 1 6]
 [2 2 1 2 1]]
 
Evoluido 16:
[[8 9 9 4 9]
 [1 1 1 1 1]]
 
Evoluido 17:
[[8 2 8 9 9]
 [0 1 2 2 1]]
 
Evoluido 18:
[[0 9 0 2 0]
 [1 2 1 1 1]]
 
Evoluido 19:
[[0 6 0 3 2]
 [1 2 0 1 1]]
 
Evoluido 20:
[[0 3 9 1 4]
 [1 2 1 1 1]]
 
Evoluido 21:
[[0 4 2 0 9]
 [1 0 1 2 1]]
 
Evoluido 22:
[[3 5 0 9 7]
 [2 1 0 3 1]]
 
Evoluido 23:
[[5 4 6 3 5]
 [1 1 1 2 1]]
 
Evoluido 24:
[[5 0 8 5 1]
 [0 0 1 2 1]]
 
Evoluido 25:
[[9 0 5 0 4]
 [1 1 1 1 2]]
 
Evoluido 26:
[[4 7 1 7 9]
 [1 1 2 1 1]]
 
Evoluido 27:
[[1 2 3 4 4]
 [2 1 1 1 1]]
 
Evoluido 28:
[[2 0 2 0 5]
 [1 1 1 2 1]]
 
Evoluido 29:
[[1 3 6 2 0]
 [1 1 0 1 1]]
 
Evoluido 30:
[[1 9 2 0 8]
 [1 2 1 2 1]]
 
Evoluido 31:
[[1 0 9 4 8]
 [2 1 2 1 1]]
 
Evoluido 32:
[[1 9 2 2 3]
 [2 2 1 1 1]]
 
Evoluido 33:
[[6 0 0 2 3]
 [0 1 1 1 1]]
 
Evoluido 34:
[[0 1 6 1 0]
 [1 2 2 0 1]]
 
Evoluido 35:
[[0 0 0 9 1]
 [1 1 1 1 1]]
 
Evoluido 36:
[[2 2 8 1 0]
 [1 1 1 1 1]]
 
Evoluido 37:
[[6 3 0 1 5]
 [1 1 1 1 1]]
 
Evoluido 38:
[[9 7 5 1 9]
 [2 1 2 1 1]]
 
Evoluido 39:
[[0 9 1 9 6]
 [2 1 1 1 1]]
 
Evoluido 40:
[[0 9 0 1 3]
 [1 1 0 1 1]]
 
Evoluido 41:
[[0 0 6 0 9]
 [1 1 2 1 2]]
 
Evoluido 42:
[[5 4 4 2 0]
 [1 1 1 2 1]]
 
Evoluido 43:
[[2 0 2 5 9]
 [1 1 1 1 1]]
 
Evoluido 44:
[[0 8 4 1 1]
 [2 2 1 0 2]]
 
Evoluido 45:
[[1 3 3 1 0]
 [1 1 1 1 1]]
 
Evoluido 46:
[[9 5 9 2 9]
 [1 2 1 1 1]]
 
Evoluido 47:
[[6 0 0 9 1]
 [1 1 1 1 1]]
 
Evoluido 48:
[[6 7 5 0 0]
 [1 1 1 0 2]]
 
Evoluido 49:
[[0 0 3 0 3]
 [1 1 1 1 1]]
 
Evoluido 50:
[[9 3 1 4 0]
 [1 2 0 1 1]]
 
-----------------------------------------
Individuo 1:
{
  "solucao": [1 7 7 5 3]
                [2 2 1 1 1],
  "funcao_objetivo": 0.99115455061397402988831563401674430639208379350076,
  "confiabilidade_total": 0.99115455061397402988831563401674430639208379350076
  "peso": 115.53,
  "custo": 96.31
}
 
Individuo 2:
{
  "solucao": [5 5 6 1 2]
                [2 2 1 1 1],
  "funcao_objetivo": 0.99039666041870072183297696819133324518562848327012,
  "confiabilidade_total": 0.99039666041870072183297696819133324518562848327012
  "peso": 119.77,
  "custo": 77.85
}
 
Individuo 3:
{
  "solucao": [8 5 4 1 5]
                [2 1 1 2 1],
  "funcao_objetivo": 0.98781860055079437549875037674257359126837827106630,
  "confiabilidade_total": 0.98781860055079437549875037674257359126837827106630
  "peso": 118.57000000000001,
  "custo": 90.86
}
 
Individuo 4:
{
  "solucao": [5 7 8 1 6]
                [2 1 1 2 1],
  "funcao_objetivo": 0.98699425117558525826271778504734524198271388266954,
  "confiabilidade_total": 0.98699425117558525826271778504734524198271388266954
  "peso": 114.41,
  "custo": 90.68
}
 
Individuo 5:
{
  "solucao": [6 0 2 2 7]
                [2 1 1 1 1],
  "funcao_objetivo": 0.97844637823471802094089748909150045898046827204194,
  "confiabilidade_total": 0.97844637823471802094089748909150045898046827204194
  "peso": 119.92000000000002,
  "custo": 74.67
}
 
Individuo 6:
{
  "solucao": [7 8 6 0 3]
                [3 1 1 1 1],
  "funcao_objetivo": 0.97551770151512111119691215230897363751711614978560,
  "confiabilidade_total": 0.97551770151512111119691215230897363751711614978560
  "peso": 119.47,
  "custo": 98.33
}
 
Individuo 7:
{
  "solucao": [1 9 8 1 0]
                [2 2 1 1 0],
  "funcao_objetivo": 0.98551640434431061026987756766814260264970532744612,
  "confiabilidade_total": 0.98551640434431061026987756766814260264970532744612
  "peso": 105.70000000000002,
  "custo": 93.17999999999999
}
 
Individuo 8:
{
  "solucao": [2 0 5 2 7]
                [2 1 1 1 1],
  "funcao_objetivo": 0.97886085893544830544843669159814489551307035208625,
  "confiabilidade_total": 0.97886085893544830544843669159814489551307035208625
  "peso": 117.34000000000002,
  "custo": 69.73
}
 
Individuo 9:
{
  "solucao": [0 4 1 7 0]
                [1 1 1 2 1],
  "funcao_objetivo": 0.97922864974536867236975916365640988639023333650682,
  "confiabilidade_total": 0.97922864974536867236975916365640988639023333650682
  "peso": 110.69,
  "custo": 90.69
}
 
Individuo 10:
{
  "solucao": [8 1 0 0 2]
                [1 2 1 1 1],
  "funcao_objetivo": 0.97628473416587423855679665268874328060781790739454,
  "confiabilidade_total": 0.97628473416587423855679665268874328060781790739454
  "peso": 114.05,
  "custo": 84.55999999999999
}
 
Individuo 11:
{
  "solucao": [9 0 6 3 6]
                [2 1 1 1 1],
  "funcao_objetivo": 0.97403946607992963999203710469743829955675124218109,
  "confiabilidade_total": 0.97403946607992963999203710469743829955675124218109
  "peso": 119.27999999999999,
  "custo": 88.41000000000001
}
 
Individuo 12:
{
  "solucao": [0 0 5 5 7]
                [1 1 2 1 1],
  "funcao_objetivo": 0.97511933694848767624738832236442666652202473433768,
  "confiabilidade_total": 0.97511933694848767624738832236442666652202473433768
  "peso": 98.88000000000001,
  "custo": 77.99000000000001
}
 
Individuo 13:
{
  "solucao": [5 0 0 5 5]
                [1 1 1 2 1],
  "funcao_objetivo": 0.97599057882004439162941432603041838069523581926598,
  "confiabilidade_total": 0.97599057882004439162941432603041838069523581926598
  "peso": 99.46,
  "custo": 73.46000000000001
}
 
Individuo 14:
{
  "solucao": [1 3 4 0 8]
                [2 1 1 1 1],
  "funcao_objetivo": 0.97668584621499581231311513068222638757923694433949,
  "confiabilidade_total": 0.97668584621499581231311513068222638757923694433949
  "peso": 116.94999999999999,
  "custo": 84.97999999999999
}
 
Individuo 15:
{
  "solucao": [2 1 3 5 5]
                [1 1 1 2 1],
  "funcao_objetivo": 0.97206171291554140377036848467426840408940263231132,
  "confiabilidade_total": 0.97206171291554140377036848467426840408940263231132
  "peso": 107.17,
  "custo": 67.15
}
 
Individuo 16:
{
  "solucao": [8 1 1 4 0]
                [1 2 1 1 1],
  "funcao_objetivo": 0.97190535711799042098108486197782769546326035261886,
  "confiabilidade_total": 0.97190535711799042098108486197782769546326035261886
  "peso": 112.89999999999999,
  "custo": 87.75
}
 
Individuo 17:
{
  "solucao": [8 1 8 4 1]
                [1 1 2 1 1],
  "funcao_objetivo": 0.97089934113353428085139749313252868378595709681001,
  "confiabilidade_total": 0.97089934113353428085139749313252868378595709681001
  "peso": 103.69,
  "custo": 83.59
}
 
Individuo 18:
{
  "solucao": [0 9 0 2 0]
                [1 2 1 1 1],
  "funcao_objetivo": 0.97854954636084592354178303897441148525216939139995,
  "confiabilidade_total": 0.98154954636084591883374352517335703101820634890232
  "peso": 120.36,
  "custo": 93.39999999999999
}
 
Individuo 19:
{
  "solucao": [1 6 5 0 1]
                [1 1 1 2 1],
  "funcao_objetivo": 0.97289251340762450228911807551115747894954025687827,
  "confiabilidade_total": 0.97289251340762450228911807551115747894954025687827
  "peso": 111.49000000000001,
  "custo": 84.4
}
 
Individuo 20:
{
  "solucao": [0 3 1 9 2]
                [1 1 1 2 1],
  "funcao_objetivo": 0.97737906772315760972595800526647986679652914798164,
  "confiabilidade_total": 0.97796240105649100469025787252448618254764680212640
  "peso": 120.07000000000001,
  "custo": 87.91
}
 
Individuo 21:
{
  "solucao": [0 6 9 5 8]
                [1 1 1 2 1],
  "funcao_objetivo": 0.96931815363140315513964082334828905896528175480224,
  "confiabilidade_total": 0.96931815363140315513964082334828905896528175480224
  "peso": 102.74,
  "custo": 80.24
}
 
Individuo 22:
{
  "solucao": [3 5 4 8 7]
                [1 1 2 2 0],
  "funcao_objetivo": 0.98341159717754882749825191349505150601576973522672,
  "confiabilidade_total": 0.98341159717754882749825191349505150601576973522672
  "peso": 113.53999999999999,
  "custo": 77.07
}
 
Individuo 23:
{
  "solucao": [1 6 6 3 5]
                [1 1 2 1 1],
  "funcao_objetivo": 0.96693212256856876436315585756298078394808670730830,
  "confiabilidade_total": 0.96693212256856876436315585756298078394808670730830
  "peso": 115.04,
  "custo": 74.15
}
 
Individuo 24:
{
  "solucao": [6 7 8 8 1]
                [1 1 1 2 2],
  "funcao_objetivo": 0.96393853543860146408781274290537954319808720304214,
  "confiabilidade_total": 0.96393853543860146408781274290537954319808720304214
  "peso": 114.11,
  "custo": 96.76
}
 
Individuo 25:
{
  "solucao": [2 0 5 0 0]
                [1 1 1 1 2],
  "funcao_objetivo": 0.96473763395380875741253252940199373558435013995975,
  "confiabilidade_total": 0.96473763395380875741253252940199373558435013995975
  "peso": 118.53999999999999,
  "custo": 84.24000000000001
}
 
Individuo 26:
{
  "solucao": [4 7 1 7 9]
                [1 1 2 1 1],
  "funcao_objetivo": 0.96328081635187738354737789752037522242528188399084,
  "confiabilidade_total": 0.96328081635187738354737789752037522242528188399084
  "peso": 106.66,
  "custo": 91.00999999999999
}
 
Individuo 27:
{
  "solucao": [1 7 8 4 4]
                [1 1 1 2 1],
  "funcao_objetivo": 0.96858014569070860472465061690822848268365479629591,
  "confiabilidade_total": 0.96858014569070860472465061690822848268365479629591
  "peso": 118.08,
  "custo": 85.06
}
 
Individuo 28:
{
  "solucao": [2 5 0 5 7]
                [1 1 2 2 1],
  "funcao_objetivo": 0.97917320815096085073301223838392043538608648099499,
  "confiabilidade_total": 0.99258987481762763050827546800768114329532779969769
  "peso": 121.61000000000001,
  "custo": 87.48
}
 
Individuo 29:
{
  "solucao": [1 6 6 2 6]
                [1 1 2 1 1],
  "funcao_objetivo": 0.96244416517569944188902898224595571211491523377295,
  "confiabilidade_total": 0.97002749850903274668500465344349447097581623188849
  "peso": 120.91,
  "custo": 73.72
}
 
Individuo 30:
{
  "solucao": [1 6 2 0 8]
                [1 1 1 2 1],
  "funcao_objetivo": 0.97671204153236427439042062566332853262444403886040,
  "confiabilidade_total": 0.97671204153236427439042062566332853262444403886040
  "peso": 115.97000000000001,
  "custo": 82.17999999999999
}
 
Individuo 31:
{
  "solucao": [7 7 9 2 8]
                [2 1 1 1 1],
  "funcao_objetivo": 0.96565652872180086558251307879558743040404311475777,
  "confiabilidade_total": 0.96565652872180086558251307879558743040404311475777
  "peso": 98.17,
  "custo": 85.14999999999999
}
 
Individuo 32:
{
  "solucao": [8 2 5 0 5]
                [2 1 1 2 1],
  "funcao_objetivo": 0.97339467330405139732992655092430220621039144480262,
  "confiabilidade_total": 0.98914467330405140091039580534043204907660357439552
  "peso": 121.89,
  "custo": 89.03
}
 
Individuo 33:
{
  "solucao": [6 0 0 2 5]
                [1 1 2 1 1],
  "funcao_objetivo": 0.97938835046791193857079513804323220126311690368250,
  "confiabilidade_total": 0.97938835046791193857079513804323220126311690368250
  "peso": 118.29,
  "custo": 80.5
}
 
Individuo 34:
{
  "solucao": [1 1 6 1 0]
                [1 1 2 1 1],
  "funcao_objetivo": 0.97813736401599525548064191903631089551481414882166,
  "confiabilidade_total": 0.97813736401599525548064191903631089551481414882166
  "peso": 114.61,
  "custo": 85.1
}
 
Individuo 35:
{
  "solucao": [0 9 8 0 9]
                [1 1 2 1 1],
  "funcao_objetivo": 0.97341397242291204424240652472858269940916423115392,
  "confiabilidade_total": 0.97341397242291204424240652472858269940916423115392
  "peso": 106.52,
  "custo": 94.5
}
 
Individuo 36:
{
  "solucao": [6 9 2 1 2]
                [2 2 0 1 1],
  "funcao_objetivo": 0.96251020544608341211818428230014990691049461935517,
  "confiabilidade_total": 0.96251020544608341211818428230014990691049461935517
  "peso": 117.69000000000001,
  "custo": 84.55999999999999
}
 
Individuo 37:
{
  "solucao": [6 3 0 1 5]
                [1 1 1 1 1],
  "funcao_objetivo": 0.95724507208434477482518969335983470171423602277958,
  "confiabilidade_total": 0.95724507208434477482518969335983470171423602277958
  "peso": 95.27,
  "custo": 65.52
}
 
Individuo 38:
{
  "solucao": [9 7 8 0 9]
                [2 1 1 1 1],
  "funcao_objetivo": 0.96955524101726922231476310331687690293528392255159,
  "confiabilidade_total": 0.96955524101726922231476310331687690293528392255159
  "peso": 104.22999999999999,
  "custo": 97.66999999999999
}
 
Individuo 39:
{
  "solucao": [0 7 1 9 6]
                [2 1 1 2 0],
  "funcao_objetivo": 0.97106646497965069106779116550785401502121564224799,
  "confiabilidade_total": 0.97106646497965069106779116550785401502121564224799
  "peso": 109.60999999999999,
  "custo": 97.39
}
 
Individuo 40:
{
  "solucao": [0 9 0 1 3]
                [2 2 0 1 1],
  "funcao_objetivo": 0.97891512353584474773159053874509208379651303876062,
  "confiabilidade_total": 0.97891512353584474773159053874509208379651303876062
  "peso": 117.61000000000001,
  "custo": 94.53
}
 
Individuo 41:
{
  "solucao": [0 0 2 0 9]
                [1 1 1 1 2],
  "funcao_objetivo": 0.96953460662730457552309545959794175354107421507263,
  "confiabilidade_total": 0.97253460662730445242017871037980310569326531757736
  "peso": 120.35999999999999,
  "custo": 93.4
}
 
Individuo 42:
{
  "solucao": [5 6 6 2 7]
                [2 1 1 2 0],
  "funcao_objetivo": 0.96388419226542651230501230288863419322975830345906,
  "confiabilidade_total": 0.96388419226542651230501230288863419322975830345906
  "peso": 114.96000000000001,
  "custo": 64.34
}
 
Individuo 43:
{
  "solucao": [2 0 0 5 7]
                [1 1 2 1 1],
  "funcao_objetivo": 0.97610320305212755831802956808544309808980381781920,
  "confiabilidade_total": 0.97610320305212755831802956808544309808980381781920
  "peso": 112.42,
  "custo": 82.97
}
 
Individuo 44:
{
  "solucao": [0 8 4 8 7]
                [1 1 1 1 2],
  "funcao_objetivo": 0.95063350783022776681048135451212181927290448698102,
  "confiabilidade_total": 0.95063350783022776681048135451212181927290448698102
  "peso": 101.48,
  "custo": 86.53
}
 
Individuo 45:
{
  "solucao": [1 3 3 1 0]
                [1 1 1 1 1],
  "funcao_objetivo": 0.95785137875519025482315253255769564380108399549530,
  "confiabilidade_total": 0.95785137875519025482315253255769564380108399549530
  "peso": 100.77,
  "custo": 69.57
}
 
Individuo 46:
{
  "solucao": [9 0 0 0 9]
                [1 1 1 1 1],
  "funcao_objetivo": 0.96307221187807005169156009759117714522786994591275,
  "confiabilidade_total": 0.96307221187807005169156009759117714522786994591275
  "peso": 97.63,
  "custo": 83.91
}
 
Individuo 47:
{
  "solucao": [1 9 0 0 0]
                [2 2 0 1 1],
  "funcao_objetivo": 0.97643192838300150966008516845740567927058359743282,
  "confiabilidade_total": 0.97643192838300150966008516845740567927058359743282
  "peso": 113.56,
  "custo": 97.3
}
 
Individuo 48:
{
  "solucao": [1 7 2 5 0]
                [1 1 1 2 1],
  "funcao_objetivo": 0.97510420327790433566346018069764248850320690246409,
  "confiabilidade_total": 0.97510420327790433566346018069764248850320690246409
  "peso": 104.71,
  "custo": 75.81
}
 
Individuo 49:
{
  "solucao": [0 0 3 0 3]
                [1 1 1 1 1],
  "funcao_objetivo": 0.96806064043100723882617264546309370770714120693088,
  "confiabilidade_total": 0.96806064043100723882617264546309370770714120693088
  "peso": 105.10999999999999,
  "custo": 72.29
}
 
Individuo 50:
{
  "solucao": [1 0 1 0 0]
                [1 1 1 1 1],
  "funcao_objetivo": 0.96949222457626716299997853385345451995718489146360,
  "confiabilidade_total": 0.96949222457626716299997853385345451995718489146360
  "peso": 97.01,
  "custo": 77.83
}
 
-----------------------------------------
GERACAO 9
Mutante 1:
[[0.  8.1 6.  4.1 7. ]
 [2.  0.3 1.  2.7 1. ]]
 
Mutante 2:
[[1.7 0.  0.  0.  0. ]
 [1.  1.  1.  1.7 0.3]]
 
Mutante 3:
[[0.  4.1 0.  0.  0. ]
 [1.3 2.  1.  1.  1.7]]
 
Mutante 4:
[[7.1 9.5 7.4 7.6 5.6]
 [2.  1.  1.7 2.7 1. ]]
 
Mutante 5:
[[1.  9.1 0.6 5.  0. ]
 [0.3 1.  1.  2.7 1. ]]
 
Mutante 6:
[[0.3 0.  1.2 0.  8. ]
 [1.3 0.3 1.  1.  1. ]]
 
Mutante 7:
[[4.1 0.  4.3 1.3 9.1]
 [2.  0.3 1.  1.7 1. ]]
 
Mutante 8:
[[3.8 3.  8.2 0.  9. ]
 [2.7 1.  1.  1.  1. ]]
 
Mutante 9:
[[7.3 0.  0.  2.1 2.7]
 [1.  2.  1.  1.  1. ]]
 
Mutante 10:
[[0.  7.5 5.2 4.2 0. ]
 [1.7 1.7 1.  1.3 1. ]]
 
Mutante 11:
[[0.  4.2 6.6 6.8 7.5]
 [0.3 0.3 2.4 2.7 1. ]]
 
Mutante 12:
[[9.7 4.2 8.1 5.1 7.4]
 [2.  1.  1.7 1.  1. ]]
 
Mutante 13:
[[8.  4.8 2.2 1.4 0.1]
 [2.  1.  0.3 2.7 1. ]]
 
Mutante 14:
[[4.5 1.4 5.2 1.9 2.6]
 [1.  1.  1.  2.7 0.3]]
 
Mutante 15:
[[6.  2.1 1.3 0.  7.7]
 [2.  1.  1.7 0.3 1. ]]
 
Mutante 16:
[[5.3 9.8 5.9 9.  0. ]
 [1.  1.  1.  2.7 1.3]]
 
Mutante 17:
[[5.2 3.5 0.3 0.  0. ]
 [1.  1.  1.  1.7 1. ]]
 
Mutante 18:
[[2.1 2.1 0.  3.4 9. ]
 [2.  1.  1.  1.3 1. ]]
 
Mutante 19:
[[0.  5.8 3.7 2.4 0.7]
 [0.3 1.  1.7 0.3 1. ]]
 
Mutante 20:
[[5.4 3.5 0.  1.4 9. ]
 [1.7 1.  2.  1.  0.3]]
 
Mutante 21:
[[6.7 0.  3.4 4.8 4.9]
 [1.3 0.3 1.7 1.7 1. ]]
 
Mutante 22:
[[5.9 0.  5.3 0.3 0. ]
 [1.  1.7 2.  0.3 1. ]]
 
Mutante 23:
[[0.7 1.9 4.5 5.6 0.7]
 [1.  0.3 1.  2.7 1. ]]
 
Mutante 24:
[[4.2 6.  7.6 6.4 5.2]
 [1.  1.  1.7 2.  0.3]]
 
Mutante 25:
[[0.  6.2 4.5 0.7 2.7]
 [0.3 1.  2.  1.  1. ]]
 
Mutante 26:
[[1.5 3.9 8.8 3.4 9.1]
 [1.3 0.3 2.4 2.  1. ]]
 
Mutante 27:
[[0.  2.1 5.1 0.  8.6]
 [1.  1.  1.7 0.3 1. ]]
 
Mutante 28:
[[9.5 4.9 6.3 0.  5.7]
 [1.7 1.  1.3 1.  1. ]]
 
Mutante 29:
[[0.  0.  0.  8.5 7. ]
 [0.3 1.  2.  1.  1. ]]
 
Mutante 30:
[[6.6 5.6 8.  3.3 9. ]
 [1.  0.3 1.  2.  1.7]]
 
Mutante 31:
[[1.8 7.  9.  6.6 0. ]
 [1.  1.  0.3 2.  2. ]]
 
Mutante 32:
[[6.2 0.  0.4 6.5 3.2]
 [1.3 1.  1.  1.7 1. ]]
 
Mutante 33:
[[3.7 6.4 8.9 2.4 2.8]
 [1.  1.7 2.  1.3 1. ]]
 
Mutante 34:
[[6.7 0.  7.6 2.  4.9]
 [2.  1.  1.7 1.  0.3]]
 
Mutante 35:
[[4.9 8.  4.7 9.  9. ]
 [1.7 1.  1.  1.  1.3]]
 
Mutante 36:
[[9.  2.8 0.  0.  9. ]
 [1.7 1.  0.3 1.7 1. ]]
 
Mutante 37:
[[0.  0.  5.7 5.  0.7]
 [1.  1.  2.  1.  1. ]]
 
Mutante 38:
[[0.  0.  2.4 0.  1.4]
 [1.  1.  0.3 0.3 1.7]]
 
Mutante 39:
[[4.2 6.  7.6 4.3 4.5]
 [1.  1.7 1.  1.3 1. ]]
 
Mutante 40:
[[3.2 7.  8.  9.4 0. ]
 [1.7 1.  0.3 2.7 1.3]]
 
Mutante 41:
[[9.  5.9 6.  0.  3. ]
 [3.  1.7 1.  0.3 1. ]]
 
Mutante 42:
[[3.  7.8 2.6 9.  1.4]
 [0.3 1.  2.  2.7 1. ]]
 
Mutante 43:
[[5.  7.  8.  1.7 3.9]
 [1.3 1.  1.7 2.  1. ]]
 
Mutante 44:
[[0.3 9.  3.9 0.6 6.7]
 [0.3 1.  2.  1.7 1. ]]
 
Mutante 45:
[[0.  3.4 8.7 2.8 9. ]
 [0.3 0.3 2.7 1.7 1. ]]
 
Mutante 46:
[[3.4 0.  2.3 7.1 3.6]
 [0.3 1.  1.7 2.  1. ]]
 
Mutante 47:
[[9.  8.3 4.1 0.  2.7]
 [2.7 2.  1.  0.3 1. ]]
 
Mutante 48:
[[4.3 4.3 8.8 6.6 6.9]
 [1.3 1.3 1.7 1.  1.7]]
 
Mutante 49:
[[1.  9.8 7.3 8.9 0. ]
 [1.  1.  1.  2.7 0.3]]
 
Mutante 50:
[[5.9 0.3 7.4 0.3 3.5]
 [1.7 1.  2.  1.7 1. ]]
 
-----------------------------------------
Número de avaliações até o momento: 450
Evoluido 1:
[[1 7 7 4 3]
 [2 2 1 1 1]]
 
Evoluido 2:
[[1 0 0 1 0]
 [1 1 1 1 1]]
 
Evoluido 3:
[[0 5 0 0 5]
 [2 2 1 1 1]]
 
Evoluido 4:
[[5 9 7 7 5]
 [2 1 1 2 1]]
 
Evoluido 5:
[[6 9 0 2 0]
 [0 1 1 1 1]]
 
Evoluido 6:
[[7 0 1 0 8]
 [1 0 1 1 1]]
 
Evoluido 7:
[[1 0 4 1 9]
 [2 0 1 1 0]]
 
Evoluido 8:
[[3 3 8 0 7]
 [2 1 1 1 1]]
 
Evoluido 9:
[[7 0 1 2 0]
 [1 1 1 2 1]]
 
Evoluido 10:
[[0 7 5 0 0]
 [1 1 1 1 1]]
 
Evoluido 11:
[[0 4 6 3 7]
 [2 1 2 1 1]]
 
Evoluido 12:
[[9 0 5 5 7]
 [2 1 2 1 1]]
 
Evoluido 13:
[[8 4 2 1 0]
 [2 1 0 2 1]]
 
Evoluido 14:
[[1 1 5 0 2]
 [1 1 1 2 1]]
 
Evoluido 15:
[[2 1 1 0 7]
 [2 1 1 0 1]]
 
Evoluido 16:
[[8 1 5 9 0]
 [1 2 1 2 1]]
 
Evoluido 17:
[[5 3 0 0 0]
 [1 1 2 1 1]]
 
Evoluido 18:
[[2 9 0 3 9]
 [2 1 1 1 1]]
 
Evoluido 19:
[[1 5 3 0 0]
 [1 1 1 0 1]]
 
Evoluido 20:
[[0 3 0 1 2]
 [1 1 2 2 0]]
 
Evoluido 21:
[[6 0 3 5 4]
 [1 1 1 2 1]]
 
Evoluido 22:
[[5 5 5 0 0]
 [1 1 2 0 1]]
 
Evoluido 23:
[[1 6 4 5 0]
 [1 0 1 2 1]]
 
Evoluido 24:
[[4 6 7 6 5]
 [1 1 1 2 0]]
 
Evoluido 25:
[[0 6 4 0 0]
 [0 1 1 1 1]]
 
Evoluido 26:
[[1 3 8 3 9]
 [1 0 2 1 1]]
 
Evoluido 27:
[[1 2 5 0 4]
 [1 1 1 0 1]]
 
Evoluido 28:
[[9 5 0 0 5]
 [1 1 1 1 1]]
 
Evoluido 29:
[[0 0 0 8 6]
 [0 1 2 1 1]]
 
Evoluido 30:
[[1 6 2 3 8]
 [1 0 1 2 1]]
 
Evoluido 31:
[[1 7 9 2 0]
 [1 1 0 2 2]]
 
Evoluido 32:
[[6 0 0 6 3]
 [1 1 1 1 1]]
 
Evoluido 33:
[[3 6 8 2 2]
 [1 1 2 1 1]]
 
Evoluido 34:
[[1 1 7 2 4]
 [2 1 1 1 0]]
 
Evoluido 35:
[[4 8 8 9 9]
 [1 1 1 1 1]]
 
Evoluido 36:
[[9 2 0 0 2]
 [1 1 0 1 1]]
 
Evoluido 37:
[[0 0 5 1 5]
 [1 1 1 1 1]]
 
Evoluido 38:
[[9 7 8 0 9]
 [2 1 0 0 1]]
 
Evoluido 39:
[[4 6 7 9 4]
 [2 1 1 1 1]]
 
Evoluido 40:
[[3 7 8 9 0]
 [1 1 0 2 1]]
 
Evoluido 41:
[[0 0 6 0 9]
 [3 1 1 1 1]]
 
Evoluido 42:
[[3 7 2 9 1]
 [0 1 2 2 1]]
 
Evoluido 43:
[[5 7 8 1 7]
 [1 1 1 2 1]]
 
Evoluido 44:
[[0 8 3 0 6]
 [1 1 2 1 1]]
 
Evoluido 45:
[[1 3 8 2 0]
 [1 0 2 1 1]]
 
Evoluido 46:
[[3 0 2 7 3]
 [1 1 1 2 1]]
 
Evoluido 47:
[[1 9 4 0 0]
 [2 2 1 0 1]]
 
Evoluido 48:
[[4 7 8 6 0]
 [1 1 1 1 1]]
 
Evoluido 49:
[[1 0 3 8 0]
 [1 1 1 2 1]]
 
Evoluido 50:
[[5 0 7 0 0]
 [1 1 2 1 1]]
 
-----------------------------------------
Individuo 1:
{
  "solucao": [1 7 7 5 3]
                [2 2 1 1 1],
  "funcao_objetivo": 0.99115455061397402988831563401674430639208379350076,
  "confiabilidade_total": 0.99115455061397402988831563401674430639208379350076
  "peso": 115.53,
  "custo": 96.31
}
 
Individuo 2:
{
  "solucao": [5 5 6 1 2]
                [2 2 1 1 1],
  "funcao_objetivo": 0.99039666041870072183297696819133324518562848327012,
  "confiabilidade_total": 0.99039666041870072183297696819133324518562848327012
  "peso": 119.77,
  "custo": 77.85
}
 
Individuo 3:
{
  "solucao": [8 5 4 1 5]
                [2 1 1 2 1],
  "funcao_objetivo": 0.98781860055079437549875037674257359126837827106630,
  "confiabilidade_total": 0.98781860055079437549875037674257359126837827106630
  "peso": 118.57000000000001,
  "custo": 90.86
}
 
Individuo 4:
{
  "solucao": [5 7 8 1 6]
                [2 1 1 2 1],
  "funcao_objetivo": 0.98699425117558525826271778504734524198271388266954,
  "confiabilidade_total": 0.98699425117558525826271778504734524198271388266954
  "peso": 114.41,
  "custo": 90.68
}
 
Individuo 5:
{
  "solucao": [6 0 2 2 7]
                [2 1 1 1 1],
  "funcao_objetivo": 0.97844637823471802094089748909150045898046827204194,
  "confiabilidade_total": 0.97844637823471802094089748909150045898046827204194
  "peso": 119.92000000000002,
  "custo": 74.67
}
 
Individuo 6:
{
  "solucao": [7 8 6 0 3]
                [3 1 1 1 1],
  "funcao_objetivo": 0.97551770151512111119691215230897363751711614978560,
  "confiabilidade_total": 0.97551770151512111119691215230897363751711614978560
  "peso": 119.47,
  "custo": 98.33
}
 
Individuo 7:
{
  "solucao": [1 9 8 1 0]
                [2 2 1 1 0],
  "funcao_objetivo": 0.98551640434431061026987756766814260264970532744612,
  "confiabilidade_total": 0.98551640434431061026987756766814260264970532744612
  "peso": 105.70000000000002,
  "custo": 93.17999999999999
}
 
Individuo 8:
{
  "solucao": [2 0 5 2 7]
                [2 1 1 1 1],
  "funcao_objetivo": 0.97886085893544830544843669159814489551307035208625,
  "confiabilidade_total": 0.97886085893544830544843669159814489551307035208625
  "peso": 117.34000000000002,
  "custo": 69.73
}
 
Individuo 9:
{
  "solucao": [0 4 1 7 0]
                [1 1 1 2 1],
  "funcao_objetivo": 0.97922864974536867236975916365640988639023333650682,
  "confiabilidade_total": 0.97922864974536867236975916365640988639023333650682
  "peso": 110.69,
  "custo": 90.69
}
 
Individuo 10:
{
  "solucao": [8 1 0 0 2]
                [1 2 1 1 1],
  "funcao_objetivo": 0.97628473416587423855679665268874328060781790739454,
  "confiabilidade_total": 0.97628473416587423855679665268874328060781790739454
  "peso": 114.05,
  "custo": 84.55999999999999
}
 
Individuo 11:
{
  "solucao": [9 0 6 3 6]
                [2 1 1 1 1],
  "funcao_objetivo": 0.97403946607992963999203710469743829955675124218109,
  "confiabilidade_total": 0.97403946607992963999203710469743829955675124218109
  "peso": 119.27999999999999,
  "custo": 88.41000000000001
}
 
Individuo 12:
{
  "solucao": [9 0 5 5 7]
                [2 1 2 1 1],
  "funcao_objetivo": 0.97906332290249979009500926250756310065248764823600,
  "confiabilidade_total": 0.97906332290249979009500926250756310065248764823600
  "peso": 115.43000000000002,
  "custo": 97.46000000000001
}
 
Individuo 13:
{
  "solucao": [5 0 0 5 5]
                [1 1 1 2 1],
  "funcao_objetivo": 0.97599057882004439162941432603041838069523581926598,
  "confiabilidade_total": 0.97599057882004439162941432603041838069523581926598
  "peso": 99.46,
  "custo": 73.46000000000001
}
 
Individuo 14:
{
  "solucao": [1 3 4 0 8]
                [2 1 1 1 1],
  "funcao_objetivo": 0.97668584621499581231311513068222638757923694433949,
  "confiabilidade_total": 0.97668584621499581231311513068222638757923694433949
  "peso": 116.94999999999999,
  "custo": 84.97999999999999
}
 
Individuo 15:
{
  "solucao": [2 1 3 5 5]
                [1 1 1 2 1],
  "funcao_objetivo": 0.97206171291554140377036848467426840408940263231132,
  "confiabilidade_total": 0.97206171291554140377036848467426840408940263231132
  "peso": 107.17,
  "custo": 67.15
}
 
Individuo 16:
{
  "solucao": [8 1 1 4 0]
                [1 2 1 1 1],
  "funcao_objetivo": 0.97190535711799042098108486197782769546326035261886,
  "confiabilidade_total": 0.97190535711799042098108486197782769546326035261886
  "peso": 112.89999999999999,
  "custo": 87.75
}
 
Individuo 17:
{
  "solucao": [5 3 0 0 0]
                [1 1 2 1 1],
  "funcao_objetivo": 0.97938069878853980336512000541070865990810985132178,
  "confiabilidade_total": 0.97938069878853980336512000541070865990810985132178
  "peso": 117.95999999999998,
  "custo": 86.73
}
 
Individuo 18:
{
  "solucao": [0 9 0 2 0]
                [1 2 1 1 1],
  "funcao_objetivo": 0.97854954636084592354178303897441148525216939139995,
  "confiabilidade_total": 0.98154954636084591883374352517335703101820634890232
  "peso": 120.36,
  "custo": 93.39999999999999
}
 
Individuo 19:
{
  "solucao": [1 6 5 0 1]
                [1 1 1 2 1],
  "funcao_objetivo": 0.97289251340762450228911807551115747894954025687827,
  "confiabilidade_total": 0.97289251340762450228911807551115747894954025687827
  "peso": 111.49000000000001,
  "custo": 84.4
}
 
Individuo 20:
{
  "solucao": [0 3 0 1 2]
                [1 1 2 2 0],
  "funcao_objetivo": 0.99307953990700380117164614107058575591866921125082,
  "confiabilidade_total": 0.99307953990700380117164614107058575591866921125082
  "peso": 119.16000000000001,
  "custo": 89.81
}
 
Individuo 21:
{
  "solucao": [0 6 9 5 8]
                [1 1 1 2 1],
  "funcao_objetivo": 0.96931815363140315513964082334828905896528175480224,
  "confiabilidade_total": 0.96931815363140315513964082334828905896528175480224
  "peso": 102.74,
  "custo": 80.24
}
 
Individuo 22:
{
  "solucao": [3 5 4 8 7]
                [1 1 2 2 0],
  "funcao_objetivo": 0.98341159717754882749825191349505150601576973522672,
  "confiabilidade_total": 0.98341159717754882749825191349505150601576973522672
  "peso": 113.53999999999999,
  "custo": 77.07
}
 
Individuo 23:
{
  "solucao": [1 6 6 3 5]
                [1 1 2 1 1],
  "funcao_objetivo": 0.96693212256856876436315585756298078394808670730830,
  "confiabilidade_total": 0.96693212256856876436315585756298078394808670730830
  "peso": 115.04,
  "custo": 74.15
}
 
Individuo 24:
{
  "solucao": [6 7 8 8 1]
                [1 1 1 2 2],
  "funcao_objetivo": 0.96393853543860146408781274290537954319808720304214,
  "confiabilidade_total": 0.96393853543860146408781274290537954319808720304214
  "peso": 114.11,
  "custo": 96.76
}
 
Individuo 25:
{
  "solucao": [2 0 5 0 0]
                [1 1 1 1 2],
  "funcao_objetivo": 0.96473763395380875741253252940199373558435013995975,
  "confiabilidade_total": 0.96473763395380875741253252940199373558435013995975
  "peso": 118.53999999999999,
  "custo": 84.24000000000001
}
 
Individuo 26:
{
  "solucao": [4 7 1 7 9]
                [1 1 2 1 1],
  "funcao_objetivo": 0.96328081635187738354737789752037522242528188399084,
  "confiabilidade_total": 0.96328081635187738354737789752037522242528188399084
  "peso": 106.66,
  "custo": 91.00999999999999
}
 
Individuo 27:
{
  "solucao": [1 7 8 4 4]
                [1 1 1 2 1],
  "funcao_objetivo": 0.96858014569070860472465061690822848268365479629591,
  "confiabilidade_total": 0.96858014569070860472465061690822848268365479629591
  "peso": 118.08,
  "custo": 85.06
}
 
Individuo 28:
{
  "solucao": [2 5 0 5 7]
                [1 1 2 2 1],
  "funcao_objetivo": 0.97917320815096085073301223838392043538608648099499,
  "confiabilidade_total": 0.99258987481762763050827546800768114329532779969769
  "peso": 121.61000000000001,
  "custo": 87.48
}
 
Individuo 29:
{
  "solucao": [1 6 6 2 6]
                [1 1 2 1 1],
  "funcao_objetivo": 0.96244416517569944188902898224595571211491523377295,
  "confiabilidade_total": 0.97002749850903274668500465344349447097581623188849
  "peso": 120.91,
  "custo": 73.72
}
 
Individuo 30:
{
  "solucao": [1 6 2 0 8]
                [1 1 1 2 1],
  "funcao_objetivo": 0.97671204153236427439042062566332853262444403886040,
  "confiabilidade_total": 0.97671204153236427439042062566332853262444403886040
  "peso": 115.97000000000001,
  "custo": 82.17999999999999
}
 
Individuo 31:
{
  "solucao": [7 7 9 2 8]
                [2 1 1 1 1],
  "funcao_objetivo": 0.96565652872180086558251307879558743040404311475777,
  "confiabilidade_total": 0.96565652872180086558251307879558743040404311475777
  "peso": 98.17,
  "custo": 85.14999999999999
}
 
Individuo 32:
{
  "solucao": [8 2 5 0 5]
                [2 1 1 2 1],
  "funcao_objetivo": 0.97339467330405139732992655092430220621039144480262,
  "confiabilidade_total": 0.98914467330405140091039580534043204907660357439552
  "peso": 121.89,
  "custo": 89.03
}
 
Individuo 33:
{
  "solucao": [6 0 0 2 5]
                [1 1 2 1 1],
  "funcao_objetivo": 0.97938835046791193857079513804323220126311690368250,
  "confiabilidade_total": 0.97938835046791193857079513804323220126311690368250
  "peso": 118.29,
  "custo": 80.5
}
 
Individuo 34:
{
  "solucao": [1 1 6 1 0]
                [1 1 2 1 1],
  "funcao_objetivo": 0.97813736401599525548064191903631089551481414882166,
  "confiabilidade_total": 0.97813736401599525548064191903631089551481414882166
  "peso": 114.61,
  "custo": 85.1
}
 
Individuo 35:
{
  "solucao": [0 9 8 0 9]
                [1 1 2 1 1],
  "funcao_objetivo": 0.97341397242291204424240652472858269940916423115392,
  "confiabilidade_total": 0.97341397242291204424240652472858269940916423115392
  "peso": 106.52,
  "custo": 94.5
}
 
Individuo 36:
{
  "solucao": [6 9 2 1 2]
                [2 2 0 1 1],
  "funcao_objetivo": 0.96251020544608341211818428230014990691049461935517,
  "confiabilidade_total": 0.96251020544608341211818428230014990691049461935517
  "peso": 117.69000000000001,
  "custo": 84.55999999999999
}
 
Individuo 37:
{
  "solucao": [0 0 5 1 5]
                [1 1 1 1 1],
  "funcao_objetivo": 0.96345346144612854742103216541631012655105394724763,
  "confiabilidade_total": 0.96345346144612854742103216541631012655105394724763
  "peso": 88.10000000000001,
  "custo": 67.59
}
 
Individuo 38:
{
  "solucao": [9 7 8 0 9]
                [2 1 1 1 1],
  "funcao_objetivo": 0.96955524101726922231476310331687690293528392255159,
  "confiabilidade_total": 0.96955524101726922231476310331687690293528392255159
  "peso": 104.22999999999999,
  "custo": 97.66999999999999
}
 
Individuo 39:
{
  "solucao": [0 7 1 9 6]
                [2 1 1 2 0],
  "funcao_objetivo": 0.97106646497965069106779116550785401502121564224799,
  "confiabilidade_total": 0.97106646497965069106779116550785401502121564224799
  "peso": 109.60999999999999,
  "custo": 97.39
}
 
Individuo 40:
{
  "solucao": [0 9 0 1 3]
                [2 2 0 1 1],
  "funcao_objetivo": 0.97891512353584474773159053874509208379651303876062,
  "confiabilidade_total": 0.97891512353584474773159053874509208379651303876062
  "peso": 117.61000000000001,
  "custo": 94.53
}
 
Individuo 41:
{
  "solucao": [0 0 2 0 9]
                [1 1 1 1 2],
  "funcao_objetivo": 0.96953460662730457552309545959794175354107421507263,
  "confiabilidade_total": 0.97253460662730445242017871037980310569326531757736
  "peso": 120.35999999999999,
  "custo": 93.4
}
 
Individuo 42:
{
  "solucao": [3 7 2 9 1]
                [0 1 2 2 1],
  "funcao_objetivo": 0.97161743562837346793876860796241027318821003964082,
  "confiabilidade_total": 0.97161743562837346793876860796241027318821003964082
  "peso": 114.53,
  "custo": 84.15
}
 
Individuo 43:
{
  "solucao": [2 0 0 5 7]
                [1 1 2 1 1],
  "funcao_objetivo": 0.97610320305212755831802956808544309808980381781920,
  "confiabilidade_total": 0.97610320305212755831802956808544309808980381781920
  "peso": 112.42,
  "custo": 82.97
}
 
Individuo 44:
{
  "solucao": [0 8 3 0 6]
                [1 1 2 1 1],
  "funcao_objetivo": 0.97582908580983546102426994877872948788282581234645,
  "confiabilidade_total": 0.97582908580983546102426994877872948788282581234645
  "peso": 119.44,
  "custo": 81.9
}
 
Individuo 45:
{
  "solucao": [1 3 3 1 0]
                [1 1 1 1 1],
  "funcao_objetivo": 0.95785137875519025482315253255769564380108399549530,
  "confiabilidade_total": 0.95785137875519025482315253255769564380108399549530
  "peso": 100.77,
  "custo": 69.57
}
 
Individuo 46:
{
  "solucao": [3 0 2 7 3]
                [1 1 1 2 1],
  "funcao_objetivo": 0.97339342077050464749374216429237465131538741956749,
  "confiabilidade_total": 0.97339342077050464749374216429237465131538741956749
  "peso": 115.6,
  "custo": 79.24
}
 
Individuo 47:
{
  "solucao": [1 9 0 0 0]
                [2 2 0 1 1],
  "funcao_objetivo": 0.97643192838300150966008516845740567927058359743282,
  "confiabilidade_total": 0.97643192838300150966008516845740567927058359743282
  "peso": 113.56,
  "custo": 97.3
}
 
Individuo 48:
{
  "solucao": [1 7 2 5 0]
                [1 1 1 2 1],
  "funcao_objetivo": 0.97510420327790433566346018069764248850320690246409,
  "confiabilidade_total": 0.97510420327790433566346018069764248850320690246409
  "peso": 104.71,
  "custo": 75.81
}
 
Individuo 49:
{
  "solucao": [1 0 3 8 0]
                [1 1 1 2 1],
  "funcao_objetivo": 0.97507832657166155345376426312050806847189126266349,
  "confiabilidade_total": 0.97507832657166155345376426312050806847189126266349
  "peso": 109.95,
  "custo": 85.65
}
 
Individuo 50:
{
  "solucao": [5 0 7 0 0]
                [1 1 2 1 1],
  "funcao_objetivo": 0.98104706344681957110794083778726490584986908447643,
  "confiabilidade_total": 0.98104706344681957110794083778726490584986908447643
  "peso": 103.83999999999999,
  "custo": 88.32000000000001
}
 
-----------------------------------------
GERACAO 10
Mutante 1:
[[2.2 0.  0.  5.7 0.1]
 [1.  1.7 1.  2.  1. ]]
 
Mutante 2:
[[3.6 0.  7.  0.  0. ]
 [1.7 1.  1.3 1.  1. ]]
 
Mutante 3:
[[2.4 3.7 0.9 7.3 0. ]
 [0.3 1.  1.7 1.  1. ]]
 
Mutante 4:
[[3.8 5.  2.6 1.  5.7]
 [2.  1.  1.  2.  1. ]]
 
Mutante 5:
[[3.1 9.  9.  1.7 0.7]
 [2.7 2.  0.3 1.  1. ]]
 
Mutante 6:
[[0.  9.1 4.5 5.2 0. ]
 [0.3 1.  1.  2.7 1.3]]
 
Mutante 7:
[[2.1 6.9 9.4 4.2 9.7]
 [1.  1.  1.3 1.  1.7]]
 
Mutante 8:
[[0.  1.1 0.  0.7 5.2]
 [0.3 1.  1.  2.  1. ]]
 
Mutante 9:
[[9.  5.  5.4 1.7 6.4]
 [2.  1.  1.  2.  1. ]]
 
Mutante 10:
[[3.8 3.5 8.4 2.9 3. ]
 [2.7 2.  0.3 0.3 1. ]]
 
Mutante 11:
[[2.1 1.4 4.8 0.  4.8]
 [1.  1.  0.3 1.  3. ]]
 
Mutante 12:
[[5.2 7.  8.4 4.3 4.4]
 [2.7 2.  0.3 1.  1. ]]
 
Mutante 13:
[[8.  2.4 0.  4.7 0. ]
 [0.3 2.  1.  1.  1.7]]
 
Mutante 14:
[[6.4 0.  0.  1.5 2.2]
 [1.  1.  1.  2.  1. ]]
 
Mutante 15:
[[3.8 5.6 7.  5.  7.2]
 [2.  1.3 1.  1.7 1.7]]
 
Mutante 16:
[[9.  0.  0.  1.4 1.3]
 [1.7 2.  1.  0.3 1. ]]
 
Mutante 17:
[[3.8 2.5 7.4 0.  6. ]
 [1.7 1.  1.3 0.3 1. ]]
 
Mutante 18:
[[8.3 6.3 4.5 0.  9. ]
 [1.3 0.3 1.7 1.  1.7]]
 
Mutante 19:
[[3.  4.9 0.6 6.9 3.1]
 [0.7 1.  1.3 2.  1. ]]
 
Mutante 20:
[[1.  0.3 2.5 1.  0. ]
 [0.3 1.7 2.  0.3 1. ]]
 
Mutante 21:
[[0.  7.  8.4 5.  0.9]
 [2.  2.7 1.  0.3 1. ]]
 
Mutante 22:
[[0.  0.  0.8 2.8 3.5]
 [0.3 0.3 1.7 1.7 2. ]]
 
Mutante 23:
[[9.  0.  3.9 2.3 9.5]
 [2.  0.3 1.  1.7 1.7]]
 
Mutante 24:
[[4.1 3.5 4.3 4.9 1.4]
 [1.  1.  1.7 1.7 1.3]]
 
Mutante 25:
[[2.1 9.  1.  2.8 0. ]
 [1.7 1.7 0.3 1.3 1. ]]
 
Mutante 26:
[[5.1 3.6 5.4 9.  7.7]
 [0.3 0.3 2.7 2.7 1. ]]
 
Mutante 27:
[[0.  9.  2.3 0.  9. ]
 [1.  1.  2.  1.7 1. ]]
 
Mutante 28:
[[0.  9.  8.  1.  0. ]
 [1.3 2.  1.7 1.  1. ]]
 
Mutante 29:
[[2.9 1.4 0.  2.2 5. ]
 [1.  0.3 1.7 2.  1. ]]
 
Mutante 30:
[[3.8 0.  0.4 5.8 8.5]
 [0.3 0.3 2.  1.7 1.7]]
 
Mutante 31:
[[5.8 4.9 4.1 9.  0. ]
 [1.  1.  2.7 2.  1. ]]
 
Mutante 32:
[[3.5 0.  2.9 1.  0.8]
 [1.  1.  1.  1.  1. ]]
 
Mutante 33:
[[9.  0.  4.3 7.1 5.6]
 [1.3 1.  2.7 1.  1. ]]
 
Mutante 34:
[[0.  5.3 0.6 0.7 8. ]
 [0.3 1.  1.7 1.3 1. ]]
 
Mutante 35:
[[2.1 4.1 0.  0.  2.8]
 [1.7 2.  1.  0.3 1. ]]
 
Mutante 36:
[[9.  7.7 3.8 2.8 9. ]
 [2.  1.7 0.3 1.  1. ]]
 
Mutante 37:
[[3.5 4.8 0.  0.3 3. ]
 [2.  2.  1.  1.  1. ]]
 
Mutante 38:
[[1.3 1.4 5.7 0.  2.1]
 [1.7 1.  1.  0.3 2. ]]
 
Mutante 39:
[[9.3 2.8 7.6 6.3 7.9]
 [1.7 1.  0.3 1.3 1.7]]
 
Mutante 40:
[[9.9 1.4 8.  1.  7.4]
 [1.3 1.  1.7 2.  1. ]]
 
Mutante 41:
[[7.8 0.  0.  6.4 9.9]
 [1.7 1.  1.  2.  0.3]]
 
Mutante 42:
[[3.4 9.9 0.  9.9 9. ]
 [1.  1.  2.7 2.  0.3]]
 
Mutante 43:
[[1.4 7.7 1.7 9.  2.5]
 [2.  1.7 0.3 2.  1. ]]
 
Mutante 44:
[[3.7 0.  1.3 7.7 7.9]
 [1.7 1.  0.3 2.  1. ]]
 
Mutante 45:
[[0.  2.1 1.5 5.2 5. ]
 [1.  1.  0.3 1.7 1. ]]
 
Mutante 46:
[[6.9 0.  1.5 0.7 0. ]
 [1.  1.7 0.3 1.  2. ]]
 
Mutante 47:
[[5.5 2.1 0.  3.6 4.9]
 [1.7 1.7 0.6 1.  1. ]]
 
Mutante 48:
[[4.3 9.2 6.7 3.1 5.5]
 [2.  2.  1.7 1.  0.3]]
 
Mutante 49:
[[4.9 6.6 0.9 2.8 0.4]
 [0.3 1.7 2.  1.  1. ]]
 
Mutante 50:
[[0.3 3.  7.9 4.5 0. ]
 [1.  1.  1.  1.  1. ]]
 
-----------------------------------------
Número de avaliações até o momento: 500
Evoluido 1:
[[2 0 0 5 0]
 [1 2 1 1 1]]
 
Evoluido 2:
[[3 0 6 0 0]
 [1 1 1 1 1]]
 
Evoluido 3:
[[2 3 0 7 0]
 [2 1 1 1 1]]
 
Evoluido 4:
[[3 7 2 1 6]
 [2 1 1 2 1]]
 
Evoluido 5:
[[3 0 9 2 0]
 [2 1 0 1 1]]
 
Evoluido 6:
[[0 9 6 5 3]
 [0 1 1 1 1]]
 
Evoluido 7:
[[2 6 9 1 0]
 [2 1 1 1 0]]
 
Evoluido 8:
[[2 0 0 0 7]
 [0 1 1 2 1]]
 
Evoluido 9:
[[9 4 5 1 6]
 [1 1 1 2 1]]
 
Evoluido 10:
[[3 3 8 0 3]
 [1 2 0 0 1]]
 
Evoluido 11:
[[2 0 4 0 6]
 [1 1 0 1 3]]
 
Evoluido 12:
[[9 7 8 4 4]
 [2 1 0 1 1]]
 
Evoluido 13:
[[8 2 0 5 0]
 [0 2 1 1 1]]
 
Evoluido 14:
[[6 0 0 1 2]
 [1 1 1 2 1]]
 
Evoluido 15:
[[2 1 7 5 7]
 [2 1 1 1 1]]
 
Evoluido 16:
[[8 0 0 4 0]
 [1 2 1 0 1]]
 
Evoluido 17:
[[5 3 7 0 6]
 [1 1 1 0 1]]
 
Evoluido 18:
[[8 6 4 0 9]
 [1 0 1 1 1]]
 
Evoluido 19:
[[3 6 0 6 1]
 [1 1 1 2 1]]
 
Evoluido 20:
[[1 3 2 1 0]
 [0 1 2 2 0]]
 
Evoluido 21:
[[0 7 8 5 8]
 [2 2 1 0 1]]
 
Evoluido 22:
[[0 0 0 2 3]
 [0 1 1 2 0]]
 
Evoluido 23:
[[9 6 3 2 5]
 [1 1 2 1 1]]
 
Evoluido 24:
[[6 3 4 4 1]
 [1 1 1 1 2]]
 
Evoluido 25:
[[2 0 1 2 0]
 [1 1 0 1 1]]
 
Evoluido 26:
[[5 7 5 9 9]
 [0 0 2 2 1]]
 
Evoluido 27:
[[1 9 2 0 9]
 [1 1 2 1 1]]
 
Evoluido 28:
[[0 5 8 5 7]
 [1 1 1 1 1]]
 
Evoluido 29:
[[1 1 0 2 5]
 [1 0 1 2 1]]
 
Evoluido 30:
[[3 0 0 0 8]
 [0 0 2 2 1]]
 
Evoluido 31:
[[7 7 4 9 8]
 [1 1 1 2 1]]
 
Evoluido 32:
[[8 0 2 1 5]
 [1 1 1 1 1]]
 
Evoluido 33:
[[9 0 4 7 5]
 [1 1 2 1 1]]
 
Evoluido 34:
[[0 5 0 0 0]
 [1 1 2 1 1]]
 
Evoluido 35:
[[2 4 0 0 2]
 [1 2 2 0 1]]
 
Evoluido 36:
[[6 7 3 2 9]
 [2 1 0 1 1]]
 
Evoluido 37:
[[3 4 0 0 3]
 [2 2 1 1 1]]
 
Evoluido 38:
[[1 7 5 0 2]
 [2 1 1 0 2]]
 
Evoluido 39:
[[9 2 1 9 6]
 [1 1 1 1 1]]
 
Evoluido 40:
[[9 1 0 1 3]
 [2 1 0 2 1]]
 
Evoluido 41:
[[7 0 0 0 9]
 [1 1 1 2 0]]
 
Evoluido 42:
[[3 9 2 9 9]
 [1 1 2 2 0]]
 
Evoluido 43:
[[2 7 0 5 2]
 [2 1 0 2 1]]
 
Evoluido 44:
[[3 0 1 0 7]
 [1 1 0 2 1]]
 
Evoluido 45:
[[1 2 1 5 5]
 [1 1 1 1 1]]
 
Evoluido 46:
[[6 0 1 0 3]
 [1 1 0 1 2]]
 
Evoluido 47:
[[5 9 0 0 0]
 [1 1 0 1 1]]
 
Evoluido 48:
[[4 9 6 3 5]
 [2 2 1 1 0]]
 
Evoluido 49:
[[4 0 0 2 0]
 [0 1 1 1 1]]
 
Evoluido 50:
[[0 3 7 0 0]
 [1 1 2 1 1]]
 
-----------------------------------------
Individuo 1:
{
  "solucao": [1 7 7 5 3]
                [2 2 1 1 1],
  "funcao_objetivo": 0.99115455061397402988831563401674430639208379350076,
  "confiabilidade_total": 0.99115455061397402988831563401674430639208379350076
  "peso": 115.53,
  "custo": 96.31
}
 
Individuo 2:
{
  "solucao": [5 5 6 1 2]
                [2 2 1 1 1],
  "funcao_objetivo": 0.99039666041870072183297696819133324518562848327012,
  "confiabilidade_total": 0.99039666041870072183297696819133324518562848327012
  "peso": 119.77,
  "custo": 77.85
}
 
Individuo 3:
{
  "solucao": [8 5 4 1 5]
                [2 1 1 2 1],
  "funcao_objetivo": 0.98781860055079437549875037674257359126837827106630,
  "confiabilidade_total": 0.98781860055079437549875037674257359126837827106630
  "peso": 118.57000000000001,
  "custo": 90.86
}
 
Individuo 4:
{
  "solucao": [5 7 8 1 6]
                [2 1 1 2 1],
  "funcao_objetivo": 0.98699425117558525826271778504734524198271388266954,
  "confiabilidade_total": 0.98699425117558525826271778504734524198271388266954
  "peso": 114.41,
  "custo": 90.68
}
 
Individuo 5:
{
  "solucao": [6 0 2 2 7]
                [2 1 1 1 1],
  "funcao_objetivo": 0.97844637823471802094089748909150045898046827204194,
  "confiabilidade_total": 0.97844637823471802094089748909150045898046827204194
  "peso": 119.92000000000002,
  "custo": 74.67
}
 
Individuo 6:
{
  "solucao": [7 8 6 0 3]
                [3 1 1 1 1],
  "funcao_objetivo": 0.97551770151512111119691215230897363751711614978560,
  "confiabilidade_total": 0.97551770151512111119691215230897363751711614978560
  "peso": 119.47,
  "custo": 98.33
}
 
Individuo 7:
{
  "solucao": [1 9 8 1 0]
                [2 2 1 1 0],
  "funcao_objetivo": 0.98551640434431061026987756766814260264970532744612,
  "confiabilidade_total": 0.98551640434431061026987756766814260264970532744612
  "peso": 105.70000000000002,
  "custo": 93.17999999999999
}
 
Individuo 8:
{
  "solucao": [2 0 5 2 7]
                [2 1 1 1 1],
  "funcao_objetivo": 0.97886085893544830544843669159814489551307035208625,
  "confiabilidade_total": 0.97886085893544830544843669159814489551307035208625
  "peso": 117.34000000000002,
  "custo": 69.73
}
 
Individuo 9:
{
  "solucao": [0 4 1 7 0]
                [1 1 1 2 1],
  "funcao_objetivo": 0.97922864974536867236975916365640988639023333650682,
  "confiabilidade_total": 0.97922864974536867236975916365640988639023333650682
  "peso": 110.69,
  "custo": 90.69
}
 
Individuo 10:
{
  "solucao": [8 1 0 0 2]
                [1 2 1 1 1],
  "funcao_objetivo": 0.97628473416587423855679665268874328060781790739454,
  "confiabilidade_total": 0.97628473416587423855679665268874328060781790739454
  "peso": 114.05,
  "custo": 84.55999999999999
}
 
Individuo 11:
{
  "solucao": [9 0 6 3 6]
                [2 1 1 1 1],
  "funcao_objetivo": 0.97403946607992963999203710469743829955675124218109,
  "confiabilidade_total": 0.97403946607992963999203710469743829955675124218109
  "peso": 119.27999999999999,
  "custo": 88.41000000000001
}
 
Individuo 12:
{
  "solucao": [9 0 5 5 7]
                [2 1 2 1 1],
  "funcao_objetivo": 0.97906332290249979009500926250756310065248764823600,
  "confiabilidade_total": 0.97906332290249979009500926250756310065248764823600
  "peso": 115.43000000000002,
  "custo": 97.46000000000001
}
 
Individuo 13:
{
  "solucao": [5 0 0 5 5]
                [1 1 1 2 1],
  "funcao_objetivo": 0.97599057882004439162941432603041838069523581926598,
  "confiabilidade_total": 0.97599057882004439162941432603041838069523581926598
  "peso": 99.46,
  "custo": 73.46000000000001
}
 
Individuo 14:
{
  "solucao": [6 0 0 1 2]
                [1 1 1 2 1],
  "funcao_objetivo": 0.97799487290675238072628451410072122315197756066385,
  "confiabilidade_total": 0.97799487290675238072628451410072122315197756066385
  "peso": 119.49000000000001,
  "custo": 83.58
}
 
Individuo 15:
{
  "solucao": [2 1 3 5 5]
                [1 1 1 2 1],
  "funcao_objetivo": 0.97206171291554140377036848467426840408940263231132,
  "confiabilidade_total": 0.97206171291554140377036848467426840408940263231132
  "peso": 107.17,
  "custo": 67.15
}
 
Individuo 16:
{
  "solucao": [8 1 1 4 0]
                [1 2 1 1 1],
  "funcao_objetivo": 0.97190535711799042098108486197782769546326035261886,
  "confiabilidade_total": 0.97190535711799042098108486197782769546326035261886
  "peso": 112.89999999999999,
  "custo": 87.75
}
 
Individuo 17:
{
  "solucao": [5 3 0 0 0]
                [1 1 2 1 1],
  "funcao_objetivo": 0.97938069878853980336512000541070865990810985132178,
  "confiabilidade_total": 0.97938069878853980336512000541070865990810985132178
  "peso": 117.95999999999998,
  "custo": 86.73
}
 
Individuo 18:
{
  "solucao": [0 9 0 2 0]
                [1 2 1 1 1],
  "funcao_objetivo": 0.97854954636084592354178303897441148525216939139995,
  "confiabilidade_total": 0.98154954636084591883374352517335703101820634890232
  "peso": 120.36,
  "custo": 93.39999999999999
}
 
Individuo 19:
{
  "solucao": [1 6 5 0 1]
                [1 1 1 2 1],
  "funcao_objetivo": 0.97289251340762450228911807551115747894954025687827,
  "confiabilidade_total": 0.97289251340762450228911807551115747894954025687827
  "peso": 111.49000000000001,
  "custo": 84.4
}
 
Individuo 20:
{
  "solucao": [0 3 0 1 2]
                [1 1 2 2 0],
  "funcao_objetivo": 0.99307953990700380117164614107058575591866921125082,
  "confiabilidade_total": 0.99307953990700380117164614107058575591866921125082
  "peso": 119.16000000000001,
  "custo": 89.81
}
 
Individuo 21:
{
  "solucao": [0 6 9 5 8]
                [1 1 1 2 1],
  "funcao_objetivo": 0.96931815363140315513964082334828905896528175480224,
  "confiabilidade_total": 0.96931815363140315513964082334828905896528175480224
  "peso": 102.74,
  "custo": 80.24
}
 
Individuo 22:
{
  "solucao": [3 5 4 8 7]
                [1 1 2 2 0],
  "funcao_objetivo": 0.98341159717754882749825191349505150601576973522672,
  "confiabilidade_total": 0.98341159717754882749825191349505150601576973522672
  "peso": 113.53999999999999,
  "custo": 77.07
}
 
Individuo 23:
{
  "solucao": [1 6 6 3 5]
                [1 1 2 1 1],
  "funcao_objetivo": 0.96693212256856876436315585756298078394808670730830,
  "confiabilidade_total": 0.96693212256856876436315585756298078394808670730830
  "peso": 115.04,
  "custo": 74.15
}
 
Individuo 24:
{
  "solucao": [6 7 8 8 1]
                [1 1 1 2 2],
  "funcao_objetivo": 0.96393853543860146408781274290537954319808720304214,
  "confiabilidade_total": 0.96393853543860146408781274290537954319808720304214
  "peso": 114.11,
  "custo": 96.76
}
 
Individuo 25:
{
  "solucao": [2 0 5 0 0]
                [1 1 1 1 2],
  "funcao_objetivo": 0.96473763395380875741253252940199373558435013995975,
  "confiabilidade_total": 0.96473763395380875741253252940199373558435013995975
  "peso": 118.53999999999999,
  "custo": 84.24000000000001
}
 
Individuo 26:
{
  "solucao": [4 7 1 7 9]
                [1 1 2 1 1],
  "funcao_objetivo": 0.96328081635187738354737789752037522242528188399084,
  "confiabilidade_total": 0.96328081635187738354737789752037522242528188399084
  "peso": 106.66,
  "custo": 91.00999999999999
}
 
Individuo 27:
{
  "solucao": [1 9 2 0 9]
                [1 1 2 1 1],
  "funcao_objetivo": 0.96908182790835526315225263651177556187149666919754,
  "confiabilidade_total": 0.97449849457502185888029395890021078105319821014450
  "peso": 120.64999999999999,
  "custo": 85.41999999999999
}
 
Individuo 28:
{
  "solucao": [2 5 0 5 7]
                [1 1 2 2 1],
  "funcao_objetivo": 0.97917320815096085073301223838392043538608648099499,
  "confiabilidade_total": 0.99258987481762763050827546800768114329532779969769
  "peso": 121.61000000000001,
  "custo": 87.48
}
 
Individuo 29:
{
  "solucao": [1 6 6 2 6]
                [1 1 2 1 1],
  "funcao_objetivo": 0.96244416517569944188902898224595571211491523377295,
  "confiabilidade_total": 0.97002749850903274668500465344349447097581623188849
  "peso": 120.91,
  "custo": 73.72
}
 
Individuo 30:
{
  "solucao": [1 6 2 0 8]
                [1 1 1 2 1],
  "funcao_objetivo": 0.97671204153236427439042062566332853262444403886040,
  "confiabilidade_total": 0.97671204153236427439042062566332853262444403886040
  "peso": 115.97000000000001,
  "custo": 82.17999999999999
}
 
Individuo 31:
{
  "solucao": [7 7 9 2 8]
                [2 1 1 1 1],
  "funcao_objetivo": 0.96565652872180086558251307879558743040404311475777,
  "confiabilidade_total": 0.96565652872180086558251307879558743040404311475777
  "peso": 98.17,
  "custo": 85.14999999999999
}
 
Individuo 32:
{
  "solucao": [8 2 5 0 5]
                [2 1 1 2 1],
  "funcao_objetivo": 0.97339467330405139732992655092430220621039144480262,
  "confiabilidade_total": 0.98914467330405140091039580534043204907660357439552
  "peso": 121.89,
  "custo": 89.03
}
 
Individuo 33:
{
  "solucao": [6 0 0 2 5]
                [1 1 2 1 1],
  "funcao_objetivo": 0.97938835046791193857079513804323220126311690368250,
  "confiabilidade_total": 0.97938835046791193857079513804323220126311690368250
  "peso": 118.29,
  "custo": 80.5
}
 
Individuo 34:
{
  "solucao": [0 5 0 0 0]
                [1 1 2 1 1],
  "funcao_objetivo": 0.97887361485014359905295770824116367328073075634868,
  "confiabilidade_total": 0.97887361485014359905295770824116367328073075634868
  "peso": 116.07999999999998,
  "custo": 90.86
}
 
Individuo 35:
{
  "solucao": [0 9 8 0 9]
                [1 1 2 1 1],
  "funcao_objetivo": 0.97341397242291204424240652472858269940916423115392,
  "confiabilidade_total": 0.97341397242291204424240652472858269940916423115392
  "peso": 106.52,
  "custo": 94.5
}
 
Individuo 36:
{
  "solucao": [6 9 2 1 2]
                [2 2 0 1 1],
  "funcao_objetivo": 0.96251020544608341211818428230014990691049461935517,
  "confiabilidade_total": 0.96251020544608341211818428230014990691049461935517
  "peso": 117.69000000000001,
  "custo": 84.55999999999999
}
 
Individuo 37:
{
  "solucao": [0 0 5 1 5]
                [1 1 1 1 1],
  "funcao_objetivo": 0.96345346144612854742103216541631012655105394724763,
  "confiabilidade_total": 0.96345346144612854742103216541631012655105394724763
  "peso": 88.10000000000001,
  "custo": 67.59
}
 
Individuo 38:
{
  "solucao": [9 7 8 0 9]
                [2 1 1 1 1],
  "funcao_objetivo": 0.96955524101726922231476310331687690293528392255159,
  "confiabilidade_total": 0.96955524101726922231476310331687690293528392255159
  "peso": 104.22999999999999,
  "custo": 97.66999999999999
}
 
Individuo 39:
{
  "solucao": [0 7 1 9 6]
                [2 1 1 2 0],
  "funcao_objetivo": 0.97106646497965069106779116550785401502121564224799,
  "confiabilidade_total": 0.97106646497965069106779116550785401502121564224799
  "peso": 109.60999999999999,
  "custo": 97.39
}
 
Individuo 40:
{
  "solucao": [0 9 0 1 3]
                [2 2 0 1 1],
  "funcao_objetivo": 0.97891512353584474773159053874509208379651303876062,
  "confiabilidade_total": 0.97891512353584474773159053874509208379651303876062
  "peso": 117.61000000000001,
  "custo": 94.53
}
 
Individuo 41:
{
  "solucao": [0 0 2 0 9]
                [1 1 1 1 2],
  "funcao_objetivo": 0.96953460662730457552309545959794175354107421507263,
  "confiabilidade_total": 0.97253460662730445242017871037980310569326531757736
  "peso": 120.35999999999999,
  "custo": 93.4
}
 
Individuo 42:
{
  "solucao": [3 7 2 9 1]
                [0 1 2 2 1],
  "funcao_objetivo": 0.97161743562837346793876860796241027318821003964082,
  "confiabilidade_total": 0.97161743562837346793876860796241027318821003964082
  "peso": 114.53,
  "custo": 84.15
}
 
Individuo 43:
{
  "solucao": [2 0 0 5 7]
                [1 1 2 1 1],
  "funcao_objetivo": 0.97610320305212755831802956808544309808980381781920,
  "confiabilidade_total": 0.97610320305212755831802956808544309808980381781920
  "peso": 112.42,
  "custo": 82.97
}
 
Individuo 44:
{
  "solucao": [0 8 3 0 6]
                [1 1 2 1 1],
  "funcao_objetivo": 0.97582908580983546102426994877872948788282581234645,
  "confiabilidade_total": 0.97582908580983546102426994877872948788282581234645
  "peso": 119.44,
  "custo": 81.9
}
 
Individuo 45:
{
  "solucao": [1 3 3 1 0]
                [1 1 1 1 1],
  "funcao_objetivo": 0.95785137875519025482315253255769564380108399549530,
  "confiabilidade_total": 0.95785137875519025482315253255769564380108399549530
  "peso": 100.77,
  "custo": 69.57
}
 
Individuo 46:
{
  "solucao": [3 0 2 7 3]
                [1 1 1 2 1],
  "funcao_objetivo": 0.97339342077050464749374216429237465131538741956749,
  "confiabilidade_total": 0.97339342077050464749374216429237465131538741956749
  "peso": 115.6,
  "custo": 79.24
}
 
Individuo 47:
{
  "solucao": [1 9 0 0 0]
                [2 2 0 1 1],
  "funcao_objetivo": 0.97643192838300150966008516845740567927058359743282,
  "confiabilidade_total": 0.97643192838300150966008516845740567927058359743282
  "peso": 113.56,
  "custo": 97.3
}
 
Individuo 48:
{
  "solucao": [1 7 2 5 0]
                [1 1 1 2 1],
  "funcao_objetivo": 0.97510420327790433566346018069764248850320690246409,
  "confiabilidade_total": 0.97510420327790433566346018069764248850320690246409
  "peso": 104.71,
  "custo": 75.81
}
 
Individuo 49:
{
  "solucao": [1 0 3 8 0]
                [1 1 1 2 1],
  "funcao_objetivo": 0.97507832657166155345376426312050806847189126266349,
  "confiabilidade_total": 0.97507832657166155345376426312050806847189126266349
  "peso": 109.95,
  "custo": 85.65
}
 
Individuo 50:
{
  "solucao": [5 0 7 0 0]
                [1 1 2 1 1],
  "funcao_objetivo": 0.98104706344681957110794083778726490584986908447643,
  "confiabilidade_total": 0.98104706344681957110794083778726490584986908447643
  "peso": 103.83999999999999,
  "custo": 88.32000000000001
}
 
-----------------------------------------
O algoritmo de evolução diferencial obteve em 10 geracoes o resultado para a funcao objetivo de 0.99307953990700380117164614107058575591866921125082
Com os seguintes valores para cada variavel de decisao:
T1: 0
Q1: 1
T2: 3
Q2: 1
T3: 0
Q3: 2
T4: 1
Q4: 2
T5: 2
Q5: 0


