POPULAÇÃO INICIAL:
Individuo 1:
{
  "solucao": [7 5 7 0 3]
                [2 1 1 2 1],
  "funcao_objetivo": 0.98851142115399362017452312307107276609829438104104,
  "confiabilidade_total": 0.98851142115399362017452312307107276609829438104104
  "peso": 119.87,
  "custo": 99.03
}
 
Individuo 2:
{
  "solucao": [5 6 1 7 3]
                [2 1 1 2 1],
  "funcao_objetivo": 0.98800758057471945759943220553270204940110372632789,
  "confiabilidade_total": 0.98800758057471945759943220553270204940110372632789
  "peso": 118.03,
  "custo": 89.4
}
 
Individuo 3:
{
  "solucao": [9 5 8 7 8]
                [2 2 1 1 1],
  "funcao_objetivo": 0.98715469879535842153012876199262275965705584572557,
  "confiabilidade_total": 0.98715469879535842153012876199262275965705584572557
  "peso": 109.59,
  "custo": 97.74
}
 
Individuo 4:
{
  "solucao": [8 9 8 2 7]
                [1 2 2 1 1],
  "funcao_objetivo": 0.98549759420883959594802733574192568223508435550575,
  "confiabilidade_total": 0.98549759420883959594802733574192568223508435550575
  "peso": 117.44000000000001,
  "custo": 99.96
}
 
Individuo 5:
{
  "solucao": [0 2 5 0 5]
                [2 1 1 1 1],
  "funcao_objetivo": 0.97939169416885719102641310451439255570790105307927,
  "confiabilidade_total": 0.97939169416885719102641310451439255570790105307927
  "peso": 113.0,
  "custo": 78.44
}
 
Individuo 6:
{
  "solucao": [2 0 7 2 1]
                [1 1 2 1 1],
  "funcao_objetivo": 0.97865807291684062189417045379890107152670063015230,
  "confiabilidade_total": 0.97865807291684062189417045379890107152670063015230
  "peso": 112.13,
  "custo": 79.52
}
 
Individuo 7:
{
  "solucao": [2 3 1 0 7]
                [1 1 2 1 1],
  "funcao_objetivo": 0.97854313506895451077649621870211774751033121769140,
  "confiabilidade_total": 0.97854313506895451077649621870211774751033121769140
  "peso": 115.5,
  "custo": 81.92
}
 
Individuo 8:
{
  "solucao": [8 0 7 8 4]
                [2 1 2 1 1],
  "funcao_objetivo": 0.97845511744503273585827603528251628680059127542821,
  "confiabilidade_total": 0.97845511744503273585827603528251628680059127542821
  "peso": 116.06,
  "custo": 99.88
}
 
Individuo 9:
{
  "solucao": [5 5 6 0 8]
                [3 1 1 1 1],
  "funcao_objetivo": 0.97593898462404917673822575569105669203776138783195,
  "confiabilidade_total": 0.97593898462404917673822575569105669203776138783195
  "peso": 113.78999999999999,
  "custo": 83.07
}
 
Individuo 10:
{
  "solucao": [3 8 5 0 8]
                [1 1 2 1 2],
  "funcao_objetivo": 0.97564572754574997085311823927069204544283600782491,
  "confiabilidade_total": 0.97564572754574997085311823927069204544283600782491
  "peso": 115.61999999999999,
  "custo": 88.76
}
 
Individuo 11:
{
  "solucao": [8 0 0 5 7]
                [1 1 1 2 1],
  "funcao_objetivo": 0.97510121798286635348890584945776887460499017776329,
  "confiabilidade_total": 0.97510121798286635348890584945776887460499017776329
  "peso": 98.73000000000002,
  "custo": 81.03
}
 
Individuo 12:
{
  "solucao": [1 5 4 7 8]
                [1 1 1 3 1],
  "funcao_objetivo": 0.97473633206262092795561602007284090476515377253785,
  "confiabilidade_total": 0.97473633206262092795561602007284090476515377253785
  "peso": 113.61,
  "custo": 96.97
}
 
Individuo 13:
{
  "solucao": [4 9 0 7 5]
                [1 1 1 2 1],
  "funcao_objetivo": 0.97384951415517409319485150085324333443699874990085,
  "confiabilidade_total": 0.97384951415517409319485150085324333443699874990085
  "peso": 105.46,
  "custo": 87.93
}
 
Individuo 14:
{
  "solucao": [7 4 2 1 0]
                [2 1 1 1 1],
  "funcao_objetivo": 0.97353557120220994226269495195796938337482629001133,
  "confiabilidade_total": 0.97353557120220994226269495195796938337482629001133
  "peso": 113.14999999999999,
  "custo": 84.07000000000001
}
 
Individuo 15:
{
  "solucao": [8 7 5 2 2]
                [1 1 3 1 1],
  "funcao_objetivo": 0.97273299731035290095620699612256308413537854655702,
  "confiabilidade_total": 0.97273299731035290095620699612256308413537854655702
  "peso": 118.38000000000001,
  "custo": 78.1
}
 
Individuo 16:
{
  "solucao": [8 5 3 8 8]
                [1 2 1 2 1],
  "funcao_objetivo": 0.97033984643712026317320353890262145499623346325764,
  "confiabilidade_total": 0.97033984643712026317320353890262145499623346325764
  "peso": 109.92999999999999,
  "custo": 86.0
}
 
Individuo 17:
{
  "solucao": [7 6 7 3 1]
                [1 1 3 1 1],
  "funcao_objetivo": 0.97013166652609817975920384740268917514581664626180,
  "confiabilidade_total": 0.97013166652609817975920384740268917514581664626180
  "peso": 116.87,
  "custo": 98.46
}
 
Individuo 18:
{
  "solucao": [4 0 3 5 5]
                [1 1 1 2 1],
  "funcao_objetivo": 0.96978730416799348699943757964022430787019516740051,
  "confiabilidade_total": 0.96978730416799348699943757964022430787019516740051
  "peso": 110.36,
  "custo": 73.06
}
 
Individuo 19:
{
  "solucao": [9 1 1 9 5]
                [2 1 1 1 1],
  "funcao_objetivo": 0.96847764048341190418470057551960467906899575185455,
  "confiabilidade_total": 0.96847764048341190418470057551960467906899575185455
  "peso": 106.16000000000001,
  "custo": 93.18
}
 
Individuo 20:
{
  "solucao": [5 5 7 8 8]
                [1 2 1 2 1],
  "funcao_objetivo": 0.96830185515753247904962236626003073823684667142377,
  "confiabilidade_total": 0.96830185515753247904962236626003073823684667142377
  "peso": 102.08,
  "custo": 85.82
}
 
Individuo 21:
{
  "solucao": [0 3 3 7 7]
                [2 1 1 1 1],
  "funcao_objetivo": 0.96819892909416197754052187528153301567069129752262,
  "confiabilidade_total": 0.96819892909416197754052187528153301567069129752262
  "peso": 113.14000000000001,
  "custo": 85.86000000000001
}
 
Individuo 22:
{
  "solucao": [7 4 5 7 9]
                [1 1 3 1 1],
  "funcao_objetivo": 0.96722792292993581378905830059250768707481987734946,
  "confiabilidade_total": 0.96722792292993581378905830059250768707481987734946
  "peso": 114.65,
  "custo": 92.44
}
 
Individuo 23:
{
  "solucao": [8 8 6 2 4]
                [1 1 2 1 1],
  "funcao_objetivo": 0.96696310315497920078777062820584140163301964023423,
  "confiabilidade_total": 0.96696310315497920078777062820584140163301964023423
  "peso": 115.68,
  "custo": 74.97
}
 
Individuo 24:
{
  "solucao": [5 5 6 5 2]
                [1 1 1 3 1],
  "funcao_objetivo": 0.96684599607258533755547823049136771813172811657034,
  "confiabilidade_total": 0.96684599607258533755547823049136771813172811657034
  "peso": 116.4,
  "custo": 73.41
}
 
Individuo 25:
{
  "solucao": [5 6 4 0 9]
                [1 1 1 2 1],
  "funcao_objetivo": 0.96677624217924732504442380054657937070807230480658,
  "confiabilidade_total": 0.96677624217924732504442380054657937070807230480658
  "peso": 117.44999999999999,
  "custo": 86.72999999999999
}
 
Individuo 26:
{
  "solucao": [7 1 8 5 0]
                [1 3 1 1 1],
  "funcao_objetivo": 0.96633648912333111078951333204219306552469477297049,
  "confiabilidade_total": 0.96633648912333111078951333204219306552469477297049
  "peso": 118.03,
  "custo": 98.86
}
 
Individuo 27:
{
  "solucao": [5 8 7 8 5]
                [1 1 1 2 3],
  "funcao_objetivo": 0.96506668452319058429650432776055902395221047952458,
  "confiabilidade_total": 0.96506668452319058429650432776055902395221047952458
  "peso": 116.81,
  "custo": 96.13
}
 
Individuo 28:
{
  "solucao": [9 5 3 0 5]
                [1 2 1 1 1],
  "funcao_objetivo": 0.96465262804394812313223071769620841382049656607086,
  "confiabilidade_total": 0.96465262804394812313223071769620841382049656607086
  "peso": 105.02000000000001,
  "custo": 76.81
}
 
Individuo 29:
{
  "solucao": [0 2 1 1 6]
                [1 1 1 1 1],
  "funcao_objetivo": 0.96462453555282865921834023010074802498082786596255,
  "confiabilidade_total": 0.96462453555282865921834023010074802498082786596255
  "peso": 99.22,
  "custo": 67.47
}
 
Individuo 30:
{
  "solucao": [7 5 6 8 5]
                [1 1 3 1 1],
  "funcao_objetivo": 0.96448056295045112584812543170798561231411778649646,
  "confiabilidade_total": 0.96448056295045112584812543170798561231411778649646
  "peso": 118.25,
  "custo": 85.92
}
 
Individuo 31:
{
  "solucao": [3 7 7 8 9]
                [1 2 1 1 1],
  "funcao_objetivo": 0.96362106913575618976524540925362403791843727327974,
  "confiabilidade_total": 0.96362106913575618976524540925362403791843727327974
  "peso": 97.59,
  "custo": 87.63999999999999
}
 
Individuo 32:
{
  "solucao": [2 5 3 8 2]
                [1 1 2 1 1],
  "funcao_objetivo": 0.96349456497529501721606548791100615775826503305177,
  "confiabilidade_total": 0.96349456497529501721606548791100615775826503305177
  "peso": 119.07,
  "custo": 66.60000000000001
}
 
Individuo 33:
{
  "solucao": [6 4 5 3 7]
                [1 2 1 1 1],
  "funcao_objetivo": 0.96315355418630164434398909264228305485359683886955,
  "confiabilidade_total": 0.96315355418630164434398909264228305485359683886955
  "peso": 118.55000000000001,
  "custo": 77.58
}
 
Individuo 34:
{
  "solucao": [5 2 8 4 6]
                [1 2 1 1 1],
  "funcao_objetivo": 0.96276346495393746391440672463119982896977876883659,
  "confiabilidade_total": 0.96276346495393746391440672463119982896977876883659
  "peso": 118.53999999999999,
  "custo": 69.05
}
 
Individuo 35:
{
  "solucao": [6 9 1 6 0]
                [2 1 1 1 1],
  "funcao_objetivo": 0.96189204121728188090286240270590308386222481709985,
  "confiabilidade_total": 0.96189204121728188090286240270590308386222481709985
  "peso": 116.84,
  "custo": 85.76
}
 
Individuo 36:
{
  "solucao": [2 8 9 6 5]
                [2 1 1 1 1],
  "funcao_objetivo": 0.96128037917291496945896552542023359462721296317232,
  "confiabilidade_total": 0.96128037917291496945896552542023359462721296317232
  "peso": 113.2,
  "custo": 72.8
}
 
Individuo 37:
{
  "solucao": [5 2 9 5 7]
                [1 1 1 2 1],
  "funcao_objetivo": 0.96000088418312302575982140579828235340531177665020,
  "confiabilidade_total": 0.96000088418312302575982140579828235340531177665020
  "peso": 99.48000000000002,
  "custo": 73.05000000000001
}
 
Individuo 38:
{
  "solucao": [7 5 1 0 8]
                [1 1 1 1 2],
  "funcao_objetivo": 0.95881611400128881991307508431187867171885697173098,
  "confiabilidade_total": 0.95881611400128881991307508431187867171885697173098
  "peso": 96.41,
  "custo": 82.71
}
 
Individuo 39:
{
  "solucao": [1 3 1 7 7]
                [1 1 1 1 2],
  "funcao_objetivo": 0.95669953079597211479238543813528234245049910833002,
  "confiabilidade_total": 0.95669953079597211479238543813528234245049910833002
  "peso": 100.8,
  "custo": 86.0
}
 
Individuo 40:
{
  "solucao": [5 1 2 4 6]
                [1 1 1 1 2],
  "funcao_objetivo": 0.95604804064524017703907616810112331377953572442966,
  "confiabilidade_total": 0.95604804064524017703907616810112331377953572442966
  "peso": 119.35,
  "custo": 73.33
}
 
Individuo 41:
{
  "solucao": [1 7 5 1 7]
                [1 1 1 1 2],
  "funcao_objetivo": 0.95564335300193229591850506032387850104340196575511,
  "confiabilidade_total": 0.95564335300193229591850506032387850104340196575511
  "peso": 93.38000000000001,
  "custo": 84.33
}
 
Individuo 42:
{
  "solucao": [7 0 6 5 5]
                [1 1 1 1 3],
  "funcao_objetivo": 0.95243553020103030451219519421845565591091973159790,
  "confiabilidade_total": 0.95243553020103030451219519421845565591091973159790
  "peso": 113.36,
  "custo": 84.56
}
 
Individuo 43:
{
  "solucao": [9 1 1 8 0]
                [1 1 1 1 1],
  "funcao_objetivo": 0.94972915962641471169522845562823836343155844944340,
  "confiabilidade_total": 0.94972915962641471169522845562823836343155844944340
  "peso": 89.46000000000001,
  "custo": 76.75
}
 
Individuo 44:
{
  "solucao": [8 2 9 1 5]
                [1 1 1 1 3],
  "funcao_objetivo": 0.94944207019933801665654330947077043986798057795025,
  "confiabilidade_total": 0.94944207019933801665654330947077043986798057795025
  "peso": 118.00999999999999,
  "custo": 86.31
}
 
Individuo 45:
{
  "solucao": [2 8 5 1 6]
                [1 1 1 1 1],
  "funcao_objetivo": 0.94853740016094265269511258672194392827204539149730,
  "confiabilidade_total": 0.94853740016094265269511258672194392827204539149730
  "peso": 90.16000000000001,
  "custo": 60.269999999999996
}
 
Individuo 46:
{
  "solucao": [7 5 2 7 7]
                [1 1 1 1 2],
  "funcao_objetivo": 0.94668167107477562723523253389618807456810671710369,
  "confiabilidade_total": 0.94668167107477562723523253389618807456810671710369
  "peso": 94.06,
  "custo": 79.16
}
 
Individuo 47:
{
  "solucao": [6 8 0 9 2]
                [1 1 1 1 1],
  "funcao_objetivo": 0.94355668931719643940654019877248957102990465499963,
  "confiabilidade_total": 0.94355668931719643940654019877248957102990465499963
  "peso": 96.01,
  "custo": 69.11
}
 
Individuo 48:
{
  "solucao": [4 6 5 3 1]
                [1 1 1 1 1],
  "funcao_objetivo": 0.94294649844965782853581224226798381015302908483861,
  "confiabilidade_total": 0.94294649844965782853581224226798381015302908483861
  "peso": 98.75,
  "custo": 63.45
}
 
Individuo 49:
{
  "solucao": [8 2 9 6 9]
                [1 1 1 1 2],
  "funcao_objetivo": 0.94264603734275899002545066760424703323774027695868,
  "confiabilidade_total": 0.94264603734275899002545066760424703323774027695868
  "peso": 112.56,
  "custo": 88.57999999999998
}
 
Individuo 50:
{
  "solucao": [8 3 6 9 3]
                [1 1 1 1 1],
  "funcao_objetivo": 0.93543175608661800553553980117963791934723160289140,
  "confiabilidade_total": 0.93543175608661800553553980117963791934723160289140
  "peso": 97.31,
  "custo": 67.47
}
 
 
GERACAO 1
Mutante 1:
[[0.85 0.   2.7  5.25 9.4 ]
 [1.85 1.85 0.15 1.   1.  ]]
 
Mutante 2:
[[6.15 1.6  5.25 0.   9.  ]
 [1.85 1.   1.   1.   2.  ]]
 
Mutante 3:
[[0.   2.15 1.85 5.1  9.  ]
 [1.   1.   2.   1.   1.  ]]
 
Mutante 4:
[[9.   2.45 5.55 9.   8.  ]
 [1.85 2.85 0.15 2.   0.15]]
 
Mutante 5:
[[9.   9.   9.   0.   4.7 ]
 [2.   1.85 1.85 1.15 1.  ]]
 
Mutante 6:
[[9.   0.   3.55 9.   0.  ]
 [1.   1.85 1.   1.   1.  ]]
 
Mutante 7:
[[5.85 9.7  9.55 4.6  5.  ]
 [1.   1.   1.   2.   3.  ]]
 
Mutante 8:
[[5.   9.   6.85 0.   4.6 ]
 [3.   1.   2.7  1.   1.  ]]
 
Mutante 9:
[[9.   1.85 1.85 3.75 0.  ]
 [1.   1.   1.   1.   1.  ]]
 
Mutante 10:
[[0.   6.15 6.7  0.   9.55]
 [1.   1.85 1.   1.   2.  ]]
 
Mutante 11:
[[9.55 5.7  0.   6.1  0.  ]
 [2.   1.   1.   1.85 0.15]]
 
Mutante 12:
[[3.3  7.95 8.15 7.55 9.  ]
 [1.   1.   1.   2.85 2.7 ]]
 
Mutante 13:
[[1.   7.25 7.8  9.   5.3 ]
 [1.85 1.   0.15 1.   2.  ]]
 
Mutante 14:
[[0.   2.6  1.6  7.25 5.25]
 [1.   1.   1.   1.   1.85]]
 
Mutante 15:
[[0.75 0.   9.   0.   8.7 ]
 [1.   1.   1.   1.15 1.  ]]
 
Mutante 16:
[[8.85 5.45 8.55 0.   4.  ]
 [1.   1.   0.3  1.   2.7 ]]
 
Mutante 17:
[[4.4  6.4  1.   9.55 3.6 ]
 [0.15 1.   1.   1.   2.  ]]
 
Mutante 18:
[[7.7  4.75 2.7  3.45 0.  ]
 [2.   0.15 1.   1.85 1.  ]]
 
Mutante 19:
[[9.   9.   7.55 4.7  2.7 ]
 [0.15 1.85 1.85 1.   1.  ]]
 
Mutante 20:
[[2.7  0.   0.   9.   6.15]
 [1.   1.   1.   1.   2.  ]]
 
Mutante 21:
[[7.95 2.15 7.8  0.   8.7 ]
 [1.   1.   2.   1.   1.  ]]
 
Mutante 22:
[[6.25 0.45 0.   6.8  7.  ]
 [1.   1.85 1.15 1.85 0.15]]
 
Mutante 23:
[[6.   6.55 9.   6.4  3.6 ]
 [1.   2.   1.   0.15 1.  ]]
 
Mutante 24:
[[1.05 1.6  5.3  0.   6.4 ]
 [2.85 1.   1.   2.   1.  ]]
 
Mutante 25:
[[5.3  9.4  7.85 2.15 6.95]
 [1.   1.   3.   1.   1.85]]
 
Mutante 26:
[[2.75 6.   3.6  0.   0.  ]
 [1.85 1.   3.   0.15 1.  ]]
 
Mutante 27:
[[4.   4.25 6.4  5.85 4.15]
 [1.   1.   0.15 2.   1.  ]]
 
Mutante 28:
[[3.55 5.3  4.15 4.4  5.3 ]
 [1.85 0.15 1.85 1.   2.  ]]
 
Mutante 29:
[[3.3  8.   9.   5.45 5.  ]
 [1.   2.7  1.   2.   3.  ]]
 
Mutante 30:
[[1.2  3.   2.6  8.15 3.  ]
 [1.85 1.   1.   1.   1.  ]]
 
Mutante 31:
[[5.45 7.55 1.3  9.7  7.15]
 [1.   2.85 1.   2.85 0.15]]
 
Mutante 32:
[[0.   5.45 6.7  0.   9.  ]
 [1.   1.   2.   0.15 2.  ]]
 
Mutante 33:
[[2.75 7.55 4.3  8.85 7.55]
 [0.15 1.   3.   0.15 1.  ]]
 
Mutante 34:
[[9.   2.   8.15 5.15 9.  ]
 [1.   1.   0.15 1.   2.85]]
 
Mutante 35:
[[0.   4.55 4.75 5.85 6.15]
 [1.   1.   1.   3.   0.15]]
 
Mutante 36:
[[6.   9.   0.   5.6  0.  ]
 [1.85 1.   1.   1.   1.  ]]
 
Mutante 37:
[[3.45 5.7  5.85 2.15 9.  ]
 [1.   2.85 1.   1.85 1.  ]]
 
Mutante 38:
[[8.4  9.   2.75 4.6  4.15]
 [1.   1.   1.   2.   3.  ]]
 
Mutante 39:
[[7.85 6.7  5.15 7.15 7.55]
 [1.   1.   2.15 1.   1.  ]]
 
Mutante 40:
[[8.85 0.   4.75 0.   3.3 ]
 [1.   1.   1.   1.85 3.  ]]
 
Mutante 41:
[[1.6  7.55 5.3  8.   9.  ]
 [0.15 2.   1.85 1.15 1.85]]
 
Mutante 42:
[[1.2  0.   6.   7.3  5.55]
 [1.85 1.   1.   1.   1.  ]]
 
Mutante 43:
[[4.15 5.15 0.   2.75 4.7 ]
 [1.15 1.   1.   2.   1.85]]
 
Mutante 44:
[[0.2  2.45 0.3  1.05 5.3 ]
 [1.   0.15 1.   0.15 2.  ]]
 
Mutante 45:
[[7.4  7.7  9.   3.85 1.85]
 [1.   1.85 1.   1.85 0.15]]
 
Mutante 46:
[[6.85 0.   0.75 8.95 7.85]
 [1.85 2.   0.15 1.   1.  ]]
 
Mutante 47:
[[9.7  9.85 8.85 0.3  6.15]
 [1.   2.   3.   1.   1.  ]]
 
Mutante 48:
[[5.6  9.   9.   4.45 8.85]
 [2.   2.   1.   1.   1.  ]]
 
Mutante 49:
[[1.6  6.7  7.7  0.   8.  ]
 [3.   1.   1.   0.15 1.  ]]
 
Mutante 50:
[[5.   8.4  2.6  0.   9.  ]
 [3.   0.15 1.   1.85 1.  ]]
 
-----------------------------------------
Número de avaliações até o momento: 50
Evoluido 1:
[[0 5 2 5 9]
 [1 1 0 2 1]]
 
Evoluido 2:
[[5 6 5 0 9]
 [2 1 1 1 2]]
 
Evoluido 3:
[[0 2 1 5 8]
 [1 1 2 1 1]]
 
Evoluido 4:
[[9 2 8 9 8]
 [1 2 2 1 0]]
 
Evoluido 5:
[[0 9 9 0 5]
 [2 1 1 1 1]]
 
Evoluido 6:
[[9 0 7 9 0]
 [1 1 1 1 1]]
 
Evoluido 7:
[[5 3 1 4 5]
 [1 1 2 1 3]]
 
Evoluido 8:
[[5 9 6 8 4]
 [3 1 2 1 1]]
 
Evoluido 9:
[[9 1 6 0 0]
 [1 1 1 1 1]]
 
Evoluido 10:
[[0 6 6 0 9]
 [1 1 1 1 2]]
 
Evoluido 11:
[[8 0 0 5 0]
 [2 1 1 2 0]]
 
Evoluido 12:
[[1 5 8 7 8]
 [1 1 1 3 2]]
 
Evoluido 13:
[[1 7 0 9 5]
 [1 1 0 1 1]]
 
Evoluido 14:
[[0 4 1 7 5]
 [1 1 1 1 1]]
 
Evoluido 15:
[[0 0 9 2 8]
 [1 1 1 1 1]]
 
Evoluido 16:
[[8 5 3 0 8]
 [1 1 0 1 1]]
 
Evoluido 17:
[[7 6 7 9 3]
 [1 1 1 1 2]]
 
Evoluido 18:
[[7 4 3 5 5]
 [2 0 1 2 1]]
 
Evoluido 19:
[[9 1 1 4 2]
 [0 1 1 1 1]]
 
Evoluido 20:
[[2 0 0 9 8]
 [1 1 1 2 2]]
 
Evoluido 21:
[[7 2 3 7 8]
 [1 1 2 1 1]]
 
Evoluido 22:
[[6 0 5 6 9]
 [1 1 1 1 0]]
 
Evoluido 23:
[[6 8 9 6 4]
 [1 2 1 0 1]]
 
Evoluido 24:
[[5 1 6 5 6]
 [2 1 1 2 1]]
 
Evoluido 25:
[[5 9 7 2 6]
 [1 1 1 1 1]]
 
Evoluido 26:
[[2 6 3 5 0]
 [1 3 3 0 1]]
 
Evoluido 27:
[[4 4 6 8 4]
 [1 1 0 2 1]]
 
Evoluido 28:
[[9 5 3 0 5]
 [1 0 1 1 1]]
 
Evoluido 29:
[[0 8 9 5 5]
 [1 1 1 2 3]]
 
Evoluido 30:
[[1 3 6 8 5]
 [1 1 3 1 1]]
 
Evoluido 31:
[[5 7 1 9 7]
 [1 2 1 2 0]]
 
Evoluido 32:
[[0 5 3 0 2]
 [1 1 2 0 2]]
 
Evoluido 33:
[[2 4 5 8 7]
 [0 1 3 0 1]]
 
Evoluido 34:
[[9 2 8 5 6]
 [1 2 0 1 2]]
 
Evoluido 35:
[[0 4 1 5 6]
 [2 1 1 1 0]]
 
Evoluido 36:
[[2 9 0 5 0]
 [1 1 1 1 1]]
 
Evoluido 37:
[[3 5 5 5 9]
 [1 2 1 1 1]]
 
Evoluido 38:
[[8 9 1 4 8]
 [1 1 1 2 3]]
 
Evoluido 39:
[[7 3 5 7 7]
 [1 1 2 1 2]]
 
Evoluido 40:
[[8 0 2 0 3]
 [1 1 1 1 2]]
 
Evoluido 41:
[[1 7 5 8 7]
 [1 2 1 1 1]]
 
Evoluido 42:
[[1 0 6 5 5]
 [1 1 1 1 1]]
 
Evoluido 43:
[[9 1 0 2 4]
 [1 1 1 2 1]]
 
Evoluido 44:
[[0 2 9 1 5]
 [1 0 1 0 2]]
 
Evoluido 45:
[[7 8 5 3 1]
 [1 1 1 1 1]]
 
Evoluido 46:
[[7 0 2 8 7]
 [1 1 0 1 2]]
 
Evoluido 47:
[[9 8 8 9 6]
 [1 1 3 1 1]]
 
Evoluido 48:
[[5 9 9 3 8]
 [2 2 1 1 1]]
 
Evoluido 49:
[[1 6 7 0 8]
 [3 1 1 0 1]]
 
Evoluido 50:
[[8 3 6 0 3]
 [3 0 1 1 1]]
 
-----------------------------------------
Individuo 1:
{
  "solucao": [7 5 7 0 3]
                [2 1 1 2 1],
  "funcao_objetivo": 0.98851142115399362017452312307107276609829438104104,
  "confiabilidade_total": 0.98851142115399362017452312307107276609829438104104
  "peso": 119.87,
  "custo": 99.03
}
 
Individuo 2:
{
  "solucao": [5 6 1 7 3]
                [2 1 1 2 1],
  "funcao_objetivo": 0.98800758057471945759943220553270204940110372632789,
  "confiabilidade_total": 0.98800758057471945759943220553270204940110372632789
  "peso": 118.03,
  "custo": 89.4
}
 
Individuo 3:
{
  "solucao": [9 5 8 7 8]
                [2 2 1 1 1],
  "funcao_objetivo": 0.98715469879535842153012876199262275965705584572557,
  "confiabilidade_total": 0.98715469879535842153012876199262275965705584572557
  "peso": 109.59,
  "custo": 97.74
}
 
Individuo 4:
{
  "solucao": [8 9 8 2 7]
                [1 2 2 1 1],
  "funcao_objetivo": 0.98549759420883959594802733574192568223508435550575,
  "confiabilidade_total": 0.98549759420883959594802733574192568223508435550575
  "peso": 117.44000000000001,
  "custo": 99.96
}
 
Individuo 5:
{
  "solucao": [0 2 5 0 5]
                [2 1 1 1 1],
  "funcao_objetivo": 0.97939169416885719102641310451439255570790105307927,
  "confiabilidade_total": 0.97939169416885719102641310451439255570790105307927
  "peso": 113.0,
  "custo": 78.44
}
 
Individuo 6:
{
  "solucao": [2 0 7 2 1]
                [1 1 2 1 1],
  "funcao_objetivo": 0.97865807291684062189417045379890107152670063015230,
  "confiabilidade_total": 0.97865807291684062189417045379890107152670063015230
  "peso": 112.13,
  "custo": 79.52
}
 
Individuo 7:
{
  "solucao": [2 3 1 0 7]
                [1 1 2 1 1],
  "funcao_objetivo": 0.97854313506895451077649621870211774751033121769140,
  "confiabilidade_total": 0.97854313506895451077649621870211774751033121769140
  "peso": 115.5,
  "custo": 81.92
}
 
Individuo 8:
{
  "solucao": [8 0 7 8 4]
                [2 1 2 1 1],
  "funcao_objetivo": 0.97845511744503273585827603528251628680059127542821,
  "confiabilidade_total": 0.97845511744503273585827603528251628680059127542821
  "peso": 116.06,
  "custo": 99.88
}
 
Individuo 9:
{
  "solucao": [5 5 6 0 8]
                [3 1 1 1 1],
  "funcao_objetivo": 0.97593898462404917673822575569105669203776138783195,
  "confiabilidade_total": 0.97593898462404917673822575569105669203776138783195
  "peso": 113.78999999999999,
  "custo": 83.07
}
 
Individuo 10:
{
  "solucao": [3 8 5 0 8]
                [1 1 2 1 2],
  "funcao_objetivo": 0.97564572754574997085311823927069204544283600782491,
  "confiabilidade_total": 0.97564572754574997085311823927069204544283600782491
  "peso": 115.61999999999999,
  "custo": 88.76
}
 
Individuo 11:
{
  "solucao": [8 0 0 5 0]
                [2 1 1 2 0],
  "funcao_objetivo": 0.98142739452054703932352880985994639295900018197478,
  "confiabilidade_total": 0.98142739452054703932352880985994639295900018197478
  "peso": 99.16,
  "custo": 79.54
}
 
Individuo 12:
{
  "solucao": [1 5 4 7 8]
                [1 1 1 3 1],
  "funcao_objetivo": 0.97473633206262092795561602007284090476515377253785,
  "confiabilidade_total": 0.97473633206262092795561602007284090476515377253785
  "peso": 113.61,
  "custo": 96.97
}
 
Individuo 13:
{
  "solucao": [4 9 0 7 5]
                [1 1 1 2 1],
  "funcao_objetivo": 0.97384951415517409319485150085324333443699874990085,
  "confiabilidade_total": 0.97384951415517409319485150085324333443699874990085
  "peso": 105.46,
  "custo": 87.93
}
 
Individuo 14:
{
  "solucao": [7 4 2 1 0]
                [2 1 1 1 1],
  "funcao_objetivo": 0.97353557120220994226269495195796938337482629001133,
  "confiabilidade_total": 0.97353557120220994226269495195796938337482629001133
  "peso": 113.14999999999999,
  "custo": 84.07000000000001
}
 
Individuo 15:
{
  "solucao": [8 7 5 2 2]
                [1 1 3 1 1],
  "funcao_objetivo": 0.97273299731035290095620699612256308413537854655702,
  "confiabilidade_total": 0.97273299731035290095620699612256308413537854655702
  "peso": 118.38000000000001,
  "custo": 78.1
}
 
Individuo 16:
{
  "solucao": [8 5 3 8 8]
                [1 2 1 2 1],
  "funcao_objetivo": 0.97033984643712026317320353890262145499623346325764,
  "confiabilidade_total": 0.97033984643712026317320353890262145499623346325764
  "peso": 109.92999999999999,
  "custo": 86.0
}
 
Individuo 17:
{
  "solucao": [7 6 7 3 1]
                [1 1 3 1 1],
  "funcao_objetivo": 0.97013166652609817975920384740268917514581664626180,
  "confiabilidade_total": 0.97013166652609817975920384740268917514581664626180
  "peso": 116.87,
  "custo": 98.46
}
 
Individuo 18:
{
  "solucao": [4 0 3 5 5]
                [1 1 1 2 1],
  "funcao_objetivo": 0.96978730416799348699943757964022430787019516740051,
  "confiabilidade_total": 0.96978730416799348699943757964022430787019516740051
  "peso": 110.36,
  "custo": 73.06
}
 
Individuo 19:
{
  "solucao": [9 1 1 9 5]
                [2 1 1 1 1],
  "funcao_objetivo": 0.96847764048341190418470057551960467906899575185455,
  "confiabilidade_total": 0.96847764048341190418470057551960467906899575185455
  "peso": 106.16000000000001,
  "custo": 93.18
}
 
Individuo 20:
{
  "solucao": [5 5 7 8 8]
                [1 2 1 2 1],
  "funcao_objetivo": 0.96830185515753247904962236626003073823684667142377,
  "confiabilidade_total": 0.96830185515753247904962236626003073823684667142377
  "peso": 102.08,
  "custo": 85.82
}
 
Individuo 21:
{
  "solucao": [0 3 3 7 7]
                [2 1 1 1 1],
  "funcao_objetivo": 0.96819892909416197754052187528153301567069129752262,
  "confiabilidade_total": 0.96819892909416197754052187528153301567069129752262
  "peso": 113.14000000000001,
  "custo": 85.86000000000001
}
 
Individuo 22:
{
  "solucao": [7 4 5 7 9]
                [1 1 3 1 1],
  "funcao_objetivo": 0.96722792292993581378905830059250768707481987734946,
  "confiabilidade_total": 0.96722792292993581378905830059250768707481987734946
  "peso": 114.65,
  "custo": 92.44
}
 
Individuo 23:
{
  "solucao": [8 8 6 2 4]
                [1 1 2 1 1],
  "funcao_objetivo": 0.96696310315497920078777062820584140163301964023423,
  "confiabilidade_total": 0.96696310315497920078777062820584140163301964023423
  "peso": 115.68,
  "custo": 74.97
}
 
Individuo 24:
{
  "solucao": [5 1 6 5 6]
                [2 1 1 2 1],
  "funcao_objetivo": 0.98777331963008165765205772120521614052149128215363,
  "confiabilidade_total": 0.98777331963008165765205772120521614052149128215363
  "peso": 117.05999999999999,
  "custo": 80.73
}
 
Individuo 25:
{
  "solucao": [5 6 4 0 9]
                [1 1 1 2 1],
  "funcao_objetivo": 0.96677624217924732504442380054657937070807230480658,
  "confiabilidade_total": 0.96677624217924732504442380054657937070807230480658
  "peso": 117.44999999999999,
  "custo": 86.72999999999999
}
 
Individuo 26:
{
  "solucao": [7 1 8 5 0]
                [1 3 1 1 1],
  "funcao_objetivo": 0.96633648912333111078951333204219306552469477297049,
  "confiabilidade_total": 0.96633648912333111078951333204219306552469477297049
  "peso": 118.03,
  "custo": 98.86
}
 
Individuo 27:
{
  "solucao": [5 8 7 8 5]
                [1 1 1 2 3],
  "funcao_objetivo": 0.96506668452319058429650432776055902395221047952458,
  "confiabilidade_total": 0.96506668452319058429650432776055902395221047952458
  "peso": 116.81,
  "custo": 96.13
}
 
Individuo 28:
{
  "solucao": [9 5 3 0 5]
                [1 2 1 1 1],
  "funcao_objetivo": 0.96465262804394812313223071769620841382049656607086,
  "confiabilidade_total": 0.96465262804394812313223071769620841382049656607086
  "peso": 105.02000000000001,
  "custo": 76.81
}
 
Individuo 29:
{
  "solucao": [0 2 1 1 6]
                [1 1 1 1 1],
  "funcao_objetivo": 0.96462453555282865921834023010074802498082786596255,
  "confiabilidade_total": 0.96462453555282865921834023010074802498082786596255
  "peso": 99.22,
  "custo": 67.47
}
 
Individuo 30:
{
  "solucao": [7 5 6 8 5]
                [1 1 3 1 1],
  "funcao_objetivo": 0.96448056295045112584812543170798561231411778649646,
  "confiabilidade_total": 0.96448056295045112584812543170798561231411778649646
  "peso": 118.25,
  "custo": 85.92
}
 
Individuo 31:
{
  "solucao": [5 7 1 9 7]
                [1 2 1 2 0],
  "funcao_objetivo": 0.96905690752506122982566349475394144668952656640889,
  "confiabilidade_total": 0.96905690752506122982566349475394144668952656640889
  "peso": 97.95,
  "custo": 90.32
}
 
Individuo 32:
{
  "solucao": [2 5 3 8 2]
                [1 1 2 1 1],
  "funcao_objetivo": 0.96349456497529501721606548791100615775826503305177,
  "confiabilidade_total": 0.96349456497529501721606548791100615775826503305177
  "peso": 119.07,
  "custo": 66.60000000000001
}
 
Individuo 33:
{
  "solucao": [6 4 5 3 7]
                [1 2 1 1 1],
  "funcao_objetivo": 0.96315355418630164434398909264228305485359683886955,
  "confiabilidade_total": 0.96315355418630164434398909264228305485359683886955
  "peso": 118.55000000000001,
  "custo": 77.58
}
 
Individuo 34:
{
  "solucao": [5 2 8 4 6]
                [1 2 1 1 1],
  "funcao_objetivo": 0.96276346495393746391440672463119982896977876883659,
  "confiabilidade_total": 0.96276346495393746391440672463119982896977876883659
  "peso": 118.53999999999999,
  "custo": 69.05
}
 
Individuo 35:
{
  "solucao": [6 9 1 6 0]
                [2 1 1 1 1],
  "funcao_objetivo": 0.96189204121728188090286240270590308386222481709985,
  "confiabilidade_total": 0.96189204121728188090286240270590308386222481709985
  "peso": 116.84,
  "custo": 85.76
}
 
Individuo 36:
{
  "solucao": [2 8 9 6 5]
                [2 1 1 1 1],
  "funcao_objetivo": 0.96128037917291496945896552542023359462721296317232,
  "confiabilidade_total": 0.96128037917291496945896552542023359462721296317232
  "peso": 113.2,
  "custo": 72.8
}
 
Individuo 37:
{
  "solucao": [3 5 5 5 9]
                [1 2 1 1 1],
  "funcao_objetivo": 0.96446911002202070232220993964089904549042292215658,
  "confiabilidade_total": 0.96446911002202070232220993964089904549042292215658
  "peso": 99.48,
  "custo": 71.01
}
 
Individuo 38:
{
  "solucao": [7 5 1 0 8]
                [1 1 1 1 2],
  "funcao_objetivo": 0.95881611400128881991307508431187867171885697173098,
  "confiabilidade_total": 0.95881611400128881991307508431187867171885697173098
  "peso": 96.41,
  "custo": 82.71
}
 
Individuo 39:
{
  "solucao": [7 3 5 7 7]
                [1 1 2 1 2],
  "funcao_objetivo": 0.96788324067291306712819305386794476197641369215879,
  "confiabilidade_total": 0.96788324067291306712819305386794476197641369215879
  "peso": 108.21,
  "custo": 91.96000000000001
}
 
Individuo 40:
{
  "solucao": [5 1 2 4 6]
                [1 1 1 1 2],
  "funcao_objetivo": 0.95604804064524017703907616810112331377953572442966,
  "confiabilidade_total": 0.95604804064524017703907616810112331377953572442966
  "peso": 119.35,
  "custo": 73.33
}
 
Individuo 41:
{
  "solucao": [1 7 5 8 7]
                [1 2 1 1 1],
  "funcao_objetivo": 0.96926185887244930977404633165666641287240047807848,
  "confiabilidade_total": 0.96926185887244930977404633165666641287240047807848
  "peso": 89.86000000000001,
  "custo": 82.93
}
 
Individuo 42:
{
  "solucao": [1 0 6 5 5]
                [1 1 1 1 1],
  "funcao_objetivo": 0.95497400723021527196275862822140415265046390705223,
  "confiabilidade_total": 0.95497400723021527196275862822140415265046390705223
  "peso": 87.85000000000001,
  "custo": 63.85
}
 
Individuo 43:
{
  "solucao": [9 1 1 8 0]
                [1 1 1 1 1],
  "funcao_objetivo": 0.94972915962641471169522845562823836343155844944340,
  "confiabilidade_total": 0.94972915962641471169522845562823836343155844944340
  "peso": 89.46000000000001,
  "custo": 76.75
}
 
Individuo 44:
{
  "solucao": [8 2 9 1 5]
                [1 1 1 1 3],
  "funcao_objetivo": 0.94944207019933801665654330947077043986798057795025,
  "confiabilidade_total": 0.94944207019933801665654330947077043986798057795025
  "peso": 118.00999999999999,
  "custo": 86.31
}
 
Individuo 45:
{
  "solucao": [2 8 5 1 6]
                [1 1 1 1 1],
  "funcao_objetivo": 0.94853740016094265269511258672194392827204539149730,
  "confiabilidade_total": 0.94853740016094265269511258672194392827204539149730
  "peso": 90.16000000000001,
  "custo": 60.269999999999996
}
 
Individuo 46:
{
  "solucao": [7 5 2 7 7]
                [1 1 1 1 2],
  "funcao_objetivo": 0.94668167107477562723523253389618807456810671710369,
  "confiabilidade_total": 0.94668167107477562723523253389618807456810671710369
  "peso": 94.06,
  "custo": 79.16
}
 
Individuo 47:
{
  "solucao": [9 8 8 9 6]
                [1 1 3 1 1],
  "funcao_objetivo": 0.94699076457364611328668965856936851707535231625746,
  "confiabilidade_total": 0.96049076457364605588815928544877537717359507596205
  "peso": 115.16,
  "custo": 101.35
}
 
Individuo 48:
{
  "solucao": [5 9 9 3 8]
                [2 2 1 1 1],
  "funcao_objetivo": 0.97573581329325061583224570593912469613491934548696,
  "confiabilidade_total": 0.98756914662658396256689613235195176949850660573324
  "peso": 121.42,
  "custo": 99.32000000000001
}
 
Individuo 49:
{
  "solucao": [8 2 9 6 9]
                [1 1 1 1 2],
  "funcao_objetivo": 0.94264603734275899002545066760424703323774027695868,
  "confiabilidade_total": 0.94264603734275899002545066760424703323774027695868
  "peso": 112.56,
  "custo": 88.57999999999998
}
 
Individuo 50:
{
  "solucao": [8 3 6 9 3]
                [1 1 1 1 1],
  "funcao_objetivo": 0.93543175608661800553553980117963791934723160289140,
  "confiabilidade_total": 0.93543175608661800553553980117963791934723160289140
  "peso": 97.31,
  "custo": 67.47
}
 
-----------------------------------------
GERACAO 2
Mutante 1:
[[7.1  1.3  1.85 0.   5.3 ]
 [1.   0.15 3.   1.   1.  ]]
 
Mutante 2:
[[2.85 7.55 3.   3.75 0.  ]
 [1.   1.   2.   1.   1.  ]]
 
Mutante 3:
[[3.85 6.3  9.25 7.65 3.75]
 [1.   1.   2.   1.   1.15]]
 
Mutante 4:
[[9.25 5.3  2.7  8.15 9.  ]
 [1.   2.   1.   2.   0.85]]
 
Mutante 5:
[[4.45 1.6  6.   0.35 5.  ]
 [1.   0.15 3.   0.15 1.85]]
 
Mutante 6:
[[9.55 1.85 6.3  4.15 0.85]
 [1.85 3.   0.15 1.85 1.  ]]
 
Mutante 7:
[[6.3  0.   1.9  6.3  4.85]
 [2.   1.   0.3  1.   1.85]]
 
Mutante 8:
[[8.   2.85 9.   5.15 9.  ]
 [1.   1.   1.   1.85 2.  ]]
 
Mutante 9:
[[5.45 2.85 9.85 0.   9.85]
 [1.   0.15 1.   1.   2.  ]]
 
Mutante 10:
[[2.85 9.   1.3  9.   3.7 ]
 [1.   1.85 2.   1.   0.15]]
 
Mutante 11:
[[5.85 7.7  2.3  1.7  8.15]
 [0.15 1.   2.7  1.15 1.  ]]
 
Mutante 12:
[[1.9  5.55 0.   8.7  1.05]
 [1.   1.   2.85 1.   1.15]]
 
Mutante 13:
[[5.25 0.   7.7  4.15 9.  ]
 [1.   1.   1.85 1.   1.  ]]
 
Mutante 14:
[[5.95 0.   0.   9.55 7.  ]
 [2.   1.   1.   1.   1.  ]]
 
Mutante 15:
[[3.9  5.   9.   4.45 8.85]
 [1.15 2.   1.85 0.15 1.85]]
 
Mutante 16:
[[0.   2.45 6.15 1.2  8.  ]
 [1.85 2.   1.   2.   1.  ]]
 
Mutante 17:
[[0.   0.45 0.   0.   8.7 ]
 [1.   0.15 1.15 1.85 1.  ]]
 
Mutante 18:
[[7.1  7.15 9.85 6.   5.85]
 [2.   1.   2.7  1.   1.  ]]
 
Mutante 19:
[[5.   5.25 5.15 3.3  6.85]
 [2.   1.   2.7  2.   1.  ]]
 
Mutante 20:
[[9.7  5.   3.85 2.05 6.3 ]
 [1.   2.85 1.   2.   0.15]]
 
Mutante 21:
[[5.45 0.   7.   2.9  0.6 ]
 [2.   1.   2.85 0.15 1.  ]]
 
Mutante 22:
[[6.3  2.15 6.85 9.   3.  ]
 [1.   1.85 1.   0.15 1.  ]]
 
Mutante 23:
[[2.7  2.75 5.   5.45 9.55]
 [1.   2.   0.15 1.85 1.  ]]
 
Mutante 24:
[[4.6  8.1  8.55 9.   3.85]
 [1.   1.85 1.   1.   0.15]]
 
Mutante 25:
[[0.3  0.   4.45 0.3  1.85]
 [1.   1.   1.15 1.   1.85]]
 
Mutante 26:
[[7.   3.3  0.   9.   2.75]
 [1.85 1.   1.   1.85 1.  ]]
 
Mutante 27:
[[5.   8.7  3.55 9.   9.  ]
 [1.   2.85 0.15 2.   1.  ]]
 
Mutante 28:
[[4.45 0.   1.6  9.   9.  ]
 [0.15 1.   3.   1.   1.  ]]
 
Mutante 29:
[[9.   9.   3.6  8.   7.55]
 [0.15 1.   1.   2.   3.  ]]
 
Mutante 30:
[[9.   1.85 1.85 9.   0.  ]
 [1.   1.   2.7  1.   1.  ]]
 
Mutante 31:
[[9.   3.3  7.15 7.85 3.75]
 [2.   1.15 1.   0.15 1.  ]]
 
Mutante 32:
[[0.2  4.   0.   1.   0.  ]
 [1.15 0.15 1.   2.7  1.  ]]
 
Mutante 33:
[[9.   7.55 4.7  6.8  7.55]
 [0.15 2.85 1.   1.85 1.  ]]
 
Mutante 34:
[[9.55 9.   7.1  0.   0.85]
 [2.   1.85 1.85 1.   0.15]]
 
Mutante 35:
[[8.85 9.   9.7  0.3  9.  ]
 [1.85 2.85 2.   1.   1.  ]]
 
Mutante 36:
[[2.45 6.15 0.   7.3  4.45]
 [1.   2.   1.   2.   1.  ]]
 
Mutante 37:
[[5.   6.85 5.7  0.   9.  ]
 [1.   1.85 1.   2.   1.  ]]
 
Mutante 38:
[[2.85 4.25 9.   4.55 3.55]
 [1.   1.85 2.   1.   1.  ]]
 
Mutante 39:
[[8.   9.   2.9  2.85 6.15]
 [1.   2.   2.   1.   0.15]]
 
Mutante 40:
[[4.85 0.85 3.85 1.6  9.25]
 [1.   1.   1.   2.   2.7 ]]
 
Mutante 41:
[[3.3  5.15 0.15 7.85 0.  ]
 [2.85 0.15 1.   2.   1.  ]]
 
Mutante 42:
[[3.7  0.   7.   0.   0.  ]
 [1.   1.   3.   0.15 1.  ]]
 
Mutante 43:
[[6.45 9.7  9.   8.15 7.7 ]
 [1.   1.   3.   0.15 1.  ]]
 
Mutante 44:
[[5.85 1.9  0.   9.   6.15]
 [1.85 2.   1.   2.85 1.  ]]
 
Mutante 45:
[[8.   7.15 8.55 2.   5.7 ]
 [1.   1.   3.   1.   0.15]]
 
Mutante 46:
[[3.6  0.   9.   9.25 0.85]
 [1.85 2.15 1.   1.85 1.  ]]
 
Mutante 47:
[[8.8  5.   6.4  9.   5.4 ]
 [0.15 1.   2.   1.   1.85]]
 
Mutante 48:
[[0.   9.   0.   3.55 4.3 ]
 [1.   1.85 1.   1.85 1.  ]]
 
Mutante 49:
[[2.75 1.45 4.15 9.   7.3 ]
 [1.85 1.   3.   0.15 1.  ]]
 
Mutante 50:
[[3.55 0.   2.3  4.45 6.3 ]
 [1.   0.15 1.   3.   1.  ]]
 
-----------------------------------------
Número de avaliações até o momento: 100
Evoluido 1:
[[7 1 1 0 5]
 [1 0 3 1 1]]
 
Evoluido 2:
[[2 7 3 3 3]
 [1 1 2 1 1]]
 
Evoluido 3:
[[3 6 9 7 8]
 [1 1 2 1 1]]
 
Evoluido 4:
[[8 5 8 2 7]
 [1 2 1 2 0]]
 
Evoluido 5:
[[0 2 6 0 5]
 [1 0 1 0 1]]
 
Evoluido 6:
[[9 1 7 4 1]
 [1 3 0 1 1]]
 
Evoluido 7:
[[6 3 1 0 4]
 [2 1 0 1 1]]
 
Evoluido 8:
[[8 0 7 5 9]
 [1 1 2 1 2]]
 
Evoluido 9:
[[5 2 9 0 8]
 [1 0 1 1 2]]
 
Evoluido 10:
[[2 9 5 9 8]
 [1 1 2 1 0]]
 
Evoluido 11:
[[8 7 2 5 0]
 [2 1 2 2 1]]
 
Evoluido 12:
[[1 5 4 7 1]
 [1 1 2 1 1]]
 
Evoluido 13:
[[5 9 7 4 5]
 [1 1 1 1 1]]
 
Evoluido 14:
[[5 0 0 9 7]
 [2 1 1 1 1]]
 
Evoluido 15:
[[3 5 9 4 8]
 [1 1 3 1 1]]
 
Evoluido 16:
[[0 2 6 8 8]
 [1 2 1 2 1]]
 
Evoluido 17:
[[0 0 7 0 8]
 [1 0 1 1 1]]
 
Evoluido 18:
[[4 7 9 6 5]
 [2 1 1 1 1]]
 
Evoluido 19:
[[5 5 1 3 5]
 [2 1 1 2 1]]
 
Evoluido 20:
[[5 5 3 2 8]
 [1 2 1 2 0]]
 
Evoluido 21:
[[0 0 7 7 0]
 [2 1 2 0 1]]
 
Evoluido 22:
[[6 2 5 7 3]
 [1 1 1 0 1]]
 
Evoluido 23:
[[8 2 5 5 9]
 [1 2 0 1 1]]
 
Evoluido 24:
[[4 8 6 9 3]
 [1 1 1 1 0]]
 
Evoluido 25:
[[0 0 4 0 1]
 [1 1 1 1 1]]
 
Evoluido 26:
[[7 3 0 5 0]
 [1 1 1 1 1]]
 
Evoluido 27:
[[5 8 3 9 9]
 [1 2 0 2 1]]
 
Evoluido 28:
[[4 0 1 9 5]
 [0 1 3 1 1]]
 
Evoluido 29:
[[9 9 3 8 7]
 [0 1 1 2 1]]
 
Evoluido 30:
[[9 1 6 8 0]
 [1 1 3 1 1]]
 
Evoluido 31:
[[5 7 1 7 3]
 [2 1 1 0 1]]
 
Evoluido 32:
[[0 5 0 1 0]
 [1 1 1 2 1]]
 
Evoluido 33:
[[9 7 5 6 7]
 [0 2 1 1 1]]
 
Evoluido 34:
[[9 9 7 0 0]
 [1 1 1 1 0]]
 
Evoluido 35:
[[6 9 9 6 9]
 [1 2 2 1 1]]
 
Evoluido 36:
[[2 6 0 7 4]
 [1 2 1 2 1]]
 
Evoluido 37:
[[5 6 5 5 9]
 [1 1 1 2 1]]
 
Evoluido 38:
[[2 5 1 4 3]
 [1 1 1 1 1]]
 
Evoluido 39:
[[7 9 2 2 7]
 [1 1 2 1 0]]
 
Evoluido 40:
[[4 0 3 1 9]
 [1 1 1 1 2]]
 
Evoluido 41:
[[3 5 0 7 0]
 [1 0 1 2 1]]
 
Evoluido 42:
[[1 0 7 5 5]
 [1 1 3 1 1]]
 
Evoluido 43:
[[6 9 9 8 7]
 [1 1 3 1 1]]
 
Evoluido 44:
[[8 1 9 9 6]
 [1 2 1 2 1]]
 
Evoluido 45:
[[2 7 8 1 5]
 [1 1 1 1 0]]
 
Evoluido 46:
[[7 0 9 9 0]
 [1 2 1 1 2]]
 
Evoluido 47:
[[8 8 6 9 5]
 [0 1 2 1 1]]
 
Evoluido 48:
[[0 9 0 3 8]
 [2 1 1 1 1]]
 
Evoluido 49:
[[2 1 4 9 7]
 [1 1 3 0 2]]
 
Evoluido 50:
[[3 3 6 4 6]
 [1 0 1 3 1]]
 
-----------------------------------------
Individuo 1:
{
  "solucao": [7 5 7 0 3]
                [2 1 1 2 1],
  "funcao_objetivo": 0.98851142115399362017452312307107276609829438104104,
  "confiabilidade_total": 0.98851142115399362017452312307107276609829438104104
  "peso": 119.87,
  "custo": 99.03
}
 
Individuo 2:
{
  "solucao": [5 6 1 7 3]
                [2 1 1 2 1],
  "funcao_objetivo": 0.98800758057471945759943220553270204940110372632789,
  "confiabilidade_total": 0.98800758057471945759943220553270204940110372632789
  "peso": 118.03,
  "custo": 89.4
}
 
Individuo 3:
{
  "solucao": [9 5 8 7 8]
                [2 2 1 1 1],
  "funcao_objetivo": 0.98715469879535842153012876199262275965705584572557,
  "confiabilidade_total": 0.98715469879535842153012876199262275965705584572557
  "peso": 109.59,
  "custo": 97.74
}
 
Individuo 4:
{
  "solucao": [8 9 8 2 7]
                [1 2 2 1 1],
  "funcao_objetivo": 0.98549759420883959594802733574192568223508435550575,
  "confiabilidade_total": 0.98549759420883959594802733574192568223508435550575
  "peso": 117.44000000000001,
  "custo": 99.96
}
 
Individuo 5:
{
  "solucao": [0 2 5 0 5]
                [2 1 1 1 1],
  "funcao_objetivo": 0.97939169416885719102641310451439255570790105307927,
  "confiabilidade_total": 0.97939169416885719102641310451439255570790105307927
  "peso": 113.0,
  "custo": 78.44
}
 
Individuo 6:
{
  "solucao": [2 0 7 2 1]
                [1 1 2 1 1],
  "funcao_objetivo": 0.97865807291684062189417045379890107152670063015230,
  "confiabilidade_total": 0.97865807291684062189417045379890107152670063015230
  "peso": 112.13,
  "custo": 79.52
}
 
Individuo 7:
{
  "solucao": [2 3 1 0 7]
                [1 1 2 1 1],
  "funcao_objetivo": 0.97854313506895451077649621870211774751033121769140,
  "confiabilidade_total": 0.97854313506895451077649621870211774751033121769140
  "peso": 115.5,
  "custo": 81.92
}
 
Individuo 8:
{
  "solucao": [8 0 7 8 4]
                [2 1 2 1 1],
  "funcao_objetivo": 0.97845511744503273585827603528251628680059127542821,
  "confiabilidade_total": 0.97845511744503273585827603528251628680059127542821
  "peso": 116.06,
  "custo": 99.88
}
 
Individuo 9:
{
  "solucao": [5 5 6 0 8]
                [3 1 1 1 1],
  "funcao_objetivo": 0.97593898462404917673822575569105669203776138783195,
  "confiabilidade_total": 0.97593898462404917673822575569105669203776138783195
  "peso": 113.78999999999999,
  "custo": 83.07
}
 
Individuo 10:
{
  "solucao": [3 8 5 0 8]
                [1 1 2 1 2],
  "funcao_objetivo": 0.97564572754574997085311823927069204544283600782491,
  "confiabilidade_total": 0.97564572754574997085311823927069204544283600782491
  "peso": 115.61999999999999,
  "custo": 88.76
}
 
Individuo 11:
{
  "solucao": [8 0 0 5 0]
                [2 1 1 2 0],
  "funcao_objetivo": 0.98142739452054703932352880985994639295900018197478,
  "confiabilidade_total": 0.98142739452054703932352880985994639295900018197478
  "peso": 99.16,
  "custo": 79.54
}
 
Individuo 12:
{
  "solucao": [1 5 4 7 8]
                [1 1 1 3 1],
  "funcao_objetivo": 0.97473633206262092795561602007284090476515377253785,
  "confiabilidade_total": 0.97473633206262092795561602007284090476515377253785
  "peso": 113.61,
  "custo": 96.97
}
 
Individuo 13:
{
  "solucao": [4 9 0 7 5]
                [1 1 1 2 1],
  "funcao_objetivo": 0.97384951415517409319485150085324333443699874990085,
  "confiabilidade_total": 0.97384951415517409319485150085324333443699874990085
  "peso": 105.46,
  "custo": 87.93
}
 
Individuo 14:
{
  "solucao": [5 0 0 9 7]
                [2 1 1 1 1],
  "funcao_objetivo": 0.97398973042582869185064860028945746693685736688257,
  "confiabilidade_total": 0.97398973042582869185064860028945746693685736688257
  "peso": 102.56,
  "custo": 85.47
}
 
Individuo 15:
{
  "solucao": [8 7 5 2 2]
                [1 1 3 1 1],
  "funcao_objetivo": 0.97273299731035290095620699612256308413537854655702,
  "confiabilidade_total": 0.97273299731035290095620699612256308413537854655702
  "peso": 118.38000000000001,
  "custo": 78.1
}
 
Individuo 16:
{
  "solucao": [8 5 3 8 8]
                [1 2 1 2 1],
  "funcao_objetivo": 0.97033984643712026317320353890262145499623346325764,
  "confiabilidade_total": 0.97033984643712026317320353890262145499623346325764
  "peso": 109.92999999999999,
  "custo": 86.0
}
 
Individuo 17:
{
  "solucao": [7 6 7 3 1]
                [1 1 3 1 1],
  "funcao_objetivo": 0.97013166652609817975920384740268917514581664626180,
  "confiabilidade_total": 0.97013166652609817975920384740268917514581664626180
  "peso": 116.87,
  "custo": 98.46
}
 
Individuo 18:
{
  "solucao": [4 0 3 5 5]
                [1 1 1 2 1],
  "funcao_objetivo": 0.96978730416799348699943757964022430787019516740051,
  "confiabilidade_total": 0.96978730416799348699943757964022430787019516740051
  "peso": 110.36,
  "custo": 73.06
}
 
Individuo 19:
{
  "solucao": [5 5 1 3 5]
                [2 1 1 2 1],
  "funcao_objetivo": 0.97769784041451989436115900250556079450642582576100,
  "confiabilidade_total": 0.98869784041451995617282589851115118259211894671742
  "peso": 121.32000000000001,
  "custo": 79.95
}
 
Individuo 20:
{
  "solucao": [5 5 7 8 8]
                [1 2 1 2 1],
  "funcao_objetivo": 0.96830185515753247904962236626003073823684667142377,
  "confiabilidade_total": 0.96830185515753247904962236626003073823684667142377
  "peso": 102.08,
  "custo": 85.82
}
 
Individuo 21:
{
  "solucao": [0 3 3 7 7]
                [2 1 1 1 1],
  "funcao_objetivo": 0.96819892909416197754052187528153301567069129752262,
  "confiabilidade_total": 0.96819892909416197754052187528153301567069129752262
  "peso": 113.14000000000001,
  "custo": 85.86000000000001
}
 
Individuo 22:
{
  "solucao": [7 4 5 7 9]
                [1 1 3 1 1],
  "funcao_objetivo": 0.96722792292993581378905830059250768707481987734946,
  "confiabilidade_total": 0.96722792292993581378905830059250768707481987734946
  "peso": 114.65,
  "custo": 92.44
}
 
Individuo 23:
{
  "solucao": [8 8 6 2 4]
                [1 1 2 1 1],
  "funcao_objetivo": 0.96696310315497920078777062820584140163301964023423,
  "confiabilidade_total": 0.96696310315497920078777062820584140163301964023423
  "peso": 115.68,
  "custo": 74.97
}
 
Individuo 24:
{
  "solucao": [5 1 6 5 6]
                [2 1 1 2 1],
  "funcao_objetivo": 0.98777331963008165765205772120521614052149128215363,
  "confiabilidade_total": 0.98777331963008165765205772120521614052149128215363
  "peso": 117.05999999999999,
  "custo": 80.73
}
 
Individuo 25:
{
  "solucao": [0 0 4 0 1]
                [1 1 1 1 1],
  "funcao_objetivo": 0.96813342455839200731469673334782001116572374271978,
  "confiabilidade_total": 0.96813342455839200731469673334782001116572374271978
  "peso": 102.66,
  "custo": 77.12
}
 
Individuo 26:
{
  "solucao": [7 1 8 5 0]
                [1 3 1 1 1],
  "funcao_objetivo": 0.96633648912333111078951333204219306552469477297049,
  "confiabilidade_total": 0.96633648912333111078951333204219306552469477297049
  "peso": 118.03,
  "custo": 98.86
}
 
Individuo 27:
{
  "solucao": [5 8 7 8 5]
                [1 1 1 2 3],
  "funcao_objetivo": 0.96506668452319058429650432776055902395221047952458,
  "confiabilidade_total": 0.96506668452319058429650432776055902395221047952458
  "peso": 116.81,
  "custo": 96.13
}
 
Individuo 28:
{
  "solucao": [9 5 3 0 5]
                [1 2 1 1 1],
  "funcao_objetivo": 0.96465262804394812313223071769620841382049656607086,
  "confiabilidade_total": 0.96465262804394812313223071769620841382049656607086
  "peso": 105.02000000000001,
  "custo": 76.81
}
 
Individuo 29:
{
  "solucao": [0 2 1 1 6]
                [1 1 1 1 1],
  "funcao_objetivo": 0.96462453555282865921834023010074802498082786596255,
  "confiabilidade_total": 0.96462453555282865921834023010074802498082786596255
  "peso": 99.22,
  "custo": 67.47
}
 
Individuo 30:
{
  "solucao": [7 5 6 8 5]
                [1 1 3 1 1],
  "funcao_objetivo": 0.96448056295045112584812543170798561231411778649646,
  "confiabilidade_total": 0.96448056295045112584812543170798561231411778649646
  "peso": 118.25,
  "custo": 85.92
}
 
Individuo 31:
{
  "solucao": [5 7 1 9 7]
                [1 2 1 2 0],
  "funcao_objetivo": 0.96905690752506122982566349475394144668952656640889,
  "confiabilidade_total": 0.96905690752506122982566349475394144668952656640889
  "peso": 97.95,
  "custo": 90.32
}
 
Individuo 32:
{
  "solucao": [0 5 0 1 0]
                [1 1 1 2 1],
  "funcao_objetivo": 0.98337653907257636615124848008174606495595251724093,
  "confiabilidade_total": 0.98337653907257636615124848008174606495595251724093
  "peso": 111.74,
  "custo": 88.14
}
 
Individuo 33:
{
  "solucao": [6 4 5 3 7]
                [1 2 1 1 1],
  "funcao_objetivo": 0.96315355418630164434398909264228305485359683886955,
  "confiabilidade_total": 0.96315355418630164434398909264228305485359683886955
  "peso": 118.55000000000001,
  "custo": 77.58
}
 
Individuo 34:
{
  "solucao": [5 2 8 4 6]
                [1 2 1 1 1],
  "funcao_objetivo": 0.96276346495393746391440672463119982896977876883659,
  "confiabilidade_total": 0.96276346495393746391440672463119982896977876883659
  "peso": 118.53999999999999,
  "custo": 69.05
}
 
Individuo 35:
{
  "solucao": [6 9 1 6 0]
                [2 1 1 1 1],
  "funcao_objetivo": 0.96189204121728188090286240270590308386222481709985,
  "confiabilidade_total": 0.96189204121728188090286240270590308386222481709985
  "peso": 116.84,
  "custo": 85.76
}
 
Individuo 36:
{
  "solucao": [2 8 9 6 5]
                [2 1 1 1 1],
  "funcao_objetivo": 0.96128037917291496945896552542023359462721296317232,
  "confiabilidade_total": 0.96128037917291496945896552542023359462721296317232
  "peso": 113.2,
  "custo": 72.8
}
 
Individuo 37:
{
  "solucao": [3 5 5 5 9]
                [1 2 1 1 1],
  "funcao_objetivo": 0.96446911002202070232220993964089904549042292215658,
  "confiabilidade_total": 0.96446911002202070232220993964089904549042292215658
  "peso": 99.48,
  "custo": 71.01
}
 
Individuo 38:
{
  "solucao": [7 5 1 0 8]
                [1 1 1 1 2],
  "funcao_objetivo": 0.95881611400128881991307508431187867171885697173098,
  "confiabilidade_total": 0.95881611400128881991307508431187867171885697173098
  "peso": 96.41,
  "custo": 82.71
}
 
Individuo 39:
{
  "solucao": [7 3 5 7 7]
                [1 1 2 1 2],
  "funcao_objetivo": 0.96788324067291306712819305386794476197641369215879,
  "confiabilidade_total": 0.96788324067291306712819305386794476197641369215879
  "peso": 108.21,
  "custo": 91.96000000000001
}
 
Individuo 40:
{
  "solucao": [5 1 2 4 6]
                [1 1 1 1 2],
  "funcao_objetivo": 0.95604804064524017703907616810112331377953572442966,
  "confiabilidade_total": 0.95604804064524017703907616810112331377953572442966
  "peso": 119.35,
  "custo": 73.33
}
 
Individuo 41:
{
  "solucao": [1 7 5 8 7]
                [1 2 1 1 1],
  "funcao_objetivo": 0.96926185887244930977404633165666641287240047807848,
  "confiabilidade_total": 0.96926185887244930977404633165666641287240047807848
  "peso": 89.86000000000001,
  "custo": 82.93
}
 
Individuo 42:
{
  "solucao": [1 0 7 5 5]
                [1 1 3 1 1],
  "funcao_objetivo": 0.97740349931936009386292172991832184890191874337311,
  "confiabilidade_total": 0.97740349931936009386292172991832184890191874337311
  "peso": 110.28000000000002,
  "custo": 96.0
}
 
Individuo 43:
{
  "solucao": [9 1 1 8 0]
                [1 1 1 1 1],
  "funcao_objetivo": 0.94972915962641471169522845562823836343155844944340,
  "confiabilidade_total": 0.94972915962641471169522845562823836343155844944340
  "peso": 89.46000000000001,
  "custo": 76.75
}
 
Individuo 44:
{
  "solucao": [8 2 9 1 5]
                [1 1 1 1 3],
  "funcao_objetivo": 0.94944207019933801665654330947077043986798057795025,
  "confiabilidade_total": 0.94944207019933801665654330947077043986798057795025
  "peso": 118.00999999999999,
  "custo": 86.31
}
 
Individuo 45:
{
  "solucao": [2 8 5 1 6]
                [1 1 1 1 1],
  "funcao_objetivo": 0.94853740016094265269511258672194392827204539149730,
  "confiabilidade_total": 0.94853740016094265269511258672194392827204539149730
  "peso": 90.16000000000001,
  "custo": 60.269999999999996
}
 
Individuo 46:
{
  "solucao": [7 5 2 7 7]
                [1 1 1 1 2],
  "funcao_objetivo": 0.94668167107477562723523253389618807456810671710369,
  "confiabilidade_total": 0.94668167107477562723523253389618807456810671710369
  "peso": 94.06,
  "custo": 79.16
}
 
Individuo 47:
{
  "solucao": [9 8 8 9 6]
                [1 1 3 1 1],
  "funcao_objetivo": 0.94699076457364611328668965856936851707535231625746,
  "confiabilidade_total": 0.96049076457364605588815928544877537717359507596205
  "peso": 115.16,
  "custo": 101.35
}
 
Individuo 48:
{
  "solucao": [5 9 9 3 8]
                [2 2 1 1 1],
  "funcao_objetivo": 0.97573581329325061583224570593912469613491934548696,
  "confiabilidade_total": 0.98756914662658396256689613235195176949850660573324
  "peso": 121.42,
  "custo": 99.32000000000001
}
 
Individuo 49:
{
  "solucao": [8 2 9 6 9]
                [1 1 1 1 2],
  "funcao_objetivo": 0.94264603734275899002545066760424703323774027695868,
  "confiabilidade_total": 0.94264603734275899002545066760424703323774027695868
  "peso": 112.56,
  "custo": 88.57999999999998
}
 
Individuo 50:
{
  "solucao": [8 3 6 9 3]
                [1 1 1 1 1],
  "funcao_objetivo": 0.93543175608661800553553980117963791934723160289140,
  "confiabilidade_total": 0.93543175608661800553553980117963791934723160289140
  "peso": 97.31,
  "custo": 67.47
}
 
-----------------------------------------
GERACAO 3
Mutante 1:
[[4.3  0.   6.7  2.15 9.  ]
 [0.15 2.   1.   1.85 1.  ]]
 
Mutante 2:
[[9.   3.85 8.4  9.   6.15]
 [1.   2.7  2.   1.   2.  ]]
 
Mutante 3:
[[5.3  5.85 2.75 0.   1.3 ]
 [2.85 1.   1.   2.85 1.  ]]
 
Mutante 4:
[[1.3  9.   1.6  1.7  8.  ]
 [1.   1.85 1.15 1.85 0.3 ]]
 
Mutante 5:
[[7.15 9.7  2.6  0.3  7.4 ]
 [1.   1.   2.   1.   1.85]]
 
Mutante 6:
[[4.45 2.45 9.   4.6  3.3 ]
 [1.   1.   3.   0.15 1.  ]]
 
Mutante 7:
[[2.55 0.   6.95 0.   2.6 ]
 [1.   1.   2.7  0.15 1.  ]]
 
Mutante 8:
[[9.   7.55 7.7  7.65 9.7 ]
 [3.   1.   1.   1.   1.  ]]
 
Mutante 9:
[[0.   3.85 6.4  0.   7.85]
 [2.   0.15 1.85 0.15 2.7 ]]
 
Mutante 10:
[[0.75 8.55 7.8  9.   0.45]
 [2.85 1.   1.   2.   0.15]]
 
Mutante 11:
[[0.   6.45 0.   0.2  5.  ]
 [1.85 1.   1.   2.   1.  ]]
 
Mutante 12:
[[3.3  5.25 0.05 6.7  8.55]
 [2.85 1.   1.   2.85 1.  ]]
 
Mutante 13:
[[5.   2.6  0.   9.   3.85]
 [2.   1.   0.15 2.85 1.  ]]
 
Mutante 14:
[[6.15 5.55 2.45 8.7  3.6 ]
 [1.   1.   3.   1.   1.15]]
 
Mutante 15:
[[2.45 8.15 9.   0.   9.  ]
 [2.   2.85 1.   1.   1.  ]]
 
Mutante 16:
[[9.   4.85 8.4  9.   8.15]
 [1.   2.7  3.   1.   1.  ]]
 
Mutante 17:
[[4.45 6.95 9.   2.45 0.  ]
 [1.   3.   1.   1.   0.15]]
 
Mutante 18:
[[3.4  7.95 0.   4.4  7.7 ]
 [1.   1.85 1.   1.85 0.15]]
 
Mutante 19:
[[9.   0.   9.85 9.   6.45]
 [1.   1.   1.85 1.   1.15]]
 
Mutante 20:
[[6.15 0.   8.   9.25 5.95]
 [1.   3.   1.   1.   1.  ]]
 
Mutante 21:
[[0.2  2.6  0.2  2.15 0.  ]
 [1.   0.15 2.15 1.85 1.  ]]
 
Mutante 22:
[[9.85 1.   0.   9.   0.  ]
 [1.   0.15 1.   1.   1.  ]]
 
Mutante 23:
[[8.4  7.7  1.85 6.15 3.85]
 [2.   1.85 1.   2.   1.  ]]
 
Mutante 24:
[[5.   7.3  9.   1.3  2.05]
 [2.   3.   0.15 1.   0.15]]
 
Mutante 25:
[[8.55 9.85 5.25 0.05 0.  ]
 [2.   0.15 1.85 0.15 1.85]]
 
Mutante 26:
[[7.55 0.   8.55 5.85 3.45]
 [0.3  1.   1.   2.   2.7 ]]
 
Mutante 27:
[[5.   0.   9.   2.45 8.55]
 [1.15 1.85 1.   1.15 1.  ]]
 
Mutante 28:
[[6.7  7.3  9.85 2.15 9.  ]
 [2.   2.   1.85 0.15 1.  ]]
 
Mutante 29:
[[3.6  5.   0.   0.   8.85]
 [0.15 1.   0.15 1.85 2.  ]]
 
Mutante 30:
[[3.05 1.85 0.   2.9  0.  ]
 [1.   1.   1.   1.85 1.  ]]
 
Mutante 31:
[[1.9  7.55 2.85 2.75 9.  ]
 [0.15 1.   1.85 0.15 2.85]]
 
Mutante 32:
[[3.05 0.   0.   5.45 3.4 ]
 [1.85 1.   1.   1.   1.  ]]
 
Mutante 33:
[[0.   7.55 6.8  0.   4.25]
 [1.   1.85 1.   1.15 1.  ]]
 
Mutante 34:
[[7.85 3.45 8.7  3.85 0.  ]
 [1.85 1.   3.   1.   0.15]]
 
Mutante 35:
[[9.   5.25 8.   6.7  0.  ]
 [0.15 3.   2.7  1.   1.  ]]
 
Mutante 36:
[[9.   0.   8.   5.3  5.45]
 [1.15 1.15 1.   1.   2.7 ]]
 
Mutante 37:
[[9.   8.4  9.   1.9  7.15]
 [2.   2.   1.85 0.15 1.  ]]
 
Mutante 38:
[[3.3  0.   0.   3.05 2.75]
 [2.   0.15 1.   1.85 1.  ]]
 
Mutante 39:
[[0.   3.3  0.   6.15 4.6 ]
 [1.   1.   1.   3.   1.  ]]
 
Mutante 40:
[[9.   5.7  5.   7.   9.85]
 [1.   1.   2.15 1.   1.85]]
 
Mutante 41:
[[9.   2.7  8.85 9.   0.  ]
 [1.   3.   0.15 1.   1.85]]
 
Mutante 42:
[[9.   4.6  9.   9.   0.  ]
 [1.   1.85 3.   1.   1.  ]]
 
Mutante 43:
[[2.55 0.75 0.85 7.8  0.  ]
 [0.15 1.   1.85 2.   1.  ]]
 
Mutante 44:
[[5.3  6.   5.3  3.   3.55]
 [1.   0.15 3.   1.   1.85]]
 
Mutante 45:
[[8.   9.8  7.7  9.   6.4 ]
 [1.85 1.   0.15 1.   1.  ]]
 
Mutante 46:
[[3.85 9.25 7.55 0.75 7.3 ]
 [1.   2.85 0.15 1.   1.  ]]
 
Mutante 47:
[[3.3  6.7  1.9  7.15 9.  ]
 [1.   2.   0.15 2.   1.  ]]
 
Mutante 48:
[[6.55 6.45 0.   9.   0.  ]
 [1.   0.15 1.   2.   1.  ]]
 
Mutante 49:
[[0.   5.45 8.15 0.05 0.  ]
 [2.   1.   0.15 1.   0.15]]
 
Mutante 50:
[[5.   7.3  2.2  7.25 8.85]
 [2.85 1.15 1.   1.   1.  ]]
 
-----------------------------------------
Número de avaliações até o momento: 150
Evoluido 1:
[[4 5 6 2 9]
 [2 1 1 2 1]]
 
Evoluido 2:
[[5 3 1 7 3]
 [2 2 1 1 1]]
 
Evoluido 3:
[[5 5 2 0 1]
 [2 1 1 2 1]]
 
Evoluido 4:
[[1 9 1 2 8]
 [1 1 1 1 0]]
 
Evoluido 5:
[[7 2 2 0 7]
 [2 1 1 1 1]]
 
Evoluido 6:
[[4 2 9 2 3]
 [1 1 2 0 1]]
 
Evoluido 7:
[[2 0 6 0 7]
 [1 1 2 0 1]]
 
Evoluido 8:
[[8 7 7 7 9]
 [3 1 1 1 1]]
 
Evoluido 9:
[[5 3 6 0 8]
 [2 0 1 1 1]]
 
Evoluido 10:
[[0 8 5 9 0]
 [2 1 2 1 0]]
 
Evoluido 11:
[[0 6 0 0 5]
 [1 1 1 2 1]]
 
Evoluido 12:
[[3 5 4 7 8]
 [2 1 1 2 1]]
 
Evoluido 13:
[[5 2 0 9 3]
 [2 1 0 2 1]]
 
Evoluido 14:
[[5 5 2 8 3]
 [2 1 3 1 1]]
 
Evoluido 15:
[[8 8 9 0 2]
 [2 2 3 1 1]]
 
Evoluido 16:
[[9 5 8 8 8]
 [1 2 1 1 1]]
 
Evoluido 17:
[[4 6 9 3 0]
 [1 3 1 1 0]]
 
Evoluido 18:
[[3 7 0 4 7]
 [1 1 1 2 0]]
 
Evoluido 19:
[[5 5 9 3 6]
 [1 1 1 1 1]]
 
Evoluido 20:
[[6 0 8 9 5]
 [1 3 1 2 1]]
 
Evoluido 21:
[[0 2 0 2 0]
 [2 0 1 1 1]]
 
Evoluido 22:
[[9 1 0 9 9]
 [1 0 1 1 1]]
 
Evoluido 23:
[[8 7 1 6 4]
 [1 1 1 1 1]]
 
Evoluido 24:
[[5 1 9 1 2]
 [2 3 0 1 0]]
 
Evoluido 25:
[[8 9 5 0 0]
 [2 1 1 1 1]]
 
Evoluido 26:
[[7 0 8 5 0]
 [1 1 1 2 2]]
 
Evoluido 27:
[[5 0 9 2 8]
 [1 1 1 2 1]]
 
Evoluido 28:
[[6 5 9 2 5]
 [2 2 1 0 1]]
 
Evoluido 29:
[[3 5 0 0 8]
 [0 1 0 1 2]]
 
Evoluido 30:
[[3 1 0 8 0]
 [1 1 1 1 1]]
 
Evoluido 31:
[[5 7 1 2 7]
 [0 1 1 0 0]]
 
Evoluido 32:
[[3 5 0 5 0]
 [1 1 1 1 1]]
 
Evoluido 33:
[[0 4 6 0 4]
 [1 1 1 1 1]]
 
Evoluido 34:
[[7 3 8 4 0]
 [1 1 3 1 0]]
 
Evoluido 35:
[[6 5 8 6 0]
 [2 1 1 1 1]]
 
Evoluido 36:
[[2 0 8 5 5]
 [1 1 1 1 2]]
 
Evoluido 37:
[[9 8 9 1 7]
 [2 2 1 0 1]]
 
Evoluido 38:
[[3 0 0 0 2]
 [2 0 1 1 1]]
 
Evoluido 39:
[[7 3 0 6 4]
 [1 1 1 3 2]]
 
Evoluido 40:
[[9 5 5 7 6]
 [1 1 2 1 1]]
 
Evoluido 41:
[[9 2 8 9 7]
 [1 3 0 1 1]]
 
Evoluido 42:
[[1 4 9 9 0]
 [1 1 3 1 1]]
 
Evoluido 43:
[[2 1 0 8 0]
 [0 1 1 1 1]]
 
Evoluido 44:
[[8 6 9 3 3]
 [1 0 3 1 3]]
 
Evoluido 45:
[[8 9 7 9 6]
 [1 1 0 1 1]]
 
Evoluido 46:
[[3 9 7 0 7]
 [1 2 0 1 1]]
 
Evoluido 47:
[[3 6 1 7 6]
 [1 2 3 1 1]]
 
Evoluido 48:
[[5 6 0 9 0]
 [1 0 1 1 1]]
 
Evoluido 49:
[[0 5 8 0 0]
 [2 1 0 1 0]]
 
Evoluido 50:
[[5 7 6 7 8]
 [1 1 1 1 1]]
 
-----------------------------------------
Individuo 1:
{
  "solucao": [7 5 7 0 3]
                [2 1 1 2 1],
  "funcao_objetivo": 0.98851142115399362017452312307107276609829438104104,
  "confiabilidade_total": 0.98851142115399362017452312307107276609829438104104
  "peso": 119.87,
  "custo": 99.03
}
 
Individuo 2:
{
  "solucao": [5 6 1 7 3]
                [2 1 1 2 1],
  "funcao_objetivo": 0.98800758057471945759943220553270204940110372632789,
  "confiabilidade_total": 0.98800758057471945759943220553270204940110372632789
  "peso": 118.03,
  "custo": 89.4
}
 
Individuo 3:
{
  "solucao": [9 5 8 7 8]
                [2 2 1 1 1],
  "funcao_objetivo": 0.98715469879535842153012876199262275965705584572557,
  "confiabilidade_total": 0.98715469879535842153012876199262275965705584572557
  "peso": 109.59,
  "custo": 97.74
}
 
Individuo 4:
{
  "solucao": [8 9 8 2 7]
                [1 2 2 1 1],
  "funcao_objetivo": 0.98549759420883959594802733574192568223508435550575,
  "confiabilidade_total": 0.98549759420883959594802733574192568223508435550575
  "peso": 117.44000000000001,
  "custo": 99.96
}
 
Individuo 5:
{
  "solucao": [0 2 5 0 5]
                [2 1 1 1 1],
  "funcao_objetivo": 0.97939169416885719102641310451439255570790105307927,
  "confiabilidade_total": 0.97939169416885719102641310451439255570790105307927
  "peso": 113.0,
  "custo": 78.44
}
 
Individuo 6:
{
  "solucao": [2 0 7 2 1]
                [1 1 2 1 1],
  "funcao_objetivo": 0.97865807291684062189417045379890107152670063015230,
  "confiabilidade_total": 0.97865807291684062189417045379890107152670063015230
  "peso": 112.13,
  "custo": 79.52
}
 
Individuo 7:
{
  "solucao": [2 3 1 0 7]
                [1 1 2 1 1],
  "funcao_objetivo": 0.97854313506895451077649621870211774751033121769140,
  "confiabilidade_total": 0.97854313506895451077649621870211774751033121769140
  "peso": 115.5,
  "custo": 81.92
}
 
Individuo 8:
{
  "solucao": [8 0 7 8 4]
                [2 1 2 1 1],
  "funcao_objetivo": 0.97845511744503273585827603528251628680059127542821,
  "confiabilidade_total": 0.97845511744503273585827603528251628680059127542821
  "peso": 116.06,
  "custo": 99.88
}
 
Individuo 9:
{
  "solucao": [5 5 6 0 8]
                [3 1 1 1 1],
  "funcao_objetivo": 0.97593898462404917673822575569105669203776138783195,
  "confiabilidade_total": 0.97593898462404917673822575569105669203776138783195
  "peso": 113.78999999999999,
  "custo": 83.07
}
 
Individuo 10:
{
  "solucao": [3 8 5 0 8]
                [1 1 2 1 2],
  "funcao_objetivo": 0.97564572754574997085311823927069204544283600782491,
  "confiabilidade_total": 0.97564572754574997085311823927069204544283600782491
  "peso": 115.61999999999999,
  "custo": 88.76
}
 
Individuo 11:
{
  "solucao": [0 6 0 0 5]
                [1 1 1 2 1],
  "funcao_objetivo": 0.98309622214689958857578402929385145858123911814052,
  "confiabilidade_total": 0.98309622214689958857578402929385145858123911814052
  "peso": 115.83,
  "custo": 87.12
}
 
Individuo 12:
{
  "solucao": [1 5 4 7 8]
                [1 1 1 3 1],
  "funcao_objetivo": 0.97473633206262092795561602007284090476515377253785,
  "confiabilidade_total": 0.97473633206262092795561602007284090476515377253785
  "peso": 113.61,
  "custo": 96.97
}
 
Individuo 13:
{
  "solucao": [4 9 0 7 5]
                [1 1 1 2 1],
  "funcao_objetivo": 0.97384951415517409319485150085324333443699874990085,
  "confiabilidade_total": 0.97384951415517409319485150085324333443699874990085
  "peso": 105.46,
  "custo": 87.93
}
 
Individuo 14:
{
  "solucao": [5 0 0 9 7]
                [2 1 1 1 1],
  "funcao_objetivo": 0.97398973042582869185064860028945746693685736688257,
  "confiabilidade_total": 0.97398973042582869185064860028945746693685736688257
  "peso": 102.56,
  "custo": 85.47
}
 
Individuo 15:
{
  "solucao": [8 7 5 2 2]
                [1 1 3 1 1],
  "funcao_objetivo": 0.97273299731035290095620699612256308413537854655702,
  "confiabilidade_total": 0.97273299731035290095620699612256308413537854655702
  "peso": 118.38000000000001,
  "custo": 78.1
}
 
Individuo 16:
{
  "solucao": [8 5 3 8 8]
                [1 2 1 2 1],
  "funcao_objetivo": 0.97033984643712026317320353890262145499623346325764,
  "confiabilidade_total": 0.97033984643712026317320353890262145499623346325764
  "peso": 109.92999999999999,
  "custo": 86.0
}
 
Individuo 17:
{
  "solucao": [7 6 7 3 1]
                [1 1 3 1 1],
  "funcao_objetivo": 0.97013166652609817975920384740268917514581664626180,
  "confiabilidade_total": 0.97013166652609817975920384740268917514581664626180
  "peso": 116.87,
  "custo": 98.46
}
 
Individuo 18:
{
  "solucao": [4 0 3 5 5]
                [1 1 1 2 1],
  "funcao_objetivo": 0.96978730416799348699943757964022430787019516740051,
  "confiabilidade_total": 0.96978730416799348699943757964022430787019516740051
  "peso": 110.36,
  "custo": 73.06
}
 
Individuo 19:
{
  "solucao": [5 5 1 3 5]
                [2 1 1 2 1],
  "funcao_objetivo": 0.97769784041451989436115900250556079450642582576100,
  "confiabilidade_total": 0.98869784041451995617282589851115118259211894671742
  "peso": 121.32000000000001,
  "custo": 79.95
}
 
Individuo 20:
{
  "solucao": [5 5 7 8 8]
                [1 2 1 2 1],
  "funcao_objetivo": 0.96830185515753247904962236626003073823684667142377,
  "confiabilidade_total": 0.96830185515753247904962236626003073823684667142377
  "peso": 102.08,
  "custo": 85.82
}
 
Individuo 21:
{
  "solucao": [0 3 3 7 7]
                [2 1 1 1 1],
  "funcao_objetivo": 0.96819892909416197754052187528153301567069129752262,
  "confiabilidade_total": 0.96819892909416197754052187528153301567069129752262
  "peso": 113.14000000000001,
  "custo": 85.86000000000001
}
 
Individuo 22:
{
  "solucao": [7 4 5 7 9]
                [1 1 3 1 1],
  "funcao_objetivo": 0.96722792292993581378905830059250768707481987734946,
  "confiabilidade_total": 0.96722792292993581378905830059250768707481987734946
  "peso": 114.65,
  "custo": 92.44
}
 
Individuo 23:
{
  "solucao": [8 8 6 2 4]
                [1 1 2 1 1],
  "funcao_objetivo": 0.96696310315497920078777062820584140163301964023423,
  "confiabilidade_total": 0.96696310315497920078777062820584140163301964023423
  "peso": 115.68,
  "custo": 74.97
}
 
Individuo 24:
{
  "solucao": [5 1 6 5 6]
                [2 1 1 2 1],
  "funcao_objetivo": 0.98777331963008165765205772120521614052149128215363,
  "confiabilidade_total": 0.98777331963008165765205772120521614052149128215363
  "peso": 117.05999999999999,
  "custo": 80.73
}
 
Individuo 25:
{
  "solucao": [8 9 5 0 0]
                [2 1 1 1 1],
  "funcao_objetivo": 0.97090710280750265390267874802591552656579611118008,
  "confiabilidade_total": 0.97090710280750265390267874802591552656579611118008
  "peso": 102.83999999999999,
  "custo": 87.02
}
 
Individuo 26:
{
  "solucao": [7 1 8 5 0]
                [1 3 1 1 1],
  "funcao_objetivo": 0.96633648912333111078951333204219306552469477297049,
  "confiabilidade_total": 0.96633648912333111078951333204219306552469477297049
  "peso": 118.03,
  "custo": 98.86
}
 
Individuo 27:
{
  "solucao": [5 8 7 8 5]
                [1 1 1 2 3],
  "funcao_objetivo": 0.96506668452319058429650432776055902395221047952458,
  "confiabilidade_total": 0.96506668452319058429650432776055902395221047952458
  "peso": 116.81,
  "custo": 96.13
}
 
Individuo 28:
{
  "solucao": [9 5 3 0 5]
                [1 2 1 1 1],
  "funcao_objetivo": 0.96465262804394812313223071769620841382049656607086,
  "confiabilidade_total": 0.96465262804394812313223071769620841382049656607086
  "peso": 105.02000000000001,
  "custo": 76.81
}
 
Individuo 29:
{
  "solucao": [0 2 1 1 6]
                [1 1 1 1 1],
  "funcao_objetivo": 0.96462453555282865921834023010074802498082786596255,
  "confiabilidade_total": 0.96462453555282865921834023010074802498082786596255
  "peso": 99.22,
  "custo": 67.47
}
 
Individuo 30:
{
  "solucao": [7 5 6 8 5]
                [1 1 3 1 1],
  "funcao_objetivo": 0.96448056295045112584812543170798561231411778649646,
  "confiabilidade_total": 0.96448056295045112584812543170798561231411778649646
  "peso": 118.25,
  "custo": 85.92
}
 
Individuo 31:
{
  "solucao": [5 7 1 9 7]
                [1 2 1 2 0],
  "funcao_objetivo": 0.96905690752506122982566349475394144668952656640889,
  "confiabilidade_total": 0.96905690752506122982566349475394144668952656640889
  "peso": 97.95,
  "custo": 90.32
}
 
Individuo 32:
{
  "solucao": [0 5 0 1 0]
                [1 1 1 2 1],
  "funcao_objetivo": 0.98337653907257636615124848008174606495595251724093,
  "confiabilidade_total": 0.98337653907257636615124848008174606495595251724093
  "peso": 111.74,
  "custo": 88.14
}
 
Individuo 33:
{
  "solucao": [6 4 5 3 7]
                [1 2 1 1 1],
  "funcao_objetivo": 0.96315355418630164434398909264228305485359683886955,
  "confiabilidade_total": 0.96315355418630164434398909264228305485359683886955
  "peso": 118.55000000000001,
  "custo": 77.58
}
 
Individuo 34:
{
  "solucao": [5 2 8 4 6]
                [1 2 1 1 1],
  "funcao_objetivo": 0.96276346495393746391440672463119982896977876883659,
  "confiabilidade_total": 0.96276346495393746391440672463119982896977876883659
  "peso": 118.53999999999999,
  "custo": 69.05
}
 
Individuo 35:
{
  "solucao": [6 5 8 6 0]
                [2 1 1 1 1],
  "funcao_objetivo": 0.96296915841392775677810863073756472365817999658333,
  "confiabilidade_total": 0.96296915841392775677810863073756472365817999658333
  "peso": 109.63999999999999,
  "custo": 76.88
}
 
Individuo 36:
{
  "solucao": [2 8 9 6 5]
                [2 1 1 1 1],
  "funcao_objetivo": 0.96128037917291496945896552542023359462721296317232,
  "confiabilidade_total": 0.96128037917291496945896552542023359462721296317232
  "peso": 113.2,
  "custo": 72.8
}
 
Individuo 37:
{
  "solucao": [3 5 5 5 9]
                [1 2 1 1 1],
  "funcao_objetivo": 0.96446911002202070232220993964089904549042292215658,
  "confiabilidade_total": 0.96446911002202070232220993964089904549042292215658
  "peso": 99.48,
  "custo": 71.01
}
 
Individuo 38:
{
  "solucao": [7 5 1 0 8]
                [1 1 1 1 2],
  "funcao_objetivo": 0.95881611400128881991307508431187867171885697173098,
  "confiabilidade_total": 0.95881611400128881991307508431187867171885697173098
  "peso": 96.41,
  "custo": 82.71
}
 
Individuo 39:
{
  "solucao": [7 3 5 7 7]
                [1 1 2 1 2],
  "funcao_objetivo": 0.96788324067291306712819305386794476197641369215879,
  "confiabilidade_total": 0.96788324067291306712819305386794476197641369215879
  "peso": 108.21,
  "custo": 91.96000000000001
}
 
Individuo 40:
{
  "solucao": [9 5 5 7 6]
                [1 1 2 1 1],
  "funcao_objetivo": 0.96038276191377647893566082975124624058080569659940,
  "confiabilidade_total": 0.96038276191377647893566082975124624058080569659940
  "peso": 96.77,
  "custo": 75.93
}
 
Individuo 41:
{
  "solucao": [1 7 5 8 7]
                [1 2 1 1 1],
  "funcao_objetivo": 0.96926185887244930977404633165666641287240047807848,
  "confiabilidade_total": 0.96926185887244930977404633165666641287240047807848
  "peso": 89.86000000000001,
  "custo": 82.93
}
 
Individuo 42:
{
  "solucao": [1 0 7 5 5]
                [1 1 3 1 1],
  "funcao_objetivo": 0.97740349931936009386292172991832184890191874337311,
  "confiabilidade_total": 0.97740349931936009386292172991832184890191874337311
  "peso": 110.28000000000002,
  "custo": 96.0
}
 
Individuo 43:
{
  "solucao": [9 1 1 8 0]
                [1 1 1 1 1],
  "funcao_objetivo": 0.94972915962641471169522845562823836343155844944340,
  "confiabilidade_total": 0.94972915962641471169522845562823836343155844944340
  "peso": 89.46000000000001,
  "custo": 76.75
}
 
Individuo 44:
{
  "solucao": [8 2 9 1 5]
                [1 1 1 1 3],
  "funcao_objetivo": 0.94944207019933801665654330947077043986798057795025,
  "confiabilidade_total": 0.94944207019933801665654330947077043986798057795025
  "peso": 118.00999999999999,
  "custo": 86.31
}
 
Individuo 45:
{
  "solucao": [2 8 5 1 6]
                [1 1 1 1 1],
  "funcao_objetivo": 0.94853740016094265269511258672194392827204539149730,
  "confiabilidade_total": 0.94853740016094265269511258672194392827204539149730
  "peso": 90.16000000000001,
  "custo": 60.269999999999996
}
 
Individuo 46:
{
  "solucao": [7 5 2 7 7]
                [1 1 1 1 2],
  "funcao_objetivo": 0.94668167107477562723523253389618807456810671710369,
  "confiabilidade_total": 0.94668167107477562723523253389618807456810671710369
  "peso": 94.06,
  "custo": 79.16
}
 
Individuo 47:
{
  "solucao": [9 8 8 9 6]
                [1 1 3 1 1],
  "funcao_objetivo": 0.94699076457364611328668965856936851707535231625746,
  "confiabilidade_total": 0.96049076457364605588815928544877537717359507596205
  "peso": 115.16,
  "custo": 101.35
}
 
Individuo 48:
{
  "solucao": [5 9 9 3 8]
                [2 2 1 1 1],
  "funcao_objetivo": 0.97573581329325061583224570593912469613491934548696,
  "confiabilidade_total": 0.98756914662658396256689613235195176949850660573324
  "peso": 121.42,
  "custo": 99.32000000000001
}
 
Individuo 49:
{
  "solucao": [8 2 9 6 9]
                [1 1 1 1 2],
  "funcao_objetivo": 0.94264603734275899002545066760424703323774027695868,
  "confiabilidade_total": 0.94264603734275899002545066760424703323774027695868
  "peso": 112.56,
  "custo": 88.57999999999998
}
 
Individuo 50:
{
  "solucao": [8 3 6 9 3]
                [1 1 1 1 1],
  "funcao_objetivo": 0.93543175608661800553553980117963791934723160289140,
  "confiabilidade_total": 0.93543175608661800553553980117963791934723160289140
  "peso": 97.31,
  "custo": 67.47
}
 
-----------------------------------------
GERACAO 4
Mutante 1:
[[2.9  9.   1.3  2.05 9.7 ]
 [0.15 2.   0.15 2.   1.  ]]
 
Mutante 2:
[[9.   0.   1.6  7.   0.05]
 [1.   0.15 2.   1.   1.  ]]
 
Mutante 3:
[[6.7  6.1  5.15 9.   4.3 ]
 [2.   1.   0.15 2.85 1.  ]]
 
Mutante 4:
[[5.7  0.   4.7  9.   2.45]
 [1.   1.   0.15 2.85 1.85]]
 
Mutante 5:
[[7.85 1.   8.   8.4  1.7 ]
 [1.   2.15 2.7  1.   1.  ]]
 
Mutante 6:
[[6.15 9.25 3.7  7.   9.  ]
 [1.   1.85 1.   0.15 2.  ]]
 
Mutante 7:
[[0.   3.7  2.7  1.85 6.85]
 [1.   1.85 0.15 1.85 0.15]]
 
Mutante 8:
[[0.   8.85 3.9  6.   2.45]
 [0.3  1.   1.   1.85 1.  ]]
 
Mutante 9:
[[1.   7.55 0.   5.3  9.  ]
 [1.   1.   1.   3.   1.  ]]
 
Mutante 10:
[[2.   0.   9.   2.85 1.85]
 [0.15 1.85 2.   0.15 1.  ]]
 
Mutante 11:
[[0.   7.15 3.3  0.   9.7 ]
 [1.   1.85 2.   0.15 0.3 ]]
 
Mutante 12:
[[5.3  9.   9.4  4.6  5.85]
 [1.85 1.85 2.15 1.   0.15]]
 
Mutante 13:
[[3.45 4.   8.4  5.55 9.  ]
 [1.   2.85 1.   1.   1.  ]]
 
Mutante 14:
[[9.   4.15 9.   8.   6.3 ]
 [1.85 2.   1.   2.   1.  ]]
 
Mutante 15:
[[9.   0.   7.85 9.   4.85]
 [2.   1.   2.   1.85 1.  ]]
 
Mutante 16:
[[4.   8.15 0.   7.85 5.  ]
 [1.85 0.15 1.   2.85 1.  ]]
 
Mutante 17:
[[0.   0.   4.45 6.3  6.3 ]
 [1.85 1.15 0.15 2.   1.  ]]
 
Mutante 18:
[[7.3  2.7  1.85 2.05 0.85]
 [2.7  1.   0.15 1.   0.15]]
 
Mutante 19:
[[4.45 3.85 0.75 2.75 3.6 ]
 [1.   0.15 2.   1.85 2.  ]]
 
Mutante 20:
[[0.   9.55 2.45 7.15 9.55]
 [2.7  2.   1.   1.   1.  ]]
 
Mutante 21:
[[2.7  2.55 5.3  1.6  8.4 ]
 [0.15 1.   3.   1.   1.  ]]
 
Mutante 22:
[[9.   3.55 7.8  9.   5.1 ]
 [1.   1.   2.7  0.15 1.  ]]
 
Mutante 23:
[[0.   7.3  7.3  3.   8.85]
 [2.85 2.   0.15 1.   1.  ]]
 
Mutante 24:
[[9.   5.85 5.   7.   0.  ]
 [1.85 1.   1.15 1.   0.15]]
 
Mutante 25:
[[5.85 7.   2.7  9.   0.2 ]
 [0.15 2.   1.   2.   1.  ]]
 
Mutante 26:
[[5.   2.45 3.55 8.95 6.7 ]
 [2.85 1.   1.   1.15 1.  ]]
 
Mutante 27:
[[2.75 7.55 0.   9.   9.  ]
 [1.   1.85 1.   1.   0.3 ]]
 
Mutante 28:
[[9.55 2.45 0.   1.7  7.15]
 [1.85 1.   1.   1.85 2.  ]]
 
Mutante 29:
[[3.7  8.   3.3  0.   6.  ]
 [0.15 1.   1.85 1.   1.  ]]
 
Mutante 30:
[[9.   0.   6.4  0.85 9.25]
 [0.15 2.   1.   1.   2.7 ]]
 
Mutante 31:
[[6.45 2.45 0.   0.   8.4 ]
 [1.85 2.   1.   1.   1.  ]]
 
Mutante 32:
[[0.75 0.   1.7  9.   9.  ]
 [2.   1.   1.   0.15 1.  ]]
 
Mutante 33:
[[2.75 0.   3.75 0.   1.7 ]
 [1.   3.   0.15 1.   1.  ]]
 
Mutante 34:
[[8.15 6.7  0.   2.55 9.  ]
 [0.15 2.85 1.   1.85 0.15]]
 
Mutante 35:
[[3.   5.   1.6  4.15 9.  ]
 [1.   2.   1.   1.   1.85]]
 
Mutante 36:
[[2.7  6.7  0.6  9.   6.3 ]
 [1.   1.   1.   3.   0.15]]
 
Mutante 37:
[[0. 0. 1. 0. 9.]
 [1. 1. 2. 1. 1.]]
 
Mutante 38:
[[8.15 0.75 0.45 4.25 2.45]
 [1.   2.   1.   1.85 1.  ]]
 
Mutante 39:
[[0.75 2.75 0.   7.3  4.45]
 [0.15 1.15 1.   2.85 1.  ]]
 
Mutante 40:
[[0.   0.85 5.3  9.25 9.  ]
 [1.   1.85 1.3  1.   1.  ]]
 
Mutante 41:
[[2.45 1.75 3.55 8.7  6.4 ]
 [2.   1.85 1.   2.   1.  ]]
 
Mutante 42:
[[0.35 0.3  2.2  0.   8.15]
 [1.   1.   1.   1.85 2.  ]]
 
Mutante 43:
[[0.   8.7  4.15 4.6  9.  ]
 [1.   2.85 1.   1.   1.  ]]
 
Mutante 44:
[[4.6  0.   9.   4.6  2.3 ]
 [1.15 1.   3.   1.   1.  ]]
 
Mutante 45:
[[7.   1.   9.   5.85 0.  ]
 [1.   3.   2.7  1.   0.15]]
 
Mutante 46:
[[3.45 1.45 0.75 3.85 7.85]
 [1.85 2.   0.15 1.85 1.  ]]
 
Mutante 47:
[[2.2  6.7  0.45 0.85 4.15]
 [0.15 2.   1.   1.   1.  ]]
 
Mutante 48:
[[3.   1.6  5.85 9.25 6.45]
 [0.15 3.   1.   0.15 1.  ]]
 
Mutante 49:
[[9.   9.8  5.   9.55 7.  ]
 [1.   1.   0.3  1.85 3.  ]]
 
Mutante 50:
[[9.   5.85 0.75 9.   1.75]
 [0.15 1.   2.   1.85 1.  ]]
 
-----------------------------------------
Número de avaliações até o momento: 200
Evoluido 1:
[[7 9 1 2 9]
 [0 1 0 2 1]]
 
Evoluido 2:
[[5 0 1 7 0]
 [1 0 2 2 1]]
 
Evoluido 3:
[[9 6 8 9 8]
 [2 1 0 2 1]]
 
Evoluido 4:
[[5 0 4 9 7]
 [1 2 2 1 1]]
 
Evoluido 5:
[[0 2 8 8 1]
 [1 2 1 1 1]]
 
Evoluido 6:
[[2 9 3 7 9]
 [1 1 1 0 1]]
 
Evoluido 7:
[[0 3 1 1 6]
 [1 1 0 1 0]]
 
Evoluido 8:
[[0 8 3 8 2]
 [0 1 1 1 1]]
 
Evoluido 9:
[[1 5 6 5 9]
 [3 1 1 3 1]]
 
Evoluido 10:
[[2 0 9 2 8]
 [0 1 2 0 1]]
 
Evoluido 11:
[[0 7 0 0 9]
 [1 1 2 2 0]]
 
Evoluido 12:
[[5 9 9 4 8]
 [1 1 2 3 0]]
 
Evoluido 13:
[[3 4 8 5 9]
 [1 2 1 1 1]]
 
Evoluido 14:
[[5 4 9 8 6]
 [2 2 1 1 1]]
 
Evoluido 15:
[[9 0 7 2 4]
 [2 1 2 1 1]]
 
Evoluido 16:
[[8 8 0 8 8]
 [1 0 1 2 1]]
 
Evoluido 17:
[[0 0 4 6 6]
 [1 1 0 2 1]]
 
Evoluido 18:
[[4 0 1 5 0]
 [2 1 1 1 0]]
 
Evoluido 19:
[[5 3 0 2 5]
 [2 0 2 1 2]]
 
Evoluido 20:
[[0 9 2 7 8]
 [2 2 1 2 1]]
 
Evoluido 21:
[[2 3 5 7 8]
 [0 1 1 1 1]]
 
Evoluido 22:
[[9 3 5 9 5]
 [1 1 2 0 1]]
 
Evoluido 23:
[[8 7 6 3 8]
 [1 2 0 1 1]]
 
Evoluido 24:
[[9 5 6 7 0]
 [2 1 1 2 0]]
 
Evoluido 25:
[[5 7 5 9 0]
 [0 2 1 2 1]]
 
Evoluido 26:
[[5 2 3 8 6]
 [1 1 1 1 1]]
 
Evoluido 27:
[[2 8 0 9 5]
 [1 1 1 1 0]]
 
Evoluido 28:
[[9 2 0 1 5]
 [1 2 1 1 2]]
 
Evoluido 29:
[[3 8 1 0 6]
 [1 1 1 1 1]]
 
Evoluido 30:
[[9 0 6 0 5]
 [0 2 1 1 1]]
 
Evoluido 31:
[[6 2 0 0 8]
 [1 2 1 1 1]]
 
Evoluido 32:
[[0 0 1 9 9]
 [1 1 1 0 1]]
 
Evoluido 33:
[[2 0 3 3 1]
 [1 3 1 1 1]]
 
Evoluido 34:
[[8 2 0 2 9]
 [0 2 1 1 0]]
 
Evoluido 35:
[[3 5 1 6 9]
 [2 2 1 1 1]]
 
Evoluido 36:
[[2 8 9 9 6]
 [1 1 1 3 0]]
 
Evoluido 37:
[[0 0 1 5 9]
 [1 1 2 1 1]]
 
Evoluido 38:
[[8 0 0 4 8]
 [1 2 1 1 2]]
 
Evoluido 39:
[[7 3 5 7 7]
 [0 1 1 2 2]]
 
Evoluido 40:
[[0 5 5 7 6]
 [1 1 2 1 1]]
 
Evoluido 41:
[[2 1 5 8 7]
 [2 1 1 2 1]]
 
Evoluido 42:
[[0 0 2 0 8]
 [1 1 3 1 1]]
 
Evoluido 43:
[[0 8 4 4 0]
 [1 1 1 1 1]]
 
Evoluido 44:
[[4 0 9 4 5]
 [1 1 1 1 3]]
 
Evoluido 45:
[[2 1 5 1 0]
 [1 3 2 1 1]]
 
Evoluido 46:
[[7 1 2 7 7]
 [1 2 0 1 1]]
 
Evoluido 47:
[[2 8 0 9 6]
 [0 1 3 1 1]]
 
Evoluido 48:
[[3 1 5 9 6]
 [0 2 1 0 1]]
 
Evoluido 49:
[[9 9 9 9 7]
 [1 1 0 1 3]]
 
Evoluido 50:
[[9 5 0 9 1]
 [0 1 2 1 1]]
 
-----------------------------------------
Individuo 1:
{
  "solucao": [7 5 7 0 3]
                [2 1 1 2 1],
  "funcao_objetivo": 0.98851142115399362017452312307107276609829438104104,
  "confiabilidade_total": 0.98851142115399362017452312307107276609829438104104
  "peso": 119.87,
  "custo": 99.03
}
 
Individuo 2:
{
  "solucao": [5 6 1 7 3]
                [2 1 1 2 1],
  "funcao_objetivo": 0.98800758057471945759943220553270204940110372632789,
  "confiabilidade_total": 0.98800758057471945759943220553270204940110372632789
  "peso": 118.03,
  "custo": 89.4
}
 
Individuo 3:
{
  "solucao": [9 5 8 7 8]
                [2 2 1 1 1],
  "funcao_objetivo": 0.98715469879535842153012876199262275965705584572557,
  "confiabilidade_total": 0.98715469879535842153012876199262275965705584572557
  "peso": 109.59,
  "custo": 97.74
}
 
Individuo 4:
{
  "solucao": [8 9 8 2 7]
                [1 2 2 1 1],
  "funcao_objetivo": 0.98549759420883959594802733574192568223508435550575,
  "confiabilidade_total": 0.98549759420883959594802733574192568223508435550575
  "peso": 117.44000000000001,
  "custo": 99.96
}
 
Individuo 5:
{
  "solucao": [0 2 5 0 5]
                [2 1 1 1 1],
  "funcao_objetivo": 0.97939169416885719102641310451439255570790105307927,
  "confiabilidade_total": 0.97939169416885719102641310451439255570790105307927
  "peso": 113.0,
  "custo": 78.44
}
 
Individuo 6:
{
  "solucao": [2 0 7 2 1]
                [1 1 2 1 1],
  "funcao_objetivo": 0.97865807291684062189417045379890107152670063015230,
  "confiabilidade_total": 0.97865807291684062189417045379890107152670063015230
  "peso": 112.13,
  "custo": 79.52
}
 
Individuo 7:
{
  "solucao": [2 3 1 0 7]
                [1 1 2 1 1],
  "funcao_objetivo": 0.97854313506895451077649621870211774751033121769140,
  "confiabilidade_total": 0.97854313506895451077649621870211774751033121769140
  "peso": 115.5,
  "custo": 81.92
}
 
Individuo 8:
{
  "solucao": [8 0 7 8 4]
                [2 1 2 1 1],
  "funcao_objetivo": 0.97845511744503273585827603528251628680059127542821,
  "confiabilidade_total": 0.97845511744503273585827603528251628680059127542821
  "peso": 116.06,
  "custo": 99.88
}
 
Individuo 9:
{
  "solucao": [5 5 6 0 8]
                [3 1 1 1 1],
  "funcao_objetivo": 0.97593898462404917673822575569105669203776138783195,
  "confiabilidade_total": 0.97593898462404917673822575569105669203776138783195
  "peso": 113.78999999999999,
  "custo": 83.07
}
 
Individuo 10:
{
  "solucao": [3 8 5 0 8]
                [1 1 2 1 2],
  "funcao_objetivo": 0.97564572754574997085311823927069204544283600782491,
  "confiabilidade_total": 0.97564572754574997085311823927069204544283600782491
  "peso": 115.61999999999999,
  "custo": 88.76
}
 
Individuo 11:
{
  "solucao": [0 7 0 0 9]
                [1 1 2 2 0],
  "funcao_objetivo": 0.99376185433656898247890252551875059739220657690635,
  "confiabilidade_total": 0.99376185433656898247890252551875059739220657690635
  "peso": 115.5,
  "custo": 95.39
}
 
Individuo 12:
{
  "solucao": [1 5 4 7 8]
                [1 1 1 3 1],
  "funcao_objetivo": 0.97473633206262092795561602007284090476515377253785,
  "confiabilidade_total": 0.97473633206262092795561602007284090476515377253785
  "peso": 113.61,
  "custo": 96.97
}
 
Individuo 13:
{
  "solucao": [4 9 0 7 5]
                [1 1 1 2 1],
  "funcao_objetivo": 0.97384951415517409319485150085324333443699874990085,
  "confiabilidade_total": 0.97384951415517409319485150085324333443699874990085
  "peso": 105.46,
  "custo": 87.93
}
 
Individuo 14:
{
  "solucao": [5 0 0 9 7]
                [2 1 1 1 1],
  "funcao_objetivo": 0.97398973042582869185064860028945746693685736688257,
  "confiabilidade_total": 0.97398973042582869185064860028945746693685736688257
  "peso": 102.56,
  "custo": 85.47
}
 
Individuo 15:
{
  "solucao": [8 7 5 2 2]
                [1 1 3 1 1],
  "funcao_objetivo": 0.97273299731035290095620699612256308413537854655702,
  "confiabilidade_total": 0.97273299731035290095620699612256308413537854655702
  "peso": 118.38000000000001,
  "custo": 78.1
}
 
Individuo 16:
{
  "solucao": [8 5 3 8 8]
                [1 2 1 2 1],
  "funcao_objetivo": 0.97033984643712026317320353890262145499623346325764,
  "confiabilidade_total": 0.97033984643712026317320353890262145499623346325764
  "peso": 109.92999999999999,
  "custo": 86.0
}
 
Individuo 17:
{
  "solucao": [7 6 7 3 1]
                [1 1 3 1 1],
  "funcao_objetivo": 0.97013166652609817975920384740268917514581664626180,
  "confiabilidade_total": 0.97013166652609817975920384740268917514581664626180
  "peso": 116.87,
  "custo": 98.46
}
 
Individuo 18:
{
  "solucao": [4 0 3 5 5]
                [1 1 1 2 1],
  "funcao_objetivo": 0.96978730416799348699943757964022430787019516740051,
  "confiabilidade_total": 0.96978730416799348699943757964022430787019516740051
  "peso": 110.36,
  "custo": 73.06
}
 
Individuo 19:
{
  "solucao": [5 5 1 3 5]
                [2 1 1 2 1],
  "funcao_objetivo": 0.97769784041451989436115900250556079450642582576100,
  "confiabilidade_total": 0.98869784041451995617282589851115118259211894671742
  "peso": 121.32000000000001,
  "custo": 79.95
}
 
Individuo 20:
{
  "solucao": [5 5 7 8 8]
                [1 2 1 2 1],
  "funcao_objetivo": 0.96830185515753247904962236626003073823684667142377,
  "confiabilidade_total": 0.96830185515753247904962236626003073823684667142377
  "peso": 102.08,
  "custo": 85.82
}
 
Individuo 21:
{
  "solucao": [0 3 3 7 7]
                [2 1 1 1 1],
  "funcao_objetivo": 0.96819892909416197754052187528153301567069129752262,
  "confiabilidade_total": 0.96819892909416197754052187528153301567069129752262
  "peso": 113.14000000000001,
  "custo": 85.86000000000001
}
 
Individuo 22:
{
  "solucao": [7 4 5 7 9]
                [1 1 3 1 1],
  "funcao_objetivo": 0.96722792292993581378905830059250768707481987734946,
  "confiabilidade_total": 0.96722792292993581378905830059250768707481987734946
  "peso": 114.65,
  "custo": 92.44
}
 
Individuo 23:
{
  "solucao": [8 8 6 2 4]
                [1 1 2 1 1],
  "funcao_objetivo": 0.96696310315497920078777062820584140163301964023423,
  "confiabilidade_total": 0.96696310315497920078777062820584140163301964023423
  "peso": 115.68,
  "custo": 74.97
}
 
Individuo 24:
{
  "solucao": [5 1 6 5 6]
                [2 1 1 2 1],
  "funcao_objetivo": 0.98777331963008165765205772120521614052149128215363,
  "confiabilidade_total": 0.98777331963008165765205772120521614052149128215363
  "peso": 117.05999999999999,
  "custo": 80.73
}
 
Individuo 25:
{
  "solucao": [8 9 5 0 0]
                [2 1 1 1 1],
  "funcao_objetivo": 0.97090710280750265390267874802591552656579611118008,
  "confiabilidade_total": 0.97090710280750265390267874802591552656579611118008
  "peso": 102.83999999999999,
  "custo": 87.02
}
 
Individuo 26:
{
  "solucao": [7 1 8 5 0]
                [1 3 1 1 1],
  "funcao_objetivo": 0.96633648912333111078951333204219306552469477297049,
  "confiabilidade_total": 0.96633648912333111078951333204219306552469477297049
  "peso": 118.03,
  "custo": 98.86
}
 
Individuo 27:
{
  "solucao": [5 8 7 8 5]
                [1 1 1 2 3],
  "funcao_objetivo": 0.96506668452319058429650432776055902395221047952458,
  "confiabilidade_total": 0.96506668452319058429650432776055902395221047952458
  "peso": 116.81,
  "custo": 96.13
}
 
Individuo 28:
{
  "solucao": [9 5 3 0 5]
                [1 2 1 1 1],
  "funcao_objetivo": 0.96465262804394812313223071769620841382049656607086,
  "confiabilidade_total": 0.96465262804394812313223071769620841382049656607086
  "peso": 105.02000000000001,
  "custo": 76.81
}
 
Individuo 29:
{
  "solucao": [0 2 1 1 6]
                [1 1 1 1 1],
  "funcao_objetivo": 0.96462453555282865921834023010074802498082786596255,
  "confiabilidade_total": 0.96462453555282865921834023010074802498082786596255
  "peso": 99.22,
  "custo": 67.47
}
 
Individuo 30:
{
  "solucao": [7 5 6 8 5]
                [1 1 3 1 1],
  "funcao_objetivo": 0.96448056295045112584812543170798561231411778649646,
  "confiabilidade_total": 0.96448056295045112584812543170798561231411778649646
  "peso": 118.25,
  "custo": 85.92
}
 
Individuo 31:
{
  "solucao": [6 2 0 0 8]
                [1 2 1 1 1],
  "funcao_objetivo": 0.97121607782425549959297659367883300629049435116508,
  "confiabilidade_total": 0.97621607782425545199216441287524633562728658177116
  "peso": 120.6,
  "custo": 76.92
}
 
Individuo 32:
{
  "solucao": [0 5 0 1 0]
                [1 1 1 2 1],
  "funcao_objetivo": 0.98337653907257636615124848008174606495595251724093,
  "confiabilidade_total": 0.98337653907257636615124848008174606495595251724093
  "peso": 111.74,
  "custo": 88.14
}
 
Individuo 33:
{
  "solucao": [6 4 5 3 7]
                [1 2 1 1 1],
  "funcao_objetivo": 0.96315355418630164434398909264228305485359683886955,
  "confiabilidade_total": 0.96315355418630164434398909264228305485359683886955
  "peso": 118.55000000000001,
  "custo": 77.58
}
 
Individuo 34:
{
  "solucao": [5 2 8 4 6]
                [1 2 1 1 1],
  "funcao_objetivo": 0.96276346495393746391440672463119982896977876883659,
  "confiabilidade_total": 0.96276346495393746391440672463119982896977876883659
  "peso": 118.53999999999999,
  "custo": 69.05
}
 
Individuo 35:
{
  "solucao": [6 5 8 6 0]
                [2 1 1 1 1],
  "funcao_objetivo": 0.96296915841392775677810863073756472365817999658333,
  "confiabilidade_total": 0.96296915841392775677810863073756472365817999658333
  "peso": 109.63999999999999,
  "custo": 76.88
}
 
Individuo 36:
{
  "solucao": [2 8 9 6 5]
                [2 1 1 1 1],
  "funcao_objetivo": 0.96128037917291496945896552542023359462721296317232,
  "confiabilidade_total": 0.96128037917291496945896552542023359462721296317232
  "peso": 113.2,
  "custo": 72.8
}
 
Individuo 37:
{
  "solucao": [0 0 1 5 9]
                [1 1 2 1 1],
  "funcao_objetivo": 0.97633125386001659863413932755355370168933870588450,
  "confiabilidade_total": 0.97633125386001659863413932755355370168933870588450
  "peso": 109.88000000000001,
  "custo": 89.82
}
 
Individuo 38:
{
  "solucao": [7 5 1 0 8]
                [1 1 1 1 2],
  "funcao_objetivo": 0.95881611400128881991307508431187867171885697173098,
  "confiabilidade_total": 0.95881611400128881991307508431187867171885697173098
  "peso": 96.41,
  "custo": 82.71
}
 
Individuo 39:
{
  "solucao": [7 3 5 7 7]
                [1 1 2 1 2],
  "funcao_objetivo": 0.96788324067291306712819305386794476197641369215879,
  "confiabilidade_total": 0.96788324067291306712819305386794476197641369215879
  "peso": 108.21,
  "custo": 91.96000000000001
}
 
Individuo 40:
{
  "solucao": [0 5 5 7 6]
                [1 1 2 1 1],
  "funcao_objetivo": 0.96440158938992155503754954892176347451964970263595,
  "confiabilidade_total": 0.96440158938992155503754954892176347451964970263595
  "peso": 98.63000000000001,
  "custo": 74.25000000000001
}
 
Individuo 41:
{
  "solucao": [2 1 5 8 7]
                [2 1 1 2 1],
  "funcao_objetivo": 0.97579646983105852297558116206648605760814075347185,
  "confiabilidade_total": 0.98912980316439192655365044928732800066166941996813
  "peso": 121.60000000000001,
  "custo": 85.58000000000001
}
 
Individuo 42:
{
  "solucao": [1 0 7 5 5]
                [1 1 3 1 1],
  "funcao_objetivo": 0.97740349931936009386292172991832184890191874337311,
  "confiabilidade_total": 0.97740349931936009386292172991832184890191874337311
  "peso": 110.28000000000002,
  "custo": 96.0
}
 
Individuo 43:
{
  "solucao": [0 8 4 4 0]
                [1 1 1 1 1],
  "funcao_objetivo": 0.95158317703179318662424678189189701653052476953209,
  "confiabilidade_total": 0.95158317703179318662424678189189701653052476953209
  "peso": 102.61999999999999,
  "custo": 73.65
}
 
Individuo 44:
{
  "solucao": [8 2 9 1 5]
                [1 1 1 1 3],
  "funcao_objetivo": 0.94944207019933801665654330947077043986798057795025,
  "confiabilidade_total": 0.94944207019933801665654330947077043986798057795025
  "peso": 118.00999999999999,
  "custo": 86.31
}
 
Individuo 45:
{
  "solucao": [2 8 5 1 6]
                [1 1 1 1 1],
  "funcao_objetivo": 0.94853740016094265269511258672194392827204539149730,
  "confiabilidade_total": 0.94853740016094265269511258672194392827204539149730
  "peso": 90.16000000000001,
  "custo": 60.269999999999996
}
 
Individuo 46:
{
  "solucao": [7 5 2 7 7]
                [1 1 1 1 2],
  "funcao_objetivo": 0.94668167107477562723523253389618807456810671710369,
  "confiabilidade_total": 0.94668167107477562723523253389618807456810671710369
  "peso": 94.06,
  "custo": 79.16
}
 
Individuo 47:
{
  "solucao": [9 8 8 9 6]
                [1 1 3 1 1],
  "funcao_objetivo": 0.94699076457364611328668965856936851707535231625746,
  "confiabilidade_total": 0.96049076457364605588815928544877537717359507596205
  "peso": 115.16,
  "custo": 101.35
}
 
Individuo 48:
{
  "solucao": [5 9 9 3 8]
                [2 2 1 1 1],
  "funcao_objetivo": 0.97573581329325061583224570593912469613491934548696,
  "confiabilidade_total": 0.98756914662658396256689613235195176949850660573324
  "peso": 121.42,
  "custo": 99.32000000000001
}
 
Individuo 49:
{
  "solucao": [8 2 9 6 9]
                [1 1 1 1 2],
  "funcao_objetivo": 0.94264603734275899002545066760424703323774027695868,
  "confiabilidade_total": 0.94264603734275899002545066760424703323774027695868
  "peso": 112.56,
  "custo": 88.57999999999998
}
 
Individuo 50:
{
  "solucao": [9 5 0 9 1]
                [0 1 2 1 1],
  "funcao_objetivo": 0.93671620924796099968058554400245906905185544668491,
  "confiabilidade_total": 0.93671620924796099968058554400245906905185544668491
  "peso": 91.78,
  "custo": 75.07
}
 
-----------------------------------------
GERACAO 5
Mutante 1:
[[8.   0.85 8.7  9.   4.85]
 [2.85 1.   2.   1.   1.  ]]
 
Mutante 2:
[[1.9  7.7  6.15 3.   1.85]
 [1.   1.   2.15 2.7  0.15]]
 
Mutante 3:
[[3.6  0.   2.45 9.   8.7 ]
 [1.85 0.15 2.   1.   2.  ]]
 
Mutante 4:
[[9.   9.85 9.25 0.   0.  ]
 [2.   2.7  1.   0.15 1.  ]]
 
Mutante 5:
[[0.75 7.15 4.45 6.3  5.85]
 [1.   0.15 1.   2.   3.  ]]
 
Mutante 6:
[[9.   2.45 9.   3.45 0.  ]
 [2.   1.85 0.15 1.   1.  ]]
 
Mutante 7:
[[2.55 7.   0.85 0.   8.15]
 [1.   0.15 2.   2.   1.7 ]]
 
Mutante 8:
[[5.95 3.3  0.   1.   0.85]
 [1.   1.   1.   2.   1.85]]
 
Mutante 9:
[[0.2  5.85 1.15 8.7  5.3 ]
 [1.   1.   1.   1.   2.  ]]
 
Mutante 10:
[[6.25 0.   5.   9.   5.3 ]
 [2.85 1.   0.15 1.15 1.85]]
 
Mutante 11:
[[0.   0.   0.   0.   7.15]
 [1.85 1.   1.   1.   2.  ]]
 
Mutante 12:
[[3.3  7.7  1.   9.   6.4 ]
 [2.   1.   1.   2.85 2.7 ]]
 
Mutante 13:
[[9.   6.45 9.   0.   5.3 ]
 [1.   2.85 2.   1.   1.  ]]
 
Mutante 14:
[[8.7  6.7  1.85 5.1  9.  ]
 [1.   1.   1.   1.   2.  ]]
 
Mutante 15:
[[4.   0.   3.85 7.55 9.  ]
 [1.   1.   1.85 2.   1.  ]]
 
Mutante 16:
[[4.15 8.   3.6  2.9  0.  ]
 [1.   1.   1.   1.15 3.  ]]
 
Mutante 17:
[[8.   2.45 0.   2.9  9.  ]
 [0.15 2.85 1.   2.   1.  ]]
 
Mutante 18:
[[5.4  6.8  9.   2.   0.15]
 [0.15 1.   3.   1.   1.  ]]
 
Mutante 19:
[[3.6  1.   9.   9.   2.55]
 [1.   3.   1.   1.85 1.  ]]
 
Mutante 20:
[[9.   3.15 5.   3.85 3.6 ]
 [1.   2.   2.7  1.   1.  ]]
 
Mutante 21:
[[9.   9.   0.   2.75 0.  ]
 [2.85 1.   1.   2.   1.  ]]
 
Mutante 22:
[[1.7  0.   1.85 1.   9.  ]
 [0.15 1.   1.   1.   1.85]]
 
Mutante 23:
[[2.75 4.   2.45 9.55 9.  ]
 [1.85 1.   3.   1.85 1.  ]]
 
Mutante 24:
[[6.7  5.15 0.   4.45 6.4 ]
 [2.   1.85 1.   2.   1.  ]]
 
Mutante 25:
[[9.   7.55 0.   9.   0.15]
 [1.   0.15 3.   1.   1.  ]]
 
Mutante 26:
[[5.3  7.7  1.9  2.15 5.25]
 [1.   1.   2.15 1.   1.  ]]
 
Mutante 27:
[[5.   9.4  1.   2.75 4.7 ]
 [2.85 1.   1.   1.15 1.  ]]
 
Mutante 28:
[[0.   2.55 7.85 2.   5.25]
 [1.   1.   2.   1.   1.  ]]
 
Mutante 29:
[[3.75 8.15 0.   0.   3.4 ]
 [2.   1.   1.85 1.   1.  ]]
 
Mutante 30:
[[0.75 8.55 7.8  9.   0.45]
 [2.85 1.   1.   2.   0.15]]
 
Mutante 31:
[[0.   9.8  3.   7.   7.85]
 [1.15 1.   0.15 1.85 2.7 ]]
 
Mutante 32:
[[6.15 3.3  7.7  7.15 4.15]
 [1.   0.15 3.   0.15 1.85]]
 
Mutante 33:
[[9.   9.   8.4  1.7  0.  ]
 [2.   1.   1.85 1.   1.  ]]
 
Mutante 34:
[[0.   2.15 3.   7.   5.3 ]
 [2.   1.   0.15 1.   1.85]]
 
Mutante 35:
[[3.6  3.55 9.   9.   0.  ]
 [1.   2.15 1.   1.85 2.7 ]]
 
Mutante 36:
[[0.   6.7  0.85 0.   0.  ]
 [0.15 1.   1.   2.   1.  ]]
 
Mutante 37:
[[3.   8.   0.75 0.   5.45]
 [0.15 1.   2.   1.   2.  ]]
 
Mutante 38:
[[2.45 8.4  1.9  7.15 8.  ]
 [1.   2.   1.   2.85 1.  ]]
 
Mutante 39:
[[1.85 1.6  0.   9.   2.9 ]
 [0.15 0.15 1.   3.   1.  ]]
 
Mutante 40:
[[9.   0.   7.   8.   9.  ]
 [0.15 2.   1.   2.   1.85]]
 
Mutante 41:
[[1.6  3.45 0.   0.   4.7 ]
 [3.   1.   1.   2.   1.  ]]
 
Mutante 42:
[[5.   0.   3.45 2.45 9.  ]
 [2.   1.   1.   2.   1.  ]]
 
Mutante 43:
[[3.4  3.85 0.45 7.   2.75]
 [2.85 1.   1.   0.15 1.  ]]
 
Mutante 44:
[[2.45 0.   6.   0.   9.4 ]
 [1.15 1.   1.85 1.15 1.  ]]
 
Mutante 45:
[[9.   5.85 1.3  0.   0.75]
 [1.85 2.   1.   0.15 1.  ]]
 
Mutante 46:
[[8.   8.   1.75 0.   1.45]
 [0.15 1.   2.   1.   1.  ]]
 
Mutante 47:
[[6.7  2.85 9.   9.1  2.6 ]
 [1.85 2.   0.15 0.15 1.85]]
 
Mutante 48:
[[7.55 3.4  1.7  9.   9.  ]
 [2.   1.   2.7  0.15 1.  ]]
 
Mutante 49:
[[0.   0.   0.15 9.   8.15]
 [1.85 1.   2.   1.   0.15]]
 
Mutante 50:
[[4.75 5.   0.   0.   5.  ]
 [1.   2.   1.   1.   0.15]]
 
-----------------------------------------
Número de avaliações até o momento: 250
Evoluido 1:
[[8 0 8 9 3]
 [2 1 2 1 1]]
 
Evoluido 2:
[[5 7 6 3 1]
 [1 1 2 2 1]]
 
Evoluido 3:
[[9 0 8 9 8]
 [2 0 1 1 2]]
 
Evoluido 4:
[[8 9 9 0 0]
 [1 2 2 0 1]]
 
Evoluido 5:
[[0 7 4 6 5]
 [1 0 1 1 1]]
 
Evoluido 6:
[[9 2 7 3 0]
 [2 1 0 1 1]]
 
Evoluido 7:
[[2 7 1 0 8]
 [1 0 2 2 1]]
 
Evoluido 8:
[[5 3 0 1 0]
 [1 1 1 2 1]]
 
Evoluido 9:
[[0 5 1 8 5]
 [1 1 1 1 2]]
 
Evoluido 10:
[[6 0 5 0 5]
 [2 1 0 1 1]]
 
Evoluido 11:
[[0 0 0 0 9]
 [1 1 1 1 2]]
 
Evoluido 12:
[[1 7 4 9 8]
 [2 1 1 2 2]]
 
Evoluido 13:
[[9 6 9 7 5]
 [1 2 2 1 1]]
 
Evoluido 14:
[[5 6 1 9 9]
 [2 1 1 1 2]]
 
Evoluido 15:
[[4 7 3 7 9]
 [1 1 1 2 1]]
 
Evoluido 16:
[[4 8 3 8 8]
 [1 1 1 2 3]]
 
Evoluido 17:
[[8 6 0 2 9]
 [1 1 3 1 1]]
 
Evoluido 18:
[[5 6 3 2 5]
 [1 1 3 1 1]]
 
Evoluido 19:
[[5 1 9 9 5]
 [1 3 1 1 1]]
 
Evoluido 20:
[[9 3 5 3 8]
 [1 2 2 1 1]]
 
Evoluido 21:
[[9 9 0 2 7]
 [2 1 1 2 1]]
 
Evoluido 22:
[[1 4 1 1 9]
 [1 1 3 1 1]]
 
Evoluido 23:
[[2 8 2 9 9]
 [1 1 3 1 1]]
 
Evoluido 24:
[[5 5 0 5 6]
 [2 1 1 2 1]]
 
Evoluido 25:
[[8 7 0 9 0]
 [1 1 3 1 1]]
 
Evoluido 26:
[[7 7 1 2 0]
 [1 1 1 1 1]]
 
Evoluido 27:
[[5 9 7 2 4]
 [2 1 1 2 3]]
 
Evoluido 28:
[[9 5 7 2 5]
 [1 1 2 1 1]]
 
Evoluido 29:
[[3 2 0 1 3]
 [1 1 1 1 1]]
 
Evoluido 30:
[[0 8 7 9 0]
 [1 1 1 2 1]]
 
Evoluido 31:
[[6 9 3 7 7]
 [1 2 0 1 2]]
 
Evoluido 32:
[[6 3 0 1 0]
 [1 1 3 2 1]]
 
Evoluido 33:
[[9 9 5 1 7]
 [2 2 1 1 1]]
 
Evoluido 34:
[[0 2 8 7 6]
 [2 2 0 1 1]]
 
Evoluido 35:
[[3 3 9 6 0]
 [2 2 1 1 2]]
 
Evoluido 36:
[[2 6 0 6 5]
 [2 1 1 2 1]]
 
Evoluido 37:
[[0 8 1 0 9]
 [0 1 2 1 2]]
 
Evoluido 38:
[[2 8 1 0 8]
 [1 2 1 2 2]]
 
Evoluido 39:
[[7 1 0 9 2]
 [0 0 2 3 2]]
 
Evoluido 40:
[[0 5 7 8 9]
 [0 2 1 2 1]]
 
Evoluido 41:
[[1 1 0 0 4]
 [3 1 1 2 1]]
 
Evoluido 42:
[[1 0 3 2 9]
 [2 1 1 2 1]]
 
Evoluido 43:
[[3 8 0 7 2]
 [2 1 1 0 1]]
 
Evoluido 44:
[[2 0 6 0 9]
 [1 1 1 1 3]]
 
Evoluido 45:
[[9 8 1 0 0]
 [1 1 1 0 1]]
 
Evoluido 46:
[[7 8 1 0 1]
 [0 1 2 1 1]]
 
Evoluido 47:
[[6 2 9 9 2]
 [1 2 3 0 1]]
 
Evoluido 48:
[[7 3 1 9 8]
 [2 1 2 1 1]]
 
Evoluido 49:
[[0 2 0 9 9]
 [1 1 2 1 2]]
 
Evoluido 50:
[[4 5 0 9 5]
 [0 2 1 1 0]]
 
-----------------------------------------
Individuo 1:
{
  "solucao": [7 5 7 0 3]
                [2 1 1 2 1],
  "funcao_objetivo": 0.98851142115399362017452312307107276609829438104104,
  "confiabilidade_total": 0.98851142115399362017452312307107276609829438104104
  "peso": 119.87,
  "custo": 99.03
}
 
Individuo 2:
{
  "solucao": [5 6 1 7 3]
                [2 1 1 2 1],
  "funcao_objetivo": 0.98800758057471945759943220553270204940110372632789,
  "confiabilidade_total": 0.98800758057471945759943220553270204940110372632789
  "peso": 118.03,
  "custo": 89.4
}
 
Individuo 3:
{
  "solucao": [9 5 8 7 8]
                [2 2 1 1 1],
  "funcao_objetivo": 0.98715469879535842153012876199262275965705584572557,
  "confiabilidade_total": 0.98715469879535842153012876199262275965705584572557
  "peso": 109.59,
  "custo": 97.74
}
 
Individuo 4:
{
  "solucao": [8 9 8 2 7]
                [1 2 2 1 1],
  "funcao_objetivo": 0.98549759420883959594802733574192568223508435550575,
  "confiabilidade_total": 0.98549759420883959594802733574192568223508435550575
  "peso": 117.44000000000001,
  "custo": 99.96
}
 
Individuo 5:
{
  "solucao": [0 2 5 0 5]
                [2 1 1 1 1],
  "funcao_objetivo": 0.97939169416885719102641310451439255570790105307927,
  "confiabilidade_total": 0.97939169416885719102641310451439255570790105307927
  "peso": 113.0,
  "custo": 78.44
}
 
Individuo 6:
{
  "solucao": [2 0 7 2 1]
                [1 1 2 1 1],
  "funcao_objetivo": 0.97865807291684062189417045379890107152670063015230,
  "confiabilidade_total": 0.97865807291684062189417045379890107152670063015230
  "peso": 112.13,
  "custo": 79.52
}
 
Individuo 7:
{
  "solucao": [2 7 1 0 8]
                [1 0 2 2 1],
  "funcao_objetivo": 0.98335456290052107646737015535095553531158059873164,
  "confiabilidade_total": 0.98335456290052107646737015535095553531158059873164
  "peso": 114.05,
  "custo": 84.56
}
 
Individuo 8:
{
  "solucao": [8 0 7 8 4]
                [2 1 2 1 1],
  "funcao_objetivo": 0.97845511744503273585827603528251628680059127542821,
  "confiabilidade_total": 0.97845511744503273585827603528251628680059127542821
  "peso": 116.06,
  "custo": 99.88
}
 
Individuo 9:
{
  "solucao": [5 5 6 0 8]
                [3 1 1 1 1],
  "funcao_objetivo": 0.97593898462404917673822575569105669203776138783195,
  "confiabilidade_total": 0.97593898462404917673822575569105669203776138783195
  "peso": 113.78999999999999,
  "custo": 83.07
}
 
Individuo 10:
{
  "solucao": [3 8 5 0 8]
                [1 1 2 1 2],
  "funcao_objetivo": 0.97564572754574997085311823927069204544283600782491,
  "confiabilidade_total": 0.97564572754574997085311823927069204544283600782491
  "peso": 115.61999999999999,
  "custo": 88.76
}
 
Individuo 11:
{
  "solucao": [0 7 0 0 9]
                [1 1 2 2 0],
  "funcao_objetivo": 0.99376185433656898247890252551875059739220657690635,
  "confiabilidade_total": 0.99376185433656898247890252551875059739220657690635
  "peso": 115.5,
  "custo": 95.39
}
 
Individuo 12:
{
  "solucao": [1 5 4 7 8]
                [1 1 1 3 1],
  "funcao_objetivo": 0.97473633206262092795561602007284090476515377253785,
  "confiabilidade_total": 0.97473633206262092795561602007284090476515377253785
  "peso": 113.61,
  "custo": 96.97
}
 
Individuo 13:
{
  "solucao": [4 9 0 7 5]
                [1 1 1 2 1],
  "funcao_objetivo": 0.97384951415517409319485150085324333443699874990085,
  "confiabilidade_total": 0.97384951415517409319485150085324333443699874990085
  "peso": 105.46,
  "custo": 87.93
}
 
Individuo 14:
{
  "solucao": [5 0 0 9 7]
                [2 1 1 1 1],
  "funcao_objetivo": 0.97398973042582869185064860028945746693685736688257,
  "confiabilidade_total": 0.97398973042582869185064860028945746693685736688257
  "peso": 102.56,
  "custo": 85.47
}
 
Individuo 15:
{
  "solucao": [8 7 5 2 2]
                [1 1 3 1 1],
  "funcao_objetivo": 0.97273299731035290095620699612256308413537854655702,
  "confiabilidade_total": 0.97273299731035290095620699612256308413537854655702
  "peso": 118.38000000000001,
  "custo": 78.1
}
 
Individuo 16:
{
  "solucao": [8 5 3 8 8]
                [1 2 1 2 1],
  "funcao_objetivo": 0.97033984643712026317320353890262145499623346325764,
  "confiabilidade_total": 0.97033984643712026317320353890262145499623346325764
  "peso": 109.92999999999999,
  "custo": 86.0
}
 
Individuo 17:
{
  "solucao": [7 6 7 3 1]
                [1 1 3 1 1],
  "funcao_objetivo": 0.97013166652609817975920384740268917514581664626180,
  "confiabilidade_total": 0.97013166652609817975920384740268917514581664626180
  "peso": 116.87,
  "custo": 98.46
}
 
Individuo 18:
{
  "solucao": [4 0 3 5 5]
                [1 1 1 2 1],
  "funcao_objetivo": 0.96978730416799348699943757964022430787019516740051,
  "confiabilidade_total": 0.96978730416799348699943757964022430787019516740051
  "peso": 110.36,
  "custo": 73.06
}
 
Individuo 19:
{
  "solucao": [5 5 1 3 5]
                [2 1 1 2 1],
  "funcao_objetivo": 0.97769784041451989436115900250556079450642582576100,
  "confiabilidade_total": 0.98869784041451995617282589851115118259211894671742
  "peso": 121.32000000000001,
  "custo": 79.95
}
 
Individuo 20:
{
  "solucao": [5 5 7 8 8]
                [1 2 1 2 1],
  "funcao_objetivo": 0.96830185515753247904962236626003073823684667142377,
  "confiabilidade_total": 0.96830185515753247904962236626003073823684667142377
  "peso": 102.08,
  "custo": 85.82
}
 
Individuo 21:
{
  "solucao": [0 3 3 7 7]
                [2 1 1 1 1],
  "funcao_objetivo": 0.96819892909416197754052187528153301567069129752262,
  "confiabilidade_total": 0.96819892909416197754052187528153301567069129752262
  "peso": 113.14000000000001,
  "custo": 85.86000000000001
}
 
Individuo 22:
{
  "solucao": [7 4 5 7 9]
                [1 1 3 1 1],
  "funcao_objetivo": 0.96722792292993581378905830059250768707481987734946,
  "confiabilidade_total": 0.96722792292993581378905830059250768707481987734946
  "peso": 114.65,
  "custo": 92.44
}
 
Individuo 23:
{
  "solucao": [8 8 6 2 4]
                [1 1 2 1 1],
  "funcao_objetivo": 0.96696310315497920078777062820584140163301964023423,
  "confiabilidade_total": 0.96696310315497920078777062820584140163301964023423
  "peso": 115.68,
  "custo": 74.97
}
 
Individuo 24:
{
  "solucao": [5 5 0 5 6]
                [2 1 1 2 1],
  "funcao_objetivo": 0.98882782993686669707166791563382329198627168794659,
  "confiabilidade_total": 0.98882782993686669707166791563382329198627168794659
  "peso": 113.93999999999998,
  "custo": 80.03
}
 
Individuo 25:
{
  "solucao": [8 9 5 0 0]
                [2 1 1 1 1],
  "funcao_objetivo": 0.97090710280750265390267874802591552656579611118008,
  "confiabilidade_total": 0.97090710280750265390267874802591552656579611118008
  "peso": 102.83999999999999,
  "custo": 87.02
}
 
Individuo 26:
{
  "solucao": [7 1 8 5 0]
                [1 3 1 1 1],
  "funcao_objetivo": 0.96633648912333111078951333204219306552469477297049,
  "confiabilidade_total": 0.96633648912333111078951333204219306552469477297049
  "peso": 118.03,
  "custo": 98.86
}
 
Individuo 27:
{
  "solucao": [5 8 7 8 5]
                [1 1 1 2 3],
  "funcao_objetivo": 0.96506668452319058429650432776055902395221047952458,
  "confiabilidade_total": 0.96506668452319058429650432776055902395221047952458
  "peso": 116.81,
  "custo": 96.13
}
 
Individuo 28:
{
  "solucao": [9 5 7 2 5]
                [1 1 2 1 1],
  "funcao_objetivo": 0.96712605979899257174545606565115000158639225180149,
  "confiabilidade_total": 0.96712605979899257174545606565115000158639225180149
  "peso": 98.9,
  "custo": 77.58
}
 
Individuo 29:
{
  "solucao": [0 2 1 1 6]
                [1 1 1 1 1],
  "funcao_objetivo": 0.96462453555282865921834023010074802498082786596255,
  "confiabilidade_total": 0.96462453555282865921834023010074802498082786596255
  "peso": 99.22,
  "custo": 67.47
}
 
Individuo 30:
{
  "solucao": [0 8 7 9 0]
                [1 1 1 2 1],
  "funcao_objetivo": 0.97183541792830524340292825267539764372128571622817,
  "confiabilidade_total": 0.97183541792830524340292825267539764372128571622817
  "peso": 106.08999999999999,
  "custo": 95.99
}
 
Individuo 31:
{
  "solucao": [6 2 0 0 8]
                [1 2 1 1 1],
  "funcao_objetivo": 0.97121607782425549959297659367883300629049435116508,
  "confiabilidade_total": 0.97621607782425545199216441287524633562728658177116
  "peso": 120.6,
  "custo": 76.92
}
 
Individuo 32:
{
  "solucao": [0 5 0 1 0]
                [1 1 1 2 1],
  "funcao_objetivo": 0.98337653907257636615124848008174606495595251724093,
  "confiabilidade_total": 0.98337653907257636615124848008174606495595251724093
  "peso": 111.74,
  "custo": 88.14
}
 
Individuo 33:
{
  "solucao": [6 4 5 3 7]
                [1 2 1 1 1],
  "funcao_objetivo": 0.96315355418630164434398909264228305485359683886955,
  "confiabilidade_total": 0.96315355418630164434398909264228305485359683886955
  "peso": 118.55000000000001,
  "custo": 77.58
}
 
Individuo 34:
{
  "solucao": [0 2 8 7 6]
                [2 2 0 1 1],
  "funcao_objetivo": 0.98084243140122331942929226245273636943696030116370,
  "confiabilidade_total": 0.98225909806789000029235761535493336107267961538127
  "peso": 120.17,
  "custo": 78.41000000000001
}
 
Individuo 35:
{
  "solucao": [6 5 8 6 0]
                [2 1 1 1 1],
  "funcao_objetivo": 0.96296915841392775677810863073756472365817999658333,
  "confiabilidade_total": 0.96296915841392775677810863073756472365817999658333
  "peso": 109.63999999999999,
  "custo": 76.88
}
 
Individuo 36:
{
  "solucao": [2 8 9 6 5]
                [2 1 1 1 1],
  "funcao_objetivo": 0.96128037917291496945896552542023359462721296317232,
  "confiabilidade_total": 0.96128037917291496945896552542023359462721296317232
  "peso": 113.2,
  "custo": 72.8
}
 
Individuo 37:
{
  "solucao": [0 0 1 5 9]
                [1 1 2 1 1],
  "funcao_objetivo": 0.97633125386001659863413932755355370168933870588450,
  "confiabilidade_total": 0.97633125386001659863413932755355370168933870588450
  "peso": 109.88000000000001,
  "custo": 89.82
}
 
Individuo 38:
{
  "solucao": [7 5 1 0 8]
                [1 1 1 1 2],
  "funcao_objetivo": 0.95881611400128881991307508431187867171885697173098,
  "confiabilidade_total": 0.95881611400128881991307508431187867171885697173098
  "peso": 96.41,
  "custo": 82.71
}
 
Individuo 39:
{
  "solucao": [7 3 5 7 7]
                [1 1 2 1 2],
  "funcao_objetivo": 0.96788324067291306712819305386794476197641369215879,
  "confiabilidade_total": 0.96788324067291306712819305386794476197641369215879
  "peso": 108.21,
  "custo": 91.96000000000001
}
 
Individuo 40:
{
  "solucao": [0 5 5 7 6]
                [1 1 2 1 1],
  "funcao_objetivo": 0.96440158938992155503754954892176347451964970263595,
  "confiabilidade_total": 0.96440158938992155503754954892176347451964970263595
  "peso": 98.63000000000001,
  "custo": 74.25000000000001
}
 
Individuo 41:
{
  "solucao": [2 1 5 8 7]
                [2 1 1 2 1],
  "funcao_objetivo": 0.97579646983105852297558116206648605760814075347185,
  "confiabilidade_total": 0.98912980316439192655365044928732800066166941996813
  "peso": 121.60000000000001,
  "custo": 85.58000000000001
}
 
Individuo 42:
{
  "solucao": [1 0 7 5 5]
                [1 1 3 1 1],
  "funcao_objetivo": 0.97740349931936009386292172991832184890191874337311,
  "confiabilidade_total": 0.97740349931936009386292172991832184890191874337311
  "peso": 110.28000000000002,
  "custo": 96.0
}
 
Individuo 43:
{
  "solucao": [0 8 4 4 0]
                [1 1 1 1 1],
  "funcao_objetivo": 0.95158317703179318662424678189189701653052476953209,
  "confiabilidade_total": 0.95158317703179318662424678189189701653052476953209
  "peso": 102.61999999999999,
  "custo": 73.65
}
 
Individuo 44:
{
  "solucao": [8 2 9 1 5]
                [1 1 1 1 3],
  "funcao_objetivo": 0.94944207019933801665654330947077043986798057795025,
  "confiabilidade_total": 0.94944207019933801665654330947077043986798057795025
  "peso": 118.00999999999999,
  "custo": 86.31
}
 
Individuo 45:
{
  "solucao": [2 8 5 1 6]
                [1 1 1 1 1],
  "funcao_objetivo": 0.94853740016094265269511258672194392827204539149730,
  "confiabilidade_total": 0.94853740016094265269511258672194392827204539149730
  "peso": 90.16000000000001,
  "custo": 60.269999999999996
}
 
Individuo 46:
{
  "solucao": [7 8 1 0 1]
                [0 1 2 1 1],
  "funcao_objetivo": 0.95317356551718050263012694367036880602046762030305,
  "confiabilidade_total": 0.95317356551718050263012694367036880602046762030305
  "peso": 89.15,
  "custo": 73.71000000000001
}
 
Individuo 47:
{
  "solucao": [9 8 8 9 6]
                [1 1 3 1 1],
  "funcao_objetivo": 0.94699076457364611328668965856936851707535231625746,
  "confiabilidade_total": 0.96049076457364605588815928544877537717359507596205
  "peso": 115.16,
  "custo": 101.35
}
 
Individuo 48:
{
  "solucao": [5 9 9 3 8]
                [2 2 1 1 1],
  "funcao_objetivo": 0.97573581329325061583224570593912469613491934548696,
  "confiabilidade_total": 0.98756914662658396256689613235195176949850660573324
  "peso": 121.42,
  "custo": 99.32000000000001
}
 
Individuo 49:
{
  "solucao": [8 2 9 6 9]
                [1 1 1 1 2],
  "funcao_objetivo": 0.94264603734275899002545066760424703323774027695868,
  "confiabilidade_total": 0.94264603734275899002545066760424703323774027695868
  "peso": 112.56,
  "custo": 88.57999999999998
}
 
Individuo 50:
{
  "solucao": [9 5 0 9 1]
                [0 1 2 1 1],
  "funcao_objetivo": 0.93671620924796099968058554400245906905185544668491,
  "confiabilidade_total": 0.93671620924796099968058554400245906905185544668491
  "peso": 91.78,
  "custo": 75.07
}
 
-----------------------------------------
GERACAO 6
Mutante 1:
[[4.4  2.45 6.55 9.   2.9 ]
 [1.85 1.   1.   3.   1.  ]]
 
Mutante 2:
[[1.7 5.  5.1 0.  0. ]
 [1.  1.  1.  2.  1. ]]
 
Mutante 3:
[[4.25 3.75 4.   9.   5.95]
 [1.85 1.   1.   0.15 1.  ]]
 
Mutante 4:
[[9.   0.   5.6  5.15 9.  ]
 [1.   1.   1.   1.   2.85]]
 
Mutante 5:
[[0.   8.   9.   6.45 0.  ]
 [1.   1.   1.85 1.15 1.  ]]
 
Mutante 6:
[[3.3  2.55 4.25 4.75 8.7 ]
 [1.15 1.   1.85 0.15 1.85]]
 
Mutante 7:
[[9.85 5.85 5.3  4.55 6.7 ]
 [1.85 1.   0.3  1.85 1.  ]]
 
Mutante 8:
[[4.3  3.15 4.15 0.45 9.  ]
 [2.7  2.   1.   1.   1.  ]]
 
Mutante 9:
[[9.   2.45 0.   7.3  2.7 ]
 [0.85 1.85 0.3  1.   1.  ]]
 
Mutante 10:
[[4.45 1.75 8.7  7.25 0.  ]
 [1.   1.   3.   1.85 0.15]]
 
Mutante 11:
[[6.7  0.   2.75 9.   7.15]
 [1.85 2.   0.15 2.   0.15]]
 
Mutante 12:
[[0.   7.55 0.   2.7  0.  ]
 [0.15 0.15 1.   2.85 1.  ]]
 
Mutante 13:
[[0.   5.85 0.   9.   4.3 ]
 [1.85 1.   1.15 1.85 1.  ]]
 
Mutante 14:
[[7.55 7.55 0.   0.   7.7 ]
 [2.   1.   1.   2.   1.85]]
 
Mutante 15:
[[7.55 0.   0.   6.45 0.2 ]
 [2.   0.15 1.   1.   1.  ]]
 
Mutante 16:
[[4.15 0.   0.85 9.   6.15]
 [2.85 1.   1.   1.   1.  ]]
 
Mutante 17:
[[1.75 1.15 3.4  0.   9.  ]
 [0.15 2.   1.85 0.15 1.  ]]
 
Mutante 18:
[[0.   0.   5.25 0.   6.  ]
 [1.85 1.   1.   0.15 1.  ]]
 
Mutante 19:
[[2.05 6.7  2.15 8.   8.85]
 [1.   2.   1.85 2.85 1.  ]]
 
Mutante 20:
[[2.7  5.85 9.1  7.   4.6 ]
 [0.15 1.   2.7  2.15 1.  ]]
 
Mutante 21:
[[6.3  2.   9.   0.   9.  ]
 [2.7  1.   0.15 1.85 2.  ]]
 
Mutante 22:
[[9.85 2.45 8.7  8.8  9.  ]
 [1.85 1.85 1.15 1.85 1.  ]]
 
Mutante 23:
[[7.7  3.7  0.   1.7  2.9 ]
 [0.15 2.   1.   1.   0.15]]
 
Mutante 24:
[[0.   9.   0.   9.95 0.  ]
 [1.   1.   1.   1.85 1.  ]]
 
Mutante 25:
[[7.15 4.55 8.15 6.   8.15]
 [1.   1.   1.   1.   2.  ]]
 
Mutante 26:
[[0.   0.   3.3  2.55 7.55]
 [2.   1.   1.   1.85 1.  ]]
 
Mutante 27:
[[2.45 2.55 0.   3.05 5.3 ]
 [2.   0.15 1.   0.15 1.  ]]
 
Mutante 28:
[[7.85 8.4  1.85 0.   3.75]
 [1.   1.   0.15 1.   2.  ]]
 
Mutante 29:
[[2.55 2.45 6.7  5.3  6.85]
 [1.   0.15 2.   0.15 1.85]]
 
Mutante 30:
[[2.9  5.   3.85 8.85 6.3 ]
 [1.   1.15 1.   2.   1.  ]]
 
Mutante 31:
[[0.85 4.15 9.25 5.3  6.85]
 [0.15 1.85 2.   0.15 1.  ]]
 
Mutante 32:
[[9.   1.45 4.15 0.   9.  ]
 [2.7  2.   1.   0.15 1.  ]]
 
Mutante 33:
[[9.1  0.   0.   6.7  7.55]
 [0.15 1.85 1.   2.85 1.  ]]
 
Mutante 34:
[[9.25 9.   9.   5.55 7.15]
 [2.   2.85 0.15 1.85 1.  ]]
 
Mutante 35:
[[7.15 5.85 0.   8.   6.3 ]
 [1.85 1.15 1.   2.85 1.  ]]
 
Mutante 36:
[[0.   0.   1.05 1.15 8.65]
 [0.15 1.   2.85 1.   1.  ]]
 
Mutante 37:
[[9.   9.   8.85 1.15 9.55]
 [0.15 1.15 2.85 1.   1.85]]
 
Mutante 38:
[[4.25 2.   9.   9.   9.  ]
 [2.   2.   1.   1.85 2.7 ]]
 
Mutante 39:
[[0.   4.6  2.45 2.7  9.  ]
 [1.   1.   1.   1.85 1.  ]]
 
Mutante 40:
[[9.   5.45 1.75 9.65 0.  ]
 [0.15 1.   2.   1.   0.15]]
 
Mutante 41:
[[9.   8.95 3.3  7.   7.85]
 [1.   1.   2.85 1.   2.  ]]
 
Mutante 42:
[[9.25 5.45 4.45 7.15 9.25]
 [1.85 1.   1.   2.85 3.  ]]
 
Mutante 43:
[[0.   5.   2.55 6.95 0.85]
 [1.   1.85 0.15 2.   1.  ]]
 
Mutante 44:
[[2.9  8.15 6.3  5.4  7.  ]
 [1.85 1.15 2.   1.   1.  ]]
 
Mutante 45:
[[9.   5.1  5.1  7.3  0.2 ]
 [2.   1.   1.85 1.   1.  ]]
 
Mutante 46:
[[9.   0.   6.8  9.85 4.45]
 [2.   1.85 0.15 0.15 2.7 ]]
 
Mutante 47:
[[1.9  0.   4.15 9.   9.  ]
 [1.85 1.   2.15 1.85 1.  ]]
 
Mutante 48:
[[2.   5.1  6.15 5.4  0.  ]
 [0.15 1.   2.   1.   1.  ]]
 
Mutante 49:
[[0.   2.15 7.25 9.   6.15]
 [2.85 0.15 1.   1.85 1.  ]]
 
Mutante 50:
[[0.   3.9  9.   8.95 9.  ]
 [3.   2.85 1.   1.   1.  ]]
 
-----------------------------------------
Número de avaliações até o momento: 300
Evoluido 1:
[[4 2 6 9 2]
 [1 1 1 3 1]]
 
Evoluido 2:
[[1 5 5 0 3]
 [2 1 1 2 1]]
 
Evoluido 3:
[[4 3 8 7 8]
 [1 1 1 0 1]]
 
Evoluido 4:
[[8 0 5 2 9]
 [1 1 1 1 1]]
 
Evoluido 5:
[[0 8 9 6 0]
 [1 1 1 1 1]]
 
Evoluido 6:
[[3 0 4 4 8]
 [1 1 1 0 1]]
 
Evoluido 7:
[[9 7 5 4 6]
 [1 1 2 1 1]]
 
Evoluido 8:
[[4 3 4 8 9]
 [2 2 1 1 1]]
 
Evoluido 9:
[[9 2 0 7 2]
 [0 1 0 1 1]]
 
Evoluido 10:
[[3 1 8 7 8]
 [1 1 2 1 0]]
 
Evoluido 11:
[[6 0 0 9 7]
 [1 2 0 2 0]]
 
Evoluido 12:
[[0 7 0 2 8]
 [1 1 1 2 1]]
 
Evoluido 13:
[[4 5 0 9 4]
 [1 1 1 2 1]]
 
Evoluido 14:
[[7 7 0 0 7]
 [2 1 1 2 1]]
 
Evoluido 15:
[[7 0 0 2 0]
 [1 0 1 1 1]]
 
Evoluido 16:
[[4 0 0 9 6]
 [2 2 1 2 1]]
 
Evoluido 17:
[[1 1 7 0 1]
 [0 1 3 1 1]]
 
Evoluido 18:
[[0 0 5 0 6]
 [1 1 1 2 1]]
 
Evoluido 19:
[[2 5 2 8 8]
 [1 2 1 2 1]]
 
Evoluido 20:
[[5 5 7 8 4]
 [1 1 2 2 1]]
 
Evoluido 21:
[[6 2 3 7 9]
 [2 1 0 1 2]]
 
Evoluido 22:
[[9 2 5 8 9]
 [1 1 1 1 1]]
 
Evoluido 23:
[[8 8 6 1 2]
 [0 2 1 1 0]]
 
Evoluido 24:
[[0 9 0 5 6]
 [2 1 1 1 1]]
 
Evoluido 25:
[[7 4 8 6 0]
 [1 1 1 1 1]]
 
Evoluido 26:
[[0 0 3 2 0]
 [2 1 1 1 1]]
 
Evoluido 27:
[[5 2 0 8 5]
 [1 0 1 0 1]]
 
Evoluido 28:
[[7 5 1 2 5]
 [1 1 2 1 1]]
 
Evoluido 29:
[[2 2 6 5 6]
 [1 0 1 0 1]]
 
Evoluido 30:
[[2 8 7 9 6]
 [1 1 1 2 1]]
 
Evoluido 31:
[[6 2 9 0 6]
 [0 1 1 0 1]]
 
Evoluido 32:
[[9 1 4 0 9]
 [2 1 1 2 1]]
 
Evoluido 33:
[[6 4 0 6 7]
 [1 2 1 2 1]]
 
Evoluido 34:
[[9 9 8 5 6]
 [2 2 0 1 1]]
 
Evoluido 35:
[[6 5 0 8 6]
 [1 1 1 2 1]]
 
Evoluido 36:
[[0 8 1 6 8]
 [2 1 2 1 1]]
 
Evoluido 37:
[[9 0 8 1 9]
 [0 1 2 1 1]]
 
Evoluido 38:
[[4 2 9 9 9]
 [1 2 1 1 2]]
 
Evoluido 39:
[[0 4 2 2 7]
 [1 1 1 1 2]]
 
Evoluido 40:
[[9 5 1 9 6]
 [0 1 2 1 1]]
 
Evoluido 41:
[[9 8 3 7 7]
 [1 1 1 1 2]]
 
Evoluido 42:
[[9 5 4 7 9]
 [1 1 1 2 3]]
 
Evoluido 43:
[[0 5 2 6 0]
 [1 1 0 1 1]]
 
Evoluido 44:
[[8 2 9 1 7]
 [1 1 2 1 1]]
 
Evoluido 45:
[[9 5 5 7 0]
 [2 1 1 1 1]]
 
Evoluido 46:
[[9 0 1 9 4]
 [2 1 2 0 2]]
 
Evoluido 47:
[[9 0 4 9 9]
 [1 1 3 1 1]]
 
Evoluido 48:
[[2 5 6 5 0]
 [2 1 2 1 1]]
 
Evoluido 49:
[[0 2 9 9 9]
 [2 1 1 1 1]]
 
Evoluido 50:
[[0 3 9 8 1]
 [3 2 2 1 1]]
 
-----------------------------------------
Individuo 1:
{
  "solucao": [7 5 7 0 3]
                [2 1 1 2 1],
  "funcao_objetivo": 0.98851142115399362017452312307107276609829438104104,
  "confiabilidade_total": 0.98851142115399362017452312307107276609829438104104
  "peso": 119.87,
  "custo": 99.03
}
 
Individuo 2:
{
  "solucao": [5 6 1 7 3]
                [2 1 1 2 1],
  "funcao_objetivo": 0.98800758057471945759943220553270204940110372632789,
  "confiabilidade_total": 0.98800758057471945759943220553270204940110372632789
  "peso": 118.03,
  "custo": 89.4
}
 
Individuo 3:
{
  "solucao": [9 5 8 7 8]
                [2 2 1 1 1],
  "funcao_objetivo": 0.98715469879535842153012876199262275965705584572557,
  "confiabilidade_total": 0.98715469879535842153012876199262275965705584572557
  "peso": 109.59,
  "custo": 97.74
}
 
Individuo 4:
{
  "solucao": [8 9 8 2 7]
                [1 2 2 1 1],
  "funcao_objetivo": 0.98549759420883959594802733574192568223508435550575,
  "confiabilidade_total": 0.98549759420883959594802733574192568223508435550575
  "peso": 117.44000000000001,
  "custo": 99.96
}
 
Individuo 5:
{
  "solucao": [0 2 5 0 5]
                [2 1 1 1 1],
  "funcao_objetivo": 0.97939169416885719102641310451439255570790105307927,
  "confiabilidade_total": 0.97939169416885719102641310451439255570790105307927
  "peso": 113.0,
  "custo": 78.44
}
 
Individuo 6:
{
  "solucao": [2 0 7 2 1]
                [1 1 2 1 1],
  "funcao_objetivo": 0.97865807291684062189417045379890107152670063015230,
  "confiabilidade_total": 0.97865807291684062189417045379890107152670063015230
  "peso": 112.13,
  "custo": 79.52
}
 
Individuo 7:
{
  "solucao": [2 7 1 0 8]
                [1 0 2 2 1],
  "funcao_objetivo": 0.98335456290052107646737015535095553531158059873164,
  "confiabilidade_total": 0.98335456290052107646737015535095553531158059873164
  "peso": 114.05,
  "custo": 84.56
}
 
Individuo 8:
{
  "solucao": [8 0 7 8 4]
                [2 1 2 1 1],
  "funcao_objetivo": 0.97845511744503273585827603528251628680059127542821,
  "confiabilidade_total": 0.97845511744503273585827603528251628680059127542821
  "peso": 116.06,
  "custo": 99.88
}
 
Individuo 9:
{
  "solucao": [5 5 6 0 8]
                [3 1 1 1 1],
  "funcao_objetivo": 0.97593898462404917673822575569105669203776138783195,
  "confiabilidade_total": 0.97593898462404917673822575569105669203776138783195
  "peso": 113.78999999999999,
  "custo": 83.07
}
 
Individuo 10:
{
  "solucao": [3 8 5 0 8]
                [1 1 2 1 2],
  "funcao_objetivo": 0.97564572754574997085311823927069204544283600782491,
  "confiabilidade_total": 0.97564572754574997085311823927069204544283600782491
  "peso": 115.61999999999999,
  "custo": 88.76
}
 
Individuo 11:
{
  "solucao": [0 7 0 0 9]
                [1 1 2 2 0],
  "funcao_objetivo": 0.99376185433656898247890252551875059739220657690635,
  "confiabilidade_total": 0.99376185433656898247890252551875059739220657690635
  "peso": 115.5,
  "custo": 95.39
}
 
Individuo 12:
{
  "solucao": [0 7 0 2 8]
                [1 1 1 2 1],
  "funcao_objetivo": 0.98167114085728192667003295639956794445092806731678,
  "confiabilidade_total": 0.98167114085728192667003295639956794445092806731678
  "peso": 114.73,
  "custo": 79.39
}
 
Individuo 13:
{
  "solucao": [4 9 0 7 5]
                [1 1 1 2 1],
  "funcao_objetivo": 0.97384951415517409319485150085324333443699874990085,
  "confiabilidade_total": 0.97384951415517409319485150085324333443699874990085
  "peso": 105.46,
  "custo": 87.93
}
 
Individuo 14:
{
  "solucao": [5 0 0 9 7]
                [2 1 1 1 1],
  "funcao_objetivo": 0.97398973042582869185064860028945746693685736688257,
  "confiabilidade_total": 0.97398973042582869185064860028945746693685736688257
  "peso": 102.56,
  "custo": 85.47
}
 
Individuo 15:
{
  "solucao": [8 7 5 2 2]
                [1 1 3 1 1],
  "funcao_objetivo": 0.97273299731035290095620699612256308413537854655702,
  "confiabilidade_total": 0.97273299731035290095620699612256308413537854655702
  "peso": 118.38000000000001,
  "custo": 78.1
}
 
Individuo 16:
{
  "solucao": [8 5 3 8 8]
                [1 2 1 2 1],
  "funcao_objetivo": 0.97033984643712026317320353890262145499623346325764,
  "confiabilidade_total": 0.97033984643712026317320353890262145499623346325764
  "peso": 109.92999999999999,
  "custo": 86.0
}
 
Individuo 17:
{
  "solucao": [7 6 7 3 1]
                [1 1 3 1 1],
  "funcao_objetivo": 0.97013166652609817975920384740268917514581664626180,
  "confiabilidade_total": 0.97013166652609817975920384740268917514581664626180
  "peso": 116.87,
  "custo": 98.46
}
 
Individuo 18:
{
  "solucao": [0 0 5 0 6]
                [1 1 1 2 1],
  "funcao_objetivo": 0.97716797876493203858189876471986927789638701952530,
  "confiabilidade_total": 0.97716797876493203858189876471986927789638701952530
  "peso": 115.83,
  "custo": 87.12
}
 
Individuo 19:
{
  "solucao": [2 5 2 8 8]
                [1 2 1 2 1],
  "funcao_objetivo": 0.97912926167798614869721030749425967416708147116874,
  "confiabilidade_total": 0.97912926167798614869721030749425967416708147116874
  "peso": 118.66,
  "custo": 79.64999999999999
}
 
Individuo 20:
{
  "solucao": [5 5 7 8 4]
                [1 1 2 2 1],
  "funcao_objetivo": 0.98826056789965987811945349243863956904339907550966,
  "confiabilidade_total": 0.98826056789965987811945349243863956904339907550966
  "peso": 110.67,
  "custo": 91.03999999999999
}
 
Individuo 21:
{
  "solucao": [0 3 3 7 7]
                [2 1 1 1 1],
  "funcao_objetivo": 0.96819892909416197754052187528153301567069129752262,
  "confiabilidade_total": 0.96819892909416197754052187528153301567069129752262
  "peso": 113.14000000000001,
  "custo": 85.86000000000001
}
 
Individuo 22:
{
  "solucao": [7 4 5 7 9]
                [1 1 3 1 1],
  "funcao_objetivo": 0.96722792292993581378905830059250768707481987734946,
  "confiabilidade_total": 0.96722792292993581378905830059250768707481987734946
  "peso": 114.65,
  "custo": 92.44
}
 
Individuo 23:
{
  "solucao": [8 8 6 2 4]
                [1 1 2 1 1],
  "funcao_objetivo": 0.96696310315497920078777062820584140163301964023423,
  "confiabilidade_total": 0.96696310315497920078777062820584140163301964023423
  "peso": 115.68,
  "custo": 74.97
}
 
Individuo 24:
{
  "solucao": [5 5 0 5 6]
                [2 1 1 2 1],
  "funcao_objetivo": 0.98882782993686669707166791563382329198627168794659,
  "confiabilidade_total": 0.98882782993686669707166791563382329198627168794659
  "peso": 113.93999999999998,
  "custo": 80.03
}
 
Individuo 25:
{
  "solucao": [8 9 5 0 0]
                [2 1 1 1 1],
  "funcao_objetivo": 0.97090710280750265390267874802591552656579611118008,
  "confiabilidade_total": 0.97090710280750265390267874802591552656579611118008
  "peso": 102.83999999999999,
  "custo": 87.02
}
 
Individuo 26:
{
  "solucao": [7 1 8 5 0]
                [1 3 1 1 1],
  "funcao_objetivo": 0.96633648912333111078951333204219306552469477297049,
  "confiabilidade_total": 0.96633648912333111078951333204219306552469477297049
  "peso": 118.03,
  "custo": 98.86
}
 
Individuo 27:
{
  "solucao": [5 8 7 8 5]
                [1 1 1 2 3],
  "funcao_objetivo": 0.96506668452319058429650432776055902395221047952458,
  "confiabilidade_total": 0.96506668452319058429650432776055902395221047952458
  "peso": 116.81,
  "custo": 96.13
}
 
Individuo 28:
{
  "solucao": [7 5 1 2 5]
                [1 1 2 1 1],
  "funcao_objetivo": 0.97033230236612829880293694383377407191858529721939,
  "confiabilidade_total": 0.97033230236612829880293694383377407191858529721939
  "peso": 102.54000000000002,
  "custo": 74.45
}
 
Individuo 29:
{
  "solucao": [0 2 1 1 6]
                [1 1 1 1 1],
  "funcao_objetivo": 0.96462453555282865921834023010074802498082786596255,
  "confiabilidade_total": 0.96462453555282865921834023010074802498082786596255
  "peso": 99.22,
  "custo": 67.47
}
 
Individuo 30:
{
  "solucao": [0 8 7 9 0]
                [1 1 1 2 1],
  "funcao_objetivo": 0.97183541792830524340292825267539764372128571622817,
  "confiabilidade_total": 0.97183541792830524340292825267539764372128571622817
  "peso": 106.08999999999999,
  "custo": 95.99
}
 
Individuo 31:
{
  "solucao": [6 2 0 0 8]
                [1 2 1 1 1],
  "funcao_objetivo": 0.97121607782425549959297659367883300629049435116508,
  "confiabilidade_total": 0.97621607782425545199216441287524633562728658177116
  "peso": 120.6,
  "custo": 76.92
}
 
Individuo 32:
{
  "solucao": [0 5 0 1 0]
                [1 1 1 2 1],
  "funcao_objetivo": 0.98337653907257636615124848008174606495595251724093,
  "confiabilidade_total": 0.98337653907257636615124848008174606495595251724093
  "peso": 111.74,
  "custo": 88.14
}
 
Individuo 33:
{
  "solucao": [6 4 5 3 7]
                [1 2 1 1 1],
  "funcao_objetivo": 0.96315355418630164434398909264228305485359683886955,
  "confiabilidade_total": 0.96315355418630164434398909264228305485359683886955
  "peso": 118.55000000000001,
  "custo": 77.58
}
 
Individuo 34:
{
  "solucao": [0 2 8 7 6]
                [2 2 0 1 1],
  "funcao_objetivo": 0.98084243140122331942929226245273636943696030116370,
  "confiabilidade_total": 0.98225909806789000029235761535493336107267961538127
  "peso": 120.17,
  "custo": 78.41000000000001
}
 
Individuo 35:
{
  "solucao": [6 5 0 8 6]
                [1 1 1 2 1],
  "funcao_objetivo": 0.97287585289830271095528647573597005030954079896271,
  "confiabilidade_total": 0.97287585289830271095528647573597005030954079896271
  "peso": 104.19999999999999,
  "custo": 77.86
}
 
Individuo 36:
{
  "solucao": [2 8 9 6 5]
                [2 1 1 1 1],
  "funcao_objetivo": 0.96128037917291496945896552542023359462721296317232,
  "confiabilidade_total": 0.96128037917291496945896552542023359462721296317232
  "peso": 113.2,
  "custo": 72.8
}
 
Individuo 37:
{
  "solucao": [0 0 1 5 9]
                [1 1 2 1 1],
  "funcao_objetivo": 0.97633125386001659863413932755355370168933870588450,
  "confiabilidade_total": 0.97633125386001659863413932755355370168933870588450
  "peso": 109.88000000000001,
  "custo": 89.82
}
 
Individuo 38:
{
  "solucao": [7 5 1 0 8]
                [1 1 1 1 2],
  "funcao_objetivo": 0.95881611400128881991307508431187867171885697173098,
  "confiabilidade_total": 0.95881611400128881991307508431187867171885697173098
  "peso": 96.41,
  "custo": 82.71
}
 
Individuo 39:
{
  "solucao": [7 3 5 7 7]
                [1 1 2 1 2],
  "funcao_objetivo": 0.96788324067291306712819305386794476197641369215879,
  "confiabilidade_total": 0.96788324067291306712819305386794476197641369215879
  "peso": 108.21,
  "custo": 91.96000000000001
}
 
Individuo 40:
{
  "solucao": [0 5 5 7 6]
                [1 1 2 1 1],
  "funcao_objetivo": 0.96440158938992155503754954892176347451964970263595,
  "confiabilidade_total": 0.96440158938992155503754954892176347451964970263595
  "peso": 98.63000000000001,
  "custo": 74.25000000000001
}
 
Individuo 41:
{
  "solucao": [2 1 5 8 7]
                [2 1 1 2 1],
  "funcao_objetivo": 0.97579646983105852297558116206648605760814075347185,
  "confiabilidade_total": 0.98912980316439192655365044928732800066166941996813
  "peso": 121.60000000000001,
  "custo": 85.58000000000001
}
 
Individuo 42:
{
  "solucao": [1 0 7 5 5]
                [1 1 3 1 1],
  "funcao_objetivo": 0.97740349931936009386292172991832184890191874337311,
  "confiabilidade_total": 0.97740349931936009386292172991832184890191874337311
  "peso": 110.28000000000002,
  "custo": 96.0
}
 
Individuo 43:
{
  "solucao": [0 8 4 4 0]
                [1 1 1 1 1],
  "funcao_objetivo": 0.95158317703179318662424678189189701653052476953209,
  "confiabilidade_total": 0.95158317703179318662424678189189701653052476953209
  "peso": 102.61999999999999,
  "custo": 73.65
}
 
Individuo 44:
{
  "solucao": [8 2 9 1 7]
                [1 1 2 1 1],
  "funcao_objetivo": 0.97243526022241113441732859654312532326996673613180,
  "confiabilidade_total": 0.97243526022241113441732859654312532326996673613180
  "peso": 106.38,
  "custo": 88.01
}
 
Individuo 45:
{
  "solucao": [9 5 5 7 0]
                [2 1 1 1 1],
  "funcao_objetivo": 0.96185328903143285994482833179470844630814519281288,
  "confiabilidade_total": 0.96185328903143285994482833179470844630814519281288
  "peso": 100.7,
  "custo": 87.15
}
 
Individuo 46:
{
  "solucao": [7 8 1 0 1]
                [0 1 2 1 1],
  "funcao_objetivo": 0.95317356551718050263012694367036880602046762030305,
  "confiabilidade_total": 0.95317356551718050263012694367036880602046762030305
  "peso": 89.15,
  "custo": 73.71000000000001
}
 
Individuo 47:
{
  "solucao": [9 8 8 9 6]
                [1 1 3 1 1],
  "funcao_objetivo": 0.94699076457364611328668965856936851707535231625746,
  "confiabilidade_total": 0.96049076457364605588815928544877537717359507596205
  "peso": 115.16,
  "custo": 101.35
}
 
Individuo 48:
{
  "solucao": [5 9 9 3 8]
                [2 2 1 1 1],
  "funcao_objetivo": 0.97573581329325061583224570593912469613491934548696,
  "confiabilidade_total": 0.98756914662658396256689613235195176949850660573324
  "peso": 121.42,
  "custo": 99.32000000000001
}
 
Individuo 49:
{
  "solucao": [0 2 9 9 9]
                [2 1 1 1 1],
  "funcao_objetivo": 0.96790653900731180964349707006076156490517725897522,
  "confiabilidade_total": 0.96790653900731180964349707006076156490517725897522
  "peso": 118.49999999999999,
  "custo": 95.07999999999998
}
 
Individuo 50:
{
  "solucao": [9 5 0 9 1]
                [0 1 2 1 1],
  "funcao_objetivo": 0.93671620924796099968058554400245906905185544668491,
  "confiabilidade_total": 0.93671620924796099968058554400245906905185544668491
  "peso": 91.78,
  "custo": 75.07
}
 
-----------------------------------------
GERACAO 7
Mutante 1:
[[8.85 6.25 3.05 1.85 4.45]
 [1.   1.   2.   1.   1.  ]]
 
Mutante 2:
[[5.   5.45 7.   8.   9.  ]
 [1.85 1.   0.15 2.   3.  ]]
 
Mutante 3:
[[3.3  3.45 0.15 9.   7.25]
 [3.   1.   0.15 2.85 1.  ]]
 
Mutante 4:
[[4.3  4.55 5.1  6.8  5.45]
 [1.   2.   1.   1.85 1.85]]
 
Mutante 5:
[[9.   3.45 1.05 3.   1.85]
 [0.15 1.   3.   0.15 1.  ]]
 
Mutante 6:
[[0.   0.   8.85 3.6  9.  ]
 [2.85 2.   1.   1.   1.  ]]
 
Mutante 7:
[[0. 0. 8. 7. 9.]
 [3. 2. 1. 1. 1.]]
 
Mutante 8:
[[5.1 8.4 3.3 8.7 9.4]
 [1.  1.  2.  1.  1. ]]
 
Mutante 9:
[[0.35 7.55 0.   5.45 1.2 ]
 [0.15 1.15 1.   2.   1.  ]]
 
Mutante 10:
[[2.3  9.85 3.4  7.85 6.7 ]
 [1.   1.   1.   1.15 1.  ]]
 
Mutante 11:
[[6.   9.   9.   2.15 5.3 ]
 [0.15 2.   1.   1.85 2.7 ]]
 
Mutante 12:
[[9.   5.85 9.   7.   0.  ]
 [2.   2.7  0.15 1.   1.  ]]
 
Mutante 13:
[[5.95 5.85 5.85 7.   0.  ]
 [0.15 1.   2.   0.15 1.85]]
 
Mutante 14:
[[5.85 3.45 7.8  6.15 4.7 ]
 [2.   1.   1.   2.   1.  ]]
 
Mutante 15:
[[5.7  9.   3.4  9.   0.75]
 [1.85 1.   0.15 2.   1.  ]]
 
Mutante 16:
[[0.75 7.55 9.   3.4  2.9 ]
 [2.15 1.   1.   1.   1.  ]]
 
Mutante 17:
[[9.65 5.   8.8  9.   9.  ]
 [1.85 2.85 1.   1.15 1.  ]]
 
Mutante 18:
[[3.4  5.   6.8  2.7  1.7 ]
 [1.   1.85 1.   1.15 1.  ]]
 
Mutante 19:
[[8.7  3.   5.85 7.   6.15]
 [1.   0.15 2.   1.   2.85]]
 
Mutante 20:
[[7.1  9.   7.3  4.3  4.15]
 [2.85 1.   0.15 1.   1.  ]]
 
Mutante 21:
[[0.   8.4  0.   9.   7.7 ]
 [0.15 1.   2.   1.   1.  ]]
 
Mutante 22:
[[2.   5.3  6.1  2.55 8.  ]
 [1.85 1.   2.85 2.   1.  ]]
 
Mutante 23:
[[0.   9.   4.25 0.   8.15]
 [2.7  1.   1.15 2.   1.  ]]
 
Mutante 24:
[[0.   9.7  0.   0.6  0.85]
 [1.   1.   1.   1.   1.  ]]
 
Mutante 25:
[[0.   4.55 9.   0.   9.25]
 [2.   1.85 1.   0.15 1.  ]]
 
Mutante 26:
[[8.   3.7  3.9  0.   7.  ]
 [0.15 1.   1.15 1.   1.  ]]
 
Mutante 27:
[[0.   5.   0.   5.   4.3 ]
 [1.15 0.15 1.85 2.   1.  ]]
 
Mutante 28:
[[7.15 0.   9.   1.2  9.1 ]
 [2.85 1.   2.   1.   1.  ]]
 
Mutante 29:
[[5.45 0.   0.   9.   9.  ]
 [1.85 2.   0.15 2.   1.  ]]
 
Mutante 30:
[[5.45 6.3  7.7  7.1  5.7 ]
 [1.   1.   1.15 1.85 1.  ]]
 
Mutante 31:
[[0.   3.4  0.   0.75 9.  ]
 [1.   1.   2.   1.   1.85]]
 
Mutante 32:
[[2.05 8.15 3.3  3.4  4.25]
 [2.   1.   0.15 1.   1.  ]]
 
Mutante 33:
[[4.3  7.55 5.1  9.   6.  ]
 [1.   1.   0.15 2.85 2.7 ]]
 
Mutante 34:
[[0.   2.05 4.   8.25 0.85]
 [1.   1.85 1.   0.15 1.  ]]
 
Mutante 35:
[[7.   2.7  9.   7.55 0.  ]
 [1.   3.   1.   1.   1.  ]]
 
Mutante 36:
[[0.   8.85 4.45 9.   0.85]
 [1.   1.   1.   2.85 1.  ]]
 
Mutante 37:
[[0.   8.   9.   9.   5.1 ]
 [1.   1.   1.85 1.15 1.  ]]
 
Mutante 38:
[[6.3  7.15 9.   1.15 4.  ]
 [1.85 1.   2.   0.15 1.  ]]
 
Mutante 39:
[[0.   0.   1.   0.15 6.  ]
 [1.   1.   0.15 1.   1.  ]]
 
Mutante 40:
[[4.15 6.   4.4  9.   0.45]
 [2.85 1.   0.15 2.   0.15]]
 
Mutante 41:
[[9.   0.   2.15 9.   7.15]
 [1.85 2.85 0.15 1.15 1.  ]]
 
Mutante 42:
[[0.   8.7  0.   0.   9.  ]
 [1.   1.   2.85 2.   1.  ]]
 
Mutante 43:
[[9.   7.55 6.8  9.   9.  ]
 [1.   1.   2.7  1.15 1.  ]]
 
Mutante 44:
[[0.   3.4  9.   0.   9.  ]
 [2.7  1.85 0.15 2.   1.  ]]
 
Mutante 45:
[[1.05 8.85 1.85 3.4  8.65]
 [0.85 1.   2.   1.   1.  ]]
 
Mutante 46:
[[3.7  7.15 8.15 9.   5.85]
 [0.3  1.   2.7  1.   1.  ]]
 
Mutante 47:
[[5.3  1.75 7.   5.55 6.95]
 [0.15 1.85 3.   1.   1.  ]]
 
Mutante 48:
[[4.55 9.   0.   0.35 7.15]
 [0.15 2.   1.85 2.   1.85]]
 
Mutante 49:
[[0.85 9.   9.55 4.75 0.  ]
 [1.   1.85 1.   2.   0.15]]
 
Mutante 50:
[[0.   0.35 9.   4.75 0.  ]
 [1.   1.   1.85 1.15 1.  ]]
 
-----------------------------------------
Número de avaliações até o momento: 350
Evoluido 1:
[[8 6 7 0 3]
 [1 1 2 1 1]]
 
Evoluido 2:
[[5 5 7 8 9]
 [1 1 1 2 3]]
 
Evoluido 3:
[[3 3 0 9 7]
 [3 1 1 2 1]]
 
Evoluido 4:
[[4 4 8 2 5]
 [1 2 1 1 1]]
 
Evoluido 5:
[[9 3 1 3 1]
 [0 1 3 1 1]]
 
Evoluido 6:
[[0 0 7 3 9]
 [1 2 1 1 1]]
 
Evoluido 7:
[[0 0 1 7 9]
 [1 2 2 1 1]]
 
Evoluido 8:
[[5 8 3 8 9]
 [1 1 2 1 1]]
 
Evoluido 9:
[[5 5 0 5 1]
 [0 1 1 1 1]]
 
Evoluido 10:
[[3 8 3 7 6]
 [1 1 1 1 1]]
 
Evoluido 11:
[[6 9 9 2 5]
 [1 2 1 1 2]]
 
Evoluido 12:
[[9 7 9 7 8]
 [2 1 0 1 1]]
 
Evoluido 13:
[[5 5 0 7 0]
 [0 1 2 0 1]]
 
Evoluido 14:
[[5 0 0 9 4]
 [2 1 1 1 1]]
 
Evoluido 15:
[[5 9 3 9 0]
 [1 1 0 1 1]]
 
Evoluido 16:
[[8 5 3 3 2]
 [2 1 1 2 1]]
 
Evoluido 17:
[[7 5 7 9 1]
 [1 2 1 1 1]]
 
Evoluido 18:
[[3 5 6 2 1]
 [1 1 1 1 1]]
 
Evoluido 19:
[[2 3 2 8 6]
 [1 0 1 1 2]]
 
Evoluido 20:
[[7 9 7 4 4]
 [1 1 0 2 1]]
 
Evoluido 21:
[[0 8 0 7 7]
 [0 1 2 1 1]]
 
Evoluido 22:
[[2 4 6 2 9]
 [1 1 3 1 1]]
 
Evoluido 23:
[[8 9 6 2 8]
 [2 1 1 1 1]]
 
Evoluido 24:
[[0 5 0 0 0]
 [2 1 1 2 1]]
 
Evoluido 25:
[[0 4 9 0 9]
 [2 1 1 0 1]]
 
Evoluido 26:
[[7 3 8 0 7]
 [0 3 1 1 1]]
 
Evoluido 27:
[[5 8 0 8 4]
 [1 1 1 2 1]]
 
Evoluido 28:
[[7 0 9 2 9]
 [2 1 2 1 1]]
 
Evoluido 29:
[[5 0 0 9 9]
 [1 1 1 2 1]]
 
Evoluido 30:
[[5 6 7 7 5]
 [1 1 1 1 1]]
 
Evoluido 31:
[[0 2 0 0 9]
 [1 1 2 1 1]]
 
Evoluido 32:
[[2 8 3 3 0]
 [2 1 1 1 1]]
 
Evoluido 33:
[[4 7 5 3 6]
 [1 1 0 1 2]]
 
Evoluido 34:
[[0 2 8 8 0]
 [1 1 1 1 1]]
 
Evoluido 35:
[[7 2 0 7 0]
 [1 3 1 2 1]]
 
Evoluido 36:
[[0 8 4 9 0]
 [1 1 1 1 1]]
 
Evoluido 37:
[[0 0 9 9 5]
 [1 1 1 1 1]]
 
Evoluido 38:
[[6 7 9 0 8]
 [1 1 2 1 1]]
 
Evoluido 39:
[[7 3 1 0 6]
 [1 1 0 1 1]]
 
Evoluido 40:
[[4 6 5 9 0]
 [2 1 0 2 1]]
 
Evoluido 41:
[[9 1 2 9 7]
 [1 2 1 1 1]]
 
Evoluido 42:
[[0 8 0 0 5]
 [1 1 2 2 1]]
 
Evoluido 43:
[[9 8 6 4 9]
 [1 1 2 1 1]]
 
Evoluido 44:
[[0 2 9 0 9]
 [2 1 0 1 1]]
 
Evoluido 45:
[[1 8 5 3 0]
 [0 1 1 1 1]]
 
Evoluido 46:
[[3 8 8 0 1]
 [0 1 2 1 1]]
 
Evoluido 47:
[[5 1 8 5 6]
 [0 1 3 1 1]]
 
Evoluido 48:
[[5 9 9 0 7]
 [2 2 1 2 1]]
 
Evoluido 49:
[[0 2 9 4 0]
 [2 1 1 2 0]]
 
Evoluido 50:
[[0 0 9 4 0]
 [1 1 1 1 1]]
 
-----------------------------------------
Individuo 1:
{
  "solucao": [7 5 7 0 3]
                [2 1 1 2 1],
  "funcao_objetivo": 0.98851142115399362017452312307107276609829438104104,
  "confiabilidade_total": 0.98851142115399362017452312307107276609829438104104
  "peso": 119.87,
  "custo": 99.03
}
 
Individuo 2:
{
  "solucao": [5 6 1 7 3]
                [2 1 1 2 1],
  "funcao_objetivo": 0.98800758057471945759943220553270204940110372632789,
  "confiabilidade_total": 0.98800758057471945759943220553270204940110372632789
  "peso": 118.03,
  "custo": 89.4
}
 
Individuo 3:
{
  "solucao": [9 5 8 7 8]
                [2 2 1 1 1],
  "funcao_objetivo": 0.98715469879535842153012876199262275965705584572557,
  "confiabilidade_total": 0.98715469879535842153012876199262275965705584572557
  "peso": 109.59,
  "custo": 97.74
}
 
Individuo 4:
{
  "solucao": [8 9 8 2 7]
                [1 2 2 1 1],
  "funcao_objetivo": 0.98549759420883959594802733574192568223508435550575,
  "confiabilidade_total": 0.98549759420883959594802733574192568223508435550575
  "peso": 117.44000000000001,
  "custo": 99.96
}
 
Individuo 5:
{
  "solucao": [0 2 5 0 5]
                [2 1 1 1 1],
  "funcao_objetivo": 0.97939169416885719102641310451439255570790105307927,
  "confiabilidade_total": 0.97939169416885719102641310451439255570790105307927
  "peso": 113.0,
  "custo": 78.44
}
 
Individuo 6:
{
  "solucao": [2 0 7 2 1]
                [1 1 2 1 1],
  "funcao_objetivo": 0.97865807291684062189417045379890107152670063015230,
  "confiabilidade_total": 0.97865807291684062189417045379890107152670063015230
  "peso": 112.13,
  "custo": 79.52
}
 
Individuo 7:
{
  "solucao": [2 7 1 0 8]
                [1 0 2 2 1],
  "funcao_objetivo": 0.98335456290052107646737015535095553531158059873164,
  "confiabilidade_total": 0.98335456290052107646737015535095553531158059873164
  "peso": 114.05,
  "custo": 84.56
}
 
Individuo 8:
{
  "solucao": [8 0 7 8 4]
                [2 1 2 1 1],
  "funcao_objetivo": 0.97845511744503273585827603528251628680059127542821,
  "confiabilidade_total": 0.97845511744503273585827603528251628680059127542821
  "peso": 116.06,
  "custo": 99.88
}
 
Individuo 9:
{
  "solucao": [5 5 6 0 8]
                [3 1 1 1 1],
  "funcao_objetivo": 0.97593898462404917673822575569105669203776138783195,
  "confiabilidade_total": 0.97593898462404917673822575569105669203776138783195
  "peso": 113.78999999999999,
  "custo": 83.07
}
 
Individuo 10:
{
  "solucao": [3 8 5 0 8]
                [1 1 2 1 2],
  "funcao_objetivo": 0.97564572754574997085311823927069204544283600782491,
  "confiabilidade_total": 0.97564572754574997085311823927069204544283600782491
  "peso": 115.61999999999999,
  "custo": 88.76
}
 
Individuo 11:
{
  "solucao": [0 7 0 0 9]
                [1 1 2 2 0],
  "funcao_objetivo": 0.99376185433656898247890252551875059739220657690635,
  "confiabilidade_total": 0.99376185433656898247890252551875059739220657690635
  "peso": 115.5,
  "custo": 95.39
}
 
Individuo 12:
{
  "solucao": [0 7 0 2 8]
                [1 1 1 2 1],
  "funcao_objetivo": 0.98167114085728192667003295639956794445092806731678,
  "confiabilidade_total": 0.98167114085728192667003295639956794445092806731678
  "peso": 114.73,
  "custo": 79.39
}
 
Individuo 13:
{
  "solucao": [4 9 0 7 5]
                [1 1 1 2 1],
  "funcao_objetivo": 0.97384951415517409319485150085324333443699874990085,
  "confiabilidade_total": 0.97384951415517409319485150085324333443699874990085
  "peso": 105.46,
  "custo": 87.93
}
 
Individuo 14:
{
  "solucao": [5 0 0 9 4]
                [2 1 1 1 1],
  "funcao_objetivo": 0.97419026624492085255543986606430633892909185920636,
  "confiabilidade_total": 0.97419026624492085255543986606430633892909185920636
  "peso": 112.16,
  "custo": 84.66999999999999
}
 
Individuo 15:
{
  "solucao": [8 7 5 2 2]
                [1 1 3 1 1],
  "funcao_objetivo": 0.97273299731035290095620699612256308413537854655702,
  "confiabilidade_total": 0.97273299731035290095620699612256308413537854655702
  "peso": 118.38000000000001,
  "custo": 78.1
}
 
Individuo 16:
{
  "solucao": [8 5 3 8 8]
                [1 2 1 2 1],
  "funcao_objetivo": 0.97033984643712026317320353890262145499623346325764,
  "confiabilidade_total": 0.97033984643712026317320353890262145499623346325764
  "peso": 109.92999999999999,
  "custo": 86.0
}
 
Individuo 17:
{
  "solucao": [7 6 7 3 1]
                [1 1 3 1 1],
  "funcao_objetivo": 0.97013166652609817975920384740268917514581664626180,
  "confiabilidade_total": 0.97013166652609817975920384740268917514581664626180
  "peso": 116.87,
  "custo": 98.46
}
 
Individuo 18:
{
  "solucao": [0 0 5 0 6]
                [1 1 1 2 1],
  "funcao_objetivo": 0.97716797876493203858189876471986927789638701952530,
  "confiabilidade_total": 0.97716797876493203858189876471986927789638701952530
  "peso": 115.83,
  "custo": 87.12
}
 
Individuo 19:
{
  "solucao": [2 5 2 8 8]
                [1 2 1 2 1],
  "funcao_objetivo": 0.97912926167798614869721030749425967416708147116874,
  "confiabilidade_total": 0.97912926167798614869721030749425967416708147116874
  "peso": 118.66,
  "custo": 79.64999999999999
}
 
Individuo 20:
{
  "solucao": [5 5 7 8 4]
                [1 1 2 2 1],
  "funcao_objetivo": 0.98826056789965987811945349243863956904339907550966,
  "confiabilidade_total": 0.98826056789965987811945349243863956904339907550966
  "peso": 110.67,
  "custo": 91.03999999999999
}
 
Individuo 21:
{
  "solucao": [0 3 3 7 7]
                [2 1 1 1 1],
  "funcao_objetivo": 0.96819892909416197754052187528153301567069129752262,
  "confiabilidade_total": 0.96819892909416197754052187528153301567069129752262
  "peso": 113.14000000000001,
  "custo": 85.86000000000001
}
 
Individuo 22:
{
  "solucao": [7 4 5 7 9]
                [1 1 3 1 1],
  "funcao_objetivo": 0.96722792292993581378905830059250768707481987734946,
  "confiabilidade_total": 0.96722792292993581378905830059250768707481987734946
  "peso": 114.65,
  "custo": 92.44
}
 
Individuo 23:
{
  "solucao": [8 8 6 2 4]
                [1 1 2 1 1],
  "funcao_objetivo": 0.96696310315497920078777062820584140163301964023423,
  "confiabilidade_total": 0.96696310315497920078777062820584140163301964023423
  "peso": 115.68,
  "custo": 74.97
}
 
Individuo 24:
{
  "solucao": [5 5 0 5 6]
                [2 1 1 2 1],
  "funcao_objetivo": 0.98882782993686669707166791563382329198627168794659,
  "confiabilidade_total": 0.98882782993686669707166791563382329198627168794659
  "peso": 113.93999999999998,
  "custo": 80.03
}
 
Individuo 25:
{
  "solucao": [8 9 5 0 0]
                [2 1 1 1 1],
  "funcao_objetivo": 0.97090710280750265390267874802591552656579611118008,
  "confiabilidade_total": 0.97090710280750265390267874802591552656579611118008
  "peso": 102.83999999999999,
  "custo": 87.02
}
 
Individuo 26:
{
  "solucao": [7 1 8 5 0]
                [1 3 1 1 1],
  "funcao_objetivo": 0.96633648912333111078951333204219306552469477297049,
  "confiabilidade_total": 0.96633648912333111078951333204219306552469477297049
  "peso": 118.03,
  "custo": 98.86
}
 
Individuo 27:
{
  "solucao": [5 8 0 8 4]
                [1 1 1 2 1],
  "funcao_objetivo": 0.97278300281814056217920493230824946996594520259276,
  "confiabilidade_total": 0.97278300281814056217920493230824946996594520259276
  "peso": 102.49,
  "custo": 80.50999999999999
}
 
Individuo 28:
{
  "solucao": [7 5 1 2 5]
                [1 1 2 1 1],
  "funcao_objetivo": 0.97033230236612829880293694383377407191858529721939,
  "confiabilidade_total": 0.97033230236612829880293694383377407191858529721939
  "peso": 102.54000000000002,
  "custo": 74.45
}
 
Individuo 29:
{
  "solucao": [5 0 0 9 9]
                [1 1 1 2 1],
  "funcao_objetivo": 0.97491673468658939848404859377154030761481959065837,
  "confiabilidade_total": 0.97491673468658939848404859377154030761481959065837
  "peso": 110.5,
  "custo": 95.9
}
 
Individuo 30:
{
  "solucao": [0 8 7 9 0]
                [1 1 1 2 1],
  "funcao_objetivo": 0.97183541792830524340292825267539764372128571622817,
  "confiabilidade_total": 0.97183541792830524340292825267539764372128571622817
  "peso": 106.08999999999999,
  "custo": 95.99
}
 
Individuo 31:
{
  "solucao": [6 2 0 0 8]
                [1 2 1 1 1],
  "funcao_objetivo": 0.97121607782425549959297659367883300629049435116508,
  "confiabilidade_total": 0.97621607782425545199216441287524633562728658177116
  "peso": 120.6,
  "custo": 76.92
}
 
Individuo 32:
{
  "solucao": [0 5 0 1 0]
                [1 1 1 2 1],
  "funcao_objetivo": 0.98337653907257636615124848008174606495595251724093,
  "confiabilidade_total": 0.98337653907257636615124848008174606495595251724093
  "peso": 111.74,
  "custo": 88.14
}
 
Individuo 33:
{
  "solucao": [6 4 5 3 7]
                [1 2 1 1 1],
  "funcao_objetivo": 0.96315355418630164434398909264228305485359683886955,
  "confiabilidade_total": 0.96315355418630164434398909264228305485359683886955
  "peso": 118.55000000000001,
  "custo": 77.58
}
 
Individuo 34:
{
  "solucao": [0 2 8 7 6]
                [2 2 0 1 1],
  "funcao_objetivo": 0.98084243140122331942929226245273636943696030116370,
  "confiabilidade_total": 0.98225909806789000029235761535493336107267961538127
  "peso": 120.17,
  "custo": 78.41000000000001
}
 
Individuo 35:
{
  "solucao": [6 5 0 8 6]
                [1 1 1 2 1],
  "funcao_objetivo": 0.97287585289830271095528647573597005030954079896271,
  "confiabilidade_total": 0.97287585289830271095528647573597005030954079896271
  "peso": 104.19999999999999,
  "custo": 77.86
}
 
Individuo 36:
{
  "solucao": [2 8 9 6 5]
                [2 1 1 1 1],
  "funcao_objetivo": 0.96128037917291496945896552542023359462721296317232,
  "confiabilidade_total": 0.96128037917291496945896552542023359462721296317232
  "peso": 113.2,
  "custo": 72.8
}
 
Individuo 37:
{
  "solucao": [0 0 1 5 9]
                [1 1 2 1 1],
  "funcao_objetivo": 0.97633125386001659863413932755355370168933870588450,
  "confiabilidade_total": 0.97633125386001659863413932755355370168933870588450
  "peso": 109.88000000000001,
  "custo": 89.82
}
 
Individuo 38:
{
  "solucao": [6 7 9 0 8]
                [1 1 2 1 1],
  "funcao_objetivo": 0.97182198548511498308143238550560606055226201142955,
  "confiabilidade_total": 0.97182198548511498308143238550560606055226201142955
  "peso": 105.84,
  "custo": 92.25
}
 
Individuo 39:
{
  "solucao": [7 3 5 7 7]
                [1 1 2 1 2],
  "funcao_objetivo": 0.96788324067291306712819305386794476197641369215879,
  "confiabilidade_total": 0.96788324067291306712819305386794476197641369215879
  "peso": 108.21,
  "custo": 91.96000000000001
}
 
Individuo 40:
{
  "solucao": [0 5 5 7 6]
                [1 1 2 1 1],
  "funcao_objetivo": 0.96440158938992155503754954892176347451964970263595,
  "confiabilidade_total": 0.96440158938992155503754954892176347451964970263595
  "peso": 98.63000000000001,
  "custo": 74.25000000000001
}
 
Individuo 41:
{
  "solucao": [2 1 5 8 7]
                [2 1 1 2 1],
  "funcao_objetivo": 0.97579646983105852297558116206648605760814075347185,
  "confiabilidade_total": 0.98912980316439192655365044928732800066166941996813
  "peso": 121.60000000000001,
  "custo": 85.58000000000001
}
 
Individuo 42:
{
  "solucao": [1 0 7 5 5]
                [1 1 3 1 1],
  "funcao_objetivo": 0.97740349931936009386292172991832184890191874337311,
  "confiabilidade_total": 0.97740349931936009386292172991832184890191874337311
  "peso": 110.28000000000002,
  "custo": 96.0
}
 
Individuo 43:
{
  "solucao": [9 8 6 4 9]
                [1 1 2 1 1],
  "funcao_objetivo": 0.96152677059281935314819873358000063300100543910670,
  "confiabilidade_total": 0.96152677059281935314819873358000063300100543910670
  "peso": 115.19,
  "custo": 87.70999999999998
}
 
Individuo 44:
{
  "solucao": [8 2 9 1 7]
                [1 1 2 1 1],
  "funcao_objetivo": 0.97243526022241113441732859654312532326996673613180,
  "confiabilidade_total": 0.97243526022241113441732859654312532326996673613180
  "peso": 106.38,
  "custo": 88.01
}
 
Individuo 45:
{
  "solucao": [9 5 5 7 0]
                [2 1 1 1 1],
  "funcao_objetivo": 0.96185328903143285994482833179470844630814519281288,
  "confiabilidade_total": 0.96185328903143285994482833179470844630814519281288
  "peso": 100.7,
  "custo": 87.15
}
 
Individuo 46:
{
  "solucao": [7 8 1 0 1]
                [0 1 2 1 1],
  "funcao_objetivo": 0.95317356551718050263012694367036880602046762030305,
  "confiabilidade_total": 0.95317356551718050263012694367036880602046762030305
  "peso": 89.15,
  "custo": 73.71000000000001
}
 
Individuo 47:
{
  "solucao": [5 1 8 5 6]
                [0 1 3 1 1],
  "funcao_objetivo": 0.94756852854363913489273130768475807269154556478038,
  "confiabilidade_total": 0.94756852854363913489273130768475807269154556478038
  "peso": 96.59,
  "custo": 77.48
}
 
Individuo 48:
{
  "solucao": [5 9 9 3 8]
                [2 2 1 1 1],
  "funcao_objetivo": 0.97573581329325061583224570593912469613491934548696,
  "confiabilidade_total": 0.98756914662658396256689613235195176949850660573324
  "peso": 121.42,
  "custo": 99.32000000000001
}
 
Individuo 49:
{
  "solucao": [0 2 9 9 9]
                [2 1 1 1 1],
  "funcao_objetivo": 0.96790653900731180964349707006076156490517725897522,
  "confiabilidade_total": 0.96790653900731180964349707006076156490517725897522
  "peso": 118.49999999999999,
  "custo": 95.07999999999998
}
 
Individuo 50:
{
  "solucao": [0 0 9 4 0]
                [1 1 1 1 1],
  "funcao_objetivo": 0.95953173544768099025506946920034802013374700462577,
  "confiabilidade_total": 0.95953173544768099025506946920034802013374700462577
  "peso": 102.97,
  "custo": 80.16
}
 
-----------------------------------------
GERACAO 8
Mutante 1:
[[5.   8.85 0.   6.3  0.6 ]
 [1.85 1.   0.15 2.   1.  ]]
 
Mutante 2:
[[9.   4.6  2.6  5.4  0.  ]
 [1.   0.15 2.   1.   1.  ]]
 
Mutante 3:
[[7.85 9.   7.   0.   0.  ]
 [1.85 1.   1.3  1.   1.  ]]
 
Mutante 4:
[[0.   0.   9.   0.   0.  ]
 [2.   1.   1.   0.15 1.  ]]
 
Mutante 5:
[[2.85 5.1  9.55 0.   1.  ]
 [1.   1.85 2.   1.   0.15]]
 
Mutante 6:
[[2.   8.   8.15 4.3  2.45]
 [2.   1.85 0.15 1.   1.  ]]
 
Mutante 7:
[[9.   2.45 1.3  1.2  8.  ]
 [1.   2.   1.   1.15 1.  ]]
 
Mutante 8:
[[3.9  0.   4.6  7.   6.3 ]
 [2.   2.   0.15 1.85 1.  ]]
 
Mutante 9:
[[9.   1.05 9.85 0.   8.  ]
 [1.   2.7  2.   0.15 1.  ]]
 
Mutante 10:
[[6.   7.   9.   3.4  2.9 ]
 [1.   1.   2.   0.15 1.  ]]
 
Mutante 11:
[[3.3  9.85 9.   0.   6.3 ]
 [2.   2.   1.   0.15 1.  ]]
 
Mutante 12:
[[9.   6.7  4.15 7.85 6.8 ]
 [2.   1.   0.15 1.   1.  ]]
 
Mutante 13:
[[0.   2.   7.3  9.   9.  ]
 [1.15 1.   1.85 0.15 1.  ]]
 
Mutante 14:
[[0.   3.75 3.05 4.3  5.85]
 [1.15 0.15 1.85 1.   1.  ]]
 
Mutante 15:
[[8.   3.05 8.85 6.25 7.  ]
 [1.   2.   2.   0.15 1.85]]
 
Mutante 16:
[[1.7  1.7  9.   4.   0.  ]
 [1.85 1.   0.15 1.   0.15]]
 
Mutante 17:
[[9.   9.   0.15 2.55 0.  ]
 [1.   1.   1.15 1.85 1.  ]]
 
Mutante 18:
[[5.1 9.  5.3 9.  3.4]
 [1.  1.  1.  2.  1. ]]
 
Mutante 19:
[[2.75 0.45 9.25 6.15 8.7 ]
 [1.   1.   2.85 0.15 2.  ]]
 
Mutante 20:
[[9.   0.85 3.4  3.05 9.  ]
 [0.15 1.   1.85 1.15 1.  ]]
 
Mutante 21:
[[8.   2.85 9.85 2.7  4.45]
 [1.   1.   2.   1.   1.  ]]
 
Mutante 22:
[[4.15 9.4  1.   8.7  2.15]
 [1.15 1.   1.   2.   1.  ]]
 
Mutante 23:
[[7.   3.45 9.   3.   2.7 ]
 [2.7  1.   2.15 1.85 1.  ]]
 
Mutante 24:
[[8.85 3.4  9.   6.3  0.  ]
 [2.85 1.   1.15 1.   1.  ]]
 
Mutante 25:
[[9.   9.   5.85 3.7  1.15]
 [0.15 1.   3.   1.   1.  ]]
 
Mutante 26:
[[9.   0.75 6.3  7.85 8.85]
 [2.   1.15 1.   1.   1.  ]]
 
Mutante 27:
[[9.25 3.3  2.55 4.15 5.15]
 [2.   0.15 1.85 1.15 1.85]]
 
Mutante 28:
[[9.   9.   9.   3.15 9.  ]
 [1.85 1.   2.   0.15 1.  ]]
 
Mutante 29:
[[2.45 5.85 2.6  0.   8.  ]
 [3.   1.   1.   1.   1.85]]
 
Mutante 30:
[[5.15 5.3  9.   0.   7.15]
 [1.   0.15 2.85 0.15 1.85]]
 
Mutante 31:
[[0.   4.15 0.   4.4  0.  ]
 [1.   2.7  0.15 2.   1.  ]]
 
Mutante 32:
[[3.4 9.  0.  0.  9. ]
 [2.7 1.  0.3 2.  1. ]]
 
Mutante 33:
[[0.   2.75 4.25 1.15 9.  ]
 [1.   1.   1.   2.   1.  ]]
 
Mutante 34:
[[5.   0.9  4.4  9.   2.15]
 [2.85 1.85 0.15 2.   1.  ]]
 
Mutante 35:
[[7.15 7.55 1.3  7.15 4.6 ]
 [1.85 2.   0.15 2.85 1.  ]]
 
Mutante 36:
[[1.7  0.   2.45 0.85 6.85]
 [1.   0.15 1.85 2.85 1.  ]]
 
Mutante 37:
[[6.45 4.6  9.   1.45 7.3 ]
 [0.15 0.15 3.   0.15 1.  ]]
 
Mutante 38:
[[0.85 7.   0.   2.85 9.  ]
 [1.   1.   2.7  2.   1.  ]]
 
Mutante 39:
[[3.3  3.3  6.85 0.   8.85]
 [3.   0.15 1.   1.   1.  ]]
 
Mutante 40:
[[0.   0.   2.45 7.25 9.55]
 [1.85 2.   0.15 1.   1.  ]]
 
Mutante 41:
[[0.   0.75 5.1  1.6  0.  ]
 [2.   0.15 1.   1.15 1.  ]]
 
Mutante 42:
[[9.   6.3  9.   4.   9.  ]
 [2.7  1.85 1.15 0.15 1.  ]]
 
Mutante 43:
[[4.15 7.3  9.   9.   4.6 ]
 [2.85 1.15 1.   1.   1.  ]]
 
Mutante 44:
[[0.9  0.   5.1  4.25 9.  ]
 [1.85 2.   1.85 1.   1.  ]]
 
Mutante 45:
[[2.9  7.55 3.   8.85 1.2 ]
 [1.   1.15 1.   2.85 1.  ]]
 
Mutante 46:
[[9.4  4.45 5.6  1.7  5.45]
 [1.   1.   2.   1.   0.15]]
 
Mutante 47:
[[9.   6.7  2.75 8.   5.7 ]
 [1.   1.85 2.   1.15 1.  ]]
 
Mutante 48:
[[8.15 5.85 6.7  4.45 5.95]
 [2.   1.   0.15 1.   1.  ]]
 
Mutante 49:
[[5.7 9.  3.4 9.  5. ]
 [1.  1.  1.  2.  1. ]]
 
Mutante 50:
[[0.85 0.   9.   4.25 0.  ]
 [1.   1.85 1.   2.   1.  ]]
 
-----------------------------------------
Número de avaliações até o momento: 400
Evoluido 1:
[[7 8 0 6 0]
 [2 1 0 2 1]]
 
Evoluido 2:
[[9 4 2 5 0]
 [1 0 1 1 1]]
 
Evoluido 3:
[[9 9 7 0 0]
 [1 1 1 1 1]]
 
Evoluido 4:
[[0 0 8 0 0]
 [2 1 2 0 1]]
 
Evoluido 5:
[[2 5 9 0 5]
 [1 1 2 1 0]]
 
Evoluido 6:
[[2 8 7 2 1]
 [2 1 0 1 1]]
 
Evoluido 7:
[[2 7 1 1 8]
 [1 0 1 1 1]]
 
Evoluido 8:
[[3 0 4 7 6]
 [2 2 0 1 1]]
 
Evoluido 9:
[[9 1 9 0 8]
 [3 1 1 0 1]]
 
Evoluido 10:
[[6 7 9 3 2]
 [1 1 2 1 1]]
 
Evoluido 11:
[[3 7 0 0 6]
 [1 2 2 2 1]]
 
Evoluido 12:
[[9 6 4 2 8]
 [2 1 0 1 1]]
 
Evoluido 13:
[[0 2 7 9 9]
 [1 1 1 0 1]]
 
Evoluido 14:
[[0 3 3 4 4]
 [1 1 1 1 1]]
 
Evoluido 15:
[[8 3 8 6 7]
 [1 2 3 0 1]]
 
Evoluido 16:
[[1 1 9 4 8]
 [1 1 0 1 0]]
 
Evoluido 17:
[[9 9 7 2 0]
 [1 1 1 1 1]]
 
Evoluido 18:
[[5 9 5 9 3]
 [1 1 1 2 1]]
 
Evoluido 19:
[[2 0 9 6 8]
 [1 1 2 0 1]]
 
Evoluido 20:
[[9 0 3 3 9]
 [0 1 1 1 1]]
 
Evoluido 21:
[[8 2 9 2 7]
 [2 1 2 1 1]]
 
Evoluido 22:
[[4 4 5 8 2]
 [1 1 3 2 1]]
 
Evoluido 23:
[[7 3 9 2 2]
 [1 1 2 1 1]]
 
Evoluido 24:
[[8 5 9 6 0]
 [2 1 1 1 1]]
 
Evoluido 25:
[[8 9 5 0 1]
 [0 1 1 1 1]]
 
Evoluido 26:
[[9 0 6 7 8]
 [1 3 1 1 1]]
 
Evoluido 27:
[[5 8 2 4 4]
 [2 1 1 1 1]]
 
Evoluido 28:
[[7 9 9 2 9]
 [1 1 2 1 1]]
 
Evoluido 29:
[[2 5 0 0 8]
 [1 1 1 2 1]]
 
Evoluido 30:
[[5 5 7 0 7]
 [1 0 1 0 1]]
 
Evoluido 31:
[[6 2 0 0 0]
 [1 2 0 2 1]]
 
Evoluido 32:
[[3 9 0 0 9]
 [2 1 1 2 1]]
 
Evoluido 33:
[[0 4 4 3 7]
 [1 1 1 1 1]]
 
Evoluido 34:
[[5 0 8 9 6]
 [2 1 0 1 1]]
 
Evoluido 35:
[[6 7 1 7 4]
 [1 1 1 2 1]]
 
Evoluido 36:
[[1 0 2 0 6]
 [1 1 1 2 1]]
 
Evoluido 37:
[[6 0 9 1 7]
 [0 1 2 0 1]]
 
Evoluido 38:
[[0 7 0 2 8]
 [1 1 2 2 1]]
 
Evoluido 39:
[[3 3 6 7 7]
 [3 1 1 1 1]]
 
Evoluido 40:
[[0 0 2 7 9]
 [1 2 0 1 1]]
 
Evoluido 41:
[[2 0 5 8 0]
 [2 0 1 1 1]]
 
Evoluido 42:
[[1 6 9 4 9]
 [2 1 3 0 1]]
 
Evoluido 43:
[[4 7 9 9 4]
 [1 1 1 1 1]]
 
Evoluido 44:
[[0 0 9 4 9]
 [1 2 2 1 1]]
 
Evoluido 45:
[[2 7 5 8 0]
 [1 1 1 2 1]]
 
Evoluido 46:
[[9 8 1 1 1]
 [1 1 2 1 0]]
 
Evoluido 47:
[[9 1 8 8 5]
 [0 1 2 1 1]]
 
Evoluido 48:
[[8 5 6 4 5]
 [2 1 0 1 1]]
 
Evoluido 49:
[[0 9 3 9 5]
 [2 1 1 2 1]]
 
Evoluido 50:
[[0 0 9 4 0]
 [1 1 1 2 1]]
 
-----------------------------------------
Individuo 1:
{
  "solucao": [7 5 7 0 3]
                [2 1 1 2 1],
  "funcao_objetivo": 0.98851142115399362017452312307107276609829438104104,
  "confiabilidade_total": 0.98851142115399362017452312307107276609829438104104
  "peso": 119.87,
  "custo": 99.03
}
 
Individuo 2:
{
  "solucao": [5 6 1 7 3]
                [2 1 1 2 1],
  "funcao_objetivo": 0.98800758057471945759943220553270204940110372632789,
  "confiabilidade_total": 0.98800758057471945759943220553270204940110372632789
  "peso": 118.03,
  "custo": 89.4
}
 
Individuo 3:
{
  "solucao": [9 5 8 7 8]
                [2 2 1 1 1],
  "funcao_objetivo": 0.98715469879535842153012876199262275965705584572557,
  "confiabilidade_total": 0.98715469879535842153012876199262275965705584572557
  "peso": 109.59,
  "custo": 97.74
}
 
Individuo 4:
{
  "solucao": [8 9 8 2 7]
                [1 2 2 1 1],
  "funcao_objetivo": 0.98549759420883959594802733574192568223508435550575,
  "confiabilidade_total": 0.98549759420883959594802733574192568223508435550575
  "peso": 117.44000000000001,
  "custo": 99.96
}
 
Individuo 5:
{
  "solucao": [0 2 5 0 5]
                [2 1 1 1 1],
  "funcao_objetivo": 0.97939169416885719102641310451439255570790105307927,
  "confiabilidade_total": 0.97939169416885719102641310451439255570790105307927
  "peso": 113.0,
  "custo": 78.44
}
 
Individuo 6:
{
  "solucao": [2 0 7 2 1]
                [1 1 2 1 1],
  "funcao_objetivo": 0.97865807291684062189417045379890107152670063015230,
  "confiabilidade_total": 0.97865807291684062189417045379890107152670063015230
  "peso": 112.13,
  "custo": 79.52
}
 
Individuo 7:
{
  "solucao": [2 7 1 0 8]
                [1 0 2 2 1],
  "funcao_objetivo": 0.98335456290052107646737015535095553531158059873164,
  "confiabilidade_total": 0.98335456290052107646737015535095553531158059873164
  "peso": 114.05,
  "custo": 84.56
}
 
Individuo 8:
{
  "solucao": [8 0 7 8 4]
                [2 1 2 1 1],
  "funcao_objetivo": 0.97845511744503273585827603528251628680059127542821,
  "confiabilidade_total": 0.97845511744503273585827603528251628680059127542821
  "peso": 116.06,
  "custo": 99.88
}
 
Individuo 9:
{
  "solucao": [5 5 6 0 8]
                [3 1 1 1 1],
  "funcao_objetivo": 0.97593898462404917673822575569105669203776138783195,
  "confiabilidade_total": 0.97593898462404917673822575569105669203776138783195
  "peso": 113.78999999999999,
  "custo": 83.07
}
 
Individuo 10:
{
  "solucao": [3 8 5 0 8]
                [1 1 2 1 2],
  "funcao_objetivo": 0.97564572754574997085311823927069204544283600782491,
  "confiabilidade_total": 0.97564572754574997085311823927069204544283600782491
  "peso": 115.61999999999999,
  "custo": 88.76
}
 
Individuo 11:
{
  "solucao": [0 7 0 0 9]
                [1 1 2 2 0],
  "funcao_objetivo": 0.99376185433656898247890252551875059739220657690635,
  "confiabilidade_total": 0.99376185433656898247890252551875059739220657690635
  "peso": 115.5,
  "custo": 95.39
}
 
Individuo 12:
{
  "solucao": [0 7 0 2 8]
                [1 1 1 2 1],
  "funcao_objetivo": 0.98167114085728192667003295639956794445092806731678,
  "confiabilidade_total": 0.98167114085728192667003295639956794445092806731678
  "peso": 114.73,
  "custo": 79.39
}
 
Individuo 13:
{
  "solucao": [4 9 0 7 5]
                [1 1 1 2 1],
  "funcao_objetivo": 0.97384951415517409319485150085324333443699874990085,
  "confiabilidade_total": 0.97384951415517409319485150085324333443699874990085
  "peso": 105.46,
  "custo": 87.93
}
 
Individuo 14:
{
  "solucao": [5 0 0 9 4]
                [2 1 1 1 1],
  "funcao_objetivo": 0.97419026624492085255543986606430633892909185920636,
  "confiabilidade_total": 0.97419026624492085255543986606430633892909185920636
  "peso": 112.16,
  "custo": 84.66999999999999
}
 
Individuo 15:
{
  "solucao": [8 7 5 2 2]
                [1 1 3 1 1],
  "funcao_objetivo": 0.97273299731035290095620699612256308413537854655702,
  "confiabilidade_total": 0.97273299731035290095620699612256308413537854655702
  "peso": 118.38000000000001,
  "custo": 78.1
}
 
Individuo 16:
{
  "solucao": [8 5 3 8 8]
                [1 2 1 2 1],
  "funcao_objetivo": 0.97033984643712026317320353890262145499623346325764,
  "confiabilidade_total": 0.97033984643712026317320353890262145499623346325764
  "peso": 109.92999999999999,
  "custo": 86.0
}
 
Individuo 17:
{
  "solucao": [7 6 7 3 1]
                [1 1 3 1 1],
  "funcao_objetivo": 0.97013166652609817975920384740268917514581664626180,
  "confiabilidade_total": 0.97013166652609817975920384740268917514581664626180
  "peso": 116.87,
  "custo": 98.46
}
 
Individuo 18:
{
  "solucao": [0 0 5 0 6]
                [1 1 1 2 1],
  "funcao_objetivo": 0.97716797876493203858189876471986927789638701952530,
  "confiabilidade_total": 0.97716797876493203858189876471986927789638701952530
  "peso": 115.83,
  "custo": 87.12
}
 
Individuo 19:
{
  "solucao": [2 5 2 8 8]
                [1 2 1 2 1],
  "funcao_objetivo": 0.97912926167798614869721030749425967416708147116874,
  "confiabilidade_total": 0.97912926167798614869721030749425967416708147116874
  "peso": 118.66,
  "custo": 79.64999999999999
}
 
Individuo 20:
{
  "solucao": [5 5 7 8 4]
                [1 1 2 2 1],
  "funcao_objetivo": 0.98826056789965987811945349243863956904339907550966,
  "confiabilidade_total": 0.98826056789965987811945349243863956904339907550966
  "peso": 110.67,
  "custo": 91.03999999999999
}
 
Individuo 21:
{
  "solucao": [0 3 3 7 7]
                [2 1 1 1 1],
  "funcao_objetivo": 0.96819892909416197754052187528153301567069129752262,
  "confiabilidade_total": 0.96819892909416197754052187528153301567069129752262
  "peso": 113.14000000000001,
  "custo": 85.86000000000001
}
 
Individuo 22:
{
  "solucao": [7 4 5 7 9]
                [1 1 3 1 1],
  "funcao_objetivo": 0.96722792292993581378905830059250768707481987734946,
  "confiabilidade_total": 0.96722792292993581378905830059250768707481987734946
  "peso": 114.65,
  "custo": 92.44
}
 
Individuo 23:
{
  "solucao": [7 3 9 2 2]
                [1 1 2 1 1],
  "funcao_objetivo": 0.96986592030260955588969404926782018588795229584649,
  "confiabilidade_total": 0.96986592030260955588969404926782018588795229584649
  "peso": 118.58000000000001,
  "custo": 81.38
}
 
Individuo 24:
{
  "solucao": [5 5 0 5 6]
                [2 1 1 2 1],
  "funcao_objetivo": 0.98882782993686669707166791563382329198627168794659,
  "confiabilidade_total": 0.98882782993686669707166791563382329198627168794659
  "peso": 113.93999999999998,
  "custo": 80.03
}
 
Individuo 25:
{
  "solucao": [8 9 5 0 0]
                [2 1 1 1 1],
  "funcao_objetivo": 0.97090710280750265390267874802591552656579611118008,
  "confiabilidade_total": 0.97090710280750265390267874802591552656579611118008
  "peso": 102.83999999999999,
  "custo": 87.02
}
 
Individuo 26:
{
  "solucao": [7 1 8 5 0]
                [1 3 1 1 1],
  "funcao_objetivo": 0.96633648912333111078951333204219306552469477297049,
  "confiabilidade_total": 0.96633648912333111078951333204219306552469477297049
  "peso": 118.03,
  "custo": 98.86
}
 
Individuo 27:
{
  "solucao": [5 8 0 8 4]
                [1 1 1 2 1],
  "funcao_objetivo": 0.97278300281814056217920493230824946996594520259276,
  "confiabilidade_total": 0.97278300281814056217920493230824946996594520259276
  "peso": 102.49,
  "custo": 80.50999999999999
}
 
Individuo 28:
{
  "solucao": [7 5 1 2 5]
                [1 1 2 1 1],
  "funcao_objetivo": 0.97033230236612829880293694383377407191858529721939,
  "confiabilidade_total": 0.97033230236612829880293694383377407191858529721939
  "peso": 102.54000000000002,
  "custo": 74.45
}
 
Individuo 29:
{
  "solucao": [2 5 0 0 8]
                [1 1 1 2 1],
  "funcao_objetivo": 0.98000231784259701665773964212692855764401224904811,
  "confiabilidade_total": 0.98000231784259701665773964212692855764401224904811
  "peso": 112.85000000000001,
  "custo": 81.47999999999999
}
 
Individuo 30:
{
  "solucao": [0 8 7 9 0]
                [1 1 1 2 1],
  "funcao_objetivo": 0.97183541792830524340292825267539764372128571622817,
  "confiabilidade_total": 0.97183541792830524340292825267539764372128571622817
  "peso": 106.08999999999999,
  "custo": 95.99
}
 
Individuo 31:
{
  "solucao": [6 2 0 0 8]
                [1 2 1 1 1],
  "funcao_objetivo": 0.97121607782425549959297659367883300629049435116508,
  "confiabilidade_total": 0.97621607782425545199216441287524633562728658177116
  "peso": 120.6,
  "custo": 76.92
}
 
Individuo 32:
{
  "solucao": [0 5 0 1 0]
                [1 1 1 2 1],
  "funcao_objetivo": 0.98337653907257636615124848008174606495595251724093,
  "confiabilidade_total": 0.98337653907257636615124848008174606495595251724093
  "peso": 111.74,
  "custo": 88.14
}
 
Individuo 33:
{
  "solucao": [6 4 5 3 7]
                [1 2 1 1 1],
  "funcao_objetivo": 0.96315355418630164434398909264228305485359683886955,
  "confiabilidade_total": 0.96315355418630164434398909264228305485359683886955
  "peso": 118.55000000000001,
  "custo": 77.58
}
 
Individuo 34:
{
  "solucao": [0 2 8 7 6]
                [2 2 0 1 1],
  "funcao_objetivo": 0.98084243140122331942929226245273636943696030116370,
  "confiabilidade_total": 0.98225909806789000029235761535493336107267961538127
  "peso": 120.17,
  "custo": 78.41000000000001
}
 
Individuo 35:
{
  "solucao": [6 5 0 8 6]
                [1 1 1 2 1],
  "funcao_objetivo": 0.97287585289830271095528647573597005030954079896271,
  "confiabilidade_total": 0.97287585289830271095528647573597005030954079896271
  "peso": 104.19999999999999,
  "custo": 77.86
}
 
Individuo 36:
{
  "solucao": [1 0 2 0 6]
                [1 1 1 2 1],
  "funcao_objetivo": 0.96496859737850126879976381046287205559228275633775,
  "confiabilidade_total": 0.97880193071183469190388054327865465334643338538133
  "peso": 121.66000000000001,
  "custo": 84.94
}
 
Individuo 37:
{
  "solucao": [0 0 1 5 9]
                [1 1 2 1 1],
  "funcao_objetivo": 0.97633125386001659863413932755355370168933870588450,
  "confiabilidade_total": 0.97633125386001659863413932755355370168933870588450
  "peso": 109.88000000000001,
  "custo": 89.82
}
 
Individuo 38:
{
  "solucao": [6 7 9 0 8]
                [1 1 2 1 1],
  "funcao_objetivo": 0.97182198548511498308143238550560606055226201142955,
  "confiabilidade_total": 0.97182198548511498308143238550560606055226201142955
  "peso": 105.84,
  "custo": 92.25
}
 
Individuo 39:
{
  "solucao": [7 3 5 7 7]
                [1 1 2 1 2],
  "funcao_objetivo": 0.96788324067291306712819305386794476197641369215879,
  "confiabilidade_total": 0.96788324067291306712819305386794476197641369215879
  "peso": 108.21,
  "custo": 91.96000000000001
}
 
Individuo 40:
{
  "solucao": [0 5 5 7 6]
                [1 1 2 1 1],
  "funcao_objetivo": 0.96440158938992155503754954892176347451964970263595,
  "confiabilidade_total": 0.96440158938992155503754954892176347451964970263595
  "peso": 98.63000000000001,
  "custo": 74.25000000000001
}
 
Individuo 41:
{
  "solucao": [2 1 5 8 7]
                [2 1 1 2 1],
  "funcao_objetivo": 0.97579646983105852297558116206648605760814075347185,
  "confiabilidade_total": 0.98912980316439192655365044928732800066166941996813
  "peso": 121.60000000000001,
  "custo": 85.58000000000001
}
 
Individuo 42:
{
  "solucao": [1 0 7 5 5]
                [1 1 3 1 1],
  "funcao_objetivo": 0.97740349931936009386292172991832184890191874337311,
  "confiabilidade_total": 0.97740349931936009386292172991832184890191874337311
  "peso": 110.28000000000002,
  "custo": 96.0
}
 
Individuo 43:
{
  "solucao": [9 8 6 4 9]
                [1 1 2 1 1],
  "funcao_objetivo": 0.96152677059281935314819873358000063300100543910670,
  "confiabilidade_total": 0.96152677059281935314819873358000063300100543910670
  "peso": 115.19,
  "custo": 87.70999999999998
}
 
Individuo 44:
{
  "solucao": [8 2 9 1 7]
                [1 1 2 1 1],
  "funcao_objetivo": 0.97243526022241113441732859654312532326996673613180,
  "confiabilidade_total": 0.97243526022241113441732859654312532326996673613180
  "peso": 106.38,
  "custo": 88.01
}
 
Individuo 45:
{
  "solucao": [2 7 5 8 0]
                [1 1 1 2 1],
  "funcao_objetivo": 0.96837179101567062949500402708634005458254367491811,
  "confiabilidade_total": 0.96837179101567062949500402708634005458254367491811
  "peso": 101.03999999999999,
  "custo": 77.45
}
 
Individuo 46:
{
  "solucao": [7 8 1 0 1]
                [0 1 2 1 1],
  "funcao_objetivo": 0.95317356551718050263012694367036880602046762030305,
  "confiabilidade_total": 0.95317356551718050263012694367036880602046762030305
  "peso": 89.15,
  "custo": 73.71000000000001
}
 
Individuo 47:
{
  "solucao": [5 1 8 5 6]
                [0 1 3 1 1],
  "funcao_objetivo": 0.94756852854363913489273130768475807269154556478038,
  "confiabilidade_total": 0.94756852854363913489273130768475807269154556478038
  "peso": 96.59,
  "custo": 77.48
}
 
Individuo 48:
{
  "solucao": [5 9 9 3 8]
                [2 2 1 1 1],
  "funcao_objetivo": 0.97573581329325061583224570593912469613491934548696,
  "confiabilidade_total": 0.98756914662658396256689613235195176949850660573324
  "peso": 121.42,
  "custo": 99.32000000000001
}
 
Individuo 49:
{
  "solucao": [0 2 9 9 9]
                [2 1 1 1 1],
  "funcao_objetivo": 0.96790653900731180964349707006076156490517725897522,
  "confiabilidade_total": 0.96790653900731180964349707006076156490517725897522
  "peso": 118.49999999999999,
  "custo": 95.07999999999998
}
 
Individuo 50:
{
  "solucao": [0 0 9 4 0]
                [1 1 1 1 1],
  "funcao_objetivo": 0.95953173544768099025506946920034802013374700462577,
  "confiabilidade_total": 0.95953173544768099025506946920034802013374700462577
  "peso": 102.97,
  "custo": 80.16
}
 
-----------------------------------------
GERACAO 9
Mutante 1:
[[0.   4.15 5.15 4.25 9.  ]
 [3.   1.85 1.   1.   1.  ]]
 
Mutante 2:
[[1.2  9.   2.05 0.   9.  ]
 [0.15 2.   1.15 1.85 1.  ]]
 
Mutante 3:
[[0.75 9.   0.   7.15 4.85]
 [1.   1.   1.   2.   1.85]]
 
Mutante 4:
[[0.   7.55 0.   0.   0.  ]
 [0.15 1.   1.   2.   1.  ]]
 
Mutante 5:
[[1.05 0.   8.   7.55 3.4 ]
 [1.   3.   1.   1.   1.  ]]
 
Mutante 6:
[[9.   0.   9.   0.   1.7 ]
 [1.   3.   1.85 0.15 1.  ]]
 
Mutante 7:
[[0.   3.7  9.7  7.85 9.  ]
 [2.   2.   1.   1.   1.  ]]
 
Mutante 8:
[[1.7  9.   7.85 1.35 0.  ]
 [1.   1.   1.85 2.   1.  ]]
 
Mutante 9:
[[4.6  7.3  9.   3.7  1.05]
 [1.   1.15 2.85 1.   1.  ]]
 
Mutante 10:
[[1.05 0.   8.   9.25 6.8 ]
 [1.85 3.   1.   1.   1.  ]]
 
Mutante 11:
[[0.   0.   3.55 9.25 9.  ]
 [1.85 1.   1.15 1.   1.  ]]
 
Mutante 12:
[[0.85 1.2  9.   7.3  0.85]
 [0.15 1.   2.7  1.15 1.  ]]
 
Mutante 13:
[[0.   7.   0.   7.95 6.3 ]
 [1.   1.   1.85 2.   1.  ]]
 
Mutante 14:
[[0.   0.85 1.15 0.   0.05]
 [0.15 0.15 2.7  2.   1.  ]]
 
Mutante 15:
[[0.   9.   3.3  0.2  9.4 ]
 [0.15 1.   2.   1.   1.85]]
 
Mutante 16:
[[4.55 9.   1.   0.   9.7 ]
 [1.   1.   2.85 1.15 1.85]]
 
Mutante 17:
[[0.   5.1  1.35 8.25 2.55]
 [1.   1.   0.15 1.85 1.  ]]
 
Mutante 18:
[[4.25 5.95 9.   6.55 2.55]
 [1.   1.85 1.   1.   1.  ]]
 
Mutante 19:
[[1.75 9.   5.6  0.   8.85]
 [1.   1.   2.   1.   1.85]]
 
Mutante 20:
[[9.   5.1  3.6  8.   0.6 ]
 [0.3  1.   2.85 1.   1.  ]]
 
Mutante 21:
[[9.   1.   9.   3.3  6.  ]
 [1.   1.   3.   0.15 1.  ]]
 
Mutante 22:
[[4.15 6.   0.15 9.   3.85]
 [2.   1.   0.15 2.85 1.  ]]
 
Mutante 23:
[[0.   3.7  6.3  0.2  6.85]
 [2.   2.   1.   1.   1.  ]]
 
Mutante 24:
[[0.   7.1  9.   4.75 6.45]
 [1.15 1.   1.85 1.   1.  ]]
 
Mutante 25:
[[6.3  0.85 8.7  8.85 0.  ]
 [2.   1.   1.15 1.85 1.  ]]
 
Mutante 26:
[[9.   9.   9.4  0.   1.35]
 [1.85 1.   1.15 1.   1.  ]]
 
Mutante 27:
[[0.85 9.55 2.55 0.   9.  ]
 [1.   0.15 2.85 1.15 0.85]]
 
Mutante 28:
[[0.  3.7 5.  1.7 5. ]
 [2.  1.  1.  1.  1. ]]
 
Mutante 29:
[[7.8  0.   9.55 9.   9.  ]
 [1.   1.85 3.   1.   1.  ]]
 
Mutante 30:
[[9.7  7.1  9.   0.   4.45]
 [0.15 1.   3.   1.   1.  ]]
 
Mutante 31:
[[1.6  9.   0.   4.15 6.85]
 [1.15 1.   0.15 2.85 1.  ]]
 
Mutante 32:
[[7.7  9.   5.95 2.9  3.45]
 [0.15 1.   2.7  2.   1.  ]]
 
Mutante 33:
[[8.   7.3  8.85 1.15 6.15]
 [1.85 2.   2.   1.   1.  ]]
 
Mutante 34:
[[5.3  9.   0.   0.3  9.  ]
 [1.   1.   2.   1.85 0.15]]
 
Mutante 35:
[[0.   9.   0.2  4.75 7.65]
 [1.   1.   1.85 2.85 0.15]]
 
Mutante 36:
[[0.   3.85 3.   8.7  7.  ]
 [3.   1.85 1.   1.   1.  ]]
 
Mutante 37:
[[7.55 1.   4.6  5.   9.4 ]
 [1.   1.85 2.15 1.   1.  ]]
 
Mutante 38:
[[3.7  9.25 0.   8.85 2.9 ]
 [0.15 1.15 1.85 2.85 1.  ]]
 
Mutante 39:
[[0.   1.   6.7  9.   0.2 ]
 [2.   1.   0.15 2.85 0.15]]
 
Mutante 40:
[[0.   0.   3.85 9.   7.85]
 [2.   1.   1.85 0.15 1.  ]]
 
Mutante 41:
[[3.3  3.55 9.7  5.   9.  ]
 [0.85 1.85 1.3  1.   1.  ]]
 
Mutante 42:
[[0.85 1.6  6.7  7.85 1.75]
 [1.85 1.   1.15 1.   1.  ]]
 
Mutante 43:
[[0.   3.7  3.3  0.   5.85]
 [2.85 1.   0.15 1.85 1.  ]]
 
Mutante 44:
[[0.   0.   9.   6.7  9.  ]
 [1.   1.   3.   0.15 1.  ]]
 
Mutante 45:
[[0.05 1.05 6.45 0.   9.  ]
 [1.   1.   0.3  1.85 1.  ]]
 
Mutante 46:
[[0.   2.55 0.   9.   4.15]
 [1.   1.   2.15 1.85 1.  ]]
 
Mutante 47:
[[6.   9.   0.   9.7  0.9 ]
 [0.15 0.15 1.85 2.85 1.  ]]
 
Mutante 48:
[[3.6  0.   1.6  7.   5.3 ]
 [1.   1.   2.   1.85 2.  ]]
 
Mutante 49:
[[4.3  7.55 0.   8.   2.6 ]
 [1.85 1.   0.15 2.85 0.15]]
 
Mutante 50:
[[9.   0.   9.   7.25 4.45]
 [0.15 2.   1.85 0.15 1.85]]
 
-----------------------------------------
Número de avaliações até o momento: 450
Evoluido 1:
[[0 4 5 4 9]
 [3 1 1 2 1]]
 
Evoluido 2:
[[1 9 1 0 9]
 [2 2 1 1 1]]
 
Evoluido 3:
[[9 5 0 7 4]
 [1 2 1 2 1]]
 
Evoluido 4:
[[0 7 0 0 7]
 [0 1 1 2 1]]
 
Evoluido 5:
[[1 0 5 0 3]
 [2 3 1 1 1]]
 
Evoluido 6:
[[9 0 9 0 1]
 [1 1 2 0 1]]
 
Evoluido 7:
[[2 7 9 7 8]
 [2 2 1 1 1]]
 
Evoluido 8:
[[1 9 7 1 0]
 [1 1 1 2 1]]
 
Evoluido 9:
[[4 7 9 3 1]
 [1 1 2 1 1]]
 
Evoluido 10:
[[1 0 8 0 6]
 [1 1 2 1 1]]
 
Evoluido 11:
[[0 0 3 9 9]
 [1 1 1 1 1]]
 
Evoluido 12:
[[0 1 0 7 0]
 [1 1 1 1 1]]
 
Evoluido 13:
[[4 7 0 7 5]
 [1 1 1 2 1]]
 
Evoluido 14:
[[5 0 1 0 4]
 [0 0 1 2 1]]
 
Evoluido 15:
[[8 9 5 0 2]
 [0 1 3 1 1]]
 
Evoluido 16:
[[4 9 1 0 9]
 [1 1 1 2 1]]
 
Evoluido 17:
[[0 5 1 8 1]
 [1 1 0 1 1]]
 
Evoluido 18:
[[4 5 9 0 2]
 [1 1 1 1 1]]
 
Evoluido 19:
[[1 9 2 0 8]
 [1 1 2 1 1]]
 
Evoluido 20:
[[9 5 7 8 0]
 [0 1 2 1 1]]
 
Evoluido 21:
[[9 1 9 3 6]
 [2 1 3 0 1]]
 
Evoluido 22:
[[4 6 5 7 9]
 [1 1 3 2 1]]
 
Evoluido 23:
[[0 3 6 0 6]
 [2 1 1 1 1]]
 
Evoluido 24:
[[0 7 0 4 6]
 [1 1 1 1 1]]
 
Evoluido 25:
[[6 9 5 8 0]
 [2 1 1 1 1]]
 
Evoluido 26:
[[9 9 9 0 1]
 [1 1 1 1 1]]
 
Evoluido 27:
[[5 8 0 0 9]
 [1 0 1 1 0]]
 
Evoluido 28:
[[0 5 5 2 5]
 [1 1 1 1 1]]
 
Evoluido 29:
[[7 5 0 9 9]
 [1 1 1 1 1]]
 
Evoluido 30:
[[9 7 9 0 4]
 [0 1 3 2 1]]
 
Evoluido 31:
[[1 9 0 4 6]
 [1 1 0 2 1]]
 
Evoluido 32:
[[0 9 0 1 3]
 [0 1 2 2 1]]
 
Evoluido 33:
[[8 7 8 3 6]
 [1 2 2 1 1]]
 
Evoluido 34:
[[5 9 0 0 6]
 [1 2 2 1 1]]
 
Evoluido 35:
[[0 9 0 4 6]
 [1 1 1 2 0]]
 
Evoluido 36:
[[1 0 3 0 7]
 [1 1 1 1 1]]
 
Evoluido 37:
[[7 0 4 5 9]
 [1 1 2 1 1]]
 
Evoluido 38:
[[6 9 0 8 2]
 [1 1 1 2 1]]
 
Evoluido 39:
[[0 1 6 9 0]
 [2 1 0 2 2]]
 
Evoluido 40:
[[0 0 3 9 7]
 [2 1 2 0 1]]
 
Evoluido 41:
[[2 3 9 5 7]
 [0 1 1 1 1]]
 
Evoluido 42:
[[1 1 6 7 1]
 [1 1 3 1 1]]
 
Evoluido 43:
[[0 8 3 0 5]
 [2 1 0 1 1]]
 
Evoluido 44:
[[0 0 9 6 9]
 [1 1 3 1 1]]
 
Evoluido 45:
[[0 1 6 0 0]
 [1 1 0 1 1]]
 
Evoluido 46:
[[0 2 0 0 4]
 [1 1 2 1 1]]
 
Evoluido 47:
[[5 9 0 5 0]
 [0 0 3 2 1]]
 
Evoluido 48:
[[3 0 1 3 5]
 [1 2 2 1 1]]
 
Evoluido 49:
[[4 7 9 9 2]
 [1 1 0 1 0]]
 
Evoluido 50:
[[9 0 9 7 4]
 [0 2 1 0 1]]
 
-----------------------------------------
Individuo 1:
{
  "solucao": [7 5 7 0 3]
                [2 1 1 2 1],
  "funcao_objetivo": 0.98851142115399362017452312307107276609829438104104,
  "confiabilidade_total": 0.98851142115399362017452312307107276609829438104104
  "peso": 119.87,
  "custo": 99.03
}
 
Individuo 2:
{
  "solucao": [5 6 1 7 3]
                [2 1 1 2 1],
  "funcao_objetivo": 0.98800758057471945759943220553270204940110372632789,
  "confiabilidade_total": 0.98800758057471945759943220553270204940110372632789
  "peso": 118.03,
  "custo": 89.4
}
 
Individuo 3:
{
  "solucao": [9 5 8 7 8]
                [2 2 1 1 1],
  "funcao_objetivo": 0.98715469879535842153012876199262275965705584572557,
  "confiabilidade_total": 0.98715469879535842153012876199262275965705584572557
  "peso": 109.59,
  "custo": 97.74
}
 
Individuo 4:
{
  "solucao": [8 9 8 2 7]
                [1 2 2 1 1],
  "funcao_objetivo": 0.98549759420883959594802733574192568223508435550575,
  "confiabilidade_total": 0.98549759420883959594802733574192568223508435550575
  "peso": 117.44000000000001,
  "custo": 99.96
}
 
Individuo 5:
{
  "solucao": [0 2 5 0 5]
                [2 1 1 1 1],
  "funcao_objetivo": 0.97939169416885719102641310451439255570790105307927,
  "confiabilidade_total": 0.97939169416885719102641310451439255570790105307927
  "peso": 113.0,
  "custo": 78.44
}
 
Individuo 6:
{
  "solucao": [2 0 7 2 1]
                [1 1 2 1 1],
  "funcao_objetivo": 0.97865807291684062189417045379890107152670063015230,
  "confiabilidade_total": 0.97865807291684062189417045379890107152670063015230
  "peso": 112.13,
  "custo": 79.52
}
 
Individuo 7:
{
  "solucao": [2 7 1 0 8]
                [1 0 2 2 1],
  "funcao_objetivo": 0.98335456290052107646737015535095553531158059873164,
  "confiabilidade_total": 0.98335456290052107646737015535095553531158059873164
  "peso": 114.05,
  "custo": 84.56
}
 
Individuo 8:
{
  "solucao": [8 0 7 8 4]
                [2 1 2 1 1],
  "funcao_objetivo": 0.97845511744503273585827603528251628680059127542821,
  "confiabilidade_total": 0.97845511744503273585827603528251628680059127542821
  "peso": 116.06,
  "custo": 99.88
}
 
Individuo 9:
{
  "solucao": [5 5 6 0 8]
                [3 1 1 1 1],
  "funcao_objetivo": 0.97593898462404917673822575569105669203776138783195,
  "confiabilidade_total": 0.97593898462404917673822575569105669203776138783195
  "peso": 113.78999999999999,
  "custo": 83.07
}
 
Individuo 10:
{
  "solucao": [1 0 8 0 6]
                [1 1 2 1 1],
  "funcao_objetivo": 0.98153935565717622721416804309777246348827504784444,
  "confiabilidade_total": 0.98153935565717622721416804309777246348827504784444
  "peso": 107.82,
  "custo": 86.04
}
 
Individuo 11:
{
  "solucao": [0 7 0 0 9]
                [1 1 2 2 0],
  "funcao_objetivo": 0.99376185433656898247890252551875059739220657690635,
  "confiabilidade_total": 0.99376185433656898247890252551875059739220657690635
  "peso": 115.5,
  "custo": 95.39
}
 
Individuo 12:
{
  "solucao": [0 7 0 2 8]
                [1 1 1 2 1],
  "funcao_objetivo": 0.98167114085728192667003295639956794445092806731678,
  "confiabilidade_total": 0.98167114085728192667003295639956794445092806731678
  "peso": 114.73,
  "custo": 79.39
}
 
Individuo 13:
{
  "solucao": [4 7 0 7 5]
                [1 1 1 2 1],
  "funcao_objetivo": 0.97453472281925294885968621823296343550607538145507,
  "confiabilidade_total": 0.97453472281925294885968621823296343550607538145507
  "peso": 101.2,
  "custo": 84.97999999999999
}
 
Individuo 14:
{
  "solucao": [5 0 0 9 4]
                [2 1 1 1 1],
  "funcao_objetivo": 0.97419026624492085255543986606430633892909185920636,
  "confiabilidade_total": 0.97419026624492085255543986606430633892909185920636
  "peso": 112.16,
  "custo": 84.66999999999999
}
 
Individuo 15:
{
  "solucao": [8 7 5 2 2]
                [1 1 3 1 1],
  "funcao_objetivo": 0.97273299731035290095620699612256308413537854655702,
  "confiabilidade_total": 0.97273299731035290095620699612256308413537854655702
  "peso": 118.38000000000001,
  "custo": 78.1
}
 
Individuo 16:
{
  "solucao": [4 9 1 0 9]
                [1 1 1 2 1],
  "funcao_objetivo": 0.97359907748414787661397858269624524784698557470364,
  "confiabilidade_total": 0.97359907748414787661397858269624524784698557470364
  "peso": 119.21,
  "custo": 96.59
}
 
Individuo 17:
{
  "solucao": [7 6 7 3 1]
                [1 1 3 1 1],
  "funcao_objetivo": 0.97013166652609817975920384740268917514581664626180,
  "confiabilidade_total": 0.97013166652609817975920384740268917514581664626180
  "peso": 116.87,
  "custo": 98.46
}
 
Individuo 18:
{
  "solucao": [0 0 5 0 6]
                [1 1 1 2 1],
  "funcao_objetivo": 0.97716797876493203858189876471986927789638701952530,
  "confiabilidade_total": 0.97716797876493203858189876471986927789638701952530
  "peso": 115.83,
  "custo": 87.12
}
 
Individuo 19:
{
  "solucao": [2 5 2 8 8]
                [1 2 1 2 1],
  "funcao_objetivo": 0.97912926167798614869721030749425967416708147116874,
  "confiabilidade_total": 0.97912926167798614869721030749425967416708147116874
  "peso": 118.66,
  "custo": 79.64999999999999
}
 
Individuo 20:
{
  "solucao": [5 5 7 8 4]
                [1 1 2 2 1],
  "funcao_objetivo": 0.98826056789965987811945349243863956904339907550966,
  "confiabilidade_total": 0.98826056789965987811945349243863956904339907550966
  "peso": 110.67,
  "custo": 91.03999999999999
}
 
Individuo 21:
{
  "solucao": [0 3 3 7 7]
                [2 1 1 1 1],
  "funcao_objetivo": 0.96819892909416197754052187528153301567069129752262,
  "confiabilidade_total": 0.96819892909416197754052187528153301567069129752262
  "peso": 113.14000000000001,
  "custo": 85.86000000000001
}
 
Individuo 22:
{
  "solucao": [7 4 5 7 9]
                [1 1 3 1 1],
  "funcao_objetivo": 0.96722792292993581378905830059250768707481987734946,
  "confiabilidade_total": 0.96722792292993581378905830059250768707481987734946
  "peso": 114.65,
  "custo": 92.44
}
 
Individuo 23:
{
  "solucao": [7 3 9 2 2]
                [1 1 2 1 1],
  "funcao_objetivo": 0.96986592030260955588969404926782018588795229584649,
  "confiabilidade_total": 0.96986592030260955588969404926782018588795229584649
  "peso": 118.58000000000001,
  "custo": 81.38
}
 
Individuo 24:
{
  "solucao": [5 5 0 5 6]
                [2 1 1 2 1],
  "funcao_objetivo": 0.98882782993686669707166791563382329198627168794659,
  "confiabilidade_total": 0.98882782993686669707166791563382329198627168794659
  "peso": 113.93999999999998,
  "custo": 80.03
}
 
Individuo 25:
{
  "solucao": [8 9 5 0 0]
                [2 1 1 1 1],
  "funcao_objetivo": 0.97090710280750265390267874802591552656579611118008,
  "confiabilidade_total": 0.97090710280750265390267874802591552656579611118008
  "peso": 102.83999999999999,
  "custo": 87.02
}
 
Individuo 26:
{
  "solucao": [7 1 8 5 0]
                [1 3 1 1 1],
  "funcao_objetivo": 0.96633648912333111078951333204219306552469477297049,
  "confiabilidade_total": 0.96633648912333111078951333204219306552469477297049
  "peso": 118.03,
  "custo": 98.86
}
 
Individuo 27:
{
  "solucao": [5 8 0 8 4]
                [1 1 1 2 1],
  "funcao_objetivo": 0.97278300281814056217920493230824946996594520259276,
  "confiabilidade_total": 0.97278300281814056217920493230824946996594520259276
  "peso": 102.49,
  "custo": 80.50999999999999
}
 
Individuo 28:
{
  "solucao": [7 5 1 2 5]
                [1 1 2 1 1],
  "funcao_objetivo": 0.97033230236612829880293694383377407191858529721939,
  "confiabilidade_total": 0.97033230236612829880293694383377407191858529721939
  "peso": 102.54000000000002,
  "custo": 74.45
}
 
Individuo 29:
{
  "solucao": [2 5 0 0 8]
                [1 1 1 2 1],
  "funcao_objetivo": 0.98000231784259701665773964212692855764401224904811,
  "confiabilidade_total": 0.98000231784259701665773964212692855764401224904811
  "peso": 112.85000000000001,
  "custo": 81.47999999999999
}
 
Individuo 30:
{
  "solucao": [0 8 7 9 0]
                [1 1 1 2 1],
  "funcao_objetivo": 0.97183541792830524340292825267539764372128571622817,
  "confiabilidade_total": 0.97183541792830524340292825267539764372128571622817
  "peso": 106.08999999999999,
  "custo": 95.99
}
 
Individuo 31:
{
  "solucao": [6 2 0 0 8]
                [1 2 1 1 1],
  "funcao_objetivo": 0.97121607782425549959297659367883300629049435116508,
  "confiabilidade_total": 0.97621607782425545199216441287524633562728658177116
  "peso": 120.6,
  "custo": 76.92
}
 
Individuo 32:
{
  "solucao": [0 5 0 1 0]
                [1 1 1 2 1],
  "funcao_objetivo": 0.98337653907257636615124848008174606495595251724093,
  "confiabilidade_total": 0.98337653907257636615124848008174606495595251724093
  "peso": 111.74,
  "custo": 88.14
}
 
Individuo 33:
{
  "solucao": [8 7 8 3 6]
                [1 2 2 1 1],
  "funcao_objetivo": 0.98535188115662823329137699386218901995571179380936,
  "confiabilidade_total": 0.98535188115662823329137699386218901995571179380936
  "peso": 114.21,
  "custo": 94.08000000000001
}
 
Individuo 34:
{
  "solucao": [0 2 8 7 6]
                [2 2 0 1 1],
  "funcao_objetivo": 0.98084243140122331942929226245273636943696030116370,
  "confiabilidade_total": 0.98225909806789000029235761535493336107267961538127
  "peso": 120.17,
  "custo": 78.41000000000001
}
 
Individuo 35:
{
  "solucao": [6 5 0 8 6]
                [1 1 1 2 1],
  "funcao_objetivo": 0.97287585289830271095528647573597005030954079896271,
  "confiabilidade_total": 0.97287585289830271095528647573597005030954079896271
  "peso": 104.19999999999999,
  "custo": 77.86
}
 
Individuo 36:
{
  "solucao": [1 0 2 0 6]
                [1 1 1 2 1],
  "funcao_objetivo": 0.96496859737850126879976381046287205559228275633775,
  "confiabilidade_total": 0.97880193071183469190388054327865465334643338538133
  "peso": 121.66000000000001,
  "custo": 84.94
}
 
Individuo 37:
{
  "solucao": [0 0 1 5 9]
                [1 1 2 1 1],
  "funcao_objetivo": 0.97633125386001659863413932755355370168933870588450,
  "confiabilidade_total": 0.97633125386001659863413932755355370168933870588450
  "peso": 109.88000000000001,
  "custo": 89.82
}
 
Individuo 38:
{
  "solucao": [6 9 0 8 2]
                [1 1 1 2 1],
  "funcao_objetivo": 0.97275373043671370758597073154300296369307223447692,
  "confiabilidade_total": 0.97275373043671370758597073154300296369307223447692
  "peso": 110.59,
  "custo": 82.46
}
 
Individuo 39:
{
  "solucao": [7 3 5 7 7]
                [1 1 2 1 2],
  "funcao_objetivo": 0.96788324067291306712819305386794476197641369215879,
  "confiabilidade_total": 0.96788324067291306712819305386794476197641369215879
  "peso": 108.21,
  "custo": 91.96000000000001
}
 
Individuo 40:
{
  "solucao": [0 5 5 7 6]
                [1 1 2 1 1],
  "funcao_objetivo": 0.96440158938992155503754954892176347451964970263595,
  "confiabilidade_total": 0.96440158938992155503754954892176347451964970263595
  "peso": 98.63000000000001,
  "custo": 74.25000000000001
}
 
Individuo 41:
{
  "solucao": [2 1 5 8 7]
                [2 1 1 2 1],
  "funcao_objetivo": 0.97579646983105852297558116206648605760814075347185,
  "confiabilidade_total": 0.98912980316439192655365044928732800066166941996813
  "peso": 121.60000000000001,
  "custo": 85.58000000000001
}
 
Individuo 42:
{
  "solucao": [1 0 7 5 5]
                [1 1 3 1 1],
  "funcao_objetivo": 0.97740349931936009386292172991832184890191874337311,
  "confiabilidade_total": 0.97740349931936009386292172991832184890191874337311
  "peso": 110.28000000000002,
  "custo": 96.0
}
 
Individuo 43:
{
  "solucao": [9 8 6 4 9]
                [1 1 2 1 1],
  "funcao_objetivo": 0.96152677059281935314819873358000063300100543910670,
  "confiabilidade_total": 0.96152677059281935314819873358000063300100543910670
  "peso": 115.19,
  "custo": 87.70999999999998
}
 
Individuo 44:
{
  "solucao": [8 2 9 1 7]
                [1 1 2 1 1],
  "funcao_objetivo": 0.97243526022241113441732859654312532326996673613180,
  "confiabilidade_total": 0.97243526022241113441732859654312532326996673613180
  "peso": 106.38,
  "custo": 88.01
}
 
Individuo 45:
{
  "solucao": [2 7 5 8 0]
                [1 1 1 2 1],
  "funcao_objetivo": 0.96837179101567062949500402708634005458254367491811,
  "confiabilidade_total": 0.96837179101567062949500402708634005458254367491811
  "peso": 101.03999999999999,
  "custo": 77.45
}
 
Individuo 46:
{
  "solucao": [7 8 1 0 1]
                [0 1 2 1 1],
  "funcao_objetivo": 0.95317356551718050263012694367036880602046762030305,
  "confiabilidade_total": 0.95317356551718050263012694367036880602046762030305
  "peso": 89.15,
  "custo": 73.71000000000001
}
 
Individuo 47:
{
  "solucao": [5 9 0 5 0]
                [0 0 3 2 1],
  "funcao_objetivo": 0.96976603200365703221747084136620069000890190703934,
  "confiabilidade_total": 0.96976603200365703221747084136620069000890190703934
  "peso": 110.54,
  "custo": 85.06
}
 
Individuo 48:
{
  "solucao": [5 9 9 3 8]
                [2 2 1 1 1],
  "funcao_objetivo": 0.97573581329325061583224570593912469613491934548696,
  "confiabilidade_total": 0.98756914662658396256689613235195176949850660573324
  "peso": 121.42,
  "custo": 99.32000000000001
}
 
Individuo 49:
{
  "solucao": [0 2 9 9 9]
                [2 1 1 1 1],
  "funcao_objetivo": 0.96790653900731180964349707006076156490517725897522,
  "confiabilidade_total": 0.96790653900731180964349707006076156490517725897522
  "peso": 118.49999999999999,
  "custo": 95.07999999999998
}
 
Individuo 50:
{
  "solucao": [0 0 9 4 0]
                [1 1 1 1 1],
  "funcao_objetivo": 0.95953173544768099025506946920034802013374700462577,
  "confiabilidade_total": 0.95953173544768099025506946920034802013374700462577
  "peso": 102.97,
  "custo": 80.16
}
 
-----------------------------------------
GERACAO 10
Mutante 1:
[[0.   3.4  0.   6.7  9.  ]
 [1.   1.   2.85 1.   1.  ]]
 
Mutante 2:
[[7.   1.75 1.9  9.   0.  ]
 [0.15 1.   3.   1.   1.  ]]
 
Mutante 3:
[[9.  9.  6.3 8.8 3.6]
 [1.  2.  2.  1.  1. ]]
 
Mutante 4:
[[9.55 1.85 7.15 4.15 0.  ]
 [1.85 2.15 1.   1.   1.  ]]
 
Mutante 5:
[[1.6  9.85 5.95 6.7  0.  ]
 [1.   1.   3.   2.   1.  ]]
 
Mutante 6:
[[0.   0.   3.4  9.   7.4 ]
 [3.   1.   0.15 1.   1.  ]]
 
Mutante 7:
[[7.1  5.85 5.4  2.05 8.  ]
 [0.15 2.   1.85 1.15 1.  ]]
 
Mutante 8:
[[1.7  0.   7.25 9.   5.3 ]
 [2.85 1.   0.15 1.   1.85]]
 
Mutante 9:
[[9.   7.65 0.   7.3  9.95]
 [2.   1.85 1.85 1.   1.  ]]
 
Mutante 10:
[[3.7  1.7  9.   7.95 1.  ]
 [1.   1.   2.   1.   1.  ]]
 
Mutante 11:
[[9.25 5.15 2.7  2.75 3.85]
 [2.   1.   2.7  1.15 1.  ]]
 
Mutante 12:
[[6.8  5.95 0.   0.   3.9 ]
 [1.   0.15 2.85 1.   1.  ]]
 
Mutante 13:
[[8.85 9.   5.45 4.55 8.7 ]
 [1.   2.   2.   1.   1.  ]]
 
Mutante 14:
[[3.4  7.65 0.   9.   9.85]
 [1.   1.   1.15 1.85 1.  ]]
 
Mutante 15:
[[5.1  0.   6.7  7.   9.4 ]
 [1.85 1.   2.85 0.15 1.  ]]
 
Mutante 16:
[[7.85 6.1  4.6  3.3  0.  ]
 [1.85 3.   0.15 1.   1.  ]]
 
Mutante 17:
[[2.75 1.45 6.7  2.75 3.9 ]
 [1.   1.   3.   1.   0.15]]
 
Mutante 18:
[[9.   6.25 0.   1.7  5.45]
 [0.15 2.   2.7  1.   1.  ]]
 
Mutante 19:
[[0.   9.55 0.   2.85 4.6 ]
 [0.15 0.15 1.   2.85 1.  ]]
 
Mutante 20:
[[2.55 2.15 9.8  2.75 8.7 ]
 [2.   1.85 1.85 0.15 1.  ]]
 
Mutante 21:
[[0.   0.   8.15 9.   0.  ]
 [0.15 1.   1.   1.85 1.  ]]
 
Mutante 22:
[[5.3  9.   1.   0.   0.15]
 [1.   1.   2.85 0.15 1.  ]]
 
Mutante 23:
[[3.75 6.15 8.   0.   9.4 ]
 [1.   2.   2.   1.   1.  ]]
 
Mutante 24:
[[1.9  9.95 3.3  7.   5.6 ]
 [0.15 1.   2.15 1.85 1.  ]]
 
Mutante 25:
[[5.85 7.55 2.55 1.6  3.45]
 [2.   1.85 0.15 2.   1.  ]]
 
Mutante 26:
[[0.   0.   8.   5.3  8.55]
 [2.85 2.   1.   1.   1.  ]]
 
Mutante 27:
[[9.   2.75 9.   2.15 5.15]
 [1.   2.   2.85 0.15 1.  ]]
 
Mutante 28:
[[9.   3.3  9.   1.7  0.  ]
 [2.   1.   1.85 1.15 1.  ]]
 
Mutante 29:
[[8.   0.   7.85 7.15 4.  ]
 [2.   0.15 2.   1.   1.  ]]
 
Mutante 30:
[[5.7  9.   0.15 5.95 6.45]
 [1.   1.85 0.15 2.   1.  ]]
 
Mutante 31:
[[2.75 0.   9.   4.45 9.55]
 [1.   1.   3.   0.15 2.  ]]
 
Mutante 32:
[[0.   0.   7.85 0.   6.95]
 [1.   1.   2.85 0.15 1.  ]]
 
Mutante 33:
[[0.   0.   0.85 9.   0.  ]
 [2.   0.15 0.15 1.   1.  ]]
 
Mutante 34:
[[3.75 5.3  2.45 7.95 1.15]
 [0.15 1.   3.   1.   1.  ]]
 
Mutante 35:
[[9.   9.   5.   0.   0.  ]
 [1.15 1.   2.7  0.15 1.  ]]
 
Mutante 36:
[[5.85 1.6  6.15 9.   1.45]
 [1.85 1.   2.   2.   1.  ]]
 
Mutante 37:
[[0.85 2.85 5.   0.85 4.15]
 [2.   1.   1.   1.   1.  ]]
 
Mutante 38:
[[0.85 3.75 7.   9.   0.85]
 [1.   1.   1.85 1.15 1.  ]]
 
Mutante 39:
[[7.   0.75 9.   4.25 1.3 ]
 [2.85 1.85 0.15 1.15 1.  ]]
 
Mutante 40:
[[0.   8.7  9.25 0.35 0.85]
 [1.   1.   1.   2.   1.  ]]
 
Mutante 41:
[[6.   0.   0.   0.   9.7 ]
 [1.85 2.   1.   1.   1.  ]]
 
Mutante 42:
[[0.2  1.3  9.   6.25 5.4 ]
 [1.   1.   1.15 1.   1.  ]]
 
Mutante 43:
[[7.95 0.   9.   6.25 1.85]
 [1.   1.   3.   0.15 1.  ]]
 
Mutante 44:
[[2.45 4.6  0.   9.   3.15]
 [0.15 1.   1.   2.85 1.  ]]
 
Mutante 45:
[[7.   4.3  0.2  0.   1.  ]
 [0.15 1.   3.   1.   1.  ]]
 
Mutante 46:
[[7.3  9.   0.05 5.7  8.15]
 [0.15 0.15 2.   1.85 1.  ]]
 
Mutante 47:
[[0.15 5.95 0.2  5.   7.55]
 [1.   1.   3.   1.85 0.15]]
 
Mutante 48:
[[3.6  3.55 1.2  5.85 0.  ]
 [0.15 2.15 1.   1.85 1.  ]]
 
Mutante 49:
[[0.  0.  4.7 0.2 9. ]
 [2.  1.  1.  1.  1. ]]
 
Mutante 50:
[[4.6  2.75 8.   0.45 6.85]
 [1.   2.   2.85 0.15 1.  ]]
 
-----------------------------------------
Número de avaliações até o momento: 500
Evoluido 1:
[[0 3 0 6 9]
 [1 1 2 1 1]]
 
Evoluido 2:
[[7 1 1 7 0]
 [2 1 3 1 1]]
 
Evoluido 3:
[[9 9 6 7 8]
 [2 2 2 1 1]]
 
Evoluido 4:
[[9 9 7 4 0]
 [1 2 2 1 1]]
 
Evoluido 5:
[[1 9 5 6 0]
 [1 1 3 2 1]]
 
Evoluido 6:
[[0 0 3 2 7]
 [3 1 2 1 1]]
 
Evoluido 7:
[[7 5 5 2 8]
 [0 2 1 1 1]]
 
Evoluido 8:
[[8 0 7 8 5]
 [2 1 0 1 1]]
 
Evoluido 9:
[[9 5 0 7 9]
 [2 1 1 1 1]]
 
Evoluido 10:
[[1 1 9 7 1]
 [1 1 2 1 1]]
 
Evoluido 11:
[[9 5 0 2 3]
 [2 1 2 1 1]]
 
Evoluido 12:
[[6 7 0 2 3]
 [1 0 1 1 1]]
 
Evoluido 13:
[[4 9 0 4 8]
 [1 2 1 2 1]]
 
Evoluido 14:
[[5 7 0 9 9]
 [1 1 1 1 1]]
 
Evoluido 15:
[[5 0 5 7 9]
 [1 1 2 0 1]]
 
Evoluido 16:
[[7 6 4 3 0]
 [1 3 0 2 1]]
 
Evoluido 17:
[[2 1 6 3 1]
 [1 1 3 1 0]]
 
Evoluido 18:
[[0 0 5 1 5]
 [0 2 1 1 1]]
 
Evoluido 19:
[[0 9 2 2 8]
 [0 0 1 2 1]]
 
Evoluido 20:
[[5 2 9 2 4]
 [2 1 1 2 1]]
 
Evoluido 21:
[[0 3 8 7 0]
 [0 1 1 1 1]]
 
Evoluido 22:
[[5 9 1 0 9]
 [1 1 2 0 1]]
 
Evoluido 23:
[[3 6 8 0 2]
 [1 2 2 1 1]]
 
Evoluido 24:
[[1 5 3 7 5]
 [0 1 2 1 1]]
 
Evoluido 25:
[[5 7 5 1 3]
 [2 1 0 2 1]]
 
Evoluido 26:
[[0 0 8 5 8]
 [2 2 1 1 1]]
 
Evoluido 27:
[[9 8 0 8 5]
 [1 1 2 0 1]]
 
Evoluido 28:
[[9 3 1 2 0]
 [1 1 1 1 1]]
 
Evoluido 29:
[[8 5 7 7 8]
 [2 0 2 2 1]]
 
Evoluido 30:
[[5 9 0 5 6]
 [1 1 0 2 1]]
 
Evoluido 31:
[[2 0 9 4 8]
 [1 1 1 0 2]]
 
Evoluido 32:
[[0 0 7 1 0]
 [1 1 2 2 1]]
 
Evoluido 33:
[[0 0 0 3 6]
 [1 0 0 1 1]]
 
Evoluido 34:
[[3 2 2 7 6]
 [0 2 0 1 1]]
 
Evoluido 35:
[[9 9 5 0 0]
 [1 1 2 2 1]]
 
Evoluido 36:
[[5 1 6 9 1]
 [1 1 2 2 1]]
 
Evoluido 37:
[[0 0 5 0 4]
 [2 1 1 1 1]]
 
Evoluido 38:
[[6 9 7 9 0]
 [1 1 1 2 1]]
 
Evoluido 39:
[[7 0 9 4 7]
 [1 1 2 1 1]]
 
Evoluido 40:
[[0 5 9 0 6]
 [1 1 1 2 1]]
 
Evoluido 41:
[[6 1 5 0 7]
 [2 2 1 1 1]]
 
Evoluido 42:
[[1 0 9 6 5]
 [1 1 1 1 1]]
 
Evoluido 43:
[[7 8 6 6 9]
 [1 1 3 0 1]]
 
Evoluido 44:
[[2 2 0 9 7]
 [0 1 2 2 1]]
 
Evoluido 45:
[[7 4 0 0 1]
 [0 1 3 1 1]]
 
Evoluido 46:
[[7 9 0 0 8]
 [0 0 2 1 1]]
 
Evoluido 47:
[[5 5 0 5 0]
 [0 1 3 1 0]]
 
Evoluido 48:
[[5 9 1 5 0]
 [2 2 1 1 1]]
 
Evoluido 49:
[[0 0 4 0 9]
 [2 1 1 1 1]]
 
Evoluido 50:
[[4 0 8 0 6]
 [1 2 2 1 1]]
 
-----------------------------------------
Individuo 1:
{
  "solucao": [7 5 7 0 3]
                [2 1 1 2 1],
  "funcao_objetivo": 0.98851142115399362017452312307107276609829438104104,
  "confiabilidade_total": 0.98851142115399362017452312307107276609829438104104
  "peso": 119.87,
  "custo": 99.03
}
 
Individuo 2:
{
  "solucao": [5 6 1 7 3]
                [2 1 1 2 1],
  "funcao_objetivo": 0.98800758057471945759943220553270204940110372632789,
  "confiabilidade_total": 0.98800758057471945759943220553270204940110372632789
  "peso": 118.03,
  "custo": 89.4
}
 
Individuo 3:
{
  "solucao": [9 5 8 7 8]
                [2 2 1 1 1],
  "funcao_objetivo": 0.98715469879535842153012876199262275965705584572557,
  "confiabilidade_total": 0.98715469879535842153012876199262275965705584572557
  "peso": 109.59,
  "custo": 97.74
}
 
Individuo 4:
{
  "solucao": [8 9 8 2 7]
                [1 2 2 1 1],
  "funcao_objetivo": 0.98549759420883959594802733574192568223508435550575,
  "confiabilidade_total": 0.98549759420883959594802733574192568223508435550575
  "peso": 117.44000000000001,
  "custo": 99.96
}
 
Individuo 5:
{
  "solucao": [0 2 5 0 5]
                [2 1 1 1 1],
  "funcao_objetivo": 0.97939169416885719102641310451439255570790105307927,
  "confiabilidade_total": 0.97939169416885719102641310451439255570790105307927
  "peso": 113.0,
  "custo": 78.44
}
 
Individuo 6:
{
  "solucao": [2 0 7 2 1]
                [1 1 2 1 1],
  "funcao_objetivo": 0.97865807291684062189417045379890107152670063015230,
  "confiabilidade_total": 0.97865807291684062189417045379890107152670063015230
  "peso": 112.13,
  "custo": 79.52
}
 
Individuo 7:
{
  "solucao": [2 7 1 0 8]
                [1 0 2 2 1],
  "funcao_objetivo": 0.98335456290052107646737015535095553531158059873164,
  "confiabilidade_total": 0.98335456290052107646737015535095553531158059873164
  "peso": 114.05,
  "custo": 84.56
}
 
Individuo 8:
{
  "solucao": [8 0 7 8 4]
                [2 1 2 1 1],
  "funcao_objetivo": 0.97845511744503273585827603528251628680059127542821,
  "confiabilidade_total": 0.97845511744503273585827603528251628680059127542821
  "peso": 116.06,
  "custo": 99.88
}
 
Individuo 9:
{
  "solucao": [5 5 6 0 8]
                [3 1 1 1 1],
  "funcao_objetivo": 0.97593898462404917673822575569105669203776138783195,
  "confiabilidade_total": 0.97593898462404917673822575569105669203776138783195
  "peso": 113.78999999999999,
  "custo": 83.07
}
 
Individuo 10:
{
  "solucao": [1 0 8 0 6]
                [1 1 2 1 1],
  "funcao_objetivo": 0.98153935565717622721416804309777246348827504784444,
  "confiabilidade_total": 0.98153935565717622721416804309777246348827504784444
  "peso": 107.82,
  "custo": 86.04
}
 
Individuo 11:
{
  "solucao": [0 7 0 0 9]
                [1 1 2 2 0],
  "funcao_objetivo": 0.99376185433656898247890252551875059739220657690635,
  "confiabilidade_total": 0.99376185433656898247890252551875059739220657690635
  "peso": 115.5,
  "custo": 95.39
}
 
Individuo 12:
{
  "solucao": [0 7 0 2 8]
                [1 1 1 2 1],
  "funcao_objetivo": 0.98167114085728192667003295639956794445092806731678,
  "confiabilidade_total": 0.98167114085728192667003295639956794445092806731678
  "peso": 114.73,
  "custo": 79.39
}
 
Individuo 13:
{
  "solucao": [4 7 0 7 5]
                [1 1 1 2 1],
  "funcao_objetivo": 0.97453472281925294885968621823296343550607538145507,
  "confiabilidade_total": 0.97453472281925294885968621823296343550607538145507
  "peso": 101.2,
  "custo": 84.97999999999999
}
 
Individuo 14:
{
  "solucao": [5 0 0 9 4]
                [2 1 1 1 1],
  "funcao_objetivo": 0.97419026624492085255543986606430633892909185920636,
  "confiabilidade_total": 0.97419026624492085255543986606430633892909185920636
  "peso": 112.16,
  "custo": 84.66999999999999
}
 
Individuo 15:
{
  "solucao": [8 7 5 2 2]
                [1 1 3 1 1],
  "funcao_objetivo": 0.97273299731035290095620699612256308413537854655702,
  "confiabilidade_total": 0.97273299731035290095620699612256308413537854655702
  "peso": 118.38000000000001,
  "custo": 78.1
}
 
Individuo 16:
{
  "solucao": [4 9 1 0 9]
                [1 1 1 2 1],
  "funcao_objetivo": 0.97359907748414787661397858269624524784698557470364,
  "confiabilidade_total": 0.97359907748414787661397858269624524784698557470364
  "peso": 119.21,
  "custo": 96.59
}
 
Individuo 17:
{
  "solucao": [7 6 7 3 1]
                [1 1 3 1 1],
  "funcao_objetivo": 0.97013166652609817975920384740268917514581664626180,
  "confiabilidade_total": 0.97013166652609817975920384740268917514581664626180
  "peso": 116.87,
  "custo": 98.46
}
 
Individuo 18:
{
  "solucao": [0 0 5 0 6]
                [1 1 1 2 1],
  "funcao_objetivo": 0.97716797876493203858189876471986927789638701952530,
  "confiabilidade_total": 0.97716797876493203858189876471986927789638701952530
  "peso": 115.83,
  "custo": 87.12
}
 
Individuo 19:
{
  "solucao": [2 5 2 8 8]
                [1 2 1 2 1],
  "funcao_objetivo": 0.97912926167798614869721030749425967416708147116874,
  "confiabilidade_total": 0.97912926167798614869721030749425967416708147116874
  "peso": 118.66,
  "custo": 79.64999999999999
}
 
Individuo 20:
{
  "solucao": [5 5 7 8 4]
                [1 1 2 2 1],
  "funcao_objetivo": 0.98826056789965987811945349243863956904339907550966,
  "confiabilidade_total": 0.98826056789965987811945349243863956904339907550966
  "peso": 110.67,
  "custo": 91.03999999999999
}
 
Individuo 21:
{
  "solucao": [0 3 3 7 7]
                [2 1 1 1 1],
  "funcao_objetivo": 0.96819892909416197754052187528153301567069129752262,
  "confiabilidade_total": 0.96819892909416197754052187528153301567069129752262
  "peso": 113.14000000000001,
  "custo": 85.86000000000001
}
 
Individuo 22:
{
  "solucao": [7 4 5 7 9]
                [1 1 3 1 1],
  "funcao_objetivo": 0.96722792292993581378905830059250768707481987734946,
  "confiabilidade_total": 0.96722792292993581378905830059250768707481987734946
  "peso": 114.65,
  "custo": 92.44
}
 
Individuo 23:
{
  "solucao": [7 3 9 2 2]
                [1 1 2 1 1],
  "funcao_objetivo": 0.96986592030260955588969404926782018588795229584649,
  "confiabilidade_total": 0.96986592030260955588969404926782018588795229584649
  "peso": 118.58000000000001,
  "custo": 81.38
}
 
Individuo 24:
{
  "solucao": [5 5 0 5 6]
                [2 1 1 2 1],
  "funcao_objetivo": 0.98882782993686669707166791563382329198627168794659,
  "confiabilidade_total": 0.98882782993686669707166791563382329198627168794659
  "peso": 113.93999999999998,
  "custo": 80.03
}
 
Individuo 25:
{
  "solucao": [8 9 5 0 0]
                [2 1 1 1 1],
  "funcao_objetivo": 0.97090710280750265390267874802591552656579611118008,
  "confiabilidade_total": 0.97090710280750265390267874802591552656579611118008
  "peso": 102.83999999999999,
  "custo": 87.02
}
 
Individuo 26:
{
  "solucao": [7 1 8 5 0]
                [1 3 1 1 1],
  "funcao_objetivo": 0.96633648912333111078951333204219306552469477297049,
  "confiabilidade_total": 0.96633648912333111078951333204219306552469477297049
  "peso": 118.03,
  "custo": 98.86
}
 
Individuo 27:
{
  "solucao": [5 8 0 8 4]
                [1 1 1 2 1],
  "funcao_objetivo": 0.97278300281814056217920493230824946996594520259276,
  "confiabilidade_total": 0.97278300281814056217920493230824946996594520259276
  "peso": 102.49,
  "custo": 80.50999999999999
}
 
Individuo 28:
{
  "solucao": [7 5 1 2 5]
                [1 1 2 1 1],
  "funcao_objetivo": 0.97033230236612829880293694383377407191858529721939,
  "confiabilidade_total": 0.97033230236612829880293694383377407191858529721939
  "peso": 102.54000000000002,
  "custo": 74.45
}
 
Individuo 29:
{
  "solucao": [2 5 0 0 8]
                [1 1 1 2 1],
  "funcao_objetivo": 0.98000231784259701665773964212692855764401224904811,
  "confiabilidade_total": 0.98000231784259701665773964212692855764401224904811
  "peso": 112.85000000000001,
  "custo": 81.47999999999999
}
 
Individuo 30:
{
  "solucao": [0 8 7 9 0]
                [1 1 1 2 1],
  "funcao_objetivo": 0.97183541792830524340292825267539764372128571622817,
  "confiabilidade_total": 0.97183541792830524340292825267539764372128571622817
  "peso": 106.08999999999999,
  "custo": 95.99
}
 
Individuo 31:
{
  "solucao": [6 2 0 0 8]
                [1 2 1 1 1],
  "funcao_objetivo": 0.97121607782425549959297659367883300629049435116508,
  "confiabilidade_total": 0.97621607782425545199216441287524633562728658177116
  "peso": 120.6,
  "custo": 76.92
}
 
Individuo 32:
{
  "solucao": [0 5 0 1 0]
                [1 1 1 2 1],
  "funcao_objetivo": 0.98337653907257636615124848008174606495595251724093,
  "confiabilidade_total": 0.98337653907257636615124848008174606495595251724093
  "peso": 111.74,
  "custo": 88.14
}
 
Individuo 33:
{
  "solucao": [8 7 8 3 6]
                [1 2 2 1 1],
  "funcao_objetivo": 0.98535188115662823329137699386218901995571179380936,
  "confiabilidade_total": 0.98535188115662823329137699386218901995571179380936
  "peso": 114.21,
  "custo": 94.08000000000001
}
 
Individuo 34:
{
  "solucao": [0 2 8 7 6]
                [2 2 0 1 1],
  "funcao_objetivo": 0.98084243140122331942929226245273636943696030116370,
  "confiabilidade_total": 0.98225909806789000029235761535493336107267961538127
  "peso": 120.17,
  "custo": 78.41000000000001
}
 
Individuo 35:
{
  "solucao": [6 5 0 8 6]
                [1 1 1 2 1],
  "funcao_objetivo": 0.97287585289830271095528647573597005030954079896271,
  "confiabilidade_total": 0.97287585289830271095528647573597005030954079896271
  "peso": 104.19999999999999,
  "custo": 77.86
}
 
Individuo 36:
{
  "solucao": [1 0 2 0 6]
                [1 1 1 2 1],
  "funcao_objetivo": 0.96496859737850126879976381046287205559228275633775,
  "confiabilidade_total": 0.97880193071183469190388054327865465334643338538133
  "peso": 121.66000000000001,
  "custo": 84.94
}
 
Individuo 37:
{
  "solucao": [0 0 5 0 4]
                [2 1 1 1 1],
  "funcao_objetivo": 0.98331588432946957688747428079658090020942734634356,
  "confiabilidade_total": 0.98331588432946957688747428079658090020942734634356
  "peso": 119.56,
  "custo": 88.78999999999999
}
 
Individuo 38:
{
  "solucao": [6 9 0 8 2]
                [1 1 1 2 1],
  "funcao_objetivo": 0.97275373043671370758597073154300296369307223447692,
  "confiabilidade_total": 0.97275373043671370758597073154300296369307223447692
  "peso": 110.59,
  "custo": 82.46
}
 
Individuo 39:
{
  "solucao": [7 0 9 4 7]
                [1 1 2 1 1],
  "funcao_objetivo": 0.97229793179246276811325700696363887969973207247974,
  "confiabilidade_total": 0.97229793179246276811325700696363887969973207247974
  "peso": 109.14000000000001,
  "custo": 95.41
}
 
Individuo 40:
{
  "solucao": [0 5 9 0 6]
                [1 1 1 2 1],
  "funcao_objetivo": 0.97252117658141492697805125045544522346655026377111,
  "confiabilidade_total": 0.97252117658141492697805125045544522346655026377111
  "peso": 113.96999999999998,
  "custo": 88.80000000000001
}
 
Individuo 41:
{
  "solucao": [2 1 5 8 7]
                [2 1 1 2 1],
  "funcao_objetivo": 0.97579646983105852297558116206648605760814075347185,
  "confiabilidade_total": 0.98912980316439192655365044928732800066166941996813
  "peso": 121.60000000000001,
  "custo": 85.58000000000001
}
 
Individuo 42:
{
  "solucao": [1 0 7 5 5]
                [1 1 3 1 1],
  "funcao_objetivo": 0.97740349931936009386292172991832184890191874337311,
  "confiabilidade_total": 0.97740349931936009386292172991832184890191874337311
  "peso": 110.28000000000002,
  "custo": 96.0
}
 
Individuo 43:
{
  "solucao": [9 8 6 4 9]
                [1 1 2 1 1],
  "funcao_objetivo": 0.96152677059281935314819873358000063300100543910670,
  "confiabilidade_total": 0.96152677059281935314819873358000063300100543910670
  "peso": 115.19,
  "custo": 87.70999999999998
}
 
Individuo 44:
{
  "solucao": [2 2 0 9 7]
                [0 1 2 2 1],
  "funcao_objetivo": 0.97808629716357646705235308771532136638818548582212,
  "confiabilidade_total": 0.97808629716357646705235308771532136638818548582212
  "peso": 114.24000000000001,
  "custo": 92.13
}
 
Individuo 45:
{
  "solucao": [2 7 5 8 0]
                [1 1 1 2 1],
  "funcao_objetivo": 0.96837179101567062949500402708634005458254367491811,
  "confiabilidade_total": 0.96837179101567062949500402708634005458254367491811
  "peso": 101.03999999999999,
  "custo": 77.45
}
 
Individuo 46:
{
  "solucao": [7 8 1 0 1]
                [0 1 2 1 1],
  "funcao_objetivo": 0.95317356551718050263012694367036880602046762030305,
  "confiabilidade_total": 0.95317356551718050263012694367036880602046762030305
  "peso": 89.15,
  "custo": 73.71000000000001
}
 
Individuo 47:
{
  "solucao": [5 9 0 5 0]
                [0 0 3 2 1],
  "funcao_objetivo": 0.96976603200365703221747084136620069000890190703934,
  "confiabilidade_total": 0.96976603200365703221747084136620069000890190703934
  "peso": 110.54,
  "custo": 85.06
}
 
Individuo 48:
{
  "solucao": [5 9 1 5 0]
                [2 2 1 1 1],
  "funcao_objetivo": 0.98944849206767824114550505553982974630467511761600,
  "confiabilidade_total": 0.98944849206767824114550505553982974630467511761600
  "peso": 119.38,
  "custo": 97.37
}
 
Individuo 49:
{
  "solucao": [0 2 9 9 9]
                [2 1 1 1 1],
  "funcao_objetivo": 0.96790653900731180964349707006076156490517725897522,
  "confiabilidade_total": 0.96790653900731180964349707006076156490517725897522
  "peso": 118.49999999999999,
  "custo": 95.07999999999998
}
 
Individuo 50:
{
  "solucao": [0 0 9 4 0]
                [1 1 1 1 1],
  "funcao_objetivo": 0.95953173544768099025506946920034802013374700462577,
  "confiabilidade_total": 0.95953173544768099025506946920034802013374700462577
  "peso": 102.97,
  "custo": 80.16
}
 
-----------------------------------------
O algoritmo de evolução diferencial obteve em 10 geracoes o resultado para a funcao objetivo de 0.99376185433656898247890252551875059739220657690635
Com os seguintes valores para cada variavel de decisao:
T1: 0
Q1: 1
T2: 7
Q2: 1
T3: 0
Q3: 2
T4: 0
Q4: 2
T5: 9
Q5: 0


