POPULAÇÃO INICIAL:
Individuo 1:
{
  "solucao": [0 3 5 7 9]
                [1 1 2 2 1],
  "funcao_objetivo": 0.99106940050610510791498083666560982779178534100479,
  "confiabilidade_total": 0.99106940050610510791498083666560982779178534100479
  "peso": 118.58999999999999,
  "custo": 96.18
}
 
Individuo 2:
{
  "solucao": [5 0 5 1 7]
                [1 1 2 1 2],
  "funcao_objetivo": 0.98052260173680430600700573679626409699985048783088,
  "confiabilidade_total": 0.98052260173680430600700573679626409699985048783088
  "peso": 110.86,
  "custo": 91.47
}
 
Individuo 3:
{
  "solucao": [9 1 1 0 8]
                [2 1 1 1 1],
  "funcao_objetivo": 0.97852256702352280812190114338069234516542770282938,
  "confiabilidade_total": 0.97852256702352280812190114338069234516542770282938
  "peso": 107.87,
  "custo": 94.53999999999999
}
 
Individuo 4:
{
  "solucao": [2 8 1 1 7]
                [1 2 1 1 2],
  "funcao_objetivo": 0.97796630899446845893260709793782373776425479281409,
  "confiabilidade_total": 0.97796630899446845893260709793782373776425479281409
  "peso": 116.39,
  "custo": 95.37
}
 
Individuo 5:
{
  "solucao": [8 4 5 0 5]
                [3 1 1 1 1],
  "funcao_objetivo": 0.97770555982544259514649069163764473970459502150949,
  "confiabilidade_total": 0.97770555982544259514649069163764473970459502150949
  "peso": 117.22000000000001,
  "custo": 90.82
}
 
Individuo 6:
{
  "solucao": [0 0 3 7 2]
                [2 1 1 1 1],
  "funcao_objetivo": 0.97728355738133410461126441039200029199968216712915,
  "confiabilidade_total": 0.97728355738133410461126441039200029199968216712915
  "peso": 119.84000000000002,
  "custo": 84.64
}
 
Individuo 7:
{
  "solucao": [5 0 1 3 6]
                [2 1 1 1 1],
  "funcao_objetivo": 0.97703514580760173047931021808945304669141560447472,
  "confiabilidade_total": 0.97703514580760173047931021808945304669141560447472
  "peso": 110.00000000000001,
  "custo": 75.83000000000001
}
 
Individuo 8:
{
  "solucao": [0 5 6 0 1]
                [1 1 2 1 1],
  "funcao_objetivo": 0.97655717492721035242113183838843457726371914194415,
  "confiabilidade_total": 0.97655717492721035242113183838843457726371914194415
  "peso": 113.41,
  "custo": 82.02
}
 
Individuo 9:
{
  "solucao": [2 9 1 0 9]
                [1 1 1 2 1],
  "funcao_objetivo": 0.97619805546855500348157212876199940127083683342767,
  "confiabilidade_total": 0.97619805546855500348157212876199940127083683342767
  "peso": 118.19,
  "custo": 92.03999999999999
}
 
Individuo 10:
{
  "solucao": [0 7 5 6 5]
                [1 1 1 2 2],
  "funcao_objetivo": 0.97569916723894177290901328661963638308690260928245,
  "confiabilidade_total": 0.97569916723894177290901328661963638308690260928245
  "peso": 118.65,
  "custo": 86.62
}
 
Individuo 11:
{
  "solucao": [2 0 2 7 9]
                [1 2 1 1 1],
  "funcao_objetivo": 0.97524660565632399610865889210945048326675007235346,
  "confiabilidade_total": 0.97524660565632399610865889210945048326675007235346
  "peso": 118.56,
  "custo": 83.83000000000001
}
 
Individuo 12:
{
  "solucao": [1 1 0 6 1]
                [2 1 1 1 1],
  "funcao_objetivo": 0.97470953401884102221847278636138733857789533737006,
  "confiabilidade_total": 0.97470953401884102221847278636138733857789533737006
  "peso": 112.69,
  "custo": 87.48
}
 
Individuo 13:
{
  "solucao": [2 0 8 7 9]
                [2 1 1 1 1],
  "funcao_objetivo": 0.97448710822318590411800073198687702282523985379500,
  "confiabilidade_total": 0.97448710822318590411800073198687702282523985379500
  "peso": 112.87,
  "custo": 81.07
}
 
Individuo 14:
{
  "solucao": [7 1 4 5 7]
                [2 1 1 1 2],
  "funcao_objetivo": 0.97304190352307965714960373826393480672684554377400,
  "confiabilidade_total": 0.97304190352307965714960373826393480672684554377400
  "peso": 113.18,
  "custo": 98.46000000000001
}
 
Individuo 15:
{
  "solucao": [6 9 0 7 3]
                [1 1 1 2 1],
  "funcao_objetivo": 0.97281355066554815034221057666593192636815986672718,
  "confiabilidade_total": 0.97281355066554815034221057666593192636815986672718
  "peso": 109.15,
  "custo": 87.92999999999999
}
 
Individuo 16:
{
  "solucao": [1 4 6 1 8]
                [1 1 1 2 1],
  "funcao_objetivo": 0.97131250799421862589497930268864589300510812512800,
  "confiabilidade_total": 0.97131250799421862589497930268864589300510812512800
  "peso": 112.65,
  "custo": 84.00999999999999
}
 
Individuo 17:
{
  "solucao": [8 7 2 1 1]
                [1 1 1 2 1],
  "funcao_objetivo": 0.97018008264106515333402758564064990028749041955396,
  "confiabilidade_total": 0.97018008264106515333402758564064990028749041955396
  "peso": 105.75999999999999,
  "custo": 81.93
}
 
Individuo 18:
{
  "solucao": [6 9 7 0 5]
                [2 1 1 1 1],
  "funcao_objetivo": 0.96943278848763249196083781527841249011324032900734,
  "confiabilidade_total": 0.96943278848763249196083781527841249011324032900734
  "peso": 107.60000000000001,
  "custo": 83.79
}
 
Individuo 19:
{
  "solucao": [7 7 6 7 1]
                [2 1 2 1 1],
  "funcao_objetivo": 0.96844092355065072980249623093654706264240315513489,
  "confiabilidade_total": 0.96844092355065072980249623093654706264240315513489
  "peso": 114.74000000000001,
  "custo": 98.85
}
 
Individuo 20:
{
  "solucao": [3 6 6 5 7]
                [1 1 1 2 2],
  "funcao_objetivo": 0.96825944359891233847513324721377122118824445996069,
  "confiabilidade_total": 0.96825944359891233847513324721377122118824445996069
  "peso": 119.95,
  "custo": 87.02000000000001
}
 
Individuo 21:
{
  "solucao": [6 6 5 8 8]
                [2 1 2 1 1],
  "funcao_objetivo": 0.96743798673285945423788231465176190421744450984926,
  "confiabilidade_total": 0.96743798673285945423788231465176190421744450984926
  "peso": 118.68,
  "custo": 84.42999999999999
}
 
Individuo 22:
{
  "solucao": [5 8 1 3 7]
                [1 1 2 1 1],
  "funcao_objetivo": 0.96598176165214711655079132708161347611837939514858,
  "confiabilidade_total": 0.96598176165214711655079132708161347611837939514858
  "peso": 101.81,
  "custo": 79.98
}
 
Individuo 23:
{
  "solucao": [6 8 8 1 8]
                [1 3 1 1 1],
  "funcao_objetivo": 0.96569347930041990014149829575880933530161812222581,
  "confiabilidade_total": 0.96569347930041990014149829575880933530161812222581
  "peso": 111.02,
  "custo": 93.86999999999999
}
 
Individuo 24:
{
  "solucao": [3 7 0 6 6]
                [2 1 1 1 1],
  "funcao_objetivo": 0.96505878997857710571339888724327743353252132822336,
  "confiabilidade_total": 0.96505878997857710571339888724327743353252132822336
  "peso": 118.75999999999999,
  "custo": 79.65
}
 
Individuo 25:
{
  "solucao": [8 8 0 8 7]
                [3 1 1 1 1],
  "funcao_objetivo": 0.96486841567404751643062140553177678923210055996376,
  "confiabilidade_total": 0.96486841567404751643062140553177678923210055996376
  "peso": 107.32000000000001,
  "custo": 97.69999999999999
}
 
Individuo 26:
{
  "solucao": [2 8 8 4 4]
                [1 1 2 1 1],
  "funcao_objetivo": 0.96436868736714655568220889484257195071962230208868,
  "confiabilidade_total": 0.96436868736714655568220889484257195071962230208868
  "peso": 113.97,
  "custo": 77.62
}
 
Individuo 27:
{
  "solucao": [9 6 0 5 7]
                [2 1 1 1 1],
  "funcao_objetivo": 0.96393328839253684481108161725447627418214576225343,
  "confiabilidade_total": 0.96393328839253684481108161725447627418214576225343
  "peso": 105.99000000000001,
  "custo": 89.21000000000001
}
 
Individuo 28:
{
  "solucao": [5 5 3 7 1]
                [1 1 2 1 1],
  "funcao_objetivo": 0.96339135963235692982620301347705368295577587098323,
  "confiabilidade_total": 0.96339135963235692982620301347705368295577587098323
  "peso": 106.00999999999999,
  "custo": 74.17
}
 
Individuo 29:
{
  "solucao": [9 2 5 1 1]
                [1 1 1 2 1],
  "funcao_objetivo": 0.96317082373870824963951007646925770480106045576450,
  "confiabilidade_total": 0.96317082373870824963951007646925770480106045576450
  "peso": 110.17000000000002,
  "custo": 81.84
}
 
Individuo 30:
{
  "solucao": [8 6 2 8 8]
                [1 1 2 1 1],
  "funcao_objetivo": 0.96148820395984036652364799471784811311332845699348,
  "confiabilidade_total": 0.96148820395984036652364799471784811311332845699348
  "peso": 109.22,
  "custo": 71.4
}
 
Individuo 31:
{
  "solucao": [6 6 8 7 1]
                [1 2 1 1 1],
  "funcao_objetivo": 0.96139630877637595005379205260185303371601928534167,
  "confiabilidade_total": 0.96139630877637595005379205260185303371601928534167
  "peso": 106.89000000000001,
  "custo": 80.05
}
 
Individuo 32:
{
  "solucao": [2 3 0 2 3]
                [1 1 1 1 1],
  "funcao_objetivo": 0.96026305969302200867729044048991040041414090053749,
  "confiabilidade_total": 0.96026305969302200867729044048991040041414090053749
  "peso": 110.03,
  "custo": 59.05
}
 
Individuo 33:
{
  "solucao": [9 8 2 9 0]
                [1 1 2 1 1],
  "funcao_objetivo": 0.95978737373909193873856167045859561031683220645383,
  "confiabilidade_total": 0.95978737373909193873856167045859561031683220645383
  "peso": 117.13,
  "custo": 84.02
}
 
Individuo 34:
{
  "solucao": [9 9 5 5 0]
                [2 1 1 1 1],
  "funcao_objetivo": 0.95894256688290917872567134264465240308688546064246,
  "confiabilidade_total": 0.95894256688290917872567134264465240308688546064246
  "peso": 104.96000000000001,
  "custo": 90.1
}
 
Individuo 35:
{
  "solucao": [2 9 1 1 1]
                [1 1 1 1 2],
  "funcao_objetivo": 0.95833712058052383302451748681135278277929375126065,
  "confiabilidade_total": 0.95833712058052383302451748681135278277929375126065
  "peso": 113.54,
  "custo": 86.28
}
 
Individuo 36:
{
  "solucao": [2 0 3 3 6]
                [1 1 1 1 1],
  "funcao_objetivo": 0.95778751590031019682312787157882383582545460093327,
  "confiabilidade_total": 0.95778751590031019682312787157882383582545460093327
  "peso": 107.32000000000001,
  "custo": 61.93
}
 
Individuo 37:
{
  "solucao": [6 6 0 3 1]
                [1 1 1 1 2],
  "funcao_objetivo": 0.95520707492554961367062472571277124686212942076226,
  "confiabilidade_total": 0.95520707492554961367062472571277124686212942076226
  "peso": 118.66000000000001,
  "custo": 82.33
}
 
Individuo 38:
{
  "solucao": [1 9 4 2 8]
                [1 1 1 1 2],
  "funcao_objetivo": 0.95351754938768915510175484309425506130214417022082,
  "confiabilidade_total": 0.95351754938768915510175484309425506130214417022082
  "peso": 112.15,
  "custo": 82.77
}
 
Individuo 39:
{
  "solucao": [4 1 7 6 8]
                [1 1 1 1 3],
  "funcao_objetivo": 0.95142755828215444697912397951011437806618585705392,
  "confiabilidade_total": 0.95142755828215444697912397951011437806618585705392
  "peso": 119.75999999999999,
  "custo": 96.04999999999998
}
 
Individuo 40:
{
  "solucao": [1 3 6 8 1]
                [1 1 1 1 2],
  "funcao_objetivo": 0.95091270747451468226950455301016760944241750123330,
  "confiabilidade_total": 0.95091270747451468226950455301016760944241750123330
  "peso": 111.05,
  "custo": 81.95
}
 
Individuo 41:
{
  "solucao": [1 6 7 8 7]
                [1 1 1 1 3],
  "funcao_objetivo": 0.94811953977605538545771704564884218680829796654983,
  "confiabilidade_total": 0.94811953977605538545771704564884218680829796654983
  "peso": 109.30000000000001,
  "custo": 99.82999999999998
}
 
Individuo 42:
{
  "solucao": [9 7 0 9 0]
                [1 1 1 1 2],
  "funcao_objetivo": 0.94727530532022599023436149799484852039221929567742,
  "confiabilidade_total": 0.94727530532022599023436149799484852039221929567742
  "peso": 111.78,
  "custo": 98.75
}
 
Individuo 43:
{
  "solucao": [2 5 8 7 6]
                [1 1 1 1 2],
  "funcao_objetivo": 0.94593909310353271869124106046044857079121507443454,
  "confiabilidade_total": 0.94593909310353271869124106046044857079121507443454
  "peso": 106.22999999999999,
  "custo": 72.72999999999999
}
 
Individuo 44:
{
  "solucao": [4 9 1 4 5]
                [1 1 1 1 1],
  "funcao_objetivo": 0.94486678628036478854937028409301968226388398740690,
  "confiabilidade_total": 0.94486678628036478854937028409301968226388398740690
  "peso": 98.74,
  "custo": 70.92999999999999
}
 
Individuo 45:
{
  "solucao": [3 6 4 4 8]
                [1 1 1 1 1],
  "funcao_objetivo": 0.94317456693039021596454366285508648237849750483777,
  "confiabilidade_total": 0.94317456693039021596454366285508648237849750483777
  "peso": 104.25,
  "custo": 65.78
}
 
Individuo 46:
{
  "solucao": [9 7 4 4 7]
                [1 1 1 1 2],
  "funcao_objetivo": 0.94282831328345161035634746392664876732906970420795,
  "confiabilidade_total": 0.94282831328345161035634746392664876732906970420795
  "peso": 108.36,
  "custo": 90.38999999999999
}
 
Individuo 47:
{
  "solucao": [8 8 8 4 5]
                [1 1 1 1 3],
  "funcao_objetivo": 0.94095453600647332500065911611148194501257115571280,
  "confiabilidade_total": 0.94095453600647332500065911611148194501257115571280
  "peso": 111.68,
  "custo": 85.02
}
 
Individuo 48:
{
  "solucao": [6 3 8 8 1]
                [1 1 1 1 1],
  "funcao_objetivo": 0.93812318087110732963155895660196443554029686021470,
  "confiabilidade_total": 0.93812318087110732963155895660196443554029686021470
  "peso": 89.43,
  "custo": 65.80000000000001
}
 
Individuo 49:
{
  "solucao": [8 9 9 2 6]
                [1 1 1 1 1],
  "funcao_objetivo": 0.93467237928187695277968722152052499185296485078417,
  "confiabilidade_total": 0.93467237928187695277968722152052499185296485078417
  "peso": 94.15,
  "custo": 70.79
}
 
Individuo 50:
{
  "solucao": [8 6 8 7 9]
                [1 1 1 1 1],
  "funcao_objetivo": 0.93211088799414912721040225589322644279090676446300,
  "confiabilidade_total": 0.93211088799414912721040225589322644279090676446300
  "peso": 81.74,
  "custo": 71.69999999999999
}
 
 
GERACAO 1
Mutante 1:
[[4.4 5.  3.  0.  1.8]
 [2.8 1.  1.  1.  0.2]]
 
Mutante 2:
[[8.  4.  0.8 4.  7.8]
 [3.  1.  1.  1.  1. ]]
 
Mutante 3:
[[4.2 5.  4.6 0.6 1.8]
 [1.  1.  2.  1.8 0.2]]
 
Mutante 4:
[[7.2 8.  8.2 1.6 0.2]
 [2.2 1.8 1.  1.  0.2]]
 
Mutante 5:
[[2.8 0.8 6.  7.  9. ]
 [1.  2.8 0.2 1.  1. ]]
 
Mutante 6:
[[7.  4.6 1.2 9.  0. ]
 [2.8 1.  2.  0.2 1. ]]
 
Mutante 7:
[[7.2 3.2 0.2 2.4 6.6]
 [2.2 1.  1.8 1.  1. ]]
 
Mutante 8:
[[5.4 0.  4.  1.  2.2]
 [0.4 1.  1.  1.  2.8]]
 
Mutante 9:
[[3.6 8.8 1.8 0.  7.8]
 [0.2 2.  1.8 1.  2. ]]
 
Mutante 10:
[[0.8 3.4 1.4 1.2 8. ]
 [1.  0.2 1.  1.  3. ]]
 
Mutante 11:
[[1.8 3.6 9.4 9.  6.2]
 [1.  1.  1.  0.2 3. ]]
 
Mutante 12:
[[9.  5.6 4.4 8.2 3.2]
 [2.6 1.  2.  0.2 1. ]]
 
Mutante 13:
[[3.4 9.  0.  1.2 9. ]
 [1.  1.  1.  1.  2. ]]
 
Mutante 14:
[[0.  9.8 3.6 6.4 0.2]
 [1.  1.  2.8 0.2 1. ]]
 
Mutante 15:
[[2.6 0.  2.6 0.  0.4]
 [2.  1.  1.8 1.  1. ]]
 
Mutante 16:
[[5.6 6.6 0.4 0.  1. ]
 [2.6 1.  2.  1.  1. ]]
 
Mutante 17:
[[6.4 9.  4.2 0.  0.4]
 [1.  1.  1.  1.  0.2]]
 
Mutante 18:
[[8.8 9.  2.8 3.2 9. ]
 [0.2 1.  2.  1.8 1. ]]
 
Mutante 19:
[[3.4 2.4 0.  0.6 6.8]
 [2.  1.  1.  0.2 1. ]]
 
Mutante 20:
[[9.  8.4 0.8 1.  9. ]
 [2.  0.2 1.  1.  1. ]]
 
Mutante 21:
[[0.  9.  1.8 0.  8.6]
 [0.2 2.  1.  1.8 2. ]]
 
Mutante 22:
[[9.6 4.2 8.2 0.  6. ]
 [1.  1.  1.8 0.2 1. ]]
 
Mutante 23:
[[9.  3.6 0.  9.  9.4]
 [1.2 1.  1.8 1.  1. ]]
 
Mutante 24:
[[0.  5.6 3.8 5.4 0. ]
 [2.  1.  1.8 1.  1. ]]
 
Mutante 25:
[[4.  5.6 8.  9.  6.6]
 [0.2 1.  1.  1.  3. ]]
 
Mutante 26:
[[0.8 0.8 5.8 0.  5.8]
 [2.2 1.  1.8 1.  1. ]]
 
Mutante 27:
[[0.  9.  5.6 3.8 1.2]
 [0.2 1.  1.  1.  2. ]]
 
Mutante 28:
[[2.  2.4 1.6 7.  9. ]
 [2.  0.2 1.  1.8 1. ]]
 
Mutante 29:
[[2.4 5.2 9.6 9.4 7.4]
 [0.2 1.  1.  1.  1. ]]
 
Mutante 30:
[[5.2 7.2 9.  0.2 3.2]
 [0.2 3.  1.8 1.  1. ]]
 
Mutante 31:
[[4.8 9.  8.8 4.  5.8]
 [1.  1.  0.2 1.8 2.2]]
 
Mutante 32:
[[1.2 6.6 3.  0.  5.8]
 [2.8 1.  1.  1.  1. ]]
 
Mutante 33:
[[9.  9.  0.  9.6 0.8]
 [1.2 1.  2.  1.  1.8]]
 
Mutante 34:
[[0.  5.4 1.6 6.  9. ]
 [1.2 1.  0.2 1.  1.8]]
 
Mutante 35:
[[1.6 2.4 1.4 3.8 7.6]
 [2.  1.  1.  1.  0.2]]
 
Mutante 36:
[[0.  7.4 6.4 2.8 8.8]
 [1.  1.  0.2 1.  2. ]]
 
Mutante 37:
[[9.  0.  4.  0.2 5.4]
 [2.  1.  1.  0.2 2.8]]
 
Mutante 38:
[[5.8 0.  0.2 1.8 3. ]
 [1.  1.  2.  0.2 2. ]]
 
Mutante 39:
[[2.  9.  9.  7.2 4. ]
 [1.  1.  2.  1.  2.6]]
 
Mutante 40:
[[0.  3.  5.  4.6 9. ]
 [1.  2.6 2.  2.  1. ]]
 
Mutante 41:
[[2.8 9.8 0.  0.  9.8]
 [1.  1.  1.  2.8 1. ]]
 
Mutante 42:
[[1.2 1.8 9.  0.  9. ]
 [2.6 1.  0.2 1.  2. ]]
 
Mutante 43:
[[0.6 9.2 4.4 0.  9. ]
 [1.  1.  0.2 2.8 2. ]]
 
Mutante 44:
[[7.  8.4 0.4 4.2 3.8]
 [1.  1.  1.  2.8 0.4]]
 
Mutante 45:
[[6.6 1.6 3.4 3.  6. ]
 [2.8 1.  1.  1.  1. ]]
 
Mutante 46:
[[9.  9.4 1.6 8.2 6.4]
 [1.  1.  1.  1.  1.2]]
 
Mutante 47:
[[7.2 7.6 0.  8.  9.6]
 [0.2 1.  1.2 1.8 1. ]]
 
Mutante 48:
[[0.  0.  0.4 7.8 9. ]
 [1.  2.  1.  1.8 0.2]]
 
Mutante 49:
[[0.  2.6 4.8 0.4 9.6]
 [1.8 1.  0.2 1.  2. ]]
 
Mutante 50:
[[7.2 3.4 9.  9.  4. ]
 [1.  1.  1.  1.  3. ]]
 
-----------------------------------------
Número de avaliações até o momento: 50
Evoluido 1:
[[4 5 5 0 9]
 [2 1 2 1 0]]
 
Evoluido 2:
[[5 4 5 4 7]
 [1 1 1 1 1]]
 
Evoluido 3:
[[4 1 4 0 8]
 [2 1 2 1 0]]
 
Evoluido 4:
[[7 8 1 1 7]
 [2 1 1 1 0]]
 
Evoluido 5:
[[2 0 6 0 9]
 [1 2 0 1 1]]
 
Evoluido 6:
[[7 4 1 9 0]
 [2 1 1 0 1]]
 
Evoluido 7:
[[7 0 0 2 6]
 [2 1 1 1 1]]
 
Evoluido 8:
[[5 0 4 0 2]
 [0 1 2 1 2]]
 
Evoluido 9:
[[3 8 1 0 7]
 [0 2 1 1 2]]
 
Evoluido 10:
[[0 7 5 6 8]
 [1 0 1 2 3]]
 
Evoluido 11:
[[1 3 2 9 6]
 [1 2 1 0 1]]
 
Evoluido 12:
[[9 5 4 8 3]
 [2 1 2 0 1]]
 
Evoluido 13:
[[3 9 0 1 9]
 [1 1 1 1 2]]
 
Evoluido 14:
[[7 1 3 5 0]
 [1 1 2 0 1]]
 
Evoluido 15:
[[2 9 0 0 3]
 [2 1 1 1 1]]
 
Evoluido 16:
[[5 6 0 0 1]
 [2 1 1 2 1]]
 
Evoluido 17:
[[6 9 4 0 1]
 [1 1 1 1 0]]
 
Evoluido 18:
[[8 9 7 0 9]
 [0 1 2 1 1]]
 
Evoluido 19:
[[3 2 0 0 1]
 [2 1 1 0 1]]
 
Evoluido 20:
[[3 8 0 1 9]
 [2 0 1 1 1]]
 
Evoluido 21:
[[0 9 5 0 8]
 [2 1 1 1 2]]
 
Evoluido 22:
[[5 8 8 0 6]
 [1 1 1 0 1]]
 
Evoluido 23:
[[6 3 0 1 9]
 [1 1 1 1 1]]
 
Evoluido 24:
[[3 5 3 5 0]
 [2 1 1 1 1]]
 
Evoluido 25:
[[4 5 8 9 6]
 [0 1 1 1 3]]
 
Evoluido 26:
[[0 0 5 0 4]
 [1 1 2 1 1]]
 
Evoluido 27:
[[0 6 5 3 1]
 [2 1 1 1 2]]
 
Evoluido 28:
[[2 2 1 7 9]
 [2 0 1 1 1]]
 
Evoluido 29:
[[2 5 9 9 7]
 [0 1 1 2 1]]
 
Evoluido 30:
[[8 7 9 0 3]
 [0 3 1 1 1]]
 
Evoluido 31:
[[4 9 8 4 5]
 [1 1 0 1 2]]
 
Evoluido 32:
[[1 6 3 0 5]
 [2 1 1 1 1]]
 
Evoluido 33:
[[9 9 0 9 0]
 [1 1 2 1 1]]
 
Evoluido 34:
[[0 5 1 6 0]
 [1 1 0 1 1]]
 
Evoluido 35:
[[2 2 1 3 7]
 [1 1 1 1 0]]
 
Evoluido 36:
[[0 7 6 2 8]
 [1 1 0 1 1]]
 
Evoluido 37:
[[9 0 4 0 5]
 [2 1 1 1 2]]
 
Evoluido 38:
[[5 0 4 1 3]
 [1 1 2 0 2]]
 
Evoluido 39:
[[2 9 9 6 4]
 [1 1 1 1 2]]
 
Evoluido 40:
[[0 3 6 4 9]
 [1 2 1 2 2]]
 
Evoluido 41:
[[2 9 0 0 7]
 [1 1 1 2 1]]
 
Evoluido 42:
[[1 1 9 9 9]
 [1 1 1 1 2]]
 
Evoluido 43:
[[2 9 4 0 9]
 [1 1 0 2 2]]
 
Evoluido 44:
[[7 9 0 4 3]
 [1 1 1 2 0]]
 
Evoluido 45:
[[6 1 4 3 8]
 [1 1 1 1 1]]
 
Evoluido 46:
[[9 7 1 8 6]
 [1 1 1 1 1]]
 
Evoluido 47:
[[7 7 8 8 9]
 [0 1 1 1 3]]
 
Evoluido 48:
[[0 0 0 7 9]
 [1 1 1 1 1]]
 
Evoluido 49:
[[0 2 4 0 9]
 [1 1 0 1 1]]
 
Evoluido 50:
[[8 3 9 9 4]
 [1 1 1 1 3]]
 
-----------------------------------------
Individuo 1:
{
  "solucao": [0 3 5 7 9]
                [1 1 2 2 1],
  "funcao_objetivo": 0.99106940050610510791498083666560982779178534100479,
  "confiabilidade_total": 0.99106940050610510791498083666560982779178534100479
  "peso": 118.58999999999999,
  "custo": 96.18
}
 
Individuo 2:
{
  "solucao": [5 0 5 1 7]
                [1 1 2 1 2],
  "funcao_objetivo": 0.98052260173680430600700573679626409699985048783088,
  "confiabilidade_total": 0.98052260173680430600700573679626409699985048783088
  "peso": 110.86,
  "custo": 91.47
}
 
Individuo 3:
{
  "solucao": [9 1 1 0 8]
                [2 1 1 1 1],
  "funcao_objetivo": 0.97852256702352280812190114338069234516542770282938,
  "confiabilidade_total": 0.97852256702352280812190114338069234516542770282938
  "peso": 107.87,
  "custo": 94.53999999999999
}
 
Individuo 4:
{
  "solucao": [2 8 1 1 7]
                [1 2 1 1 2],
  "funcao_objetivo": 0.97796630899446845893260709793782373776425479281409,
  "confiabilidade_total": 0.97796630899446845893260709793782373776425479281409
  "peso": 116.39,
  "custo": 95.37
}
 
Individuo 5:
{
  "solucao": [8 4 5 0 5]
                [3 1 1 1 1],
  "funcao_objetivo": 0.97770555982544259514649069163764473970459502150949,
  "confiabilidade_total": 0.97770555982544259514649069163764473970459502150949
  "peso": 117.22000000000001,
  "custo": 90.82
}
 
Individuo 6:
{
  "solucao": [0 0 3 7 2]
                [2 1 1 1 1],
  "funcao_objetivo": 0.97728355738133410461126441039200029199968216712915,
  "confiabilidade_total": 0.97728355738133410461126441039200029199968216712915
  "peso": 119.84000000000002,
  "custo": 84.64
}
 
Individuo 7:
{
  "solucao": [7 0 0 2 6]
                [2 1 1 1 1],
  "funcao_objetivo": 0.97959459950824515968923383396494189338846015404876,
  "confiabilidade_total": 0.97959459950824515968923383396494189338846015404876
  "peso": 111.59,
  "custo": 83.76
}
 
Individuo 8:
{
  "solucao": [0 5 6 0 1]
                [1 1 2 1 1],
  "funcao_objetivo": 0.97655717492721035242113183838843457726371914194415,
  "confiabilidade_total": 0.97655717492721035242113183838843457726371914194415
  "peso": 113.41,
  "custo": 82.02
}
 
Individuo 9:
{
  "solucao": [2 9 1 0 9]
                [1 1 1 2 1],
  "funcao_objetivo": 0.97619805546855500348157212876199940127083683342767,
  "confiabilidade_total": 0.97619805546855500348157212876199940127083683342767
  "peso": 118.19,
  "custo": 92.03999999999999
}
 
Individuo 10:
{
  "solucao": [0 7 5 6 5]
                [1 1 1 2 2],
  "funcao_objetivo": 0.97569916723894177290901328661963638308690260928245,
  "confiabilidade_total": 0.97569916723894177290901328661963638308690260928245
  "peso": 118.65,
  "custo": 86.62
}
 
Individuo 11:
{
  "solucao": [2 0 2 7 9]
                [1 2 1 1 1],
  "funcao_objetivo": 0.97524660565632399610865889210945048326675007235346,
  "confiabilidade_total": 0.97524660565632399610865889210945048326675007235346
  "peso": 118.56,
  "custo": 83.83000000000001
}
 
Individuo 12:
{
  "solucao": [1 1 0 6 1]
                [2 1 1 1 1],
  "funcao_objetivo": 0.97470953401884102221847278636138733857789533737006,
  "confiabilidade_total": 0.97470953401884102221847278636138733857789533737006
  "peso": 112.69,
  "custo": 87.48
}
 
Individuo 13:
{
  "solucao": [2 0 8 7 9]
                [2 1 1 1 1],
  "funcao_objetivo": 0.97448710822318590411800073198687702282523985379500,
  "confiabilidade_total": 0.97448710822318590411800073198687702282523985379500
  "peso": 112.87,
  "custo": 81.07
}
 
Individuo 14:
{
  "solucao": [7 1 4 5 7]
                [2 1 1 1 2],
  "funcao_objetivo": 0.97304190352307965714960373826393480672684554377400,
  "confiabilidade_total": 0.97304190352307965714960373826393480672684554377400
  "peso": 113.18,
  "custo": 98.46000000000001
}
 
Individuo 15:
{
  "solucao": [6 9 0 7 3]
                [1 1 1 2 1],
  "funcao_objetivo": 0.97281355066554815034221057666593192636815986672718,
  "confiabilidade_total": 0.97281355066554815034221057666593192636815986672718
  "peso": 109.15,
  "custo": 87.92999999999999
}
 
Individuo 16:
{
  "solucao": [1 4 6 1 8]
                [1 1 1 2 1],
  "funcao_objetivo": 0.97131250799421862589497930268864589300510812512800,
  "confiabilidade_total": 0.97131250799421862589497930268864589300510812512800
  "peso": 112.65,
  "custo": 84.00999999999999
}
 
Individuo 17:
{
  "solucao": [8 7 2 1 1]
                [1 1 1 2 1],
  "funcao_objetivo": 0.97018008264106515333402758564064990028749041955396,
  "confiabilidade_total": 0.97018008264106515333402758564064990028749041955396
  "peso": 105.75999999999999,
  "custo": 81.93
}
 
Individuo 18:
{
  "solucao": [6 9 7 0 5]
                [2 1 1 1 1],
  "funcao_objetivo": 0.96943278848763249196083781527841249011324032900734,
  "confiabilidade_total": 0.96943278848763249196083781527841249011324032900734
  "peso": 107.60000000000001,
  "custo": 83.79
}
 
Individuo 19:
{
  "solucao": [7 7 6 7 1]
                [2 1 2 1 1],
  "funcao_objetivo": 0.96844092355065072980249623093654706264240315513489,
  "confiabilidade_total": 0.96844092355065072980249623093654706264240315513489
  "peso": 114.74000000000001,
  "custo": 98.85
}
 
Individuo 20:
{
  "solucao": [3 6 6 5 7]
                [1 1 1 2 2],
  "funcao_objetivo": 0.96825944359891233847513324721377122118824445996069,
  "confiabilidade_total": 0.96825944359891233847513324721377122118824445996069
  "peso": 119.95,
  "custo": 87.02000000000001
}
 
Individuo 21:
{
  "solucao": [6 6 5 8 8]
                [2 1 2 1 1],
  "funcao_objetivo": 0.96743798673285945423788231465176190421744450984926,
  "confiabilidade_total": 0.96743798673285945423788231465176190421744450984926
  "peso": 118.68,
  "custo": 84.42999999999999
}
 
Individuo 22:
{
  "solucao": [5 8 1 3 7]
                [1 1 2 1 1],
  "funcao_objetivo": 0.96598176165214711655079132708161347611837939514858,
  "confiabilidade_total": 0.96598176165214711655079132708161347611837939514858
  "peso": 101.81,
  "custo": 79.98
}
 
Individuo 23:
{
  "solucao": [6 8 8 1 8]
                [1 3 1 1 1],
  "funcao_objetivo": 0.96569347930041990014149829575880933530161812222581,
  "confiabilidade_total": 0.96569347930041990014149829575880933530161812222581
  "peso": 111.02,
  "custo": 93.86999999999999
}
 
Individuo 24:
{
  "solucao": [3 7 0 6 6]
                [2 1 1 1 1],
  "funcao_objetivo": 0.96505878997857710571339888724327743353252132822336,
  "confiabilidade_total": 0.96505878997857710571339888724327743353252132822336
  "peso": 118.75999999999999,
  "custo": 79.65
}
 
Individuo 25:
{
  "solucao": [8 8 0 8 7]
                [3 1 1 1 1],
  "funcao_objetivo": 0.96486841567404751643062140553177678923210055996376,
  "confiabilidade_total": 0.96486841567404751643062140553177678923210055996376
  "peso": 107.32000000000001,
  "custo": 97.69999999999999
}
 
Individuo 26:
{
  "solucao": [0 0 5 0 4]
                [1 1 2 1 1],
  "funcao_objetivo": 0.98290492615928218046557516652192077648020746276356,
  "confiabilidade_total": 0.98290492615928218046557516652192077648020746276356
  "peso": 114.02,
  "custo": 82.99000000000001
}
 
Individuo 27:
{
  "solucao": [9 6 0 5 7]
                [2 1 1 1 1],
  "funcao_objetivo": 0.96393328839253684481108161725447627418214576225343,
  "confiabilidade_total": 0.96393328839253684481108161725447627418214576225343
  "peso": 105.99000000000001,
  "custo": 89.21000000000001
}
 
Individuo 28:
{
  "solucao": [5 5 3 7 1]
                [1 1 2 1 1],
  "funcao_objetivo": 0.96339135963235692982620301347705368295577587098323,
  "confiabilidade_total": 0.96339135963235692982620301347705368295577587098323
  "peso": 106.00999999999999,
  "custo": 74.17
}
 
Individuo 29:
{
  "solucao": [9 2 5 1 1]
                [1 1 1 2 1],
  "funcao_objetivo": 0.96317082373870824963951007646925770480106045576450,
  "confiabilidade_total": 0.96317082373870824963951007646925770480106045576450
  "peso": 110.17000000000002,
  "custo": 81.84
}
 
Individuo 30:
{
  "solucao": [8 6 2 8 8]
                [1 1 2 1 1],
  "funcao_objetivo": 0.96148820395984036652364799471784811311332845699348,
  "confiabilidade_total": 0.96148820395984036652364799471784811311332845699348
  "peso": 109.22,
  "custo": 71.4
}
 
Individuo 31:
{
  "solucao": [6 6 8 7 1]
                [1 2 1 1 1],
  "funcao_objetivo": 0.96139630877637595005379205260185303371601928534167,
  "confiabilidade_total": 0.96139630877637595005379205260185303371601928534167
  "peso": 106.89000000000001,
  "custo": 80.05
}
 
Individuo 32:
{
  "solucao": [1 6 3 0 5]
                [2 1 1 1 1],
  "funcao_objetivo": 0.97480956761674122968607968715941715203420006107171,
  "confiabilidade_total": 0.97480956761674122968607968715941715203420006107171
  "peso": 113.37,
  "custo": 80.27
}
 
Individuo 33:
{
  "solucao": [9 8 2 9 0]
                [1 1 2 1 1],
  "funcao_objetivo": 0.95978737373909193873856167045859561031683220645383,
  "confiabilidade_total": 0.95978737373909193873856167045859561031683220645383
  "peso": 117.13,
  "custo": 84.02
}
 
Individuo 34:
{
  "solucao": [9 9 5 5 0]
                [2 1 1 1 1],
  "funcao_objetivo": 0.95894256688290917872567134264465240308688546064246,
  "confiabilidade_total": 0.95894256688290917872567134264465240308688546064246
  "peso": 104.96000000000001,
  "custo": 90.1
}
 
Individuo 35:
{
  "solucao": [2 9 1 1 1]
                [1 1 1 1 2],
  "funcao_objetivo": 0.95833712058052383302451748681135278277929375126065,
  "confiabilidade_total": 0.95833712058052383302451748681135278277929375126065
  "peso": 113.54,
  "custo": 86.28
}
 
Individuo 36:
{
  "solucao": [2 0 3 3 6]
                [1 1 1 1 1],
  "funcao_objetivo": 0.95778751590031019682312787157882383582545460093327,
  "confiabilidade_total": 0.95778751590031019682312787157882383582545460093327
  "peso": 107.32000000000001,
  "custo": 61.93
}
 
Individuo 37:
{
  "solucao": [6 6 0 3 1]
                [1 1 1 1 2],
  "funcao_objetivo": 0.95520707492554961367062472571277124686212942076226,
  "confiabilidade_total": 0.95520707492554961367062472571277124686212942076226
  "peso": 118.66000000000001,
  "custo": 82.33
}
 
Individuo 38:
{
  "solucao": [1 9 4 2 8]
                [1 1 1 1 2],
  "funcao_objetivo": 0.95351754938768915510175484309425506130214417022082,
  "confiabilidade_total": 0.95351754938768915510175484309425506130214417022082
  "peso": 112.15,
  "custo": 82.77
}
 
Individuo 39:
{
  "solucao": [4 1 7 6 8]
                [1 1 1 1 3],
  "funcao_objetivo": 0.95142755828215444697912397951011437806618585705392,
  "confiabilidade_total": 0.95142755828215444697912397951011437806618585705392
  "peso": 119.75999999999999,
  "custo": 96.04999999999998
}
 
Individuo 40:
{
  "solucao": [1 3 6 8 1]
                [1 1 1 1 2],
  "funcao_objetivo": 0.95091270747451468226950455301016760944241750123330,
  "confiabilidade_total": 0.95091270747451468226950455301016760944241750123330
  "peso": 111.05,
  "custo": 81.95
}
 
Individuo 41:
{
  "solucao": [2 9 0 0 7]
                [1 1 1 2 1],
  "funcao_objetivo": 0.97960872408418669995130349395581527299053389771238,
  "confiabilidade_total": 0.97960872408418669995130349395581527299053389771238
  "peso": 116.1,
  "custo": 90.45
}
 
Individuo 42:
{
  "solucao": [9 7 0 9 0]
                [1 1 1 1 2],
  "funcao_objetivo": 0.94727530532022599023436149799484852039221929567742,
  "confiabilidade_total": 0.94727530532022599023436149799484852039221929567742
  "peso": 111.78,
  "custo": 98.75
}
 
Individuo 43:
{
  "solucao": [2 5 8 7 6]
                [1 1 1 1 2],
  "funcao_objetivo": 0.94593909310353271869124106046044857079121507443454,
  "confiabilidade_total": 0.94593909310353271869124106046044857079121507443454
  "peso": 106.22999999999999,
  "custo": 72.72999999999999
}
 
Individuo 44:
{
  "solucao": [7 9 0 4 3]
                [1 1 1 2 0],
  "funcao_objetivo": 0.95690577274202940254789738549395256178587754150258,
  "confiabilidade_total": 0.95690577274202940254789738549395256178587754150258
  "peso": 100.33,
  "custo": 76.82
}
 
Individuo 45:
{
  "solucao": [6 1 4 3 8]
                [1 1 1 1 1],
  "funcao_objetivo": 0.94808618117260492663373442916058008804967988722698,
  "confiabilidade_total": 0.94808618117260492663373442916058008804967988722698
  "peso": 98.60000000000001,
  "custo": 66.49
}
 
Individuo 46:
{
  "solucao": [9 7 4 4 7]
                [1 1 1 1 2],
  "funcao_objetivo": 0.94282831328345161035634746392664876732906970420795,
  "confiabilidade_total": 0.94282831328345161035634746392664876732906970420795
  "peso": 108.36,
  "custo": 90.38999999999999
}
 
Individuo 47:
{
  "solucao": [8 8 8 4 5]
                [1 1 1 1 3],
  "funcao_objetivo": 0.94095453600647332500065911611148194501257115571280,
  "confiabilidade_total": 0.94095453600647332500065911611148194501257115571280
  "peso": 111.68,
  "custo": 85.02
}
 
Individuo 48:
{
  "solucao": [0 0 0 7 9]
                [1 1 1 1 1],
  "funcao_objetivo": 0.96499104845809996348478756945532027022790726704878,
  "confiabilidade_total": 0.96499104845809996348478756945532027022790726704878
  "peso": 93.37,
  "custo": 80.96000000000001
}
 
Individuo 49:
{
  "solucao": [8 9 9 2 6]
                [1 1 1 1 1],
  "funcao_objetivo": 0.93467237928187695277968722152052499185296485078417,
  "confiabilidade_total": 0.93467237928187695277968722152052499185296485078417
  "peso": 94.15,
  "custo": 70.79
}
 
Individuo 50:
{
  "solucao": [8 6 8 7 9]
                [1 1 1 1 1],
  "funcao_objetivo": 0.93211088799414912721040225589322644279090676446300,
  "confiabilidade_total": 0.93211088799414912721040225589322644279090676446300
  "peso": 81.74,
  "custo": 71.69999999999999
}
 
-----------------------------------------
GERACAO 2
Mutante 1:
[[5.2 4.4 9.6 6.2 0. ]
 [1.8 1.2 1.  1.  0.2]]
 
Mutante 2:
[[0.  9.8 0.  0.  9. ]
 [1.  1.8 1.  2.  1. ]]
 
Mutante 3:
[[8.2 7.8 5.6 8.  7.8]
 [1.  1.  0.2 1.  2.8]]
 
Mutante 4:
[[1.  6.6 0.  2.2 1. ]
 [0.2 1.  1.2 1.  1.8]]
 
Mutante 5:
[[0.  9.  9.  0.  8.8]
 [1.  2.6 1.  1.  2. ]]
 
Mutante 6:
[[8.2 0.  3.4 1.6 9. ]
 [1.2 1.  1.  1.  1. ]]
 
Mutante 7:
[[0.2 3.2 4.4 0.2 2.4]
 [0.2 1.  1.  2.  1. ]]
 
Mutante 8:
[[8.  7.2 9.  3.2 5.8]
 [0.2 1.  1.  1.8 3. ]]
 
Mutante 9:
[[0.  0.  6.2 1.4 2. ]
 [2.  1.  0.2 1.8 1. ]]
 
Mutante 10:
[[4.6 0.  0.  0.  6.8]
 [2.  1.  0.2 1.  1.8]]
 
Mutante 11:
[[0.  0.  9.4 9.  4.4]
 [2.  1.  1.  1.  1. ]]
 
Mutante 12:
[[7.  0.6 6.8 9.  2.6]
 [2.  1.  2.  1.  0.2]]
 
Mutante 13:
[[4.2 5.8 0.  9.2 1. ]
 [2.8 1.  0.2 1.  0.2]]
 
Mutante 14:
[[9.6 7.  0.  6.6 0.2]
 [2.6 1.  1.  2.  1. ]]
 
Mutante 15:
[[3.6 0.  9.4 3.  6. ]
 [1.8 1.  1.  1.  1. ]]
 
Mutante 16:
[[6.6 0.  4.2 1.  7.4]
 [1.  1.8 0.2 2.  1. ]]
 
Mutante 17:
[[4.8 0.  7.  3.6 8. ]
 [0.2 1.  1.  1.  3. ]]
 
Mutante 18:
[[0.  2.2 9.  8.6 8.2]
 [0.2 1.  2.  2.  1.8]]
 
Mutante 19:
[[1.2 0.  7.  0.  9. ]
 [2.6 1.  1.  1.  0.2]]
 
Mutante 20:
[[2.  0.  7.8 5.4 4.4]
 [1.8 1.  1.8 0.2 1.8]]
 
Mutante 21:
[[9.  0.2 3.2 9.  1.4]
 [2.  0.2 1.  1.  2. ]]
 
Mutante 22:
[[7.6 9.  0.  2.6 2.6]
 [1.8 1.  0.2 1.  2. ]]
 
Mutante 23:
[[8.8 9.  8.2 3.6 9.2]
 [1.  1.  0.2 1.  1.8]]
 
Mutante 24:
[[9.  6.4 0.  9.  3. ]
 [2.2 1.  1.  1.  1.8]]
 
Mutante 25:
[[5.2 9.  5.6 7.  0.2]
 [1.  2.  1.8 1.  1. ]]
 
Mutante 26:
[[5.  1.8 3.2 2.8 9. ]
 [1.8 1.  1.  1.  1.2]]
 
Mutante 27:
[[0.  6.4 5.8 0.  7. ]
 [1.  2.  1.  1.8 2.8]]
 
Mutante 28:
[[4.8 8.8 2.4 3.2 5.8]
 [1.  1.  1.  1.8 3. ]]
 
Mutante 29:
[[0.  5.2 7.6 7.4 5.4]
 [0.2 1.  1.  2.  2. ]]
 
Mutante 30:
[[6.  9.  6.4 0.8 7. ]
 [0.2 1.8 1.  2.  1. ]]
 
Mutante 31:
[[5.8 6.2 6.4 5.6 2.2]
 [0.2 1.  1.8 1.  2. ]]
 
Mutante 32:
[[4.  7.4 7.6 0.  1. ]
 [1.  1.8 2.  1.  0.2]]
 
Mutante 33:
[[0.  2.  6.8 1.8 9. ]
 [0.2 1.  1.  2.8 2. ]]
 
Mutante 34:
[[6.  9.8 7.4 0.  8.2]
 [0.2 1.  1.  2.  2.6]]
 
Mutante 35:
[[9.  6.8 3.2 4.2 9. ]
 [1.2 1.  1.  1.  2.6]]
 
Mutante 36:
[[9.  6.4 5.6 9.  2.2]
 [3.  1.  1.  1.  0.2]]
 
Mutante 37:
[[8.4 3.2 9.  0.  9.6]
 [0.2 3.  1.  1.  1. ]]
 
Mutante 38:
[[3.4 1.  5.  0.  6.4]
 [1.2 1.  1.8 1.  1. ]]
 
Mutante 39:
[[9.  6.4 8.4 8.2 1.6]
 [1.  1.  2.  1.  1. ]]
 
Mutante 40:
[[9.  9.8 3.2 7.2 0. ]
 [1.8 0.2 1.  2.  1. ]]
 
Mutante 41:
[[8.2 0.2 0.  0.  8. ]
 [2.  0.2 1.8 1.  1. ]]
 
Mutante 42:
[[7.  3.4 4.  8.2 8.6]
 [2.  1.  1.  1.8 1.2]]
 
Mutante 43:
[[0.4 9.  1.  0.  9. ]
 [1.  2.6 1.  2.  1. ]]
 
Mutante 44:
[[2.  6.6 6.6 4.8 8.2]
 [1.  0.2 1.  2.  1. ]]
 
Mutante 45:
[[5.8 0.  3.4 0.  8.8]
 [2.  1.  0.2 1.  1. ]]
 
Mutante 46:
[[7.2 1.8 7.  7.6 3.2]
 [1.8 1.  1.8 0.2 2.2]]
 
Mutante 47:
[[8.2 5.6 6.6 7.8 7. ]
 [1.  1.8 2.  1.  0.2]]
 
Mutante 48:
[[9.  9.  0.8 9.8 0.8]
 [1.  1.  1.  1.  2.8]]
 
Mutante 49:
[[4.2 5.6 2.6 1.  6.2]
 [1.  1.  2.8 1.  2. ]]
 
Mutante 50:
[[0.4 0.  8.  9.  5.8]
 [2.8 1.  1.  1.  1. ]]
 
-----------------------------------------
Número de avaliações até o momento: 100
Evoluido 1:
[[5 4 9 6 0]
 [1 1 1 1 0]]
 
Evoluido 2:
[[0 9 0 0 9]
 [1 1 2 2 1]]
 
Evoluido 3:
[[8 1 5 8 7]
 [2 1 0 1 2]]
 
Evoluido 4:
[[1 8 0 1 1]
 [0 1 1 1 1]]
 
Evoluido 5:
[[0 9 9 0 8]
 [1 2 1 1 2]]
 
Evoluido 6:
[[8 0 3 7 9]
 [2 1 1 1 1]]
 
Evoluido 7:
[[0 3 4 0 6]
 [2 1 1 1 1]]
 
Evoluido 8:
[[8 7 6 3 1]
 [0 1 1 1 3]]
 
Evoluido 9:
[[0 0 6 0 9]
 [2 1 0 1 1]]
 
Evoluido 10:
[[4 7 0 0 6]
 [1 1 0 1 1]]
 
Evoluido 11:
[[0 0 9 9 4]
 [2 1 1 1 1]]
 
Evoluido 12:
[[7 0 0 6 2]
 [2 1 2 1 0]]
 
Evoluido 13:
[[2 5 0 9 1]
 [2 1 0 1 0]]
 
Evoluido 14:
[[9 7 4 6 0]
 [2 1 1 2 1]]
 
Evoluido 15:
[[3 0 9 3 6]
 [1 1 1 2 1]]
 
Evoluido 16:
[[6 4 6 1 7]
 [1 1 0 2 1]]
 
Evoluido 17:
[[8 7 7 3 8]
 [0 1 1 1 1]]
 
Evoluido 18:
[[0 2 9 8 8]
 [0 1 2 2 1]]
 
Evoluido 19:
[[1 7 7 0 9]
 [2 1 2 1 0]]
 
Evoluido 20:
[[2 0 7 5 4]
 [1 1 1 0 1]]
 
Evoluido 21:
[[9 0 3 9 8]
 [2 0 1 1 2]]
 
Evoluido 22:
[[7 9 1 2 2]
 [1 1 0 1 2]]
 
Evoluido 23:
[[8 9 8 3 9]
 [1 3 0 1 1]]
 
Evoluido 24:
[[9 6 0 9 3]
 [2 1 1 1 1]]
 
Evoluido 25:
[[8 9 5 8 7]
 [1 2 1 1 1]]
 
Evoluido 26:
[[5 0 3 2 9]
 [1 1 1 1 1]]
 
Evoluido 27:
[[0 6 0 0 7]
 [2 2 1 1 2]]
 
Evoluido 28:
[[4 8 2 3 5]
 [1 1 1 1 3]]
 
Evoluido 29:
[[0 5 7 7 5]
 [0 1 1 2 2]]
 
Evoluido 30:
[[6 9 6 0 7]
 [0 1 1 1 1]]
 
Evoluido 31:
[[5 6 6 5 2]
 [0 1 1 1 2]]
 
Evoluido 32:
[[1 7 7 0 1]
 [1 1 1 1 0]]
 
Evoluido 33:
[[0 2 6 9 9]
 [0 1 1 2 2]]
 
Evoluido 34:
[[6 9 7 0 8]
 [0 1 1 2 1]]
 
Evoluido 35:
[[9 6 3 4 9]
 [1 1 1 1 2]]
 
Evoluido 36:
[[2 6 5 3 2]
 [3 1 1 1 0]]
 
Evoluido 37:
[[8 6 9 0 9]
 [0 3 1 1 1]]
 
Evoluido 38:
[[1 9 5 0 6]
 [1 1 1 1 2]]
 
Evoluido 39:
[[9 6 8 8 8]
 [1 1 1 1 1]]
 
Evoluido 40:
[[9 3 3 7 0]
 [1 0 1 2 1]]
 
Evoluido 41:
[[8 0 0 0 7]
 [1 0 1 1 1]]
 
Evoluido 42:
[[7 3 4 9 8]
 [2 1 1 1 2]]
 
Evoluido 43:
[[0 9 1 0 9]
 [1 2 1 1 2]]
 
Evoluido 44:
[[2 6 0 4 8]
 [1 0 1 2 1]]
 
Evoluido 45:
[[5 0 4 0 8]
 [2 1 0 1 1]]
 
Evoluido 46:
[[7 1 7 7 7]
 [1 1 1 1 2]]
 
Evoluido 47:
[[8 5 6 4 7]
 [1 1 2 1 0]]
 
Evoluido 48:
[[9 9 0 9 0]
 [1 1 1 1 2]]
 
Evoluido 49:
[[4 5 2 1 6]
 [1 1 2 1 2]]
 
Evoluido 50:
[[0 0 8 9 5]
 [2 1 1 1 1]]
 
-----------------------------------------
Individuo 1:
{
  "solucao": [0 3 5 7 9]
                [1 1 2 2 1],
  "funcao_objetivo": 0.99106940050610510791498083666560982779178534100479,
  "confiabilidade_total": 0.99106940050610510791498083666560982779178534100479
  "peso": 118.58999999999999,
  "custo": 96.18
}
 
Individuo 2:
{
  "solucao": [5 0 5 1 7]
                [1 1 2 1 2],
  "funcao_objetivo": 0.98052260173680430600700573679626409699985048783088,
  "confiabilidade_total": 0.98052260173680430600700573679626409699985048783088
  "peso": 110.86,
  "custo": 91.47
}
 
Individuo 3:
{
  "solucao": [9 1 1 0 8]
                [2 1 1 1 1],
  "funcao_objetivo": 0.97852256702352280812190114338069234516542770282938,
  "confiabilidade_total": 0.97852256702352280812190114338069234516542770282938
  "peso": 107.87,
  "custo": 94.53999999999999
}
 
Individuo 4:
{
  "solucao": [2 8 1 1 7]
                [1 2 1 1 2],
  "funcao_objetivo": 0.97796630899446845893260709793782373776425479281409,
  "confiabilidade_total": 0.97796630899446845893260709793782373776425479281409
  "peso": 116.39,
  "custo": 95.37
}
 
Individuo 5:
{
  "solucao": [8 4 5 0 5]
                [3 1 1 1 1],
  "funcao_objetivo": 0.97770555982544259514649069163764473970459502150949,
  "confiabilidade_total": 0.97770555982544259514649069163764473970459502150949
  "peso": 117.22000000000001,
  "custo": 90.82
}
 
Individuo 6:
{
  "solucao": [0 0 3 7 2]
                [2 1 1 1 1],
  "funcao_objetivo": 0.97728355738133410461126441039200029199968216712915,
  "confiabilidade_total": 0.97728355738133410461126441039200029199968216712915
  "peso": 119.84000000000002,
  "custo": 84.64
}
 
Individuo 7:
{
  "solucao": [7 0 0 2 6]
                [2 1 1 1 1],
  "funcao_objetivo": 0.97959459950824515968923383396494189338846015404876,
  "confiabilidade_total": 0.97959459950824515968923383396494189338846015404876
  "peso": 111.59,
  "custo": 83.76
}
 
Individuo 8:
{
  "solucao": [0 5 6 0 1]
                [1 1 2 1 1],
  "funcao_objetivo": 0.97655717492721035242113183838843457726371914194415,
  "confiabilidade_total": 0.97655717492721035242113183838843457726371914194415
  "peso": 113.41,
  "custo": 82.02
}
 
Individuo 9:
{
  "solucao": [2 9 1 0 9]
                [1 1 1 2 1],
  "funcao_objetivo": 0.97619805546855500348157212876199940127083683342767,
  "confiabilidade_total": 0.97619805546855500348157212876199940127083683342767
  "peso": 118.19,
  "custo": 92.03999999999999
}
 
Individuo 10:
{
  "solucao": [0 7 5 6 5]
                [1 1 1 2 2],
  "funcao_objetivo": 0.97569916723894177290901328661963638308690260928245,
  "confiabilidade_total": 0.97569916723894177290901328661963638308690260928245
  "peso": 118.65,
  "custo": 86.62
}
 
Individuo 11:
{
  "solucao": [2 0 2 7 9]
                [1 2 1 1 1],
  "funcao_objetivo": 0.97524660565632399610865889210945048326675007235346,
  "confiabilidade_total": 0.97524660565632399610865889210945048326675007235346
  "peso": 118.56,
  "custo": 83.83000000000001
}
 
Individuo 12:
{
  "solucao": [7 0 0 6 2]
                [2 1 2 1 0],
  "funcao_objetivo": 0.97554175499118512837625163661861463808830780892545,
  "confiabilidade_total": 0.97554175499118512837625163661861463808830780892545
  "peso": 109.13,
  "custo": 90.38
}
 
Individuo 13:
{
  "solucao": [2 0 8 7 9]
                [2 1 1 1 1],
  "funcao_objetivo": 0.97448710822318590411800073198687702282523985379500,
  "confiabilidade_total": 0.97448710822318590411800073198687702282523985379500
  "peso": 112.87,
  "custo": 81.07
}
 
Individuo 14:
{
  "solucao": [7 1 4 5 7]
                [2 1 1 1 2],
  "funcao_objetivo": 0.97304190352307965714960373826393480672684554377400,
  "confiabilidade_total": 0.97304190352307965714960373826393480672684554377400
  "peso": 113.18,
  "custo": 98.46000000000001
}
 
Individuo 15:
{
  "solucao": [6 9 0 7 3]
                [1 1 1 2 1],
  "funcao_objetivo": 0.97281355066554815034221057666593192636815986672718,
  "confiabilidade_total": 0.97281355066554815034221057666593192636815986672718
  "peso": 109.15,
  "custo": 87.92999999999999
}
 
Individuo 16:
{
  "solucao": [1 4 6 1 8]
                [1 1 1 2 1],
  "funcao_objetivo": 0.97131250799421862589497930268864589300510812512800,
  "confiabilidade_total": 0.97131250799421862589497930268864589300510812512800
  "peso": 112.65,
  "custo": 84.00999999999999
}
 
Individuo 17:
{
  "solucao": [8 7 2 1 1]
                [1 1 1 2 1],
  "funcao_objetivo": 0.97018008264106515333402758564064990028749041955396,
  "confiabilidade_total": 0.97018008264106515333402758564064990028749041955396
  "peso": 105.75999999999999,
  "custo": 81.93
}
 
Individuo 18:
{
  "solucao": [6 9 7 0 5]
                [2 1 1 1 1],
  "funcao_objetivo": 0.96943278848763249196083781527841249011324032900734,
  "confiabilidade_total": 0.96943278848763249196083781527841249011324032900734
  "peso": 107.60000000000001,
  "custo": 83.79
}
 
Individuo 19:
{
  "solucao": [1 7 7 0 9]
                [2 1 2 1 0],
  "funcao_objetivo": 0.97477571693545534004768562572655182403523174629007,
  "confiabilidade_total": 0.97477571693545534004768562572655182403523174629007
  "peso": 98.92,
  "custo": 90.13000000000001
}
 
Individuo 20:
{
  "solucao": [3 6 6 5 7]
                [1 1 1 2 2],
  "funcao_objetivo": 0.96825944359891233847513324721377122118824445996069,
  "confiabilidade_total": 0.96825944359891233847513324721377122118824445996069
  "peso": 119.95,
  "custo": 87.02000000000001
}
 
Individuo 21:
{
  "solucao": [6 6 5 8 8]
                [2 1 2 1 1],
  "funcao_objetivo": 0.96743798673285945423788231465176190421744450984926,
  "confiabilidade_total": 0.96743798673285945423788231465176190421744450984926
  "peso": 118.68,
  "custo": 84.42999999999999
}
 
Individuo 22:
{
  "solucao": [5 8 1 3 7]
                [1 1 2 1 1],
  "funcao_objetivo": 0.96598176165214711655079132708161347611837939514858,
  "confiabilidade_total": 0.96598176165214711655079132708161347611837939514858
  "peso": 101.81,
  "custo": 79.98
}
 
Individuo 23:
{
  "solucao": [6 8 8 1 8]
                [1 3 1 1 1],
  "funcao_objetivo": 0.96569347930041990014149829575880933530161812222581,
  "confiabilidade_total": 0.96569347930041990014149829575880933530161812222581
  "peso": 111.02,
  "custo": 93.86999999999999
}
 
Individuo 24:
{
  "solucao": [3 7 0 6 6]
                [2 1 1 1 1],
  "funcao_objetivo": 0.96505878997857710571339888724327743353252132822336,
  "confiabilidade_total": 0.96505878997857710571339888724327743353252132822336
  "peso": 118.75999999999999,
  "custo": 79.65
}
 
Individuo 25:
{
  "solucao": [8 8 0 8 7]
                [3 1 1 1 1],
  "funcao_objetivo": 0.96486841567404751643062140553177678923210055996376,
  "confiabilidade_total": 0.96486841567404751643062140553177678923210055996376
  "peso": 107.32000000000001,
  "custo": 97.69999999999999
}
 
Individuo 26:
{
  "solucao": [0 0 5 0 4]
                [1 1 2 1 1],
  "funcao_objetivo": 0.98290492615928218046557516652192077648020746276356,
  "confiabilidade_total": 0.98290492615928218046557516652192077648020746276356
  "peso": 114.02,
  "custo": 82.99000000000001
}
 
Individuo 27:
{
  "solucao": [9 6 0 5 7]
                [2 1 1 1 1],
  "funcao_objetivo": 0.96393328839253684481108161725447627418214576225343,
  "confiabilidade_total": 0.96393328839253684481108161725447627418214576225343
  "peso": 105.99000000000001,
  "custo": 89.21000000000001
}
 
Individuo 28:
{
  "solucao": [5 5 3 7 1]
                [1 1 2 1 1],
  "funcao_objetivo": 0.96339135963235692982620301347705368295577587098323,
  "confiabilidade_total": 0.96339135963235692982620301347705368295577587098323
  "peso": 106.00999999999999,
  "custo": 74.17
}
 
Individuo 29:
{
  "solucao": [9 2 5 1 1]
                [1 1 1 2 1],
  "funcao_objetivo": 0.96317082373870824963951007646925770480106045576450,
  "confiabilidade_total": 0.96317082373870824963951007646925770480106045576450
  "peso": 110.17000000000002,
  "custo": 81.84
}
 
Individuo 30:
{
  "solucao": [8 6 2 8 8]
                [1 1 2 1 1],
  "funcao_objetivo": 0.96148820395984036652364799471784811311332845699348,
  "confiabilidade_total": 0.96148820395984036652364799471784811311332845699348
  "peso": 109.22,
  "custo": 71.4
}
 
Individuo 31:
{
  "solucao": [6 6 8 7 1]
                [1 2 1 1 1],
  "funcao_objetivo": 0.96139630877637595005379205260185303371601928534167,
  "confiabilidade_total": 0.96139630877637595005379205260185303371601928534167
  "peso": 106.89000000000001,
  "custo": 80.05
}
 
Individuo 32:
{
  "solucao": [1 6 3 0 5]
                [2 1 1 1 1],
  "funcao_objetivo": 0.97480956761674122968607968715941715203420006107171,
  "confiabilidade_total": 0.97480956761674122968607968715941715203420006107171
  "peso": 113.37,
  "custo": 80.27
}
 
Individuo 33:
{
  "solucao": [9 8 2 9 0]
                [1 1 2 1 1],
  "funcao_objetivo": 0.95978737373909193873856167045859561031683220645383,
  "confiabilidade_total": 0.95978737373909193873856167045859561031683220645383
  "peso": 117.13,
  "custo": 84.02
}
 
Individuo 34:
{
  "solucao": [9 9 5 5 0]
                [2 1 1 1 1],
  "funcao_objetivo": 0.95894256688290917872567134264465240308688546064246,
  "confiabilidade_total": 0.95894256688290917872567134264465240308688546064246
  "peso": 104.96000000000001,
  "custo": 90.1
}
 
Individuo 35:
{
  "solucao": [2 9 1 1 1]
                [1 1 1 1 2],
  "funcao_objetivo": 0.95833712058052383302451748681135278277929375126065,
  "confiabilidade_total": 0.95833712058052383302451748681135278277929375126065
  "peso": 113.54,
  "custo": 86.28
}
 
Individuo 36:
{
  "solucao": [2 0 3 3 6]
                [1 1 1 1 1],
  "funcao_objetivo": 0.95778751590031019682312787157882383582545460093327,
  "confiabilidade_total": 0.95778751590031019682312787157882383582545460093327
  "peso": 107.32000000000001,
  "custo": 61.93
}
 
Individuo 37:
{
  "solucao": [6 6 0 3 1]
                [1 1 1 1 2],
  "funcao_objetivo": 0.95520707492554961367062472571277124686212942076226,
  "confiabilidade_total": 0.95520707492554961367062472571277124686212942076226
  "peso": 118.66000000000001,
  "custo": 82.33
}
 
Individuo 38:
{
  "solucao": [1 9 5 0 6]
                [1 1 1 1 2],
  "funcao_objetivo": 0.95712384399626126266576340655777016284952851639435,
  "confiabilidade_total": 0.95712384399626126266576340655777016284952851639435
  "peso": 111.55000000000001,
  "custo": 83.7
}
 
Individuo 39:
{
  "solucao": [4 1 7 6 8]
                [1 1 1 1 3],
  "funcao_objetivo": 0.95142755828215444697912397951011437806618585705392,
  "confiabilidade_total": 0.95142755828215444697912397951011437806618585705392
  "peso": 119.75999999999999,
  "custo": 96.04999999999998
}
 
Individuo 40:
{
  "solucao": [1 3 6 8 1]
                [1 1 1 1 2],
  "funcao_objetivo": 0.95091270747451468226950455301016760944241750123330,
  "confiabilidade_total": 0.95091270747451468226950455301016760944241750123330
  "peso": 111.05,
  "custo": 81.95
}
 
Individuo 41:
{
  "solucao": [2 9 0 0 7]
                [1 1 1 2 1],
  "funcao_objetivo": 0.97960872408418669995130349395581527299053389771238,
  "confiabilidade_total": 0.97960872408418669995130349395581527299053389771238
  "peso": 116.1,
  "custo": 90.45
}
 
Individuo 42:
{
  "solucao": [7 3 4 9 8]
                [2 1 1 1 2],
  "funcao_objetivo": 0.94922231342668979972515387586029485986000755383435,
  "confiabilidade_total": 0.96587231342668974321618970122060839797268518759671
  "peso": 121.77,
  "custo": 100.19
}
 
Individuo 43:
{
  "solucao": [2 5 8 7 6]
                [1 1 1 1 2],
  "funcao_objetivo": 0.94593909310353271869124106046044857079121507443454,
  "confiabilidade_total": 0.94593909310353271869124106046044857079121507443454
  "peso": 106.22999999999999,
  "custo": 72.72999999999999
}
 
Individuo 44:
{
  "solucao": [7 9 0 4 3]
                [1 1 1 2 0],
  "funcao_objetivo": 0.95690577274202940254789738549395256178587754150258,
  "confiabilidade_total": 0.95690577274202940254789738549395256178587754150258
  "peso": 100.33,
  "custo": 76.82
}
 
Individuo 45:
{
  "solucao": [6 1 4 3 8]
                [1 1 1 1 1],
  "funcao_objetivo": 0.94808618117260492663373442916058008804967988722698,
  "confiabilidade_total": 0.94808618117260492663373442916058008804967988722698
  "peso": 98.60000000000001,
  "custo": 66.49
}
 
Individuo 46:
{
  "solucao": [7 1 7 7 7]
                [1 1 1 1 2],
  "funcao_objetivo": 0.94783169152438719774769178366617552093975974542207,
  "confiabilidade_total": 0.94783169152438719774769178366617552093975974542207
  "peso": 88.85,
  "custo": 88.94999999999999
}
 
Individuo 47:
{
  "solucao": [8 5 6 4 7]
                [1 1 2 1 0],
  "funcao_objetivo": 0.94210977538481160510202094137134826644694399014033,
  "confiabilidade_total": 0.94210977538481160510202094137134826644694399014033
  "peso": 93.1,
  "custo": 62.44
}
 
Individuo 48:
{
  "solucao": [0 0 0 7 9]
                [1 1 1 1 1],
  "funcao_objetivo": 0.96499104845809996348478756945532027022790726704878,
  "confiabilidade_total": 0.96499104845809996348478756945532027022790726704878
  "peso": 93.37,
  "custo": 80.96000000000001
}
 
Individuo 49:
{
  "solucao": [8 9 9 2 6]
                [1 1 1 1 1],
  "funcao_objetivo": 0.93467237928187695277968722152052499185296485078417,
  "confiabilidade_total": 0.93467237928187695277968722152052499185296485078417
  "peso": 94.15,
  "custo": 70.79
}
 
Individuo 50:
{
  "solucao": [0 0 8 9 5]
                [2 1 1 1 1],
  "funcao_objetivo": 0.97443991318386644190396537795917987544855809494774,
  "confiabilidade_total": 0.97443991318386644190396537795917987544855809494774
  "peso": 108.53,
  "custo": 89.78
}
 
-----------------------------------------
GERACAO 3
Mutante 1:
[[0.  2.4 5.8 0.  2.2]
 [0.2 1.  2.  1.  2.8]]
 
Mutante 2:
[[0.  4.6 5.  2.2 9.8]
 [0.2 1.  2.  2.8 1. ]]
 
Mutante 3:
[[9.  0.  0.  0.  3.6]
 [2.  1.  1.8 1.  0.2]]
 
Mutante 4:
[[6.  9.  0.  7.8 8.6]
 [1.8 0.2 1.8 2.  1. ]]
 
Mutante 5:
[[9.2 0.8 0.6 5.4 2. ]
 [1.  1.  1.8 0.2 0.2]]
 
Mutante 6:
[[1.8 4.8 9.  0.  2.4]
 [0.2 1.  1.  2.  1. ]]
 
Mutante 7:
[[5.8 0.  0.  8.2 8.6]
 [2.  1.  1.  1.  2.6]]
 
Mutante 8:
[[9.  0.  4.2 0.8 9. ]
 [2.8 1.  1.  0.2 2.6]]
 
Mutante 9:
[[3.6 5.8 9.  0.8 7.4]
 [1.2 1.  1.8 1.8 1. ]]
 
Mutante 10:
[[6.  9.  8.6 0.  6.6]
 [1.2 1.  1.8 1.  1. ]]
 
Mutante 11:
[[9.  2.8 1.2 4.8 3.2]
 [1.  1.  2.  1.  0.2]]
 
Mutante 12:
[[0.4 5.2 5.6 8.6 1.8]
 [1.  1.  1.  1.  2. ]]
 
Mutante 13:
[[3.2 9.  6.6 9.  6.6]
 [1.8 1.  1.8 2.  2. ]]
 
Mutante 14:
[[3.8 4.6 0.8 3.4 7.2]
 [1.2 1.8 0.2 1.  2.8]]
 
Mutante 15:
[[5.2 6.  9.  4.8 9.6]
 [2.8 1.  2.  0.2 1.8]]
 
Mutante 16:
[[9.  0.  0.  4.6 0.2]
 [1.8 1.  1.  0.2 2. ]]
 
Mutante 17:
[[0.  1.6 0.  5.8 7.8]
 [1.  1.2 1.  1.  2. ]]
 
Mutante 18:
[[3.6 9.  0.  0.8 9. ]
 [1.  0.2 1.8 2.  1. ]]
 
Mutante 19:
[[4.6 0.  3.  5.4 7.8]
 [0.2 1.  1.  1.  2.8]]
 
Mutante 20:
[[9.  6.6 9.  6.8 6. ]
 [1.  1.8 1.  1.  0.2]]
 
Mutante 21:
[[0.4 1.6 5.6 6.2 9. ]
 [2.8 1.  0.2 1.  1. ]]
 
Mutante 22:
[[9.  9.  1.6 1.8 5.4]
 [2.  1.  1.  1.  1. ]]
 
Mutante 23:
[[0.  7.4 9.2 2.4 5.8]
 [1.  1.  1.2 1.  2.6]]
 
Mutante 24:
[[0.  0.  7.6 1.8 9. ]
 [0.2 1.  1.  2.  2.6]]
 
Mutante 25:
[[0.  3.4 4.4 0.  6.6]
 [1.  0.2 2.  1.8 1. ]]
 
Mutante 26:
[[9.  6.  1.6 6.6 7.8]
 [1.2 1.  1.  1.  1. ]]
 
Mutante 27:
[[0.4 1.2 9.  9.  9. ]
 [2.  1.  2.8 1.  1.8]]
 
Mutante 28:
[[3.2 8.2 8.2 5.2 1.2]
 [1.8 1.  1.  1.  1. ]]
 
Mutante 29:
[[6.6 9.  0.  8.2 0. ]
 [1.  1.  1.2 1.8 0.2]]
 
Mutante 30:
[[5.  7.  9.  5.6 5.8]
 [1.2 1.8 2.  1.  1. ]]
 
Mutante 31:
[[0.  8.2 6.8 0.  0. ]
 [1.8 1.  1.2 1.  1.8]]
 
Mutante 32:
[[9.  9.  5.  4.4 3.6]
 [1.  1.  0.2 1.  1.8]]
 
Mutante 33:
[[6.  0.  9.  9.  7.4]
 [1.8 2.  1.  1.  0.2]]
 
Mutante 34:
[[9.  4.2 0.  0.  8. ]
 [2.  1.  1.  1.8 0.2]]
 
Mutante 35:
[[0.  2.2 0.  2.  4.4]
 [1.2 1.  0.2 1.  1. ]]
 
Mutante 36:
[[9.  7.6 5.8 0.  1. ]
 [1.  2.6 1.  2.  1. ]]
 
Mutante 37:
[[9.  8.2 4.  5.  2.2]
 [2.  1.  1.  1.8 2. ]]
 
Mutante 38:
[[7.2 9.  3.6 0.  0. ]
 [1.  1.  2.  1.  1. ]]
 
Mutante 39:
[[2.  9.  0.  7.4 0.2]
 [1.  1.  1.8 0.2 2. ]]
 
Mutante 40:
[[7.4 8.  0.  0.  5.4]
 [0.2 1.  2.8 1.  1.8]]
 
Mutante 41:
[[0.  9.  9.4 0.  9. ]
 [2.  2.6 2.  0.2 1. ]]
 
Mutante 42:
[[9.  1.8 7.6 8.8 7. ]
 [1.  1.  2.8 1.  1. ]]
 
Mutante 43:
[[0.6 0.  7.8 3.8 9. ]
 [0.2 1.  1.  1.8 2. ]]
 
Mutante 44:
[[0.  5.6 0.  0.  6.2]
 [1.8 2.  1.  1.  2. ]]
 
Mutante 45:
[[3.6 5.8 5.6 9.  6.8]
 [1.  1.  1.  1.  2. ]]
 
Mutante 46:
[[0.  1.6 1.4 7.  2. ]
 [1.2 1.  1.  1.  1. ]]
 
Mutante 47:
[[6.4 8.2 8.2 4.4 5.2]
 [1.8 1.  0.2 1.  1. ]]
 
Mutante 48:
[[6.  5.2 3.2 0.  0.2]
 [1.  1.  1.  1.  1.2]]
 
Mutante 49:
[[7.2 0.2 9.  9.  2.2]
 [1.  1.  2.  0.2 0.8]]
 
Mutante 50:
[[3.6 3.4 8.  0.6 3.6]
 [1.8 1.  0.2 1.  2. ]]
 
-----------------------------------------
Número de avaliações até o momento: 150
Evoluido 1:
[[0 3 5 7 9]
 [0 1 2 1 2]]
 
Evoluido 2:
[[0 0 5 2 9]
 [0 1 2 2 1]]
 
Evoluido 3:
[[9 1 0 0 3]
 [2 1 1 1 1]]
 
Evoluido 4:
[[6 8 0 7 7]
 [1 0 1 1 1]]
 
Evoluido 5:
[[9 0 0 5 2]
 [1 1 1 1 0]]
 
Evoluido 6:
[[0 4 9 7 2]
 [0 1 1 2 1]]
 
Evoluido 7:
[[5 0 0 8 8]
 [2 1 1 1 2]]
 
Evoluido 8:
[[9 0 6 0 9]
 [2 1 2 0 2]]
 
Evoluido 9:
[[2 5 9 0 7]
 [1 1 1 1 1]]
 
Evoluido 10:
[[6 7 5 0 6]
 [1 1 1 1 1]]
 
Evoluido 11:
[[9 2 1 4 3]
 [1 1 1 1 0]]
 
Evoluido 12:
[[0 0 0 8 1]
 [1 1 1 1 2]]
 
Evoluido 13:
[[2 9 6 9 6]
 [1 1 1 2 2]]
 
Evoluido 14:
[[7 4 0 3 7]
 [2 1 1 1 2]]
 
Evoluido 15:
[[5 6 9 4 9]
 [2 1 2 0 1]]
 
Evoluido 16:
[[1 0 6 4 0]
 [1 1 1 0 2]]
 
Evoluido 17:
[[0 1 2 1 7]
 [1 1 1 2 1]]
 
Evoluido 18:
[[3 9 0 0 5]
 [2 0 1 2 1]]
 
Evoluido 19:
[[4 0 3 5 7]
 [0 1 1 1 2]]
 
Evoluido 20:
[[9 6 9 5 7]
 [1 1 1 1 0]]
 
Evoluido 21:
[[0 6 5 6 9]
 [2 1 0 1 1]]
 
Evoluido 22:
[[9 9 1 1 5]
 [1 1 1 1 1]]
 
Evoluido 23:
[[0 7 9 2 5]
 [1 3 1 1 1]]
 
Evoluido 24:
[[0 7 7 1 9]
 [0 1 1 1 1]]
 
Evoluido 25:
[[8 3 4 8 6]
 [1 0 2 1 1]]
 
Evoluido 26:
[[9 6 1 6 7]
 [1 1 1 1 1]]
 
Evoluido 27:
[[0 6 9 9 9]
 [2 1 1 1 1]]
 
Evoluido 28:
[[5 8 8 5 1]
 [1 1 1 1 1]]
 
Evoluido 29:
[[6 9 5 1 0]
 [1 1 1 1 1]]
 
Evoluido 30:
[[8 6 9 5 5]
 [1 1 2 1 1]]
 
Evoluido 31:
[[0 8 6 0 0]
 [1 2 1 1 1]]
 
Evoluido 32:
[[9 6 5 4 3]
 [1 1 1 1 1]]
 
Evoluido 33:
[[6 0 2 9 0]
 [1 2 1 1 0]]
 
Evoluido 34:
[[9 4 0 0 8]
 [2 1 1 1 0]]
 
Evoluido 35:
[[0 2 0 1 4]
 [1 1 0 1 2]]
 
Evoluido 36:
[[2 7 5 0 6]
 [1 1 1 2 1]]
 
Evoluido 37:
[[6 8 0 5 2]
 [2 1 1 1 2]]
 
Evoluido 38:
[[1 9 3 0 0]
 [1 1 1 1 2]]
 
Evoluido 39:
[[2 9 0 7 0]
 [1 1 1 1 2]]
 
Evoluido 40:
[[1 8 0 0 5]
 [0 1 1 1 1]]
 
Evoluido 41:
[[0 9 9 0 7]
 [2 2 1 0 1]]
 
Evoluido 42:
[[7 3 7 8 7]
 [2 1 2 1 1]]
 
Evoluido 43:
[[0 5 7 7 9]
 [1 1 1 1 2]]
 
Evoluido 44:
[[0 5 0 0 6]
 [1 2 1 2 0]]
 
Evoluido 45:
[[3 5 5 9 8]
 [1 1 1 1 2]]
 
Evoluido 46:
[[0 1 7 7 2]
 [1 1 1 1 1]]
 
Evoluido 47:
[[6 8 8 4 5]
 [1 1 0 1 0]]
 
Evoluido 48:
[[6 5 0 7 0]
 [1 1 1 1 1]]
 
Evoluido 49:
[[7 0 9 2 2]
 [1 1 2 0 0]]
 
Evoluido 50:
[[0 0 8 0 3]
 [1 1 0 1 2]]
 
-----------------------------------------
Individuo 1:
{
  "solucao": [0 3 5 7 9]
                [1 1 2 2 1],
  "funcao_objetivo": 0.99106940050610510791498083666560982779178534100479,
  "confiabilidade_total": 0.99106940050610510791498083666560982779178534100479
  "peso": 118.58999999999999,
  "custo": 96.18
}
 
Individuo 2:
{
  "solucao": [5 0 5 1 7]
                [1 1 2 1 2],
  "funcao_objetivo": 0.98052260173680430600700573679626409699985048783088,
  "confiabilidade_total": 0.98052260173680430600700573679626409699985048783088
  "peso": 110.86,
  "custo": 91.47
}
 
Individuo 3:
{
  "solucao": [9 1 0 0 3]
                [2 1 1 1 1],
  "funcao_objetivo": 0.97989807205893091550334729511331125935368598456030,
  "confiabilidade_total": 0.97989807205893091550334729511331125935368598456030
  "peso": 117.60999999999999,
  "custo": 94.53
}
 
Individuo 4:
{
  "solucao": [2 8 1 1 7]
                [1 2 1 1 2],
  "funcao_objetivo": 0.97796630899446845893260709793782373776425479281409,
  "confiabilidade_total": 0.97796630899446845893260709793782373776425479281409
  "peso": 116.39,
  "custo": 95.37
}
 
Individuo 5:
{
  "solucao": [8 4 5 0 5]
                [3 1 1 1 1],
  "funcao_objetivo": 0.97770555982544259514649069163764473970459502150949,
  "confiabilidade_total": 0.97770555982544259514649069163764473970459502150949
  "peso": 117.22000000000001,
  "custo": 90.82
}
 
Individuo 6:
{
  "solucao": [0 0 3 7 2]
                [2 1 1 1 1],
  "funcao_objetivo": 0.97728355738133410461126441039200029199968216712915,
  "confiabilidade_total": 0.97728355738133410461126441039200029199968216712915
  "peso": 119.84000000000002,
  "custo": 84.64
}
 
Individuo 7:
{
  "solucao": [7 0 0 2 6]
                [2 1 1 1 1],
  "funcao_objetivo": 0.97959459950824515968923383396494189338846015404876,
  "confiabilidade_total": 0.97959459950824515968923383396494189338846015404876
  "peso": 111.59,
  "custo": 83.76
}
 
Individuo 8:
{
  "solucao": [0 5 6 0 1]
                [1 1 2 1 1],
  "funcao_objetivo": 0.97655717492721035242113183838843457726371914194415,
  "confiabilidade_total": 0.97655717492721035242113183838843457726371914194415
  "peso": 113.41,
  "custo": 82.02
}
 
Individuo 9:
{
  "solucao": [2 9 1 0 9]
                [1 1 1 2 1],
  "funcao_objetivo": 0.97619805546855500348157212876199940127083683342767,
  "confiabilidade_total": 0.97619805546855500348157212876199940127083683342767
  "peso": 118.19,
  "custo": 92.03999999999999
}
 
Individuo 10:
{
  "solucao": [0 7 5 6 5]
                [1 1 1 2 2],
  "funcao_objetivo": 0.97569916723894177290901328661963638308690260928245,
  "confiabilidade_total": 0.97569916723894177290901328661963638308690260928245
  "peso": 118.65,
  "custo": 86.62
}
 
Individuo 11:
{
  "solucao": [2 0 2 7 9]
                [1 2 1 1 1],
  "funcao_objetivo": 0.97524660565632399610865889210945048326675007235346,
  "confiabilidade_total": 0.97524660565632399610865889210945048326675007235346
  "peso": 118.56,
  "custo": 83.83000000000001
}
 
Individuo 12:
{
  "solucao": [7 0 0 6 2]
                [2 1 2 1 0],
  "funcao_objetivo": 0.97554175499118512837625163661861463808830780892545,
  "confiabilidade_total": 0.97554175499118512837625163661861463808830780892545
  "peso": 109.13,
  "custo": 90.38
}
 
Individuo 13:
{
  "solucao": [2 0 8 7 9]
                [2 1 1 1 1],
  "funcao_objetivo": 0.97448710822318590411800073198687702282523985379500,
  "confiabilidade_total": 0.97448710822318590411800073198687702282523985379500
  "peso": 112.87,
  "custo": 81.07
}
 
Individuo 14:
{
  "solucao": [7 1 4 5 7]
                [2 1 1 1 2],
  "funcao_objetivo": 0.97304190352307965714960373826393480672684554377400,
  "confiabilidade_total": 0.97304190352307965714960373826393480672684554377400
  "peso": 113.18,
  "custo": 98.46000000000001
}
 
Individuo 15:
{
  "solucao": [6 9 0 7 3]
                [1 1 1 2 1],
  "funcao_objetivo": 0.97281355066554815034221057666593192636815986672718,
  "confiabilidade_total": 0.97281355066554815034221057666593192636815986672718
  "peso": 109.15,
  "custo": 87.92999999999999
}
 
Individuo 16:
{
  "solucao": [1 4 6 1 8]
                [1 1 1 2 1],
  "funcao_objetivo": 0.97131250799421862589497930268864589300510812512800,
  "confiabilidade_total": 0.97131250799421862589497930268864589300510812512800
  "peso": 112.65,
  "custo": 84.00999999999999
}
 
Individuo 17:
{
  "solucao": [0 1 2 1 7]
                [1 1 1 2 1],
  "funcao_objetivo": 0.98009909924547456922054033001515827857967023547023,
  "confiabilidade_total": 0.98009909924547456922054033001515827857967023547023
  "peso": 111.45000000000002,
  "custo": 84.69
}
 
Individuo 18:
{
  "solucao": [6 9 7 0 5]
                [2 1 1 1 1],
  "funcao_objetivo": 0.96943278848763249196083781527841249011324032900734,
  "confiabilidade_total": 0.96943278848763249196083781527841249011324032900734
  "peso": 107.60000000000001,
  "custo": 83.79
}
 
Individuo 19:
{
  "solucao": [1 7 7 0 9]
                [2 1 2 1 0],
  "funcao_objetivo": 0.97477571693545534004768562572655182403523174629007,
  "confiabilidade_total": 0.97477571693545534004768562572655182403523174629007
  "peso": 98.92,
  "custo": 90.13000000000001
}
 
Individuo 20:
{
  "solucao": [3 6 6 5 7]
                [1 1 1 2 2],
  "funcao_objetivo": 0.96825944359891233847513324721377122118824445996069,
  "confiabilidade_total": 0.96825944359891233847513324721377122118824445996069
  "peso": 119.95,
  "custo": 87.02000000000001
}
 
Individuo 21:
{
  "solucao": [6 6 5 8 8]
                [2 1 2 1 1],
  "funcao_objetivo": 0.96743798673285945423788231465176190421744450984926,
  "confiabilidade_total": 0.96743798673285945423788231465176190421744450984926
  "peso": 118.68,
  "custo": 84.42999999999999
}
 
Individuo 22:
{
  "solucao": [5 8 1 3 7]
                [1 1 2 1 1],
  "funcao_objetivo": 0.96598176165214711655079132708161347611837939514858,
  "confiabilidade_total": 0.96598176165214711655079132708161347611837939514858
  "peso": 101.81,
  "custo": 79.98
}
 
Individuo 23:
{
  "solucao": [0 7 9 2 5]
                [1 3 1 1 1],
  "funcao_objetivo": 0.97658889358670023268381855539053040739959756331950,
  "confiabilidade_total": 0.97658889358670023268381855539053040739959756331950
  "peso": 118.59,
  "custo": 98.21999999999998
}
 
Individuo 24:
{
  "solucao": [3 7 0 6 6]
                [2 1 1 1 1],
  "funcao_objetivo": 0.96505878997857710571339888724327743353252132822336,
  "confiabilidade_total": 0.96505878997857710571339888724327743353252132822336
  "peso": 118.75999999999999,
  "custo": 79.65
}
 
Individuo 25:
{
  "solucao": [8 8 0 8 7]
                [3 1 1 1 1],
  "funcao_objetivo": 0.96486841567404751643062140553177678923210055996376,
  "confiabilidade_total": 0.96486841567404751643062140553177678923210055996376
  "peso": 107.32000000000001,
  "custo": 97.69999999999999
}
 
Individuo 26:
{
  "solucao": [0 0 5 0 4]
                [1 1 2 1 1],
  "funcao_objetivo": 0.98290492615928218046557516652192077648020746276356,
  "confiabilidade_total": 0.98290492615928218046557516652192077648020746276356
  "peso": 114.02,
  "custo": 82.99000000000001
}
 
Individuo 27:
{
  "solucao": [9 6 0 5 7]
                [2 1 1 1 1],
  "funcao_objetivo": 0.96393328839253684481108161725447627418214576225343,
  "confiabilidade_total": 0.96393328839253684481108161725447627418214576225343
  "peso": 105.99000000000001,
  "custo": 89.21000000000001
}
 
Individuo 28:
{
  "solucao": [5 5 3 7 1]
                [1 1 2 1 1],
  "funcao_objetivo": 0.96339135963235692982620301347705368295577587098323,
  "confiabilidade_total": 0.96339135963235692982620301347705368295577587098323
  "peso": 106.00999999999999,
  "custo": 74.17
}
 
Individuo 29:
{
  "solucao": [9 2 5 1 1]
                [1 1 1 2 1],
  "funcao_objetivo": 0.96317082373870824963951007646925770480106045576450,
  "confiabilidade_total": 0.96317082373870824963951007646925770480106045576450
  "peso": 110.17000000000002,
  "custo": 81.84
}
 
Individuo 30:
{
  "solucao": [8 6 2 8 8]
                [1 1 2 1 1],
  "funcao_objetivo": 0.96148820395984036652364799471784811311332845699348,
  "confiabilidade_total": 0.96148820395984036652364799471784811311332845699348
  "peso": 109.22,
  "custo": 71.4
}
 
Individuo 31:
{
  "solucao": [0 8 6 0 0]
                [1 2 1 1 1],
  "funcao_objetivo": 0.97647663138826734771285862793015764052301910703386,
  "confiabilidade_total": 0.97647663138826734771285862793015764052301910703386
  "peso": 109.99,
  "custo": 87.39999999999999
}
 
Individuo 32:
{
  "solucao": [1 6 3 0 5]
                [2 1 1 1 1],
  "funcao_objetivo": 0.97480956761674122968607968715941715203420006107171,
  "confiabilidade_total": 0.97480956761674122968607968715941715203420006107171
  "peso": 113.37,
  "custo": 80.27
}
 
Individuo 33:
{
  "solucao": [9 8 2 9 0]
                [1 1 2 1 1],
  "funcao_objetivo": 0.95978737373909193873856167045859561031683220645383,
  "confiabilidade_total": 0.95978737373909193873856167045859561031683220645383
  "peso": 117.13,
  "custo": 84.02
}
 
Individuo 34:
{
  "solucao": [9 4 0 0 8]
                [2 1 1 1 0],
  "funcao_objetivo": 0.96126755450947026654516046581143580718122314490500,
  "confiabilidade_total": 0.96126755450947026654516046581143580718122314490500
  "peso": 101.11,
  "custo": 81.83999999999999
}
 
Individuo 35:
{
  "solucao": [2 9 1 1 1]
                [1 1 1 1 2],
  "funcao_objetivo": 0.95833712058052383302451748681135278277929375126065,
  "confiabilidade_total": 0.95833712058052383302451748681135278277929375126065
  "peso": 113.54,
  "custo": 86.28
}
 
Individuo 36:
{
  "solucao": [2 7 5 0 6]
                [1 1 1 2 1],
  "funcao_objetivo": 0.97024512764200622935363835986101991789979539230739,
  "confiabilidade_total": 0.97024512764200622935363835986101991789979539230739
  "peso": 112.17,
  "custo": 79.23
}
 
Individuo 37:
{
  "solucao": [6 6 0 3 1]
                [1 1 1 1 2],
  "funcao_objetivo": 0.95520707492554961367062472571277124686212942076226,
  "confiabilidade_total": 0.95520707492554961367062472571277124686212942076226
  "peso": 118.66000000000001,
  "custo": 82.33
}
 
Individuo 38:
{
  "solucao": [1 9 3 0 0]
                [1 1 1 1 2],
  "funcao_objetivo": 0.95983108522183985360209992829152678632728669352948,
  "confiabilidade_total": 0.95983108522183985360209992829152678632728669352948
  "peso": 119.47,
  "custo": 92.85
}
 
Individuo 39:
{
  "solucao": [2 9 0 7 0]
                [1 1 1 1 2],
  "funcao_objetivo": 0.95276017018335759989674602053482909139576807964457,
  "confiabilidade_total": 0.95276017018335759989674602053482909139576807964457
  "peso": 116.1,
  "custo": 90.45
}
 
Individuo 40:
{
  "solucao": [1 3 6 8 1]
                [1 1 1 1 2],
  "funcao_objetivo": 0.95091270747451468226950455301016760944241750123330,
  "confiabilidade_total": 0.95091270747451468226950455301016760944241750123330
  "peso": 111.05,
  "custo": 81.95
}
 
Individuo 41:
{
  "solucao": [2 9 0 0 7]
                [1 1 1 2 1],
  "funcao_objetivo": 0.97960872408418669995130349395581527299053389771238,
  "confiabilidade_total": 0.97960872408418669995130349395581527299053389771238
  "peso": 116.1,
  "custo": 90.45
}
 
Individuo 42:
{
  "solucao": [7 3 7 8 7]
                [2 1 2 1 1],
  "funcao_objetivo": 0.97045565496632339371736104802405451477263327687622,
  "confiabilidade_total": 0.97045565496632339371736104802405451477263327687622
  "peso": 107.48,
  "custo": 99.53
}
 
Individuo 43:
{
  "solucao": [0 5 7 7 9]
                [1 1 1 1 2],
  "funcao_objetivo": 0.95117995158630491629627043114072054723371350806094,
  "confiabilidade_total": 0.95117995158630491629627043114072054723371350806094
  "peso": 100.12,
  "custo": 91.68
}
 
Individuo 44:
{
  "solucao": [0 5 0 0 6]
                [1 2 1 2 0],
  "funcao_objetivo": 0.98380100070977002079291881997981293652144011921606,
  "confiabilidade_total": 0.98380100070977002079291881997981293652144011921606
  "peso": 110.53999999999999,
  "custo": 85.06
}
 
Individuo 45:
{
  "solucao": [6 1 4 3 8]
                [1 1 1 1 1],
  "funcao_objetivo": 0.94808618117260492663373442916058008804967988722698,
  "confiabilidade_total": 0.94808618117260492663373442916058008804967988722698
  "peso": 98.60000000000001,
  "custo": 66.49
}
 
Individuo 46:
{
  "solucao": [0 1 7 7 2]
                [1 1 1 1 1],
  "funcao_objetivo": 0.95544690440738074234566300745420489289810081052984,
  "confiabilidade_total": 0.95544690440738074234566300745420489289810081052984
  "peso": 89.4,
  "custo": 70.03
}
 
Individuo 47:
{
  "solucao": [8 5 6 4 7]
                [1 1 2 1 0],
  "funcao_objetivo": 0.94210977538481160510202094137134826644694399014033,
  "confiabilidade_total": 0.94210977538481160510202094137134826644694399014033
  "peso": 93.1,
  "custo": 62.44
}
 
Individuo 48:
{
  "solucao": [0 0 0 7 9]
                [1 1 1 1 1],
  "funcao_objetivo": 0.96499104845809996348478756945532027022790726704878,
  "confiabilidade_total": 0.96499104845809996348478756945532027022790726704878
  "peso": 93.37,
  "custo": 80.96000000000001
}
 
Individuo 49:
{
  "solucao": [8 9 9 2 6]
                [1 1 1 1 1],
  "funcao_objetivo": 0.93467237928187695277968722152052499185296485078417,
  "confiabilidade_total": 0.93467237928187695277968722152052499185296485078417
  "peso": 94.15,
  "custo": 70.79
}
 
Individuo 50:
{
  "solucao": [0 0 8 9 5]
                [2 1 1 1 1],
  "funcao_objetivo": 0.97443991318386644190396537795917987544855809494774,
  "confiabilidade_total": 0.97443991318386644190396537795917987544855809494774
  "peso": 108.53,
  "custo": 89.78
}
 
-----------------------------------------
GERACAO 4
Mutante 1:
[[0.4 0.  7.2 6.2 9. ]
 [2.  1.8 1.  1.8 1. ]]
 
Mutante 2:
[[6.  2.  0.2 9.  9. ]
 [2.  1.  1.2 1.  1. ]]
 
Mutante 3:
[[6.6 9.  0.  9.  1.6]
 [1.  1.  2.  1.  1. ]]
 
Mutante 4:
[[0.  9.4 6.6 0.  6. ]
 [1.  1.  1.  2.8 1. ]]
 
Mutante 5:
[[1.2 7.4 9.  0.  9. ]
 [2.  1.  0.2 1.8 1.8]]
 
Mutante 6:
[[0.  6.6 6.2 3.  8.2]
 [1.  1.  1.  1.  2. ]]
 
Mutante 7:
[[0.  9.6 2.8 0.  0. ]
 [0.2 2.8 0.2 1.  1.8]]
 
Mutante 8:
[[1.6 6.6 0.  4.  9. ]
 [2.6 2.  1.  2.  1. ]]
 
Mutante 9:
[[6.4 4.2 0.4 4.  0. ]
 [1.  1.  1.2 1.  1.8]]
 
Mutante 10:
[[9.6 9.  0.  0.8 9. ]
 [2.2 1.  1.  1.8 1. ]]
 
Mutante 11:
[[5.6 3.4 0.  0.8 4.4]
 [1.8 2.  1.8 2.  1. ]]
 
Mutante 12:
[[2.8 9.8 4.  4.6 7. ]
 [1.  1.  1.  2.8 0.2]]
 
Mutante 13:
[[9.  1.  6.  8.8 3.8]
 [1.8 0.2 2.8 0.2 1. ]]
 
Mutante 14:
[[9.4 5.4 0.  6.  8.4]
 [2.  1.  1.  1.  0.2]]
 
Mutante 15:
[[0.8 2.4 8.8 9.  2.6]
 [2.  1.  0.2 1.  1.8]]
 
Mutante 16:
[[2.8 9.  1.  4.8 2.8]
 [1.  1.  0.2 2.8 0.2]]
 
Mutante 17:
[[0.  0.  2.2 0.6 7.6]
 [2.  1.8 0.2 1.  1.8]]
 
Mutante 18:
[[4.  0.  1.6 5.  2.6]
 [2.  1.  1.  1.  1. ]]
 
Mutante 19:
[[6.4 9.  9.  3.6 9. ]
 [1.  3.  0.2 1.  1. ]]
 
Mutante 20:
[[0.  0.  2.6 4.8 5.6]
 [1.  1.8 1.2 1.  0.2]]
 
Mutante 21:
[[5.2 9.  0.  4.6 2.2]
 [0.2 1.  0.2 2.  2.6]]
 
Mutante 22:
[[9.  2.  0.  0.  4.2]
 [0.2 1.  1.  2.  1. ]]
 
Mutante 23:
[[7.2 1.2 6.8 8.8 8.8]
 [1.  1.  2.  1.  1. ]]
 
Mutante 24:
[[0.  9.  9.  7.6 9.8]
 [1.  1.  1.  2.  2.8]]
 
Mutante 25:
[[1.4 0.  1.6 7.6 6.8]
 [1.2 1.8 1.  1.  1.8]]
 
Mutante 26:
[[1.2 4.2 4.  7.2 7. ]
 [1.  1.  1.  2.  1. ]]
 
Mutante 27:
[[0.  5.8 8.6 9.  0. ]
 [0.2 1.  2.  1.  1. ]]
 
Mutante 28:
[[2.2 0.  9.  1.  8.6]
 [2.  2.6 1.  0.2 2. ]]
 
Mutante 29:
[[0.  7.  9.8 7.6 9. ]
 [1.  3.  0.2 1.  1.8]]
 
Mutante 30:
[[0.4 2.6 0.  0.  9. ]
 [1.8 1.  0.2 2.  1. ]]
 
Mutante 31:
[[7.8 7.8 9.4 2.4 3.8]
 [2.8 1.  2.  1.  1. ]]
 
Mutante 32:
[[0.  4.6 8.2 0.  6.8]
 [1.  1.  1.  2.  1. ]]
 
Mutante 33:
[[0.  9.6 2.8 0.  0. ]
 [0.2 2.  0.2 1.  2.6]]
 
Mutante 34:
[[3.2 6.4 3.4 0.  4.2]
 [3.  1.  0.2 1.8 1. ]]
 
Mutante 35:
[[2.  9.  1.6 0.  9.4]
 [0.2 1.  1.  2.8 1.8]]
 
Mutante 36:
[[0.  7.  3.  0.  3.4]
 [2.  1.  2.  1.  1. ]]
 
Mutante 37:
[[9.6 9.  9.  0.4 7.6]
 [1.  1.  1.  1.  0.2]]
 
Mutante 38:
[[7.4 4.  0.  0.  6.4]
 [2.8 1.  1.  0.2 1. ]]
 
Mutante 39:
[[4.  7.4 5.2 0.8 0. ]
 [1.  1.  2.8 1.  1. ]]
 
Mutante 40:
[[0.8 4.2 0.4 0.  9.4]
 [0.2 1.  1.  2.8 1. ]]
 
Mutante 41:
[[9.  2.4 0.  9.  2.8]
 [3.  0.2 2.  0.2 0.8]]
 
Mutante 42:
[[6.  9.  0.  9.  3.8]
 [1.  1.  0.2 2.8 1.8]]
 
Mutante 43:
[[4.8 4.8 4.  8.8 6.2]
 [2.2 1.  1.8 1.  2.6]]
 
Mutante 44:
[[4.4 7.  7.4 0.  9. ]
 [1.  1.  1.  2.  0.2]]
 
Mutante 45:
[[0.  0.  0.  7.8 7.4]
 [0.2 1.  0.2 1.8 1.8]]
 
Mutante 46:
[[4.2 0.  5.  0.2 1.8]
 [1.  1.8 0.2 2.  1. ]]
 
Mutante 47:
[[0.8 5.6 0.  2.4 0.8]
 [1.8 2.  1.  1.  1. ]]
 
Mutante 48:
[[3.6 9.  0.  0.  9. ]
 [1.8 1.  1.  2.  0.2]]
 
Mutante 49:
[[6.2 4.8 0.  0.  4.4]
 [2.  1.  0.2 1.  1. ]]
 
Mutante 50:
[[0.8 9.  5.4 9.4 9.8]
 [0.2 1.  1.8 1.  1.2]]
 
-----------------------------------------
Número de avaliações até o momento: 200
Evoluido 1:
[[0 0 7 6 9]
 [2 1 2 1 1]]
 
Evoluido 2:
[[6 2 0 9 9]
 [2 1 1 1 1]]
 
Evoluido 3:
[[9 9 0 9 1]
 [1 1 1 1 1]]
 
Evoluido 4:
[[0 9 1 0 6]
 [1 1 1 2 1]]
 
Evoluido 5:
[[8 7 9 0 9]
 [2 1 0 1 1]]
 
Evoluido 6:
[[0 6 3 3 8]
 [1 1 1 1 2]]
 
Evoluido 7:
[[7 9 0 0 0]
 [0 2 0 1 1]]
 
Evoluido 8:
[[1 6 0 4 9]
 [1 1 1 2 1]]
 
Evoluido 9:
[[2 4 1 4 0]
 [1 1 1 1 1]]
 
Evoluido 10:
[[9 9 0 0 9]
 [2 1 1 2 1]]
 
Evoluido 11:
[[5 0 2 0 4]
 [1 2 1 1 1]]
 
Evoluido 12:
[[2 0 0 6 7]
 [1 1 2 2 0]]
 
Evoluido 13:
[[9 1 6 7 9]
 [1 0 2 0 1]]
 
Evoluido 14:
[[9 5 0 6 7]
 [2 1 1 1 2]]
 
Evoluido 15:
[[0 9 8 9 3]
 [2 1 0 1 1]]
 
Evoluido 16:
[[2 4 6 4 2]
 [1 1 0 2 0]]
 
Evoluido 17:
[[0 0 2 0 7]
 [1 1 1 1 1]]
 
Evoluido 18:
[[4 0 1 5 5]
 [2 1 1 1 1]]
 
Evoluido 19:
[[1 9 9 3 9]
 [2 3 0 1 1]]
 
Evoluido 20:
[[0 6 6 4 5]
 [1 1 1 2 2]]
 
Evoluido 21:
[[6 9 0 4 2]
 [2 1 0 2 2]]
 
Evoluido 22:
[[9 2 0 3 4]
 [0 1 1 2 1]]
 
Evoluido 23:
[[0 7 6 8 5]
 [1 1 2 1 1]]
 
Evoluido 24:
[[0 7 9 7 9]
 [1 1 1 2 1]]
 
Evoluido 25:
[[8 0 0 7 6]
 [1 1 1 1 1]]
 
Evoluido 26:
[[1 4 4 7 7]
 [1 1 1 2 1]]
 
Evoluido 27:
[[0 5 8 9 0]
 [0 1 1 1 1]]
 
Evoluido 28:
[[2 0 9 7 8]
 [2 2 1 0 1]]
 
Evoluido 29:
[[9 2 9 1 9]
 [1 3 0 2 1]]
 
Evoluido 30:
[[0 2 2 0 9]
 [1 1 2 2 1]]
 
Evoluido 31:
[[7 7 9 2 3]
 [2 1 1 1 1]]
 
Evoluido 32:
[[0 4 3 0 5]
 [1 1 1 2 1]]
 
Evoluido 33:
[[0 9 2 0 0]
 [0 1 2 1 1]]
 
Evoluido 34:
[[3 4 3 0 8]
 [2 1 0 1 1]]
 
Evoluido 35:
[[2 9 1 1 9]
 [0 1 1 2 1]]
 
Evoluido 36:
[[0 7 5 0 3]
 [2 1 2 2 1]]
 
Evoluido 37:
[[9 6 9 0 7]
 [1 1 1 1 0]]
 
Evoluido 38:
[[7 9 3 0 0]
 [1 1 1 0 1]]
 
Evoluido 39:
[[4 7 5 0 0]
 [1 1 2 1 1]]
 
Evoluido 40:
[[0 4 0 0 9]
 [0 1 1 2 1]]
 
Evoluido 41:
[[9 9 0 0 7]
 [3 0 2 0 0]]
 
Evoluido 42:
[[6 9 0 9 3]
 [2 1 0 2 1]]
 
Evoluido 43:
[[4 4 4 7 6]
 [2 1 1 1 2]]
 
Evoluido 44:
[[4 7 7 0 9]
 [1 1 1 2 0]]
 
Evoluido 45:
[[6 1 0 7 8]
 [0 1 1 1 1]]
 
Evoluido 46:
[[0 0 7 0 2]
 [1 1 0 2 1]]
 
Evoluido 47:
[[0 5 6 2 7]
 [1 2 1 1 1]]
 
Evoluido 48:
[[0 9 0 0 9]
 [1 1 1 2 0]]
 
Evoluido 49:
[[6 4 0 2 4]
 [2 1 0 1 1]]
 
Evoluido 50:
[[0 9 5 9 9]
 [0 1 1 1 1]]
 
-----------------------------------------
Individuo 1:
{
  "solucao": [0 3 5 7 9]
                [1 1 2 2 1],
  "funcao_objetivo": 0.99106940050610510791498083666560982779178534100479,
  "confiabilidade_total": 0.99106940050610510791498083666560982779178534100479
  "peso": 118.58999999999999,
  "custo": 96.18
}
 
Individuo 2:
{
  "solucao": [5 0 5 1 7]
                [1 1 2 1 2],
  "funcao_objetivo": 0.98052260173680430600700573679626409699985048783088,
  "confiabilidade_total": 0.98052260173680430600700573679626409699985048783088
  "peso": 110.86,
  "custo": 91.47
}
 
Individuo 3:
{
  "solucao": [9 1 0 0 3]
                [2 1 1 1 1],
  "funcao_objetivo": 0.97989807205893091550334729511331125935368598456030,
  "confiabilidade_total": 0.97989807205893091550334729511331125935368598456030
  "peso": 117.60999999999999,
  "custo": 94.53
}
 
Individuo 4:
{
  "solucao": [0 9 1 0 6]
                [1 1 1 2 1],
  "funcao_objetivo": 0.98003345879872997015896772401144521029333180555652,
  "confiabilidade_total": 0.98003345879872997015896772401144521029333180555652
  "peso": 117.33999999999999,
  "custo": 93.24000000000001
}
 
Individuo 5:
{
  "solucao": [8 4 5 0 5]
                [3 1 1 1 1],
  "funcao_objetivo": 0.97770555982544259514649069163764473970459502150949,
  "confiabilidade_total": 0.97770555982544259514649069163764473970459502150949
  "peso": 117.22000000000001,
  "custo": 90.82
}
 
Individuo 6:
{
  "solucao": [0 0 3 7 2]
                [2 1 1 1 1],
  "funcao_objetivo": 0.97728355738133410461126441039200029199968216712915,
  "confiabilidade_total": 0.97728355738133410461126441039200029199968216712915
  "peso": 119.84000000000002,
  "custo": 84.64
}
 
Individuo 7:
{
  "solucao": [7 0 0 2 6]
                [2 1 1 1 1],
  "funcao_objetivo": 0.97959459950824515968923383396494189338846015404876,
  "confiabilidade_total": 0.97959459950824515968923383396494189338846015404876
  "peso": 111.59,
  "custo": 83.76
}
 
Individuo 8:
{
  "solucao": [0 5 6 0 1]
                [1 1 2 1 1],
  "funcao_objetivo": 0.97655717492721035242113183838843457726371914194415,
  "confiabilidade_total": 0.97655717492721035242113183838843457726371914194415
  "peso": 113.41,
  "custo": 82.02
}
 
Individuo 9:
{
  "solucao": [2 9 1 0 9]
                [1 1 1 2 1],
  "funcao_objetivo": 0.97619805546855500348157212876199940127083683342767,
  "confiabilidade_total": 0.97619805546855500348157212876199940127083683342767
  "peso": 118.19,
  "custo": 92.03999999999999
}
 
Individuo 10:
{
  "solucao": [0 7 5 6 5]
                [1 1 1 2 2],
  "funcao_objetivo": 0.97569916723894177290901328661963638308690260928245,
  "confiabilidade_total": 0.97569916723894177290901328661963638308690260928245
  "peso": 118.65,
  "custo": 86.62
}
 
Individuo 11:
{
  "solucao": [2 0 2 7 9]
                [1 2 1 1 1],
  "funcao_objetivo": 0.97524660565632399610865889210945048326675007235346,
  "confiabilidade_total": 0.97524660565632399610865889210945048326675007235346
  "peso": 118.56,
  "custo": 83.83000000000001
}
 
Individuo 12:
{
  "solucao": [7 0 0 6 2]
                [2 1 2 1 0],
  "funcao_objetivo": 0.97554175499118512837625163661861463808830780892545,
  "confiabilidade_total": 0.97554175499118512837625163661861463808830780892545
  "peso": 109.13,
  "custo": 90.38
}
 
Individuo 13:
{
  "solucao": [2 0 8 7 9]
                [2 1 1 1 1],
  "funcao_objetivo": 0.97448710822318590411800073198687702282523985379500,
  "confiabilidade_total": 0.97448710822318590411800073198687702282523985379500
  "peso": 112.87,
  "custo": 81.07
}
 
Individuo 14:
{
  "solucao": [7 1 4 5 7]
                [2 1 1 1 2],
  "funcao_objetivo": 0.97304190352307965714960373826393480672684554377400,
  "confiabilidade_total": 0.97304190352307965714960373826393480672684554377400
  "peso": 113.18,
  "custo": 98.46000000000001
}
 
Individuo 15:
{
  "solucao": [6 9 0 7 3]
                [1 1 1 2 1],
  "funcao_objetivo": 0.97281355066554815034221057666593192636815986672718,
  "confiabilidade_total": 0.97281355066554815034221057666593192636815986672718
  "peso": 109.15,
  "custo": 87.92999999999999
}
 
Individuo 16:
{
  "solucao": [1 4 6 1 8]
                [1 1 1 2 1],
  "funcao_objetivo": 0.97131250799421862589497930268864589300510812512800,
  "confiabilidade_total": 0.97131250799421862589497930268864589300510812512800
  "peso": 112.65,
  "custo": 84.00999999999999
}
 
Individuo 17:
{
  "solucao": [0 1 2 1 7]
                [1 1 1 2 1],
  "funcao_objetivo": 0.98009909924547456922054033001515827857967023547023,
  "confiabilidade_total": 0.98009909924547456922054033001515827857967023547023
  "peso": 111.45000000000002,
  "custo": 84.69
}
 
Individuo 18:
{
  "solucao": [4 0 1 5 5]
                [2 1 1 1 1],
  "funcao_objetivo": 0.97579076985767436423473461989299798998494989526470,
  "confiabilidade_total": 0.97579076985767436423473461989299798998494989526470
  "peso": 115.33000000000001,
  "custo": 79.56
}
 
Individuo 19:
{
  "solucao": [1 7 7 0 9]
                [2 1 2 1 0],
  "funcao_objetivo": 0.97477571693545534004768562572655182403523174629007,
  "confiabilidade_total": 0.97477571693545534004768562572655182403523174629007
  "peso": 98.92,
  "custo": 90.13000000000001
}
 
Individuo 20:
{
  "solucao": [3 6 6 5 7]
                [1 1 1 2 2],
  "funcao_objetivo": 0.96825944359891233847513324721377122118824445996069,
  "confiabilidade_total": 0.96825944359891233847513324721377122118824445996069
  "peso": 119.95,
  "custo": 87.02000000000001
}
 
Individuo 21:
{
  "solucao": [6 6 5 8 8]
                [2 1 2 1 1],
  "funcao_objetivo": 0.96743798673285945423788231465176190421744450984926,
  "confiabilidade_total": 0.96743798673285945423788231465176190421744450984926
  "peso": 118.68,
  "custo": 84.42999999999999
}
 
Individuo 22:
{
  "solucao": [5 8 1 3 7]
                [1 1 2 1 1],
  "funcao_objetivo": 0.96598176165214711655079132708161347611837939514858,
  "confiabilidade_total": 0.96598176165214711655079132708161347611837939514858
  "peso": 101.81,
  "custo": 79.98
}
 
Individuo 23:
{
  "solucao": [0 7 9 2 5]
                [1 3 1 1 1],
  "funcao_objetivo": 0.97658889358670023268381855539053040739959756331950,
  "confiabilidade_total": 0.97658889358670023268381855539053040739959756331950
  "peso": 118.59,
  "custo": 98.21999999999998
}
 
Individuo 24:
{
  "solucao": [0 7 9 7 9]
                [1 1 1 2 1],
  "funcao_objetivo": 0.96877591284064734546957996551340846218480848496308,
  "confiabilidade_total": 0.96877591284064734546957996551340846218480848496308
  "peso": 99.53999999999999,
  "custo": 96.20999999999998
}
 
Individuo 25:
{
  "solucao": [8 8 0 8 7]
                [3 1 1 1 1],
  "funcao_objetivo": 0.96486841567404751643062140553177678923210055996376,
  "confiabilidade_total": 0.96486841567404751643062140553177678923210055996376
  "peso": 107.32000000000001,
  "custo": 97.69999999999999
}
 
Individuo 26:
{
  "solucao": [0 0 5 0 4]
                [1 1 2 1 1],
  "funcao_objetivo": 0.98290492615928218046557516652192077648020746276356,
  "confiabilidade_total": 0.98290492615928218046557516652192077648020746276356
  "peso": 114.02,
  "custo": 82.99000000000001
}
 
Individuo 27:
{
  "solucao": [9 6 0 5 7]
                [2 1 1 1 1],
  "funcao_objetivo": 0.96393328839253684481108161725447627418214576225343,
  "confiabilidade_total": 0.96393328839253684481108161725447627418214576225343
  "peso": 105.99000000000001,
  "custo": 89.21000000000001
}
 
Individuo 28:
{
  "solucao": [2 0 9 7 8]
                [2 2 1 0 1],
  "funcao_objetivo": 0.98190295065315833193899851118373386173846024157804,
  "confiabilidade_total": 0.98190295065315833193899851118373386173846024157804
  "peso": 118.99,
  "custo": 82.34
}
 
Individuo 29:
{
  "solucao": [9 2 5 1 1]
                [1 1 1 2 1],
  "funcao_objetivo": 0.96317082373870824963951007646925770480106045576450,
  "confiabilidade_total": 0.96317082373870824963951007646925770480106045576450
  "peso": 110.17000000000002,
  "custo": 81.84
}
 
Individuo 30:
{
  "solucao": [8 6 2 8 8]
                [1 1 2 1 1],
  "funcao_objetivo": 0.96148820395984036652364799471784811311332845699348,
  "confiabilidade_total": 0.96148820395984036652364799471784811311332845699348
  "peso": 109.22,
  "custo": 71.4
}
 
Individuo 31:
{
  "solucao": [0 8 6 0 0]
                [1 2 1 1 1],
  "funcao_objetivo": 0.97647663138826734771285862793015764052301910703386,
  "confiabilidade_total": 0.97647663138826734771285862793015764052301910703386
  "peso": 109.99,
  "custo": 87.39999999999999
}
 
Individuo 32:
{
  "solucao": [1 6 3 0 5]
                [2 1 1 1 1],
  "funcao_objetivo": 0.97480956761674122968607968715941715203420006107171,
  "confiabilidade_total": 0.97480956761674122968607968715941715203420006107171
  "peso": 113.37,
  "custo": 80.27
}
 
Individuo 33:
{
  "solucao": [9 8 2 9 0]
                [1 1 2 1 1],
  "funcao_objetivo": 0.95978737373909193873856167045859561031683220645383,
  "confiabilidade_total": 0.95978737373909193873856167045859561031683220645383
  "peso": 117.13,
  "custo": 84.02
}
 
Individuo 34:
{
  "solucao": [9 4 0 0 8]
                [2 1 1 1 0],
  "funcao_objetivo": 0.96126755450947026654516046581143580718122314490500,
  "confiabilidade_total": 0.96126755450947026654516046581143580718122314490500
  "peso": 101.11,
  "custo": 81.83999999999999
}
 
Individuo 35:
{
  "solucao": [2 9 1 1 1]
                [1 1 1 1 2],
  "funcao_objetivo": 0.95833712058052383302451748681135278277929375126065,
  "confiabilidade_total": 0.95833712058052383302451748681135278277929375126065
  "peso": 113.54,
  "custo": 86.28
}
 
Individuo 36:
{
  "solucao": [2 7 5 0 6]
                [1 1 1 2 1],
  "funcao_objetivo": 0.97024512764200622935363835986101991789979539230739,
  "confiabilidade_total": 0.97024512764200622935363835986101991789979539230739
  "peso": 112.17,
  "custo": 79.23
}
 
Individuo 37:
{
  "solucao": [6 6 0 3 1]
                [1 1 1 1 2],
  "funcao_objetivo": 0.95520707492554961367062472571277124686212942076226,
  "confiabilidade_total": 0.95520707492554961367062472571277124686212942076226
  "peso": 118.66000000000001,
  "custo": 82.33
}
 
Individuo 38:
{
  "solucao": [1 9 3 0 0]
                [1 1 1 1 2],
  "funcao_objetivo": 0.95983108522183985360209992829152678632728669352948,
  "confiabilidade_total": 0.95983108522183985360209992829152678632728669352948
  "peso": 119.47,
  "custo": 92.85
}
 
Individuo 39:
{
  "solucao": [4 7 5 0 0]
                [1 1 2 1 1],
  "funcao_objetivo": 0.97476726481100159297230565648002094942355184837870,
  "confiabilidade_total": 0.97476726481100159297230565648002094942355184837870
  "peso": 107.89999999999999,
  "custo": 81.72
}
 
Individuo 40:
{
  "solucao": [1 3 6 8 1]
                [1 1 1 1 2],
  "funcao_objetivo": 0.95091270747451468226950455301016760944241750123330,
  "confiabilidade_total": 0.95091270747451468226950455301016760944241750123330
  "peso": 111.05,
  "custo": 81.95
}
 
Individuo 41:
{
  "solucao": [2 9 0 0 7]
                [1 1 1 2 1],
  "funcao_objetivo": 0.97960872408418669995130349395581527299053389771238,
  "confiabilidade_total": 0.97960872408418669995130349395581527299053389771238
  "peso": 116.1,
  "custo": 90.45
}
 
Individuo 42:
{
  "solucao": [7 3 7 8 7]
                [2 1 2 1 1],
  "funcao_objetivo": 0.97045565496632339371736104802405451477263327687622,
  "confiabilidade_total": 0.97045565496632339371736104802405451477263327687622
  "peso": 107.48,
  "custo": 99.53
}
 
Individuo 43:
{
  "solucao": [0 5 7 7 9]
                [1 1 1 1 2],
  "funcao_objetivo": 0.95117995158630491629627043114072054723371350806094,
  "confiabilidade_total": 0.95117995158630491629627043114072054723371350806094
  "peso": 100.12,
  "custo": 91.68
}
 
Individuo 44:
{
  "solucao": [0 5 0 0 6]
                [1 2 1 2 0],
  "funcao_objetivo": 0.98380100070977002079291881997981293652144011921606,
  "confiabilidade_total": 0.98380100070977002079291881997981293652144011921606
  "peso": 110.53999999999999,
  "custo": 85.06
}
 
Individuo 45:
{
  "solucao": [6 1 4 3 8]
                [1 1 1 1 1],
  "funcao_objetivo": 0.94808618117260492663373442916058008804967988722698,
  "confiabilidade_total": 0.94808618117260492663373442916058008804967988722698
  "peso": 98.60000000000001,
  "custo": 66.49
}
 
Individuo 46:
{
  "solucao": [0 1 7 7 2]
                [1 1 1 1 1],
  "funcao_objetivo": 0.95544690440738074234566300745420489289810081052984,
  "confiabilidade_total": 0.95544690440738074234566300745420489289810081052984
  "peso": 89.4,
  "custo": 70.03
}
 
Individuo 47:
{
  "solucao": [0 5 6 2 7]
                [1 2 1 1 1],
  "funcao_objetivo": 0.97476865616234949157655951297346321132071226681708,
  "confiabilidade_total": 0.97476865616234949157655951297346321132071226681708
  "peso": 106.63000000000001,
  "custo": 73.43
}
 
Individuo 48:
{
  "solucao": [0 9 0 0 9]
                [1 1 1 2 0],
  "funcao_objetivo": 0.96681583915405567305791056971006196417041371748803,
  "confiabilidade_total": 0.96681583915405567305791056971006196417041371748803
  "peso": 99.49000000000001,
  "custo": 82.22999999999999
}
 
Individuo 49:
{
  "solucao": [8 9 9 2 6]
                [1 1 1 1 1],
  "funcao_objetivo": 0.93467237928187695277968722152052499185296485078417,
  "confiabilidade_total": 0.93467237928187695277968722152052499185296485078417
  "peso": 94.15,
  "custo": 70.79
}
 
Individuo 50:
{
  "solucao": [0 0 8 9 5]
                [2 1 1 1 1],
  "funcao_objetivo": 0.97443991318386644190396537795917987544855809494774,
  "confiabilidade_total": 0.97443991318386644190396537795917987544855809494774
  "peso": 108.53,
  "custo": 89.78
}
 
-----------------------------------------
GERACAO 5
Mutante 1:
[[1.  8.6 3.6 5.6 1. ]
 [0.2 1.  1.  1.8 2.8]]
 
Mutante 2:
[[7.6 0.  7.2 9.  9. ]
 [2.8 1.  1.  1.  0.2]]
 
Mutante 3:
[[0.  4.  9.  6.2 9. ]
 [2.8 2.  1.8 1.  0.2]]
 
Mutante 4:
[[7.  4.2 8.  9.8 8.6]
 [2.  1.  1.  0.2 2.8]]
 
Mutante 5:
[[2.  9.  1.  0.  5.8]
 [1.  2.6 1.  1.2 1. ]]
 
Mutante 6:
[[2.4 5.4 9.  1.6 0. ]
 [1.  1.  1.2 1.8 1.8]]
 
Mutante 7:
[[1.8 9.  3.8 0.  7.4]
 [2.  1.  2.  1.  0.8]]
 
Mutante 8:
[[0.  5.  9.4 7.  3.4]
 [1.  1.  1.  0.2 2.8]]
 
Mutante 9:
[[2.8 9.  0.  0.  0. ]
 [1.  1.  1.  0.2 2.8]]
 
Mutante 10:
[[4.  9.  1.2 0.  0. ]
 [1.  2.  1.  1.  1. ]]
 
Mutante 11:
[[0.  1.  6.8 1.  7. ]
 [0.2 1.  1.  2.8 1.8]]
 
Mutante 12:
[[0.4 7.4 0.  0.8 9. ]
 [1.8 1.  1.  1.2 1. ]]
 
Mutante 13:
[[0.  9.8 2.6 4.8 2. ]
 [1.  1.  0.2 2.  0.2]]
 
Mutante 14:
[[2.  0.  6.4 1.4 9. ]
 [2.  1.  1.8 1.  1. ]]
 
Mutante 15:
[[8.8 2.  5.2 9.6 9. ]
 [1.8 1.  2.  1.  1. ]]
 
Mutante 16:
[[5.6 0.2 2.  2.4 2.6]
 [1.8 1.  2.  1.  1.8]]
 
Mutante 17:
[[0.  6.6 5.  0.  0. ]
 [1.  1.  1.  1.  2. ]]
 
Mutante 18:
[[0.  5.4 8.4 8.  1. ]
 [1.  0.2 1.8 1.8 2. ]]
 
Mutante 19:
[[2.8 0.  5.  5.4 3.2]
 [2.  2.  1.  1.  0.2]]
 
Mutante 20:
[[8.2 0.2 0.8 0.  6.2]
 [2.  1.  1.8 0.2 1. ]]
 
Mutante 21:
[[3.2 9.  1.6 0.  4.4]
 [0.2 2.  1.8 2.  1. ]]
 
Mutante 22:
[[0.  9.  7.8 0.  8.2]
 [2.  1.  1.8 1.  0.2]]
 
Mutante 23:
[[0.  9.  4.4 0.  0. ]
 [1.  1.  2.  1.8 0.2]]
 
Mutante 24:
[[0.  5.8 6.2 7.  1.8]
 [0.2 1.8 0.2 1.  2.8]]
 
Mutante 25:
[[6.2 7.2 0.  0.4 0. ]
 [1.2 1.  2.  1.  0.8]]
 
Mutante 26:
[[0.  3.  1.  5.4 6.6]
 [1.  1.  2.  2.  1. ]]
 
Mutante 27:
[[9.  0.  4.2 0.  5.4]
 [1.8 1.  1.2 0.2 2.8]]
 
Mutante 28:
[[0.2 5.2 3.8 0.  8.2]
 [2.  1.  1.8 0.2 1. ]]
 
Mutante 29:
[[4.8 7.  4.2 2.  5. ]
 [1.8 3.  1.  0.2 0.2]]
 
Mutante 30:
[[6.4 9.  3.2 2.4 0. ]
 [3.  1.  1.  1.  1. ]]
 
Mutante 31:
[[0.  8.  0.  0.  7. ]
 [0.2 1.  2.  1.8 0.2]]
 
Mutante 32:
[[3.4 7.2 1.8 0.  7. ]
 [0.2 1.  2.8 1.  1. ]]
 
Mutante 33:
[[1.8 3.2 0.2 0.6 4.6]
 [1.8 1.  1.2 1.  1. ]]
 
Mutante 34:
[[0.  8.2 7.4 5.6 9. ]
 [1.  1.  1.  2.  1. ]]
 
Mutante 35:
[[0.6 0.  4.8 2.8 6. ]
 [1.2 1.  1.  1.8 1.8]]
 
Mutante 36:
[[9.6 0.8 1.6 9.  7. ]
 [3.  1.8 1.  0.2 1.8]]
 
Mutante 37:
[[9.6 0.  0.  5.  6.6]
 [2.8 1.  1.  0.2 0.2]]
 
Mutante 38:
[[0.4 0.  9.  9.  9. ]
 [2.8 2.  1.  1.  0.2]]
 
Mutante 39:
[[1.  0.  7.6 8.8 0. ]
 [1.  1.  1.  0.2 1.2]]
 
Mutante 40:
[[0.  0.  7.2 6.6 2.6]
 [2.8 1.  0.2 1.  1. ]]
 
Mutante 41:
[[7.2 9.4 9.  9.  4.2]
 [1.  0.2 1.8 1.2 1.8]]
 
Mutante 42:
[[9.2 0.  1.8 5.4 9. ]
 [2.8 0.4 1.  1.  0.2]]
 
Mutante 43:
[[1.8 0.  7.6 9.  0.2]
 [1.  1.8 0.2 0.2 2.8]]
 
Mutante 44:
[[4.8 9.  0.  0.8 9. ]
 [0.2 0.2 1.8 2.8 1. ]]
 
Mutante 45:
[[0.8 0.  5.8 2.6 6.6]
 [2.8 1.  1.  1.  0.2]]
 
Mutante 46:
[[0.  9.  0.  0.  6.6]
 [1.  1.  1.  2.  1. ]]
 
Mutante 47:
[[6.4 9.  3.2 1.6 9. ]
 [1.  1.  0.2 2.  1. ]]
 
Mutante 48:
[[4.8 0.2 3.6 4.8 0. ]
 [1.  1.  2.8 1.  0.2]]
 
Mutante 49:
[[8.8 3.8 8.2 2.4 1.6]
 [1.  0.2 2.  0.2 1.8]]
 
Mutante 50:
[[5.  9.4 2.2 0.  7.4]
 [2.  1.  2.8 1.  1. ]]
 
-----------------------------------------
Número de avaliações até o momento: 250
Evoluido 1:
[[1 8 3 5 9]
 [0 1 1 1 2]]
 
Evoluido 2:
[[5 0 7 9 9]
 [2 1 1 1 0]]
 
Evoluido 3:
[[0 4 0 6 3]
 [2 2 1 1 1]]
 
Evoluido 4:
[[7 4 8 9 8]
 [1 1 1 0 2]]
 
Evoluido 5:
[[8 9 1 0 5]
 [1 1 1 1 1]]
 
Evoluido 6:
[[2 0 9 1 0]
 [2 1 1 1 1]]
 
Evoluido 7:
[[1 0 3 0 7]
 [2 1 2 1 0]]
 
Evoluido 8:
[[0 5 9 7 1]
 [1 1 1 1 2]]
 
Evoluido 9:
[[2 9 0 0 0]
 [1 1 1 2 2]]
 
Evoluido 10:
[[4 9 5 0 0]
 [1 1 1 1 1]]
 
Evoluido 11:
[[0 1 6 7 7]
 [0 1 1 2 1]]
 
Evoluido 12:
[[0 0 0 0 2]
 [1 1 2 1 0]]
 
Evoluido 13:
[[0 9 2 7 2]
 [1 1 0 2 1]]
 
Evoluido 14:
[[2 0 4 5 9]
 [2 1 1 1 2]]
 
Evoluido 15:
[[8 2 0 7 9]
 [1 1 1 1 1]]
 
Evoluido 16:
[[5 0 2 2 2]
 [1 1 2 2 1]]
 
Evoluido 17:
[[0 6 2 0 0]
 [1 1 1 1 2]]
 
Evoluido 18:
[[0 5 1 8 5]
 [1 1 1 1 2]]
 
Evoluido 19:
[[1 0 5 5 3]
 [2 2 1 1 0]]
 
Evoluido 20:
[[8 0 6 0 6]
 [2 1 1 2 1]]
 
Evoluido 21:
[[3 6 1 0 4]
 [0 2 1 2 1]]
 
Evoluido 22:
[[0 9 7 0 8]
 [2 1 1 1 0]]
 
Evoluido 23:
[[0 7 4 2 0]
 [1 1 2 1 1]]
 
Evoluido 24:
[[0 5 6 7 1]
 [0 1 0 1 2]]
 
Evoluido 25:
[[6 7 0 0 7]
 [1 1 2 1 1]]
 
Evoluido 26:
[[0 0 1 5 4]
 [1 1 2 2 1]]
 
Evoluido 27:
[[9 0 4 5 5]
 [1 1 1 0 2]]
 
Evoluido 28:
[[0 5 3 0 8]
 [2 1 1 0 1]]
 
Evoluido 29:
[[9 7 4 2 5]
 [1 3 1 2 0]]
 
Evoluido 30:
[[6 9 2 2 0]
 [1 1 2 1 1]]
 
Evoluido 31:
[[0 8 0 0 7]
 [0 1 2 1 0]]
 
Evoluido 32:
[[3 7 1 0 7]
 [2 1 2 1 1]]
 
Evoluido 33:
[[1 8 0 9 4]
 [1 1 1 1 1]]
 
Evoluido 34:
[[0 8 7 0 9]
 [2 1 1 2 1]]
 
Evoluido 35:
[[2 0 4 2 6]
 [1 1 1 1 1]]
 
Evoluido 36:
[[9 7 1 9 7]
 [1 1 1 0 1]]
 
Evoluido 37:
[[6 0 0 5 1]
 [2 1 1 0 2]]
 
Evoluido 38:
[[1 9 3 9 9]
 [2 2 1 1 0]]
 
Evoluido 39:
[[1 0 7 0 0]
 [1 1 1 0 1]]
 
Evoluido 40:
[[0 0 7 6 1]
 [2 1 1 1 1]]
 
Evoluido 41:
[[7 9 0 9 4]
 [1 0 1 2 1]]
 
Evoluido 42:
[[9 0 1 5 9]
 [2 0 2 1 0]]
 
Evoluido 43:
[[0 0 7 9 9]
 [1 1 0 1 2]]
 
Evoluido 44:
[[4 9 0 0 9]
 [0 0 1 2 1]]
 
Evoluido 45:
[[0 0 5 2 8]
 [1 1 1 1 1]]
 
Evoluido 46:
[[0 9 0 0 6]
 [1 1 1 1 1]]
 
Evoluido 47:
[[6 9 3 1 9]
 [1 2 0 1 1]]
 
Evoluido 48:
[[4 0 3 4 0]
 [1 1 2 2 0]]
 
Evoluido 49:
[[8 9 8 2 1]
 [1 0 2 0 1]]
 
Evoluido 50:
[[0 9 2 0 7]
 [2 1 2 1 1]]
 
-----------------------------------------
Individuo 1:
{
  "solucao": [0 3 5 7 9]
                [1 1 2 2 1],
  "funcao_objetivo": 0.99106940050610510791498083666560982779178534100479,
  "confiabilidade_total": 0.99106940050610510791498083666560982779178534100479
  "peso": 118.58999999999999,
  "custo": 96.18
}
 
Individuo 2:
{
  "solucao": [5 0 5 1 7]
                [1 1 2 1 2],
  "funcao_objetivo": 0.98052260173680430600700573679626409699985048783088,
  "confiabilidade_total": 0.98052260173680430600700573679626409699985048783088
  "peso": 110.86,
  "custo": 91.47
}
 
Individuo 3:
{
  "solucao": [9 1 0 0 3]
                [2 1 1 1 1],
  "funcao_objetivo": 0.97989807205893091550334729511331125935368598456030,
  "confiabilidade_total": 0.97989807205893091550334729511331125935368598456030
  "peso": 117.60999999999999,
  "custo": 94.53
}
 
Individuo 4:
{
  "solucao": [0 9 1 0 6]
                [1 1 1 2 1],
  "funcao_objetivo": 0.98003345879872997015896772401144521029333180555652,
  "confiabilidade_total": 0.98003345879872997015896772401144521029333180555652
  "peso": 117.33999999999999,
  "custo": 93.24000000000001
}
 
Individuo 5:
{
  "solucao": [8 4 5 0 5]
                [3 1 1 1 1],
  "funcao_objetivo": 0.97770555982544259514649069163764473970459502150949,
  "confiabilidade_total": 0.97770555982544259514649069163764473970459502150949
  "peso": 117.22000000000001,
  "custo": 90.82
}
 
Individuo 6:
{
  "solucao": [0 0 3 7 2]
                [2 1 1 1 1],
  "funcao_objetivo": 0.97728355738133410461126441039200029199968216712915,
  "confiabilidade_total": 0.97728355738133410461126441039200029199968216712915
  "peso": 119.84000000000002,
  "custo": 84.64
}
 
Individuo 7:
{
  "solucao": [7 0 0 2 6]
                [2 1 1 1 1],
  "funcao_objetivo": 0.97959459950824515968923383396494189338846015404876,
  "confiabilidade_total": 0.97959459950824515968923383396494189338846015404876
  "peso": 111.59,
  "custo": 83.76
}
 
Individuo 8:
{
  "solucao": [0 5 6 0 1]
                [1 1 2 1 1],
  "funcao_objetivo": 0.97655717492721035242113183838843457726371914194415,
  "confiabilidade_total": 0.97655717492721035242113183838843457726371914194415
  "peso": 113.41,
  "custo": 82.02
}
 
Individuo 9:
{
  "solucao": [2 9 1 0 9]
                [1 1 1 2 1],
  "funcao_objetivo": 0.97619805546855500348157212876199940127083683342767,
  "confiabilidade_total": 0.97619805546855500348157212876199940127083683342767
  "peso": 118.19,
  "custo": 92.03999999999999
}
 
Individuo 10:
{
  "solucao": [0 7 5 6 5]
                [1 1 1 2 2],
  "funcao_objetivo": 0.97569916723894177290901328661963638308690260928245,
  "confiabilidade_total": 0.97569916723894177290901328661963638308690260928245
  "peso": 118.65,
  "custo": 86.62
}
 
Individuo 11:
{
  "solucao": [2 0 2 7 9]
                [1 2 1 1 1],
  "funcao_objetivo": 0.97524660565632399610865889210945048326675007235346,
  "confiabilidade_total": 0.97524660565632399610865889210945048326675007235346
  "peso": 118.56,
  "custo": 83.83000000000001
}
 
Individuo 12:
{
  "solucao": [7 0 0 6 2]
                [2 1 2 1 0],
  "funcao_objetivo": 0.97554175499118512837625163661861463808830780892545,
  "confiabilidade_total": 0.97554175499118512837625163661861463808830780892545
  "peso": 109.13,
  "custo": 90.38
}
 
Individuo 13:
{
  "solucao": [2 0 8 7 9]
                [2 1 1 1 1],
  "funcao_objetivo": 0.97448710822318590411800073198687702282523985379500,
  "confiabilidade_total": 0.97448710822318590411800073198687702282523985379500
  "peso": 112.87,
  "custo": 81.07
}
 
Individuo 14:
{
  "solucao": [7 1 4 5 7]
                [2 1 1 1 2],
  "funcao_objetivo": 0.97304190352307965714960373826393480672684554377400,
  "confiabilidade_total": 0.97304190352307965714960373826393480672684554377400
  "peso": 113.18,
  "custo": 98.46000000000001
}
 
Individuo 15:
{
  "solucao": [6 9 0 7 3]
                [1 1 1 2 1],
  "funcao_objetivo": 0.97281355066554815034221057666593192636815986672718,
  "confiabilidade_total": 0.97281355066554815034221057666593192636815986672718
  "peso": 109.15,
  "custo": 87.92999999999999
}
 
Individuo 16:
{
  "solucao": [1 4 6 1 8]
                [1 1 1 2 1],
  "funcao_objetivo": 0.97131250799421862589497930268864589300510812512800,
  "confiabilidade_total": 0.97131250799421862589497930268864589300510812512800
  "peso": 112.65,
  "custo": 84.00999999999999
}
 
Individuo 17:
{
  "solucao": [0 1 2 1 7]
                [1 1 1 2 1],
  "funcao_objetivo": 0.98009909924547456922054033001515827857967023547023,
  "confiabilidade_total": 0.98009909924547456922054033001515827857967023547023
  "peso": 111.45000000000002,
  "custo": 84.69
}
 
Individuo 18:
{
  "solucao": [4 0 1 5 5]
                [2 1 1 1 1],
  "funcao_objetivo": 0.97579076985767436423473461989299798998494989526470,
  "confiabilidade_total": 0.97579076985767436423473461989299798998494989526470
  "peso": 115.33000000000001,
  "custo": 79.56
}
 
Individuo 19:
{
  "solucao": [1 0 5 5 3]
                [2 2 1 1 0],
  "funcao_objetivo": 0.99123866151394977054044002991768487920589963854272,
  "confiabilidade_total": 0.99123866151394977054044002991768487920589963854272
  "peso": 106.20000000000002,
  "custo": 82.34
}
 
Individuo 20:
{
  "solucao": [3 6 6 5 7]
                [1 1 1 2 2],
  "funcao_objetivo": 0.96825944359891233847513324721377122118824445996069,
  "confiabilidade_total": 0.96825944359891233847513324721377122118824445996069
  "peso": 119.95,
  "custo": 87.02000000000001
}
 
Individuo 21:
{
  "solucao": [6 6 5 8 8]
                [2 1 2 1 1],
  "funcao_objetivo": 0.96743798673285945423788231465176190421744450984926,
  "confiabilidade_total": 0.96743798673285945423788231465176190421744450984926
  "peso": 118.68,
  "custo": 84.42999999999999
}
 
Individuo 22:
{
  "solucao": [5 8 1 3 7]
                [1 1 2 1 1],
  "funcao_objetivo": 0.96598176165214711655079132708161347611837939514858,
  "confiabilidade_total": 0.96598176165214711655079132708161347611837939514858
  "peso": 101.81,
  "custo": 79.98
}
 
Individuo 23:
{
  "solucao": [0 7 9 2 5]
                [1 3 1 1 1],
  "funcao_objetivo": 0.97658889358670023268381855539053040739959756331950,
  "confiabilidade_total": 0.97658889358670023268381855539053040739959756331950
  "peso": 118.59,
  "custo": 98.21999999999998
}
 
Individuo 24:
{
  "solucao": [0 7 9 7 9]
                [1 1 1 2 1],
  "funcao_objetivo": 0.96877591284064734546957996551340846218480848496308,
  "confiabilidade_total": 0.96877591284064734546957996551340846218480848496308
  "peso": 99.53999999999999,
  "custo": 96.20999999999998
}
 
Individuo 25:
{
  "solucao": [6 7 0 0 7]
                [1 1 2 1 1],
  "funcao_objetivo": 0.97629205525243262786820801892344508472854426531414,
  "confiabilidade_total": 0.97629205525243262786820801892344508472854426531414
  "peso": 109.13000000000001,
  "custo": 90.38
}
 
Individuo 26:
{
  "solucao": [0 0 5 0 4]
                [1 1 2 1 1],
  "funcao_objetivo": 0.98290492615928218046557516652192077648020746276356,
  "confiabilidade_total": 0.98290492615928218046557516652192077648020746276356
  "peso": 114.02,
  "custo": 82.99000000000001
}
 
Individuo 27:
{
  "solucao": [9 6 0 5 7]
                [2 1 1 1 1],
  "funcao_objetivo": 0.96393328839253684481108161725447627418214576225343,
  "confiabilidade_total": 0.96393328839253684481108161725447627418214576225343
  "peso": 105.99000000000001,
  "custo": 89.21000000000001
}
 
Individuo 28:
{
  "solucao": [2 0 9 7 8]
                [2 2 1 0 1],
  "funcao_objetivo": 0.98190295065315833193899851118373386173846024157804,
  "confiabilidade_total": 0.98190295065315833193899851118373386173846024157804
  "peso": 118.99,
  "custo": 82.34
}
 
Individuo 29:
{
  "solucao": [9 2 5 1 1]
                [1 1 1 2 1],
  "funcao_objetivo": 0.96317082373870824963951007646925770480106045576450,
  "confiabilidade_total": 0.96317082373870824963951007646925770480106045576450
  "peso": 110.17000000000002,
  "custo": 81.84
}
 
Individuo 30:
{
  "solucao": [8 6 2 8 8]
                [1 1 2 1 1],
  "funcao_objetivo": 0.96148820395984036652364799471784811311332845699348,
  "confiabilidade_total": 0.96148820395984036652364799471784811311332845699348
  "peso": 109.22,
  "custo": 71.4
}
 
Individuo 31:
{
  "solucao": [0 8 6 0 0]
                [1 2 1 1 1],
  "funcao_objetivo": 0.97647663138826734771285862793015764052301910703386,
  "confiabilidade_total": 0.97647663138826734771285862793015764052301910703386
  "peso": 109.99,
  "custo": 87.39999999999999
}
 
Individuo 32:
{
  "solucao": [1 6 3 0 5]
                [2 1 1 1 1],
  "funcao_objetivo": 0.97480956761674122968607968715941715203420006107171,
  "confiabilidade_total": 0.97480956761674122968607968715941715203420006107171
  "peso": 113.37,
  "custo": 80.27
}
 
Individuo 33:
{
  "solucao": [9 8 2 9 0]
                [1 1 2 1 1],
  "funcao_objetivo": 0.95978737373909193873856167045859561031683220645383,
  "confiabilidade_total": 0.95978737373909193873856167045859561031683220645383
  "peso": 117.13,
  "custo": 84.02
}
 
Individuo 34:
{
  "solucao": [9 4 0 0 8]
                [2 1 1 1 0],
  "funcao_objetivo": 0.96126755450947026654516046581143580718122314490500,
  "confiabilidade_total": 0.96126755450947026654516046581143580718122314490500
  "peso": 101.11,
  "custo": 81.83999999999999
}
 
Individuo 35:
{
  "solucao": [2 0 4 2 6]
                [1 1 1 1 1],
  "funcao_objetivo": 0.95920131495475404185191330235284151880448757958334,
  "confiabilidade_total": 0.95920131495475404185191330235284151880448757958334
  "peso": 109.5,
  "custo": 61.5
}
 
Individuo 36:
{
  "solucao": [2 7 5 0 6]
                [1 1 1 2 1],
  "funcao_objetivo": 0.97024512764200622935363835986101991789979539230739,
  "confiabilidade_total": 0.97024512764200622935363835986101991789979539230739
  "peso": 112.17,
  "custo": 79.23
}
 
Individuo 37:
{
  "solucao": [6 6 0 3 1]
                [1 1 1 1 2],
  "funcao_objetivo": 0.95520707492554961367062472571277124686212942076226,
  "confiabilidade_total": 0.95520707492554961367062472571277124686212942076226
  "peso": 118.66000000000001,
  "custo": 82.33
}
 
Individuo 38:
{
  "solucao": [1 9 3 9 9]
                [2 2 1 1 0],
  "funcao_objetivo": 0.98401151726559790788899840679999863644393423085216,
  "confiabilidade_total": 0.98401151726559790788899840679999863644393423085216
  "peso": 113.58000000000001,
  "custo": 94.85
}
 
Individuo 39:
{
  "solucao": [4 7 5 0 0]
                [1 1 2 1 1],
  "funcao_objetivo": 0.97476726481100159297230565648002094942355184837870,
  "confiabilidade_total": 0.97476726481100159297230565648002094942355184837870
  "peso": 107.89999999999999,
  "custo": 81.72
}
 
Individuo 40:
{
  "solucao": [0 0 7 6 1]
                [2 1 1 1 1],
  "funcao_objetivo": 0.97720225550520853768423612793333238460970831207615,
  "confiabilidade_total": 0.97720225550520853768423612793333238460970831207615
  "peso": 113.08000000000001,
  "custo": 90.29
}
 
Individuo 41:
{
  "solucao": [2 9 0 0 7]
                [1 1 1 2 1],
  "funcao_objetivo": 0.97960872408418669995130349395581527299053389771238,
  "confiabilidade_total": 0.97960872408418669995130349395581527299053389771238
  "peso": 116.1,
  "custo": 90.45
}
 
Individuo 42:
{
  "solucao": [7 3 7 8 7]
                [2 1 2 1 1],
  "funcao_objetivo": 0.97045565496632339371736104802405451477263327687622,
  "confiabilidade_total": 0.97045565496632339371736104802405451477263327687622
  "peso": 107.48,
  "custo": 99.53
}
 
Individuo 43:
{
  "solucao": [0 5 7 7 9]
                [1 1 1 1 2],
  "funcao_objetivo": 0.95117995158630491629627043114072054723371350806094,
  "confiabilidade_total": 0.95117995158630491629627043114072054723371350806094
  "peso": 100.12,
  "custo": 91.68
}
 
Individuo 44:
{
  "solucao": [0 5 0 0 6]
                [1 2 1 2 0],
  "funcao_objetivo": 0.98380100070977002079291881997981293652144011921606,
  "confiabilidade_total": 0.98380100070977002079291881997981293652144011921606
  "peso": 110.53999999999999,
  "custo": 85.06
}
 
Individuo 45:
{
  "solucao": [0 0 5 2 8]
                [1 1 1 1 1],
  "funcao_objetivo": 0.96220902112007245612418129568519280369083625846983,
  "confiabilidade_total": 0.96220902112007245612418129568519280369083625846983
  "peso": 92.58,
  "custo": 65.37
}
 
Individuo 46:
{
  "solucao": [0 9 0 0 6]
                [1 1 1 1 1],
  "funcao_objetivo": 0.96351314720214726676805846227734376998229674529398,
  "confiabilidade_total": 0.96351314720214726676805846227734376998229674529398
  "peso": 99.24,
  "custo": 78.49000000000001
}
 
Individuo 47:
{
  "solucao": [0 5 6 2 7]
                [1 2 1 1 1],
  "funcao_objetivo": 0.97476865616234949157655951297346321132071226681708,
  "confiabilidade_total": 0.97476865616234949157655951297346321132071226681708
  "peso": 106.63000000000001,
  "custo": 73.43
}
 
Individuo 48:
{
  "solucao": [0 9 0 0 9]
                [1 1 1 2 0],
  "funcao_objetivo": 0.96681583915405567305791056971006196417041371748803,
  "confiabilidade_total": 0.96681583915405567305791056971006196417041371748803
  "peso": 99.49000000000001,
  "custo": 82.22999999999999
}
 
Individuo 49:
{
  "solucao": [8 9 9 2 6]
                [1 1 1 1 1],
  "funcao_objetivo": 0.93467237928187695277968722152052499185296485078417,
  "confiabilidade_total": 0.93467237928187695277968722152052499185296485078417
  "peso": 94.15,
  "custo": 70.79
}
 
Individuo 50:
{
  "solucao": [0 0 8 9 5]
                [2 1 1 1 1],
  "funcao_objetivo": 0.97443991318386644190396537795917987544855809494774,
  "confiabilidade_total": 0.97443991318386644190396537795917987544855809494774
  "peso": 108.53,
  "custo": 89.78
}
 
-----------------------------------------
GERACAO 6
Mutante 1:
[[1.  9.  0.  7.4 9. ]
 [2.  1.2 1.  1.8 1. ]]
 
Mutante 2:
[[9.  6.4 1.6 0.  9. ]
 [1.2 1.  1.8 1.8 1. ]]
 
Mutante 3:
[[6.8 2.4 9.  9.4 9. ]
 [2.  1.2 1.8 1.  1.8]]
 
Mutante 4:
[[0.  0.6 9.8 2.4 1.2]
 [1.8 1.  0.2 2.  1. ]]
 
Mutante 5:
[[0.  3.2 5.8 0.  4.8]
 [1.  1.  1.2 1.8 0.2]]
 
Mutante 6:
[[4.  9.  9.  4.4 9. ]
 [1.  2.2 1.8 1.  1.8]]
 
Mutante 7:
[[5.6 4.  5.  0.  0.2]
 [2.2 1.  1.  1.  1.8]]
 
Mutante 8:
[[7.6 7.  0.  0.  7.8]
 [1.  1.  2.  1.8 1. ]]
 
Mutante 9:
[[5.4 9.  5.4 2.4 7. ]
 [2.  0.2 2.  1.8 0.2]]
 
Mutante 10:
[[6.8 0.  4.  2.  6.8]
 [1.  1.  1.8 1.  1. ]]
 
Mutante 11:
[[4.  2.2 5.  9.4 9.8]
 [1.  1.  2.8 1.2 1. ]]
 
Mutante 12:
[[0.  6.6 3.6 1.2 4.6]
 [1.8 2.  1.  0.2 1. ]]
 
Mutante 13:
[[0.  9.  0.  0.  5.2]
 [0.2 1.  0.2 2.  1. ]]
 
Mutante 14:
[[0.  4.  3.  9.  0. ]
 [1.2 1.  1.  1.8 1.8]]
 
Mutante 15:
[[5.2 8.2 0.  6.4 8.6]
 [1.8 1.  1.8 1.2 1. ]]
 
Mutante 16:
[[0.  9.  0.8 0.8 5.4]
 [0.2 1.  1.  2.8 1. ]]
 
Mutante 17:
[[0.  6.6 0.  8.2 9. ]
 [1.2 2.8 0.2 1.  1. ]]
 
Mutante 18:
[[4.2 4.8 2.  3.4 2.4]
 [1.  1.8 2.  1.  0.2]]
 
Mutante 19:
[[9.  6.  0.  4.2 7. ]
 [2.  1.  1.8 1.  0.2]]
 
Mutante 20:
[[5.  9.  0.  8.2 1.6]
 [1.  1.  1.2 1.8 1. ]]
 
Mutante 21:
[[0.  9.  3.8 9.8 9. ]
 [2.  2.8 1.  0.2 1. ]]
 
Mutante 22:
[[1.  9.  6.2 5.8 9. ]
 [2.  3.  1.  0.2 1. ]]
 
Mutante 23:
[[0.  7.  3.4 1.4 6.6]
 [1.  1.  2.  2.8 0.2]]
 
Mutante 24:
[[6.  9.  0.  0.  8.6]
 [1.  1.  1.  2.  1. ]]
 
Mutante 25:
[[0.  0.  9.  5.4 9. ]
 [2.  1.  0.2 1.  1.8]]
 
Mutante 26:
[[3.2 9.  6.6 7.8 8.2]
 [1.  1.  1.8 2.  1. ]]
 
Mutante 27:
[[2.8 1.8 4.  4.  2.2]
 [1.8 1.8 1.  1.2 1. ]]
 
Mutante 28:
[[0.  2.8 4.  7.  0. ]
 [1.  1.8 1.  1.  2. ]]
 
Mutante 29:
[[1.  6.  0.6 0.  4.2]
 [1.2 1.  1.8 1.  1. ]]
 
Mutante 30:
[[2.  0.  5.2 7.  7.4]
 [1.  2.  1.8 0.2 1. ]]
 
Mutante 31:
[[9.  9.  3.2 5.  4.6]
 [2.  2.6 1.  1.  1. ]]
 
Mutante 32:
[[6.  5.4 4.  0.  6.2]
 [1.  1.  2.  1.  1. ]]
 
Mutante 33:
[[0.8 5.4 5.8 3.  7.4]
 [1.8 1.  2.  2.  0.2]]
 
Mutante 34:
[[5.6 9.  1.8 0.  2. ]
 [1.  1.  1.  2.8 1. ]]
 
Mutante 35:
[[3.  0.  0.8 2.  4.4]
 [2.  1.  1.  1.  1. ]]
 
Mutante 36:
[[8.  7.4 5.  0.  6.8]
 [1.  1.8 1.  1.  1. ]]
 
Mutante 37:
[[9.  5.2 5.  0.  0. ]
 [2.6 1.  1.  2.  1. ]]
 
Mutante 38:
[[0.  0.  3.  7.  1.2]
 [2.  2.6 1.  1.  1. ]]
 
Mutante 39:
[[8.2 6.  5.8 0.  4.2]
 [0.2 1.  1.  2.  1.8]]
 
Mutante 40:
[[9.  6.8 0.  0.  0. ]
 [1.  1.  1.  1.  2. ]]
 
Mutante 41:
[[5.2 1.8 0.  7.  3. ]
 [1.8 1.  1.  2.  1. ]]
 
Mutante 42:
[[0.  0.  8.  7.  8.2]
 [2.  1.8 0.2 1.8 0.2]]
 
Mutante 43:
[[5.6 0.  1.  3.8 9.8]
 [1.8 1.  2.  1.2 0.2]]
 
Mutante 44:
[[0.  9.  7.4 7.2 6.8]
 [1.  1.8 1.  2.  1. ]]
 
Mutante 45:
[[0.  4.4 3.  0.  4.2]
 [2.  1.8 0.2 1.8 0.2]]
 
Mutante 46:
[[0.2 0.  5.2 1.8 9.6]
 [0.2 1.  1.  2.8 1. ]]
 
Mutante 47:
[[6.6 2.  0.  1.6 9. ]
 [2.8 1.  0.2 1.  1. ]]
 
Mutante 48:
[[0.  8.6 8.2 3.  9.8]
 [0.2 1.  2.  2.8 1. ]]
 
Mutante 49:
[[5.4 2.6 0.  7.4 3.8]
 [0.4 1.  1.  1.  2.8]]
 
Mutante 50:
[[9.  3.4 2.4 0.  1.4]
 [3.  1.  1.  0.2 1. ]]
 
-----------------------------------------
Número de avaliações até o momento: 300
Evoluido 1:
[[0 3 0 7 9]
 [2 1 2 1 1]]
 
Evoluido 2:
[[9 6 1 0 7]
 [1 1 2 1 1]]
 
Evoluido 3:
[[6 1 0 9 9]
 [2 1 1 1 1]]
 
Evoluido 4:
[[0 0 1 2 1]
 [1 1 0 2 1]]
 
Evoluido 5:
[[8 3 5 0 4]
 [1 1 1 1 0]]
 
Evoluido 6:
[[0 9 9 4 9]
 [1 2 1 1 1]]
 
Evoluido 7:
[[7 4 5 2 0]
 [2 1 1 1 1]]
 
Evoluido 8:
[[7 7 0 0 7]
 [1 1 2 1 1]]
 
Evoluido 9:
[[5 9 5 2 7]
 [1 0 2 2 0]]
 
Evoluido 10:
[[6 0 5 2 6]
 [1 1 1 1 1]]
 
Evoluido 11:
[[4 2 5 9 9]
 [1 1 1 1 1]]
 
Evoluido 12:
[[0 6 3 1 2]
 [2 2 1 0 1]]
 
Evoluido 13:
[[0 0 0 0 5]
 [0 1 1 2 1]]
 
Evoluido 14:
[[0 4 3 9 7]
 [2 1 1 1 1]]
 
Evoluido 15:
[[6 9 0 6 8]
 [1 1 1 1 1]]
 
Evoluido 16:
[[0 9 6 1 5]
 [0 1 1 2 1]]
 
Evoluido 17:
[[0 6 0 8 9]
 [1 2 1 1 1]]
 
Evoluido 18:
[[4 4 2 3 2]
 [2 1 2 1 1]]
 
Evoluido 19:
[[1 6 0 5 7]
 [2 2 1 1 0]]
 
Evoluido 20:
[[5 9 0 8 7]
 [1 1 1 1 2]]
 
Evoluido 21:
[[0 6 3 9 9]
 [2 2 1 1 1]]
 
Evoluido 22:
[[1 9 1 5 9]
 [1 3 1 0 1]]
 
Evoluido 23:
[[0 7 3 1 6]
 [1 1 2 1 0]]
 
Evoluido 24:
[[6 9 0 0 8]
 [1 1 1 2 1]]
 
Evoluido 25:
[[0 0 9 0 9]
 [2 1 0 1 1]]
 
Evoluido 26:
[[3 9 6 7 4]
 [1 1 1 2 1]]
 
Evoluido 27:
[[2 1 4 4 2]
 [1 1 1 1 1]]
 
Evoluido 28:
[[0 2 4 7 0]
 [1 1 1 1 2]]
 
Evoluido 29:
[[1 6 5 0 4]
 [1 1 1 1 1]]
 
Evoluido 30:
[[2 6 2 7 8]
 [1 2 1 1 1]]
 
Evoluido 31:
[[9 9 3 5 0]
 [1 2 1 1 1]]
 
Evoluido 32:
[[1 5 4 0 5]
 [1 1 2 1 1]]
 
Evoluido 33:
[[9 5 5 9 7]
 [1 1 2 1 0]]
 
Evoluido 34:
[[5 9 1 0 2]
 [2 1 1 2 0]]
 
Evoluido 35:
[[3 0 0 2 4]
 [2 1 1 1 1]]
 
Evoluido 36:
[[8 7 5 0 6]
 [1 1 1 1 1]]
 
Evoluido 37:
[[9 5 5 0 0]
 [1 1 1 1 1]]
 
Evoluido 38:
[[0 0 3 7 1]
 [2 2 1 1 1]]
 
Evoluido 39:
[[4 6 5 0 4]
 [0 1 2 2 1]]
 
Evoluido 40:
[[9 0 7 0 0]
 [2 1 1 1 2]]
 
Evoluido 41:
[[5 1 0 7 3]
 [1 1 1 2 1]]
 
Evoluido 42:
[[7 0 7 8 7]
 [2 1 0 1 1]]
 
Evoluido 43:
[[0 0 1 3 9]
 [1 1 1 1 2]]
 
Evoluido 44:
[[0 9 7 0 6]
 [1 1 1 2 1]]
 
Evoluido 45:
[[0 4 3 0 4]
 [2 1 0 1 0]]
 
Evoluido 46:
[[0 0 5 1 6]
 [1 1 1 2 1]]
 
Evoluido 47:
[[0 2 0 1 9]
 [2 2 0 1 1]]
 
Evoluido 48:
[[0 8 8 3 9]
 [1 1 1 2 1]]
 
Evoluido 49:
[[5 9 0 7 3]
 [1 1 1 1 1]]
 
Evoluido 50:
[[0 3 2 0 5]
 [3 1 1 0 1]]
 
-----------------------------------------
Individuo 1:
{
  "solucao": [0 3 5 7 9]
                [1 1 2 2 1],
  "funcao_objetivo": 0.99106940050610510791498083666560982779178534100479,
  "confiabilidade_total": 0.99106940050610510791498083666560982779178534100479
  "peso": 118.58999999999999,
  "custo": 96.18
}
 
Individuo 2:
{
  "solucao": [5 0 5 1 7]
                [1 1 2 1 2],
  "funcao_objetivo": 0.98052260173680430600700573679626409699985048783088,
  "confiabilidade_total": 0.98052260173680430600700573679626409699985048783088
  "peso": 110.86,
  "custo": 91.47
}
 
Individuo 3:
{
  "solucao": [9 1 0 0 3]
                [2 1 1 1 1],
  "funcao_objetivo": 0.97989807205893091550334729511331125935368598456030,
  "confiabilidade_total": 0.97989807205893091550334729511331125935368598456030
  "peso": 117.60999999999999,
  "custo": 94.53
}
 
Individuo 4:
{
  "solucao": [0 9 1 0 6]
                [1 1 1 2 1],
  "funcao_objetivo": 0.98003345879872997015896772401144521029333180555652,
  "confiabilidade_total": 0.98003345879872997015896772401144521029333180555652
  "peso": 117.33999999999999,
  "custo": 93.24000000000001
}
 
Individuo 5:
{
  "solucao": [8 4 5 0 5]
                [3 1 1 1 1],
  "funcao_objetivo": 0.97770555982544259514649069163764473970459502150949,
  "confiabilidade_total": 0.97770555982544259514649069163764473970459502150949
  "peso": 117.22000000000001,
  "custo": 90.82
}
 
Individuo 6:
{
  "solucao": [0 0 3 7 2]
                [2 1 1 1 1],
  "funcao_objetivo": 0.97728355738133410461126441039200029199968216712915,
  "confiabilidade_total": 0.97728355738133410461126441039200029199968216712915
  "peso": 119.84000000000002,
  "custo": 84.64
}
 
Individuo 7:
{
  "solucao": [7 0 0 2 6]
                [2 1 1 1 1],
  "funcao_objetivo": 0.97959459950824515968923383396494189338846015404876,
  "confiabilidade_total": 0.97959459950824515968923383396494189338846015404876
  "peso": 111.59,
  "custo": 83.76
}
 
Individuo 8:
{
  "solucao": [0 5 6 0 1]
                [1 1 2 1 1],
  "funcao_objetivo": 0.97655717492721035242113183838843457726371914194415,
  "confiabilidade_total": 0.97655717492721035242113183838843457726371914194415
  "peso": 113.41,
  "custo": 82.02
}
 
Individuo 9:
{
  "solucao": [2 9 1 0 9]
                [1 1 1 2 1],
  "funcao_objetivo": 0.97619805546855500348157212876199940127083683342767,
  "confiabilidade_total": 0.97619805546855500348157212876199940127083683342767
  "peso": 118.19,
  "custo": 92.03999999999999
}
 
Individuo 10:
{
  "solucao": [0 7 5 6 5]
                [1 1 1 2 2],
  "funcao_objetivo": 0.97569916723894177290901328661963638308690260928245,
  "confiabilidade_total": 0.97569916723894177290901328661963638308690260928245
  "peso": 118.65,
  "custo": 86.62
}
 
Individuo 11:
{
  "solucao": [2 0 2 7 9]
                [1 2 1 1 1],
  "funcao_objetivo": 0.97524660565632399610865889210945048326675007235346,
  "confiabilidade_total": 0.97524660565632399610865889210945048326675007235346
  "peso": 118.56,
  "custo": 83.83000000000001
}
 
Individuo 12:
{
  "solucao": [7 0 0 6 2]
                [2 1 2 1 0],
  "funcao_objetivo": 0.97554175499118512837625163661861463808830780892545,
  "confiabilidade_total": 0.97554175499118512837625163661861463808830780892545
  "peso": 109.13,
  "custo": 90.38
}
 
Individuo 13:
{
  "solucao": [2 0 8 7 9]
                [2 1 1 1 1],
  "funcao_objetivo": 0.97448710822318590411800073198687702282523985379500,
  "confiabilidade_total": 0.97448710822318590411800073198687702282523985379500
  "peso": 112.87,
  "custo": 81.07
}
 
Individuo 14:
{
  "solucao": [7 1 4 5 7]
                [2 1 1 1 2],
  "funcao_objetivo": 0.97304190352307965714960373826393480672684554377400,
  "confiabilidade_total": 0.97304190352307965714960373826393480672684554377400
  "peso": 113.18,
  "custo": 98.46000000000001
}
 
Individuo 15:
{
  "solucao": [6 9 0 7 3]
                [1 1 1 2 1],
  "funcao_objetivo": 0.97281355066554815034221057666593192636815986672718,
  "confiabilidade_total": 0.97281355066554815034221057666593192636815986672718
  "peso": 109.15,
  "custo": 87.92999999999999
}
 
Individuo 16:
{
  "solucao": [1 4 6 1 8]
                [1 1 1 2 1],
  "funcao_objetivo": 0.97131250799421862589497930268864589300510812512800,
  "confiabilidade_total": 0.97131250799421862589497930268864589300510812512800
  "peso": 112.65,
  "custo": 84.00999999999999
}
 
Individuo 17:
{
  "solucao": [0 1 2 1 7]
                [1 1 1 2 1],
  "funcao_objetivo": 0.98009909924547456922054033001515827857967023547023,
  "confiabilidade_total": 0.98009909924547456922054033001515827857967023547023
  "peso": 111.45000000000002,
  "custo": 84.69
}
 
Individuo 18:
{
  "solucao": [4 0 1 5 5]
                [2 1 1 1 1],
  "funcao_objetivo": 0.97579076985767436423473461989299798998494989526470,
  "confiabilidade_total": 0.97579076985767436423473461989299798998494989526470
  "peso": 115.33000000000001,
  "custo": 79.56
}
 
Individuo 19:
{
  "solucao": [1 0 5 5 3]
                [2 2 1 1 0],
  "funcao_objetivo": 0.99123866151394977054044002991768487920589963854272,
  "confiabilidade_total": 0.99123866151394977054044002991768487920589963854272
  "peso": 106.20000000000002,
  "custo": 82.34
}
 
Individuo 20:
{
  "solucao": [3 6 6 5 7]
                [1 1 1 2 2],
  "funcao_objetivo": 0.96825944359891233847513324721377122118824445996069,
  "confiabilidade_total": 0.96825944359891233847513324721377122118824445996069
  "peso": 119.95,
  "custo": 87.02000000000001
}
 
Individuo 21:
{
  "solucao": [6 6 5 8 8]
                [2 1 2 1 1],
  "funcao_objetivo": 0.96743798673285945423788231465176190421744450984926,
  "confiabilidade_total": 0.96743798673285945423788231465176190421744450984926
  "peso": 118.68,
  "custo": 84.42999999999999
}
 
Individuo 22:
{
  "solucao": [5 8 1 3 7]
                [1 1 2 1 1],
  "funcao_objetivo": 0.96598176165214711655079132708161347611837939514858,
  "confiabilidade_total": 0.96598176165214711655079132708161347611837939514858
  "peso": 101.81,
  "custo": 79.98
}
 
Individuo 23:
{
  "solucao": [0 7 9 2 5]
                [1 3 1 1 1],
  "funcao_objetivo": 0.97658889358670023268381855539053040739959756331950,
  "confiabilidade_total": 0.97658889358670023268381855539053040739959756331950
  "peso": 118.59,
  "custo": 98.21999999999998
}
 
Individuo 24:
{
  "solucao": [6 9 0 0 8]
                [1 1 1 2 1],
  "funcao_objetivo": 0.97592729570080863317536003032828902083229400003230,
  "confiabilidade_total": 0.97592729570080863317536003032828902083229400003230
  "peso": 113.82000000000001,
  "custo": 91.83999999999999
}
 
Individuo 25:
{
  "solucao": [6 7 0 0 7]
                [1 1 2 1 1],
  "funcao_objetivo": 0.97629205525243262786820801892344508472854426531414,
  "confiabilidade_total": 0.97629205525243262786820801892344508472854426531414
  "peso": 109.13000000000001,
  "custo": 90.38
}
 
Individuo 26:
{
  "solucao": [0 0 5 0 4]
                [1 1 2 1 1],
  "funcao_objetivo": 0.98290492615928218046557516652192077648020746276356,
  "confiabilidade_total": 0.98290492615928218046557516652192077648020746276356
  "peso": 114.02,
  "custo": 82.99000000000001
}
 
Individuo 27:
{
  "solucao": [9 6 0 5 7]
                [2 1 1 1 1],
  "funcao_objetivo": 0.96393328839253684481108161725447627418214576225343,
  "confiabilidade_total": 0.96393328839253684481108161725447627418214576225343
  "peso": 105.99000000000001,
  "custo": 89.21000000000001
}
 
Individuo 28:
{
  "solucao": [2 0 9 7 8]
                [2 2 1 0 1],
  "funcao_objetivo": 0.98190295065315833193899851118373386173846024157804,
  "confiabilidade_total": 0.98190295065315833193899851118373386173846024157804
  "peso": 118.99,
  "custo": 82.34
}
 
Individuo 29:
{
  "solucao": [9 2 5 1 1]
                [1 1 1 2 1],
  "funcao_objetivo": 0.96317082373870824963951007646925770480106045576450,
  "confiabilidade_total": 0.96317082373870824963951007646925770480106045576450
  "peso": 110.17000000000002,
  "custo": 81.84
}
 
Individuo 30:
{
  "solucao": [2 6 2 7 8]
                [1 2 1 1 1],
  "funcao_objetivo": 0.97234065016797770670945401800661822842796005070441,
  "confiabilidade_total": 0.97234065016797770670945401800661822842796005070441
  "peso": 114.23,
  "custo": 71.91
}
 
Individuo 31:
{
  "solucao": [0 8 6 0 0]
                [1 2 1 1 1],
  "funcao_objetivo": 0.97647663138826734771285862793015764052301910703386,
  "confiabilidade_total": 0.97647663138826734771285862793015764052301910703386
  "peso": 109.99,
  "custo": 87.39999999999999
}
 
Individuo 32:
{
  "solucao": [1 5 4 0 5]
                [1 1 2 1 1],
  "funcao_objetivo": 0.97579076985767436423473461989299798998494989526472,
  "confiabilidade_total": 0.97579076985767436423473461989299798998494989526472
  "peso": 115.33,
  "custo": 79.56
}
 
Individuo 33:
{
  "solucao": [9 8 2 9 0]
                [1 1 2 1 1],
  "funcao_objetivo": 0.95978737373909193873856167045859561031683220645383,
  "confiabilidade_total": 0.95978737373909193873856167045859561031683220645383
  "peso": 117.13,
  "custo": 84.02
}
 
Individuo 34:
{
  "solucao": [5 9 1 0 2]
                [2 1 1 2 0],
  "funcao_objetivo": 0.97072305271084075926877984411160224362357345703375,
  "confiabilidade_total": 0.97072305271084075926877984411160224362357345703375
  "peso": 106.50999999999999,
  "custo": 85.38
}
 
Individuo 35:
{
  "solucao": [2 0 4 2 6]
                [1 1 1 1 1],
  "funcao_objetivo": 0.95920131495475404185191330235284151880448757958334,
  "confiabilidade_total": 0.95920131495475404185191330235284151880448757958334
  "peso": 109.5,
  "custo": 61.5
}
 
Individuo 36:
{
  "solucao": [2 7 5 0 6]
                [1 1 1 2 1],
  "funcao_objetivo": 0.97024512764200622935363835986101991789979539230739,
  "confiabilidade_total": 0.97024512764200622935363835986101991789979539230739
  "peso": 112.17,
  "custo": 79.23
}
 
Individuo 37:
{
  "solucao": [6 6 0 3 1]
                [1 1 1 1 2],
  "funcao_objetivo": 0.95520707492554961367062472571277124686212942076226,
  "confiabilidade_total": 0.95520707492554961367062472571277124686212942076226
  "peso": 118.66000000000001,
  "custo": 82.33
}
 
Individuo 38:
{
  "solucao": [1 9 3 9 9]
                [2 2 1 1 0],
  "funcao_objetivo": 0.98401151726559790788899840679999863644393423085216,
  "confiabilidade_total": 0.98401151726559790788899840679999863644393423085216
  "peso": 113.58000000000001,
  "custo": 94.85
}
 
Individuo 39:
{
  "solucao": [4 7 5 0 0]
                [1 1 2 1 1],
  "funcao_objetivo": 0.97476726481100159297230565648002094942355184837870,
  "confiabilidade_total": 0.97476726481100159297230565648002094942355184837870
  "peso": 107.89999999999999,
  "custo": 81.72
}
 
Individuo 40:
{
  "solucao": [0 0 7 6 1]
                [2 1 1 1 1],
  "funcao_objetivo": 0.97720225550520853768423612793333238460970831207615,
  "confiabilidade_total": 0.97720225550520853768423612793333238460970831207615
  "peso": 113.08000000000001,
  "custo": 90.29
}
 
Individuo 41:
{
  "solucao": [2 9 0 0 7]
                [1 1 1 2 1],
  "funcao_objetivo": 0.97960872408418669995130349395581527299053389771238,
  "confiabilidade_total": 0.97960872408418669995130349395581527299053389771238
  "peso": 116.1,
  "custo": 90.45
}
 
Individuo 42:
{
  "solucao": [7 3 7 8 7]
                [2 1 2 1 1],
  "funcao_objetivo": 0.97045565496632339371736104802405451477263327687622,
  "confiabilidade_total": 0.97045565496632339371736104802405451477263327687622
  "peso": 107.48,
  "custo": 99.53
}
 
Individuo 43:
{
  "solucao": [0 0 1 3 9]
                [1 1 1 1 2],
  "funcao_objetivo": 0.96863980911726836843045747674261169308889304768764,
  "confiabilidade_total": 0.96863980911726836843045747674261169308889304768764
  "peso": 117.60999999999999,
  "custo": 94.53
}
 
Individuo 44:
{
  "solucao": [0 5 0 0 6]
                [1 2 1 2 0],
  "funcao_objetivo": 0.98380100070977002079291881997981293652144011921606,
  "confiabilidade_total": 0.98380100070977002079291881997981293652144011921606
  "peso": 110.53999999999999,
  "custo": 85.06
}
 
Individuo 45:
{
  "solucao": [0 0 5 2 8]
                [1 1 1 1 1],
  "funcao_objetivo": 0.96220902112007245612418129568519280369083625846983,
  "confiabilidade_total": 0.96220902112007245612418129568519280369083625846983
  "peso": 92.58,
  "custo": 65.37
}
 
Individuo 46:
{
  "solucao": [0 0 5 1 6]
                [1 1 1 2 1],
  "funcao_objetivo": 0.97664279966386420889654672391748085613487892932162,
  "confiabilidade_total": 0.97664279966386420889654672391748085613487892932162
  "peso": 111.49,
  "custo": 84.4
}
 
Individuo 47:
{
  "solucao": [0 5 6 2 7]
                [1 2 1 1 1],
  "funcao_objetivo": 0.97476865616234949157655951297346321132071226681708,
  "confiabilidade_total": 0.97476865616234949157655951297346321132071226681708
  "peso": 106.63000000000001,
  "custo": 73.43
}
 
Individuo 48:
{
  "solucao": [0 8 8 3 9]
                [1 1 1 2 1],
  "funcao_objetivo": 0.97093673487554086995562400352968469539986879361741,
  "confiabilidade_total": 0.97093673487554086995562400352968469539986879361741
  "peso": 112.13999999999999,
  "custo": 84.56
}
 
Individuo 49:
{
  "solucao": [5 9 0 7 3]
                [1 1 1 1 1],
  "funcao_objetivo": 0.94419477992821262434242865302796216799886428463656,
  "confiabilidade_total": 0.94419477992821262434242865302796216799886428463656
  "peso": 89.71000000000001,
  "custo": 71.03
}
 
Individuo 50:
{
  "solucao": [0 0 8 9 5]
                [2 1 1 1 1],
  "funcao_objetivo": 0.97443991318386644190396537795917987544855809494774,
  "confiabilidade_total": 0.97443991318386644190396537795917987544855809494774
  "peso": 108.53,
  "custo": 89.78
}
 
-----------------------------------------
GERACAO 7
Mutante 1:
[[1.6 6.6 4.  0.  2. ]
 [0.2 2.  1.  2.8 1. ]]
 
Mutante 2:
[[0.  0.  3.4 1.2 6.4]
 [1.  1.8 1.  0.2 1. ]]
 
Mutante 3:
[[2.6 9.  0.  5.  7.8]
 [0.4 1.  1.  1.8 1. ]]
 
Mutante 4:
[[5.6 0.  0.6 0.4 1.8]
 [2.  1.  1.  1.  1. ]]
 
Mutante 5:
[[5.6 0.2 2.  2.4 2.6]
 [1.8 1.  2.  1.  1.8]]
 
Mutante 6:
[[9.  6.4 0.2 3.  1.4]
 [1.  1.  2.  1.  1. ]]
 
Mutante 7:
[[0.  0.2 6.  2.  7.8]
 [1.  2.  1.  1.  1. ]]
 
Mutante 8:
[[7.4 0.4 9.  1.  0. ]
 [1.  1.  1.8 1.2 1. ]]
 
Mutante 9:
[[1.2 0.  8.  2.8 6. ]
 [1.  1.  1.  1.  1.8]]
 
Mutante 10:
[[5.  0.  1.8 1.  9.4]
 [1.  1.  2.  1.  2. ]]
 
Mutante 11:
[[3.6 4.8 5.6 9.  9. ]
 [2.  1.8 1.  0.2 1. ]]
 
Mutante 12:
[[0.  4.  9.  2.6 9. ]
 [1.  1.  1.  2.  1. ]]
 
Mutante 13:
[[9.  9.  0.  1.4 9. ]
 [1.  1.  2.  1.  1. ]]
 
Mutante 14:
[[0.  0.  4.2 1.6 4. ]
 [1.  1.  2.  0.2 1. ]]
 
Mutante 15:
[[7.4 7.2 7.6 9.  0. ]
 [1.  1.  2.  1.  1. ]]
 
Mutante 16:
[[0.  5.  6.4 4.  8.4]
 [1.  2.  1.  2.  1. ]]
 
Mutante 17:
[[0.8 0.  6.6 0.  1.6]
 [0.2 0.2 2.  1.8 1.8]]
 
Mutante 18:
[[1.8 1.8 2.6 0.  6.8]
 [2.  1.8 1.  1.2 1. ]]
 
Mutante 19:
[[4.4 9.  0.8 7.8 3.8]
 [0.2 1.  1.8 2.  1. ]]
 
Mutante 20:
[[4.8 5.6 1.  1.  7.4]
 [1.2 0.2 1.  1.8 1.8]]
 
Mutante 21:
[[0.  4.2 0.4 0.  5.4]
 [0.2 1.  0.2 2.8 1.8]]
 
Mutante 22:
[[1.6 5.  6.8 0.  9. ]
 [0.2 2.  1.  1.  1. ]]
 
Mutante 23:
[[0.  4.2 9.4 9.  7.4]
 [2.  2.  1.  1.  1. ]]
 
Mutante 24:
[[0.  9.  9.8 1.2 4.2]
 [1.  3.  1.  0.2 1. ]]
 
Mutante 25:
[[9.  4.4 0.  9.  9. ]
 [2.8 0.2 1.8 1.  1. ]]
 
Mutante 26:
[[2.8 9.  1.6 9.  8.6]
 [1.  1.8 1.  2.  0.2]]
 
Mutante 27:
[[0.  0.  0.8 1.2 2. ]
 [1.  1.  0.2 1.  1. ]]
 
Mutante 28:
[[0.  0.  6.6 5.8 3. ]
 [2.  2.  1.  1.  1. ]]
 
Mutante 29:
[[0.8 9.6 2.  5.6 2.4]
 [1.  2.  0.2 1.  1. ]]
 
Mutante 30:
[[2.  1.6 4.8 0.  4.4]
 [1.  1.8 0.2 0.2 1. ]]
 
Mutante 31:
[[8.6 8.6 3.8 2.4 0.6]
 [1.2 0.2 2.8 1.8 1. ]]
 
Mutante 32:
[[0.  4.6 9.  2.8 9. ]
 [1.8 3.  1.8 0.2 1. ]]
 
Mutante 33:
[[7.2 0.  8.2 4.  0.2]
 [3.  1.8 1.  0.2 0.2]]
 
Mutante 34:
[[0.  0.8 9.4 9.4 3.6]
 [2.  1.  0.2 1.8 1. ]]
 
Mutante 35:
[[6.  9.  0.  2.2 0.2]
 [1.  1.  1.  1.  2. ]]
 
Mutante 36:
[[3.  9.  0.  0.  7.8]
 [0.2 0.2 1.  3.  2. ]]
 
Mutante 37:
[[4.8 0.  3.  9.  3.6]
 [2.8 1.  0.2 1.  1.8]]
 
Mutante 38:
[[4.  7.2 0.  0.  3.4]
 [1.2 1.  1.  1.8 1. ]]
 
Mutante 39:
[[0.8 0.  0.  4.6 0. ]
 [2.  1.  1.8 0.2 1. ]]
 
Mutante 40:
[[8.8 8.6 5.  0.  0.8]
 [1.  0.2 2.8 0.2 1.8]]
 
Mutante 41:
[[3.  0.2 6.4 0.  7. ]
 [2.  1.  1.  1.  2. ]]
 
Mutante 42:
[[1.8 6.6 2.4 2.4 8.2]
 [1.8 1.8 2.  0.2 1. ]]
 
Mutante 43:
[[0.  0.8 8.6 3.  0. ]
 [2.  1.8 1.  1.  1. ]]
 
Mutante 44:
[[0.  9.  2.6 0.6 7. ]
 [0.2 1.8 2.  1.  0.2]]
 
Mutante 45:
[[0.  0.  5.8 0.  5.6]
 [1.8 1.  2.  1.  1. ]]
 
Mutante 46:
[[5.6 0.  8.2 0.  7.4]
 [3.  1.  1.  1.  1. ]]
 
Mutante 47:
[[0.2 8.2 4.  0.  0. ]
 [1.  1.8 2.  0.2 1. ]]
 
Mutante 48:
[[0.  5.6 9.  3.4 2.6]
 [2.  0.2 1.  1.8 1. ]]
 
Mutante 49:
[[1.2 1.8 2.6 0.  5. ]
 [0.2 0.2 1.8 2.  1.8]]
 
Mutante 50:
[[4.2 0.  1.2 0.  7.2]
 [1.8 1.  1.  1.2 0.2]]
 
-----------------------------------------
Número de avaliações até o momento: 350
Evoluido 1:
[[0 6 4 0 2]
 [0 1 1 2 1]]
 
Evoluido 2:
[[0 0 3 1 7]
 [1 1 1 1 1]]
 
Evoluido 3:
[[2 9 0 5 3]
 [0 1 1 1 1]]
 
Evoluido 4:
[[5 9 1 0 1]
 [1 1 1 1 1]]
 
Evoluido 5:
[[5 0 2 0 2]
 [1 1 2 1 1]]
 
Evoluido 6:
[[9 0 0 3 1]
 [1 1 2 1 1]]
 
Evoluido 7:
[[0 0 6 2 7]
 [1 2 1 1 1]]
 
Evoluido 8:
[[7 5 9 0 0]
 [1 1 2 1 1]]
 
Evoluido 9:
[[2 0 8 2 6]
 [1 1 1 1 1]]
 
Evoluido 10:
[[5 0 5 1 9]
 [1 1 2 2 2]]
 
Evoluido 11:
[[3 0 5 9 9]
 [2 2 1 0 1]]
 
Evoluido 12:
[[0 4 9 2 9]
 [2 1 1 2 1]]
 
Evoluido 13:
[[2 9 0 1 9]
 [1 1 2 1 1]]
 
Evoluido 14:
[[0 0 4 1 7]
 [1 1 2 1 1]]
 
Evoluido 15:
[[7 7 7 9 0]
 [1 1 2 2 1]]
 
Evoluido 16:
[[1 4 6 4 8]
 [1 2 1 2 1]]
 
Evoluido 17:
[[0 0 6 0 7]
 [0 0 2 1 1]]
 
Evoluido 18:
[[1 1 2 0 6]
 [2 1 1 1 1]]
 
Evoluido 19:
[[4 0 0 5 3]
 [0 1 1 1 0]]
 
Evoluido 20:
[[3 5 6 1 7]
 [1 0 1 1 1]]
 
Evoluido 21:
[[0 4 0 8 5]
 [0 1 0 2 1]]
 
Evoluido 22:
[[1 5 1 0 9]
 [0 2 2 1 1]]
 
Evoluido 23:
[[0 4 9 9 5]
 [2 2 1 1 1]]
 
Evoluido 24:
[[0 9 9 1 4]
 [1 3 1 0 1]]
 
Evoluido 25:
[[6 4 0 0 9]
 [1 0 2 1 1]]
 
Evoluido 26:
[[2 0 1 0 4]
 [1 1 1 1 0]]
 
Evoluido 27:
[[0 0 0 5 2]
 [1 1 0 1 1]]
 
Evoluido 28:
[[0 0 6 5 8]
 [2 2 1 1 1]]
 
Evoluido 29:
[[9 9 5 5 2]
 [1 2 0 1 1]]
 
Evoluido 30:
[[2 1 4 7 4]
 [1 1 0 0 1]]
 
Evoluido 31:
[[8 8 3 2 0]
 [1 2 1 1 1]]
 
Evoluido 32:
[[1 4 4 2 9]
 [1 3 1 0 1]]
 
Evoluido 33:
[[7 8 8 9 0]
 [1 1 1 1 0]]
 
Evoluido 34:
[[0 9 9 9 3]
 [2 1 0 1 1]]
 
Evoluido 35:
[[6 0 0 2 6]
 [1 1 1 1 1]]
 
Evoluido 36:
[[3 9 5 0 7]
 [1 0 1 2 1]]
 
Evoluido 37:
[[4 0 3 9 3]
 [2 1 0 1 1]]
 
Evoluido 38:
[[4 7 3 0 9]
 [2 1 1 1 1]]
 
Evoluido 39:
[[0 0 5 4 0]
 [2 1 2 1 1]]
 
Evoluido 40:
[[8 8 5 6 0]
 [1 0 2 0 1]]
 
Evoluido 41:
[[3 0 6 0 7]
 [2 1 1 1 2]]
 
Evoluido 42:
[[1 6 2 8 7]
 [1 1 2 0 1]]
 
Evoluido 43:
[[0 0 8 3 0]
 [2 1 1 1 1]]
 
Evoluido 44:
[[0 9 2 0 7]
 [0 2 2 2 0]]
 
Evoluido 45:
[[0 0 5 0 5]
 [1 1 1 1 1]]
 
Evoluido 46:
[[0 0 8 0 7]
 [3 1 1 2 1]]
 
Evoluido 47:
[[0 8 4 2 0]
 [1 1 1 1 1]]
 
Evoluido 48:
[[0 5 9 3 9]
 [1 0 1 1 1]]
 
Evoluido 49:
[[5 9 2 0 5]
 [0 0 1 2 1]]
 
Evoluido 50:
[[4 0 8 0 7]
 [1 1 1 1 0]]
 
-----------------------------------------
Individuo 1:
{
  "solucao": [0 3 5 7 9]
                [1 1 2 2 1],
  "funcao_objetivo": 0.99106940050610510791498083666560982779178534100479,
  "confiabilidade_total": 0.99106940050610510791498083666560982779178534100479
  "peso": 118.58999999999999,
  "custo": 96.18
}
 
Individuo 2:
{
  "solucao": [5 0 5 1 7]
                [1 1 2 1 2],
  "funcao_objetivo": 0.98052260173680430600700573679626409699985048783088,
  "confiabilidade_total": 0.98052260173680430600700573679626409699985048783088
  "peso": 110.86,
  "custo": 91.47
}
 
Individuo 3:
{
  "solucao": [9 1 0 0 3]
                [2 1 1 1 1],
  "funcao_objetivo": 0.97989807205893091550334729511331125935368598456030,
  "confiabilidade_total": 0.97989807205893091550334729511331125935368598456030
  "peso": 117.60999999999999,
  "custo": 94.53
}
 
Individuo 4:
{
  "solucao": [0 9 1 0 6]
                [1 1 1 2 1],
  "funcao_objetivo": 0.98003345879872997015896772401144521029333180555652,
  "confiabilidade_total": 0.98003345879872997015896772401144521029333180555652
  "peso": 117.33999999999999,
  "custo": 93.24000000000001
}
 
Individuo 5:
{
  "solucao": [8 4 5 0 5]
                [3 1 1 1 1],
  "funcao_objetivo": 0.97770555982544259514649069163764473970459502150949,
  "confiabilidade_total": 0.97770555982544259514649069163764473970459502150949
  "peso": 117.22000000000001,
  "custo": 90.82
}
 
Individuo 6:
{
  "solucao": [9 0 0 3 1]
                [1 1 2 1 1],
  "funcao_objetivo": 0.97765471025242255245954335799820007343537204656622,
  "confiabilidade_total": 0.97765471025242255245954335799820007343537204656622
  "peso": 119.47,
  "custo": 92.85000000000001
}
 
Individuo 7:
{
  "solucao": [7 0 0 2 6]
                [2 1 1 1 1],
  "funcao_objetivo": 0.97959459950824515968923383396494189338846015404876,
  "confiabilidade_total": 0.97959459950824515968923383396494189338846015404876
  "peso": 111.59,
  "custo": 83.76
}
 
Individuo 8:
{
  "solucao": [0 5 6 0 1]
                [1 1 2 1 1],
  "funcao_objetivo": 0.97655717492721035242113183838843457726371914194415,
  "confiabilidade_total": 0.97655717492721035242113183838843457726371914194415
  "peso": 113.41,
  "custo": 82.02
}
 
Individuo 9:
{
  "solucao": [2 9 1 0 9]
                [1 1 1 2 1],
  "funcao_objetivo": 0.97619805546855500348157212876199940127083683342767,
  "confiabilidade_total": 0.97619805546855500348157212876199940127083683342767
  "peso": 118.19,
  "custo": 92.03999999999999
}
 
Individuo 10:
{
  "solucao": [0 7 5 6 5]
                [1 1 1 2 2],
  "funcao_objetivo": 0.97569916723894177290901328661963638308690260928245,
  "confiabilidade_total": 0.97569916723894177290901328661963638308690260928245
  "peso": 118.65,
  "custo": 86.62
}
 
Individuo 11:
{
  "solucao": [3 0 5 9 9]
                [2 2 1 0 1],
  "funcao_objetivo": 0.98046547448080139461144415579907477958221238279559,
  "confiabilidade_total": 0.98046547448080139461144415579907477958221238279559
  "peso": 117.98,
  "custo": 84.28
}
 
Individuo 12:
{
  "solucao": [7 0 0 6 2]
                [2 1 2 1 0],
  "funcao_objetivo": 0.97554175499118512837625163661861463808830780892545,
  "confiabilidade_total": 0.97554175499118512837625163661861463808830780892545
  "peso": 109.13,
  "custo": 90.38
}
 
Individuo 13:
{
  "solucao": [2 0 8 7 9]
                [2 1 1 1 1],
  "funcao_objetivo": 0.97448710822318590411800073198687702282523985379500,
  "confiabilidade_total": 0.97448710822318590411800073198687702282523985379500
  "peso": 112.87,
  "custo": 81.07
}
 
Individuo 14:
{
  "solucao": [0 0 4 1 7]
                [1 1 2 1 1],
  "funcao_objetivo": 0.97845783170718068782266916550415857083115494330096,
  "confiabilidade_total": 0.98087449837384728825875000169364824424681952674556
  "peso": 120.28999999999999,
  "custo": 89.89
}
 
Individuo 15:
{
  "solucao": [6 9 0 7 3]
                [1 1 1 2 1],
  "funcao_objetivo": 0.97281355066554815034221057666593192636815986672718,
  "confiabilidade_total": 0.97281355066554815034221057666593192636815986672718
  "peso": 109.15,
  "custo": 87.92999999999999
}
 
Individuo 16:
{
  "solucao": [1 4 6 1 8]
                [1 1 1 2 1],
  "funcao_objetivo": 0.97131250799421862589497930268864589300510812512800,
  "confiabilidade_total": 0.97131250799421862589497930268864589300510812512800
  "peso": 112.65,
  "custo": 84.00999999999999
}
 
Individuo 17:
{
  "solucao": [0 1 2 1 7]
                [1 1 1 2 1],
  "funcao_objetivo": 0.98009909924547456922054033001515827857967023547023,
  "confiabilidade_total": 0.98009909924547456922054033001515827857967023547023
  "peso": 111.45000000000002,
  "custo": 84.69
}
 
Individuo 18:
{
  "solucao": [1 1 2 0 6]
                [2 1 1 1 1],
  "funcao_objetivo": 0.98095580147857308402793722020083283205555767148498,
  "confiabilidade_total": 0.98095580147857308402793722020083283205555767148498
  "peso": 117.32,
  "custo": 82.22
}
 
Individuo 19:
{
  "solucao": [1 0 5 5 3]
                [2 2 1 1 0],
  "funcao_objetivo": 0.99123866151394977054044002991768487920589963854272,
  "confiabilidade_total": 0.99123866151394977054044002991768487920589963854272
  "peso": 106.20000000000002,
  "custo": 82.34
}
 
Individuo 20:
{
  "solucao": [3 6 6 5 7]
                [1 1 1 2 2],
  "funcao_objetivo": 0.96825944359891233847513324721377122118824445996069,
  "confiabilidade_total": 0.96825944359891233847513324721377122118824445996069
  "peso": 119.95,
  "custo": 87.02000000000001
}
 
Individuo 21:
{
  "solucao": [6 6 5 8 8]
                [2 1 2 1 1],
  "funcao_objetivo": 0.96743798673285945423788231465176190421744450984926,
  "confiabilidade_total": 0.96743798673285945423788231465176190421744450984926
  "peso": 118.68,
  "custo": 84.42999999999999
}
 
Individuo 22:
{
  "solucao": [5 8 1 3 7]
                [1 1 2 1 1],
  "funcao_objetivo": 0.96598176165214711655079132708161347611837939514858,
  "confiabilidade_total": 0.96598176165214711655079132708161347611837939514858
  "peso": 101.81,
  "custo": 79.98
}
 
Individuo 23:
{
  "solucao": [0 7 9 2 5]
                [1 3 1 1 1],
  "funcao_objetivo": 0.97658889358670023268381855539053040739959756331950,
  "confiabilidade_total": 0.97658889358670023268381855539053040739959756331950
  "peso": 118.59,
  "custo": 98.21999999999998
}
 
Individuo 24:
{
  "solucao": [6 9 0 0 8]
                [1 1 1 2 1],
  "funcao_objetivo": 0.97592729570080863317536003032828902083229400003230,
  "confiabilidade_total": 0.97592729570080863317536003032828902083229400003230
  "peso": 113.82000000000001,
  "custo": 91.83999999999999
}
 
Individuo 25:
{
  "solucao": [6 7 0 0 7]
                [1 1 2 1 1],
  "funcao_objetivo": 0.97629205525243262786820801892344508472854426531414,
  "confiabilidade_total": 0.97629205525243262786820801892344508472854426531414
  "peso": 109.13000000000001,
  "custo": 90.38
}
 
Individuo 26:
{
  "solucao": [0 0 5 0 4]
                [1 1 2 1 1],
  "funcao_objetivo": 0.98290492615928218046557516652192077648020746276356,
  "confiabilidade_total": 0.98290492615928218046557516652192077648020746276356
  "peso": 114.02,
  "custo": 82.99000000000001
}
 
Individuo 27:
{
  "solucao": [9 6 0 5 7]
                [2 1 1 1 1],
  "funcao_objetivo": 0.96393328839253684481108161725447627418214576225343,
  "confiabilidade_total": 0.96393328839253684481108161725447627418214576225343
  "peso": 105.99000000000001,
  "custo": 89.21000000000001
}
 
Individuo 28:
{
  "solucao": [2 0 9 7 8]
                [2 2 1 0 1],
  "funcao_objetivo": 0.98190295065315833193899851118373386173846024157804,
  "confiabilidade_total": 0.98190295065315833193899851118373386173846024157804
  "peso": 118.99,
  "custo": 82.34
}
 
Individuo 29:
{
  "solucao": [9 2 5 1 1]
                [1 1 1 2 1],
  "funcao_objetivo": 0.96317082373870824963951007646925770480106045576450,
  "confiabilidade_total": 0.96317082373870824963951007646925770480106045576450
  "peso": 110.17000000000002,
  "custo": 81.84
}
 
Individuo 30:
{
  "solucao": [2 6 2 7 8]
                [1 2 1 1 1],
  "funcao_objetivo": 0.97234065016797770670945401800661822842796005070441,
  "confiabilidade_total": 0.97234065016797770670945401800661822842796005070441
  "peso": 114.23,
  "custo": 71.91
}
 
Individuo 31:
{
  "solucao": [0 8 6 0 0]
                [1 2 1 1 1],
  "funcao_objetivo": 0.97647663138826734771285862793015764052301910703386,
  "confiabilidade_total": 0.97647663138826734771285862793015764052301910703386
  "peso": 109.99,
  "custo": 87.39999999999999
}
 
Individuo 32:
{
  "solucao": [1 5 4 0 5]
                [1 1 2 1 1],
  "funcao_objetivo": 0.97579076985767436423473461989299798998494989526472,
  "confiabilidade_total": 0.97579076985767436423473461989299798998494989526472
  "peso": 115.33,
  "custo": 79.56
}
 
Individuo 33:
{
  "solucao": [9 8 2 9 0]
                [1 1 2 1 1],
  "funcao_objetivo": 0.95978737373909193873856167045859561031683220645383,
  "confiabilidade_total": 0.95978737373909193873856167045859561031683220645383
  "peso": 117.13,
  "custo": 84.02
}
 
Individuo 34:
{
  "solucao": [5 9 1 0 2]
                [2 1 1 2 0],
  "funcao_objetivo": 0.97072305271084075926877984411160224362357345703375,
  "confiabilidade_total": 0.97072305271084075926877984411160224362357345703375
  "peso": 106.50999999999999,
  "custo": 85.38
}
 
Individuo 35:
{
  "solucao": [6 0 0 2 6]
                [1 1 1 1 1],
  "funcao_objetivo": 0.96210403983457810998745465016936459921524993018400,
  "confiabilidade_total": 0.96210403983457810998745465016936459921524993018400
  "peso": 103.31,
  "custo": 66.45
}
 
Individuo 36:
{
  "solucao": [2 7 5 0 6]
                [1 1 1 2 1],
  "funcao_objetivo": 0.97024512764200622935363835986101991789979539230739,
  "confiabilidade_total": 0.97024512764200622935363835986101991789979539230739
  "peso": 112.17,
  "custo": 79.23
}
 
Individuo 37:
{
  "solucao": [6 6 0 3 1]
                [1 1 1 1 2],
  "funcao_objetivo": 0.95520707492554961367062472571277124686212942076226,
  "confiabilidade_total": 0.95520707492554961367062472571277124686212942076226
  "peso": 118.66000000000001,
  "custo": 82.33
}
 
Individuo 38:
{
  "solucao": [1 9 3 9 9]
                [2 2 1 1 0],
  "funcao_objetivo": 0.98401151726559790788899840679999863644393423085216,
  "confiabilidade_total": 0.98401151726559790788899840679999863644393423085216
  "peso": 113.58000000000001,
  "custo": 94.85
}
 
Individuo 39:
{
  "solucao": [4 7 5 0 0]
                [1 1 2 1 1],
  "funcao_objetivo": 0.97476726481100159297230565648002094942355184837870,
  "confiabilidade_total": 0.97476726481100159297230565648002094942355184837870
  "peso": 107.89999999999999,
  "custo": 81.72
}
 
Individuo 40:
{
  "solucao": [0 0 7 6 1]
                [2 1 1 1 1],
  "funcao_objetivo": 0.97720225550520853768423612793333238460970831207615,
  "confiabilidade_total": 0.97720225550520853768423612793333238460970831207615
  "peso": 113.08000000000001,
  "custo": 90.29
}
 
Individuo 41:
{
  "solucao": [2 9 0 0 7]
                [1 1 1 2 1],
  "funcao_objetivo": 0.97960872408418669995130349395581527299053389771238,
  "confiabilidade_total": 0.97960872408418669995130349395581527299053389771238
  "peso": 116.1,
  "custo": 90.45
}
 
Individuo 42:
{
  "solucao": [7 3 7 8 7]
                [2 1 2 1 1],
  "funcao_objetivo": 0.97045565496632339371736104802405451477263327687622,
  "confiabilidade_total": 0.97045565496632339371736104802405451477263327687622
  "peso": 107.48,
  "custo": 99.53
}
 
Individuo 43:
{
  "solucao": [0 0 8 3 0]
                [2 1 1 1 1],
  "funcao_objetivo": 0.97921336221792644461287705434272190816673099314000,
  "confiabilidade_total": 0.97921336221792644461287705434272190816673099314000
  "peso": 117.80999999999999,
  "custo": 89.77
}
 
Individuo 44:
{
  "solucao": [0 5 0 0 6]
                [1 2 1 2 0],
  "funcao_objetivo": 0.98380100070977002079291881997981293652144011921606,
  "confiabilidade_total": 0.98380100070977002079291881997981293652144011921606
  "peso": 110.53999999999999,
  "custo": 85.06
}
 
Individuo 45:
{
  "solucao": [0 0 5 0 5]
                [1 1 1 1 1],
  "funcao_objetivo": 0.96566656957316008035358349975978640986223655960698,
  "confiabilidade_total": 0.96566656957316008035358349975978640986223655960698
  "peso": 90.27,
  "custo": 68.95
}
 
Individuo 46:
{
  "solucao": [0 0 5 1 6]
                [1 1 1 2 1],
  "funcao_objetivo": 0.97664279966386420889654672391748085613487892932162,
  "confiabilidade_total": 0.97664279966386420889654672391748085613487892932162
  "peso": 111.49,
  "custo": 84.4
}
 
Individuo 47:
{
  "solucao": [0 5 6 2 7]
                [1 2 1 1 1],
  "funcao_objetivo": 0.97476865616234949157655951297346321132071226681708,
  "confiabilidade_total": 0.97476865616234949157655951297346321132071226681708
  "peso": 106.63000000000001,
  "custo": 73.43
}
 
Individuo 48:
{
  "solucao": [0 8 8 3 9]
                [1 1 1 2 1],
  "funcao_objetivo": 0.97093673487554086995562400352968469539986879361741,
  "confiabilidade_total": 0.97093673487554086995562400352968469539986879361741
  "peso": 112.13999999999999,
  "custo": 84.56
}
 
Individuo 49:
{
  "solucao": [5 9 0 7 3]
                [1 1 1 1 1],
  "funcao_objetivo": 0.94419477992821262434242865302796216799886428463656,
  "confiabilidade_total": 0.94419477992821262434242865302796216799886428463656
  "peso": 89.71000000000001,
  "custo": 71.03
}
 
Individuo 50:
{
  "solucao": [0 0 8 9 5]
                [2 1 1 1 1],
  "funcao_objetivo": 0.97443991318386644190396537795917987544855809494774,
  "confiabilidade_total": 0.97443991318386644190396537795917987544855809494774
  "peso": 108.53,
  "custo": 89.78
}
 
-----------------------------------------
GERACAO 8
Mutante 1:
[[1.  4.  4.2 0.2 3. ]
 [1.2 2.  1.8 1.  1. ]]
 
Mutante 2:
[[4.8 8.8 7.2 7.8 9.8]
 [1.8 0.2 1.8 2.  1. ]]
 
Mutante 3:
[[0.8 7.8 1.  9.  5. ]
 [1.8 1.8 1.  1.2 1.2]]
 
Mutante 4:
[[9.  8.  3.6 9.  7.2]
 [1.  0.2 2.  1.8 1. ]]
 
Mutante 5:
[[9. 5. 0. 0. 3.]
 [2. 1. 1. 1. 1.]]
 
Mutante 6:
[[9.  5.2 6.8 9.  2.2]
 [1.  1.  1.8 1.2 2. ]]
 
Mutante 7:
[[9.  7.  0.  0.  8.6]
 [1.  1.  2.  1.  1. ]]
 
Mutante 8:
[[0.2 0.8 6.6 0.  9. ]
 [1.  1.  1.2 1.  2.8]]
 
Mutante 9:
[[1.8 2.4 3.6 0.  5.6]
 [1.8 1.  0.2 1.2 1. ]]
 
Mutante 10:
[[5.2 4.8 5.  9.  8. ]
 [2.8 2.  0.2 1.  0.2]]
 
Mutante 11:
[[2.4 9.  0.  0.4 0.2]
 [1.  0.2 1.  3.  1.2]]
 
Mutante 12:
[[2.  6.6 4.  0.  8. ]
 [1.  1.8 0.2 2.  1. ]]
 
Mutante 13:
[[0.  0.  9.  7.4 9. ]
 [2.  2.  0.2 0.8 1. ]]
 
Mutante 14:
[[2.  1.8 6.4 1.6 9.6]
 [1.8 1.  1.  2.  1. ]]
 
Mutante 15:
[[0.  0.  6.6 0.  2.6]
 [0.2 0.2 1.  2.8 2.8]]
 
Mutante 16:
[[9.2 9.  3.4 6.4 0.4]
 [1.  1.  1.  2.  1. ]]
 
Mutante 17:
[[5.  2.4 1.  7.4 7.8]
 [2.  2.  1.  1.  1. ]]
 
Mutante 18:
[[5.8 5.8 0.  0.  4.2]
 [1.  1.  2.  1.  1. ]]
 
Mutante 19:
[[3.8 4.4 5.2 5.  2.2]
 [1.  1.  0.2 2.  2.8]]
 
Mutante 20:
[[0.  9.  9.  2.2 9. ]
 [1.  2.6 0.2 2.  1. ]]
 
Mutante 21:
[[6.4 0.  0.  1.  5.4]
 [1.8 1.  0.2 2.  1. ]]
 
Mutante 22:
[[9.  0.  1.6 2.2 0. ]
 [1.8 1.  1.2 0.2 1. ]]
 
Mutante 23:
[[1.6 9.  4.4 0.  0. ]
 [1.  2.  1.  1.  1. ]]
 
Mutante 24:
[[0.2 0.  7.4 3.4 3. ]
 [2.  1.2 1.  1.8 1. ]]
 
Mutante 25:
[[5.  0.  4.8 0.  5. ]
 [1.  1.  2.  1.  1. ]]
 
Mutante 26:
[[0.  9.8 1.8 0.  5.8]
 [1.  1.  1.8 2.  1. ]]
 
Mutante 27:
[[2.6 0.  5.8 1.8 2.2]
 [1.8 1.  2.  0.2 1.2]]
 
Mutante 28:
[[0.  0.  9.  5.4 9. ]
 [2.  1.  1.8 1.  0.2]]
 
Mutante 29:
[[9.  0.8 0.2 9.  9. ]
 [2.8 2.  0.2 1.  1. ]]
 
Mutante 30:
[[2.8 9.  0.8 3.  0. ]
 [1.  1.  1.  2.8 0.2]]
 
Mutante 31:
[[0.  5.  0.8 0.  5.2]
 [1.8 2.  1.  2.8 1. ]]
 
Mutante 32:
[[1.  9.  4.4 4.2 9. ]
 [1.  1.  1.  2.  1. ]]
 
Mutante 33:
[[1.6 5.8 2.8 1.  9. ]
 [0.2 0.2 1.  2.8 2.6]]
 
Mutante 34:
[[0.  6.4 8.6 5.2 0. ]
 [2.  1.8 0.2 1.  1. ]]
 
Mutante 35:
[[2.2 0.  9.4 8.8 4.6]
 [2.  1.  1.2 1.  1. ]]
 
Mutante 36:
[[6.  2.6 0.  0.  8.8]
 [1.  1.  1.  2.  1. ]]
 
Mutante 37:
[[6.2 4.8 0.  5.2 0. ]
 [1.2 1.  1.2 1.8 1. ]]
 
Mutante 38:
[[6.  9.  0.  1.4 0.6]
 [1.  1.  0.2 2.  1. ]]
 
Mutante 39:
[[4.8 9.  2.  7.6 5.4]
 [1.  2.  1.  1.8 1. ]]
 
Mutante 40:
[[9.  4.  9.2 9.  1.6]
 [1.8 1.  2.  1.  1.8]]
 
Mutante 41:
[[9.2 6.6 0.  0.  9. ]
 [2.6 1.  0.2 2.  1. ]]
 
Mutante 42:
[[0.2 0.  6.6 6.6 0. ]
 [2.8 2.  1.  0.2 1. ]]
 
Mutante 43:
[[5.4 0.  4.  6.  0. ]
 [2.  1.  2.8 0.2 1. ]]
 
Mutante 44:
[[0.8 7.2 1.8 0.  8.8]
 [0.2 0.2 2.  1.8 1.8]]
 
Mutante 45:
[[0.  4.2 8.4 3.6 9. ]
 [1.  2.8 1.  1.  1. ]]
 
Mutante 46:
[[4.4 4.8 9.  7.  3.2]
 [1.2 2.  1.8 1.  1. ]]
 
Mutante 47:
[[5.8 0.  0.8 0.  2.2]
 [2.8 1.  0.2 1.  1. ]]
 
Mutante 48:
[[2.8 0.  6.4 5.6 7.8]
 [1.8 1.  2.  0.2 1. ]]
 
Mutante 49:
[[0.  0.  0.  0.8 7.6]
 [0.4 1.  1.  1.8 1. ]]
 
Mutante 50:
[[0.  9.  6.8 0.  0. ]
 [0.2 3.  1.  1.  1. ]]
 
-----------------------------------------
Número de avaliações até o momento: 400
Evoluido 1:
[[0 4 4 0 3]
 [1 1 1 2 1]]
 
Evoluido 2:
[[4 0 7 7 7]
 [1 1 1 2 2]]
 
Evoluido 3:
[[0 7 1 9 5]
 [2 1 1 1 1]]
 
Evoluido 4:
[[0 9 3 9 7]
 [1 0 1 1 1]]
 
Evoluido 5:
[[9 5 5 0 3]
 [2 1 1 1 1]]
 
Evoluido 6:
[[9 5 6 9 2]
 [1 1 1 1 1]]
 
Evoluido 7:
[[9 7 0 0 8]
 [2 1 2 1 1]]
 
Evoluido 8:
[[0 5 6 0 9]
 [1 1 1 1 2]]
 
Evoluido 9:
[[1 2 3 0 5]
 [1 1 1 1 1]]
 
Evoluido 10:
[[5 4 5 9 8]
 [2 1 0 2 0]]
 
Evoluido 11:
[[2 9 0 0 0]
 [1 0 1 3 1]]
 
Evoluido 12:
[[2 0 4 6 2]
 [1 1 0 2 0]]
 
Evoluido 13:
[[0 0 9 7 9]
 [2 2 0 1 1]]
 
Evoluido 14:
[[0 0 6 1 9]
 [1 1 1 2 1]]
 
Evoluido 15:
[[6 9 0 0 2]
 [0 0 1 2 2]]
 
Evoluido 16:
[[9 9 3 1 8]
 [1 1 1 2 1]]
 
Evoluido 17:
[[5 2 1 7 7]
 [1 1 1 1 1]]
 
Evoluido 18:
[[5 1 0 0 4]
 [1 1 2 1 1]]
 
Evoluido 19:
[[3 4 5 5 2]
 [1 2 1 2 0]]
 
Evoluido 20:
[[0 9 9 2 9]
 [1 2 0 2 1]]
 
Evoluido 21:
[[6 0 0 1 5]
 [1 1 0 2 1]]
 
Evoluido 22:
[[5 0 1 2 0]
 [1 1 1 0 1]]
 
Evoluido 23:
[[0 9 4 0 0]
 [1 3 1 1 1]]
 
Evoluido 24:
[[6 0 7 0 3]
 [1 1 1 1 1]]
 
Evoluido 25:
[[5 0 4 0 5]
 [1 1 2 1 1]]
 
Evoluido 26:
[[0 0 1 0 5]
 [1 1 2 2 1]]
 
Evoluido 27:
[[2 6 5 1 2]
 [1 1 2 0 1]]
 
Evoluido 28:
[[0 0 9 5 8]
 [2 1 1 0 1]]
 
Evoluido 29:
[[9 0 0 9 9]
 [1 2 0 1 1]]
 
Evoluido 30:
[[2 9 0 7 8]
 [1 2 1 1 0]]
 
Evoluido 31:
[[0 5 6 0 0]
 [1 2 1 2 1]]
 
Evoluido 32:
[[1 9 4 4 9]
 [1 1 1 1 1]]
 
Evoluido 33:
[[9 5 2 1 9]
 [0 0 1 2 2]]
 
Evoluido 34:
[[0 6 8 5 0]
 [2 1 0 1 0]]
 
Evoluido 35:
[[6 0 9 8 4]
 [1 1 1 1 1]]
 
Evoluido 36:
[[6 7 0 0 8]
 [1 1 1 2 1]]
 
Evoluido 37:
[[6 4 0 3 0]
 [1 1 1 1 1]]
 
Evoluido 38:
[[6 9 0 1 0]
 [1 2 1 2 1]]
 
Evoluido 39:
[[4 9 5 7 5]
 [1 1 1 1 1]]
 
Evoluido 40:
[[9 4 9 9 1]
 [1 1 1 1 1]]
 
Evoluido 41:
[[9 9 0 0 9]
 [2 1 0 2 1]]
 
Evoluido 42:
[[7 3 6 6 0]
 [2 2 1 0 1]]
 
Evoluido 43:
[[0 0 4 3 0]
 [2 1 2 0 1]]
 
Evoluido 44:
[[0 7 0 0 8]
 [0 0 1 1 0]]
 
Evoluido 45:
[[0 4 8 3 9]
 [1 2 1 1 1]]
 
Evoluido 46:
[[4 0 9 7 6]
 [1 1 1 1 1]]
 
Evoluido 47:
[[0 0 0 2 7]
 [2 1 1 1 1]]
 
Evoluido 48:
[[0 0 6 5 7]
 [1 1 1 0 1]]
 
Evoluido 49:
[[0 0 0 0 3]
 [0 1 1 1 1]]
 
Evoluido 50:
[[0 9 6 0 5]
 [2 3 1 1 1]]
 
-----------------------------------------
Individuo 1:
{
  "solucao": [0 3 5 7 9]
                [1 1 2 2 1],
  "funcao_objetivo": 0.99106940050610510791498083666560982779178534100479,
  "confiabilidade_total": 0.99106940050610510791498083666560982779178534100479
  "peso": 118.58999999999999,
  "custo": 96.18
}
 
Individuo 2:
{
  "solucao": [5 0 5 1 7]
                [1 1 2 1 2],
  "funcao_objetivo": 0.98052260173680430600700573679626409699985048783088,
  "confiabilidade_total": 0.98052260173680430600700573679626409699985048783088
  "peso": 110.86,
  "custo": 91.47
}
 
Individuo 3:
{
  "solucao": [9 1 0 0 3]
                [2 1 1 1 1],
  "funcao_objetivo": 0.97989807205893091550334729511331125935368598456030,
  "confiabilidade_total": 0.97989807205893091550334729511331125935368598456030
  "peso": 117.60999999999999,
  "custo": 94.53
}
 
Individuo 4:
{
  "solucao": [0 9 1 0 6]
                [1 1 1 2 1],
  "funcao_objetivo": 0.98003345879872997015896772401144521029333180555652,
  "confiabilidade_total": 0.98003345879872997015896772401144521029333180555652
  "peso": 117.33999999999999,
  "custo": 93.24000000000001
}
 
Individuo 5:
{
  "solucao": [8 4 5 0 5]
                [3 1 1 1 1],
  "funcao_objetivo": 0.97770555982544259514649069163764473970459502150949,
  "confiabilidade_total": 0.97770555982544259514649069163764473970459502150949
  "peso": 117.22000000000001,
  "custo": 90.82
}
 
Individuo 6:
{
  "solucao": [9 0 0 3 1]
                [1 1 2 1 1],
  "funcao_objetivo": 0.97765471025242255245954335799820007343537204656622,
  "confiabilidade_total": 0.97765471025242255245954335799820007343537204656622
  "peso": 119.47,
  "custo": 92.85000000000001
}
 
Individuo 7:
{
  "solucao": [7 0 0 2 6]
                [2 1 1 1 1],
  "funcao_objetivo": 0.97959459950824515968923383396494189338846015404876,
  "confiabilidade_total": 0.97959459950824515968923383396494189338846015404876
  "peso": 111.59,
  "custo": 83.76
}
 
Individuo 8:
{
  "solucao": [0 5 6 0 1]
                [1 1 2 1 1],
  "funcao_objetivo": 0.97655717492721035242113183838843457726371914194415,
  "confiabilidade_total": 0.97655717492721035242113183838843457726371914194415
  "peso": 113.41,
  "custo": 82.02
}
 
Individuo 9:
{
  "solucao": [2 9 1 0 9]
                [1 1 1 2 1],
  "funcao_objetivo": 0.97619805546855500348157212876199940127083683342767,
  "confiabilidade_total": 0.97619805546855500348157212876199940127083683342767
  "peso": 118.19,
  "custo": 92.03999999999999
}
 
Individuo 10:
{
  "solucao": [0 7 5 6 5]
                [1 1 1 2 2],
  "funcao_objetivo": 0.97569916723894177290901328661963638308690260928245,
  "confiabilidade_total": 0.97569916723894177290901328661963638308690260928245
  "peso": 118.65,
  "custo": 86.62
}
 
Individuo 11:
{
  "solucao": [3 0 5 9 9]
                [2 2 1 0 1],
  "funcao_objetivo": 0.98046547448080139461144415579907477958221238279559,
  "confiabilidade_total": 0.98046547448080139461144415579907477958221238279559
  "peso": 117.98,
  "custo": 84.28
}
 
Individuo 12:
{
  "solucao": [7 0 0 6 2]
                [2 1 2 1 0],
  "funcao_objetivo": 0.97554175499118512837625163661861463808830780892545,
  "confiabilidade_total": 0.97554175499118512837625163661861463808830780892545
  "peso": 109.13,
  "custo": 90.38
}
 
Individuo 13:
{
  "solucao": [0 0 9 7 9]
                [2 2 0 1 1],
  "funcao_objetivo": 0.98418852176508988042181949560305618911941473722370,
  "confiabilidade_total": 0.98418852176508988042181949560305618911941473722370
  "peso": 113.64,
  "custo": 97.07
}
 
Individuo 14:
{
  "solucao": [0 0 4 1 7]
                [1 1 2 1 1],
  "funcao_objetivo": 0.97845783170718068782266916550415857083115494330096,
  "confiabilidade_total": 0.98087449837384728825875000169364824424681952674556
  "peso": 120.28999999999999,
  "custo": 89.89
}
 
Individuo 15:
{
  "solucao": [6 9 0 7 3]
                [1 1 1 2 1],
  "funcao_objetivo": 0.97281355066554815034221057666593192636815986672718,
  "confiabilidade_total": 0.97281355066554815034221057666593192636815986672718
  "peso": 109.15,
  "custo": 87.92999999999999
}
 
Individuo 16:
{
  "solucao": [1 4 6 1 8]
                [1 1 1 2 1],
  "funcao_objetivo": 0.97131250799421862589497930268864589300510812512800,
  "confiabilidade_total": 0.97131250799421862589497930268864589300510812512800
  "peso": 112.65,
  "custo": 84.00999999999999
}
 
Individuo 17:
{
  "solucao": [0 1 2 1 7]
                [1 1 1 2 1],
  "funcao_objetivo": 0.98009909924547456922054033001515827857967023547023,
  "confiabilidade_total": 0.98009909924547456922054033001515827857967023547023
  "peso": 111.45000000000002,
  "custo": 84.69
}
 
Individuo 18:
{
  "solucao": [5 1 0 0 4]
                [1 1 2 1 1],
  "funcao_objetivo": 0.98130171633041202309123805031661919515344165594335,
  "confiabilidade_total": 0.98130171633041202309123805031661919515344165594335
  "peso": 117.39,
  "custo": 87.43
}
 
Individuo 19:
{
  "solucao": [1 0 5 5 3]
                [2 2 1 1 0],
  "funcao_objetivo": 0.99123866151394977054044002991768487920589963854272,
  "confiabilidade_total": 0.99123866151394977054044002991768487920589963854272
  "peso": 106.20000000000002,
  "custo": 82.34
}
 
Individuo 20:
{
  "solucao": [3 6 6 5 7]
                [1 1 1 2 2],
  "funcao_objetivo": 0.96825944359891233847513324721377122118824445996069,
  "confiabilidade_total": 0.96825944359891233847513324721377122118824445996069
  "peso": 119.95,
  "custo": 87.02000000000001
}
 
Individuo 21:
{
  "solucao": [6 6 5 8 8]
                [2 1 2 1 1],
  "funcao_objetivo": 0.96743798673285945423788231465176190421744450984926,
  "confiabilidade_total": 0.96743798673285945423788231465176190421744450984926
  "peso": 118.68,
  "custo": 84.42999999999999
}
 
Individuo 22:
{
  "solucao": [5 8 1 3 7]
                [1 1 2 1 1],
  "funcao_objetivo": 0.96598176165214711655079132708161347611837939514858,
  "confiabilidade_total": 0.96598176165214711655079132708161347611837939514858
  "peso": 101.81,
  "custo": 79.98
}
 
Individuo 23:
{
  "solucao": [0 7 9 2 5]
                [1 3 1 1 1],
  "funcao_objetivo": 0.97658889358670023268381855539053040739959756331950,
  "confiabilidade_total": 0.97658889358670023268381855539053040739959756331950
  "peso": 118.59,
  "custo": 98.21999999999998
}
 
Individuo 24:
{
  "solucao": [6 9 0 0 8]
                [1 1 1 2 1],
  "funcao_objetivo": 0.97592729570080863317536003032828902083229400003230,
  "confiabilidade_total": 0.97592729570080863317536003032828902083229400003230
  "peso": 113.82000000000001,
  "custo": 91.83999999999999
}
 
Individuo 25:
{
  "solucao": [5 0 4 0 5]
                [1 1 2 1 1],
  "funcao_objetivo": 0.98078454058516344088871077134805172685456942520150,
  "confiabilidade_total": 0.98078454058516344088871077134805172685456942520150
  "peso": 117.5,
  "custo": 80.92
}
 
Individuo 26:
{
  "solucao": [0 0 5 0 4]
                [1 1 2 1 1],
  "funcao_objetivo": 0.98290492615928218046557516652192077648020746276356,
  "confiabilidade_total": 0.98290492615928218046557516652192077648020746276356
  "peso": 114.02,
  "custo": 82.99000000000001
}
 
Individuo 27:
{
  "solucao": [9 6 0 5 7]
                [2 1 1 1 1],
  "funcao_objetivo": 0.96393328839253684481108161725447627418214576225343,
  "confiabilidade_total": 0.96393328839253684481108161725447627418214576225343
  "peso": 105.99000000000001,
  "custo": 89.21000000000001
}
 
Individuo 28:
{
  "solucao": [2 0 9 7 8]
                [2 2 1 0 1],
  "funcao_objetivo": 0.98190295065315833193899851118373386173846024157804,
  "confiabilidade_total": 0.98190295065315833193899851118373386173846024157804
  "peso": 118.99,
  "custo": 82.34
}
 
Individuo 29:
{
  "solucao": [9 2 5 1 1]
                [1 1 1 2 1],
  "funcao_objetivo": 0.96317082373870824963951007646925770480106045576450,
  "confiabilidade_total": 0.96317082373870824963951007646925770480106045576450
  "peso": 110.17000000000002,
  "custo": 81.84
}
 
Individuo 30:
{
  "solucao": [2 6 2 7 8]
                [1 2 1 1 1],
  "funcao_objetivo": 0.97234065016797770670945401800661822842796005070441,
  "confiabilidade_total": 0.97234065016797770670945401800661822842796005070441
  "peso": 114.23,
  "custo": 71.91
}
 
Individuo 31:
{
  "solucao": [0 8 6 0 0]
                [1 2 1 1 1],
  "funcao_objetivo": 0.97647663138826734771285862793015764052301910703386,
  "confiabilidade_total": 0.97647663138826734771285862793015764052301910703386
  "peso": 109.99,
  "custo": 87.39999999999999
}
 
Individuo 32:
{
  "solucao": [1 5 4 0 5]
                [1 1 2 1 1],
  "funcao_objetivo": 0.97579076985767436423473461989299798998494989526472,
  "confiabilidade_total": 0.97579076985767436423473461989299798998494989526472
  "peso": 115.33,
  "custo": 79.56
}
 
Individuo 33:
{
  "solucao": [9 8 2 9 0]
                [1 1 2 1 1],
  "funcao_objetivo": 0.95978737373909193873856167045859561031683220645383,
  "confiabilidade_total": 0.95978737373909193873856167045859561031683220645383
  "peso": 117.13,
  "custo": 84.02
}
 
Individuo 34:
{
  "solucao": [5 9 1 0 2]
                [2 1 1 2 0],
  "funcao_objetivo": 0.97072305271084075926877984411160224362357345703375,
  "confiabilidade_total": 0.97072305271084075926877984411160224362357345703375
  "peso": 106.50999999999999,
  "custo": 85.38
}
 
Individuo 35:
{
  "solucao": [6 0 0 2 6]
                [1 1 1 1 1],
  "funcao_objetivo": 0.96210403983457810998745465016936459921524993018400,
  "confiabilidade_total": 0.96210403983457810998745465016936459921524993018400
  "peso": 103.31,
  "custo": 66.45
}
 
Individuo 36:
{
  "solucao": [6 7 0 0 8]
                [1 1 1 2 1],
  "funcao_objetivo": 0.97635635040280421425297988707744784672825517168882,
  "confiabilidade_total": 0.97635635040280421425297988707744784672825517168882
  "peso": 109.55999999999999,
  "custo": 88.88999999999999
}
 
Individuo 37:
{
  "solucao": [6 6 0 3 1]
                [1 1 1 1 2],
  "funcao_objetivo": 0.95520707492554961367062472571277124686212942076226,
  "confiabilidade_total": 0.95520707492554961367062472571277124686212942076226
  "peso": 118.66000000000001,
  "custo": 82.33
}
 
Individuo 38:
{
  "solucao": [1 9 3 9 9]
                [2 2 1 1 0],
  "funcao_objetivo": 0.98401151726559790788899840679999863644393423085216,
  "confiabilidade_total": 0.98401151726559790788899840679999863644393423085216
  "peso": 113.58000000000001,
  "custo": 94.85
}
 
Individuo 39:
{
  "solucao": [4 7 5 0 0]
                [1 1 2 1 1],
  "funcao_objetivo": 0.97476726481100159297230565648002094942355184837870,
  "confiabilidade_total": 0.97476726481100159297230565648002094942355184837870
  "peso": 107.89999999999999,
  "custo": 81.72
}
 
Individuo 40:
{
  "solucao": [0 0 7 6 1]
                [2 1 1 1 1],
  "funcao_objetivo": 0.97720225550520853768423612793333238460970831207615,
  "confiabilidade_total": 0.97720225550520853768423612793333238460970831207615
  "peso": 113.08000000000001,
  "custo": 90.29
}
 
Individuo 41:
{
  "solucao": [2 9 0 0 7]
                [1 1 1 2 1],
  "funcao_objetivo": 0.97960872408418669995130349395581527299053389771238,
  "confiabilidade_total": 0.97960872408418669995130349395581527299053389771238
  "peso": 116.1,
  "custo": 90.45
}
 
Individuo 42:
{
  "solucao": [7 3 7 8 7]
                [2 1 2 1 1],
  "funcao_objetivo": 0.97045565496632339371736104802405451477263327687622,
  "confiabilidade_total": 0.97045565496632339371736104802405451477263327687622
  "peso": 107.48,
  "custo": 99.53
}
 
Individuo 43:
{
  "solucao": [0 0 8 3 0]
                [2 1 1 1 1],
  "funcao_objetivo": 0.97921336221792644461287705434272190816673099314000,
  "confiabilidade_total": 0.97921336221792644461287705434272190816673099314000
  "peso": 117.80999999999999,
  "custo": 89.77
}
 
Individuo 44:
{
  "solucao": [0 5 0 0 6]
                [1 2 1 2 0],
  "funcao_objetivo": 0.98380100070977002079291881997981293652144011921606,
  "confiabilidade_total": 0.98380100070977002079291881997981293652144011921606
  "peso": 110.53999999999999,
  "custo": 85.06
}
 
Individuo 45:
{
  "solucao": [0 0 5 0 5]
                [1 1 1 1 1],
  "funcao_objetivo": 0.96566656957316008035358349975978640986223655960698,
  "confiabilidade_total": 0.96566656957316008035358349975978640986223655960698
  "peso": 90.27,
  "custo": 68.95
}
 
Individuo 46:
{
  "solucao": [0 0 5 1 6]
                [1 1 1 2 1],
  "funcao_objetivo": 0.97664279966386420889654672391748085613487892932162,
  "confiabilidade_total": 0.97664279966386420889654672391748085613487892932162
  "peso": 111.49,
  "custo": 84.4
}
 
Individuo 47:
{
  "solucao": [0 0 0 2 7]
                [2 1 1 1 1],
  "funcao_objetivo": 0.98177851395081378510329985863890183508141810501249,
  "confiabilidade_total": 0.98177851395081378510329985863890183508141810501249
  "peso": 117.96000000000001,
  "custo": 88.77
}
 
Individuo 48:
{
  "solucao": [0 8 8 3 9]
                [1 1 1 2 1],
  "funcao_objetivo": 0.97093673487554086995562400352968469539986879361741,
  "confiabilidade_total": 0.97093673487554086995562400352968469539986879361741
  "peso": 112.13999999999999,
  "custo": 84.56
}
 
Individuo 49:
{
  "solucao": [5 9 0 7 3]
                [1 1 1 1 1],
  "funcao_objetivo": 0.94419477992821262434242865302796216799886428463656,
  "confiabilidade_total": 0.94419477992821262434242865302796216799886428463656
  "peso": 89.71000000000001,
  "custo": 71.03
}
 
Individuo 50:
{
  "solucao": [0 0 8 9 5]
                [2 1 1 1 1],
  "funcao_objetivo": 0.97443991318386644190396537795917987544855809494774,
  "confiabilidade_total": 0.97443991318386644190396537795917987544855809494774
  "peso": 108.53,
  "custo": 89.78
}
 
-----------------------------------------
GERACAO 9
Mutante 1:
[[0.  0.  6.6 9.  9. ]
 [2.  2.8 1.  1.  0.2]]
 
Mutante 2:
[[4.2 0.  0.  0.  1.4]
 [1.2 1.  0.2 1.8 1. ]]
 
Mutante 3:
[[0.  0.  8.2 0.  7. ]
 [0.2 1.  2.8 1.  2. ]]
 
Mutante 4:
[[6.6 6.4 0.8 0.  3.4]
 [0.2 0.2 2.8 1.8 1. ]]
 
Mutante 5:
[[7.4 0.  5.  1.8 3. ]
 [1.  1.  2.8 1.  2. ]]
 
Mutante 6:
[[9.  1.  0.  0.  2.4]
 [1.  1.  2.8 0.2 1. ]]
 
Mutante 7:
[[0.  3.2 5.  0.  1.8]
 [1.  1.  0.2 1.  1.8]]
 
Mutante 8:
[[9.  4.8 0.  7.4 7.4]
 [2.  1.2 1.8 1.  1. ]]
 
Mutante 9:
[[4.2 0.  3.2 8.6 3.4]
 [0.2 1.8 2.  0.2 1. ]]
 
Mutante 10:
[[0.8 1.4 5.  1.4 9. ]
 [1.  1.  2.  2.8 1. ]]
 
Mutante 11:
[[1.  5.  0.  0.  3.2]
 [1.  1.8 1.2 1.8 1. ]]
 
Mutante 12:
[[9.  1.6 5.  4.  4.2]
 [3.  1.  1.  0.2 1. ]]
 
Mutante 13:
[[3.4 4.2 6.4 6.4 6.6]
 [1.8 1.8 2.  1.  1. ]]
 
Mutante 14:
[[4.8 7.8 9.  4.4 1. ]
 [1.  2.2 1.  0.2 2.6]]
 
Mutante 15:
[[8.  7.2 4.2 7.2 8.2]
 [3.  1.8 0.2 1.  0.2]]
 
Mutante 16:
[[2.4 9.  1.  0.  8.2]
 [0.2 0.2 2.  3.  1. ]]
 
Mutante 17:
[[1.  9.6 9.2 1.8 7.2]
 [1.  2.6 1.  1.2 1. ]]
 
Mutante 18:
[[9.  8.  0.  9.  0.8]
 [1.  1.  2.  1.  1. ]]
 
Mutante 19:
[[5.6 2.4 9.  0.8 0. ]
 [1.  2.  1.  1.  1. ]]
 
Mutante 20:
[[5.  7.2 1.6 0.  4.2]
 [1.  1.  1.2 1.8 1. ]]
 
Mutante 21:
[[7.6 4.6 2.4 0.  6.4]
 [0.2 0.2 1.  2.8 2.6]]
 
Mutante 22:
[[6.8 0.4 0.  5.4 0. ]
 [1.8 0.2 1.  1.  1.2]]
 
Mutante 23:
[[0.4 9.  0.  3.2 8.6]
 [1.8 1.8 1.  1.2 1. ]]
 
Mutante 24:
[[7.8 0.  0.  3.6 6.8]
 [2.  1.  0.2 1.  1. ]]
 
Mutante 25:
[[0.  5.6 7.  1.2 5.8]
 [1.2 1.  0.2 1.8 1.8]]
 
Mutante 26:
[[2.4 1.6 1.6 6.8 6.2]
 [2.  1.  1.8 1.  0.2]]
 
Mutante 27:
[[0.  6.6 0.  0.  2. ]
 [2.  1.  0.2 2.  1. ]]
 
Mutante 28:
[[9.  0.8 0.  3.  8.2]
 [1.  0.2 2.  1.8 1. ]]
 
Mutante 29:
[[9.  9.  0.  0.  8.8]
 [0.2 1.  1.  2.  1. ]]
 
Mutante 30:
[[0.  9.  1.8 1.4 7. ]
 [0.2 1.  2.  1.8 1. ]]
 
Mutante 31:
[[8.2 7.4 2.4 0.  7.8]
 [1.2 0.2 1.  1.8 1.8]]
 
Mutante 32:
[[0.  4.2 6.  4.8 0.2]
 [1.  1.  2.8 1.  0.2]]
 
Mutante 33:
[[0.4 9.  0.  0.6 2.2]
 [0.2 1.  0.2 2.8 1. ]]
 
Mutante 34:
[[2.4 2.4 3.4 0.  1. ]
 [1.  0.2 1.  1.  1. ]]
 
Mutante 35:
[[4.8 0.  0.8 3.8 0. ]
 [2.  1.  1.  1.  1.8]]
 
Mutante 36:
[[5.6 0.  5.  9.4 4.2]
 [1.  1.  2.8 1.2 1. ]]
 
Mutante 37:
[[8.2 9.2 5.  5.  0. ]
 [1.  1.  1.  2.  1. ]]
 
Mutante 38:
[[8.2 6.8 0.  4.2 5.4]
 [2.  1.8 1.  1.  0.2]]
 
Mutante 39:
[[0.  4.8 5.6 2.8 5.4]
 [2.  2.6 1.  0.2 1. ]]
 
Mutante 40:
[[5.2 0.  9.  8.6 7.2]
 [2.  2.  1.  1.  1. ]]
 
Mutante 41:
[[5.4 1.4 3.  9.  7.8]
 [2.8 1.  2.8 0.2 0.2]]
 
Mutante 42:
[[0.  9.  9.2 5.8 5.4]
 [1.  2.6 0.2 2.  1.2]]
 
Mutante 43:
[[7.4 0.  5.  1.  4.6]
 [1.  1.  2.8 0.2 2. ]]
 
Mutante 44:
[[0.  0.6 7.4 0.  4. ]
 [1.  1.  1.2 1.  1. ]]
 
Mutante 45:
[[0.  5.8 2.6 1.6 0. ]
 [1.8 1.  1.  1.2 1. ]]
 
Mutante 46:
[[7.  0.  2.4 0.  5.2]
 [1.2 0.2 1.  1.8 1.8]]
 
Mutante 47:
[[0.  8.  8.8 9.  9. ]
 [1.8 1.8 0.2 1.2 1. ]]
 
Mutante 48:
[[7.2 7.8 2.6 0.  3.4]
 [1.  3.  1.  1.  1. ]]
 
Mutante 49:
[[1.  6.6 5.  0.  0. ]
 [2.  1.  1.  2.  1. ]]
 
Mutante 50:
[[9.  3.2 0.  9.  0.4]
 [2.  1.  1.2 1.8 1. ]]
 
-----------------------------------------
Número de avaliações até o momento: 450
Evoluido 1:
[[0 0 6 9 9]
 [2 1 1 2 0]]
 
Evoluido 2:
[[4 0 5 1 7]
 [1 1 0 1 1]]
 
Evoluido 3:
[[0 1 8 0 7]
 [0 1 2 1 2]]
 
Evoluido 4:
[[6 6 1 0 3]
 [0 1 2 2 1]]
 
Evoluido 5:
[[7 0 5 1 3]
 [1 1 2 1 2]]
 
Evoluido 6:
[[9 1 0 0 2]
 [1 1 2 0 1]]
 
Evoluido 7:
[[0 0 5 0 1]
 [1 1 0 1 1]]
 
Evoluido 8:
[[9 5 0 0 7]
 [2 1 2 1 1]]
 
Evoluido 9:
[[4 0 3 0 3]
 [1 1 2 2 1]]
 
Evoluido 10:
[[0 1 5 1 9]
 [1 1 1 2 1]]
 
Evoluido 11:
[[1 0 5 0 3]
 [1 2 1 1 1]]
 
Evoluido 12:
[[9 0 5 4 4]
 [3 1 1 0 1]]
 
Evoluido 13:
[[3 4 6 7 9]
 [1 1 2 1 1]]
 
Evoluido 14:
[[4 7 9 4 1]
 [1 2 2 1 2]]
 
Evoluido 15:
[[6 7 4 7 3]
 [1 1 0 1 1]]
 
Evoluido 16:
[[1 9 1 1 8]
 [0 0 2 3 1]]
 
Evoluido 17:
[[0 9 2 1 7]
 [1 1 1 1 1]]
 
Evoluido 18:
[[9 8 0 9 0]
 [1 1 2 1 1]]
 
Evoluido 19:
[[5 2 5 0 0]
 [1 2 1 1 1]]
 
Evoluido 20:
[[5 7 1 0 4]
 [1 1 1 2 1]]
 
Evoluido 21:
[[7 4 2 0 8]
 [0 1 1 2 1]]
 
Evoluido 22:
[[6 0 0 5 0]
 [1 0 1 1 1]]
 
Evoluido 23:
[[0 9 9 3 8]
 [1 1 1 1 1]]
 
Evoluido 24:
[[7 0 0 3 6]
 [2 1 0 2 1]]
 
Evoluido 25:
[[5 5 7 1 5]
 [1 1 2 1 1]]
 
Evoluido 26:
[[2 1 1 0 4]
 [2 1 1 1 0]]
 
Evoluido 27:
[[0 6 0 5 7]
 [2 1 0 2 1]]
 
Evoluido 28:
[[9 0 9 3 8]
 [2 0 2 1 1]]
 
Evoluido 29:
[[9 9 0 0 8]
 [1 1 1 2 1]]
 
Evoluido 30:
[[0 6 1 1 7]
 [0 1 2 1 1]]
 
Evoluido 31:
[[8 7 2 0 7]
 [1 0 1 1 1]]
 
Evoluido 32:
[[0 4 6 4 0]
 [1 1 2 1 0]]
 
Evoluido 33:
[[0 8 0 0 2]
 [1 1 2 2 1]]
 
Evoluido 34:
[[5 2 3 0 1]
 [1 0 1 1 1]]
 
Evoluido 35:
[[4 0 0 2 6]
 [2 1 1 1 1]]
 
Evoluido 36:
[[5 0 0 9 4]
 [1 1 2 2 1]]
 
Evoluido 37:
[[8 6 5 3 0]
 [1 1 1 2 2]]
 
Evoluido 38:
[[1 6 0 4 9]
 [2 2 1 1 0]]
 
Evoluido 39:
[[0 4 5 2 5]
 [1 2 2 0 1]]
 
Evoluido 40:
[[5 0 9 8 7]
 [2 2 1 1 1]]
 
Evoluido 41:
[[5 1 0 9 7]
 [2 1 1 0 0]]
 
Evoluido 42:
[[0 9 9 8 5]
 [2 2 0 2 1]]
 
Evoluido 43:
[[7 0 5 3 0]
 [1 1 2 1 2]]
 
Evoluido 44:
[[0 0 7 0 6]
 [1 1 1 1 1]]
 
Evoluido 45:
[[0 5 5 1 0]
 [1 1 1 1 1]]
 
Evoluido 46:
[[7 0 2 0 5]
 [1 0 1 1 1]]
 
Evoluido 47:
[[0 0 8 9 7]
 [1 1 0 1 1]]
 
Evoluido 48:
[[7 7 8 0 3]
 [1 3 1 1 1]]
 
Evoluido 49:
[[1 9 5 0 3]
 [2 1 1 2 1]]
 
Evoluido 50:
[[0 3 8 9 0]
 [2 1 1 1 1]]
 
-----------------------------------------
Individuo 1:
{
  "solucao": [0 3 5 7 9]
                [1 1 2 2 1],
  "funcao_objetivo": 0.99106940050610510791498083666560982779178534100479,
  "confiabilidade_total": 0.99106940050610510791498083666560982779178534100479
  "peso": 118.58999999999999,
  "custo": 96.18
}
 
Individuo 2:
{
  "solucao": [5 0 5 1 7]
                [1 1 2 1 2],
  "funcao_objetivo": 0.98052260173680430600700573679626409699985048783088,
  "confiabilidade_total": 0.98052260173680430600700573679626409699985048783088
  "peso": 110.86,
  "custo": 91.47
}
 
Individuo 3:
{
  "solucao": [9 1 0 0 3]
                [2 1 1 1 1],
  "funcao_objetivo": 0.97989807205893091550334729511331125935368598456030,
  "confiabilidade_total": 0.97989807205893091550334729511331125935368598456030
  "peso": 117.60999999999999,
  "custo": 94.53
}
 
Individuo 4:
{
  "solucao": [6 6 1 0 3]
                [0 1 2 2 1],
  "funcao_objetivo": 0.98011739518053079132229335992475762700201495306228,
  "confiabilidade_total": 0.98011739518053079132229335992475762700201495306228
  "peso": 118.91,
  "custo": 86.07000000000001
}
 
Individuo 5:
{
  "solucao": [8 4 5 0 5]
                [3 1 1 1 1],
  "funcao_objetivo": 0.97770555982544259514649069163764473970459502150949,
  "confiabilidade_total": 0.97770555982544259514649069163764473970459502150949
  "peso": 117.22000000000001,
  "custo": 90.82
}
 
Individuo 6:
{
  "solucao": [9 0 0 3 1]
                [1 1 2 1 1],
  "funcao_objetivo": 0.97765471025242255245954335799820007343537204656622,
  "confiabilidade_total": 0.97765471025242255245954335799820007343537204656622
  "peso": 119.47,
  "custo": 92.85000000000001
}
 
Individuo 7:
{
  "solucao": [7 0 0 2 6]
                [2 1 1 1 1],
  "funcao_objetivo": 0.97959459950824515968923383396494189338846015404876,
  "confiabilidade_total": 0.97959459950824515968923383396494189338846015404876
  "peso": 111.59,
  "custo": 83.76
}
 
Individuo 8:
{
  "solucao": [0 5 6 0 1]
                [1 1 2 1 1],
  "funcao_objetivo": 0.97655717492721035242113183838843457726371914194415,
  "confiabilidade_total": 0.97655717492721035242113183838843457726371914194415
  "peso": 113.41,
  "custo": 82.02
}
 
Individuo 9:
{
  "solucao": [2 9 1 0 9]
                [1 1 1 2 1],
  "funcao_objetivo": 0.97619805546855500348157212876199940127083683342767,
  "confiabilidade_total": 0.97619805546855500348157212876199940127083683342767
  "peso": 118.19,
  "custo": 92.03999999999999
}
 
Individuo 10:
{
  "solucao": [0 7 5 6 5]
                [1 1 1 2 2],
  "funcao_objetivo": 0.97569916723894177290901328661963638308690260928245,
  "confiabilidade_total": 0.97569916723894177290901328661963638308690260928245
  "peso": 118.65,
  "custo": 86.62
}
 
Individuo 11:
{
  "solucao": [3 0 5 9 9]
                [2 2 1 0 1],
  "funcao_objetivo": 0.98046547448080139461144415579907477958221238279559,
  "confiabilidade_total": 0.98046547448080139461144415579907477958221238279559
  "peso": 117.98,
  "custo": 84.28
}
 
Individuo 12:
{
  "solucao": [7 0 0 6 2]
                [2 1 2 1 0],
  "funcao_objetivo": 0.97554175499118512837625163661861463808830780892545,
  "confiabilidade_total": 0.97554175499118512837625163661861463808830780892545
  "peso": 109.13,
  "custo": 90.38
}
 
Individuo 13:
{
  "solucao": [0 0 9 7 9]
                [2 2 0 1 1],
  "funcao_objetivo": 0.98418852176508988042181949560305618911941473722370,
  "confiabilidade_total": 0.98418852176508988042181949560305618911941473722370
  "peso": 113.64,
  "custo": 97.07
}
 
Individuo 14:
{
  "solucao": [0 0 4 1 7]
                [1 1 2 1 1],
  "funcao_objetivo": 0.97845783170718068782266916550415857083115494330096,
  "confiabilidade_total": 0.98087449837384728825875000169364824424681952674556
  "peso": 120.28999999999999,
  "custo": 89.89
}
 
Individuo 15:
{
  "solucao": [6 9 0 7 3]
                [1 1 1 2 1],
  "funcao_objetivo": 0.97281355066554815034221057666593192636815986672718,
  "confiabilidade_total": 0.97281355066554815034221057666593192636815986672718
  "peso": 109.15,
  "custo": 87.92999999999999
}
 
Individuo 16:
{
  "solucao": [1 9 1 1 8]
                [0 0 2 3 1],
  "funcao_objetivo": 0.98155054322138771025102872305997735543972140346446,
  "confiabilidade_total": 0.98155054322138771025102872305997735543972140346446
  "peso": 105.08,
  "custo": 87.1
}
 
Individuo 17:
{
  "solucao": [0 1 2 1 7]
                [1 1 1 2 1],
  "funcao_objetivo": 0.98009909924547456922054033001515827857967023547023,
  "confiabilidade_total": 0.98009909924547456922054033001515827857967023547023
  "peso": 111.45000000000002,
  "custo": 84.69
}
 
Individuo 18:
{
  "solucao": [5 1 0 0 4]
                [1 1 2 1 1],
  "funcao_objetivo": 0.98130171633041202309123805031661919515344165594335,
  "confiabilidade_total": 0.98130171633041202309123805031661919515344165594335
  "peso": 117.39,
  "custo": 87.43
}
 
Individuo 19:
{
  "solucao": [1 0 5 5 3]
                [2 2 1 1 0],
  "funcao_objetivo": 0.99123866151394977054044002991768487920589963854272,
  "confiabilidade_total": 0.99123866151394977054044002991768487920589963854272
  "peso": 106.20000000000002,
  "custo": 82.34
}
 
Individuo 20:
{
  "solucao": [5 7 1 0 4]
                [1 1 1 2 1],
  "funcao_objetivo": 0.97311788884543981607483476601251983200606166932902,
  "confiabilidade_total": 0.97311788884543981607483476601251983200606166932902
  "peso": 111.27000000000001,
  "custo": 86.16
}
 
Individuo 21:
{
  "solucao": [6 6 5 8 8]
                [2 1 2 1 1],
  "funcao_objetivo": 0.96743798673285945423788231465176190421744450984926,
  "confiabilidade_total": 0.96743798673285945423788231465176190421744450984926
  "peso": 118.68,
  "custo": 84.42999999999999
}
 
Individuo 22:
{
  "solucao": [5 8 1 3 7]
                [1 1 2 1 1],
  "funcao_objetivo": 0.96598176165214711655079132708161347611837939514858,
  "confiabilidade_total": 0.96598176165214711655079132708161347611837939514858
  "peso": 101.81,
  "custo": 79.98
}
 
Individuo 23:
{
  "solucao": [0 7 9 2 5]
                [1 3 1 1 1],
  "funcao_objetivo": 0.97658889358670023268381855539053040739959756331950,
  "confiabilidade_total": 0.97658889358670023268381855539053040739959756331950
  "peso": 118.59,
  "custo": 98.21999999999998
}
 
Individuo 24:
{
  "solucao": [6 9 0 0 8]
                [1 1 1 2 1],
  "funcao_objetivo": 0.97592729570080863317536003032828902083229400003230,
  "confiabilidade_total": 0.97592729570080863317536003032828902083229400003230
  "peso": 113.82000000000001,
  "custo": 91.83999999999999
}
 
Individuo 25:
{
  "solucao": [5 0 4 0 5]
                [1 1 2 1 1],
  "funcao_objetivo": 0.98078454058516344088871077134805172685456942520150,
  "confiabilidade_total": 0.98078454058516344088871077134805172685456942520150
  "peso": 117.5,
  "custo": 80.92
}
 
Individuo 26:
{
  "solucao": [0 0 5 0 4]
                [1 1 2 1 1],
  "funcao_objetivo": 0.98290492615928218046557516652192077648020746276356,
  "confiabilidade_total": 0.98290492615928218046557516652192077648020746276356
  "peso": 114.02,
  "custo": 82.99000000000001
}
 
Individuo 27:
{
  "solucao": [9 6 0 5 7]
                [2 1 1 1 1],
  "funcao_objetivo": 0.96393328839253684481108161725447627418214576225343,
  "confiabilidade_total": 0.96393328839253684481108161725447627418214576225343
  "peso": 105.99000000000001,
  "custo": 89.21000000000001
}
 
Individuo 28:
{
  "solucao": [2 0 9 7 8]
                [2 2 1 0 1],
  "funcao_objetivo": 0.98190295065315833193899851118373386173846024157804,
  "confiabilidade_total": 0.98190295065315833193899851118373386173846024157804
  "peso": 118.99,
  "custo": 82.34
}
 
Individuo 29:
{
  "solucao": [9 9 0 0 8]
                [1 1 1 2 1],
  "funcao_objetivo": 0.97403594715501129292663820171216905268216253217242,
  "confiabilidade_total": 0.97403594715501129292663820171216905268216253217242
  "peso": 112.21,
  "custo": 97.25999999999999
}
 
Individuo 30:
{
  "solucao": [2 6 2 7 8]
                [1 2 1 1 1],
  "funcao_objetivo": 0.97234065016797770670945401800661822842796005070441,
  "confiabilidade_total": 0.97234065016797770670945401800661822842796005070441
  "peso": 114.23,
  "custo": 71.91
}
 
Individuo 31:
{
  "solucao": [0 8 6 0 0]
                [1 2 1 1 1],
  "funcao_objetivo": 0.97647663138826734771285862793015764052301910703386,
  "confiabilidade_total": 0.97647663138826734771285862793015764052301910703386
  "peso": 109.99,
  "custo": 87.39999999999999
}
 
Individuo 32:
{
  "solucao": [1 5 4 0 5]
                [1 1 2 1 1],
  "funcao_objetivo": 0.97579076985767436423473461989299798998494989526472,
  "confiabilidade_total": 0.97579076985767436423473461989299798998494989526472
  "peso": 115.33,
  "custo": 79.56
}
 
Individuo 33:
{
  "solucao": [9 8 2 9 0]
                [1 1 2 1 1],
  "funcao_objetivo": 0.95978737373909193873856167045859561031683220645383,
  "confiabilidade_total": 0.95978737373909193873856167045859561031683220645383
  "peso": 117.13,
  "custo": 84.02
}
 
Individuo 34:
{
  "solucao": [5 9 1 0 2]
                [2 1 1 2 0],
  "funcao_objetivo": 0.97072305271084075926877984411160224362357345703375,
  "confiabilidade_total": 0.97072305271084075926877984411160224362357345703375
  "peso": 106.50999999999999,
  "custo": 85.38
}
 
Individuo 35:
{
  "solucao": [6 0 0 2 6]
                [1 1 1 1 1],
  "funcao_objetivo": 0.96210403983457810998745465016936459921524993018400,
  "confiabilidade_total": 0.96210403983457810998745465016936459921524993018400
  "peso": 103.31,
  "custo": 66.45
}
 
Individuo 36:
{
  "solucao": [6 7 0 0 8]
                [1 1 1 2 1],
  "funcao_objetivo": 0.97635635040280421425297988707744784672825517168882,
  "confiabilidade_total": 0.97635635040280421425297988707744784672825517168882
  "peso": 109.55999999999999,
  "custo": 88.88999999999999
}
 
Individuo 37:
{
  "solucao": [6 6 0 3 1]
                [1 1 1 1 2],
  "funcao_objetivo": 0.95520707492554961367062472571277124686212942076226,
  "confiabilidade_total": 0.95520707492554961367062472571277124686212942076226
  "peso": 118.66000000000001,
  "custo": 82.33
}
 
Individuo 38:
{
  "solucao": [1 6 0 4 9]
                [2 2 1 1 0],
  "funcao_objetivo": 0.98661669697291835239508509042892859285925686422520,
  "confiabilidade_total": 0.98878336363958506189670030823223390614143744174176
  "peso": 120.26,
  "custo": 84.38999999999999
}
 
Individuo 39:
{
  "solucao": [4 7 5 0 0]
                [1 1 2 1 1],
  "funcao_objetivo": 0.97476726481100159297230565648002094942355184837870,
  "confiabilidade_total": 0.97476726481100159297230565648002094942355184837870
  "peso": 107.89999999999999,
  "custo": 81.72
}
 
Individuo 40:
{
  "solucao": [5 0 9 8 7]
                [2 2 1 1 1],
  "funcao_objetivo": 0.99141973297291823568156517919517796398567089635354,
  "confiabilidade_total": 0.99141973297291823568156517919517796398567089635354
  "peso": 117.14,
  "custo": 98.82
}
 
Individuo 41:
{
  "solucao": [2 9 0 0 7]
                [1 1 1 2 1],
  "funcao_objetivo": 0.97960872408418669995130349395581527299053389771238,
  "confiabilidade_total": 0.97960872408418669995130349395581527299053389771238
  "peso": 116.1,
  "custo": 90.45
}
 
Individuo 42:
{
  "solucao": [7 3 7 8 7]
                [2 1 2 1 1],
  "funcao_objetivo": 0.97045565496632339371736104802405451477263327687622,
  "confiabilidade_total": 0.97045565496632339371736104802405451477263327687622
  "peso": 107.48,
  "custo": 99.53
}
 
Individuo 43:
{
  "solucao": [0 0 8 3 0]
                [2 1 1 1 1],
  "funcao_objetivo": 0.97921336221792644461287705434272190816673099314000,
  "confiabilidade_total": 0.97921336221792644461287705434272190816673099314000
  "peso": 117.80999999999999,
  "custo": 89.77
}
 
Individuo 44:
{
  "solucao": [0 5 0 0 6]
                [1 2 1 2 0],
  "funcao_objetivo": 0.98380100070977002079291881997981293652144011921606,
  "confiabilidade_total": 0.98380100070977002079291881997981293652144011921606
  "peso": 110.53999999999999,
  "custo": 85.06
}
 
Individuo 45:
{
  "solucao": [0 0 5 0 5]
                [1 1 1 1 1],
  "funcao_objetivo": 0.96566656957316008035358349975978640986223655960698,
  "confiabilidade_total": 0.96566656957316008035358349975978640986223655960698
  "peso": 90.27,
  "custo": 68.95
}
 
Individuo 46:
{
  "solucao": [0 0 5 1 6]
                [1 1 1 2 1],
  "funcao_objetivo": 0.97664279966386420889654672391748085613487892932162,
  "confiabilidade_total": 0.97664279966386420889654672391748085613487892932162
  "peso": 111.49,
  "custo": 84.4
}
 
Individuo 47:
{
  "solucao": [0 0 0 2 7]
                [2 1 1 1 1],
  "funcao_objetivo": 0.98177851395081378510329985863890183508141810501249,
  "confiabilidade_total": 0.98177851395081378510329985863890183508141810501249
  "peso": 117.96000000000001,
  "custo": 88.77
}
 
Individuo 48:
{
  "solucao": [0 8 8 3 9]
                [1 1 1 2 1],
  "funcao_objetivo": 0.97093673487554086995562400352968469539986879361741,
  "confiabilidade_total": 0.97093673487554086995562400352968469539986879361741
  "peso": 112.13999999999999,
  "custo": 84.56
}
 
Individuo 49:
{
  "solucao": [5 9 0 7 3]
                [1 1 1 1 1],
  "funcao_objetivo": 0.94419477992821262434242865302796216799886428463656,
  "confiabilidade_total": 0.94419477992821262434242865302796216799886428463656
  "peso": 89.71000000000001,
  "custo": 71.03
}
 
Individuo 50:
{
  "solucao": [0 0 8 9 5]
                [2 1 1 1 1],
  "funcao_objetivo": 0.97443991318386644190396537795917987544855809494774,
  "confiabilidade_total": 0.97443991318386644190396537795917987544855809494774
  "peso": 108.53,
  "custo": 89.78
}
 
-----------------------------------------
GERACAO 10
Mutante 1:
[[0.  5.6 9.  5.  2.2]
 [2.  3.  1.  1.  1. ]]
 
Mutante 2:
[[0.8 0.  6.6 0.8 4.2]
 [3.  1.  1.  1.  1. ]]
 
Mutante 3:
[[5.4 0.  4.8 7.6 0. ]
 [2.8 0.2 2.  1.  1. ]]
 
Mutante 4:
[[2.4 5.8 2.  0.2 6.2]
 [1.  0.2 1.8 2.8 1. ]]
 
Mutante 5:
[[6.  9.  4.  9.  4.6]
 [1.8 1.8 1.  2.  1. ]]
 
Mutante 6:
[[4.2 4.6 0.  0.  3.2]
 [0.2 1.  0.2 2.  1. ]]
 
Mutante 7:
[[5.  5.6 2.6 4.2 0.6]
 [2.  2.  0.2 1.8 1. ]]
 
Mutante 8:
[[0.8 9.  1.  6.2 9.8]
 [1.  1.  1.2 2.8 0.2]]
 
Mutante 9:
[[0.  0.  4.2 0.  7.2]
 [1.  1.  1.2 1.8 1. ]]
 
Mutante 10:
[[9.  0.  0.8 0.  0.6]
 [2.  1.  1.  1.  1. ]]
 
Mutante 11:
[[9.  9.  0.  3.4 0. ]
 [1.  0.2 2.8 2.6 1. ]]
 
Mutante 12:
[[1.6 1.6 0.  0.4 8.6]
 [2.  1.  1.  1.8 1. ]]
 
Mutante 13:
[[0.  1.4 8.2 2.8 9. ]
 [1.  3.  1.  1.  1. ]]
 
Mutante 14:
[[0.  0.  4.2 0.  7.4]
 [1.  1.  1.  1.  1. ]]
 
Mutante 15:
[[0.  0.  1.2 1.  9.4]
 [1.  1.  1.  2.  1. ]]
 
Mutante 16:
[[0.  9.4 6.6 8.4 9. ]
 [1.  1.  0.2 2.8 2. ]]
 
Mutante 17:
[[5.  3.6 0.  8.2 7.8]
 [2.8 1.8 1.  0.2 0.2]]
 
Mutante 18:
[[9.  3.6 0.2 3.2 2.2]
 [1.6 1.8 1.2 0.4 1. ]]
 
Mutante 19:
[[7.4 9.  2.8 7.4 0. ]
 [1.  1.  2.  1.8 0.2]]
 
Mutante 20:
[[0.  0.  6.  0.2 1.4]
 [1.8 1.8 1.  0.4 1. ]]
 
Mutante 21:
[[4.4 9.  0.  9.  0.6]
 [0.2 1.  1.  2.  1. ]]
 
Mutante 22:
[[9.  0.  9.  4.2 6.2]
 [1.  0.2 2.8 1.  2.8]]
 
Mutante 23:
[[4.8 9.  4.2 0.  0.8]
 [0.2 0.2 2.8 1.8 1. ]]
 
Mutante 24:
[[8.4 1.4 0.  1.6 9. ]
 [1.8 1.  0.2 2.  1. ]]
 
Mutante 25:
[[0.  3.4 1.  0.  9. ]
 [1.  1.  0.2 2.  1. ]]
 
Mutante 26:
[[9.8 8.2 0.8 0.  3.8]
 [0.4 0.2 1.8 2.6 1. ]]
 
Mutante 27:
[[3.2 7.2 4.  4.6 0. ]
 [1.2 0.2 1.  1.  1.8]]
 
Mutante 28:
[[5.2 4.8 0.  0.4 5.2]
 [0.2 1.  1.  1.8 1. ]]
 
Mutante 29:
[[1.  8.2 1.  0.  5.6]
 [1.  1.  1.2 3.  1. ]]
 
Mutante 30:
[[9.  9.  0.  0.  7. ]
 [0.2 0.2 2.  2.6 1. ]]
 
Mutante 31:
[[0.  3.  5.  1.4 9. ]
 [1.  1.  2.  2.8 1. ]]
 
Mutante 32:
[[0.  6.  2.  1.4 9. ]
 [1.  2.  1.  1.8 1. ]]
 
Mutante 33:
[[6.6 0.  9.  9.  9. ]
 [2.8 2.8 0.2 0.2 1. ]]
 
Mutante 34:
[[4.  9.  9.8 0.  0. ]
 [0.2 1.8 2.  1.  1. ]]
 
Mutante 35:
[[0.  0.  9.  7.  5.6]
 [2.  2.  1.8 1.  1. ]]
 
Mutante 36:
[[0.  5.  9.  0.  4.2]
 [1.  1.  1.2 1.  1. ]]
 
Mutante 37:
[[7.4 4.8 0.  0.  1. ]
 [1.  1.  2.  1.8 0.2]]
 
Mutante 38:
[[2.  9.  5.  6.4 9. ]
 [1.8 1.8 0.2 2.  1. ]]
 
Mutante 39:
[[1.  3.6 0.  1.6 2.6]
 [2.  2.  1.8 0.2 1. ]]
 
Mutante 40:
[[5.8 6.4 0.  6.2 9. ]
 [1.8 1.  2.  1.  0.2]]
 
Mutante 41:
[[5.6 2.2 7.4 0.  0. ]
 [1.  2.2 1.8 1.  1. ]]
 
Mutante 42:
[[0.  0.  0.  0.  4.2]
 [1.  0.2 1.  1.8 1. ]]
 
Mutante 43:
[[9.  6.8 0.  5.  9. ]
 [2.8 1.  0.2 1.  1. ]]
 
Mutante 44:
[[9.  3.6 0.  0.  0. ]
 [1.8 1.  0.2 0.2 2. ]]
 
Mutante 45:
[[5.2 5.8 0.  4.8 5.6]
 [0.2 1.  1.8 2.  0.2]]
 
Mutante 46:
[[6.  2.6 0.  0.  9.6]
 [0.2 1.  1.8 1.2 1.8]]
 
Mutante 47:
[[1.6 9.  1.8 0.  1. ]
 [0.2 0.2 1.  3.  2. ]]
 
Mutante 48:
[[4.8 2.4 1.  0.  0. ]
 [1.  1.  0.2 0.2 1.8]]
 
Mutante 49:
[[6.  0.  0.  0.  0. ]
 [1.  1.  2.  1.2 1. ]]
 
Mutante 50:
[[8.4 0.  6.4 9.4 0. ]
 [1.8 1.8 1.  0.2 2. ]]
 
-----------------------------------------
Número de avaliações até o momento: 500
Evoluido 1:
[[0 5 9 5 2]
 [1 3 1 2 1]]
 
Evoluido 2:
[[5 0 6 0 4]
 [3 1 1 1 2]]
 
Evoluido 3:
[[5 1 4 7 0]
 [2 1 2 1 1]]
 
Evoluido 4:
[[2 6 2 0 3]
 [1 0 1 2 1]]
 
Evoluido 5:
[[8 9 4 9 4]
 [3 1 1 1 1]]
 
Evoluido 6:
[[4 4 0 3 3]
 [0 1 0 2 1]]
 
Evoluido 7:
[[5 5 2 4 6]
 [2 2 0 1 1]]
 
Evoluido 8:
[[0 9 6 6 9]
 [1 1 1 2 0]]
 
Evoluido 9:
[[0 0 4 0 7]
 [1 1 1 1 1]]
 
Evoluido 10:
[[9 0 0 6 0]
 [2 1 1 1 1]]
 
Evoluido 11:
[[9 9 5 9 0]
 [1 0 2 0 1]]
 
Evoluido 12:
[[7 1 0 0 8]
 [2 1 1 1 0]]
 
Evoluido 13:
[[0 0 9 2 9]
 [1 2 1 1 1]]
 
Evoluido 14:
[[0 0 4 1 7]
 [1 1 2 1 1]]
 
Evoluido 15:
[[0 0 1 1 9]
 [1 1 1 2 1]]
 
Evoluido 16:
[[0 9 6 8 9]
 [1 0 2 2 2]]
 
Evoluido 17:
[[5 3 0 8 7]
 [2 1 1 2 0]]
 
Evoluido 18:
[[5 3 0 3 2]
 [1 1 1 0 1]]
 
Evoluido 19:
[[7 9 2 7 0]
 [2 1 2 1 0]]
 
Evoluido 20:
[[5 0 6 0 1]
 [1 1 1 0 1]]
 
Evoluido 21:
[[4 6 0 8 0]
 [0 1 1 2 1]]
 
Evoluido 22:
[[5 0 9 4 7]
 [1 0 2 1 2]]
 
Evoluido 23:
[[4 9 4 0 0]
 [0 0 2 1 1]]
 
Evoluido 24:
[[6 1 0 1 9]
 [1 1 0 2 1]]
 
Evoluido 25:
[[0 3 1 0 9]
 [1 1 0 2 1]]
 
Evoluido 26:
[[0 8 0 0 3]
 [0 0 1 2 1]]
 
Evoluido 27:
[[3 7 4 4 0]
 [1 0 1 1 1]]
 
Evoluido 28:
[[5 4 9 0 5]
 [0 2 1 1 1]]
 
Evoluido 29:
[[1 9 1 0 8]
 [1 1 1 2 1]]
 
Evoluido 30:
[[2 9 2 7 7]
 [0 2 2 2 1]]
 
Evoluido 31:
[[0 3 5 1 0]
 [1 1 1 1 1]]
 
Evoluido 32:
[[0 6 2 1 9]
 [1 2 1 1 1]]
 
Evoluido 33:
[[6 8 9 9 9]
 [2 2 2 0 1]]
 
Evoluido 34:
[[5 9 9 0 0]
 [0 1 1 1 1]]
 
Evoluido 35:
[[0 0 9 7 6]
 [2 1 1 1 1]]
 
Evoluido 36:
[[0 5 0 0 4]
 [1 1 1 1 1]]
 
Evoluido 37:
[[7 6 0 0 1]
 [1 1 2 1 0]]
 
Evoluido 38:
[[2 9 5 6 9]
 [2 1 0 2 1]]
 
Evoluido 39:
[[1 7 0 0 2]
 [2 2 1 1 1]]
 
Evoluido 40:
[[5 6 9 6 9]
 [1 1 2 1 0]]
 
Evoluido 41:
[[5 2 7 0 0]
 [1 2 1 1 1]]
 
Evoluido 42:
[[7 0 0 8 7]
 [2 1 1 1 1]]
 
Evoluido 43:
[[0 6 8 5 9]
 [2 1 1 1 1]]
 
Evoluido 44:
[[9 3 0 0 0]
 [1 1 1 0 2]]
 
Evoluido 45:
[[5 5 0 4 5]
 [0 1 1 2 1]]
 
Evoluido 46:
[[6 0 0 0 9]
 [0 1 1 1 1]]
 
Evoluido 47:
[[1 9 0 0 1]
 [2 0 1 3 2]]
 
Evoluido 48:
[[0 2 1 0 0]
 [1 1 0 0 1]]
 
Evoluido 49:
[[6 0 0 0 0]
 [1 1 1 1 1]]
 
Evoluido 50:
[[8 0 6 9 0]
 [1 1 1 0 1]]
 
-----------------------------------------
Individuo 1:
{
  "solucao": [0 3 5 7 9]
                [1 1 2 2 1],
  "funcao_objetivo": 0.99106940050610510791498083666560982779178534100479,
  "confiabilidade_total": 0.99106940050610510791498083666560982779178534100479
  "peso": 118.58999999999999,
  "custo": 96.18
}
 
Individuo 2:
{
  "solucao": [5 0 5 1 7]
                [1 1 2 1 2],
  "funcao_objetivo": 0.98052260173680430600700573679626409699985048783088,
  "confiabilidade_total": 0.98052260173680430600700573679626409699985048783088
  "peso": 110.86,
  "custo": 91.47
}
 
Individuo 3:
{
  "solucao": [9 1 0 0 3]
                [2 1 1 1 1],
  "funcao_objetivo": 0.97989807205893091550334729511331125935368598456030,
  "confiabilidade_total": 0.97989807205893091550334729511331125935368598456030
  "peso": 117.60999999999999,
  "custo": 94.53
}
 
Individuo 4:
{
  "solucao": [6 6 1 0 3]
                [0 1 2 2 1],
  "funcao_objetivo": 0.98011739518053079132229335992475762700201495306228,
  "confiabilidade_total": 0.98011739518053079132229335992475762700201495306228
  "peso": 118.91,
  "custo": 86.07000000000001
}
 
Individuo 5:
{
  "solucao": [8 4 5 0 5]
                [3 1 1 1 1],
  "funcao_objetivo": 0.97770555982544259514649069163764473970459502150949,
  "confiabilidade_total": 0.97770555982544259514649069163764473970459502150949
  "peso": 117.22000000000001,
  "custo": 90.82
}
 
Individuo 6:
{
  "solucao": [9 0 0 3 1]
                [1 1 2 1 1],
  "funcao_objetivo": 0.97765471025242255245954335799820007343537204656622,
  "confiabilidade_total": 0.97765471025242255245954335799820007343537204656622
  "peso": 119.47,
  "custo": 92.85000000000001
}
 
Individuo 7:
{
  "solucao": [7 0 0 2 6]
                [2 1 1 1 1],
  "funcao_objetivo": 0.97959459950824515968923383396494189338846015404876,
  "confiabilidade_total": 0.97959459950824515968923383396494189338846015404876
  "peso": 111.59,
  "custo": 83.76
}
 
Individuo 8:
{
  "solucao": [0 5 6 0 1]
                [1 1 2 1 1],
  "funcao_objetivo": 0.97655717492721035242113183838843457726371914194415,
  "confiabilidade_total": 0.97655717492721035242113183838843457726371914194415
  "peso": 113.41,
  "custo": 82.02
}
 
Individuo 9:
{
  "solucao": [2 9 1 0 9]
                [1 1 1 2 1],
  "funcao_objetivo": 0.97619805546855500348157212876199940127083683342767,
  "confiabilidade_total": 0.97619805546855500348157212876199940127083683342767
  "peso": 118.19,
  "custo": 92.03999999999999
}
 
Individuo 10:
{
  "solucao": [9 0 0 6 0]
                [2 1 1 1 1],
  "funcao_objetivo": 0.97603309168962337912472099444166556757048061887495,
  "confiabilidade_total": 0.97603309168962337912472099444166556757048061887495
  "peso": 117.64999999999999,
  "custo": 96.28
}
 
Individuo 11:
{
  "solucao": [3 0 5 9 9]
                [2 2 1 0 1],
  "funcao_objetivo": 0.98046547448080139461144415579907477958221238279559,
  "confiabilidade_total": 0.98046547448080139461144415579907477958221238279559
  "peso": 117.98,
  "custo": 84.28
}
 
Individuo 12:
{
  "solucao": [7 0 0 6 2]
                [2 1 2 1 0],
  "funcao_objetivo": 0.97554175499118512837625163661861463808830780892545,
  "confiabilidade_total": 0.97554175499118512837625163661861463808830780892545
  "peso": 109.13,
  "custo": 90.38
}
 
Individuo 13:
{
  "solucao": [0 0 9 7 9]
                [2 2 0 1 1],
  "funcao_objetivo": 0.98418852176508988042181949560305618911941473722370,
  "confiabilidade_total": 0.98418852176508988042181949560305618911941473722370
  "peso": 113.64,
  "custo": 97.07
}
 
Individuo 14:
{
  "solucao": [0 0 4 1 7]
                [1 1 2 1 1],
  "funcao_objetivo": 0.97845783170718068782266916550415857083115494330096,
  "confiabilidade_total": 0.98087449837384728825875000169364824424681952674556
  "peso": 120.28999999999999,
  "custo": 89.89
}
 
Individuo 15:
{
  "solucao": [0 0 1 1 9]
                [1 1 1 2 1],
  "funcao_objetivo": 0.98167993538711770914417322785994472498889107816658,
  "confiabilidade_total": 0.98167993538711770914417322785994472498889107816658
  "peso": 113.25,
  "custo": 94.25999999999999
}
 
Individuo 16:
{
  "solucao": [1 9 1 1 8]
                [0 0 2 3 1],
  "funcao_objetivo": 0.98155054322138771025102872305997735543972140346446,
  "confiabilidade_total": 0.98155054322138771025102872305997735543972140346446
  "peso": 105.08,
  "custo": 87.1
}
 
Individuo 17:
{
  "solucao": [0 1 2 1 7]
                [1 1 1 2 1],
  "funcao_objetivo": 0.98009909924547456922054033001515827857967023547023,
  "confiabilidade_total": 0.98009909924547456922054033001515827857967023547023
  "peso": 111.45000000000002,
  "custo": 84.69
}
 
Individuo 18:
{
  "solucao": [5 1 0 0 4]
                [1 1 2 1 1],
  "funcao_objetivo": 0.98130171633041202309123805031661919515344165594335,
  "confiabilidade_total": 0.98130171633041202309123805031661919515344165594335
  "peso": 117.39,
  "custo": 87.43
}
 
Individuo 19:
{
  "solucao": [1 0 5 5 3]
                [2 2 1 1 0],
  "funcao_objetivo": 0.99123866151394977054044002991768487920589963854272,
  "confiabilidade_total": 0.99123866151394977054044002991768487920589963854272
  "peso": 106.20000000000002,
  "custo": 82.34
}
 
Individuo 20:
{
  "solucao": [5 7 1 0 4]
                [1 1 1 2 1],
  "funcao_objetivo": 0.97311788884543981607483476601251983200606166932902,
  "confiabilidade_total": 0.97311788884543981607483476601251983200606166932902
  "peso": 111.27000000000001,
  "custo": 86.16
}
 
Individuo 21:
{
  "solucao": [6 6 5 8 8]
                [2 1 2 1 1],
  "funcao_objetivo": 0.96743798673285945423788231465176190421744450984926,
  "confiabilidade_total": 0.96743798673285945423788231465176190421744450984926
  "peso": 118.68,
  "custo": 84.42999999999999
}
 
Individuo 22:
{
  "solucao": [5 8 1 3 7]
                [1 1 2 1 1],
  "funcao_objetivo": 0.96598176165214711655079132708161347611837939514858,
  "confiabilidade_total": 0.96598176165214711655079132708161347611837939514858
  "peso": 101.81,
  "custo": 79.98
}
 
Individuo 23:
{
  "solucao": [0 7 9 2 5]
                [1 3 1 1 1],
  "funcao_objetivo": 0.97658889358670023268381855539053040739959756331950,
  "confiabilidade_total": 0.97658889358670023268381855539053040739959756331950
  "peso": 118.59,
  "custo": 98.21999999999998
}
 
Individuo 24:
{
  "solucao": [6 9 0 0 8]
                [1 1 1 2 1],
  "funcao_objetivo": 0.97592729570080863317536003032828902083229400003230,
  "confiabilidade_total": 0.97592729570080863317536003032828902083229400003230
  "peso": 113.82000000000001,
  "custo": 91.83999999999999
}
 
Individuo 25:
{
  "solucao": [5 0 4 0 5]
                [1 1 2 1 1],
  "funcao_objetivo": 0.98078454058516344088871077134805172685456942520150,
  "confiabilidade_total": 0.98078454058516344088871077134805172685456942520150
  "peso": 117.5,
  "custo": 80.92
}
 
Individuo 26:
{
  "solucao": [0 0 5 0 4]
                [1 1 2 1 1],
  "funcao_objetivo": 0.98290492615928218046557516652192077648020746276356,
  "confiabilidade_total": 0.98290492615928218046557516652192077648020746276356
  "peso": 114.02,
  "custo": 82.99000000000001
}
 
Individuo 27:
{
  "solucao": [9 6 0 5 7]
                [2 1 1 1 1],
  "funcao_objetivo": 0.96393328839253684481108161725447627418214576225343,
  "confiabilidade_total": 0.96393328839253684481108161725447627418214576225343
  "peso": 105.99000000000001,
  "custo": 89.21000000000001
}
 
Individuo 28:
{
  "solucao": [2 0 9 7 8]
                [2 2 1 0 1],
  "funcao_objetivo": 0.98190295065315833193899851118373386173846024157804,
  "confiabilidade_total": 0.98190295065315833193899851118373386173846024157804
  "peso": 118.99,
  "custo": 82.34
}
 
Individuo 29:
{
  "solucao": [1 9 1 0 8]
                [1 1 1 2 1],
  "funcao_objetivo": 0.97752336386057650513152151576344601154696043606991,
  "confiabilidade_total": 0.97752336386057650513152151576344601154696043606991
  "peso": 109.73,
  "custo": 92.85999999999999
}
 
Individuo 30:
{
  "solucao": [2 6 2 7 8]
                [1 2 1 1 1],
  "funcao_objetivo": 0.97234065016797770670945401800661822842796005070441,
  "confiabilidade_total": 0.97234065016797770670945401800661822842796005070441
  "peso": 114.23,
  "custo": 71.91
}
 
Individuo 31:
{
  "solucao": [0 8 6 0 0]
                [1 2 1 1 1],
  "funcao_objetivo": 0.97647663138826734771285862793015764052301910703386,
  "confiabilidade_total": 0.97647663138826734771285862793015764052301910703386
  "peso": 109.99,
  "custo": 87.39999999999999
}
 
Individuo 32:
{
  "solucao": [0 6 2 1 9]
                [1 2 1 1 1],
  "funcao_objetivo": 0.97860173683793984360275934278943971880812558504781,
  "confiabilidade_total": 0.97860173683793984360275934278943971880812558504781
  "peso": 119.55000000000001,
  "custo": 82.88
}
 
Individuo 33:
{
  "solucao": [9 8 2 9 0]
                [1 1 2 1 1],
  "funcao_objetivo": 0.95978737373909193873856167045859561031683220645383,
  "confiabilidade_total": 0.95978737373909193873856167045859561031683220645383
  "peso": 117.13,
  "custo": 84.02
}
 
Individuo 34:
{
  "solucao": [5 9 1 0 2]
                [2 1 1 2 0],
  "funcao_objetivo": 0.97072305271084075926877984411160224362357345703375,
  "confiabilidade_total": 0.97072305271084075926877984411160224362357345703375
  "peso": 106.50999999999999,
  "custo": 85.38
}
 
Individuo 35:
{
  "solucao": [0 0 9 7 6]
                [2 1 1 1 1],
  "funcao_objetivo": 0.97585455419685100567514570345664705789748056295697,
  "confiabilidade_total": 0.97585455419685100567514570345664705789748056295697
  "peso": 113.39,
  "custo": 93.33000000000001
}
 
Individuo 36:
{
  "solucao": [6 7 0 0 8]
                [1 1 1 2 1],
  "funcao_objetivo": 0.97635635040280421425297988707744784672825517168882,
  "confiabilidade_total": 0.97635635040280421425297988707744784672825517168882
  "peso": 109.55999999999999,
  "custo": 88.88999999999999
}
 
Individuo 37:
{
  "solucao": [7 6 0 0 1]
                [1 1 2 1 0],
  "funcao_objetivo": 0.96243545079004426182833672269481350140745513214040,
  "confiabilidade_total": 0.96243545079004426182833672269481350140745513214040
  "peso": 94.98,
  "custo": 75.53999999999999
}
 
Individuo 38:
{
  "solucao": [1 6 0 4 9]
                [2 2 1 1 0],
  "funcao_objetivo": 0.98661669697291835239508509042892859285925686422520,
  "confiabilidade_total": 0.98878336363958506189670030823223390614143744174176
  "peso": 120.26,
  "custo": 84.38999999999999
}
 
Individuo 39:
{
  "solucao": [4 7 5 0 0]
                [1 1 2 1 1],
  "funcao_objetivo": 0.97476726481100159297230565648002094942355184837870,
  "confiabilidade_total": 0.97476726481100159297230565648002094942355184837870
  "peso": 107.89999999999999,
  "custo": 81.72
}
 
Individuo 40:
{
  "solucao": [5 0 9 8 7]
                [2 2 1 1 1],
  "funcao_objetivo": 0.99141973297291823568156517919517796398567089635354,
  "confiabilidade_total": 0.99141973297291823568156517919517796398567089635354
  "peso": 117.14,
  "custo": 98.82
}
 
Individuo 41:
{
  "solucao": [2 9 0 0 7]
                [1 1 1 2 1],
  "funcao_objetivo": 0.97960872408418669995130349395581527299053389771238,
  "confiabilidade_total": 0.97960872408418669995130349395581527299053389771238
  "peso": 116.1,
  "custo": 90.45
}
 
Individuo 42:
{
  "solucao": [7 0 0 8 7]
                [2 1 1 1 1],
  "funcao_objetivo": 0.97500813440584571610927198192186650349668427986145,
  "confiabilidade_total": 0.97500813440584571610927198192186650349668427986145
  "peso": 97.57000000000001,
  "custo": 90.09
}
 
Individuo 43:
{
  "solucao": [0 0 8 3 0]
                [2 1 1 1 1],
  "funcao_objetivo": 0.97921336221792644461287705434272190816673099314000,
  "confiabilidade_total": 0.97921336221792644461287705434272190816673099314000
  "peso": 117.80999999999999,
  "custo": 89.77
}
 
Individuo 44:
{
  "solucao": [0 5 0 0 6]
                [1 2 1 2 0],
  "funcao_objetivo": 0.98380100070977002079291881997981293652144011921606,
  "confiabilidade_total": 0.98380100070977002079291881997981293652144011921606
  "peso": 110.53999999999999,
  "custo": 85.06
}
 
Individuo 45:
{
  "solucao": [0 0 5 0 5]
                [1 1 1 1 1],
  "funcao_objetivo": 0.96566656957316008035358349975978640986223655960698,
  "confiabilidade_total": 0.96566656957316008035358349975978640986223655960698
  "peso": 90.27,
  "custo": 68.95
}
 
Individuo 46:
{
  "solucao": [0 0 5 1 6]
                [1 1 1 2 1],
  "funcao_objetivo": 0.97664279966386420889654672391748085613487892932162,
  "confiabilidade_total": 0.97664279966386420889654672391748085613487892932162
  "peso": 111.49,
  "custo": 84.4
}
 
Individuo 47:
{
  "solucao": [0 0 0 2 7]
                [2 1 1 1 1],
  "funcao_objetivo": 0.98177851395081378510329985863890183508141810501249,
  "confiabilidade_total": 0.98177851395081378510329985863890183508141810501249
  "peso": 117.96000000000001,
  "custo": 88.77
}
 
Individuo 48:
{
  "solucao": [0 8 8 3 9]
                [1 1 1 2 1],
  "funcao_objetivo": 0.97093673487554086995562400352968469539986879361741,
  "confiabilidade_total": 0.97093673487554086995562400352968469539986879361741
  "peso": 112.13999999999999,
  "custo": 84.56
}
 
Individuo 49:
{
  "solucao": [6 0 0 0 0]
                [1 1 1 1 1],
  "funcao_objetivo": 0.96709100429796802349533682603913263798078456174109,
  "confiabilidade_total": 0.96709100429796802349533682603913263798078456174109
  "peso": 101.1,
  "custo": 76.81
}
 
Individuo 50:
{
  "solucao": [0 0 8 9 5]
                [2 1 1 1 1],
  "funcao_objetivo": 0.97443991318386644190396537795917987544855809494774,
  "confiabilidade_total": 0.97443991318386644190396537795917987544855809494774
  "peso": 108.53,
  "custo": 89.78
}
 
-----------------------------------------
O algoritmo de evolução diferencial obteve em 10 geracoes o resultado para a funcao objetivo de 0.99141973297291823568156517919517796398567089635354
Com os seguintes valores para cada variavel de decisao:
T1: 5
Q1: 2
T2: 0
Q2: 2
T3: 9
Q3: 1
T4: 8
Q4: 1
T5: 7
Q5: 1


