POPULAÇÃO INICIAL:
Individuo 1:
{
  "solucao": [7 5 7 0 3]
                [2 1 1 2 1],
  "funcao_objetivo": 0.98851142115399362017452312307107276609829438104104,
  "confiabilidade_total": 0.98851142115399362017452312307107276609829438104104
  "peso": 119.87,
  "custo": 99.03
}
 
Individuo 2:
{
  "solucao": [5 6 1 7 3]
                [2 1 1 2 1],
  "funcao_objetivo": 0.98800758057471945759943220553270204940110372632789,
  "confiabilidade_total": 0.98800758057471945759943220553270204940110372632789
  "peso": 118.03,
  "custo": 89.4
}
 
Individuo 3:
{
  "solucao": [9 5 8 7 8]
                [2 2 1 1 1],
  "funcao_objetivo": 0.98715469879535842153012876199262275965705584572557,
  "confiabilidade_total": 0.98715469879535842153012876199262275965705584572557
  "peso": 109.59,
  "custo": 97.74
}
 
Individuo 4:
{
  "solucao": [8 9 8 2 7]
                [1 2 2 1 1],
  "funcao_objetivo": 0.98549759420883959594802733574192568223508435550575,
  "confiabilidade_total": 0.98549759420883959594802733574192568223508435550575
  "peso": 117.44000000000001,
  "custo": 99.96
}
 
Individuo 5:
{
  "solucao": [0 2 5 0 5]
                [2 1 1 1 1],
  "funcao_objetivo": 0.97939169416885719102641310451439255570790105307927,
  "confiabilidade_total": 0.97939169416885719102641310451439255570790105307927
  "peso": 113.0,
  "custo": 78.44
}
 
Individuo 6:
{
  "solucao": [2 0 7 2 1]
                [1 1 2 1 1],
  "funcao_objetivo": 0.97865807291684062189417045379890107152670063015230,
  "confiabilidade_total": 0.97865807291684062189417045379890107152670063015230
  "peso": 112.13,
  "custo": 79.52
}
 
Individuo 7:
{
  "solucao": [2 3 1 0 7]
                [1 1 2 1 1],
  "funcao_objetivo": 0.97854313506895451077649621870211774751033121769140,
  "confiabilidade_total": 0.97854313506895451077649621870211774751033121769140
  "peso": 115.5,
  "custo": 81.92
}
 
Individuo 8:
{
  "solucao": [8 0 7 8 4]
                [2 1 2 1 1],
  "funcao_objetivo": 0.97845511744503273585827603528251628680059127542821,
  "confiabilidade_total": 0.97845511744503273585827603528251628680059127542821
  "peso": 116.06,
  "custo": 99.88
}
 
Individuo 9:
{
  "solucao": [5 5 6 0 8]
                [3 1 1 1 1],
  "funcao_objetivo": 0.97593898462404917673822575569105669203776138783195,
  "confiabilidade_total": 0.97593898462404917673822575569105669203776138783195
  "peso": 113.78999999999999,
  "custo": 83.07
}
 
Individuo 10:
{
  "solucao": [3 8 5 0 8]
                [1 1 2 1 2],
  "funcao_objetivo": 0.97564572754574997085311823927069204544283600782491,
  "confiabilidade_total": 0.97564572754574997085311823927069204544283600782491
  "peso": 115.61999999999999,
  "custo": 88.76
}
 
Individuo 11:
{
  "solucao": [8 0 0 5 7]
                [1 1 1 2 1],
  "funcao_objetivo": 0.97510121798286635348890584945776887460499017776329,
  "confiabilidade_total": 0.97510121798286635348890584945776887460499017776329
  "peso": 98.73000000000002,
  "custo": 81.03
}
 
Individuo 12:
{
  "solucao": [1 5 4 7 8]
                [1 1 1 3 1],
  "funcao_objetivo": 0.97473633206262092795561602007284090476515377253785,
  "confiabilidade_total": 0.97473633206262092795561602007284090476515377253785
  "peso": 113.61,
  "custo": 96.97
}
 
Individuo 13:
{
  "solucao": [4 9 0 7 5]
                [1 1 1 2 1],
  "funcao_objetivo": 0.97384951415517409319485150085324333443699874990085,
  "confiabilidade_total": 0.97384951415517409319485150085324333443699874990085
  "peso": 105.46,
  "custo": 87.93
}
 
Individuo 14:
{
  "solucao": [7 4 2 1 0]
                [2 1 1 1 1],
  "funcao_objetivo": 0.97353557120220994226269495195796938337482629001133,
  "confiabilidade_total": 0.97353557120220994226269495195796938337482629001133
  "peso": 113.14999999999999,
  "custo": 84.07000000000001
}
 
Individuo 15:
{
  "solucao": [8 7 5 2 2]
                [1 1 3 1 1],
  "funcao_objetivo": 0.97273299731035290095620699612256308413537854655702,
  "confiabilidade_total": 0.97273299731035290095620699612256308413537854655702
  "peso": 118.38000000000001,
  "custo": 78.1
}
 
Individuo 16:
{
  "solucao": [8 5 3 8 8]
                [1 2 1 2 1],
  "funcao_objetivo": 0.97033984643712026317320353890262145499623346325764,
  "confiabilidade_total": 0.97033984643712026317320353890262145499623346325764
  "peso": 109.92999999999999,
  "custo": 86.0
}
 
Individuo 17:
{
  "solucao": [7 6 7 3 1]
                [1 1 3 1 1],
  "funcao_objetivo": 0.97013166652609817975920384740268917514581664626180,
  "confiabilidade_total": 0.97013166652609817975920384740268917514581664626180
  "peso": 116.87,
  "custo": 98.46
}
 
Individuo 18:
{
  "solucao": [4 0 3 5 5]
                [1 1 1 2 1],
  "funcao_objetivo": 0.96978730416799348699943757964022430787019516740051,
  "confiabilidade_total": 0.96978730416799348699943757964022430787019516740051
  "peso": 110.36,
  "custo": 73.06
}
 
Individuo 19:
{
  "solucao": [9 1 1 9 5]
                [2 1 1 1 1],
  "funcao_objetivo": 0.96847764048341190418470057551960467906899575185455,
  "confiabilidade_total": 0.96847764048341190418470057551960467906899575185455
  "peso": 106.16000000000001,
  "custo": 93.18
}
 
Individuo 20:
{
  "solucao": [5 5 7 8 8]
                [1 2 1 2 1],
  "funcao_objetivo": 0.96830185515753247904962236626003073823684667142377,
  "confiabilidade_total": 0.96830185515753247904962236626003073823684667142377
  "peso": 102.08,
  "custo": 85.82
}
 
Individuo 21:
{
  "solucao": [0 3 3 7 7]
                [2 1 1 1 1],
  "funcao_objetivo": 0.96819892909416197754052187528153301567069129752262,
  "confiabilidade_total": 0.96819892909416197754052187528153301567069129752262
  "peso": 113.14000000000001,
  "custo": 85.86000000000001
}
 
Individuo 22:
{
  "solucao": [7 4 5 7 9]
                [1 1 3 1 1],
  "funcao_objetivo": 0.96722792292993581378905830059250768707481987734946,
  "confiabilidade_total": 0.96722792292993581378905830059250768707481987734946
  "peso": 114.65,
  "custo": 92.44
}
 
Individuo 23:
{
  "solucao": [8 8 6 2 4]
                [1 1 2 1 1],
  "funcao_objetivo": 0.96696310315497920078777062820584140163301964023423,
  "confiabilidade_total": 0.96696310315497920078777062820584140163301964023423
  "peso": 115.68,
  "custo": 74.97
}
 
Individuo 24:
{
  "solucao": [5 5 6 5 2]
                [1 1 1 3 1],
  "funcao_objetivo": 0.96684599607258533755547823049136771813172811657034,
  "confiabilidade_total": 0.96684599607258533755547823049136771813172811657034
  "peso": 116.4,
  "custo": 73.41
}
 
Individuo 25:
{
  "solucao": [5 6 4 0 9]
                [1 1 1 2 1],
  "funcao_objetivo": 0.96677624217924732504442380054657937070807230480658,
  "confiabilidade_total": 0.96677624217924732504442380054657937070807230480658
  "peso": 117.44999999999999,
  "custo": 86.72999999999999
}
 
Individuo 26:
{
  "solucao": [7 1 8 5 0]
                [1 3 1 1 1],
  "funcao_objetivo": 0.96633648912333111078951333204219306552469477297049,
  "confiabilidade_total": 0.96633648912333111078951333204219306552469477297049
  "peso": 118.03,
  "custo": 98.86
}
 
Individuo 27:
{
  "solucao": [5 8 7 8 5]
                [1 1 1 2 3],
  "funcao_objetivo": 0.96506668452319058429650432776055902395221047952458,
  "confiabilidade_total": 0.96506668452319058429650432776055902395221047952458
  "peso": 116.81,
  "custo": 96.13
}
 
Individuo 28:
{
  "solucao": [9 5 3 0 5]
                [1 2 1 1 1],
  "funcao_objetivo": 0.96465262804394812313223071769620841382049656607086,
  "confiabilidade_total": 0.96465262804394812313223071769620841382049656607086
  "peso": 105.02000000000001,
  "custo": 76.81
}
 
Individuo 29:
{
  "solucao": [0 2 1 1 6]
                [1 1 1 1 1],
  "funcao_objetivo": 0.96462453555282865921834023010074802498082786596255,
  "confiabilidade_total": 0.96462453555282865921834023010074802498082786596255
  "peso": 99.22,
  "custo": 67.47
}
 
Individuo 30:
{
  "solucao": [7 5 6 8 5]
                [1 1 3 1 1],
  "funcao_objetivo": 0.96448056295045112584812543170798561231411778649646,
  "confiabilidade_total": 0.96448056295045112584812543170798561231411778649646
  "peso": 118.25,
  "custo": 85.92
}
 
Individuo 31:
{
  "solucao": [3 7 7 8 9]
                [1 2 1 1 1],
  "funcao_objetivo": 0.96362106913575618976524540925362403791843727327974,
  "confiabilidade_total": 0.96362106913575618976524540925362403791843727327974
  "peso": 97.59,
  "custo": 87.63999999999999
}
 
Individuo 32:
{
  "solucao": [2 5 3 8 2]
                [1 1 2 1 1],
  "funcao_objetivo": 0.96349456497529501721606548791100615775826503305177,
  "confiabilidade_total": 0.96349456497529501721606548791100615775826503305177
  "peso": 119.07,
  "custo": 66.60000000000001
}
 
Individuo 33:
{
  "solucao": [6 4 5 3 7]
                [1 2 1 1 1],
  "funcao_objetivo": 0.96315355418630164434398909264228305485359683886955,
  "confiabilidade_total": 0.96315355418630164434398909264228305485359683886955
  "peso": 118.55000000000001,
  "custo": 77.58
}
 
Individuo 34:
{
  "solucao": [5 2 8 4 6]
                [1 2 1 1 1],
  "funcao_objetivo": 0.96276346495393746391440672463119982896977876883659,
  "confiabilidade_total": 0.96276346495393746391440672463119982896977876883659
  "peso": 118.53999999999999,
  "custo": 69.05
}
 
Individuo 35:
{
  "solucao": [6 9 1 6 0]
                [2 1 1 1 1],
  "funcao_objetivo": 0.96189204121728188090286240270590308386222481709985,
  "confiabilidade_total": 0.96189204121728188090286240270590308386222481709985
  "peso": 116.84,
  "custo": 85.76
}
 
Individuo 36:
{
  "solucao": [2 8 9 6 5]
                [2 1 1 1 1],
  "funcao_objetivo": 0.96128037917291496945896552542023359462721296317232,
  "confiabilidade_total": 0.96128037917291496945896552542023359462721296317232
  "peso": 113.2,
  "custo": 72.8
}
 
Individuo 37:
{
  "solucao": [5 2 9 5 7]
                [1 1 1 2 1],
  "funcao_objetivo": 0.96000088418312302575982140579828235340531177665020,
  "confiabilidade_total": 0.96000088418312302575982140579828235340531177665020
  "peso": 99.48000000000002,
  "custo": 73.05000000000001
}
 
Individuo 38:
{
  "solucao": [7 5 1 0 8]
                [1 1 1 1 2],
  "funcao_objetivo": 0.95881611400128881991307508431187867171885697173098,
  "confiabilidade_total": 0.95881611400128881991307508431187867171885697173098
  "peso": 96.41,
  "custo": 82.71
}
 
Individuo 39:
{
  "solucao": [1 3 1 7 7]
                [1 1 1 1 2],
  "funcao_objetivo": 0.95669953079597211479238543813528234245049910833002,
  "confiabilidade_total": 0.95669953079597211479238543813528234245049910833002
  "peso": 100.8,
  "custo": 86.0
}
 
Individuo 40:
{
  "solucao": [5 1 2 4 6]
                [1 1 1 1 2],
  "funcao_objetivo": 0.95604804064524017703907616810112331377953572442966,
  "confiabilidade_total": 0.95604804064524017703907616810112331377953572442966
  "peso": 119.35,
  "custo": 73.33
}
 
Individuo 41:
{
  "solucao": [1 7 5 1 7]
                [1 1 1 1 2],
  "funcao_objetivo": 0.95564335300193229591850506032387850104340196575511,
  "confiabilidade_total": 0.95564335300193229591850506032387850104340196575511
  "peso": 93.38000000000001,
  "custo": 84.33
}
 
Individuo 42:
{
  "solucao": [7 0 6 5 5]
                [1 1 1 1 3],
  "funcao_objetivo": 0.95243553020103030451219519421845565591091973159790,
  "confiabilidade_total": 0.95243553020103030451219519421845565591091973159790
  "peso": 113.36,
  "custo": 84.56
}
 
Individuo 43:
{
  "solucao": [9 1 1 8 0]
                [1 1 1 1 1],
  "funcao_objetivo": 0.94972915962641471169522845562823836343155844944340,
  "confiabilidade_total": 0.94972915962641471169522845562823836343155844944340
  "peso": 89.46000000000001,
  "custo": 76.75
}
 
Individuo 44:
{
  "solucao": [8 2 9 1 5]
                [1 1 1 1 3],
  "funcao_objetivo": 0.94944207019933801665654330947077043986798057795025,
  "confiabilidade_total": 0.94944207019933801665654330947077043986798057795025
  "peso": 118.00999999999999,
  "custo": 86.31
}
 
Individuo 45:
{
  "solucao": [2 8 5 1 6]
                [1 1 1 1 1],
  "funcao_objetivo": 0.94853740016094265269511258672194392827204539149730,
  "confiabilidade_total": 0.94853740016094265269511258672194392827204539149730
  "peso": 90.16000000000001,
  "custo": 60.269999999999996
}
 
Individuo 46:
{
  "solucao": [7 5 2 7 7]
                [1 1 1 1 2],
  "funcao_objetivo": 0.94668167107477562723523253389618807456810671710369,
  "confiabilidade_total": 0.94668167107477562723523253389618807456810671710369
  "peso": 94.06,
  "custo": 79.16
}
 
Individuo 47:
{
  "solucao": [6 8 0 9 2]
                [1 1 1 1 1],
  "funcao_objetivo": 0.94355668931719643940654019877248957102990465499963,
  "confiabilidade_total": 0.94355668931719643940654019877248957102990465499963
  "peso": 96.01,
  "custo": 69.11
}
 
Individuo 48:
{
  "solucao": [4 6 5 3 1]
                [1 1 1 1 1],
  "funcao_objetivo": 0.94294649844965782853581224226798381015302908483861,
  "confiabilidade_total": 0.94294649844965782853581224226798381015302908483861
  "peso": 98.75,
  "custo": 63.45
}
 
Individuo 49:
{
  "solucao": [8 2 9 6 9]
                [1 1 1 1 2],
  "funcao_objetivo": 0.94264603734275899002545066760424703323774027695868,
  "confiabilidade_total": 0.94264603734275899002545066760424703323774027695868
  "peso": 112.56,
  "custo": 88.57999999999998
}
 
Individuo 50:
{
  "solucao": [8 3 6 9 3]
                [1 1 1 1 1],
  "funcao_objetivo": 0.93543175608661800553553980117963791934723160289140,
  "confiabilidade_total": 0.93543175608661800553553980117963791934723160289140
  "peso": 97.31,
  "custo": 67.47
}
 
 
GERACAO 1
Mutante 1:
[[9.  9.8 9.  8.8 6.4]
 [1.  2.  1.8 2.  1. ]]
 
Mutante 2:
[[5.6 5.2 8.2 3.8 0.2]
 [1.  1.  1.  1.  1.8]]
 
Mutante 3:
[[0.  4.4 2.6 1.6 9. ]
 [2.  1.  2.6 1.  1. ]]
 
Mutante 4:
[[6.6 4.2 7.2 5.4 9. ]
 [2.  2.  1.  1.8 1. ]]
 
Mutante 5:
[[6.4 3.8 6.  9.  0. ]
 [1.8 1.  1.  1.8 0.2]]
 
Mutante 6:
[[5.  5.  9.  9.  0. ]
 [1.  1.  2.6 3.  0.2]]
 
Mutante 7:
[[7.4 4.4 0.  0.8 7.4]
 [1.  1.  1.  2.8 1. ]]
 
Mutante 8:
[[0.8 4.4 5.  0.  2.6]
 [2.  1.  1.  0.2 1. ]]
 
Mutante 9:
[[8.8 4.8 0.  2.6 8.6]
 [1.  1.  2.6 2.  1. ]]
 
Mutante 10:
[[2.  6.6 4.6 3.2 0. ]
 [1.  0.2 3.  0.2 1. ]]
 
Mutante 11:
[[0.  0.  0.  0.  7.4]
 [1.  1.  1.  2.  1. ]]
 
Mutante 12:
[[0.  0.  7.4 2.4 3.4]
 [2.  2.6 1.  1.  1. ]]
 
Mutante 13:
[[1.8 1.2 9.  5.  9. ]
 [1.  1.  1.  2.  1. ]]
 
Mutante 14:
[[7.2 2.6 3.8 3.2 5.6]
 [0.2 1.2 1.  2.  2.6]]
 
Mutante 15:
[[4.8 1.4 1.2 8.2 2.2]
 [1.  0.2 1.  0.2 1.8]]
 
Mutante 16:
[[0.  7.  5.8 0.  3. ]
 [1.  1.  2.  1.8 1. ]]
 
Mutante 17:
[[0.  0.6 2.2 2.2 6.2]
 [2.  1.  1.  1.  0.2]]
 
Mutante 18:
[[3.4 6.4 9.  9.  9. ]
 [0.2 1.  1.  2.8 3. ]]
 
Mutante 19:
[[4.2 1.  4.6 9.  9.6]
 [1.  1.2 1.  2.8 1. ]]
 
Mutante 20:
[[5.2 8.  9.  0.  3.8]
 [1.8 2.  1.  1.  1. ]]
 
Mutante 21:
[[1.6 5.  4.8 1.2 9. ]
 [1.  2.  0.4 1.  1. ]]
 
Mutante 22:
[[2.6 1.2 7.2 2.4 9. ]
 [1.  2.  1.  1.8 1. ]]
 
Mutante 23:
[[3.4 5.4 0.  9.4 7.8]
 [1.  1.8 1.  1.  2. ]]
 
Mutante 24:
[[7.  2.4 2.6 0.6 9. ]
 [1.  1.  3.  1.  1. ]]
 
Mutante 25:
[[2.  9.  8.2 9.2 4.2]
 [2.  0.2 1.  1.8 2.6]]
 
Mutante 26:
[[2.8 9.  0.2 1.2 0. ]
 [2.  1.  1.  1.  1. ]]
 
Mutante 27:
[[1.  3.8 2.6 7.  3. ]
 [1.  2.6 1.  1.  0.4]]
 
Mutante 28:
[[6.8 7.2 1.8 0.  3.6]
 [0.2 1.  2.6 1.  1. ]]
 
Mutante 29:
[[2.6 7.  9.  0.  9. ]
 [0.2 1.8 1.8 1.  2. ]]
 
Mutante 30:
[[2.4 4.6 0.2 2.8 4.4]
 [0.2 1.  3.  0.2 1. ]]
 
Mutante 31:
[[4.8 0.  5.4 2.4 4. ]
 [2.8 0.2 2.  1.  1. ]]
 
Mutante 32:
[[8.6 0.  3.6 8.2 3.4]
 [1.  1.  0.2 1.  3. ]]
 
Mutante 33:
[[9.8 1.  3.2 4.6 9.6]
 [2.  2.  1.  1.8 1. ]]
 
Mutante 34:
[[0.  9.  1.  0.  7.6]
 [1.  1.  1.8 1.  1. ]]
 
Mutante 35:
[[4.  5.6 1.4 0.2 3.4]
 [0.2 1.  1.8 2.  1. ]]
 
Mutante 36:
[[8.2 3.4 0.  4.  0. ]
 [0.2 0.2 1.8 1.  1. ]]
 
Mutante 37:
[[2.4 6.8 3.4 0.  3.4]
 [2.  0.2 1.8 1.  1. ]]
 
Mutante 38:
[[0.  8.6 7.  6.4 9. ]
 [0.2 2.  1.  1.  1.8]]
 
Mutante 39:
[[6.8 5.6 1.6 9.  6.8]
 [0.2 1.  1.  0.2 1.8]]
 
Mutante 40:
[[8.2 0.  5.6 4.8 0. ]
 [1.8 2.  0.2 1.  0.2]]
 
Mutante 41:
[[1.4 3.4 3.2 4.2 2.4]
 [0.2 3.  0.2 1.  1.8]]
 
Mutante 42:
[[4.2 8.6 9.  0.  7.8]
 [2.6 1.  1.  1.  1.2]]
 
Mutante 43:
[[9.  2.6 1.4 0.  3.4]
 [1.  2.  1.  1.  1. ]]
 
Mutante 44:
[[1.  7.  7.4 0.  9. ]
 [0.2 1.  1.  1.  2. ]]
 
Mutante 45:
[[0.  5.4 0.  8.6 2.2]
 [0.2 0.2 1.  1.  2. ]]
 
Mutante 46:
[[5.6 8.2 9.6 0.  9.4]
 [1.  2.8 2.  1.  1. ]]
 
Mutante 47:
[[2.6 3.4 4.4 8.8 3.6]
 [0.2 1.  1.  1.  2. ]]
 
Mutante 48:
[[0.  9.  7.4 0.2 9. ]
 [0.2 1.  1.8 1.  2.8]]
 
Mutante 49:
[[3.4 0.  3.2 3.2 4.4]
 [1.  1.2 1.  1.  1.8]]
 
Mutante 50:
[[9.  1.  8.8 8.6 7.2]
 [2.  3.  1.  1.  1. ]]
 
-----------------------------------------
Número de avaliações até o momento: 50
Evoluido 1:
[[9 9 9 0 6]
 [1 1 1 2 1]]
 
Evoluido 2:
[[5 5 1 7 3]
 [1 1 1 1 1]]
 
Evoluido 3:
[[0 4 2 1 9]
 [2 2 2 1 1]]
 
Evoluido 4:
[[6 4 8 5 7]
 [2 2 1 1 1]]
 
Evoluido 5:
[[0 2 6 0 5]
 [1 1 1 1 0]]
 
Evoluido 6:
[[5 5 9 9 0]
 [1 1 2 3 1]]
 
Evoluido 7:
[[7 4 0 0 7]
 [1 1 1 2 1]]
 
Evoluido 8:
[[0 0 5 0 2]
 [2 1 1 0 1]]
 
Evoluido 9:
[[8 5 0 2 8]
 [1 1 2 2 1]]
 
Evoluido 10:
[[2 8 4 3 8]
 [1 0 3 0 1]]
 
Evoluido 11:
[[0 0 0 0 7]
 [1 1 1 2 1]]
 
Evoluido 12:
[[0 0 7 2 8]
 [2 1 1 1 1]]
 
Evoluido 13:
[[1 9 9 5 9]
 [1 1 1 2 1]]
 
Evoluido 14:
[[7 4 3 3 5]
 [0 1 1 2 2]]
 
Evoluido 15:
[[4 7 1 8 2]
 [1 1 3 1 1]]
 
Evoluido 16:
[[0 5 5 0 3]
 [1 2 2 2 1]]
 
Evoluido 17:
[[0 0 2 2 6]
 [2 1 1 1 1]]
 
Evoluido 18:
[[3 0 9 9 9]
 [1 1 1 2 3]]
 
Evoluido 19:
[[4 1 4 9 9]
 [1 1 1 1 1]]
 
Evoluido 20:
[[5 8 9 0 3]
 [1 2 1 1 1]]
 
Evoluido 21:
[[0 5 4 1 9]
 [1 2 1 1 1]]
 
Evoluido 22:
[[2 1 7 2 9]
 [1 2 1 1 1]]
 
Evoluido 23:
[[8 5 0 9 7]
 [1 1 1 1 2]]
 
Evoluido 24:
[[7 5 2 0 9]
 [1 1 3 1 1]]
 
Evoluido 25:
[[2 6 8 0 4]
 [2 0 1 2 2]]
 
Evoluido 26:
[[2 9 0 1 0]
 [2 1 1 1 1]]
 
Evoluido 27:
[[1 3 2 8 3]
 [1 1 1 1 0]]
 
Evoluido 28:
[[6 7 3 0 3]
 [0 1 2 1 1]]
 
Evoluido 29:
[[2 2 9 0 9]
 [0 1 1 1 2]]
 
Evoluido 30:
[[2 4 0 2 4]
 [0 1 3 1 1]]
 
Evoluido 31:
[[4 0 5 8 9]
 [2 0 2 1 1]]
 
Evoluido 32:
[[8 0 3 8 3]
 [1 1 0 1 3]]
 
Evoluido 33:
[[9 1 3 4 9]
 [2 2 1 1 1]]
 
Evoluido 34:
[[0 2 8 0 7]
 [1 1 1 1 1]]
 
Evoluido 35:
[[4 5 1 0 3]
 [0 1 1 1 1]]
 
Evoluido 36:
[[8 8 0 4 0]
 [0 0 1 1 1]]
 
Evoluido 37:
[[5 6 3 5 7]
 [2 1 1 2 1]]
 
Evoluido 38:
[[0 5 7 6 9]
 [0 2 1 1 1]]
 
Evoluido 39:
[[6 5 1 9 6]
 [0 1 1 0 1]]
 
Evoluido 40:
[[8 0 5 4 0]
 [1 2 1 1 2]]
 
Evoluido 41:
[[1 7 3 4 2]
 [1 3 0 1 1]]
 
Evoluido 42:
[[4 8 9 0 7]
 [2 1 1 1 1]]
 
Evoluido 43:
[[9 1 1 0 0]
 [1 2 1 1 1]]
 
Evoluido 44:
[[8 2 7 1 9]
 [0 1 1 1 2]]
 
Evoluido 45:
[[0 5 0 1 2]
 [0 0 1 1 2]]
 
Evoluido 46:
[[7 8 2 7 9]
 [1 2 2 1 1]]
 
Evoluido 47:
[[2 3 4 8 3]
 [1 1 1 1 2]]
 
Evoluido 48:
[[0 9 7 0 9]
 [0 1 1 1 2]]
 
Evoluido 49:
[[8 2 3 3 4]
 [1 1 1 1 1]]
 
Evoluido 50:
[[9 1 8 8 3]
 [2 3 1 1 1]]
 
-----------------------------------------
Individuo 1:
{
  "solucao": [7 5 7 0 3]
                [2 1 1 2 1],
  "funcao_objetivo": 0.98851142115399362017452312307107276609829438104104,
  "confiabilidade_total": 0.98851142115399362017452312307107276609829438104104
  "peso": 119.87,
  "custo": 99.03
}
 
Individuo 2:
{
  "solucao": [5 6 1 7 3]
                [2 1 1 2 1],
  "funcao_objetivo": 0.98800758057471945759943220553270204940110372632789,
  "confiabilidade_total": 0.98800758057471945759943220553270204940110372632789
  "peso": 118.03,
  "custo": 89.4
}
 
Individuo 3:
{
  "solucao": [9 5 8 7 8]
                [2 2 1 1 1],
  "funcao_objetivo": 0.98715469879535842153012876199262275965705584572557,
  "confiabilidade_total": 0.98715469879535842153012876199262275965705584572557
  "peso": 109.59,
  "custo": 97.74
}
 
Individuo 4:
{
  "solucao": [8 9 8 2 7]
                [1 2 2 1 1],
  "funcao_objetivo": 0.98549759420883959594802733574192568223508435550575,
  "confiabilidade_total": 0.98549759420883959594802733574192568223508435550575
  "peso": 117.44000000000001,
  "custo": 99.96
}
 
Individuo 5:
{
  "solucao": [0 2 5 0 5]
                [2 1 1 1 1],
  "funcao_objetivo": 0.97939169416885719102641310451439255570790105307927,
  "confiabilidade_total": 0.97939169416885719102641310451439255570790105307927
  "peso": 113.0,
  "custo": 78.44
}
 
Individuo 6:
{
  "solucao": [2 0 7 2 1]
                [1 1 2 1 1],
  "funcao_objetivo": 0.97865807291684062189417045379890107152670063015230,
  "confiabilidade_total": 0.97865807291684062189417045379890107152670063015230
  "peso": 112.13,
  "custo": 79.52
}
 
Individuo 7:
{
  "solucao": [2 3 1 0 7]
                [1 1 2 1 1],
  "funcao_objetivo": 0.97854313506895451077649621870211774751033121769140,
  "confiabilidade_total": 0.97854313506895451077649621870211774751033121769140
  "peso": 115.5,
  "custo": 81.92
}
 
Individuo 8:
{
  "solucao": [8 0 7 8 4]
                [2 1 2 1 1],
  "funcao_objetivo": 0.97845511744503273585827603528251628680059127542821,
  "confiabilidade_total": 0.97845511744503273585827603528251628680059127542821
  "peso": 116.06,
  "custo": 99.88
}
 
Individuo 9:
{
  "solucao": [5 5 6 0 8]
                [3 1 1 1 1],
  "funcao_objetivo": 0.97593898462404917673822575569105669203776138783195,
  "confiabilidade_total": 0.97593898462404917673822575569105669203776138783195
  "peso": 113.78999999999999,
  "custo": 83.07
}
 
Individuo 10:
{
  "solucao": [3 8 5 0 8]
                [1 1 2 1 2],
  "funcao_objetivo": 0.97564572754574997085311823927069204544283600782491,
  "confiabilidade_total": 0.97564572754574997085311823927069204544283600782491
  "peso": 115.61999999999999,
  "custo": 88.76
}
 
Individuo 11:
{
  "solucao": [0 0 0 0 7]
                [1 1 1 2 1],
  "funcao_objetivo": 0.98477878973321109443416353280836494571964904727312,
  "confiabilidade_total": 0.98477878973321109443416353280836494571964904727312
  "peso": 115.5,
  "custo": 95.39
}
 
Individuo 12:
{
  "solucao": [0 0 7 2 8]
                [2 1 1 1 1],
  "funcao_objetivo": 0.97994349562229598626893050680172644708328339243974,
  "confiabilidade_total": 0.97994349562229598626893050680172644708328339243974
  "peso": 112.27000000000001,
  "custo": 86.00999999999999
}
 
Individuo 13:
{
  "solucao": [4 9 0 7 5]
                [1 1 1 2 1],
  "funcao_objetivo": 0.97384951415517409319485150085324333443699874990085,
  "confiabilidade_total": 0.97384951415517409319485150085324333443699874990085
  "peso": 105.46,
  "custo": 87.93
}
 
Individuo 14:
{
  "solucao": [7 4 2 1 0]
                [2 1 1 1 1],
  "funcao_objetivo": 0.97353557120220994226269495195796938337482629001133,
  "confiabilidade_total": 0.97353557120220994226269495195796938337482629001133
  "peso": 113.14999999999999,
  "custo": 84.07000000000001
}
 
Individuo 15:
{
  "solucao": [8 7 5 2 2]
                [1 1 3 1 1],
  "funcao_objetivo": 0.97273299731035290095620699612256308413537854655702,
  "confiabilidade_total": 0.97273299731035290095620699612256308413537854655702
  "peso": 118.38000000000001,
  "custo": 78.1
}
 
Individuo 16:
{
  "solucao": [8 5 3 8 8]
                [1 2 1 2 1],
  "funcao_objetivo": 0.97033984643712026317320353890262145499623346325764,
  "confiabilidade_total": 0.97033984643712026317320353890262145499623346325764
  "peso": 109.92999999999999,
  "custo": 86.0
}
 
Individuo 17:
{
  "solucao": [7 6 7 3 1]
                [1 1 3 1 1],
  "funcao_objetivo": 0.97013166652609817975920384740268917514581664626180,
  "confiabilidade_total": 0.97013166652609817975920384740268917514581664626180
  "peso": 116.87,
  "custo": 98.46
}
 
Individuo 18:
{
  "solucao": [4 0 3 5 5]
                [1 1 1 2 1],
  "funcao_objetivo": 0.96978730416799348699943757964022430787019516740051,
  "confiabilidade_total": 0.96978730416799348699943757964022430787019516740051
  "peso": 110.36,
  "custo": 73.06
}
 
Individuo 19:
{
  "solucao": [9 1 1 9 5]
                [2 1 1 1 1],
  "funcao_objetivo": 0.96847764048341190418470057551960467906899575185455,
  "confiabilidade_total": 0.96847764048341190418470057551960467906899575185455
  "peso": 106.16000000000001,
  "custo": 93.18
}
 
Individuo 20:
{
  "solucao": [5 5 7 8 8]
                [1 2 1 2 1],
  "funcao_objetivo": 0.96830185515753247904962236626003073823684667142377,
  "confiabilidade_total": 0.96830185515753247904962236626003073823684667142377
  "peso": 102.08,
  "custo": 85.82
}
 
Individuo 21:
{
  "solucao": [0 5 4 1 9]
                [1 2 1 1 1],
  "funcao_objetivo": 0.97630534106819065247884836351368825604820361062546,
  "confiabilidade_total": 0.97630534106819065247884836351368825604820361062546
  "peso": 109.99000000000001,
  "custo": 83.31
}
 
Individuo 22:
{
  "solucao": [2 1 7 2 9]
                [1 2 1 1 1],
  "funcao_objetivo": 0.97096556337823740299970525473672358182199751332800,
  "confiabilidade_total": 0.97096556337823740299970525473672358182199751332800
  "peso": 114.22000000000001,
  "custo": 81.11
}
 
Individuo 23:
{
  "solucao": [8 8 6 2 4]
                [1 1 2 1 1],
  "funcao_objetivo": 0.96696310315497920078777062820584140163301964023423,
  "confiabilidade_total": 0.96696310315497920078777062820584140163301964023423
  "peso": 115.68,
  "custo": 74.97
}
 
Individuo 24:
{
  "solucao": [5 5 6 5 2]
                [1 1 1 3 1],
  "funcao_objetivo": 0.96684599607258533755547823049136771813172811657034,
  "confiabilidade_total": 0.96684599607258533755547823049136771813172811657034
  "peso": 116.4,
  "custo": 73.41
}
 
Individuo 25:
{
  "solucao": [5 6 4 0 9]
                [1 1 1 2 1],
  "funcao_objetivo": 0.96677624217924732504442380054657937070807230480658,
  "confiabilidade_total": 0.96677624217924732504442380054657937070807230480658
  "peso": 117.44999999999999,
  "custo": 86.72999999999999
}
 
Individuo 26:
{
  "solucao": [7 1 8 5 0]
                [1 3 1 1 1],
  "funcao_objetivo": 0.96633648912333111078951333204219306552469477297049,
  "confiabilidade_total": 0.96633648912333111078951333204219306552469477297049
  "peso": 118.03,
  "custo": 98.86
}
 
Individuo 27:
{
  "solucao": [5 8 7 8 5]
                [1 1 1 2 3],
  "funcao_objetivo": 0.96506668452319058429650432776055902395221047952458,
  "confiabilidade_total": 0.96506668452319058429650432776055902395221047952458
  "peso": 116.81,
  "custo": 96.13
}
 
Individuo 28:
{
  "solucao": [9 5 3 0 5]
                [1 2 1 1 1],
  "funcao_objetivo": 0.96465262804394812313223071769620841382049656607086,
  "confiabilidade_total": 0.96465262804394812313223071769620841382049656607086
  "peso": 105.02000000000001,
  "custo": 76.81
}
 
Individuo 29:
{
  "solucao": [0 2 1 1 6]
                [1 1 1 1 1],
  "funcao_objetivo": 0.96462453555282865921834023010074802498082786596255,
  "confiabilidade_total": 0.96462453555282865921834023010074802498082786596255
  "peso": 99.22,
  "custo": 67.47
}
 
Individuo 30:
{
  "solucao": [7 5 6 8 5]
                [1 1 3 1 1],
  "funcao_objetivo": 0.96448056295045112584812543170798561231411778649646,
  "confiabilidade_total": 0.96448056295045112584812543170798561231411778649646
  "peso": 118.25,
  "custo": 85.92
}
 
Individuo 31:
{
  "solucao": [3 7 7 8 9]
                [1 2 1 1 1],
  "funcao_objetivo": 0.96362106913575618976524540925362403791843727327974,
  "confiabilidade_total": 0.96362106913575618976524540925362403791843727327974
  "peso": 97.59,
  "custo": 87.63999999999999
}
 
Individuo 32:
{
  "solucao": [2 5 3 8 2]
                [1 1 2 1 1],
  "funcao_objetivo": 0.96349456497529501721606548791100615775826503305177,
  "confiabilidade_total": 0.96349456497529501721606548791100615775826503305177
  "peso": 119.07,
  "custo": 66.60000000000001
}
 
Individuo 33:
{
  "solucao": [6 4 5 3 7]
                [1 2 1 1 1],
  "funcao_objetivo": 0.96315355418630164434398909264228305485359683886955,
  "confiabilidade_total": 0.96315355418630164434398909264228305485359683886955
  "peso": 118.55000000000001,
  "custo": 77.58
}
 
Individuo 34:
{
  "solucao": [5 2 8 4 6]
                [1 2 1 1 1],
  "funcao_objetivo": 0.96276346495393746391440672463119982896977876883659,
  "confiabilidade_total": 0.96276346495393746391440672463119982896977876883659
  "peso": 118.53999999999999,
  "custo": 69.05
}
 
Individuo 35:
{
  "solucao": [6 9 1 6 0]
                [2 1 1 1 1],
  "funcao_objetivo": 0.96189204121728188090286240270590308386222481709985,
  "confiabilidade_total": 0.96189204121728188090286240270590308386222481709985
  "peso": 116.84,
  "custo": 85.76
}
 
Individuo 36:
{
  "solucao": [2 8 9 6 5]
                [2 1 1 1 1],
  "funcao_objetivo": 0.96128037917291496945896552542023359462721296317232,
  "confiabilidade_total": 0.96128037917291496945896552542023359462721296317232
  "peso": 113.2,
  "custo": 72.8
}
 
Individuo 37:
{
  "solucao": [5 6 3 5 7]
                [2 1 1 2 1],
  "funcao_objetivo": 0.98629531401381201849213283400808214287930261804256,
  "confiabilidade_total": 0.98629531401381201849213283400808214287930261804256
  "peso": 115.24000000000001,
  "custo": 80.43
}
 
Individuo 38:
{
  "solucao": [7 5 1 0 8]
                [1 1 1 1 2],
  "funcao_objetivo": 0.95881611400128881991307508431187867171885697173098,
  "confiabilidade_total": 0.95881611400128881991307508431187867171885697173098
  "peso": 96.41,
  "custo": 82.71
}
 
Individuo 39:
{
  "solucao": [1 3 1 7 7]
                [1 1 1 1 2],
  "funcao_objetivo": 0.95669953079597211479238543813528234245049910833002,
  "confiabilidade_total": 0.95669953079597211479238543813528234245049910833002
  "peso": 100.8,
  "custo": 86.0
}
 
Individuo 40:
{
  "solucao": [5 1 2 4 6]
                [1 1 1 1 2],
  "funcao_objetivo": 0.95604804064524017703907616810112331377953572442966,
  "confiabilidade_total": 0.95604804064524017703907616810112331377953572442966
  "peso": 119.35,
  "custo": 73.33
}
 
Individuo 41:
{
  "solucao": [1 7 5 1 7]
                [1 1 1 1 2],
  "funcao_objetivo": 0.95564335300193229591850506032387850104340196575511,
  "confiabilidade_total": 0.95564335300193229591850506032387850104340196575511
  "peso": 93.38000000000001,
  "custo": 84.33
}
 
Individuo 42:
{
  "solucao": [4 8 9 0 7]
                [2 1 1 1 1],
  "funcao_objetivo": 0.97064994453965299160248571020315544672097059412701,
  "confiabilidade_total": 0.97064994453965299160248571020315544672097059412701
  "peso": 114.91,
  "custo": 90.17
}
 
Individuo 43:
{
  "solucao": [9 1 1 0 0]
                [1 2 1 1 1],
  "funcao_objetivo": 0.97209760697534891949105115800448388845404928220972,
  "confiabilidade_total": 0.97209760697534891949105115800448388845404928220972
  "peso": 113.25,
  "custo": 94.26
}
 
Individuo 44:
{
  "solucao": [8 2 9 1 5]
                [1 1 1 1 3],
  "funcao_objetivo": 0.94944207019933801665654330947077043986798057795025,
  "confiabilidade_total": 0.94944207019933801665654330947077043986798057795025
  "peso": 118.00999999999999,
  "custo": 86.31
}
 
Individuo 45:
{
  "solucao": [2 8 5 1 6]
                [1 1 1 1 1],
  "funcao_objetivo": 0.94853740016094265269511258672194392827204539149730,
  "confiabilidade_total": 0.94853740016094265269511258672194392827204539149730
  "peso": 90.16000000000001,
  "custo": 60.269999999999996
}
 
Individuo 46:
{
  "solucao": [7 8 2 7 9]
                [1 2 2 1 1],
  "funcao_objetivo": 0.97487163218222970913437141647069183926452716540263,
  "confiabilidade_total": 0.98595496551556314714323225487920099220593293856547
  "peso": 121.33000000000001,
  "custo": 93.15
}
 
Individuo 47:
{
  "solucao": [6 8 0 9 2]
                [1 1 1 1 1],
  "funcao_objetivo": 0.94355668931719643940654019877248957102990465499963,
  "confiabilidade_total": 0.94355668931719643940654019877248957102990465499963
  "peso": 96.01,
  "custo": 69.11
}
 
Individuo 48:
{
  "solucao": [4 6 5 3 1]
                [1 1 1 1 1],
  "funcao_objetivo": 0.94294649844965782853581224226798381015302908483861,
  "confiabilidade_total": 0.94294649844965782853581224226798381015302908483861
  "peso": 98.75,
  "custo": 63.45
}
 
Individuo 49:
{
  "solucao": [8 2 3 3 4]
                [1 1 1 1 1],
  "funcao_objetivo": 0.94680040745355378852382581719634047097212066502377,
  "confiabilidade_total": 0.94680040745355378852382581719634047097212066502377
  "peso": 105.36,
  "custo": 60.839999999999996
}
 
Individuo 50:
{
  "solucao": [8 3 6 9 3]
                [1 1 1 1 1],
  "funcao_objetivo": 0.93543175608661800553553980117963791934723160289140,
  "confiabilidade_total": 0.93543175608661800553553980117963791934723160289140
  "peso": 97.31,
  "custo": 67.47
}
 
-----------------------------------------
GERACAO 2
Mutante 1:
[[0.  0.  5.8 2.6 6.8]
 [1.  1.8 1.  1.  0.2]]
 
Mutante 2:
[[5.  3.4 3.6 5.  0. ]
 [1.  0.2 1.8 3.  1. ]]
 
Mutante 3:
[[8.8 9.  1.  2.8 0.4]
 [1.8 1.  3.  1.  1. ]]
 
Mutante 4:
[[3.2 4.4 7.4 3.2 3.4]
 [2.  1.  1.  0.2 1. ]]
 
Mutante 5:
[[7.  9.  0.4 0.2 4. ]
 [2.  1.  0.2 1.  1. ]]
 
Mutante 6:
[[8.6 0.  9.  4.2 4.8]
 [1.  3.  1.  1.8 1. ]]
 
Mutante 7:
[[5.8 9.  2.4 0.  9. ]
 [1.  1.  1.8 2.  1. ]]
 
Mutante 8:
[[0.  8.  4.2 0.  9.6]
 [1.  1.  1.2 1.  2. ]]
 
Mutante 9:
[[0.  1.2 5.  0.  6.6]
 [2.8 1.  1.  1.8 1. ]]
 
Mutante 10:
[[0.  1.2 3.4 0.  9. ]
 [0.2 1.8 1.  0.2 1. ]]
 
Mutante 11:
[[6.2 8.  0.  2.4 5.6]
 [0.2 1.  2.  1.  2. ]]
 
Mutante 12:
[[0.  1.2 0.2 0.  6.8]
 [1.  1.  1.8 1.  1. ]]
 
Mutante 13:
[[4.8 0.  8.6 7.2 5.6]
 [2.  1.  2.  1.  1. ]]
 
Mutante 14:
[[5.6 9.  9.  6.  9. ]
 [1.  2.8 2.  1.8 1. ]]
 
Mutante 15:
[[0.  0.  5.4 2.8 5.6]
 [1.2 0.2 2.6 1.  1. ]]
 
Mutante 16:
[[4.8 0.  9.4 9.  1.6]
 [2.  0.2 2.  2.6 1. ]]
 
Mutante 17:
[[9.4 9.  1.  4.8 9. ]
 [1.  1.8 0.2 1.8 2. ]]
 
Mutante 18:
[[9.  9.6 6.  5.4 5. ]
 [1.  2.  2.  2.6 0.2]]
 
Mutante 19:
[[3.8 8.  0.  0.8 5.6]
 [1.  1.  2.  0.2 0.4]]
 
Mutante 20:
[[5.  5.2 7.2 0.  5.2]
 [1.  2.  2.6 1.  1. ]]
 
Mutante 21:
[[0.  4.2 2.4 1.4 1.8]
 [1.8 0.2 0.2 2.  1. ]]
 
Mutante 22:
[[7.4 9.8 9.2 3.4 0. ]
 [1.  1.  2.6 2.2 1. ]]
 
Mutante 23:
[[8.2 5.8 2.8 9.  0. ]
 [1.8 1.  1.  3.  1. ]]
 
Mutante 24:
[[9.  0.  1.4 3.2 3.4]
 [1.  2.  1.  1.8 0.2]]
 
Mutante 25:
[[9.  3.4 6.8 9.  2.8]
 [1.  1.  1.  0.2 2. ]]
 
Mutante 26:
[[1.  1.  0.4 0.8 9. ]
 [1.  1.8 1.  1.  2. ]]
 
Mutante 27:
[[2.  1.6 9.  6.8 1. ]
 [2.  1.  1.8 1.  1. ]]
 
Mutante 28:
[[3.8 5.  9.  0.  3.2]
 [1.8 3.  1.  1.  1. ]]
 
Mutante 29:
[[6.6 5.  0.  7.2 4. ]
 [2.2 1.  1.  1.  1. ]]
 
Mutante 30:
[[2.8 8.  8.2 1.  5.2]
 [1.8 1.  0.2 1.  0.2]]
 
Mutante 31:
[[9.  5.  5.  1.6 4.8]
 [1.  1.  1.  1.  1.2]]
 
Mutante 32:
[[4.4 3.2 6.2 0.  0. ]
 [1.8 1.  2.  0.2 1. ]]
 
Mutante 33:
[[9.  0.  4.6 5.6 3.4]
 [1.8 2.  1.8 1.  1. ]]
 
Mutante 34:
[[6.  4.2 5.4 9.  7.6]
 [1.8 1.8 2.  1.  1. ]]
 
Mutante 35:
[[5.4 9.  4.2 1.6 9. ]
 [1.  1.8 2.8 0.2 2. ]]
 
Mutante 36:
[[2.4 9.  0.  3.8 0. ]
 [0.2 1.  0.2 1.  1. ]]
 
Mutante 37:
[[9.  9.  6.8 9.  2.2]
 [0.2 1.8 1.8 1.  1. ]]
 
Mutante 38:
[[9.  2.4 8.6 6.4 4. ]
 [2.8 1.  2.  1.8 0.2]]
 
Mutante 39:
[[5.6 8.2 0.  9.  6.4]
 [1.8 2.  1.  2.8 1. ]]
 
Mutante 40:
[[6.6 5.8 6.4 6.2 4. ]
 [2.8 1.2 1.  1.  1. ]]
 
Mutante 41:
[[4.4 8.8 5.8 2.6 3.6]
 [1.  1.  1.  1.  1. ]]
 
Mutante 42:
[[4.2 2.6 4.2 9.  8.2]
 [2.  1.  1.  1.  1. ]]
 
Mutante 43:
[[4.6 6.6 8.4 9.6 5.8]
 [0.2 1.  3.  1.  1. ]]
 
Mutante 44:
[[2.4 5.2 5.  3.8 0.2]
 [1.  1.  0.2 1.  1. ]]
 
Mutante 45:
[[5.4 8.2 5.4 0.  4.6]
 [2.  1.  1.  3.  1. ]]
 
Mutante 46:
[[0.  7.4 4.6 9.  3.6]
 [1.  1.  2.  0.2 1. ]]
 
Mutante 47:
[[3.  3.4 8.  3.4 0. ]
 [1.  2.2 1.  1.  1.8]]
 
Mutante 48:
[[5.8 7.6 0.  9.  5.4]
 [2.  1.  1.  2.  1. ]]
 
Mutante 49:
[[9.8 7.4 3.8 0.  9.8]
 [1.  2.8 0.2 1.  1. ]]
 
Mutante 50:
[[5.8 9.  5.4 5.6 9. ]
 [1.  0.4 1.8 2.  1. ]]
 
-----------------------------------------
Número de avaliações até o momento: 100
Evoluido 1:
[[0 0 5 0 6]
 [2 1 1 1 0]]
 
Evoluido 2:
[[5 6 1 5 3]
 [1 0 1 3 1]]
 
Evoluido 3:
[[9 9 1 2 0]
 [2 1 1 1 1]]
 
Evoluido 4:
[[8 4 7 2 7]
 [2 1 2 0 1]]
 
Evoluido 5:
[[7 9 5 0 4]
 [2 1 0 1 1]]
 
Evoluido 6:
[[8 0 9 4 1]
 [1 3 1 1 1]]
 
Evoluido 7:
[[5 3 2 0 9]
 [1 1 1 2 1]]
 
Evoluido 8:
[[8 0 7 0 9]
 [1 1 1 1 1]]
 
Evoluido 9:
[[5 5 6 0 6]
 [2 1 1 1 1]]
 
Evoluido 10:
[[0 1 5 0 9]
 [0 1 2 0 1]]
 
Evoluido 11:
[[0 8 0 0 5]
 [0 1 2 2 1]]
 
Evoluido 12:
[[0 1 7 2 8]
 [1 1 1 1 1]]
 
Evoluido 13:
[[4 0 8 7 5]
 [2 1 1 1 1]]
 
Evoluido 14:
[[7 4 9 6 9]
 [1 1 2 1 1]]
 
Evoluido 15:
[[0 0 5 2 5]
 [1 0 2 1 1]]
 
Evoluido 16:
[[4 0 9 8 1]
 [2 2 2 2 1]]
 
Evoluido 17:
[[9 9 1 4 1]
 [1 1 3 1 2]]
 
Evoluido 18:
[[9 9 6 5 5]
 [1 2 2 2 0]]
 
Evoluido 19:
[[9 8 0 0 5]
 [2 1 2 0 0]]
 
Evoluido 20:
[[5 5 7 8 5]
 [1 2 1 1 1]]
 
Evoluido 21:
[[0 4 2 1 1]
 [1 0 0 2 1]]
 
Evoluido 22:
[[7 1 9 3 0]
 [1 1 2 2 1]]
 
Evoluido 23:
[[8 5 2 9 4]
 [1 1 2 3 1]]
 
Evoluido 24:
[[9 0 1 5 2]
 [1 1 1 1 0]]
 
Evoluido 25:
[[5 3 6 9 2]
 [1 1 1 0 2]]
 
Evoluido 26:
[[1 1 0 0 9]
 [1 1 1 1 1]]
 
Evoluido 27:
[[2 8 9 6 1]
 [2 1 1 1 1]]
 
Evoluido 28:
[[3 5 3 0 3]
 [1 2 1 1 1]]
 
Evoluido 29:
[[0 5 0 1 4]
 [2 1 1 1 1]]
 
Evoluido 30:
[[2 8 8 1 5]
 [1 1 0 1 0]]
 
Evoluido 31:
[[3 7 5 1 4]
 [1 2 1 1 1]]
 
Evoluido 32:
[[4 3 3 0 0]
 [1 1 2 1 1]]
 
Evoluido 33:
[[6 0 5 5 3]
 [1 2 1 1 1]]
 
Evoluido 34:
[[6 4 5 9 7]
 [1 1 1 1 1]]
 
Evoluido 35:
[[5 9 4 1 0]
 [1 1 2 0 2]]
 
Evoluido 36:
[[2 9 9 3 0]
 [0 1 0 1 1]]
 
Evoluido 37:
[[5 9 3 9 2]
 [0 1 1 1 1]]
 
Evoluido 38:
[[9 2 8 0 4]
 [2 1 2 1 0]]
 
Evoluido 39:
[[5 8 0 9 7]
 [1 2 1 1 1]]
 
Evoluido 40:
[[6 5 6 6 4]
 [2 1 1 1 2]]
 
Evoluido 41:
[[4 7 5 2 7]
 [1 1 1 1 1]]
 
Evoluido 42:
[[4 8 4 9 7]
 [2 1 1 1 1]]
 
Evoluido 43:
[[4 6 1 9 5]
 [0 2 3 1 1]]
 
Evoluido 44:
[[8 2 5 3 0]
 [1 1 0 1 1]]
 
Evoluido 45:
[[5 8 5 0 4]
 [2 1 1 3 1]]
 
Evoluido 46:
[[0 7 2 9 3]
 [1 1 2 0 1]]
 
Evoluido 47:
[[3 3 0 3 2]
 [1 2 1 1 1]]
 
Evoluido 48:
[[5 6 5 9 5]
 [2 1 1 1 1]]
 
Evoluido 49:
[[9 7 3 0 4]
 [1 1 0 1 1]]
 
Evoluido 50:
[[5 9 6 5 3]
 [1 0 1 1 1]]
 
-----------------------------------------
Individuo 1:
{
  "solucao": [7 5 7 0 3]
                [2 1 1 2 1],
  "funcao_objetivo": 0.98851142115399362017452312307107276609829438104104,
  "confiabilidade_total": 0.98851142115399362017452312307107276609829438104104
  "peso": 119.87,
  "custo": 99.03
}
 
Individuo 2:
{
  "solucao": [5 6 1 7 3]
                [2 1 1 2 1],
  "funcao_objetivo": 0.98800758057471945759943220553270204940110372632789,
  "confiabilidade_total": 0.98800758057471945759943220553270204940110372632789
  "peso": 118.03,
  "custo": 89.4
}
 
Individuo 3:
{
  "solucao": [9 5 8 7 8]
                [2 2 1 1 1],
  "funcao_objetivo": 0.98715469879535842153012876199262275965705584572557,
  "confiabilidade_total": 0.98715469879535842153012876199262275965705584572557
  "peso": 109.59,
  "custo": 97.74
}
 
Individuo 4:
{
  "solucao": [8 9 8 2 7]
                [1 2 2 1 1],
  "funcao_objetivo": 0.98549759420883959594802733574192568223508435550575,
  "confiabilidade_total": 0.98549759420883959594802733574192568223508435550575
  "peso": 117.44000000000001,
  "custo": 99.96
}
 
Individuo 5:
{
  "solucao": [0 2 5 0 5]
                [2 1 1 1 1],
  "funcao_objetivo": 0.97939169416885719102641310451439255570790105307927,
  "confiabilidade_total": 0.97939169416885719102641310451439255570790105307927
  "peso": 113.0,
  "custo": 78.44
}
 
Individuo 6:
{
  "solucao": [2 0 7 2 1]
                [1 1 2 1 1],
  "funcao_objetivo": 0.97865807291684062189417045379890107152670063015230,
  "confiabilidade_total": 0.97865807291684062189417045379890107152670063015230
  "peso": 112.13,
  "custo": 79.52
}
 
Individuo 7:
{
  "solucao": [2 3 1 0 7]
                [1 1 2 1 1],
  "funcao_objetivo": 0.97854313506895451077649621870211774751033121769140,
  "confiabilidade_total": 0.97854313506895451077649621870211774751033121769140
  "peso": 115.5,
  "custo": 81.92
}
 
Individuo 8:
{
  "solucao": [8 0 7 8 4]
                [2 1 2 1 1],
  "funcao_objetivo": 0.97845511744503273585827603528251628680059127542821,
  "confiabilidade_total": 0.97845511744503273585827603528251628680059127542821
  "peso": 116.06,
  "custo": 99.88
}
 
Individuo 9:
{
  "solucao": [5 5 6 0 8]
                [3 1 1 1 1],
  "funcao_objetivo": 0.97593898462404917673822575569105669203776138783195,
  "confiabilidade_total": 0.97593898462404917673822575569105669203776138783195
  "peso": 113.78999999999999,
  "custo": 83.07
}
 
Individuo 10:
{
  "solucao": [3 8 5 0 8]
                [1 1 2 1 2],
  "funcao_objetivo": 0.97564572754574997085311823927069204544283600782491,
  "confiabilidade_total": 0.97564572754574997085311823927069204544283600782491
  "peso": 115.61999999999999,
  "custo": 88.76
}
 
Individuo 11:
{
  "solucao": [0 0 0 0 7]
                [1 1 1 2 1],
  "funcao_objetivo": 0.98477878973321109443416353280836494571964904727312,
  "confiabilidade_total": 0.98477878973321109443416353280836494571964904727312
  "peso": 115.5,
  "custo": 95.39
}
 
Individuo 12:
{
  "solucao": [0 0 7 2 8]
                [2 1 1 1 1],
  "funcao_objetivo": 0.97994349562229598626893050680172644708328339243974,
  "confiabilidade_total": 0.97994349562229598626893050680172644708328339243974
  "peso": 112.27000000000001,
  "custo": 86.00999999999999
}
 
Individuo 13:
{
  "solucao": [4 9 0 7 5]
                [1 1 1 2 1],
  "funcao_objetivo": 0.97384951415517409319485150085324333443699874990085,
  "confiabilidade_total": 0.97384951415517409319485150085324333443699874990085
  "peso": 105.46,
  "custo": 87.93
}
 
Individuo 14:
{
  "solucao": [7 4 2 1 0]
                [2 1 1 1 1],
  "funcao_objetivo": 0.97353557120220994226269495195796938337482629001133,
  "confiabilidade_total": 0.97353557120220994226269495195796938337482629001133
  "peso": 113.14999999999999,
  "custo": 84.07000000000001
}
 
Individuo 15:
{
  "solucao": [8 7 5 2 2]
                [1 1 3 1 1],
  "funcao_objetivo": 0.97273299731035290095620699612256308413537854655702,
  "confiabilidade_total": 0.97273299731035290095620699612256308413537854655702
  "peso": 118.38000000000001,
  "custo": 78.1
}
 
Individuo 16:
{
  "solucao": [8 5 3 8 8]
                [1 2 1 2 1],
  "funcao_objetivo": 0.97033984643712026317320353890262145499623346325764,
  "confiabilidade_total": 0.97033984643712026317320353890262145499623346325764
  "peso": 109.92999999999999,
  "custo": 86.0
}
 
Individuo 17:
{
  "solucao": [7 6 7 3 1]
                [1 1 3 1 1],
  "funcao_objetivo": 0.97013166652609817975920384740268917514581664626180,
  "confiabilidade_total": 0.97013166652609817975920384740268917514581664626180
  "peso": 116.87,
  "custo": 98.46
}
 
Individuo 18:
{
  "solucao": [4 0 3 5 5]
                [1 1 1 2 1],
  "funcao_objetivo": 0.96978730416799348699943757964022430787019516740051,
  "confiabilidade_total": 0.96978730416799348699943757964022430787019516740051
  "peso": 110.36,
  "custo": 73.06
}
 
Individuo 19:
{
  "solucao": [9 1 1 9 5]
                [2 1 1 1 1],
  "funcao_objetivo": 0.96847764048341190418470057551960467906899575185455,
  "confiabilidade_total": 0.96847764048341190418470057551960467906899575185455
  "peso": 106.16000000000001,
  "custo": 93.18
}
 
Individuo 20:
{
  "solucao": [5 5 7 8 8]
                [1 2 1 2 1],
  "funcao_objetivo": 0.96830185515753247904962236626003073823684667142377,
  "confiabilidade_total": 0.96830185515753247904962236626003073823684667142377
  "peso": 102.08,
  "custo": 85.82
}
 
Individuo 21:
{
  "solucao": [0 5 4 1 9]
                [1 2 1 1 1],
  "funcao_objetivo": 0.97630534106819065247884836351368825604820361062546,
  "confiabilidade_total": 0.97630534106819065247884836351368825604820361062546
  "peso": 109.99000000000001,
  "custo": 83.31
}
 
Individuo 22:
{
  "solucao": [2 1 7 2 9]
                [1 2 1 1 1],
  "funcao_objetivo": 0.97096556337823740299970525473672358182199751332800,
  "confiabilidade_total": 0.97096556337823740299970525473672358182199751332800
  "peso": 114.22000000000001,
  "custo": 81.11
}
 
Individuo 23:
{
  "solucao": [8 8 6 2 4]
                [1 1 2 1 1],
  "funcao_objetivo": 0.96696310315497920078777062820584140163301964023423,
  "confiabilidade_total": 0.96696310315497920078777062820584140163301964023423
  "peso": 115.68,
  "custo": 74.97
}
 
Individuo 24:
{
  "solucao": [5 5 6 5 2]
                [1 1 1 3 1],
  "funcao_objetivo": 0.96684599607258533755547823049136771813172811657034,
  "confiabilidade_total": 0.96684599607258533755547823049136771813172811657034
  "peso": 116.4,
  "custo": 73.41
}
 
Individuo 25:
{
  "solucao": [5 6 4 0 9]
                [1 1 1 2 1],
  "funcao_objetivo": 0.96677624217924732504442380054657937070807230480658,
  "confiabilidade_total": 0.96677624217924732504442380054657937070807230480658
  "peso": 117.44999999999999,
  "custo": 86.72999999999999
}
 
Individuo 26:
{
  "solucao": [1 1 0 0 9]
                [1 1 1 1 1],
  "funcao_objetivo": 0.96813271519996436464136381873049647621501337594850,
  "confiabilidade_total": 0.96813271519996436464136381873049647621501337594850
  "peso": 95.14999999999999,
  "custo": 79.50999999999999
}
 
Individuo 27:
{
  "solucao": [5 8 7 8 5]
                [1 1 1 2 3],
  "funcao_objetivo": 0.96506668452319058429650432776055902395221047952458,
  "confiabilidade_total": 0.96506668452319058429650432776055902395221047952458
  "peso": 116.81,
  "custo": 96.13
}
 
Individuo 28:
{
  "solucao": [3 5 3 0 3]
                [1 2 1 1 1],
  "funcao_objetivo": 0.97072185583703159756492679142765111022040167773322,
  "confiabilidade_total": 0.97072185583703159756492679142765111022040167773322
  "peso": 116.17999999999998,
  "custo": 72.67
}
 
Individuo 29:
{
  "solucao": [0 5 0 1 4]
                [2 1 1 1 1],
  "funcao_objetivo": 0.97423161365886395658813730973771147056185022994131,
  "confiabilidade_total": 0.97423161365886395658813730973771147056185022994131
  "peso": 117.38999999999999,
  "custo": 87.43
}
 
Individuo 30:
{
  "solucao": [7 5 6 8 5]
                [1 1 3 1 1],
  "funcao_objetivo": 0.96448056295045112584812543170798561231411778649646,
  "confiabilidade_total": 0.96448056295045112584812543170798561231411778649646
  "peso": 118.25,
  "custo": 85.92
}
 
Individuo 31:
{
  "solucao": [3 7 5 1 4]
                [1 2 1 1 1],
  "funcao_objetivo": 0.96709488098386944667963264357638518601481884305961,
  "confiabilidade_total": 0.96709488098386944667963264357638518601481884305961
  "peso": 107.03,
  "custo": 80.75999999999999
}
 
Individuo 32:
{
  "solucao": [2 5 3 8 2]
                [1 1 2 1 1],
  "funcao_objetivo": 0.96349456497529501721606548791100615775826503305177,
  "confiabilidade_total": 0.96349456497529501721606548791100615775826503305177
  "peso": 119.07,
  "custo": 66.60000000000001
}
 
Individuo 33:
{
  "solucao": [6 0 5 5 3]
                [1 2 1 1 1],
  "funcao_objetivo": 0.96517978637025234413010057425337970810456063141412,
  "confiabilidade_total": 0.96517978637025234413010057425337970810456063141412
  "peso": 112.17000000000002,
  "custo": 77.19
}
 
Individuo 34:
{
  "solucao": [5 2 8 4 6]
                [1 2 1 1 1],
  "funcao_objetivo": 0.96276346495393746391440672463119982896977876883659,
  "confiabilidade_total": 0.96276346495393746391440672463119982896977876883659
  "peso": 118.53999999999999,
  "custo": 69.05
}
 
Individuo 35:
{
  "solucao": [6 9 1 6 0]
                [2 1 1 1 1],
  "funcao_objetivo": 0.96189204121728188090286240270590308386222481709985,
  "confiabilidade_total": 0.96189204121728188090286240270590308386222481709985
  "peso": 116.84,
  "custo": 85.76
}
 
Individuo 36:
{
  "solucao": [2 8 9 6 5]
                [2 1 1 1 1],
  "funcao_objetivo": 0.96128037917291496945896552542023359462721296317232,
  "confiabilidade_total": 0.96128037917291496945896552542023359462721296317232
  "peso": 113.2,
  "custo": 72.8
}
 
Individuo 37:
{
  "solucao": [5 6 3 5 7]
                [2 1 1 2 1],
  "funcao_objetivo": 0.98629531401381201849213283400808214287930261804256,
  "confiabilidade_total": 0.98629531401381201849213283400808214287930261804256
  "peso": 115.24000000000001,
  "custo": 80.43
}
 
Individuo 38:
{
  "solucao": [9 2 8 0 4]
                [2 1 2 1 0],
  "funcao_objetivo": 0.97698764868104795423031166775806316682312621767288,
  "confiabilidade_total": 0.97698764868104795423031166775806316682312621767288
  "peso": 108.97999999999999,
  "custo": 87.88
}
 
Individuo 39:
{
  "solucao": [5 8 0 9 7]
                [1 2 1 1 1],
  "funcao_objetivo": 0.97040191140456736934111163382094340995424627807850,
  "confiabilidade_total": 0.97040191140456736934111163382094340995424627807850
  "peso": 96.72,
  "custo": 85.75
}
 
Individuo 40:
{
  "solucao": [5 1 2 4 6]
                [1 1 1 1 2],
  "funcao_objetivo": 0.95604804064524017703907616810112331377953572442966,
  "confiabilidade_total": 0.95604804064524017703907616810112331377953572442966
  "peso": 119.35,
  "custo": 73.33
}
 
Individuo 41:
{
  "solucao": [1 7 5 1 7]
                [1 1 1 1 2],
  "funcao_objetivo": 0.95564335300193229591850506032387850104340196575511,
  "confiabilidade_total": 0.95564335300193229591850506032387850104340196575511
  "peso": 93.38000000000001,
  "custo": 84.33
}
 
Individuo 42:
{
  "solucao": [4 8 9 0 7]
                [2 1 1 1 1],
  "funcao_objetivo": 0.97064994453965299160248571020315544672097059412701,
  "confiabilidade_total": 0.97064994453965299160248571020315544672097059412701
  "peso": 114.91,
  "custo": 90.17
}
 
Individuo 43:
{
  "solucao": [9 1 1 0 0]
                [1 2 1 1 1],
  "funcao_objetivo": 0.97209760697534891949105115800448388845404928220972,
  "confiabilidade_total": 0.97209760697534891949105115800448388845404928220972
  "peso": 113.25,
  "custo": 94.26
}
 
Individuo 44:
{
  "solucao": [8 2 9 1 5]
                [1 1 1 1 3],
  "funcao_objetivo": 0.94944207019933801665654330947077043986798057795025,
  "confiabilidade_total": 0.94944207019933801665654330947077043986798057795025
  "peso": 118.00999999999999,
  "custo": 86.31
}
 
Individuo 45:
{
  "solucao": [2 8 5 1 6]
                [1 1 1 1 1],
  "funcao_objetivo": 0.94853740016094265269511258672194392827204539149730,
  "confiabilidade_total": 0.94853740016094265269511258672194392827204539149730
  "peso": 90.16000000000001,
  "custo": 60.269999999999996
}
 
Individuo 46:
{
  "solucao": [7 8 2 7 9]
                [1 2 2 1 1],
  "funcao_objetivo": 0.97487163218222970913437141647069183926452716540263,
  "confiabilidade_total": 0.98595496551556314714323225487920099220593293856547
  "peso": 121.33000000000001,
  "custo": 93.15
}
 
Individuo 47:
{
  "solucao": [6 8 0 9 2]
                [1 1 1 1 1],
  "funcao_objetivo": 0.94355668931719643940654019877248957102990465499963,
  "confiabilidade_total": 0.94355668931719643940654019877248957102990465499963
  "peso": 96.01,
  "custo": 69.11
}
 
Individuo 48:
{
  "solucao": [5 6 5 9 5]
                [2 1 1 1 1],
  "funcao_objetivo": 0.95868655950040644637031688644694119794981900231139,
  "confiabilidade_total": 0.95868655950040644637031688644694119794981900231139
  "peso": 97.35000000000001,
  "custo": 71.4
}
 
Individuo 49:
{
  "solucao": [8 2 3 3 4]
                [1 1 1 1 1],
  "funcao_objetivo": 0.94680040745355378852382581719634047097212066502377,
  "confiabilidade_total": 0.94680040745355378852382581719634047097212066502377
  "peso": 105.36,
  "custo": 60.839999999999996
}
 
Individuo 50:
{
  "solucao": [8 3 6 9 3]
                [1 1 1 1 1],
  "funcao_objetivo": 0.93543175608661800553553980117963791934723160289140,
  "confiabilidade_total": 0.93543175608661800553553980117963791934723160289140
  "peso": 97.31,
  "custo": 67.47
}
 
-----------------------------------------
GERACAO 3
Mutante 1:
[[9.  8.8 6.8 9.2 2.4]
 [1.8 1.  2.  0.2 1. ]]
 
Mutante 2:
[[1.8 8.2 9.  4.2 4.4]
 [0.2 1.8 1.  3.  1. ]]
 
Mutante 3:
[[5.6 0.  5.4 7.4 6.6]
 [1.  1.  1.  2.  1. ]]
 
Mutante 4:
[[0.  0.8 6.2 5.2 9. ]
 [2.8 1.  1.  1.  1. ]]
 
Mutante 5:
[[4.2 0.4 9.  0.  1.6]
 [2.  1.  2.8 1.  1. ]]
 
Mutante 6:
[[7.4 1.  1.  6.4 4. ]
 [0.2 2.8 1.  1.  1. ]]
 
Mutante 7:
[[0.  5.4 8.2 0.2 9. ]
 [1.8 1.  1.  1.  2. ]]
 
Mutante 8:
[[6.6 2.  3.4 7.8 0. ]
 [2.  0.2 1.8 2.  1. ]]
 
Mutante 9:
[[2.2 9.6 0.4 7.8 9. ]
 [0.2 2.  2.  0.2 1.8]]
 
Mutante 10:
[[7.8 6.4 0.  4.2 0. ]
 [2.  1.  1.  1.  1. ]]
 
Mutante 11:
[[9.  1.  6.2 8.  9.6]
 [1.8 2.  1.  2.  1. ]]
 
Mutante 12:
[[4.4 9.  8.2 8.2 4.4]
 [1.8 1.  0.2 1.  1. ]]
 
Mutante 13:
[[9.  0.  5.  9.  7. ]
 [1.  2.  1.  1.8 1. ]]
 
Mutante 14:
[[9.  9.2 0.  9.  4.6]
 [2.  1.  1.  2.8 1. ]]
 
Mutante 15:
[[6.6 3.6 5.  9.  5.4]
 [2.  1.  1.  2.  1. ]]
 
Mutante 16:
[[5.2 1.6 9.  9.2 2.6]
 [2.  1.8 1.  1.  1. ]]
 
Mutante 17:
[[8.8 4.2 0.  4.6 4.2]
 [0.2 1.  1.  2.  1. ]]
 
Mutante 18:
[[8.6 9.  8.6 3.2 0.6]
 [2.  1.  1.  2.  1. ]]
 
Mutante 19:
[[5.8 0.2 7.6 5.6 0. ]
 [1.  1.  1.8 1.  2. ]]
 
Mutante 20:
[[6.  0.  0.  5.8 4.6]
 [1.  2.8 1.  0.2 1. ]]
 
Mutante 21:
[[2.6 0.  7.  2.4 9. ]
 [1.  2.  1.  1.2 1. ]]
 
Mutante 22:
[[0.  0.2 3.2 0.  9. ]
 [0.2 1.  1.8 1.  1.8]]
 
Mutante 23:
[[2.4 2.  7.4 0.  4.2]
 [1.2 1.8 1.  1.  1. ]]
 
Mutante 24:
[[5.  2.  4.2 7.  0. ]
 [2.8 0.2 1.8 1.2 1. ]]
 
Mutante 25:
[[0.  9.  5.  6.4 5.4]
 [1.2 1.  1.  1.  1.8]]
 
Mutante 26:
[[0.  0.  5.4 0.4 9. ]
 [2.  1.  0.2 1.8 1. ]]
 
Mutante 27:
[[9.4 7.  4.2 6.6 3.2]
 [1.  2.  1.  1.8 1. ]]
 
Mutante 28:
[[9.  9.8 3.4 7.6 0. ]
 [2.  0.2 2.6 1.  1. ]]
 
Mutante 29:
[[2.8 0.6 0.2 4.8 8.6]
 [1.  1.  0.4 1.  1. ]]
 
Mutante 30:
[[3.4 0.  7.4 5.8 7.4]
 [2.  1.  1.  1.8 1. ]]
 
Mutante 31:
[[7.4 5.2 5.6 0.  4. ]
 [2.  1.  2.  1.  1. ]]
 
Mutante 32:
[[8.2 0.  0.  6.4 3.6]
 [0.2 1.  1.  1.  2. ]]
 
Mutante 33:
[[4.  5.  3.2 2.  6.2]
 [1.  2.  2.  1.8 1. ]]
 
Mutante 34:
[[7.2 3.  8.4 9.  0.6]
 [1.  0.2 2.6 0.2 1. ]]
 
Mutante 35:
[[0.  3.4 6.2 2.8 7.4]
 [1.  2.  1.  1.  1. ]]
 
Mutante 36:
[[9.  5.  4.2 6.  0.8]
 [2.  0.2 1.  1.  2.6]]
 
Mutante 37:
[[9.6 0.  8.6 1.6 3.2]
 [2.8 1.  1.2 1.  0.2]]
 
Mutante 38:
[[9.6 1.2 9.  1.8 6.6]
 [0.2 1.  2.6 0.2 3. ]]
 
Mutante 39:
[[6.4 5.6 9.  0.8 4.6]
 [0.4 1.  1.  1.  2.6]]
 
Mutante 40:
[[9.  7.2 5.2 9.  8.2]
 [1.8 2.8 2.  0.2 1. ]]
 
Mutante 41:
[[8.2 9.  2.2 9.  4.2]
 [1.8 1.  0.2 2.  3. ]]
 
Mutante 42:
[[0.  2.4 0.  5.6 9. ]
 [0.2 1.8 1.8 1.2 1. ]]
 
Mutante 43:
[[0.  0.  7.8 6.8 9. ]
 [2.  1.  1.  1.  1. ]]
 
Mutante 44:
[[5.4 8.  7.4 0.  9. ]
 [2.6 1.  1.2 1.  2. ]]
 
Mutante 45:
[[3.4 5.2 0.  0.  2.6]
 [1.  0.2 1.  2.  1. ]]
 
Mutante 46:
[[9.  5.  9.  8.6 9.6]
 [2.  2.  1.  0.2 1. ]]
 
Mutante 47:
[[0.4 5.4 0.  0.  4.6]
 [1.  1.  2.  1.  1. ]]
 
Mutante 48:
[[3.  0.2 9.  4.  9. ]
 [1.  1.  3.  0.2 1. ]]
 
Mutante 49:
[[4.2 0.  0.2 5.  8.2]
 [2.  1.  1.  1.  1. ]]
 
Mutante 50:
[[9.  0.2 9.  9.4 5.6]
 [2.  2.  1.8 0.2 1. ]]
 
-----------------------------------------
Número de avaliações até o momento: 150
Evoluido 1:
[[7 8 6 9 2]
 [1 1 2 2 1]]
 
Evoluido 2:
[[1 8 9 7 4]
 [0 1 1 3 1]]
 
Evoluido 3:
[[5 0 5 7 6]
 [1 2 1 2 1]]
 
Evoluido 4:
[[8 0 6 5 9]
 [1 1 1 1 1]]
 
Evoluido 5:
[[4 0 5 0 1]
 [2 1 2 1 1]]
 
Evoluido 6:
[[7 0 1 6 4]
 [1 2 2 1 1]]
 
Evoluido 7:
[[0 3 8 0 9]
 [1 1 1 1 2]]
 
Evoluido 8:
[[6 2 3 7 0]
 [2 0 2 2 1]]
 
Evoluido 9:
[[2 9 0 0 8]
 [0 2 2 0 1]]
 
Evoluido 10:
[[3 6 5 4 8]
 [2 1 1 1 1]]
 
Evoluido 11:
[[9 1 6 8 9]
 [1 1 1 2 1]]
 
Evoluido 12:
[[0 9 8 2 4]
 [1 1 1 1 1]]
 
Evoluido 13:
[[9 9 5 9 7]
 [1 1 1 1 1]]
 
Evoluido 14:
[[9 9 0 9 4]
 [2 1 1 2 1]]
 
Evoluido 15:
[[6 3 5 2 5]
 [2 1 1 1 1]]
 
Evoluido 16:
[[5 5 9 8 8]
 [1 1 1 1 1]]
 
Evoluido 17:
[[7 4 0 3 4]
 [0 1 1 2 1]]
 
Evoluido 18:
[[8 9 8 3 5]
 [1 1 1 2 1]]
 
Evoluido 19:
[[9 0 1 5 0]
 [1 1 1 1 2]]
 
Evoluido 20:
[[6 0 0 5 4]
 [1 2 1 0 1]]
 
Evoluido 21:
[[2 0 7 1 9]
 [1 2 1 1 1]]
 
Evoluido 22:
[[2 1 7 2 9]
 [0 1 1 1 1]]
 
Evoluido 23:
[[2 2 6 2 4]
 [1 1 1 1 1]]
 
Evoluido 24:
[[5 2 4 5 0]
 [1 0 1 1 1]]
 
Evoluido 25:
[[0 6 5 6 9]
 [1 1 1 1 1]]
 
Evoluido 26:
[[0 0 5 0 9]
 [2 1 1 1 1]]
 
Evoluido 27:
[[9 7 4 6 3]
 [1 2 1 1 3]]
 
Evoluido 28:
[[9 9 3 7 3]
 [2 0 2 1 1]]
 
Evoluido 29:
[[2 0 0 4 8]
 [1 1 0 1 1]]
 
Evoluido 30:
[[3 0 7 8 7]
 [2 1 3 1 1]]
 
Evoluido 31:
[[7 5 5 1 4]
 [2 1 2 1 1]]
 
Evoluido 32:
[[8 0 3 6 2]
 [0 1 2 1 2]]
 
Evoluido 33:
[[4 5 3 2 6]
 [1 2 2 1 1]]
 
Evoluido 34:
[[7 3 8 9 0]
 [1 0 1 1 1]]
 
Evoluido 35:
[[6 3 1 2 7]
 [2 2 1 1 1]]
 
Evoluido 36:
[[9 5 4 6 0]
 [2 0 1 1 1]]
 
Evoluido 37:
[[5 0 3 1 3]
 [2 1 1 1 1]]
 
Evoluido 38:
[[9 2 9 1 6]
 [2 1 2 0 3]]
 
Evoluido 39:
[[6 8 9 9 4]
 [0 1 1 1 1]]
 
Evoluido 40:
[[9 1 5 4 8]
 [1 2 2 1 1]]
 
Evoluido 41:
[[8 7 5 9 4]
 [1 1 1 2 3]]
 
Evoluido 42:
[[0 8 0 5 9]
 [0 1 1 1 1]]
 
Evoluido 43:
[[0 1 7 0 9]
 [2 1 1 1 1]]
 
Evoluido 44:
[[5 8 9 0 9]
 [2 1 1 1 2]]
 
Evoluido 45:
[[3 5 0 0 2]
 [1 1 1 2 1]]
 
Evoluido 46:
[[9 8 2 7 9]
 [1 2 1 0 1]]
 
Evoluido 47:
[[0 5 0 0 4]
 [1 1 1 1 1]]
 
Evoluido 48:
[[3 0 9 9 9]
 [2 1 1 0 1]]
 
Evoluido 49:
[[8 0 0 3 8]
 [2 1 1 1 1]]
 
Evoluido 50:
[[9 0 9 9 3]
 [2 1 1 0 1]]
 
-----------------------------------------
Individuo 1:
{
  "solucao": [7 5 7 0 3]
                [2 1 1 2 1],
  "funcao_objetivo": 0.98851142115399362017452312307107276609829438104104,
  "confiabilidade_total": 0.98851142115399362017452312307107276609829438104104
  "peso": 119.87,
  "custo": 99.03
}
 
Individuo 2:
{
  "solucao": [5 6 1 7 3]
                [2 1 1 2 1],
  "funcao_objetivo": 0.98800758057471945759943220553270204940110372632789,
  "confiabilidade_total": 0.98800758057471945759943220553270204940110372632789
  "peso": 118.03,
  "custo": 89.4
}
 
Individuo 3:
{
  "solucao": [9 5 8 7 8]
                [2 2 1 1 1],
  "funcao_objetivo": 0.98715469879535842153012876199262275965705584572557,
  "confiabilidade_total": 0.98715469879535842153012876199262275965705584572557
  "peso": 109.59,
  "custo": 97.74
}
 
Individuo 4:
{
  "solucao": [8 9 8 2 7]
                [1 2 2 1 1],
  "funcao_objetivo": 0.98549759420883959594802733574192568223508435550575,
  "confiabilidade_total": 0.98549759420883959594802733574192568223508435550575
  "peso": 117.44000000000001,
  "custo": 99.96
}
 
Individuo 5:
{
  "solucao": [0 2 5 0 5]
                [2 1 1 1 1],
  "funcao_objetivo": 0.97939169416885719102641310451439255570790105307927,
  "confiabilidade_total": 0.97939169416885719102641310451439255570790105307927
  "peso": 113.0,
  "custo": 78.44
}
 
Individuo 6:
{
  "solucao": [2 0 7 2 1]
                [1 1 2 1 1],
  "funcao_objetivo": 0.97865807291684062189417045379890107152670063015230,
  "confiabilidade_total": 0.97865807291684062189417045379890107152670063015230
  "peso": 112.13,
  "custo": 79.52
}
 
Individuo 7:
{
  "solucao": [2 3 1 0 7]
                [1 1 2 1 1],
  "funcao_objetivo": 0.97854313506895451077649621870211774751033121769140,
  "confiabilidade_total": 0.97854313506895451077649621870211774751033121769140
  "peso": 115.5,
  "custo": 81.92
}
 
Individuo 8:
{
  "solucao": [8 0 7 8 4]
                [2 1 2 1 1],
  "funcao_objetivo": 0.97845511744503273585827603528251628680059127542821,
  "confiabilidade_total": 0.97845511744503273585827603528251628680059127542821
  "peso": 116.06,
  "custo": 99.88
}
 
Individuo 9:
{
  "solucao": [5 5 6 0 8]
                [3 1 1 1 1],
  "funcao_objetivo": 0.97593898462404917673822575569105669203776138783195,
  "confiabilidade_total": 0.97593898462404917673822575569105669203776138783195
  "peso": 113.78999999999999,
  "custo": 83.07
}
 
Individuo 10:
{
  "solucao": [3 8 5 0 8]
                [1 1 2 1 2],
  "funcao_objetivo": 0.97564572754574997085311823927069204544283600782491,
  "confiabilidade_total": 0.97564572754574997085311823927069204544283600782491
  "peso": 115.61999999999999,
  "custo": 88.76
}
 
Individuo 11:
{
  "solucao": [0 0 0 0 7]
                [1 1 1 2 1],
  "funcao_objetivo": 0.98477878973321109443416353280836494571964904727312,
  "confiabilidade_total": 0.98477878973321109443416353280836494571964904727312
  "peso": 115.5,
  "custo": 95.39
}
 
Individuo 12:
{
  "solucao": [0 0 7 2 8]
                [2 1 1 1 1],
  "funcao_objetivo": 0.97994349562229598626893050680172644708328339243974,
  "confiabilidade_total": 0.97994349562229598626893050680172644708328339243974
  "peso": 112.27000000000001,
  "custo": 86.00999999999999
}
 
Individuo 13:
{
  "solucao": [4 9 0 7 5]
                [1 1 1 2 1],
  "funcao_objetivo": 0.97384951415517409319485150085324333443699874990085,
  "confiabilidade_total": 0.97384951415517409319485150085324333443699874990085
  "peso": 105.46,
  "custo": 87.93
}
 
Individuo 14:
{
  "solucao": [7 4 2 1 0]
                [2 1 1 1 1],
  "funcao_objetivo": 0.97353557120220994226269495195796938337482629001133,
  "confiabilidade_total": 0.97353557120220994226269495195796938337482629001133
  "peso": 113.14999999999999,
  "custo": 84.07000000000001
}
 
Individuo 15:
{
  "solucao": [8 7 5 2 2]
                [1 1 3 1 1],
  "funcao_objetivo": 0.97273299731035290095620699612256308413537854655702,
  "confiabilidade_total": 0.97273299731035290095620699612256308413537854655702
  "peso": 118.38000000000001,
  "custo": 78.1
}
 
Individuo 16:
{
  "solucao": [8 5 3 8 8]
                [1 2 1 2 1],
  "funcao_objetivo": 0.97033984643712026317320353890262145499623346325764,
  "confiabilidade_total": 0.97033984643712026317320353890262145499623346325764
  "peso": 109.92999999999999,
  "custo": 86.0
}
 
Individuo 17:
{
  "solucao": [7 6 7 3 1]
                [1 1 3 1 1],
  "funcao_objetivo": 0.97013166652609817975920384740268917514581664626180,
  "confiabilidade_total": 0.97013166652609817975920384740268917514581664626180
  "peso": 116.87,
  "custo": 98.46
}
 
Individuo 18:
{
  "solucao": [4 0 3 5 5]
                [1 1 1 2 1],
  "funcao_objetivo": 0.96978730416799348699943757964022430787019516740051,
  "confiabilidade_total": 0.96978730416799348699943757964022430787019516740051
  "peso": 110.36,
  "custo": 73.06
}
 
Individuo 19:
{
  "solucao": [9 1 1 9 5]
                [2 1 1 1 1],
  "funcao_objetivo": 0.96847764048341190418470057551960467906899575185455,
  "confiabilidade_total": 0.96847764048341190418470057551960467906899575185455
  "peso": 106.16000000000001,
  "custo": 93.18
}
 
Individuo 20:
{
  "solucao": [5 5 7 8 8]
                [1 2 1 2 1],
  "funcao_objetivo": 0.96830185515753247904962236626003073823684667142377,
  "confiabilidade_total": 0.96830185515753247904962236626003073823684667142377
  "peso": 102.08,
  "custo": 85.82
}
 
Individuo 21:
{
  "solucao": [0 5 4 1 9]
                [1 2 1 1 1],
  "funcao_objetivo": 0.97630534106819065247884836351368825604820361062546,
  "confiabilidade_total": 0.97630534106819065247884836351368825604820361062546
  "peso": 109.99000000000001,
  "custo": 83.31
}
 
Individuo 22:
{
  "solucao": [2 1 7 2 9]
                [1 2 1 1 1],
  "funcao_objetivo": 0.97096556337823740299970525473672358182199751332800,
  "confiabilidade_total": 0.97096556337823740299970525473672358182199751332800
  "peso": 114.22000000000001,
  "custo": 81.11
}
 
Individuo 23:
{
  "solucao": [8 8 6 2 4]
                [1 1 2 1 1],
  "funcao_objetivo": 0.96696310315497920078777062820584140163301964023423,
  "confiabilidade_total": 0.96696310315497920078777062820584140163301964023423
  "peso": 115.68,
  "custo": 74.97
}
 
Individuo 24:
{
  "solucao": [5 5 6 5 2]
                [1 1 1 3 1],
  "funcao_objetivo": 0.96684599607258533755547823049136771813172811657034,
  "confiabilidade_total": 0.96684599607258533755547823049136771813172811657034
  "peso": 116.4,
  "custo": 73.41
}
 
Individuo 25:
{
  "solucao": [5 6 4 0 9]
                [1 1 1 2 1],
  "funcao_objetivo": 0.96677624217924732504442380054657937070807230480658,
  "confiabilidade_total": 0.96677624217924732504442380054657937070807230480658
  "peso": 117.44999999999999,
  "custo": 86.72999999999999
}
 
Individuo 26:
{
  "solucao": [0 0 5 0 9]
                [2 1 1 1 1],
  "funcao_objetivo": 0.98279083038896993577379506222009501713505911593806,
  "confiabilidade_total": 0.98279083038896993577379506222009501713505911593806
  "peso": 114.22,
  "custo": 92.53999999999999
}
 
Individuo 27:
{
  "solucao": [5 8 7 8 5]
                [1 1 1 2 3],
  "funcao_objetivo": 0.96506668452319058429650432776055902395221047952458,
  "confiabilidade_total": 0.96506668452319058429650432776055902395221047952458
  "peso": 116.81,
  "custo": 96.13
}
 
Individuo 28:
{
  "solucao": [3 5 3 0 3]
                [1 2 1 1 1],
  "funcao_objetivo": 0.97072185583703159756492679142765111022040167773322,
  "confiabilidade_total": 0.97072185583703159756492679142765111022040167773322
  "peso": 116.17999999999998,
  "custo": 72.67
}
 
Individuo 29:
{
  "solucao": [0 5 0 1 4]
                [2 1 1 1 1],
  "funcao_objetivo": 0.97423161365886395658813730973771147056185022994131,
  "confiabilidade_total": 0.97423161365886395658813730973771147056185022994131
  "peso": 117.38999999999999,
  "custo": 87.43
}
 
Individuo 30:
{
  "solucao": [7 5 6 8 5]
                [1 1 3 1 1],
  "funcao_objetivo": 0.96448056295045112584812543170798561231411778649646,
  "confiabilidade_total": 0.96448056295045112584812543170798561231411778649646
  "peso": 118.25,
  "custo": 85.92
}
 
Individuo 31:
{
  "solucao": [7 5 5 1 4]
                [2 1 2 1 1],
  "funcao_objetivo": 0.97623171568448983400901074075818037690655497268365,
  "confiabilidade_total": 0.97623171568448983400901074075818037690655497268365
  "peso": 114.34,
  "custo": 89.4
}
 
Individuo 32:
{
  "solucao": [2 5 3 8 2]
                [1 1 2 1 1],
  "funcao_objetivo": 0.96349456497529501721606548791100615775826503305177,
  "confiabilidade_total": 0.96349456497529501721606548791100615775826503305177
  "peso": 119.07,
  "custo": 66.60000000000001
}
 
Individuo 33:
{
  "solucao": [6 0 5 5 3]
                [1 2 1 1 1],
  "funcao_objetivo": 0.96517978637025234413010057425337970810456063141412,
  "confiabilidade_total": 0.96517978637025234413010057425337970810456063141412
  "peso": 112.17000000000002,
  "custo": 77.19
}
 
Individuo 34:
{
  "solucao": [5 2 8 4 6]
                [1 2 1 1 1],
  "funcao_objetivo": 0.96276346495393746391440672463119982896977876883659,
  "confiabilidade_total": 0.96276346495393746391440672463119982896977876883659
  "peso": 118.53999999999999,
  "custo": 69.05
}
 
Individuo 35:
{
  "solucao": [6 9 1 6 0]
                [2 1 1 1 1],
  "funcao_objetivo": 0.96189204121728188090286240270590308386222481709985,
  "confiabilidade_total": 0.96189204121728188090286240270590308386222481709985
  "peso": 116.84,
  "custo": 85.76
}
 
Individuo 36:
{
  "solucao": [2 8 9 6 5]
                [2 1 1 1 1],
  "funcao_objetivo": 0.96128037917291496945896552542023359462721296317232,
  "confiabilidade_total": 0.96128037917291496945896552542023359462721296317232
  "peso": 113.2,
  "custo": 72.8
}
 
Individuo 37:
{
  "solucao": [5 6 3 5 7]
                [2 1 1 2 1],
  "funcao_objetivo": 0.98629531401381201849213283400808214287930261804256,
  "confiabilidade_total": 0.98629531401381201849213283400808214287930261804256
  "peso": 115.24000000000001,
  "custo": 80.43
}
 
Individuo 38:
{
  "solucao": [9 2 8 0 4]
                [2 1 2 1 0],
  "funcao_objetivo": 0.97698764868104795423031166775806316682312621767288,
  "confiabilidade_total": 0.97698764868104795423031166775806316682312621767288
  "peso": 108.97999999999999,
  "custo": 87.88
}
 
Individuo 39:
{
  "solucao": [5 8 0 9 7]
                [1 2 1 1 1],
  "funcao_objetivo": 0.97040191140456736934111163382094340995424627807850,
  "confiabilidade_total": 0.97040191140456736934111163382094340995424627807850
  "peso": 96.72,
  "custo": 85.75
}
 
Individuo 40:
{
  "solucao": [9 1 5 4 8]
                [1 2 2 1 1],
  "funcao_objetivo": 0.96688850885781615999170209932025780398249265986242,
  "confiabilidade_total": 0.98688850885781608754964974252879354134052631693639
  "peso": 122.39999999999999,
  "custo": 95.29999999999998
}
 
Individuo 41:
{
  "solucao": [1 7 5 1 7]
                [1 1 1 1 2],
  "funcao_objetivo": 0.95564335300193229591850506032387850104340196575511,
  "confiabilidade_total": 0.95564335300193229591850506032387850104340196575511
  "peso": 93.38000000000001,
  "custo": 84.33
}
 
Individuo 42:
{
  "solucao": [4 8 9 0 7]
                [2 1 1 1 1],
  "funcao_objetivo": 0.97064994453965299160248571020315544672097059412701,
  "confiabilidade_total": 0.97064994453965299160248571020315544672097059412701
  "peso": 114.91,
  "custo": 90.17
}
 
Individuo 43:
{
  "solucao": [0 1 7 0 9]
                [2 1 1 1 1],
  "funcao_objetivo": 0.98015641030096411936275211837459233110782781861643,
  "confiabilidade_total": 0.98015641030096411936275211837459233110782781861643
  "peso": 111.47,
  "custo": 95.71000000000001
}
 
Individuo 44:
{
  "solucao": [8 2 9 1 5]
                [1 1 1 1 3],
  "funcao_objetivo": 0.94944207019933801665654330947077043986798057795025,
  "confiabilidade_total": 0.94944207019933801665654330947077043986798057795025
  "peso": 118.00999999999999,
  "custo": 86.31
}
 
Individuo 45:
{
  "solucao": [3 5 0 0 2]
                [1 1 1 2 1],
  "funcao_objetivo": 0.97541408522454318658558465766776309812542881167928,
  "confiabilidade_total": 0.97891408522454320096991172046744752498910661138097
  "peso": 120.42,
  "custo": 80.11
}
 
Individuo 46:
{
  "solucao": [7 8 2 7 9]
                [1 2 2 1 1],
  "funcao_objetivo": 0.97487163218222970913437141647069183926452716540263,
  "confiabilidade_total": 0.98595496551556314714323225487920099220593293856547
  "peso": 121.33000000000001,
  "custo": 93.15
}
 
Individuo 47:
{
  "solucao": [0 5 0 0 4]
                [1 1 1 1 1],
  "funcao_objetivo": 0.96596146527853077018706859084382276992548341405070,
  "confiabilidade_total": 0.96596146527853077018706859084382276992548341405070
  "peso": 99.28999999999999,
  "custo": 72.68
}
 
Individuo 48:
{
  "solucao": [5 6 5 9 5]
                [2 1 1 1 1],
  "funcao_objetivo": 0.95868655950040644637031688644694119794981900231139,
  "confiabilidade_total": 0.95868655950040644637031688644694119794981900231139
  "peso": 97.35000000000001,
  "custo": 71.4
}
 
Individuo 49:
{
  "solucao": [8 0 0 3 8]
                [2 1 1 1 1],
  "funcao_objetivo": 0.97739599287641123251299535508322702468537225305084,
  "confiabilidade_total": 0.97739599287641123251299535508322702468537225305084
  "peso": 106.42999999999999,
  "custo": 84.25
}
 
Individuo 50:
{
  "solucao": [8 3 6 9 3]
                [1 1 1 1 1],
  "funcao_objetivo": 0.93543175608661800553553980117963791934723160289140,
  "confiabilidade_total": 0.93543175608661800553553980117963791934723160289140
  "peso": 97.31,
  "custo": 67.47
}
 
-----------------------------------------
GERACAO 4
Mutante 1:
[[9.  0.  9.  3.2 5.6]
 [1.8 1.2 2.8 1.  1. ]]
 
Mutante 2:
[[0.  8.  2.2 1.6 4.2]
 [1.  1.  1.  2.  3. ]]
 
Mutante 3:
[[0.  4.  4.6 0.  5.6]
 [2.  1.  1.  1.  1. ]]
 
Mutante 4:
[[0.  3.8 0.  0.  3.8]
 [1.  0.2 1.2 1.8 1. ]]
 
Mutante 5:
[[6.2 8.2 3.4 2.6 0.8]
 [2.  1.  3.  1.  1. ]]
 
Mutante 6:
[[3.4 2.4 5.4 9.6 6.6]
 [0.2 1.8 1.  2.  3. ]]
 
Mutante 7:
[[4.2 2.8 7.2 3.2 0. ]
 [1.8 1.2 0.2 1.  1. ]]
 
Mutante 8:
[[9.  1.  5.4 9.  8.8]
 [0.2 2.  1.  2.8 1. ]]
 
Mutante 9:
[[7.2 0.  3.  1.  7.4]
 [0.2 1.8 1.8 2.  1. ]]
 
Mutante 10:
[[2.2 4.  0.  0.  3.2]
 [2.  1.  1.8 1.  1. ]]
 
Mutante 11:
[[9.  6.6 9.2 5.8 0. ]
 [0.2 1.  1.  3.  2.6]]
 
Mutante 12:
[[0.  1.2 4.2 0.  0. ]
 [2.8 0.2 1.  0.2 1. ]]
 
Mutante 13:
[[0.8 1.2 1.8 4.  9. ]
 [2.  1.8 1.  1.8 1. ]]
 
Mutante 14:
[[9.  5.  1.  9.  2.6]
 [1.2 1.  2.6 1.  1. ]]
 
Mutante 15:
[[9.4 7.4 1.6 0.8 0. ]
 [1.  0.2 1.8 2.  1. ]]
 
Mutante 16:
[[4.8 9.  0.  4.2 0. ]
 [2.  1.  1.  1.  1. ]]
 
Mutante 17:
[[9.  9.  7.8 8.  4.2]
 [1.8 1.  1.  2.  3. ]]
 
Mutante 18:
[[6.4 9.  2.4 6.2 4.2]
 [0.2 1.8 1.  2.  1. ]]
 
Mutante 19:
[[2.4 0.8 3.2 0.  7. ]
 [1.8 1.  1.  2.  0.2]]
 
Mutante 20:
[[3.4 9.  4.6 7.2 5. ]
 [1.  1.  1.  2.  3. ]]
 
Mutante 21:
[[9.4 7.4 5.4 0.  1.4]
 [1.2 1.8 1.  2.  1. ]]
 
Mutante 22:
[[3.6 0.8 9.  7.6 8.2]
 [2.  1.  1.8 1.  1. ]]
 
Mutante 23:
[[4.2 7.4 8.8 4.6 7.2]
 [1.2 2.  1.8 1.  1. ]]
 
Mutante 24:
[[0.  9.6 9.  3.6 2.6]
 [2.  1.  1.  1.  1. ]]
 
Mutante 25:
[[9.8 4.4 3.4 7.8 3.8]
 [2.  1.  0.2 2.  1. ]]
 
Mutante 26:
[[9.4 9.  6.6 0.8 4. ]
 [1.  0.2 2.8 1.  2. ]]
 
Mutante 27:
[[5.4 5.8 7.  6.4 3.8]
 [2.  1.  0.2 2.  1. ]]
 
Mutante 28:
[[0.2 7.6 5.  9.  7.4]
 [1.2 1.  0.2 1.  1.8]]
 
Mutante 29:
[[0.  5.4 4.2 2.6 9. ]
 [1.  1.  0.2 1.  2.8]]
 
Mutante 30:
[[8.8 7.2 9.  4.8 3. ]
 [2.8 0.2 1.8 1.  1. ]]
 
Mutante 31:
[[0.  3.8 6.6 0.  7.8]
 [0.2 1.8 2.  1.  1. ]]
 
Mutante 32:
[[9.  8.8 3.4 1.6 8. ]
 [0.2 1.8 2.8 1.  2. ]]
 
Mutante 33:
[[8.  6.8 8.2 4.2 4.2]
 [1.  0.2 1.  1.8 3. ]]
 
Mutante 34:
[[2.6 7.2 7.  8.8 1. ]
 [1.  1.  0.2 2.  3. ]]
 
Mutante 35:
[[3.4 9.6 5.4 6.4 8.2]
 [1.8 1.  0.2 2.  3. ]]
 
Mutante 36:
[[0.  0.  0.  0.  2.4]
 [1.8 0.2 0.2 1.  1. ]]
 
Mutante 37:
[[5.6 9.  9.  0.  7. ]
 [2.6 1.2 2.  0.2 1. ]]
 
Mutante 38:
[[9.  0.  1.8 8.2 3.4]
 [2.  0.2 0.2 1.  2.6]]
 
Mutante 39:
[[3.2 5.2 5.  4.8 5.8]
 [1.2 1.  1.  1.8 1. ]]
 
Mutante 40:
[[0.  9.  0.  0.2 9. ]
 [0.2 2.8 1.  1.  1. ]]
 
Mutante 41:
[[4.6 9.  0.  6.2 9. ]
 [2.6 2.  2.  1.  1. ]]
 
Mutante 42:
[[6.4 6.6 0.8 1.8 0. ]
 [2.  0.2 2.6 1.  1. ]]
 
Mutante 43:
[[0.  9.  1.6 3.4 9.8]
 [1.  2.  1.  1.  1. ]]
 
Mutante 44:
[[9.4 8.  0.  3.4 0. ]
 [2.8 0.2 1.  1.8 1. ]]
 
Mutante 45:
[[2.8 0.  7.8 8.4 8.2]
 [0.2 2.  0.2 1.  1. ]]
 
Mutante 46:
[[4.8 5.  0.6 1.6 6.4]
 [1.  2.8 1.  2.  1. ]]
 
Mutante 47:
[[6.4 8.8 1.2 7.6 4. ]
 [1.  1.  2.  1.  1. ]]
 
Mutante 48:
[[0.  9.6 3.4 0.8 9. ]
 [0.2 1.  2.  0.2 2.8]]
 
Mutante 49:
[[6.4 9.  2.4 6.2 4.2]
 [0.2 1.8 1.  2.  1. ]]
 
Mutante 50:
[[1.2 5.8 6.2 5.6 0. ]
 [1.  0.2 1.2 1.  2.6]]
 
-----------------------------------------
Número de avaliações até o momento: 200
Evoluido 1:
[[9 0 7 0 5]
 [2 1 2 1 1]]
 
Evoluido 2:
[[0 6 1 1 4]
 [1 1 1 2 3]]
 
Evoluido 3:
[[9 4 4 7 8]
 [2 1 1 1 1]]
 
Evoluido 4:
[[0 3 0 0 3]
 [1 0 1 1 1]]
 
Evoluido 5:
[[0 8 3 2 0]
 [2 1 1 1 1]]
 
Evoluido 6:
[[3 2 5 2 6]
 [0 1 1 2 3]]
 
Evoluido 7:
[[4 3 1 3 0]
 [1 1 0 1 1]]
 
Evoluido 8:
[[9 1 5 9 8]
 [0 2 1 1 1]]
 
Evoluido 9:
[[7 0 3 1 7]
 [3 1 1 1 1]]
 
Evoluido 10:
[[3 8 0 0 3]
 [2 1 1 1 1]]
 
Evoluido 11:
[[9 6 9 0 0]
 [0 1 1 3 1]]
 
Evoluido 12:
[[0 1 4 0 8]
 [2 1 1 0 1]]
 
Evoluido 13:
[[0 1 1 7 9]
 [2 1 1 1 1]]
 
Evoluido 14:
[[9 5 1 9 2]
 [1 1 2 1 1]]
 
Evoluido 15:
[[9 7 5 0 2]
 [1 1 1 2 1]]
 
Evoluido 16:
[[8 5 0 4 0]
 [2 1 1 1 1]]
 
Evoluido 17:
[[9 6 7 8 1]
 [1 1 1 2 3]]
 
Evoluido 18:
[[6 9 2 6 4]
 [0 1 1 2 1]]
 
Evoluido 19:
[[2 0 3 0 7]
 [1 1 1 2 0]]
 
Evoluido 20:
[[3 5 4 7 8]
 [1 2 1 2 1]]
 
Evoluido 21:
[[0 7 4 0 1]
 [1 1 1 1 1]]
 
Evoluido 22:
[[3 0 9 7 9]
 [2 2 1 1 1]]
 
Evoluido 23:
[[4 7 8 4 4]
 [1 2 2 1 1]]
 
Evoluido 24:
[[0 9 9 3 2]
 [1 1 1 1 1]]
 
Evoluido 25:
[[9 4 3 7 3]
 [2 1 0 2 1]]
 
Evoluido 26:
[[9 9 5 0 4]
 [1 0 2 1 2]]
 
Evoluido 27:
[[5 8 7 6 3]
 [2 1 0 2 1]]
 
Evoluido 28:
[[0 7 3 9 7]
 [1 1 0 1 1]]
 
Evoluido 29:
[[0 5 0 2 9]
 [1 1 0 1 1]]
 
Evoluido 30:
[[8 7 9 4 5]
 [2 0 1 1 1]]
 
Evoluido 31:
[[7 3 6 0 7]
 [0 1 2 1 1]]
 
Evoluido 32:
[[9 8 3 1 8]
 [0 1 2 1 1]]
 
Evoluido 33:
[[8 6 8 5 4]
 [1 0 1 1 3]]
 
Evoluido 34:
[[5 7 7 8 6]
 [1 2 1 2 1]]
 
Evoluido 35:
[[6 9 5 6 0]
 [1 1 0 1 3]]
 
Evoluido 36:
[[0 0 0 0 2]
 [2 0 0 1 1]]
 
Evoluido 37:
[[5 9 9 0 7]
 [2 1 1 0 1]]
 
Evoluido 38:
[[9 0 1 0 3]
 [2 0 0 1 2]]
 
Evoluido 39:
[[5 8 0 4 5]
 [1 1 1 1 1]]
 
Evoluido 40:
[[0 9 0 0 9]
 [0 2 1 1 1]]
 
Evoluido 41:
[[4 9 5 1 9]
 [1 2 2 1 1]]
 
Evoluido 42:
[[6 6 0 0 0]
 [2 0 1 1 1]]
 
Evoluido 43:
[[0 9 1 3 9]
 [1 2 1 1 1]]
 
Evoluido 44:
[[9 8 0 3 0]
 [2 0 1 1 1]]
 
Evoluido 45:
[[2 0 7 8 2]
 [0 1 0 1 1]]
 
Evoluido 46:
[[4 5 2 1 6]
 [1 2 1 2 1]]
 
Evoluido 47:
[[6 8 1 7 4]
 [1 1 1 1 1]]
 
Evoluido 48:
[[5 9 3 9 9]
 [0 1 2 0 2]]
 
Evoluido 49:
[[6 0 2 3 4]
 [0 1 1 2 1]]
 
Evoluido 50:
[[1 5 6 5 0]
 [1 0 1 1 2]]
 
-----------------------------------------
Individuo 1:
{
  "solucao": [7 5 7 0 3]
                [2 1 1 2 1],
  "funcao_objetivo": 0.98851142115399362017452312307107276609829438104104,
  "confiabilidade_total": 0.98851142115399362017452312307107276609829438104104
  "peso": 119.87,
  "custo": 99.03
}
 
Individuo 2:
{
  "solucao": [5 6 1 7 3]
                [2 1 1 2 1],
  "funcao_objetivo": 0.98800758057471945759943220553270204940110372632789,
  "confiabilidade_total": 0.98800758057471945759943220553270204940110372632789
  "peso": 118.03,
  "custo": 89.4
}
 
Individuo 3:
{
  "solucao": [9 5 8 7 8]
                [2 2 1 1 1],
  "funcao_objetivo": 0.98715469879535842153012876199262275965705584572557,
  "confiabilidade_total": 0.98715469879535842153012876199262275965705584572557
  "peso": 109.59,
  "custo": 97.74
}
 
Individuo 4:
{
  "solucao": [8 9 8 2 7]
                [1 2 2 1 1],
  "funcao_objetivo": 0.98549759420883959594802733574192568223508435550575,
  "confiabilidade_total": 0.98549759420883959594802733574192568223508435550575
  "peso": 117.44000000000001,
  "custo": 99.96
}
 
Individuo 5:
{
  "solucao": [0 2 5 0 5]
                [2 1 1 1 1],
  "funcao_objetivo": 0.97939169416885719102641310451439255570790105307927,
  "confiabilidade_total": 0.97939169416885719102641310451439255570790105307927
  "peso": 113.0,
  "custo": 78.44
}
 
Individuo 6:
{
  "solucao": [2 0 7 2 1]
                [1 1 2 1 1],
  "funcao_objetivo": 0.97865807291684062189417045379890107152670063015230,
  "confiabilidade_total": 0.97865807291684062189417045379890107152670063015230
  "peso": 112.13,
  "custo": 79.52
}
 
Individuo 7:
{
  "solucao": [2 3 1 0 7]
                [1 1 2 1 1],
  "funcao_objetivo": 0.97854313506895451077649621870211774751033121769140,
  "confiabilidade_total": 0.97854313506895451077649621870211774751033121769140
  "peso": 115.5,
  "custo": 81.92
}
 
Individuo 8:
{
  "solucao": [8 0 7 8 4]
                [2 1 2 1 1],
  "funcao_objetivo": 0.97845511744503273585827603528251628680059127542821,
  "confiabilidade_total": 0.97845511744503273585827603528251628680059127542821
  "peso": 116.06,
  "custo": 99.88
}
 
Individuo 9:
{
  "solucao": [5 5 6 0 8]
                [3 1 1 1 1],
  "funcao_objetivo": 0.97593898462404917673822575569105669203776138783195,
  "confiabilidade_total": 0.97593898462404917673822575569105669203776138783195
  "peso": 113.78999999999999,
  "custo": 83.07
}
 
Individuo 10:
{
  "solucao": [3 8 5 0 8]
                [1 1 2 1 2],
  "funcao_objetivo": 0.97564572754574997085311823927069204544283600782491,
  "confiabilidade_total": 0.97564572754574997085311823927069204544283600782491
  "peso": 115.61999999999999,
  "custo": 88.76
}
 
Individuo 11:
{
  "solucao": [0 0 0 0 7]
                [1 1 1 2 1],
  "funcao_objetivo": 0.98477878973321109443416353280836494571964904727312,
  "confiabilidade_total": 0.98477878973321109443416353280836494571964904727312
  "peso": 115.5,
  "custo": 95.39
}
 
Individuo 12:
{
  "solucao": [0 0 7 2 8]
                [2 1 1 1 1],
  "funcao_objetivo": 0.97994349562229598626893050680172644708328339243974,
  "confiabilidade_total": 0.97994349562229598626893050680172644708328339243974
  "peso": 112.27000000000001,
  "custo": 86.00999999999999
}
 
Individuo 13:
{
  "solucao": [4 9 0 7 5]
                [1 1 1 2 1],
  "funcao_objetivo": 0.97384951415517409319485150085324333443699874990085,
  "confiabilidade_total": 0.97384951415517409319485150085324333443699874990085
  "peso": 105.46,
  "custo": 87.93
}
 
Individuo 14:
{
  "solucao": [7 4 2 1 0]
                [2 1 1 1 1],
  "funcao_objetivo": 0.97353557120220994226269495195796938337482629001133,
  "confiabilidade_total": 0.97353557120220994226269495195796938337482629001133
  "peso": 113.14999999999999,
  "custo": 84.07000000000001
}
 
Individuo 15:
{
  "solucao": [8 7 5 2 2]
                [1 1 3 1 1],
  "funcao_objetivo": 0.97273299731035290095620699612256308413537854655702,
  "confiabilidade_total": 0.97273299731035290095620699612256308413537854655702
  "peso": 118.38000000000001,
  "custo": 78.1
}
 
Individuo 16:
{
  "solucao": [8 5 3 8 8]
                [1 2 1 2 1],
  "funcao_objetivo": 0.97033984643712026317320353890262145499623346325764,
  "confiabilidade_total": 0.97033984643712026317320353890262145499623346325764
  "peso": 109.92999999999999,
  "custo": 86.0
}
 
Individuo 17:
{
  "solucao": [7 6 7 3 1]
                [1 1 3 1 1],
  "funcao_objetivo": 0.97013166652609817975920384740268917514581664626180,
  "confiabilidade_total": 0.97013166652609817975920384740268917514581664626180
  "peso": 116.87,
  "custo": 98.46
}
 
Individuo 18:
{
  "solucao": [4 0 3 5 5]
                [1 1 1 2 1],
  "funcao_objetivo": 0.96978730416799348699943757964022430787019516740051,
  "confiabilidade_total": 0.96978730416799348699943757964022430787019516740051
  "peso": 110.36,
  "custo": 73.06
}
 
Individuo 19:
{
  "solucao": [9 1 1 9 5]
                [2 1 1 1 1],
  "funcao_objetivo": 0.96847764048341190418470057551960467906899575185455,
  "confiabilidade_total": 0.96847764048341190418470057551960467906899575185455
  "peso": 106.16000000000001,
  "custo": 93.18
}
 
Individuo 20:
{
  "solucao": [3 5 4 7 8]
                [1 2 1 2 1],
  "funcao_objetivo": 0.97362737678066964850585778451773043484515677707678,
  "confiabilidade_total": 0.97362737678066964850585778451773043484515677707678
  "peso": 118.24,
  "custo": 89.66999999999999
}
 
Individuo 21:
{
  "solucao": [0 5 4 1 9]
                [1 2 1 1 1],
  "funcao_objetivo": 0.97630534106819065247884836351368825604820361062546,
  "confiabilidade_total": 0.97630534106819065247884836351368825604820361062546
  "peso": 109.99000000000001,
  "custo": 83.31
}
 
Individuo 22:
{
  "solucao": [2 1 7 2 9]
                [1 2 1 1 1],
  "funcao_objetivo": 0.97096556337823740299970525473672358182199751332800,
  "confiabilidade_total": 0.97096556337823740299970525473672358182199751332800
  "peso": 114.22000000000001,
  "custo": 81.11
}
 
Individuo 23:
{
  "solucao": [8 8 6 2 4]
                [1 1 2 1 1],
  "funcao_objetivo": 0.96696310315497920078777062820584140163301964023423,
  "confiabilidade_total": 0.96696310315497920078777062820584140163301964023423
  "peso": 115.68,
  "custo": 74.97
}
 
Individuo 24:
{
  "solucao": [5 5 6 5 2]
                [1 1 1 3 1],
  "funcao_objetivo": 0.96684599607258533755547823049136771813172811657034,
  "confiabilidade_total": 0.96684599607258533755547823049136771813172811657034
  "peso": 116.4,
  "custo": 73.41
}
 
Individuo 25:
{
  "solucao": [5 6 4 0 9]
                [1 1 1 2 1],
  "funcao_objetivo": 0.96677624217924732504442380054657937070807230480658,
  "confiabilidade_total": 0.96677624217924732504442380054657937070807230480658
  "peso": 117.44999999999999,
  "custo": 86.72999999999999
}
 
Individuo 26:
{
  "solucao": [0 0 5 0 9]
                [2 1 1 1 1],
  "funcao_objetivo": 0.98279083038896993577379506222009501713505911593806,
  "confiabilidade_total": 0.98279083038896993577379506222009501713505911593806
  "peso": 114.22,
  "custo": 92.53999999999999
}
 
Individuo 27:
{
  "solucao": [5 8 7 8 5]
                [1 1 1 2 3],
  "funcao_objetivo": 0.96506668452319058429650432776055902395221047952458,
  "confiabilidade_total": 0.96506668452319058429650432776055902395221047952458
  "peso": 116.81,
  "custo": 96.13
}
 
Individuo 28:
{
  "solucao": [3 5 3 0 3]
                [1 2 1 1 1],
  "funcao_objetivo": 0.97072185583703159756492679142765111022040167773322,
  "confiabilidade_total": 0.97072185583703159756492679142765111022040167773322
  "peso": 116.17999999999998,
  "custo": 72.67
}
 
Individuo 29:
{
  "solucao": [0 5 0 1 4]
                [2 1 1 1 1],
  "funcao_objetivo": 0.97423161365886395658813730973771147056185022994131,
  "confiabilidade_total": 0.97423161365886395658813730973771147056185022994131
  "peso": 117.38999999999999,
  "custo": 87.43
}
 
Individuo 30:
{
  "solucao": [7 5 6 8 5]
                [1 1 3 1 1],
  "funcao_objetivo": 0.96448056295045112584812543170798561231411778649646,
  "confiabilidade_total": 0.96448056295045112584812543170798561231411778649646
  "peso": 118.25,
  "custo": 85.92
}
 
Individuo 31:
{
  "solucao": [7 5 5 1 4]
                [2 1 2 1 1],
  "funcao_objetivo": 0.97623171568448983400901074075818037690655497268365,
  "confiabilidade_total": 0.97623171568448983400901074075818037690655497268365
  "peso": 114.34,
  "custo": 89.4
}
 
Individuo 32:
{
  "solucao": [2 5 3 8 2]
                [1 1 2 1 1],
  "funcao_objetivo": 0.96349456497529501721606548791100615775826503305177,
  "confiabilidade_total": 0.96349456497529501721606548791100615775826503305177
  "peso": 119.07,
  "custo": 66.60000000000001
}
 
Individuo 33:
{
  "solucao": [6 0 5 5 3]
                [1 2 1 1 1],
  "funcao_objetivo": 0.96517978637025234413010057425337970810456063141412,
  "confiabilidade_total": 0.96517978637025234413010057425337970810456063141412
  "peso": 112.17000000000002,
  "custo": 77.19
}
 
Individuo 34:
{
  "solucao": [5 7 7 8 6]
                [1 2 1 2 1],
  "funcao_objetivo": 0.96832734557119494487593049693154858283153590519174,
  "confiabilidade_total": 0.96832734557119494487593049693154858283153590519174
  "peso": 106.36,
  "custo": 93.9
}
 
Individuo 35:
{
  "solucao": [6 9 1 6 0]
                [2 1 1 1 1],
  "funcao_objetivo": 0.96189204121728188090286240270590308386222481709985,
  "confiabilidade_total": 0.96189204121728188090286240270590308386222481709985
  "peso": 116.84,
  "custo": 85.76
}
 
Individuo 36:
{
  "solucao": [2 8 9 6 5]
                [2 1 1 1 1],
  "funcao_objetivo": 0.96128037917291496945896552542023359462721296317232,
  "confiabilidade_total": 0.96128037917291496945896552542023359462721296317232
  "peso": 113.2,
  "custo": 72.8
}
 
Individuo 37:
{
  "solucao": [5 6 3 5 7]
                [2 1 1 2 1],
  "funcao_objetivo": 0.98629531401381201849213283400808214287930261804256,
  "confiabilidade_total": 0.98629531401381201849213283400808214287930261804256
  "peso": 115.24000000000001,
  "custo": 80.43
}
 
Individuo 38:
{
  "solucao": [9 2 8 0 4]
                [2 1 2 1 0],
  "funcao_objetivo": 0.97698764868104795423031166775806316682312621767288,
  "confiabilidade_total": 0.97698764868104795423031166775806316682312621767288
  "peso": 108.97999999999999,
  "custo": 87.88
}
 
Individuo 39:
{
  "solucao": [5 8 0 9 7]
                [1 2 1 1 1],
  "funcao_objetivo": 0.97040191140456736934111163382094340995424627807850,
  "confiabilidade_total": 0.97040191140456736934111163382094340995424627807850
  "peso": 96.72,
  "custo": 85.75
}
 
Individuo 40:
{
  "solucao": [9 1 5 4 8]
                [1 2 2 1 1],
  "funcao_objetivo": 0.96688850885781615999170209932025780398249265986242,
  "confiabilidade_total": 0.98688850885781608754964974252879354134052631693639
  "peso": 122.39999999999999,
  "custo": 95.29999999999998
}
 
Individuo 41:
{
  "solucao": [1 7 5 1 7]
                [1 1 1 1 2],
  "funcao_objetivo": 0.95564335300193229591850506032387850104340196575511,
  "confiabilidade_total": 0.95564335300193229591850506032387850104340196575511
  "peso": 93.38000000000001,
  "custo": 84.33
}
 
Individuo 42:
{
  "solucao": [4 8 9 0 7]
                [2 1 1 1 1],
  "funcao_objetivo": 0.97064994453965299160248571020315544672097059412701,
  "confiabilidade_total": 0.97064994453965299160248571020315544672097059412701
  "peso": 114.91,
  "custo": 90.17
}
 
Individuo 43:
{
  "solucao": [0 1 7 0 9]
                [2 1 1 1 1],
  "funcao_objetivo": 0.98015641030096411936275211837459233110782781861643,
  "confiabilidade_total": 0.98015641030096411936275211837459233110782781861643
  "peso": 111.47,
  "custo": 95.71000000000001
}
 
Individuo 44:
{
  "solucao": [8 2 9 1 5]
                [1 1 1 1 3],
  "funcao_objetivo": 0.94944207019933801665654330947077043986798057795025,
  "confiabilidade_total": 0.94944207019933801665654330947077043986798057795025
  "peso": 118.00999999999999,
  "custo": 86.31
}
 
Individuo 45:
{
  "solucao": [3 5 0 0 2]
                [1 1 1 2 1],
  "funcao_objetivo": 0.97541408522454318658558465766776309812542881167928,
  "confiabilidade_total": 0.97891408522454320096991172046744752498910661138097
  "peso": 120.42,
  "custo": 80.11
}
 
Individuo 46:
{
  "solucao": [7 8 2 7 9]
                [1 2 2 1 1],
  "funcao_objetivo": 0.97487163218222970913437141647069183926452716540263,
  "confiabilidade_total": 0.98595496551556314714323225487920099220593293856547
  "peso": 121.33000000000001,
  "custo": 93.15
}
 
Individuo 47:
{
  "solucao": [0 5 0 0 4]
                [1 1 1 1 1],
  "funcao_objetivo": 0.96596146527853077018706859084382276992548341405070,
  "confiabilidade_total": 0.96596146527853077018706859084382276992548341405070
  "peso": 99.28999999999999,
  "custo": 72.68
}
 
Individuo 48:
{
  "solucao": [5 6 5 9 5]
                [2 1 1 1 1],
  "funcao_objetivo": 0.95868655950040644637031688644694119794981900231139,
  "confiabilidade_total": 0.95868655950040644637031688644694119794981900231139
  "peso": 97.35000000000001,
  "custo": 71.4
}
 
Individuo 49:
{
  "solucao": [8 0 0 3 8]
                [2 1 1 1 1],
  "funcao_objetivo": 0.97739599287641123251299535508322702468537225305084,
  "confiabilidade_total": 0.97739599287641123251299535508322702468537225305084
  "peso": 106.42999999999999,
  "custo": 84.25
}
 
Individuo 50:
{
  "solucao": [8 3 6 9 3]
                [1 1 1 1 1],
  "funcao_objetivo": 0.93543175608661800553553980117963791934723160289140,
  "confiabilidade_total": 0.93543175608661800553553980117963791934723160289140
  "peso": 97.31,
  "custo": 67.47
}
 
-----------------------------------------
GERACAO 5
Mutante 1:
[[6.  5.8 7.8 7.6 5.8]
 [1.8 2.  1.  1.  1. ]]
 
Mutante 2:
[[9.  8.2 9.4 9.6 9. ]
 [1.  2.8 1.8 2.  1. ]]
 
Mutante 3:
[[6.6 5.8 4.2 6.6 5.8]
 [1.2 1.  1.  1.8 1. ]]
 
Mutante 4:
[[0.  0.  8.6 0.  9. ]
 [1.2 1.8 1.  1.  1. ]]
 
Mutante 5:
[[8.2 9.  0.  9.  2.6]
 [1.2 1.  1.  1.8 1. ]]
 
Mutante 6:
[[0.  9.  3.2 0.  7.4]
 [0.2 1.  1.8 2.  1.8]]
 
Mutante 7:
[[3.  7.2 0.  9.  9.8]
 [1.  2.  1.2 1.  1. ]]
 
Mutante 8:
[[2.4 0.2 7.2 0.  2.4]
 [2.  0.2 1.  1.  2.6]]
 
Mutante 9:
[[0.  1.8 3.2 0.  5.2]
 [1.  1.8 1.  1.2 1. ]]
 
Mutante 10:
[[0.  6.6 0.  4.8 9. ]
 [2.  1.  1.  1.8 1. ]]
 
Mutante 11:
[[5.8 6.8 7.  5.8 7. ]
 [1.2 1.8 1.8 2.  1. ]]
 
Mutante 12:
[[1.6 4.8 8.2 4.8 9. ]
 [2.  1.  1.  1.  1. ]]
 
Mutante 13:
[[9.  9.  2.6 9.  0. ]
 [2.  0.2 2.6 1.  1. ]]
 
Mutante 14:
[[8.8 1.6 1.8 0.  9.4]
 [2.  1.  1.  1.  1. ]]
 
Mutante 15:
[[0.4 0.  9.4 3.6 5.8]
 [1.8 1.2 0.2 1.  1. ]]
 
Mutante 16:
[[6.6 4.4 0.6 4.2 5.4]
 [2.  0.2 1.8 2.  1. ]]
 
Mutante 17:
[[8.  0.  9.  9.6 7.2]
 [2.8 1.  2.  1.  1. ]]
 
Mutante 18:
[[4.2 8.4 3.4 8.2 3.4]
 [2.8 1.  1.  1.8 1. ]]
 
Mutante 19:
[[9.6 7.8 7.4 6.  6. ]
 [1.8 1.  3.  1.  1. ]]
 
Mutante 20:
[[9.  9.  9.  9.2 3.8]
 [1.  2.  1.2 1.  1. ]]
 
Mutante 21:
[[7.  8.8 7.4 4.  9. ]
 [1.8 1.  2.  1.8 2. ]]
 
Mutante 22:
[[9.  6.4 9.  6.4 6.2]
 [2.  1.  1.8 1.  1. ]]
 
Mutante 23:
[[6.6 0.  1.8 9.  1.8]
 [1.2 1.8 1.  1.  1. ]]
 
Mutante 24:
[[7.2 0.  3.  7.2 1.6]
 [2.  1.  2.  1.  0.2]]
 
Mutante 25:
[[0.  9.6 0.  5.8 6.2]
 [1.  1.2 1.  1.  1. ]]
 
Mutante 26:
[[9.  9.  5.4 3.  1.8]
 [1.  1.  3.  1.  1. ]]
 
Mutante 27:
[[9.  0.  4.6 9.  5.6]
 [1.8 2.  1.8 2.  0.2]]
 
Mutante 28:
[[8.4 9.  1.  6.  0. ]
 [1.2 1.  1.8 1.  1.8]]
 
Mutante 29:
[[0.  1.  0.8 0.  8.2]
 [1.  1.2 1.  1.  1. ]]
 
Mutante 30:
[[6.6 9.6 9.  4.8 6.6]
 [1.  0.2 1.  2.  3. ]]
 
Mutante 31:
[[4.2 5.  9.6 4.6 9. ]
 [2.8 1.2 1.  1.  1. ]]
 
Mutante 32:
[[4.6 5.8 4.8 4.8 8.4]
 [1.  1.8 1.  2.  1. ]]
 
Mutante 33:
[[9.  3.6 9.  1.8 2.6]
 [1.8 1.  1.  1.  3. ]]
 
Mutante 34:
[[4.6 6.4 3.6 1.  3.2]
 [2.  1.  1.  0.2 1. ]]
 
Mutante 35:
[[3.  3.4 5.2 9.  9.8]
 [1.  1.8 1.4 1.8 1. ]]
 
Mutante 36:
[[4.  8.6 6.  5.8 6.2]
 [1.  0.2 1.  1.  1.8]]
 
Mutante 37:
[[4.  0.  9.  0.  6.6]
 [1.  1.  1.  1.  3. ]]
 
Mutante 38:
[[4.4 0.  9.  4.4 0. ]
 [1.  1.  2.8 0.2 1. ]]
 
Mutante 39:
[[9.  9.  0.  9.  9. ]
 [0.2 2.8 2.  1.8 1. ]]
 
Mutante 40:
[[0.6 3.2 3.6 5.4 9. ]
 [1.8 2.  0.4 1.  1. ]]
 
Mutante 41:
[[8.2 0.2 6.  5.8 0.4]
 [0.2 1.  1.  3.  2.6]]
 
Mutante 42:
[[1.2 5.  7.  0.  7.4]
 [1.  2.8 1.  0.2 1. ]]
 
Mutante 43:
[[9.  0.  7.4 7.4 2.6]
 [1.  1.  1.8 1.  3. ]]
 
Mutante 44:
[[5.4 5.  0.2 4.2 5.6]
 [2.8 1.  0.4 1.8 1. ]]
 
Mutante 45:
[[8.8 7.4 7.2 0.  9. ]
 [1.  2.8 2.8 1.  1. ]]
 
Mutante 46:
[[5.2 9.  0.  9.  0. ]
 [2.  1.  2.6 1.  1. ]]
 
Mutante 47:
[[6.2 6.4 0.  6.6 0. ]
 [2.  1.  2.6 1.  1. ]]
 
Mutante 48:
[[9.  0.  9.  1.  7.4]
 [1.8 1.8 1.  0.2 3. ]]
 
Mutante 49:
[[0.2 3.8 9.  3.2 6.8]
 [1.  2.  1.  1.2 1. ]]
 
Mutante 50:
[[8.6 4.2 8.6 6.4 1.4]
 [2.  1.8 0.2 2.8 0.2]]
 
-----------------------------------------
Número de avaliações até o momento: 250
Evoluido 1:
[[7 5 7 7 5]
 [2 2 1 1 1]]
 
Evoluido 2:
[[9 8 9 9 9]
 [1 2 1 2 1]]
 
Evoluido 3:
[[6 5 8 6 8]
 [1 1 1 1 1]]
 
Evoluido 4:
[[0 0 8 0 9]
 [1 1 1 1 1]]
 
Evoluido 5:
[[8 9 0 9 2]
 [1 1 1 1 1]]
 
Evoluido 6:
[[0 9 3 0 1]
 [0 1 1 2 1]]
 
Evoluido 7:
[[3 7 1 9 7]
 [1 2 1 1 1]]
 
Evoluido 8:
[[2 0 7 0 4]
 [2 0 1 1 2]]
 
Evoluido 9:
[[5 1 3 0 5]
 [1 1 1 1 1]]
 
Evoluido 10:
[[3 6 5 4 9]
 [2 1 1 1 1]]
 
Evoluido 11:
[[5 0 0 5 7]
 [1 1 1 2 1]]
 
Evoluido 12:
[[1 4 8 2 9]
 [2 1 1 1 1]]
 
Evoluido 13:
[[9 9 0 7 0]
 [2 0 2 1 1]]
 
Evoluido 14:
[[8 1 1 0 9]
 [2 1 1 1 1]]
 
Evoluido 15:
[[8 7 9 3 2]
 [1 1 0 1 1]]
 
Evoluido 16:
[[6 5 0 4 8]
 [2 0 1 2 1]]
 
Evoluido 17:
[[8 0 9 9 1]
 [2 1 2 1 1]]
 
Evoluido 18:
[[4 8 3 8 5]
 [2 1 1 1 1]]
 
Evoluido 19:
[[9 1 7 6 6]
 [2 1 3 1 1]]
 
Evoluido 20:
[[9 9 9 9 8]
 [1 2 1 1 1]]
 
Evoluido 21:
[[0 8 7 4 9]
 [1 1 1 1 2]]
 
Evoluido 22:
[[9 6 9 2 9]
 [1 1 1 1 1]]
 
Evoluido 23:
[[6 8 1 9 1]
 [1 1 1 1 1]]
 
Evoluido 24:
[[7 5 6 7 1]
 [2 1 2 1 0]]
 
Evoluido 25:
[[0 9 0 5 6]
 [1 1 1 1 1]]
 
Evoluido 26:
[[9 9 5 3 1]
 [1 1 1 1 1]]
 
Evoluido 27:
[[9 0 7 9 5]
 [1 1 1 2 3]]
 
Evoluido 28:
[[8 9 1 6 0]
 [1 1 1 1 1]]
 
Evoluido 29:
[[0 1 0 0 8]
 [1 1 1 1 1]]
 
Evoluido 30:
[[6 9 9 4 6]
 [1 1 3 2 3]]
 
Evoluido 31:
[[7 5 9 4 9]
 [2 1 1 1 1]]
 
Evoluido 32:
[[4 5 3 4 8]
 [1 1 1 2 1]]
 
Evoluido 33:
[[6 0 9 5 3]
 [1 1 1 1 3]]
 
Evoluido 34:
[[4 6 3 1 3]
 [1 1 1 0 1]]
 
Evoluido 35:
[[3 3 5 6 9]
 [1 1 1 1 1]]
 
Evoluido 36:
[[4 8 6 5 6]
 [1 0 1 1 1]]
 
Evoluido 37:
[[4 0 9 0 6]
 [2 1 1 2 3]]
 
Evoluido 38:
[[4 2 9 4 0]
 [1 1 2 0 1]]
 
Evoluido 39:
[[9 9 0 9 9]
 [0 2 2 1 1]]
 
Evoluido 40:
[[0 3 3 5 9]
 [1 2 2 1 1]]
 
Evoluido 41:
[[8 0 6 1 0]
 [0 1 1 3 2]]
 
Evoluido 42:
[[1 5 7 0 7]
 [1 2 1 0 1]]
 
Evoluido 43:
[[9 0 7 7 2]
 [1 1 1 1 3]]
 
Evoluido 44:
[[5 5 0 4 5]
 [2 1 0 1 3]]
 
Evoluido 45:
[[8 7 7 0 2]
 [1 2 2 1 1]]
 
Evoluido 46:
[[5 8 0 9 0]
 [2 1 2 1 1]]
 
Evoluido 47:
[[6 6 0 0 0]
 [2 1 2 1 1]]
 
Evoluido 48:
[[9 0 9 1 7]
 [1 1 1 0 1]]
 
Evoluido 49:
[[0 3 9 3 8]
 [1 2 1 1 1]]
 
Evoluido 50:
[[8 4 8 6 1]
 [2 1 1 1 1]]
 
-----------------------------------------
Individuo 1:
{
  "solucao": [7 5 7 7 5]
                [2 2 1 1 1],
  "funcao_objetivo": 0.98853885010903615371210941115856537177840590220155,
  "confiabilidade_total": 0.98853885010903615371210941115856537177840590220155
  "peso": 100.79000000000002,
  "custo": 90.29
}
 
Individuo 2:
{
  "solucao": [5 6 1 7 3]
                [2 1 1 2 1],
  "funcao_objetivo": 0.98800758057471945759943220553270204940110372632789,
  "confiabilidade_total": 0.98800758057471945759943220553270204940110372632789
  "peso": 118.03,
  "custo": 89.4
}
 
Individuo 3:
{
  "solucao": [9 5 8 7 8]
                [2 2 1 1 1],
  "funcao_objetivo": 0.98715469879535842153012876199262275965705584572557,
  "confiabilidade_total": 0.98715469879535842153012876199262275965705584572557
  "peso": 109.59,
  "custo": 97.74
}
 
Individuo 4:
{
  "solucao": [8 9 8 2 7]
                [1 2 2 1 1],
  "funcao_objetivo": 0.98549759420883959594802733574192568223508435550575,
  "confiabilidade_total": 0.98549759420883959594802733574192568223508435550575
  "peso": 117.44000000000001,
  "custo": 99.96
}
 
Individuo 5:
{
  "solucao": [0 2 5 0 5]
                [2 1 1 1 1],
  "funcao_objetivo": 0.97939169416885719102641310451439255570790105307927,
  "confiabilidade_total": 0.97939169416885719102641310451439255570790105307927
  "peso": 113.0,
  "custo": 78.44
}
 
Individuo 6:
{
  "solucao": [2 0 7 2 1]
                [1 1 2 1 1],
  "funcao_objetivo": 0.97865807291684062189417045379890107152670063015230,
  "confiabilidade_total": 0.97865807291684062189417045379890107152670063015230
  "peso": 112.13,
  "custo": 79.52
}
 
Individuo 7:
{
  "solucao": [2 3 1 0 7]
                [1 1 2 1 1],
  "funcao_objetivo": 0.97854313506895451077649621870211774751033121769140,
  "confiabilidade_total": 0.97854313506895451077649621870211774751033121769140
  "peso": 115.5,
  "custo": 81.92
}
 
Individuo 8:
{
  "solucao": [8 0 7 8 4]
                [2 1 2 1 1],
  "funcao_objetivo": 0.97845511744503273585827603528251628680059127542821,
  "confiabilidade_total": 0.97845511744503273585827603528251628680059127542821
  "peso": 116.06,
  "custo": 99.88
}
 
Individuo 9:
{
  "solucao": [5 5 6 0 8]
                [3 1 1 1 1],
  "funcao_objetivo": 0.97593898462404917673822575569105669203776138783195,
  "confiabilidade_total": 0.97593898462404917673822575569105669203776138783195
  "peso": 113.78999999999999,
  "custo": 83.07
}
 
Individuo 10:
{
  "solucao": [3 8 5 0 8]
                [1 1 2 1 2],
  "funcao_objetivo": 0.97564572754574997085311823927069204544283600782491,
  "confiabilidade_total": 0.97564572754574997085311823927069204544283600782491
  "peso": 115.61999999999999,
  "custo": 88.76
}
 
Individuo 11:
{
  "solucao": [0 0 0 0 7]
                [1 1 1 2 1],
  "funcao_objetivo": 0.98477878973321109443416353280836494571964904727312,
  "confiabilidade_total": 0.98477878973321109443416353280836494571964904727312
  "peso": 115.5,
  "custo": 95.39
}
 
Individuo 12:
{
  "solucao": [0 0 7 2 8]
                [2 1 1 1 1],
  "funcao_objetivo": 0.97994349562229598626893050680172644708328339243974,
  "confiabilidade_total": 0.97994349562229598626893050680172644708328339243974
  "peso": 112.27000000000001,
  "custo": 86.00999999999999
}
 
Individuo 13:
{
  "solucao": [4 9 0 7 5]
                [1 1 1 2 1],
  "funcao_objetivo": 0.97384951415517409319485150085324333443699874990085,
  "confiabilidade_total": 0.97384951415517409319485150085324333443699874990085
  "peso": 105.46,
  "custo": 87.93
}
 
Individuo 14:
{
  "solucao": [8 1 1 0 9]
                [2 1 1 1 1],
  "funcao_objetivo": 0.97886218147790813727354777723866539375007568371970,
  "confiabilidade_total": 0.97886218147790813727354777723866539375007568371970
  "peso": 104.04,
  "custo": 90.1
}
 
Individuo 15:
{
  "solucao": [8 7 5 2 2]
                [1 1 3 1 1],
  "funcao_objetivo": 0.97273299731035290095620699612256308413537854655702,
  "confiabilidade_total": 0.97273299731035290095620699612256308413537854655702
  "peso": 118.38000000000001,
  "custo": 78.1
}
 
Individuo 16:
{
  "solucao": [8 5 3 8 8]
                [1 2 1 2 1],
  "funcao_objetivo": 0.97033984643712026317320353890262145499623346325764,
  "confiabilidade_total": 0.97033984643712026317320353890262145499623346325764
  "peso": 109.92999999999999,
  "custo": 86.0
}
 
Individuo 17:
{
  "solucao": [7 6 7 3 1]
                [1 1 3 1 1],
  "funcao_objetivo": 0.97013166652609817975920384740268917514581664626180,
  "confiabilidade_total": 0.97013166652609817975920384740268917514581664626180
  "peso": 116.87,
  "custo": 98.46
}
 
Individuo 18:
{
  "solucao": [4 0 3 5 5]
                [1 1 1 2 1],
  "funcao_objetivo": 0.96978730416799348699943757964022430787019516740051,
  "confiabilidade_total": 0.96978730416799348699943757964022430787019516740051
  "peso": 110.36,
  "custo": 73.06
}
 
Individuo 19:
{
  "solucao": [9 1 1 9 5]
                [2 1 1 1 1],
  "funcao_objetivo": 0.96847764048341190418470057551960467906899575185455,
  "confiabilidade_total": 0.96847764048341190418470057551960467906899575185455
  "peso": 106.16000000000001,
  "custo": 93.18
}
 
Individuo 20:
{
  "solucao": [3 5 4 7 8]
                [1 2 1 2 1],
  "funcao_objetivo": 0.97362737678066964850585778451773043484515677707678,
  "confiabilidade_total": 0.97362737678066964850585778451773043484515677707678
  "peso": 118.24,
  "custo": 89.66999999999999
}
 
Individuo 21:
{
  "solucao": [0 5 4 1 9]
                [1 2 1 1 1],
  "funcao_objetivo": 0.97630534106819065247884836351368825604820361062546,
  "confiabilidade_total": 0.97630534106819065247884836351368825604820361062546
  "peso": 109.99000000000001,
  "custo": 83.31
}
 
Individuo 22:
{
  "solucao": [2 1 7 2 9]
                [1 2 1 1 1],
  "funcao_objetivo": 0.97096556337823740299970525473672358182199751332800,
  "confiabilidade_total": 0.97096556337823740299970525473672358182199751332800
  "peso": 114.22000000000001,
  "custo": 81.11
}
 
Individuo 23:
{
  "solucao": [8 8 6 2 4]
                [1 1 2 1 1],
  "funcao_objetivo": 0.96696310315497920078777062820584140163301964023423,
  "confiabilidade_total": 0.96696310315497920078777062820584140163301964023423
  "peso": 115.68,
  "custo": 74.97
}
 
Individuo 24:
{
  "solucao": [5 5 6 5 2]
                [1 1 1 3 1],
  "funcao_objetivo": 0.96684599607258533755547823049136771813172811657034,
  "confiabilidade_total": 0.96684599607258533755547823049136771813172811657034
  "peso": 116.4,
  "custo": 73.41
}
 
Individuo 25:
{
  "solucao": [5 6 4 0 9]
                [1 1 1 2 1],
  "funcao_objetivo": 0.96677624217924732504442380054657937070807230480658,
  "confiabilidade_total": 0.96677624217924732504442380054657937070807230480658
  "peso": 117.44999999999999,
  "custo": 86.72999999999999
}
 
Individuo 26:
{
  "solucao": [0 0 5 0 9]
                [2 1 1 1 1],
  "funcao_objetivo": 0.98279083038896993577379506222009501713505911593806,
  "confiabilidade_total": 0.98279083038896993577379506222009501713505911593806
  "peso": 114.22,
  "custo": 92.53999999999999
}
 
Individuo 27:
{
  "solucao": [5 8 7 8 5]
                [1 1 1 2 3],
  "funcao_objetivo": 0.96506668452319058429650432776055902395221047952458,
  "confiabilidade_total": 0.96506668452319058429650432776055902395221047952458
  "peso": 116.81,
  "custo": 96.13
}
 
Individuo 28:
{
  "solucao": [3 5 3 0 3]
                [1 2 1 1 1],
  "funcao_objetivo": 0.97072185583703159756492679142765111022040167773322,
  "confiabilidade_total": 0.97072185583703159756492679142765111022040167773322
  "peso": 116.17999999999998,
  "custo": 72.67
}
 
Individuo 29:
{
  "solucao": [0 5 0 1 4]
                [2 1 1 1 1],
  "funcao_objetivo": 0.97423161365886395658813730973771147056185022994131,
  "confiabilidade_total": 0.97423161365886395658813730973771147056185022994131
  "peso": 117.38999999999999,
  "custo": 87.43
}
 
Individuo 30:
{
  "solucao": [7 5 6 8 5]
                [1 1 3 1 1],
  "funcao_objetivo": 0.96448056295045112584812543170798561231411778649646,
  "confiabilidade_total": 0.96448056295045112584812543170798561231411778649646
  "peso": 118.25,
  "custo": 85.92
}
 
Individuo 31:
{
  "solucao": [7 5 5 1 4]
                [2 1 2 1 1],
  "funcao_objetivo": 0.97623171568448983400901074075818037690655497268365,
  "confiabilidade_total": 0.97623171568448983400901074075818037690655497268365
  "peso": 114.34,
  "custo": 89.4
}
 
Individuo 32:
{
  "solucao": [2 5 3 8 2]
                [1 1 2 1 1],
  "funcao_objetivo": 0.96349456497529501721606548791100615775826503305177,
  "confiabilidade_total": 0.96349456497529501721606548791100615775826503305177
  "peso": 119.07,
  "custo": 66.60000000000001
}
 
Individuo 33:
{
  "solucao": [6 0 5 5 3]
                [1 2 1 1 1],
  "funcao_objetivo": 0.96517978637025234413010057425337970810456063141412,
  "confiabilidade_total": 0.96517978637025234413010057425337970810456063141412
  "peso": 112.17000000000002,
  "custo": 77.19
}
 
Individuo 34:
{
  "solucao": [5 7 7 8 6]
                [1 2 1 2 1],
  "funcao_objetivo": 0.96832734557119494487593049693154858283153590519174,
  "confiabilidade_total": 0.96832734557119494487593049693154858283153590519174
  "peso": 106.36,
  "custo": 93.9
}
 
Individuo 35:
{
  "solucao": [6 9 1 6 0]
                [2 1 1 1 1],
  "funcao_objetivo": 0.96189204121728188090286240270590308386222481709985,
  "confiabilidade_total": 0.96189204121728188090286240270590308386222481709985
  "peso": 116.84,
  "custo": 85.76
}
 
Individuo 36:
{
  "solucao": [2 8 9 6 5]
                [2 1 1 1 1],
  "funcao_objetivo": 0.96128037917291496945896552542023359462721296317232,
  "confiabilidade_total": 0.96128037917291496945896552542023359462721296317232
  "peso": 113.2,
  "custo": 72.8
}
 
Individuo 37:
{
  "solucao": [5 6 3 5 7]
                [2 1 1 2 1],
  "funcao_objetivo": 0.98629531401381201849213283400808214287930261804256,
  "confiabilidade_total": 0.98629531401381201849213283400808214287930261804256
  "peso": 115.24000000000001,
  "custo": 80.43
}
 
Individuo 38:
{
  "solucao": [9 2 8 0 4]
                [2 1 2 1 0],
  "funcao_objetivo": 0.97698764868104795423031166775806316682312621767288,
  "confiabilidade_total": 0.97698764868104795423031166775806316682312621767288
  "peso": 108.97999999999999,
  "custo": 87.88
}
 
Individuo 39:
{
  "solucao": [5 8 0 9 7]
                [1 2 1 1 1],
  "funcao_objetivo": 0.97040191140456736934111163382094340995424627807850,
  "confiabilidade_total": 0.97040191140456736934111163382094340995424627807850
  "peso": 96.72,
  "custo": 85.75
}
 
Individuo 40:
{
  "solucao": [9 1 5 4 8]
                [1 2 2 1 1],
  "funcao_objetivo": 0.96688850885781615999170209932025780398249265986242,
  "confiabilidade_total": 0.98688850885781608754964974252879354134052631693639
  "peso": 122.39999999999999,
  "custo": 95.29999999999998
}
 
Individuo 41:
{
  "solucao": [1 7 5 1 7]
                [1 1 1 1 2],
  "funcao_objetivo": 0.95564335300193229591850506032387850104340196575511,
  "confiabilidade_total": 0.95564335300193229591850506032387850104340196575511
  "peso": 93.38000000000001,
  "custo": 84.33
}
 
Individuo 42:
{
  "solucao": [4 8 9 0 7]
                [2 1 1 1 1],
  "funcao_objetivo": 0.97064994453965299160248571020315544672097059412701,
  "confiabilidade_total": 0.97064994453965299160248571020315544672097059412701
  "peso": 114.91,
  "custo": 90.17
}
 
Individuo 43:
{
  "solucao": [0 1 7 0 9]
                [2 1 1 1 1],
  "funcao_objetivo": 0.98015641030096411936275211837459233110782781861643,
  "confiabilidade_total": 0.98015641030096411936275211837459233110782781861643
  "peso": 111.47,
  "custo": 95.71000000000001
}
 
Individuo 44:
{
  "solucao": [8 2 9 1 5]
                [1 1 1 1 3],
  "funcao_objetivo": 0.94944207019933801665654330947077043986798057795025,
  "confiabilidade_total": 0.94944207019933801665654330947077043986798057795025
  "peso": 118.00999999999999,
  "custo": 86.31
}
 
Individuo 45:
{
  "solucao": [8 7 7 0 2]
                [1 2 2 1 1],
  "funcao_objetivo": 0.98889618741491549287000307724413651196753251800327,
  "confiabilidade_total": 0.98889618741491549287000307724413651196753251800327
  "peso": 114.18,
  "custo": 98.31
}
 
Individuo 46:
{
  "solucao": [7 8 2 7 9]
                [1 2 2 1 1],
  "funcao_objetivo": 0.97487163218222970913437141647069183926452716540263,
  "confiabilidade_total": 0.98595496551556314714323225487920099220593293856547
  "peso": 121.33000000000001,
  "custo": 93.15
}
 
Individuo 47:
{
  "solucao": [0 5 0 0 4]
                [1 1 1 1 1],
  "funcao_objetivo": 0.96596146527853077018706859084382276992548341405070,
  "confiabilidade_total": 0.96596146527853077018706859084382276992548341405070
  "peso": 99.28999999999999,
  "custo": 72.68
}
 
Individuo 48:
{
  "solucao": [5 6 5 9 5]
                [2 1 1 1 1],
  "funcao_objetivo": 0.95868655950040644637031688644694119794981900231139,
  "confiabilidade_total": 0.95868655950040644637031688644694119794981900231139
  "peso": 97.35000000000001,
  "custo": 71.4
}
 
Individuo 49:
{
  "solucao": [8 0 0 3 8]
                [2 1 1 1 1],
  "funcao_objetivo": 0.97739599287641123251299535508322702468537225305084,
  "confiabilidade_total": 0.97739599287641123251299535508322702468537225305084
  "peso": 106.42999999999999,
  "custo": 84.25
}
 
Individuo 50:
{
  "solucao": [8 4 8 6 1]
                [2 1 1 1 1],
  "funcao_objetivo": 0.96429631646072039305427844963532256248854052840446,
  "confiabilidade_total": 0.96429631646072039305427844963532256248854052840446
  "peso": 105.60999999999999,
  "custo": 81.21
}
 
-----------------------------------------
GERACAO 6
Mutante 1:
[[5.6 6.2 8.6 0.8 1.2]
 [0.2 2.  2.8 0.2 1. ]]
 
Mutante 2:
[[9.6 9.  8.8 3.6 9.4]
 [1.8 2.8 2.  1.  1. ]]
 
Mutante 3:
[[2.4 9.  2.6 4.  3. ]
 [2.8 1.  1.  1.  1. ]]
 
Mutante 4:
[[2.8 0.8 6.6 1.8 3. ]
 [0.2 2.  1.  0.2 1.8]]
 
Mutante 5:
[[6.  1.6 9.  3.4 0.6]
 [0.2 2.  1.  1.  2.6]]
 
Mutante 6:
[[8.2 6.2 7.  9.  4.4]
 [1.8 2.  1.  2.  0.2]]
 
Mutante 7:
[[3.  9.8 3.8 6.2 7.4]
 [2.  2.  1.8 1.  0.2]]
 
Mutante 8:
[[1.2 1.  1.4 6.4 0.4]
 [0.2 1.  2.  1.  1. ]]
 
Mutante 9:
[[7.  1.  6.  8.  7.4]
 [1.  1.  3.  1.8 1. ]]
 
Mutante 10:
[[9.  9.  8.4 7.6 3.2]
 [1.  1.8 2.  1.  1. ]]
 
Mutante 11:
[[8.6 0.  0.  2.4 3. ]
 [1.  2.  1.  1.  1. ]]
 
Mutante 12:
[[0.  0.  5.6 0.  5.6]
 [1.8 0.2 1.  1.  1. ]]
 
Mutante 13:
[[6.4 9.6 7.6 2.8 7.2]
 [1.  0.2 2.  1.  1.8]]
 
Mutante 14:
[[7.6 9.  0.  9.  0. ]
 [2.  1.8 0.2 1.  0.2]]
 
Mutante 15:
[[9.  0.  0.  5.4 9.6]
 [1.2 1.8 1.  1.  1. ]]
 
Mutante 16:
[[3.6 1.8 5.4 8.8 2. ]
 [1.  1.  2.  1.  1. ]]
 
Mutante 17:
[[9.8 9.  6.8 5.  6.8]
 [1.  1.8 1.  3.  1. ]]
 
Mutante 18:
[[0.4 0.  3.4 0.2 0. ]
 [1.8 1.2 0.2 1.  1. ]]
 
Mutante 19:
[[8.8 7.8 9.8 0.  0.4]
 [1.  1.  3.  1.  1. ]]
 
Mutante 20:
[[1.8 9.2 2.6 8.2 2.6]
 [2.  0.2 1.  1.  1. ]]
 
Mutante 21:
[[3.6 4.8 2.6 0.  7. ]
 [0.2 2.  0.2 1.8 1. ]]
 
Mutante 22:
[[0.  5.6 0.  4.  5. ]
 [2.8 1.  1.  1.  1. ]]
 
Mutante 23:
[[2.4 0.4 1.8 0.  6.6]
 [2.  1.  1.  1.  1. ]]
 
Mutante 24:
[[1.4 5.8 2.4 0.6 9.6]
 [1.  1.2 1.8 1.2 1.8]]
 
Mutante 25:
[[4.2 0.  7.2 0.  4. ]
 [1.2 1.  2.8 1.  1. ]]
 
Mutante 26:
[[0.  7.6 2.4 0.  9.8]
 [1.  1.  0.2 2.  1. ]]
 
Mutante 27:
[[7.4 7.6 0.  9.  1.4]
 [2.  1.  1.  2.8 0.2]]
 
Mutante 28:
[[4.8 7.4 0.  9.  1. ]
 [1.  1.  1.8 2.  0.2]]
 
Mutante 29:
[[2.2 0.  9.8 0.  9. ]
 [2.  1.  2.  1.  1. ]]
 
Mutante 30:
[[9.2 0.  5.  2.4 9. ]
 [0.2 1.8 2.8 1.  1. ]]
 
Mutante 31:
[[2.  4.  7.  0.  5.8]
 [0.2 1.8 2.8 1.  1. ]]
 
Mutante 32:
[[5.2 0.  9.  0.  1.8]
 [1.  1.  2.8 1.  1. ]]
 
Mutante 33:
[[2.  3.  0.  0.  5.4]
 [1.  1.  2.  1.8 1. ]]
 
Mutante 34:
[[9.  4.2 1.8 9.6 6.4]
 [1.  2.  2.  1.8 1. ]]
 
Mutante 35:
[[9.  0.  4.2 9.  2.6]
 [2.  1.  1.8 0.2 1. ]]
 
Mutante 36:
[[1.2 4.6 4.2 0.  8.6]
 [1.  1.  2.  1.  1. ]]
 
Mutante 37:
[[0.  3.4 0.  1.  0.8]
 [2.  0.2 1.8 0.2 1. ]]
 
Mutante 38:
[[9.4 9.  0.  5.4 5. ]
 [0.2 2.8 2.  1.  1. ]]
 
Mutante 39:
[[6.6 3.4 7.2 9.  7.2]
 [2.  2.  0.2 1.8 1. ]]
 
Mutante 40:
[[0.  9.  0.  0.  5.8]
 [1.  2.  0.2 1.  1. ]]
 
Mutante 41:
[[0.  0.  8.6 0.  1.8]
 [1.8 0.2 2.  0.2 1. ]]
 
Mutante 42:
[[7.4 2.6 9.  0.  4.8]
 [3.  1.  2.6 0.2 1. ]]
 
Mutante 43:
[[2.4 5.8 0.  0.  2.4]
 [2.  0.2 1.8 0.2 1. ]]
 
Mutante 44:
[[9.  9.2 7.4 7.8 5.4]
 [1.2 1.8 1.8 2.  1. ]]
 
Mutante 45:
[[2.6 2.6 5.  6.6 2.6]
 [2.  1.  1.  1.  1. ]]
 
Mutante 46:
[[5.6 9.  8.6 4.  0.4]
 [1.  2.  2.  1.8 1. ]]
 
Mutante 47:
[[0.  0.  4.6 0.  9.6]
 [2.  1.  1.  1.  1. ]]
 
Mutante 48:
[[0.  1.6 8.2 0.  7.4]
 [2.  1.  1.  1.  1. ]]
 
Mutante 49:
[[8.8 4.6 7.4 0.4 3.6]
 [1.8 1.  3.  1.  1. ]]
 
Mutante 50:
[[4.6 4.2 4.4 9.  9. ]
 [1.8 1.  1.4 1.8 1. ]]
 
-----------------------------------------
Número de avaliações até o momento: 300
Evoluido 1:
[[5 5 8 0 5]
 [0 2 2 0 1]]
 
Evoluido 2:
[[9 9 8 7 9]
 [1 2 1 1 1]]
 
Evoluido 3:
[[2 9 8 4 3]
 [2 1 1 1 1]]
 
Evoluido 4:
[[8 0 6 1 3]
 [0 2 1 1 1]]
 
Evoluido 5:
[[6 1 5 0 0]
 [0 2 1 1 1]]
 
Evoluido 6:
[[8 6 7 9 1]
 [1 2 1 2 0]]
 
Evoluido 7:
[[2 9 1 0 7]
 [2 2 2 1 0]]
 
Evoluido 8:
[[8 1 1 8 0]
 [0 1 2 1 1]]
 
Evoluido 9:
[[7 1 6 8 8]
 [3 1 3 1 1]]
 
Evoluido 10:
[[9 9 5 7 8]
 [1 1 2 1 1]]
 
Evoluido 11:
[[8 0 0 2 3]
 [1 2 1 1 1]]
 
Evoluido 12:
[[0 0 7 0 5]
 [1 0 1 1 1]]
 
Evoluido 13:
[[6 9 7 2 7]
 [1 0 2 2 1]]
 
Evoluido 14:
[[7 1 0 9 0]
 [2 1 1 1 0]]
 
Evoluido 15:
[[8 0 5 5 2]
 [1 1 1 1 1]]
 
Evoluido 16:
[[8 1 5 8 2]
 [1 1 2 1 1]]
 
Evoluido 17:
[[7 9 6 3 6]
 [1 1 1 3 1]]
 
Evoluido 18:
[[0 0 3 0 5]
 [1 1 0 1 1]]
 
Evoluido 19:
[[8 7 9 9 0]
 [2 1 3 1 1]]
 
Evoluido 20:
[[1 5 2 7 2]
 [2 2 1 1 1]]
 
Evoluido 21:
[[0 4 2 0 7]
 [0 2 0 1 1]]
 
Evoluido 22:
[[0 1 0 4 5]
 [2 1 1 1 1]]
 
Evoluido 23:
[[2 0 1 2 6]
 [2 1 1 1 1]]
 
Evoluido 24:
[[1 5 2 5 9]
 [1 1 1 3 1]]
 
Evoluido 25:
[[5 0 7 0 4]
 [1 1 2 2 1]]
 
Evoluido 26:
[[0 7 5 0 9]
 [1 1 0 2 1]]
 
Evoluido 27:
[[5 7 0 8 5]
 [1 1 1 2 3]]
 
Evoluido 28:
[[4 7 0 9 3]
 [1 1 1 1 1]]
 
Evoluido 29:
[[2 5 9 1 9]
 [2 1 2 1 1]]
 
Evoluido 30:
[[9 0 5 2 9]
 [0 1 2 1 1]]
 
Evoluido 31:
[[2 4 5 0 5]
 [0 1 2 1 1]]
 
Evoluido 32:
[[5 5 9 0 1]
 [1 1 2 1 1]]
 
Evoluido 33:
[[2 0 5 0 5]
 [1 1 2 1 1]]
 
Evoluido 34:
[[9 4 1 8 6]
 [1 2 1 1 1]]
 
Evoluido 35:
[[9 0 4 9 0]
 [2 1 1 0 1]]
 
Evoluido 36:
[[1 4 4 0 8]
 [1 1 1 1 1]]
 
Evoluido 37:
[[0 3 0 1 0]
 [2 1 1 2 1]]
 
Evoluido 38:
[[9 9 0 5 5]
 [0 1 2 1 1]]
 
Evoluido 39:
[[6 8 7 9 7]
 [2 2 0 1 1]]
 
Evoluido 40:
[[0 1 0 4 5]
 [1 2 0 1 1]]
 
Evoluido 41:
[[0 7 8 0 1]
 [1 0 2 0 1]]
 
Evoluido 42:
[[7 2 9 0 4]
 [3 1 2 0 1]]
 
Evoluido 43:
[[2 5 0 0 2]
 [2 0 1 0 1]]
 
Evoluido 44:
[[8 9 7 7 5]
 [1 1 1 2 3]]
 
Evoluido 45:
[[2 2 7 6 2]
 [2 2 1 1 1]]
 
Evoluido 46:
[[5 9 2 4 0]
 [1 2 2 1 1]]
 
Evoluido 47:
[[0 5 0 0 9]
 [2 1 1 1 1]]
 
Evoluido 48:
[[0 6 5 0 7]
 [2 1 1 1 1]]
 
Evoluido 49:
[[8 0 7 0 3]
 [1 1 3 1 1]]
 
Evoluido 50:
[[4 4 4 6 9]
 [1 1 1 1 1]]
 
-----------------------------------------
Individuo 1:
{
  "solucao": [7 5 7 7 5]
                [2 2 1 1 1],
  "funcao_objetivo": 0.98853885010903615371210941115856537177840590220155,
  "confiabilidade_total": 0.98853885010903615371210941115856537177840590220155
  "peso": 100.79000000000002,
  "custo": 90.29
}
 
Individuo 2:
{
  "solucao": [5 6 1 7 3]
                [2 1 1 2 1],
  "funcao_objetivo": 0.98800758057471945759943220553270204940110372632789,
  "confiabilidade_total": 0.98800758057471945759943220553270204940110372632789
  "peso": 118.03,
  "custo": 89.4
}
 
Individuo 3:
{
  "solucao": [9 5 8 7 8]
                [2 2 1 1 1],
  "funcao_objetivo": 0.98715469879535842153012876199262275965705584572557,
  "confiabilidade_total": 0.98715469879535842153012876199262275965705584572557
  "peso": 109.59,
  "custo": 97.74
}
 
Individuo 4:
{
  "solucao": [8 9 8 2 7]
                [1 2 2 1 1],
  "funcao_objetivo": 0.98549759420883959594802733574192568223508435550575,
  "confiabilidade_total": 0.98549759420883959594802733574192568223508435550575
  "peso": 117.44000000000001,
  "custo": 99.96
}
 
Individuo 5:
{
  "solucao": [0 2 5 0 5]
                [2 1 1 1 1],
  "funcao_objetivo": 0.97939169416885719102641310451439255570790105307927,
  "confiabilidade_total": 0.97939169416885719102641310451439255570790105307927
  "peso": 113.0,
  "custo": 78.44
}
 
Individuo 6:
{
  "solucao": [2 0 7 2 1]
                [1 1 2 1 1],
  "funcao_objetivo": 0.97865807291684062189417045379890107152670063015230,
  "confiabilidade_total": 0.97865807291684062189417045379890107152670063015230
  "peso": 112.13,
  "custo": 79.52
}
 
Individuo 7:
{
  "solucao": [2 3 1 0 7]
                [1 1 2 1 1],
  "funcao_objetivo": 0.97854313506895451077649621870211774751033121769140,
  "confiabilidade_total": 0.97854313506895451077649621870211774751033121769140
  "peso": 115.5,
  "custo": 81.92
}
 
Individuo 8:
{
  "solucao": [8 0 7 8 4]
                [2 1 2 1 1],
  "funcao_objetivo": 0.97845511744503273585827603528251628680059127542821,
  "confiabilidade_total": 0.97845511744503273585827603528251628680059127542821
  "peso": 116.06,
  "custo": 99.88
}
 
Individuo 9:
{
  "solucao": [5 5 6 0 8]
                [3 1 1 1 1],
  "funcao_objetivo": 0.97593898462404917673822575569105669203776138783195,
  "confiabilidade_total": 0.97593898462404917673822575569105669203776138783195
  "peso": 113.78999999999999,
  "custo": 83.07
}
 
Individuo 10:
{
  "solucao": [3 8 5 0 8]
                [1 1 2 1 2],
  "funcao_objetivo": 0.97564572754574997085311823927069204544283600782491,
  "confiabilidade_total": 0.97564572754574997085311823927069204544283600782491
  "peso": 115.61999999999999,
  "custo": 88.76
}
 
Individuo 11:
{
  "solucao": [0 0 0 0 7]
                [1 1 1 2 1],
  "funcao_objetivo": 0.98477878973321109443416353280836494571964904727312,
  "confiabilidade_total": 0.98477878973321109443416353280836494571964904727312
  "peso": 115.5,
  "custo": 95.39
}
 
Individuo 12:
{
  "solucao": [0 0 7 2 8]
                [2 1 1 1 1],
  "funcao_objetivo": 0.97994349562229598626893050680172644708328339243974,
  "confiabilidade_total": 0.97994349562229598626893050680172644708328339243974
  "peso": 112.27000000000001,
  "custo": 86.00999999999999
}
 
Individuo 13:
{
  "solucao": [4 9 0 7 5]
                [1 1 1 2 1],
  "funcao_objetivo": 0.97384951415517409319485150085324333443699874990085,
  "confiabilidade_total": 0.97384951415517409319485150085324333443699874990085
  "peso": 105.46,
  "custo": 87.93
}
 
Individuo 14:
{
  "solucao": [8 1 1 0 9]
                [2 1 1 1 1],
  "funcao_objetivo": 0.97886218147790813727354777723866539375007568371970,
  "confiabilidade_total": 0.97886218147790813727354777723866539375007568371970
  "peso": 104.04,
  "custo": 90.1
}
 
Individuo 15:
{
  "solucao": [8 7 5 2 2]
                [1 1 3 1 1],
  "funcao_objetivo": 0.97273299731035290095620699612256308413537854655702,
  "confiabilidade_total": 0.97273299731035290095620699612256308413537854655702
  "peso": 118.38000000000001,
  "custo": 78.1
}
 
Individuo 16:
{
  "solucao": [8 5 3 8 8]
                [1 2 1 2 1],
  "funcao_objetivo": 0.97033984643712026317320353890262145499623346325764,
  "confiabilidade_total": 0.97033984643712026317320353890262145499623346325764
  "peso": 109.92999999999999,
  "custo": 86.0
}
 
Individuo 17:
{
  "solucao": [7 6 7 3 1]
                [1 1 3 1 1],
  "funcao_objetivo": 0.97013166652609817975920384740268917514581664626180,
  "confiabilidade_total": 0.97013166652609817975920384740268917514581664626180
  "peso": 116.87,
  "custo": 98.46
}
 
Individuo 18:
{
  "solucao": [4 0 3 5 5]
                [1 1 1 2 1],
  "funcao_objetivo": 0.96978730416799348699943757964022430787019516740051,
  "confiabilidade_total": 0.96978730416799348699943757964022430787019516740051
  "peso": 110.36,
  "custo": 73.06
}
 
Individuo 19:
{
  "solucao": [9 1 1 9 5]
                [2 1 1 1 1],
  "funcao_objetivo": 0.96847764048341190418470057551960467906899575185455,
  "confiabilidade_total": 0.96847764048341190418470057551960467906899575185455
  "peso": 106.16000000000001,
  "custo": 93.18
}
 
Individuo 20:
{
  "solucao": [3 5 4 7 8]
                [1 2 1 2 1],
  "funcao_objetivo": 0.97362737678066964850585778451773043484515677707678,
  "confiabilidade_total": 0.97362737678066964850585778451773043484515677707678
  "peso": 118.24,
  "custo": 89.66999999999999
}
 
Individuo 21:
{
  "solucao": [0 5 4 1 9]
                [1 2 1 1 1],
  "funcao_objetivo": 0.97630534106819065247884836351368825604820361062546,
  "confiabilidade_total": 0.97630534106819065247884836351368825604820361062546
  "peso": 109.99000000000001,
  "custo": 83.31
}
 
Individuo 22:
{
  "solucao": [0 1 0 4 5]
                [2 1 1 1 1],
  "funcao_objetivo": 0.97630492476928987827786542416775291641077828774827,
  "confiabilidade_total": 0.97630492476928987827786542416775291641077828774827
  "peso": 117.39,
  "custo": 87.43
}
 
Individuo 23:
{
  "solucao": [8 8 6 2 4]
                [1 1 2 1 1],
  "funcao_objetivo": 0.96696310315497920078777062820584140163301964023423,
  "confiabilidade_total": 0.96696310315497920078777062820584140163301964023423
  "peso": 115.68,
  "custo": 74.97
}
 
Individuo 24:
{
  "solucao": [1 5 2 5 9]
                [1 1 1 3 1],
  "funcao_objetivo": 0.97776995577416057540569758292799168873470404373378,
  "confiabilidade_total": 0.97776995577416057540569758292799168873470404373378
  "peso": 118.16,
  "custo": 83.27000000000001
}
 
Individuo 25:
{
  "solucao": [5 6 4 0 9]
                [1 1 1 2 1],
  "funcao_objetivo": 0.96677624217924732504442380054657937070807230480658,
  "confiabilidade_total": 0.96677624217924732504442380054657937070807230480658
  "peso": 117.44999999999999,
  "custo": 86.72999999999999
}
 
Individuo 26:
{
  "solucao": [0 0 5 0 9]
                [2 1 1 1 1],
  "funcao_objetivo": 0.98279083038896993577379506222009501713505911593806,
  "confiabilidade_total": 0.98279083038896993577379506222009501713505911593806
  "peso": 114.22,
  "custo": 92.53999999999999
}
 
Individuo 27:
{
  "solucao": [5 8 7 8 5]
                [1 1 1 2 3],
  "funcao_objetivo": 0.96506668452319058429650432776055902395221047952458,
  "confiabilidade_total": 0.96506668452319058429650432776055902395221047952458
  "peso": 116.81,
  "custo": 96.13
}
 
Individuo 28:
{
  "solucao": [3 5 3 0 3]
                [1 2 1 1 1],
  "funcao_objetivo": 0.97072185583703159756492679142765111022040167773322,
  "confiabilidade_total": 0.97072185583703159756492679142765111022040167773322
  "peso": 116.17999999999998,
  "custo": 72.67
}
 
Individuo 29:
{
  "solucao": [0 5 0 1 4]
                [2 1 1 1 1],
  "funcao_objetivo": 0.97423161365886395658813730973771147056185022994131,
  "confiabilidade_total": 0.97423161365886395658813730973771147056185022994131
  "peso": 117.38999999999999,
  "custo": 87.43
}
 
Individuo 30:
{
  "solucao": [7 5 6 8 5]
                [1 1 3 1 1],
  "funcao_objetivo": 0.96448056295045112584812543170798561231411778649646,
  "confiabilidade_total": 0.96448056295045112584812543170798561231411778649646
  "peso": 118.25,
  "custo": 85.92
}
 
Individuo 31:
{
  "solucao": [7 5 5 1 4]
                [2 1 2 1 1],
  "funcao_objetivo": 0.97623171568448983400901074075818037690655497268365,
  "confiabilidade_total": 0.97623171568448983400901074075818037690655497268365
  "peso": 114.34,
  "custo": 89.4
}
 
Individuo 32:
{
  "solucao": [5 5 9 0 1]
                [1 1 2 1 1],
  "funcao_objetivo": 0.97302337402228524800215970446935061206612426179924,
  "confiabilidade_total": 0.97302337402228524800215970446935061206612426179924
  "peso": 104.65,
  "custo": 87.06
}
 
Individuo 33:
{
  "solucao": [2 0 5 0 5]
                [1 1 2 1 1],
  "funcao_objetivo": 0.98152404338645201943775031922776540736140834445761,
  "confiabilidade_total": 0.98152404338645201943775031922776540736140834445761
  "peso": 107.46000000000001,
  "custo": 72.64
}
 
Individuo 34:
{
  "solucao": [5 7 7 8 6]
                [1 2 1 2 1],
  "funcao_objetivo": 0.96832734557119494487593049693154858283153590519174,
  "confiabilidade_total": 0.96832734557119494487593049693154858283153590519174
  "peso": 106.36,
  "custo": 93.9
}
 
Individuo 35:
{
  "solucao": [6 9 1 6 0]
                [2 1 1 1 1],
  "funcao_objetivo": 0.96189204121728188090286240270590308386222481709985,
  "confiabilidade_total": 0.96189204121728188090286240270590308386222481709985
  "peso": 116.84,
  "custo": 85.76
}
 
Individuo 36:
{
  "solucao": [2 8 9 6 5]
                [2 1 1 1 1],
  "funcao_objetivo": 0.96128037917291496945896552542023359462721296317232,
  "confiabilidade_total": 0.96128037917291496945896552542023359462721296317232
  "peso": 113.2,
  "custo": 72.8
}
 
Individuo 37:
{
  "solucao": [5 6 3 5 7]
                [2 1 1 2 1],
  "funcao_objetivo": 0.98629531401381201849213283400808214287930261804256,
  "confiabilidade_total": 0.98629531401381201849213283400808214287930261804256
  "peso": 115.24000000000001,
  "custo": 80.43
}
 
Individuo 38:
{
  "solucao": [9 2 8 0 4]
                [2 1 2 1 0],
  "funcao_objetivo": 0.97698764868104795423031166775806316682312621767288,
  "confiabilidade_total": 0.97698764868104795423031166775806316682312621767288
  "peso": 108.97999999999999,
  "custo": 87.88
}
 
Individuo 39:
{
  "solucao": [5 8 0 9 7]
                [1 2 1 1 1],
  "funcao_objetivo": 0.97040191140456736934111163382094340995424627807850,
  "confiabilidade_total": 0.97040191140456736934111163382094340995424627807850
  "peso": 96.72,
  "custo": 85.75
}
 
Individuo 40:
{
  "solucao": [9 1 5 4 8]
                [1 2 2 1 1],
  "funcao_objetivo": 0.96688850885781615999170209932025780398249265986242,
  "confiabilidade_total": 0.98688850885781608754964974252879354134052631693639
  "peso": 122.39999999999999,
  "custo": 95.29999999999998
}
 
Individuo 41:
{
  "solucao": [1 7 5 1 7]
                [1 1 1 1 2],
  "funcao_objetivo": 0.95564335300193229591850506032387850104340196575511,
  "confiabilidade_total": 0.95564335300193229591850506032387850104340196575511
  "peso": 93.38000000000001,
  "custo": 84.33
}
 
Individuo 42:
{
  "solucao": [4 8 9 0 7]
                [2 1 1 1 1],
  "funcao_objetivo": 0.97064994453965299160248571020315544672097059412701,
  "confiabilidade_total": 0.97064994453965299160248571020315544672097059412701
  "peso": 114.91,
  "custo": 90.17
}
 
Individuo 43:
{
  "solucao": [0 1 7 0 9]
                [2 1 1 1 1],
  "funcao_objetivo": 0.98015641030096411936275211837459233110782781861643,
  "confiabilidade_total": 0.98015641030096411936275211837459233110782781861643
  "peso": 111.47,
  "custo": 95.71000000000001
}
 
Individuo 44:
{
  "solucao": [8 2 9 1 5]
                [1 1 1 1 3],
  "funcao_objetivo": 0.94944207019933801665654330947077043986798057795025,
  "confiabilidade_total": 0.94944207019933801665654330947077043986798057795025
  "peso": 118.00999999999999,
  "custo": 86.31
}
 
Individuo 45:
{
  "solucao": [8 7 7 0 2]
                [1 2 2 1 1],
  "funcao_objetivo": 0.98889618741491549287000307724413651196753251800327,
  "confiabilidade_total": 0.98889618741491549287000307724413651196753251800327
  "peso": 114.18,
  "custo": 98.31
}
 
Individuo 46:
{
  "solucao": [7 8 2 7 9]
                [1 2 2 1 1],
  "funcao_objetivo": 0.97487163218222970913437141647069183926452716540263,
  "confiabilidade_total": 0.98595496551556314714323225487920099220593293856547
  "peso": 121.33000000000001,
  "custo": 93.15
}
 
Individuo 47:
{
  "solucao": [0 5 0 0 9]
                [2 1 1 1 1],
  "funcao_objetivo": 0.97686147805959386853007792795624195751143687736768,
  "confiabilidade_total": 0.97686147805959386853007792795624195751143687736768
  "peso": 114.21999999999998,
  "custo": 92.53999999999999
}
 
Individuo 48:
{
  "solucao": [0 6 5 0 7]
                [2 1 1 1 1],
  "funcao_objetivo": 0.97484487869574004440304952280900797749465196077146,
  "confiabilidade_total": 0.97484487869574004440304952280900797749465196077146
  "peso": 109.71000000000001,
  "custo": 85.85
}
 
Individuo 49:
{
  "solucao": [8 0 0 3 8]
                [2 1 1 1 1],
  "funcao_objetivo": 0.97739599287641123251299535508322702468537225305084,
  "confiabilidade_total": 0.97739599287641123251299535508322702468537225305084
  "peso": 106.42999999999999,
  "custo": 84.25
}
 
Individuo 50:
{
  "solucao": [8 4 8 6 1]
                [2 1 1 1 1],
  "funcao_objetivo": 0.96429631646072039305427844963532256248854052840446,
  "confiabilidade_total": 0.96429631646072039305427844963532256248854052840446
  "peso": 105.60999999999999,
  "custo": 81.21
}
 
-----------------------------------------
GERACAO 7
Mutante 1:
[[0.  4.8 5.  0.  3.8]
 [2.  1.  0.2 1.  1. ]]
 
Mutante 2:
[[6.6 6.  8.6 1.8 9. ]
 [1.2 1.8 1.8 2.  1. ]]
 
Mutante 3:
[[4.4 0.  0.2 0.  7.4]
 [1.8 0.2 2.  0.2 1. ]]
 
Mutante 4:
[[0.  9.8 0.  0.  9. ]
 [2.8 1.  0.2 1.  1. ]]
 
Mutante 5:
[[9.  7.2 9.  6.8 2.4]
 [1.8 0.2 2.  1.  1. ]]
 
Mutante 6:
[[9.  5.6 9.  9.6 0. ]
 [2.  1.  3.  0.2 1. ]]
 
Mutante 7:
[[3.4 3.  3.4 0.  8.6]
 [1.  1.  1.  0.2 2. ]]
 
Mutante 8:
[[5.6 4.2 5.6 6.6 7.4]
 [1.  2.8 1.  1.  1. ]]
 
Mutante 9:
[[3.4 5.2 4.6 0.  7. ]
 [1.2 1.8 1.  1.2 1. ]]
 
Mutante 10:
[[9.8 0.  9.8 4.8 9. ]
 [1.  2.8 2.  1.  1. ]]
 
Mutante 11:
[[0.  5.8 0.  3.  8.2]
 [1.  1.  1.  2.  1. ]]
 
Mutante 12:
[[4.  1.8 0.  0.  9.8]
 [2.8 0.2 1.  0.2 1. ]]
 
Mutante 13:
[[9.  9.  5.  6.  0. ]
 [2.  1.  1.8 1.  1. ]]
 
Mutante 14:
[[9.  9.  9.6 2.8 3. ]
 [1.  1.2 2.8 1.  1. ]]
 
Mutante 15:
[[6.4 9.  9.  4.8 9. ]
 [2.  1.  0.2 1.8 2.6]]
 
Mutante 16:
[[9.  5.2 8.8 3.2 0. ]
 [2.  1.  2.  1.  1. ]]
 
Mutante 17:
[[5.2 6.4 6.6 0.  4.2]
 [1.  1.  2.  1.  1. ]]
 
Mutante 18:
[[9.  0.2 0.2 9.  5. ]
 [2.8 1.  0.2 1.  1. ]]
 
Mutante 19:
[[4.8 1.6 6.2 8.8 3.2]
 [0.4 1.  2.  1.  1.8]]
 
Mutante 20:
[[0.  0.  5.4 0.  5. ]
 [1.  1.  1.2 1.  1. ]]
 
Mutante 21:
[[3.4 7.2 6.4 4.2 9. ]
 [1.  2.  1.  1.  1. ]]
 
Mutante 22:
[[9.8 5.  9.8 0.  4.8]
 [1.  2.  2.8 0.2 1. ]]
 
Mutante 23:
[[9.  9.  4.6 9.  7. ]
 [2.8 1.8 0.2 2.  1. ]]
 
Mutante 24:
[[8.4 5.6 6.6 0.  0. ]
 [0.2 1.8 2.8 1.  1. ]]
 
Mutante 25:
[[0.  3.4 0.  0.  9. ]
 [2.8 1.  0.2 1.  1. ]]
 
Mutante 26:
[[5.8 4.  0.  7.4 4.6]
 [1.  1.2 1.  1.  1. ]]
 
Mutante 27:
[[1.6 5.8 1.6 2.2 7.4]
 [0.2 1.8 1.  2.  1. ]]
 
Mutante 28:
[[9.  3.4 4.2 9.  3.4]
 [2.  1.8 1.8 0.2 1. ]]
 
Mutante 29:
[[9.  9.  6.  5.4 6.6]
 [0.2 2.  3.  1.  1. ]]
 
Mutante 30:
[[9.  2.8 6.4 1.6 9.6]
 [2.  1.8 2.  1.  1. ]]
 
Mutante 31:
[[5.  6.  0.8 4.  6.6]
 [1.8 0.2 0.2 2.  1. ]]
 
Mutante 32:
[[0.  9.2 0.  0.  9.8]
 [1.8 0.2 0.2 2.  1. ]]
 
Mutante 33:
[[2.4 2.  4.2 0.  4.2]
 [2.  1.  1.8 0.2 1. ]]
 
Mutante 34:
[[2.  8.  8.2 9.  3.4]
 [2.8 1.  1.  1.  1. ]]
 
Mutante 35:
[[0.  5.8 1.6 5.  9. ]
 [1.  2.8 0.2 1.  1. ]]
 
Mutante 36:
[[0.  0.  7.  2.4 9.8]
 [2.  1.  1.  1.  1. ]]
 
Mutante 37:
[[9.6 7.4 9.  0.  8.6]
 [0.2 2.  3.  1.  1. ]]
 
Mutante 38:
[[3. 9. 5. 0. 9.]
 [1. 1. 2. 1. 2.]]
 
Mutante 39:
[[2.6 0.  1.4 0.  7. ]
 [2.  1.  1.8 1.2 1. ]]
 
Mutante 40:
[[9.  8.6 9.  5.6 3.6]
 [0.2 2.8 2.  1.8 1. ]]
 
Mutante 41:
[[2.6 2.  4.8 0.  9.8]
 [1.8 0.2 1.  1.2 1. ]]
 
Mutante 42:
[[9.  2.6 9.  3.  1. ]
 [2.8 2.  1.8 1.  0.2]]
 
Mutante 43:
[[6.6 1.8 2.6 9.  8.2]
 [2.8 0.2 1.  1.  1. ]]
 
Mutante 44:
[[1.8 9.  8.6 1.6 8.4]
 [1.  2.  0.2 2.  1. ]]
 
Mutante 45:
[[3.4 7.4 4.4 6.4 8.8]
 [2.2 1.  1.8 1.  1.8]]
 
Mutante 46:
[[0.  6.6 3.  4.  8.2]
 [2.  1.  0.2 1.  1. ]]
 
Mutante 47:
[[1.4 3.6 5.4 0.  0. ]
 [1.8 0.2 2.2 1.  1. ]]
 
Mutante 48:
[[2.6 3.2 9.  2.4 6.6]
 [0.2 1.  1.8 1.2 3. ]]
 
Mutante 49:
[[5.6 8.6 9.  6.8 0. ]
 [1.8 1.  3.  0.2 1. ]]
 
Mutante 50:
[[0.  7.6 2.4 0.  9.8]
 [1.  1.  0.2 2.  1. ]]
 
-----------------------------------------
Número de avaliações até o momento: 350
Evoluido 1:
[[0 4 7 0 5]
 [2 1 1 1 1]]
 
Evoluido 2:
[[6 6 1 1 9]
 [2 1 1 2 1]]
 
Evoluido 3:
[[9 5 0 0 8]
 [1 0 2 0 1]]
 
Evoluido 4:
[[0 9 0 0 7]
 [1 1 0 1 1]]
 
Evoluido 5:
[[0 7 5 6 2]
 [1 0 2 1 1]]
 
Evoluido 6:
[[2 5 9 9 0]
 [2 1 3 0 1]]
 
Evoluido 7:
[[3 3 3 0 8]
 [1 1 2 0 2]]
 
Evoluido 8:
[[5 4 5 6 4]
 [1 2 1 1 1]]
 
Evoluido 9:
[[3 5 4 0 7]
 [1 1 1 1 1]]
 
Evoluido 10:
[[9 8 5 4 9]
 [1 1 2 1 1]]
 
Evoluido 11:
[[0 5 0 3 8]
 [1 1 1 2 1]]
 
Evoluido 12:
[[4 1 0 2 9]
 [2 0 1 1 1]]
 
Evoluido 13:
[[9 9 5 6 5]
 [2 1 1 1 1]]
 
Evoluido 14:
[[9 9 9 2 3]
 [1 1 1 1 1]]
 
Evoluido 15:
[[6 9 5 4 2]
 [1 1 0 1 1]]
 
Evoluido 16:
[[9 5 8 3 0]
 [1 1 1 1 1]]
 
Evoluido 17:
[[5 6 6 3 4]
 [1 1 2 1 1]]
 
Evoluido 18:
[[4 0 0 9 5]
 [2 1 0 1 1]]
 
Evoluido 19:
[[4 1 6 8 3]
 [0 1 2 1 1]]
 
Evoluido 20:
[[0 5 5 7 8]
 [1 1 1 1 1]]
 
Evoluido 21:
[[3 7 4 4 9]
 [1 2 1 1 1]]
 
Evoluido 22:
[[9 1 9 0 4]
 [1 2 2 0 1]]
 
Evoluido 23:
[[9 9 6 9 7]
 [2 1 0 2 1]]
 
Evoluido 24:
[[8 5 6 0 0]
 [1 1 1 1 1]]
 
Evoluido 25:
[[0 3 0 0 9]
 [1 1 0 1 1]]
 
Evoluido 26:
[[5 4 0 7 9]
 [2 1 1 1 1]]
 
Evoluido 27:
[[1 5 1 2 7]
 [0 1 1 2 1]]
 
Evoluido 28:
[[9 3 4 0 3]
 [1 1 1 0 1]]
 
Evoluido 29:
[[9 9 6 5 6]
 [0 2 3 1 1]]
 
Evoluido 30:
[[9 2 6 1 9]
 [2 1 2 1 1]]
 
Evoluido 31:
[[5 6 5 4 6]
 [1 0 0 2 1]]
 
Evoluido 32:
[[0 9 0 0 9]
 [1 1 2 1 1]]
 
Evoluido 33:
[[2 2 4 0 4]
 [1 1 1 0 1]]
 
Evoluido 34:
[[5 8 7 8 3]
 [1 1 1 1 1]]
 
Evoluido 35:
[[0 5 1 5 9]
 [1 2 0 1 1]]
 
Evoluido 36:
[[0 0 7 2 9]
 [2 1 1 1 1]]
 
Evoluido 37:
[[9 7 9 5 8]
 [2 2 3 1 1]]
 
Evoluido 38:
[[9 9 5 0 4]
 [1 1 2 1 2]]
 
Evoluido 39:
[[2 8 0 0 7]
 [2 1 1 1 1]]
 
Evoluido 40:
[[9 8 5 5 3]
 [1 2 2 1 1]]
 
Evoluido 41:
[[2 2 4 0 9]
 [1 0 1 1 1]]
 
Evoluido 42:
[[9 2 9 3 1]
 [2 2 1 1 0]]
 
Evoluido 43:
[[6 1 7 9 9]
 [2 0 1 1 1]]
 
Evoluido 44:
[[1 9 8 1 5]
 [1 1 1 2 3]]
 
Evoluido 45:
[[3 7 4 6 8]
 [2 1 1 1 1]]
 
Evoluido 46:
[[0 6 3 4 8]
 [2 1 0 1 1]]
 
Evoluido 47:
[[1 3 0 0 0]
 [2 1 2 1 1]]
 
Evoluido 48:
[[2 3 9 2 7]
 [0 1 1 1 1]]
 
Evoluido 49:
[[8 8 9 6 8]
 [1 1 3 0 1]]
 
Evoluido 50:
[[0 7 2 0 1]
 [2 1 0 1 1]]
 
-----------------------------------------
Individuo 1:
{
  "solucao": [7 5 7 7 5]
                [2 2 1 1 1],
  "funcao_objetivo": 0.98853885010903615371210941115856537177840590220155,
  "confiabilidade_total": 0.98853885010903615371210941115856537177840590220155
  "peso": 100.79000000000002,
  "custo": 90.29
}
 
Individuo 2:
{
  "solucao": [5 6 1 7 3]
                [2 1 1 2 1],
  "funcao_objetivo": 0.98800758057471945759943220553270204940110372632789,
  "confiabilidade_total": 0.98800758057471945759943220553270204940110372632789
  "peso": 118.03,
  "custo": 89.4
}
 
Individuo 3:
{
  "solucao": [9 5 8 7 8]
                [2 2 1 1 1],
  "funcao_objetivo": 0.98715469879535842153012876199262275965705584572557,
  "confiabilidade_total": 0.98715469879535842153012876199262275965705584572557
  "peso": 109.59,
  "custo": 97.74
}
 
Individuo 4:
{
  "solucao": [8 9 8 2 7]
                [1 2 2 1 1],
  "funcao_objetivo": 0.98549759420883959594802733574192568223508435550575,
  "confiabilidade_total": 0.98549759420883959594802733574192568223508435550575
  "peso": 117.44000000000001,
  "custo": 99.96
}
 
Individuo 5:
{
  "solucao": [0 2 5 0 5]
                [2 1 1 1 1],
  "funcao_objetivo": 0.97939169416885719102641310451439255570790105307927,
  "confiabilidade_total": 0.97939169416885719102641310451439255570790105307927
  "peso": 113.0,
  "custo": 78.44
}
 
Individuo 6:
{
  "solucao": [2 0 7 2 1]
                [1 1 2 1 1],
  "funcao_objetivo": 0.97865807291684062189417045379890107152670063015230,
  "confiabilidade_total": 0.97865807291684062189417045379890107152670063015230
  "peso": 112.13,
  "custo": 79.52
}
 
Individuo 7:
{
  "solucao": [2 3 1 0 7]
                [1 1 2 1 1],
  "funcao_objetivo": 0.97854313506895451077649621870211774751033121769140,
  "confiabilidade_total": 0.97854313506895451077649621870211774751033121769140
  "peso": 115.5,
  "custo": 81.92
}
 
Individuo 8:
{
  "solucao": [8 0 7 8 4]
                [2 1 2 1 1],
  "funcao_objetivo": 0.97845511744503273585827603528251628680059127542821,
  "confiabilidade_total": 0.97845511744503273585827603528251628680059127542821
  "peso": 116.06,
  "custo": 99.88
}
 
Individuo 9:
{
  "solucao": [5 5 6 0 8]
                [3 1 1 1 1],
  "funcao_objetivo": 0.97593898462404917673822575569105669203776138783195,
  "confiabilidade_total": 0.97593898462404917673822575569105669203776138783195
  "peso": 113.78999999999999,
  "custo": 83.07
}
 
Individuo 10:
{
  "solucao": [3 8 5 0 8]
                [1 1 2 1 2],
  "funcao_objetivo": 0.97564572754574997085311823927069204544283600782491,
  "confiabilidade_total": 0.97564572754574997085311823927069204544283600782491
  "peso": 115.61999999999999,
  "custo": 88.76
}
 
Individuo 11:
{
  "solucao": [0 0 0 0 7]
                [1 1 1 2 1],
  "funcao_objetivo": 0.98477878973321109443416353280836494571964904727312,
  "confiabilidade_total": 0.98477878973321109443416353280836494571964904727312
  "peso": 115.5,
  "custo": 95.39
}
 
Individuo 12:
{
  "solucao": [0 0 7 2 8]
                [2 1 1 1 1],
  "funcao_objetivo": 0.97994349562229598626893050680172644708328339243974,
  "confiabilidade_total": 0.97994349562229598626893050680172644708328339243974
  "peso": 112.27000000000001,
  "custo": 86.00999999999999
}
 
Individuo 13:
{
  "solucao": [4 9 0 7 5]
                [1 1 1 2 1],
  "funcao_objetivo": 0.97384951415517409319485150085324333443699874990085,
  "confiabilidade_total": 0.97384951415517409319485150085324333443699874990085
  "peso": 105.46,
  "custo": 87.93
}
 
Individuo 14:
{
  "solucao": [8 1 1 0 9]
                [2 1 1 1 1],
  "funcao_objetivo": 0.97886218147790813727354777723866539375007568371970,
  "confiabilidade_total": 0.97886218147790813727354777723866539375007568371970
  "peso": 104.04,
  "custo": 90.1
}
 
Individuo 15:
{
  "solucao": [8 7 5 2 2]
                [1 1 3 1 1],
  "funcao_objetivo": 0.97273299731035290095620699612256308413537854655702,
  "confiabilidade_total": 0.97273299731035290095620699612256308413537854655702
  "peso": 118.38000000000001,
  "custo": 78.1
}
 
Individuo 16:
{
  "solucao": [8 5 3 8 8]
                [1 2 1 2 1],
  "funcao_objetivo": 0.97033984643712026317320353890262145499623346325764,
  "confiabilidade_total": 0.97033984643712026317320353890262145499623346325764
  "peso": 109.92999999999999,
  "custo": 86.0
}
 
Individuo 17:
{
  "solucao": [7 6 7 3 1]
                [1 1 3 1 1],
  "funcao_objetivo": 0.97013166652609817975920384740268917514581664626180,
  "confiabilidade_total": 0.97013166652609817975920384740268917514581664626180
  "peso": 116.87,
  "custo": 98.46
}
 
Individuo 18:
{
  "solucao": [4 0 3 5 5]
                [1 1 1 2 1],
  "funcao_objetivo": 0.96978730416799348699943757964022430787019516740051,
  "confiabilidade_total": 0.96978730416799348699943757964022430787019516740051
  "peso": 110.36,
  "custo": 73.06
}
 
Individuo 19:
{
  "solucao": [9 1 1 9 5]
                [2 1 1 1 1],
  "funcao_objetivo": 0.96847764048341190418470057551960467906899575185455,
  "confiabilidade_total": 0.96847764048341190418470057551960467906899575185455
  "peso": 106.16000000000001,
  "custo": 93.18
}
 
Individuo 20:
{
  "solucao": [3 5 4 7 8]
                [1 2 1 2 1],
  "funcao_objetivo": 0.97362737678066964850585778451773043484515677707678,
  "confiabilidade_total": 0.97362737678066964850585778451773043484515677707678
  "peso": 118.24,
  "custo": 89.66999999999999
}
 
Individuo 21:
{
  "solucao": [0 5 4 1 9]
                [1 2 1 1 1],
  "funcao_objetivo": 0.97630534106819065247884836351368825604820361062546,
  "confiabilidade_total": 0.97630534106819065247884836351368825604820361062546
  "peso": 109.99000000000001,
  "custo": 83.31
}
 
Individuo 22:
{
  "solucao": [0 1 0 4 5]
                [2 1 1 1 1],
  "funcao_objetivo": 0.97630492476928987827786542416775291641077828774827,
  "confiabilidade_total": 0.97630492476928987827786542416775291641077828774827
  "peso": 117.39,
  "custo": 87.43
}
 
Individuo 23:
{
  "solucao": [8 8 6 2 4]
                [1 1 2 1 1],
  "funcao_objetivo": 0.96696310315497920078777062820584140163301964023423,
  "confiabilidade_total": 0.96696310315497920078777062820584140163301964023423
  "peso": 115.68,
  "custo": 74.97
}
 
Individuo 24:
{
  "solucao": [1 5 2 5 9]
                [1 1 1 3 1],
  "funcao_objetivo": 0.97776995577416057540569758292799168873470404373378,
  "confiabilidade_total": 0.97776995577416057540569758292799168873470404373378
  "peso": 118.16,
  "custo": 83.27000000000001
}
 
Individuo 25:
{
  "solucao": [5 6 4 0 9]
                [1 1 1 2 1],
  "funcao_objetivo": 0.96677624217924732504442380054657937070807230480658,
  "confiabilidade_total": 0.96677624217924732504442380054657937070807230480658
  "peso": 117.44999999999999,
  "custo": 86.72999999999999
}
 
Individuo 26:
{
  "solucao": [0 0 5 0 9]
                [2 1 1 1 1],
  "funcao_objetivo": 0.98279083038896993577379506222009501713505911593806,
  "confiabilidade_total": 0.98279083038896993577379506222009501713505911593806
  "peso": 114.22,
  "custo": 92.53999999999999
}
 
Individuo 27:
{
  "solucao": [5 8 7 8 5]
                [1 1 1 2 3],
  "funcao_objetivo": 0.96506668452319058429650432776055902395221047952458,
  "confiabilidade_total": 0.96506668452319058429650432776055902395221047952458
  "peso": 116.81,
  "custo": 96.13
}
 
Individuo 28:
{
  "solucao": [3 5 3 0 3]
                [1 2 1 1 1],
  "funcao_objetivo": 0.97072185583703159756492679142765111022040167773322,
  "confiabilidade_total": 0.97072185583703159756492679142765111022040167773322
  "peso": 116.17999999999998,
  "custo": 72.67
}
 
Individuo 29:
{
  "solucao": [0 5 0 1 4]
                [2 1 1 1 1],
  "funcao_objetivo": 0.97423161365886395658813730973771147056185022994131,
  "confiabilidade_total": 0.97423161365886395658813730973771147056185022994131
  "peso": 117.38999999999999,
  "custo": 87.43
}
 
Individuo 30:
{
  "solucao": [7 5 6 8 5]
                [1 1 3 1 1],
  "funcao_objetivo": 0.96448056295045112584812543170798561231411778649646,
  "confiabilidade_total": 0.96448056295045112584812543170798561231411778649646
  "peso": 118.25,
  "custo": 85.92
}
 
Individuo 31:
{
  "solucao": [7 5 5 1 4]
                [2 1 2 1 1],
  "funcao_objetivo": 0.97623171568448983400901074075818037690655497268365,
  "confiabilidade_total": 0.97623171568448983400901074075818037690655497268365
  "peso": 114.34,
  "custo": 89.4
}
 
Individuo 32:
{
  "solucao": [0 9 0 0 9]
                [1 1 2 1 1],
  "funcao_objetivo": 0.97584263396885846366142281628200686600865116797976,
  "confiabilidade_total": 0.97604263396885856599258719180625968465863513284020
  "peso": 117.89999999999999,
  "custo": 100.02000000000001
}
 
Individuo 33:
{
  "solucao": [2 0 5 0 5]
                [1 1 2 1 1],
  "funcao_objetivo": 0.98152404338645201943775031922776540736140834445761,
  "confiabilidade_total": 0.98152404338645201943775031922776540736140834445761
  "peso": 107.46000000000001,
  "custo": 72.64
}
 
Individuo 34:
{
  "solucao": [5 7 7 8 6]
                [1 2 1 2 1],
  "funcao_objetivo": 0.96832734557119494487593049693154858283153590519174,
  "confiabilidade_total": 0.96832734557119494487593049693154858283153590519174
  "peso": 106.36,
  "custo": 93.9
}
 
Individuo 35:
{
  "solucao": [6 9 1 6 0]
                [2 1 1 1 1],
  "funcao_objetivo": 0.96189204121728188090286240270590308386222481709985,
  "confiabilidade_total": 0.96189204121728188090286240270590308386222481709985
  "peso": 116.84,
  "custo": 85.76
}
 
Individuo 36:
{
  "solucao": [0 0 7 2 9]
                [2 1 1 1 1],
  "funcao_objetivo": 0.97977048294680360144016282740220205449876352063936,
  "confiabilidade_total": 0.97977048294680360144016282740220205449876352063936
  "peso": 116.10000000000001,
  "custo": 90.44999999999999
}
 
Individuo 37:
{
  "solucao": [5 6 3 5 7]
                [2 1 1 2 1],
  "funcao_objetivo": 0.98629531401381201849213283400808214287930261804256,
  "confiabilidade_total": 0.98629531401381201849213283400808214287930261804256
  "peso": 115.24000000000001,
  "custo": 80.43
}
 
Individuo 38:
{
  "solucao": [9 2 8 0 4]
                [2 1 2 1 0],
  "funcao_objetivo": 0.97698764868104795423031166775806316682312621767288,
  "confiabilidade_total": 0.97698764868104795423031166775806316682312621767288
  "peso": 108.97999999999999,
  "custo": 87.88
}
 
Individuo 39:
{
  "solucao": [2 8 0 0 7]
                [2 1 1 1 1],
  "funcao_objetivo": 0.97535787138936099050557235405427193391057147090477,
  "confiabilidade_total": 0.97535787138936099050557235405427193391057147090477
  "peso": 114.73,
  "custo": 79.39
}
 
Individuo 40:
{
  "solucao": [9 8 5 5 3]
                [1 2 2 1 1],
  "funcao_objetivo": 0.98448193657912540610564563240054209092017223099951,
  "confiabilidade_total": 0.98448193657912540610564563240054209092017223099951
  "peso": 113.91,
  "custo": 87.4
}
 
Individuo 41:
{
  "solucao": [1 7 5 1 7]
                [1 1 1 1 2],
  "funcao_objetivo": 0.95564335300193229591850506032387850104340196575511,
  "confiabilidade_total": 0.95564335300193229591850506032387850104340196575511
  "peso": 93.38000000000001,
  "custo": 84.33
}
 
Individuo 42:
{
  "solucao": [4 8 9 0 7]
                [2 1 1 1 1],
  "funcao_objetivo": 0.97064994453965299160248571020315544672097059412701,
  "confiabilidade_total": 0.97064994453965299160248571020315544672097059412701
  "peso": 114.91,
  "custo": 90.17
}
 
Individuo 43:
{
  "solucao": [0 1 7 0 9]
                [2 1 1 1 1],
  "funcao_objetivo": 0.98015641030096411936275211837459233110782781861643,
  "confiabilidade_total": 0.98015641030096411936275211837459233110782781861643
  "peso": 111.47,
  "custo": 95.71000000000001
}
 
Individuo 44:
{
  "solucao": [8 2 9 1 5]
                [1 1 1 1 3],
  "funcao_objetivo": 0.94944207019933801665654330947077043986798057795025,
  "confiabilidade_total": 0.94944207019933801665654330947077043986798057795025
  "peso": 118.00999999999999,
  "custo": 86.31
}
 
Individuo 45:
{
  "solucao": [8 7 7 0 2]
                [1 2 2 1 1],
  "funcao_objetivo": 0.98889618741491549287000307724413651196753251800327,
  "confiabilidade_total": 0.98889618741491549287000307724413651196753251800327
  "peso": 114.18,
  "custo": 98.31
}
 
Individuo 46:
{
  "solucao": [7 8 2 7 9]
                [1 2 2 1 1],
  "funcao_objetivo": 0.97487163218222970913437141647069183926452716540263,
  "confiabilidade_total": 0.98595496551556314714323225487920099220593293856547
  "peso": 121.33000000000001,
  "custo": 93.15
}
 
Individuo 47:
{
  "solucao": [0 5 0 0 9]
                [2 1 1 1 1],
  "funcao_objetivo": 0.97686147805959386853007792795624195751143687736768,
  "confiabilidade_total": 0.97686147805959386853007792795624195751143687736768
  "peso": 114.21999999999998,
  "custo": 92.53999999999999
}
 
Individuo 48:
{
  "solucao": [0 6 5 0 7]
                [2 1 1 1 1],
  "funcao_objetivo": 0.97484487869574004440304952280900797749465196077146,
  "confiabilidade_total": 0.97484487869574004440304952280900797749465196077146
  "peso": 109.71000000000001,
  "custo": 85.85
}
 
Individuo 49:
{
  "solucao": [8 0 0 3 8]
                [2 1 1 1 1],
  "funcao_objetivo": 0.97739599287641123251299535508322702468537225305084,
  "confiabilidade_total": 0.97739599287641123251299535508322702468537225305084
  "peso": 106.42999999999999,
  "custo": 84.25
}
 
Individuo 50:
{
  "solucao": [8 4 8 6 1]
                [2 1 1 1 1],
  "funcao_objetivo": 0.96429631646072039305427844963532256248854052840446,
  "confiabilidade_total": 0.96429631646072039305427844963532256248854052840446
  "peso": 105.60999999999999,
  "custo": 81.21
}
 
-----------------------------------------
GERACAO 8
Mutante 1:
[[0.  6.4 1.4 2.  8. ]
 [1.2 1.  1.8 1.  1. ]]
 
Mutante 2:
[[9.  7.2 3.4 9.  3.8]
 [0.2 2.8 2.  1.8 1. ]]
 
Mutante 3:
[[8.4 9.  3.4 6.  0. ]
 [1.2 1.8 1.  1.  1. ]]
 
Mutante 4:
[[8.  6.2 7.  1.6 1.2]
 [1.  2.  2.  1.  1. ]]
 
Mutante 5:
[[0.  0.  7.  1.2 8. ]
 [2.  1.  0.2 1.  1. ]]
 
Mutante 6:
[[2.4 0.  7.4 0.  8.2]
 [1.8 1.  1.  1.  3. ]]
 
Mutante 7:
[[2.4 4.8 6.8 0.  7.2]
 [1.8 1.  0.4 1.  1. ]]
 
Mutante 8:
[[0.  8.2 0.  7.  8.8]
 [1.  2.  1.8 2.  1. ]]
 
Mutante 9:
[[0.  0.4 8.6 0.  5.8]
 [1.8 0.2 2.2 1.  1. ]]
 
Mutante 10:
[[9.  8.4 4.  0.8 8.2]
 [1.  1.  1.8 2.  1. ]]
 
Mutante 11:
[[1.8 2.6 3.6 9.  9. ]
 [1.8 1.8 0.2 3.  1. ]]
 
Mutante 12:
[[1.8 9.  5.6 0.  9. ]
 [1.  1.  1.  2.8 1. ]]
 
Mutante 13:
[[9.  9.  9.  9.6 2.6]
 [1.  1.  3.  1.  1. ]]
 
Mutante 14:
[[0.  9.  4.  0.  7.4]
 [1.8 1.  2.  0.2 1. ]]
 
Mutante 15:
[[6.2 7.4 3.8 1.4 4.2]
 [2.8 1.2 1.  0.2 1. ]]
 
Mutante 16:
[[0.  6.6 0.  0.  4. ]
 [2.  1.  1.  0.2 1. ]]
 
Mutante 17:
[[9.  7.4 8.6 9.  5. ]
 [1.2 2.8 1.8 1.  1. ]]
 
Mutante 18:
[[0.  8.2 0.  0.8 9. ]
 [1.  1.8 2.  0.2 1. ]]
 
Mutante 19:
[[0.  9.  0.  0.  9. ]
 [1.  2.  0.2 1.  1. ]]
 
Mutante 20:
[[2.  0.  1.  0.  6.6]
 [0.2 1.  2.  1.8 1. ]]
 
Mutante 21:
[[0. 9. 0. 0. 9.]
 [1. 1. 1. 1. 2.]]
 
Mutante 22:
[[6.6 5.2 6.2 0.2 7.8]
 [2.  1.  1.8 1.2 1. ]]
 
Mutante 23:
[[8.6 6.4 2.  3.  5.8]
 [1.  2.  3.  0.2 1. ]]
 
Mutante 24:
[[6.  0.  0.  0.  9. ]
 [1.8 0.2 2.  1.  1. ]]
 
Mutante 25:
[[5.6 4.2 1.6 5.6 9. ]
 [2.  1.8 1.  1.  1. ]]
 
Mutante 26:
[[6.4 1.6 1.6 0.  4.6]
 [0.2 1.  1.  2.  2.6]]
 
Mutante 27:
[[3.4 6.4 2.6 5.  3.8]
 [0.2 2.  2.  1.  1.8]]
 
Mutante 28:
[[7.4 3.6 3.2 4.8 2.4]
 [2.8 0.2 1.2 1.  1. ]]
 
Mutante 29:
[[1.6 0.  5.4 0.  7.4]
 [2.8 0.2 1.8 0.2 1. ]]
 
Mutante 30:
[[9.  5.6 5.4 9.  0. ]
 [1.2 1.8 2.8 1.  1. ]]
 
Mutante 31:
[[9.6 0.2 4.2 1.6 7.4]
 [2.  1.8 1.  0.2 1. ]]
 
Mutante 32:
[[2.4 4.4 8.2 1.6 3.4]
 [2.  1.8 1.8 0.2 1. ]]
 
Mutante 33:
[[0.  9.  4.2 0.  7. ]
 [2.8 1.  0.2 1.  1. ]]
 
Mutante 34:
[[9.  9.6 9.  9.  3.4]
 [1.8 1.8 0.2 2.  3. ]]
 
Mutante 35:
[[0.  6.  2.6 0.  5.4]
 [2.  1.8 1.  1.  1. ]]
 
Mutante 36:
[[7.  9.  9.  1.6 9. ]
 [1.  1.  2.8 1.  2. ]]
 
Mutante 37:
[[1.6 0.  9.  9.6 4. ]
 [2.  1.  2.  1.  1. ]]
 
Mutante 38:
[[0.8 6.6 7.2 0.  9. ]
 [1.  2.  1.2 1.  1. ]]
 
Mutante 39:
[[1.2 0.  9.  2.  3.4]
 [1.  1.8 2.  1.  1. ]]
 
Mutante 40:
[[7.4 7.  7.4 6.6 9. ]
 [0.2 1.8 1.  1.8 2. ]]
 
Mutante 41:
[[0.  0.8 9.  0.4 5. ]
 [1.8 1.  0.4 1.  1. ]]
 
Mutante 42:
[[9.  5.8 6.4 2.  9. ]
 [1.8 1.2 2.  1.  1. ]]
 
Mutante 43:
[[4.6 7.4 5.4 0.8 0.6]
 [1.  1.2 1.  1.  2.6]]
 
Mutante 44:
[[3.8 5.  3.6 4.  6.6]
 [1.  1.  3.  1.  1. ]]
 
Mutante 45:
[[1.6 7.  1.8 1.2 2. ]
 [1.8 1.  3.  1.  1. ]]
 
Mutante 46:
[[3.4 0.  4.4 1.6 3.2]
 [2.2 1.  1.8 1.  1. ]]
 
Mutante 47:
[[1.8 6.2 3.4 7.4 6.2]
 [0.2 1.8 1.  1.8 2. ]]
 
Mutante 48:
[[9.  9.8 8.8 2.  5.4]
 [1.8 2.  2.  0.2 1. ]]
 
Mutante 49:
[[0.8 2.6 0.  4.8 3.4]
 [1.2 1.  1.8 1.  1. ]]
 
Mutante 50:
[[5.4 9.  3.4 0.  6.4]
 [0.2 1.8 2.  1.  2. ]]
 
-----------------------------------------
Número de avaliações até o momento: 400
Evoluido 1:
[[0 6 1 7 8]
 [1 1 1 1 1]]
 
Evoluido 2:
[[9 7 3 9 3]
 [0 2 1 1 1]]
 
Evoluido 3:
[[8 9 3 7 0]
 [1 1 1 1 1]]
 
Evoluido 4:
[[8 6 8 1 1]
 [1 2 2 1 1]]
 
Evoluido 5:
[[0 0 7 1 5]
 [2 1 1 1 1]]
 
Evoluido 6:
[[2 0 7 0 8]
 [1 1 2 1 3]]
 
Evoluido 7:
[[2 3 6 0 7]
 [1 1 0 1 1]]
 
Evoluido 8:
[[0 8 0 7 4]
 [1 2 1 2 1]]
 
Evoluido 9:
[[0 0 8 0 5]
 [1 0 2 1 1]]
 
Evoluido 10:
[[9 8 4 0 8]
 [1 1 2 2 1]]
 
Evoluido 11:
[[1 2 0 0 9]
 [1 1 0 3 1]]
 
Evoluido 12:
[[1 9 7 2 8]
 [2 1 1 2 1]]
 
Evoluido 13:
[[9 9 9 9 2]
 [1 1 3 1 1]]
 
Evoluido 14:
[[0 9 1 0 7]
 [2 1 2 0 1]]
 
Evoluido 15:
[[6 7 3 1 4]
 [2 1 1 0 1]]
 
Evoluido 16:
[[0 6 0 8 4]
 [2 1 1 0 1]]
 
Evoluido 17:
[[9 7 8 9 5]
 [1 1 1 1 1]]
 
Evoluido 18:
[[0 8 0 0 9]
 [1 1 1 0 1]]
 
Evoluido 19:
[[0 1 0 0 5]
 [1 1 0 1 1]]
 
Evoluido 20:
[[2 0 1 0 6]
 [0 1 1 1 1]]
 
Evoluido 21:
[[0 9 4 0 9]
 [1 2 1 1 2]]
 
Evoluido 22:
[[6 5 6 4 7]
 [2 1 1 1 1]]
 
Evoluido 23:
[[8 6 2 3 5]
 [1 2 3 0 1]]
 
Evoluido 24:
[[1 0 0 0 9]
 [1 0 2 1 1]]
 
Evoluido 25:
[[5 6 1 0 9]
 [1 1 1 2 1]]
 
Evoluido 26:
[[6 0 1 0 4]
 [0 1 1 1 2]]
 
Evoluido 27:
[[3 6 2 8 3]
 [0 2 2 1 3]]
 
Evoluido 28:
[[7 3 3 4 2]
 [2 0 1 1 1]]
 
Evoluido 29:
[[1 0 5 0 7]
 [2 1 1 0 1]]
 
Evoluido 30:
[[9 5 5 8 0]
 [1 1 2 1 1]]
 
Evoluido 31:
[[7 5 4 1 7]
 [2 1 1 0 1]]
 
Evoluido 32:
[[2 4 8 1 3]
 [1 1 1 0 1]]
 
Evoluido 33:
[[0 9 5 0 7]
 [2 1 0 1 1]]
 
Evoluido 34:
[[9 9 7 9 3]
 [1 2 0 2 3]]
 
Evoluido 35:
[[0 6 2 0 5]
 [2 1 1 1 1]]
 
Evoluido 36:
[[0 9 9 1 9]
 [1 1 2 1 2]]
 
Evoluido 37:
[[1 6 9 5 4]
 [2 1 2 1 1]]
 
Evoluido 38:
[[0 6 7 0 9]
 [1 2 1 1 1]]
 
Evoluido 39:
[[2 0 9 2 3]
 [2 1 1 1 1]]
 
Evoluido 40:
[[7 7 5 6 3]
 [0 1 2 1 1]]
 
Evoluido 41:
[[0 0 9 0 5]
 [1 1 0 1 1]]
 
Evoluido 42:
[[4 5 6 2 7]
 [1 1 2 1 1]]
 
Evoluido 43:
[[4 7 7 0 0]
 [1 1 1 1 1]]
 
Evoluido 44:
[[3 2 3 1 5]
 [1 1 3 1 1]]
 
Evoluido 45:
[[8 7 1 1 2]
 [1 2 2 1 1]]
 
Evoluido 46:
[[3 0 4 7 3]
 [2 1 1 1 1]]
 
Evoluido 47:
[[1 6 3 7 6]
 [0 1 1 1 2]]
 
Evoluido 48:
[[9 9 8 2 5]
 [1 2 1 0 1]]
 
Evoluido 49:
[[0 2 0 4 3]
 [1 1 1 1 1]]
 
Evoluido 50:
[[5 9 3 6 6]
 [0 1 2 1 1]]
 
-----------------------------------------
Individuo 1:
{
  "solucao": [7 5 7 7 5]
                [2 2 1 1 1],
  "funcao_objetivo": 0.98853885010903615371210941115856537177840590220155,
  "confiabilidade_total": 0.98853885010903615371210941115856537177840590220155
  "peso": 100.79000000000002,
  "custo": 90.29
}
 
Individuo 2:
{
  "solucao": [5 6 1 7 3]
                [2 1 1 2 1],
  "funcao_objetivo": 0.98800758057471945759943220553270204940110372632789,
  "confiabilidade_total": 0.98800758057471945759943220553270204940110372632789
  "peso": 118.03,
  "custo": 89.4
}
 
Individuo 3:
{
  "solucao": [9 5 8 7 8]
                [2 2 1 1 1],
  "funcao_objetivo": 0.98715469879535842153012876199262275965705584572557,
  "confiabilidade_total": 0.98715469879535842153012876199262275965705584572557
  "peso": 109.59,
  "custo": 97.74
}
 
Individuo 4:
{
  "solucao": [8 6 8 1 1]
                [1 2 2 1 1],
  "funcao_objetivo": 0.98784629836692289381581487030993717703585129514809,
  "confiabilidade_total": 0.98784629836692289381581487030993717703585129514809
  "peso": 119.97999999999999,
  "custo": 94.28999999999999
}
 
Individuo 5:
{
  "solucao": [0 0 7 1 5]
                [2 1 1 1 1],
  "funcao_objetivo": 0.98102947690533358652671823636452592467638219580959,
  "confiabilidade_total": 0.98102947690533358652671823636452592467638219580959
  "peso": 107.79,
  "custo": 88.23
}
 
Individuo 6:
{
  "solucao": [2 0 7 2 1]
                [1 1 2 1 1],
  "funcao_objetivo": 0.97865807291684062189417045379890107152670063015230,
  "confiabilidade_total": 0.97865807291684062189417045379890107152670063015230
  "peso": 112.13,
  "custo": 79.52
}
 
Individuo 7:
{
  "solucao": [2 3 1 0 7]
                [1 1 2 1 1],
  "funcao_objetivo": 0.97854313506895451077649621870211774751033121769140,
  "confiabilidade_total": 0.97854313506895451077649621870211774751033121769140
  "peso": 115.5,
  "custo": 81.92
}
 
Individuo 8:
{
  "solucao": [8 0 7 8 4]
                [2 1 2 1 1],
  "funcao_objetivo": 0.97845511744503273585827603528251628680059127542821,
  "confiabilidade_total": 0.97845511744503273585827603528251628680059127542821
  "peso": 116.06,
  "custo": 99.88
}
 
Individuo 9:
{
  "solucao": [5 5 6 0 8]
                [3 1 1 1 1],
  "funcao_objetivo": 0.97593898462404917673822575569105669203776138783195,
  "confiabilidade_total": 0.97593898462404917673822575569105669203776138783195
  "peso": 113.78999999999999,
  "custo": 83.07
}
 
Individuo 10:
{
  "solucao": [3 8 5 0 8]
                [1 1 2 1 2],
  "funcao_objetivo": 0.97564572754574997085311823927069204544283600782491,
  "confiabilidade_total": 0.97564572754574997085311823927069204544283600782491
  "peso": 115.61999999999999,
  "custo": 88.76
}
 
Individuo 11:
{
  "solucao": [0 0 0 0 7]
                [1 1 1 2 1],
  "funcao_objetivo": 0.98477878973321109443416353280836494571964904727312,
  "confiabilidade_total": 0.98477878973321109443416353280836494571964904727312
  "peso": 115.5,
  "custo": 95.39
}
 
Individuo 12:
{
  "solucao": [0 0 7 2 8]
                [2 1 1 1 1],
  "funcao_objetivo": 0.97994349562229598626893050680172644708328339243974,
  "confiabilidade_total": 0.97994349562229598626893050680172644708328339243974
  "peso": 112.27000000000001,
  "custo": 86.00999999999999
}
 
Individuo 13:
{
  "solucao": [4 9 0 7 5]
                [1 1 1 2 1],
  "funcao_objetivo": 0.97384951415517409319485150085324333443699874990085,
  "confiabilidade_total": 0.97384951415517409319485150085324333443699874990085
  "peso": 105.46,
  "custo": 87.93
}
 
Individuo 14:
{
  "solucao": [8 1 1 0 9]
                [2 1 1 1 1],
  "funcao_objetivo": 0.97886218147790813727354777723866539375007568371970,
  "confiabilidade_total": 0.97886218147790813727354777723866539375007568371970
  "peso": 104.04,
  "custo": 90.1
}
 
Individuo 15:
{
  "solucao": [8 7 5 2 2]
                [1 1 3 1 1],
  "funcao_objetivo": 0.97273299731035290095620699612256308413537854655702,
  "confiabilidade_total": 0.97273299731035290095620699612256308413537854655702
  "peso": 118.38000000000001,
  "custo": 78.1
}
 
Individuo 16:
{
  "solucao": [8 5 3 8 8]
                [1 2 1 2 1],
  "funcao_objetivo": 0.97033984643712026317320353890262145499623346325764,
  "confiabilidade_total": 0.97033984643712026317320353890262145499623346325764
  "peso": 109.92999999999999,
  "custo": 86.0
}
 
Individuo 17:
{
  "solucao": [7 6 7 3 1]
                [1 1 3 1 1],
  "funcao_objetivo": 0.97013166652609817975920384740268917514581664626180,
  "confiabilidade_total": 0.97013166652609817975920384740268917514581664626180
  "peso": 116.87,
  "custo": 98.46
}
 
Individuo 18:
{
  "solucao": [4 0 3 5 5]
                [1 1 1 2 1],
  "funcao_objetivo": 0.96978730416799348699943757964022430787019516740051,
  "confiabilidade_total": 0.96978730416799348699943757964022430787019516740051
  "peso": 110.36,
  "custo": 73.06
}
 
Individuo 19:
{
  "solucao": [9 1 1 9 5]
                [2 1 1 1 1],
  "funcao_objetivo": 0.96847764048341190418470057551960467906899575185455,
  "confiabilidade_total": 0.96847764048341190418470057551960467906899575185455
  "peso": 106.16000000000001,
  "custo": 93.18
}
 
Individuo 20:
{
  "solucao": [3 5 4 7 8]
                [1 2 1 2 1],
  "funcao_objetivo": 0.97362737678066964850585778451773043484515677707678,
  "confiabilidade_total": 0.97362737678066964850585778451773043484515677707678
  "peso": 118.24,
  "custo": 89.66999999999999
}
 
Individuo 21:
{
  "solucao": [0 5 4 1 9]
                [1 2 1 1 1],
  "funcao_objetivo": 0.97630534106819065247884836351368825604820361062546,
  "confiabilidade_total": 0.97630534106819065247884836351368825604820361062546
  "peso": 109.99000000000001,
  "custo": 83.31
}
 
Individuo 22:
{
  "solucao": [0 1 0 4 5]
                [2 1 1 1 1],
  "funcao_objetivo": 0.97630492476928987827786542416775291641077828774827,
  "confiabilidade_total": 0.97630492476928987827786542416775291641077828774827
  "peso": 117.39,
  "custo": 87.43
}
 
Individuo 23:
{
  "solucao": [8 8 6 2 4]
                [1 1 2 1 1],
  "funcao_objetivo": 0.96696310315497920078777062820584140163301964023423,
  "confiabilidade_total": 0.96696310315497920078777062820584140163301964023423
  "peso": 115.68,
  "custo": 74.97
}
 
Individuo 24:
{
  "solucao": [1 5 2 5 9]
                [1 1 1 3 1],
  "funcao_objetivo": 0.97776995577416057540569758292799168873470404373378,
  "confiabilidade_total": 0.97776995577416057540569758292799168873470404373378
  "peso": 118.16,
  "custo": 83.27000000000001
}
 
Individuo 25:
{
  "solucao": [5 6 1 0 9]
                [1 1 1 2 1],
  "funcao_objetivo": 0.97258755064393614556074238926363875468367945847742,
  "confiabilidade_total": 0.97258755064393614556074238926363875468367945847742
  "peso": 111.8,
  "custo": 87.44
}
 
Individuo 26:
{
  "solucao": [0 0 5 0 9]
                [2 1 1 1 1],
  "funcao_objetivo": 0.98279083038896993577379506222009501713505911593806,
  "confiabilidade_total": 0.98279083038896993577379506222009501713505911593806
  "peso": 114.22,
  "custo": 92.53999999999999
}
 
Individuo 27:
{
  "solucao": [5 8 7 8 5]
                [1 1 1 2 3],
  "funcao_objetivo": 0.96506668452319058429650432776055902395221047952458,
  "confiabilidade_total": 0.96506668452319058429650432776055902395221047952458
  "peso": 116.81,
  "custo": 96.13
}
 
Individuo 28:
{
  "solucao": [3 5 3 0 3]
                [1 2 1 1 1],
  "funcao_objetivo": 0.97072185583703159756492679142765111022040167773322,
  "confiabilidade_total": 0.97072185583703159756492679142765111022040167773322
  "peso": 116.17999999999998,
  "custo": 72.67
}
 
Individuo 29:
{
  "solucao": [0 5 0 1 4]
                [2 1 1 1 1],
  "funcao_objetivo": 0.97423161365886395658813730973771147056185022994131,
  "confiabilidade_total": 0.97423161365886395658813730973771147056185022994131
  "peso": 117.38999999999999,
  "custo": 87.43
}
 
Individuo 30:
{
  "solucao": [7 5 6 8 5]
                [1 1 3 1 1],
  "funcao_objetivo": 0.96448056295045112584812543170798561231411778649646,
  "confiabilidade_total": 0.96448056295045112584812543170798561231411778649646
  "peso": 118.25,
  "custo": 85.92
}
 
Individuo 31:
{
  "solucao": [7 5 5 1 4]
                [2 1 2 1 1],
  "funcao_objetivo": 0.97623171568448983400901074075818037690655497268365,
  "confiabilidade_total": 0.97623171568448983400901074075818037690655497268365
  "peso": 114.34,
  "custo": 89.4
}
 
Individuo 32:
{
  "solucao": [0 9 0 0 9]
                [1 1 2 1 1],
  "funcao_objetivo": 0.97584263396885846366142281628200686600865116797976,
  "confiabilidade_total": 0.97604263396885856599258719180625968465863513284020
  "peso": 117.89999999999999,
  "custo": 100.02000000000001
}
 
Individuo 33:
{
  "solucao": [2 0 5 0 5]
                [1 1 2 1 1],
  "funcao_objetivo": 0.98152404338645201943775031922776540736140834445761,
  "confiabilidade_total": 0.98152404338645201943775031922776540736140834445761
  "peso": 107.46000000000001,
  "custo": 72.64
}
 
Individuo 34:
{
  "solucao": [5 7 7 8 6]
                [1 2 1 2 1],
  "funcao_objetivo": 0.96832734557119494487593049693154858283153590519174,
  "confiabilidade_total": 0.96832734557119494487593049693154858283153590519174
  "peso": 106.36,
  "custo": 93.9
}
 
Individuo 35:
{
  "solucao": [0 6 2 0 5]
                [2 1 1 1 1],
  "funcao_objetivo": 0.97613460081353015201866628525673050744638374192093,
  "confiabilidade_total": 0.97613460081353015201866628525673050744638374192093
  "peso": 118.29,
  "custo": 80.5
}
 
Individuo 36:
{
  "solucao": [0 0 7 2 9]
                [2 1 1 1 1],
  "funcao_objetivo": 0.97977048294680360144016282740220205449876352063936,
  "confiabilidade_total": 0.97977048294680360144016282740220205449876352063936
  "peso": 116.10000000000001,
  "custo": 90.44999999999999
}
 
Individuo 37:
{
  "solucao": [5 6 3 5 7]
                [2 1 1 2 1],
  "funcao_objetivo": 0.98629531401381201849213283400808214287930261804256,
  "confiabilidade_total": 0.98629531401381201849213283400808214287930261804256
  "peso": 115.24000000000001,
  "custo": 80.43
}
 
Individuo 38:
{
  "solucao": [9 2 8 0 4]
                [2 1 2 1 0],
  "funcao_objetivo": 0.97698764868104795423031166775806316682312621767288,
  "confiabilidade_total": 0.97698764868104795423031166775806316682312621767288
  "peso": 108.97999999999999,
  "custo": 87.88
}
 
Individuo 39:
{
  "solucao": [2 8 0 0 7]
                [2 1 1 1 1],
  "funcao_objetivo": 0.97535787138936099050557235405427193391057147090477,
  "confiabilidade_total": 0.97535787138936099050557235405427193391057147090477
  "peso": 114.73,
  "custo": 79.39
}
 
Individuo 40:
{
  "solucao": [9 8 5 5 3]
                [1 2 2 1 1],
  "funcao_objetivo": 0.98448193657912540610564563240054209092017223099951,
  "confiabilidade_total": 0.98448193657912540610564563240054209092017223099951
  "peso": 113.91,
  "custo": 87.4
}
 
Individuo 41:
{
  "solucao": [1 7 5 1 7]
                [1 1 1 1 2],
  "funcao_objetivo": 0.95564335300193229591850506032387850104340196575511,
  "confiabilidade_total": 0.95564335300193229591850506032387850104340196575511
  "peso": 93.38000000000001,
  "custo": 84.33
}
 
Individuo 42:
{
  "solucao": [4 8 9 0 7]
                [2 1 1 1 1],
  "funcao_objetivo": 0.97064994453965299160248571020315544672097059412701,
  "confiabilidade_total": 0.97064994453965299160248571020315544672097059412701
  "peso": 114.91,
  "custo": 90.17
}
 
Individuo 43:
{
  "solucao": [0 1 7 0 9]
                [2 1 1 1 1],
  "funcao_objetivo": 0.98015641030096411936275211837459233110782781861643,
  "confiabilidade_total": 0.98015641030096411936275211837459233110782781861643
  "peso": 111.47,
  "custo": 95.71000000000001
}
 
Individuo 44:
{
  "solucao": [8 2 9 1 5]
                [1 1 1 1 3],
  "funcao_objetivo": 0.94944207019933801665654330947077043986798057795025,
  "confiabilidade_total": 0.94944207019933801665654330947077043986798057795025
  "peso": 118.00999999999999,
  "custo": 86.31
}
 
Individuo 45:
{
  "solucao": [8 7 1 1 2]
                [1 2 2 1 1],
  "funcao_objetivo": 0.99027156027637068739849881091373699061154259699609,
  "confiabilidade_total": 0.99027156027637068739849881091373699061154259699609
  "peso": 119.91000000000001,
  "custo": 96.77
}
 
Individuo 46:
{
  "solucao": [7 8 2 7 9]
                [1 2 2 1 1],
  "funcao_objetivo": 0.97487163218222970913437141647069183926452716540263,
  "confiabilidade_total": 0.98595496551556314714323225487920099220593293856547
  "peso": 121.33000000000001,
  "custo": 93.15
}
 
Individuo 47:
{
  "solucao": [0 5 0 0 9]
                [2 1 1 1 1],
  "funcao_objetivo": 0.97686147805959386853007792795624195751143687736768,
  "confiabilidade_total": 0.97686147805959386853007792795624195751143687736768
  "peso": 114.21999999999998,
  "custo": 92.53999999999999
}
 
Individuo 48:
{
  "solucao": [0 6 5 0 7]
                [2 1 1 1 1],
  "funcao_objetivo": 0.97484487869574004440304952280900797749465196077146,
  "confiabilidade_total": 0.97484487869574004440304952280900797749465196077146
  "peso": 109.71000000000001,
  "custo": 85.85
}
 
Individuo 49:
{
  "solucao": [8 0 0 3 8]
                [2 1 1 1 1],
  "funcao_objetivo": 0.97739599287641123251299535508322702468537225305084,
  "confiabilidade_total": 0.97739599287641123251299535508322702468537225305084
  "peso": 106.42999999999999,
  "custo": 84.25
}
 
Individuo 50:
{
  "solucao": [8 4 8 6 1]
                [2 1 1 1 1],
  "funcao_objetivo": 0.96429631646072039305427844963532256248854052840446,
  "confiabilidade_total": 0.96429631646072039305427844963532256248854052840446
  "peso": 105.60999999999999,
  "custo": 81.21
}
 
-----------------------------------------
GERACAO 9
Mutante 1:
[[8.4 6.4 9.  3.6 0. ]
 [1.  1.  2.8 0.2 1. ]]
 
Mutante 2:
[[1.2 2.4 3.8 0.  0.2]
 [1.8 0.2 2.  0.2 1. ]]
 
Mutante 3:
[[0.  0.  3.  2.8 5.6]
 [2.  1.  1.  1.  1. ]]
 
Mutante 4:
[[0.  9.  9.8 0.  3.8]
 [1.2 1.  1.8 1.  1. ]]
 
Mutante 5:
[[0.  0.  4.8 6.6 5.6]
 [2.8 0.2 1.  1.  1. ]]
 
Mutante 6:
[[9.6 9.8 0.8 7.8 2.6]
 [1.  1.  1.8 2.  0.2]]
 
Mutante 7:
[[7.  5.2 9.  0.  4.2]
 [1.  1.  3.  1.  1. ]]
 
Mutante 8:
[[6.  9.6 4.8 5.6 5.4]
 [2.8 1.8 0.2 1.  1. ]]
 
Mutante 9:
[[9.  4.8 5.8 5.  3. ]
 [1.  2.  2.  1.  1. ]]
 
Mutante 10:
[[1.2 1.6 1.4 0.  0. ]
 [0.2 1.  2.8 1.  1. ]]
 
Mutante 11:
[[0.  0.  7.  0.4 9. ]
 [2.  0.2 0.2 2.6 1. ]]
 
Mutante 12:
[[7.4 9.  2.2 6.6 9. ]
 [2.  1.8 1.8 1.2 1. ]]
 
Mutante 13:
[[9.  0.  0.8 0.  4. ]
 [2.  1.  1.8 0.2 1. ]]
 
Mutante 14:
[[0.  7.6 2.8 0.  9.8]
 [2.8 0.2 0.2 1.  1. ]]
 
Mutante 15:
[[7.4 5.2 2.6 4.8 3.4]
 [0.2 1.  1.  2.  1. ]]
 
Mutante 16:
[[9.  8.  4.2 0.2 2.2]
 [1.  2.  2.8 0.2 1. ]]
 
Mutante 17:
[[5.8 2.  3.4 3.  0. ]
 [2.  1.  1.8 0.4 1. ]]
 
Mutante 18:
[[0.  0.  0.  0.  4.6]
 [1.  2.  1.  1.  1. ]]
 
Mutante 19:
[[0.  0.  5.4 0.  4.2]
 [1.  1.8 0.4 1.  1. ]]
 
Mutante 20:
[[9.  2.8 9.  0.  0. ]
 [1.  1.  3.  0.2 0.2]]
 
Mutante 21:
[[0.8 8.2 0.  4.  9. ]
 [0.2 1.  2.  2.6 1. ]]
 
Mutante 22:
[[0.  7.2 6.6 0.  9.4]
 [2.8 1.  1.  1.  1. ]]
 
Mutante 23:
[[0.  9.  0.  5.6 4.2]
 [1.  1.  2.  1.8 1. ]]
 
Mutante 24:
[[0.  3.6 6.  0.  6.6]
 [2.8 1.  1.  0.2 1. ]]
 
Mutante 25:
[[4.8 0.  9.  7.6 9. ]
 [2.8 1.  1.  1.  1. ]]
 
Mutante 26:
[[9.  2.6 8.2 7.4 2.6]
 [1.2 1.  1.  1.  2.6]]
 
Mutante 27:
[[5.  5.  7.6 1.6 4.8]
 [3.  1.  1.  1.  1. ]]
 
Mutante 28:
[[2.4 2.  9.  1.  9. ]
 [1.  0.2 0.2 1.  3. ]]
 
Mutante 29:
[[3.  1.8 4.  7.  8. ]
 [1.8 2.  0.2 2.  1. ]]
 
Mutante 30:
[[0.  0.  8.2 0.  7.4]
 [1.8 1.  2.  0.2 1. ]]
 
Mutante 31:
[[1.6 0.  3.8 8.  9. ]
 [1.8 2.  0.2 2.  1. ]]
 
Mutante 32:
[[9.  3.  6.6 0.  1.2]
 [1.  0.2 3.  0.2 2.6]]
 
Mutante 33:
[[1.2 0.  8.6 2.8 1.8]
 [1.8 1.  2.  1.  0.2]]
 
Mutante 34:
[[3.4 1.4 0.2 0.  9. ]
 [1.8 1.  1.  0.2 0.4]]
 
Mutante 35:
[[0.  1.  0.  2.4 5. ]
 [2.  1.  1.  1.  1. ]]
 
Mutante 36:
[[3.2 0.  0.8 0.  4.6]
 [1.  1.8 1.8 1.2 1. ]]
 
Mutante 37:
[[0.  9.8 7.8 0.  3.8]
 [0.2 2.8 1.  1.8 1. ]]
 
Mutante 38:
[[8.  5.  0.  0.  6.6]
 [2.  1.8 1.8 1.  1. ]]
 
Mutante 39:
[[8.6 3.2 2.8 7.  7.4]
 [1.  2.  2.  1.  1. ]]
 
Mutante 40:
[[6.4 2.6 3.4 0.8 9. ]
 [2.  1.8 0.2 1.  1. ]]
 
Mutante 41:
[[4.  8.2 0.  9.  9. ]
 [1.  1.  0.2 2.8 1. ]]
 
Mutante 42:
[[4.4 4.  9.  3.6 1. ]
 [1.8 1.8 2.  0.2 1. ]]
 
Mutante 43:
[[7.  8.2 4.2 1.  0.8]
 [2.  1.8 2.8 1.  1. ]]
 
Mutante 44:
[[7.4 9.  2.2 6.6 9. ]
 [2.  1.8 1.8 1.2 1. ]]
 
Mutante 45:
[[0.8 0.  5.8 0.  5.8]
 [2.  0.2 1.  1.  1. ]]
 
Mutante 46:
[[8.2 6.  4.2 9.  4.6]
 [2.8 1.  1.  2.  1. ]]
 
Mutante 47:
[[9.  7.6 1.8 5.4 0. ]
 [2.  1.  1.8 2.  0.2]]
 
Mutante 48:
[[9.  7.4 6.4 7.  8.8]
 [2.  2.  1.8 0.2 1. ]]
 
Mutante 49:
[[6.2 7.4 7.  0.  1.4]
 [1.8 1.2 1.  1.  1. ]]
 
Mutante 50:
[[5.  9.  5.4 6.4 5.2]
 [1.  2.  1.  2.  1. ]]
 
-----------------------------------------
Número de avaliações até o momento: 450
Evoluido 1:
[[8 6 7 3 0]
 [1 1 2 0 1]]
 
Evoluido 2:
[[5 2 3 0 0]
 [1 0 1 0 1]]
 
Evoluido 3:
[[0 0 3 2 5]
 [2 1 1 1 1]]
 
Evoluido 4:
[[0 9 9 1 3]
 [1 2 2 1 1]]
 
Evoluido 5:
[[0 0 7 6 5]
 [2 0 1 1 1]]
 
Evoluido 6:
[[9 9 0 2 2]
 [1 1 1 2 0]]
 
Evoluido 7:
[[2 5 9 0 4]
 [1 1 3 1 1]]
 
Evoluido 8:
[[6 9 4 5 5]
 [2 1 2 1 1]]
 
Evoluido 9:
[[5 5 6 5 3]
 [3 2 2 1 1]]
 
Evoluido 10:
[[1 1 1 0 8]
 [0 1 2 1 1]]
 
Evoluido 11:
[[0 0 7 0 9]
 [2 0 0 2 1]]
 
Evoluido 12:
[[7 9 2 6 9]
 [2 1 1 1 1]]
 
Evoluido 13:
[[9 0 0 7 4]
 [2 1 1 0 1]]
 
Evoluido 14:
[[8 7 2 0 9]
 [2 0 1 1 1]]
 
Evoluido 15:
[[7 5 2 4 3]
 [0 1 3 1 1]]
 
Evoluido 16:
[[9 8 4 8 2]
 [1 2 2 0 1]]
 
Evoluido 17:
[[7 2 7 3 1]
 [1 1 1 0 1]]
 
Evoluido 18:
[[0 0 3 5 4]
 [1 1 1 1 1]]
 
Evoluido 19:
[[0 0 5 0 4]
 [2 1 1 1 1]]
 
Evoluido 20:
[[3 2 9 0 0]
 [1 1 3 0 0]]
 
Evoluido 21:
[[0 8 0 4 9]
 [1 1 2 2 1]]
 
Evoluido 22:
[[0 7 0 0 5]
 [2 1 1 1 1]]
 
Evoluido 23:
[[0 9 0 2 4]
 [1 1 2 1 1]]
 
Evoluido 24:
[[0 5 2 0 9]
 [2 1 1 0 1]]
 
Evoluido 25:
[[4 0 1 0 9]
 [2 1 1 1 1]]
 
Evoluido 26:
[[9 2 8 0 2]
 [2 1 1 1 2]]
 
Evoluido 27:
[[5 5 7 1 5]
 [3 1 1 1 1]]
 
Evoluido 28:
[[3 5 9 1 3]
 [1 0 0 1 3]]
 
Evoluido 29:
[[3 5 4 1 8]
 [1 2 0 2 1]]
 
Evoluido 30:
[[0 0 6 0 7]
 [1 1 2 1 1]]
 
Evoluido 31:
[[1 0 3 8 9]
 [2 2 0 2 1]]
 
Evoluido 32:
[[9 3 0 0 1]
 [1 0 3 1 2]]
 
Evoluido 33:
[[1 0 8 2 1]
 [1 1 2 1 1]]
 
Evoluido 34:
[[3 1 0 0 6]
 [1 1 1 0 1]]
 
Evoluido 35:
[[0 1 2 2 5]
 [2 1 1 1 1]]
 
Evoluido 36:
[[3 0 0 0 4]
 [1 1 1 1 1]]
 
Evoluido 37:
[[5 9 7 5 3]
 [2 2 1 1 1]]
 
Evoluido 38:
[[8 5 0 0 6]
 [2 1 1 1 1]]
 
Evoluido 39:
[[2 3 0 7 7]
 [2 2 1 1 1]]
 
Evoluido 40:
[[6 8 3 5 9]
 [2 1 0 1 1]]
 
Evoluido 41:
[[4 8 0 9 9]
 [1 1 0 2 1]]
 
Evoluido 42:
[[4 8 9 3 1]
 [1 1 2 0 1]]
 
Evoluido 43:
[[7 8 4 1 9]
 [2 1 1 1 1]]
 
Evoluido 44:
[[8 9 2 6 9]
 [2 1 1 1 3]]
 
Evoluido 45:
[[0 0 1 0 5]
 [1 0 1 1 1]]
 
Evoluido 46:
[[8 6 4 7 4]
 [2 1 1 2 1]]
 
Evoluido 47:
[[9 7 1 5 0]
 [2 1 1 2 1]]
 
Evoluido 48:
[[9 7 5 7 7]
 [2 2 1 0 1]]
 
Evoluido 49:
[[6 0 0 0 1]
 [1 1 1 1 1]]
 
Evoluido 50:
[[5 9 8 6 1]
 [1 2 1 2 1]]
 
-----------------------------------------
Individuo 1:
{
  "solucao": [7 5 7 7 5]
                [2 2 1 1 1],
  "funcao_objetivo": 0.98853885010903615371210941115856537177840590220155,
  "confiabilidade_total": 0.98853885010903615371210941115856537177840590220155
  "peso": 100.79000000000002,
  "custo": 90.29
}
 
Individuo 2:
{
  "solucao": [5 6 1 7 3]
                [2 1 1 2 1],
  "funcao_objetivo": 0.98800758057471945759943220553270204940110372632789,
  "confiabilidade_total": 0.98800758057471945759943220553270204940110372632789
  "peso": 118.03,
  "custo": 89.4
}
 
Individuo 3:
{
  "solucao": [9 5 8 7 8]
                [2 2 1 1 1],
  "funcao_objetivo": 0.98715469879535842153012876199262275965705584572557,
  "confiabilidade_total": 0.98715469879535842153012876199262275965705584572557
  "peso": 109.59,
  "custo": 97.74
}
 
Individuo 4:
{
  "solucao": [8 6 8 1 1]
                [1 2 2 1 1],
  "funcao_objetivo": 0.98784629836692289381581487030993717703585129514809,
  "confiabilidade_total": 0.98784629836692289381581487030993717703585129514809
  "peso": 119.97999999999999,
  "custo": 94.28999999999999
}
 
Individuo 5:
{
  "solucao": [0 0 7 1 5]
                [2 1 1 1 1],
  "funcao_objetivo": 0.98102947690533358652671823636452592467638219580959,
  "confiabilidade_total": 0.98102947690533358652671823636452592467638219580959
  "peso": 107.79,
  "custo": 88.23
}
 
Individuo 6:
{
  "solucao": [2 0 7 2 1]
                [1 1 2 1 1],
  "funcao_objetivo": 0.97865807291684062189417045379890107152670063015230,
  "confiabilidade_total": 0.97865807291684062189417045379890107152670063015230
  "peso": 112.13,
  "custo": 79.52
}
 
Individuo 7:
{
  "solucao": [2 3 1 0 7]
                [1 1 2 1 1],
  "funcao_objetivo": 0.97854313506895451077649621870211774751033121769140,
  "confiabilidade_total": 0.97854313506895451077649621870211774751033121769140
  "peso": 115.5,
  "custo": 81.92
}
 
Individuo 8:
{
  "solucao": [8 0 7 8 4]
                [2 1 2 1 1],
  "funcao_objetivo": 0.97845511744503273585827603528251628680059127542821,
  "confiabilidade_total": 0.97845511744503273585827603528251628680059127542821
  "peso": 116.06,
  "custo": 99.88
}
 
Individuo 9:
{
  "solucao": [5 5 6 0 8]
                [3 1 1 1 1],
  "funcao_objetivo": 0.97593898462404917673822575569105669203776138783195,
  "confiabilidade_total": 0.97593898462404917673822575569105669203776138783195
  "peso": 113.78999999999999,
  "custo": 83.07
}
 
Individuo 10:
{
  "solucao": [3 8 5 0 8]
                [1 1 2 1 2],
  "funcao_objetivo": 0.97564572754574997085311823927069204544283600782491,
  "confiabilidade_total": 0.97564572754574997085311823927069204544283600782491
  "peso": 115.61999999999999,
  "custo": 88.76
}
 
Individuo 11:
{
  "solucao": [0 0 0 0 7]
                [1 1 1 2 1],
  "funcao_objetivo": 0.98477878973321109443416353280836494571964904727312,
  "confiabilidade_total": 0.98477878973321109443416353280836494571964904727312
  "peso": 115.5,
  "custo": 95.39
}
 
Individuo 12:
{
  "solucao": [0 0 7 2 8]
                [2 1 1 1 1],
  "funcao_objetivo": 0.97994349562229598626893050680172644708328339243974,
  "confiabilidade_total": 0.97994349562229598626893050680172644708328339243974
  "peso": 112.27000000000001,
  "custo": 86.00999999999999
}
 
Individuo 13:
{
  "solucao": [4 9 0 7 5]
                [1 1 1 2 1],
  "funcao_objetivo": 0.97384951415517409319485150085324333443699874990085,
  "confiabilidade_total": 0.97384951415517409319485150085324333443699874990085
  "peso": 105.46,
  "custo": 87.93
}
 
Individuo 14:
{
  "solucao": [8 1 1 0 9]
                [2 1 1 1 1],
  "funcao_objetivo": 0.97886218147790813727354777723866539375007568371970,
  "confiabilidade_total": 0.97886218147790813727354777723866539375007568371970
  "peso": 104.04,
  "custo": 90.1
}
 
Individuo 15:
{
  "solucao": [8 7 5 2 2]
                [1 1 3 1 1],
  "funcao_objetivo": 0.97273299731035290095620699612256308413537854655702,
  "confiabilidade_total": 0.97273299731035290095620699612256308413537854655702
  "peso": 118.38000000000001,
  "custo": 78.1
}
 
Individuo 16:
{
  "solucao": [8 5 3 8 8]
                [1 2 1 2 1],
  "funcao_objetivo": 0.97033984643712026317320353890262145499623346325764,
  "confiabilidade_total": 0.97033984643712026317320353890262145499623346325764
  "peso": 109.92999999999999,
  "custo": 86.0
}
 
Individuo 17:
{
  "solucao": [7 6 7 3 1]
                [1 1 3 1 1],
  "funcao_objetivo": 0.97013166652609817975920384740268917514581664626180,
  "confiabilidade_total": 0.97013166652609817975920384740268917514581664626180
  "peso": 116.87,
  "custo": 98.46
}
 
Individuo 18:
{
  "solucao": [4 0 3 5 5]
                [1 1 1 2 1],
  "funcao_objetivo": 0.96978730416799348699943757964022430787019516740051,
  "confiabilidade_total": 0.96978730416799348699943757964022430787019516740051
  "peso": 110.36,
  "custo": 73.06
}
 
Individuo 19:
{
  "solucao": [0 0 5 0 4]
                [2 1 1 1 1],
  "funcao_objetivo": 0.98331588432946957688747428079658090020942734634356,
  "confiabilidade_total": 0.98331588432946957688747428079658090020942734634356
  "peso": 119.56,
  "custo": 88.78999999999999
}
 
Individuo 20:
{
  "solucao": [3 5 4 7 8]
                [1 2 1 2 1],
  "funcao_objetivo": 0.97362737678066964850585778451773043484515677707678,
  "confiabilidade_total": 0.97362737678066964850585778451773043484515677707678
  "peso": 118.24,
  "custo": 89.66999999999999
}
 
Individuo 21:
{
  "solucao": [0 5 4 1 9]
                [1 2 1 1 1],
  "funcao_objetivo": 0.97630534106819065247884836351368825604820361062546,
  "confiabilidade_total": 0.97630534106819065247884836351368825604820361062546
  "peso": 109.99000000000001,
  "custo": 83.31
}
 
Individuo 22:
{
  "solucao": [0 7 0 0 5]
                [2 1 1 1 1],
  "funcao_objetivo": 0.97690738023383967205613787509973161630283254007141,
  "confiabilidade_total": 0.97690738023383967205613787509973161630283254007141
  "peso": 109.96,
  "custo": 89.59
}
 
Individuo 23:
{
  "solucao": [8 8 6 2 4]
                [1 1 2 1 1],
  "funcao_objetivo": 0.96696310315497920078777062820584140163301964023423,
  "confiabilidade_total": 0.96696310315497920078777062820584140163301964023423
  "peso": 115.68,
  "custo": 74.97
}
 
Individuo 24:
{
  "solucao": [1 5 2 5 9]
                [1 1 1 3 1],
  "funcao_objetivo": 0.97776995577416057540569758292799168873470404373378,
  "confiabilidade_total": 0.97776995577416057540569758292799168873470404373378
  "peso": 118.16,
  "custo": 83.27000000000001
}
 
Individuo 25:
{
  "solucao": [5 6 1 0 9]
                [1 1 1 2 1],
  "funcao_objetivo": 0.97258755064393614556074238926363875468367945847742,
  "confiabilidade_total": 0.97258755064393614556074238926363875468367945847742
  "peso": 111.8,
  "custo": 87.44
}
 
Individuo 26:
{
  "solucao": [0 0 5 0 9]
                [2 1 1 1 1],
  "funcao_objetivo": 0.98279083038896993577379506222009501713505911593806,
  "confiabilidade_total": 0.98279083038896993577379506222009501713505911593806
  "peso": 114.22,
  "custo": 92.53999999999999
}
 
Individuo 27:
{
  "solucao": [5 5 7 1 5]
                [3 1 1 1 1],
  "funcao_objetivo": 0.97297839435386607133942175461271601500099022242691,
  "confiabilidade_total": 0.97297839435386607133942175461271601500099022242691
  "peso": 105.90000000000002,
  "custo": 81.14
}
 
Individuo 28:
{
  "solucao": [3 5 3 0 3]
                [1 2 1 1 1],
  "funcao_objetivo": 0.97072185583703159756492679142765111022040167773322,
  "confiabilidade_total": 0.97072185583703159756492679142765111022040167773322
  "peso": 116.17999999999998,
  "custo": 72.67
}
 
Individuo 29:
{
  "solucao": [0 5 0 1 4]
                [2 1 1 1 1],
  "funcao_objetivo": 0.97423161365886395658813730973771147056185022994131,
  "confiabilidade_total": 0.97423161365886395658813730973771147056185022994131
  "peso": 117.38999999999999,
  "custo": 87.43
}
 
Individuo 30:
{
  "solucao": [0 0 6 0 7]
                [1 1 2 1 1],
  "funcao_objetivo": 0.98271317280085572605962552441215963543979306215656,
  "confiabilidade_total": 0.98271317280085572605962552441215963543979306215656
  "peso": 115.0,
  "custo": 87.91
}
 
Individuo 31:
{
  "solucao": [7 5 5 1 4]
                [2 1 2 1 1],
  "funcao_objetivo": 0.97623171568448983400901074075818037690655497268365,
  "confiabilidade_total": 0.97623171568448983400901074075818037690655497268365
  "peso": 114.34,
  "custo": 89.4
}
 
Individuo 32:
{
  "solucao": [0 9 0 0 9]
                [1 1 2 1 1],
  "funcao_objetivo": 0.97584263396885846366142281628200686600865116797976,
  "confiabilidade_total": 0.97604263396885856599258719180625968465863513284020
  "peso": 117.89999999999999,
  "custo": 100.02000000000001
}
 
Individuo 33:
{
  "solucao": [2 0 5 0 5]
                [1 1 2 1 1],
  "funcao_objetivo": 0.98152404338645201943775031922776540736140834445761,
  "confiabilidade_total": 0.98152404338645201943775031922776540736140834445761
  "peso": 107.46000000000001,
  "custo": 72.64
}
 
Individuo 34:
{
  "solucao": [5 7 7 8 6]
                [1 2 1 2 1],
  "funcao_objetivo": 0.96832734557119494487593049693154858283153590519174,
  "confiabilidade_total": 0.96832734557119494487593049693154858283153590519174
  "peso": 106.36,
  "custo": 93.9
}
 
Individuo 35:
{
  "solucao": [0 1 2 2 5]
                [2 1 1 1 1],
  "funcao_objetivo": 0.97812055396341765824755764610920043181456289676371,
  "confiabilidade_total": 0.97812055396341765824755764610920043181456289676371
  "peso": 118.83000000000001,
  "custo": 76.26
}
 
Individuo 36:
{
  "solucao": [0 0 7 2 9]
                [2 1 1 1 1],
  "funcao_objetivo": 0.97977048294680360144016282740220205449876352063936,
  "confiabilidade_total": 0.97977048294680360144016282740220205449876352063936
  "peso": 116.10000000000001,
  "custo": 90.44999999999999
}
 
Individuo 37:
{
  "solucao": [5 9 7 5 3]
                [2 2 1 1 1],
  "funcao_objetivo": 0.98766792609938143019703026780984722135041045320464,
  "confiabilidade_total": 0.98766792609938143019703026780984722135041045320464
  "peso": 117.31,
  "custo": 93.33000000000001
}
 
Individuo 38:
{
  "solucao": [9 2 8 0 4]
                [2 1 2 1 0],
  "funcao_objetivo": 0.97698764868104795423031166775806316682312621767288,
  "confiabilidade_total": 0.97698764868104795423031166775806316682312621767288
  "peso": 108.97999999999999,
  "custo": 87.88
}
 
Individuo 39:
{
  "solucao": [2 8 0 0 7]
                [2 1 1 1 1],
  "funcao_objetivo": 0.97535787138936099050557235405427193391057147090477,
  "confiabilidade_total": 0.97535787138936099050557235405427193391057147090477
  "peso": 114.73,
  "custo": 79.39
}
 
Individuo 40:
{
  "solucao": [9 8 5 5 3]
                [1 2 2 1 1],
  "funcao_objetivo": 0.98448193657912540610564563240054209092017223099951,
  "confiabilidade_total": 0.98448193657912540610564563240054209092017223099951
  "peso": 113.91,
  "custo": 87.4
}
 
Individuo 41:
{
  "solucao": [1 7 5 1 7]
                [1 1 1 1 2],
  "funcao_objetivo": 0.95564335300193229591850506032387850104340196575511,
  "confiabilidade_total": 0.95564335300193229591850506032387850104340196575511
  "peso": 93.38000000000001,
  "custo": 84.33
}
 
Individuo 42:
{
  "solucao": [4 8 9 0 7]
                [2 1 1 1 1],
  "funcao_objetivo": 0.97064994453965299160248571020315544672097059412701,
  "confiabilidade_total": 0.97064994453965299160248571020315544672097059412701
  "peso": 114.91,
  "custo": 90.17
}
 
Individuo 43:
{
  "solucao": [0 1 7 0 9]
                [2 1 1 1 1],
  "funcao_objetivo": 0.98015641030096411936275211837459233110782781861643,
  "confiabilidade_total": 0.98015641030096411936275211837459233110782781861643
  "peso": 111.47,
  "custo": 95.71000000000001
}
 
Individuo 44:
{
  "solucao": [8 2 9 1 5]
                [1 1 1 1 3],
  "funcao_objetivo": 0.94944207019933801665654330947077043986798057795025,
  "confiabilidade_total": 0.94944207019933801665654330947077043986798057795025
  "peso": 118.00999999999999,
  "custo": 86.31
}
 
Individuo 45:
{
  "solucao": [8 7 1 1 2]
                [1 2 2 1 1],
  "funcao_objetivo": 0.99027156027637068739849881091373699061154259699609,
  "confiabilidade_total": 0.99027156027637068739849881091373699061154259699609
  "peso": 119.91000000000001,
  "custo": 96.77
}
 
Individuo 46:
{
  "solucao": [7 8 2 7 9]
                [1 2 2 1 1],
  "funcao_objetivo": 0.97487163218222970913437141647069183926452716540263,
  "confiabilidade_total": 0.98595496551556314714323225487920099220593293856547
  "peso": 121.33000000000001,
  "custo": 93.15
}
 
Individuo 47:
{
  "solucao": [0 5 0 0 9]
                [2 1 1 1 1],
  "funcao_objetivo": 0.97686147805959386853007792795624195751143687736768,
  "confiabilidade_total": 0.97686147805959386853007792795624195751143687736768
  "peso": 114.21999999999998,
  "custo": 92.53999999999999
}
 
Individuo 48:
{
  "solucao": [0 6 5 0 7]
                [2 1 1 1 1],
  "funcao_objetivo": 0.97484487869574004440304952280900797749465196077146,
  "confiabilidade_total": 0.97484487869574004440304952280900797749465196077146
  "peso": 109.71000000000001,
  "custo": 85.85
}
 
Individuo 49:
{
  "solucao": [8 0 0 3 8]
                [2 1 1 1 1],
  "funcao_objetivo": 0.97739599287641123251299535508322702468537225305084,
  "confiabilidade_total": 0.97739599287641123251299535508322702468537225305084
  "peso": 106.42999999999999,
  "custo": 84.25
}
 
Individuo 50:
{
  "solucao": [8 4 8 6 1]
                [2 1 1 1 1],
  "funcao_objetivo": 0.96429631646072039305427844963532256248854052840446,
  "confiabilidade_total": 0.96429631646072039305427844963532256248854052840446
  "peso": 105.60999999999999,
  "custo": 81.21
}
 
-----------------------------------------
GERACAO 10
Mutante 1:
[[0.  1.  0.6 0.  5.8]
 [2.  0.2 1.  1.  1. ]]
 
Mutante 2:
[[9.  9.  5.4 7.4 4.6]
 [2.  2.8 1.  1.  1. ]]
 
Mutante 3:
[[8.2 9.  3.4 0.  3. ]
 [1.  2.  2.  1.  1. ]]
 
Mutante 4:
[[9.  6.6 0.  0.8 6.6]
 [2.  1.8 1.  1.  1. ]]
 
Mutante 5:
[[0.  5.  0.  0.  9. ]
 [1.  0.2 2.  1.  1. ]]
 
Mutante 6:
[[4.2 9.4 8.6 7.2 7.6]
 [0.2 2.  1.  2.  1. ]]
 
Mutante 7:
[[0.  0.  1.4 0.  5.8]
 [2.  0.2 1.  1.  1. ]]
 
Mutante 8:
[[4.  1.6 3.  4.2 5.8]
 [1.  1.  1.  2.  1. ]]
 
Mutante 9:
[[0.  1.6 1.8 0.  1.6]
 [2.8 0.2 1.  0.2 1. ]]
 
Mutante 10:
[[0.  0.  2.  1.  9.8]
 [1.8 0.2 0.2 3.  1. ]]
 
Mutante 11:
[[9.  0.2 9.  3.  8.8]
 [2.8 1.2 1.  1.  0.2]]
 
Mutante 12:
[[7.4 9.  5.8 1.8 0.6]
 [0.2 1.8 1.8 1.  2. ]]
 
Mutante 13:
[[2.4 1.2 9.8 0.8 7.8]
 [2.  1.  1.8 0.2 1. ]]
 
Mutante 14:
[[7.2 7.  1.  1.2 0.4]
 [1.8 1.  3.  1.  0.2]]
 
Mutante 15:
[[8.8 5.2 5.  5.  5. ]
 [0.2 1.  1.  2.6 3. ]]
 
Mutante 16:
[[9.  8.  8.  5.2 0. ]
 [2.8 1.  1.  1.  1. ]]
 
Mutante 17:
[[9.  9.  3.6 5.4 7.4]
 [1.  2.  2.  1.  1. ]]
 
Mutante 18:
[[0.  1.4 8.2 0.2 9.4]
 [1.  0.2 1.  1.  2. ]]
 
Mutante 19:
[[9.  8.6 5.  3.4 0. ]
 [1.  2.8 2.  0.2 1. ]]
 
Mutante 20:
[[3.4 0.  9.  0.  8. ]
 [3.  1.  1.8 0.2 1. ]]
 
Mutante 21:
[[7.4 9.  5.  2.6 4.6]
 [1.  1.  1.  1.  2. ]]
 
Mutante 22:
[[6.4 9.  4.  1.6 5. ]
 [1.  1.  3.  0.2 1. ]]
 
Mutante 23:
[[6.4 9.6 4.  6.  1. ]
 [2.8 1.  0.2 1.  1. ]]
 
Mutante 24:
[[6.  3.  6.6 4.  2.2]
 [1.8 1.8 1.2 1.  1. ]]
 
Mutante 25:
[[6.6 9.  6.2 5.  1.4]
 [2.  2.  1.  1.  1. ]]
 
Mutante 26:
[[0.  9.  2.4 0.8 5. ]
 [1.2 1.8 1.  1.  1. ]]
 
Mutante 27:
[[5.8 6.8 3.4 0.  6.6]
 [0.2 1.8 1.  2.  1. ]]
 
Mutante 28:
[[9.  8.  5.8 6.6 0. ]
 [1.  2.  2.  1.  1. ]]
 
Mutante 29:
[[0.  2.4 3.8 1.  6.6]
 [2.  1.  1.  1.  1. ]]
 
Mutante 30:
[[0.  6.4 0.  0.  4. ]
 [1.2 1.  1.8 1.  1. ]]
 
Mutante 31:
[[0.  6.4 3.  1.  6.6]
 [2.8 1.  0.2 1.  1. ]]
 
Mutante 32:
[[8.  4.2 3.  9.6 7.2]
 [1.  2.  1.  2.  1. ]]
 
Mutante 33:
[[9.  1.2 9.6 5.6 4. ]
 [2.  1.8 2.  1.  1. ]]
 
Mutante 34:
[[9.8 5.8 3.8 1.  8.2]
 [3.  1.  0.2 1.  1. ]]
 
Mutante 35:
[[0.  7.4 3.8 0.  2.2]
 [1.  1.2 1.  1.  1. ]]
 
Mutante 36:
[[9.  0.  8.8 0.  2.4]
 [2.  1.  2.  1.  1. ]]
 
Mutante 37:
[[0.  3.2 6.6 6.4 8.2]
 [1.2 1.8 1.  1.8 1. ]]
 
Mutante 38:
[[0.  0.8 0.  0.  7.4]
 [1.  1.  2.  1.  1. ]]
 
Mutante 39:
[[7.8 9.  5.4 7.  3.4]
 [2.  2.8 0.2 1.  1. ]]
 
Mutante 40:
[[0.  7.4 0.  0.  9. ]
 [2.  1.  0.2 1.  1. ]]
 
Mutante 41:
[[4.6 5.  4.  7.  2.4]
 [0.2 2.  1.8 2.  1. ]]
 
Mutante 42:
[[0. 5. 0. 0. 9.]
 [2. 1. 1. 1. 1.]]
 
Mutante 43:
[[0.  9.  2.6 0.  6.2]
 [2.8 1.  1.  0.2 1. ]]
 
Mutante 44:
[[5.4 9.  4.2 0.8 7.2]
 [1.  1.  2.8 1.  2. ]]
 
Mutante 45:
[[6.4 6.4 9.  4.8 0.6]
 [2.8 1.  1.  0.2 1. ]]
 
Mutante 46:
[[9.  0.2 0.  0.8 5. ]
 [1.2 1.8 1.8 1.  1. ]]
 
Mutante 47:
[[8.8 2.4 1.6 6.  2.6]
 [1.2 1.  1.  1.8 1. ]]
 
Mutante 48:
[[0.8 0.  3.  0.  8.2]
 [1.  1.  1.8 1.2 1. ]]
 
Mutante 49:
[[5.6 0.  5.2 2.  3.4]
 [2.  1.  1.  1.  1.8]]
 
Mutante 50:
[[5.8 9.  4.2 9.4 3.8]
 [2.  1.8 1.  2.  1. ]]
 
-----------------------------------------
Número de avaliações até o momento: 500
Evoluido 1:
[[0 1 0 0 5]
 [2 0 1 1 1]]
 
Evoluido 2:
[[9 9 5 7 3]
 [2 2 1 2 1]]
 
Evoluido 3:
[[9 5 3 0 3]
 [1 2 2 1 1]]
 
Evoluido 4:
[[9 6 0 0 1]
 [1 1 2 1 1]]
 
Evoluido 5:
[[0 0 0 0 9]
 [1 0 2 1 1]]
 
Evoluido 6:
[[4 9 7 7 7]
 [0 2 1 1 1]]
 
Evoluido 7:
[[2 0 1 0 5]
 [2 0 1 1 1]]
 
Evoluido 8:
[[4 1 3 8 5]
 [1 1 1 2 1]]
 
Evoluido 9:
[[0 1 1 0 8]
 [3 0 1 0 1]]
 
Evoluido 10:
[[0 8 2 0 9]
 [1 1 0 3 1]]
 
Evoluido 11:
[[9 0 0 3 7]
 [2 1 1 1 0]]
 
Evoluido 12:
[[0 9 5 1 0]
 [2 1 1 1 2]]
 
Evoluido 13:
[[4 9 0 7 7]
 [2 1 1 0 1]]
 
Evoluido 14:
[[8 7 1 1 0]
 [1 1 3 1 0]]
 
Evoluido 15:
[[8 5 5 2 5]
 [0 1 3 2 3]]
 
Evoluido 16:
[[8 8 8 5 0]
 [2 1 1 1 1]]
 
Evoluido 17:
[[9 6 3 5 7]
 [1 2 2 1 1]]
 
Evoluido 18:
[[0 0 8 5 5]
 [1 0 1 1 2]]
 
Evoluido 19:
[[0 8 5 3 0]
 [2 2 2 0 1]]
 
Evoluido 20:
[[3 0 9 0 8]
 [1 2 1 0 1]]
 
Evoluido 21:
[[7 9 5 2 4]
 [1 1 1 1 2]]
 
Evoluido 22:
[[0 9 0 1 5]
 [1 1 1 0 1]]
 
Evoluido 23:
[[6 9 6 6 1]
 [1 1 0 1 1]]
 
Evoluido 24:
[[6 3 6 4 2]
 [1 1 1 3 1]]
 
Evoluido 25:
[[6 9 6 5 1]
 [2 2 1 1 1]]
 
Evoluido 26:
[[0 9 2 0 9]
 [1 1 1 1 1]]
 
Evoluido 27:
[[5 6 3 0 6]
 [0 1 1 2 1]]
 
Evoluido 28:
[[3 8 5 6 3]
 [1 2 2 1 1]]
 
Evoluido 29:
[[0 2 3 1 6]
 [2 1 1 1 1]]
 
Evoluido 30:
[[0 6 0 0 4]
 [1 1 1 1 1]]
 
Evoluido 31:
[[0 6 3 1 4]
 [2 1 0 1 1]]
 
Evoluido 32:
[[8 9 0 9 7]
 [1 2 2 2 1]]
 
Evoluido 33:
[[9 1 9 5 5]
 [2 1 2 1 1]]
 
Evoluido 34:
[[9 7 3 8 6]
 [1 1 0 2 1]]
 
Evoluido 35:
[[0 1 3 0 2]
 [1 1 1 1 1]]
 
Evoluido 36:
[[9 0 8 0 2]
 [2 1 1 1 1]]
 
Evoluido 37:
[[0 9 7 6 8]
 [1 1 1 1 1]]
 
Evoluido 38:
[[0 0 0 0 7]
 [1 1 2 1 1]]
 
Evoluido 39:
[[7 9 5 0 3]
 [2 2 0 1 1]]
 
Evoluido 40:
[[0 7 5 0 9]
 [1 1 0 1 1]]
 
Evoluido 41:
[[4 7 4 7 2]
 [0 2 1 2 1]]
 
Evoluido 42:
[[0 5 0 0 9]
 [2 1 1 1 1]]
 
Evoluido 43:
[[0 9 2 0 6]
 [2 1 1 1 1]]
 
Evoluido 44:
[[5 9 4 0 5]
 [1 1 2 1 2]]
 
Evoluido 45:
[[6 6 1 4 0]
 [1 1 1 1 1]]
 
Evoluido 46:
[[9 0 0 0 5]
 [1 1 1 1 1]]
 
Evoluido 47:
[[8 2 1 6 9]
 [1 1 1 1 1]]
 
Evoluido 48:
[[0 6 3 0 8]
 [2 1 1 1 1]]
 
Evoluido 49:
[[8 0 5 2 3]
 [2 1 1 1 1]]
 
Evoluido 50:
[[8 9 4 9 3]
 [2 1 1 2 1]]
 
-----------------------------------------
Individuo 1:
{
  "solucao": [7 5 7 7 5]
                [2 2 1 1 1],
  "funcao_objetivo": 0.98853885010903615371210941115856537177840590220155,
  "confiabilidade_total": 0.98853885010903615371210941115856537177840590220155
  "peso": 100.79000000000002,
  "custo": 90.29
}
 
Individuo 2:
{
  "solucao": [5 6 1 7 3]
                [2 1 1 2 1],
  "funcao_objetivo": 0.98800758057471945759943220553270204940110372632789,
  "confiabilidade_total": 0.98800758057471945759943220553270204940110372632789
  "peso": 118.03,
  "custo": 89.4
}
 
Individuo 3:
{
  "solucao": [9 5 8 7 8]
                [2 2 1 1 1],
  "funcao_objetivo": 0.98715469879535842153012876199262275965705584572557,
  "confiabilidade_total": 0.98715469879535842153012876199262275965705584572557
  "peso": 109.59,
  "custo": 97.74
}
 
Individuo 4:
{
  "solucao": [8 6 8 1 1]
                [1 2 2 1 1],
  "funcao_objetivo": 0.98784629836692289381581487030993717703585129514809,
  "confiabilidade_total": 0.98784629836692289381581487030993717703585129514809
  "peso": 119.97999999999999,
  "custo": 94.28999999999999
}
 
Individuo 5:
{
  "solucao": [0 0 7 1 5]
                [2 1 1 1 1],
  "funcao_objetivo": 0.98102947690533358652671823636452592467638219580959,
  "confiabilidade_total": 0.98102947690533358652671823636452592467638219580959
  "peso": 107.79,
  "custo": 88.23
}
 
Individuo 6:
{
  "solucao": [2 0 7 2 1]
                [1 1 2 1 1],
  "funcao_objetivo": 0.97865807291684062189417045379890107152670063015230,
  "confiabilidade_total": 0.97865807291684062189417045379890107152670063015230
  "peso": 112.13,
  "custo": 79.52
}
 
Individuo 7:
{
  "solucao": [2 3 1 0 7]
                [1 1 2 1 1],
  "funcao_objetivo": 0.97854313506895451077649621870211774751033121769140,
  "confiabilidade_total": 0.97854313506895451077649621870211774751033121769140
  "peso": 115.5,
  "custo": 81.92
}
 
Individuo 8:
{
  "solucao": [8 0 7 8 4]
                [2 1 2 1 1],
  "funcao_objetivo": 0.97845511744503273585827603528251628680059127542821,
  "confiabilidade_total": 0.97845511744503273585827603528251628680059127542821
  "peso": 116.06,
  "custo": 99.88
}
 
Individuo 9:
{
  "solucao": [5 5 6 0 8]
                [3 1 1 1 1],
  "funcao_objetivo": 0.97593898462404917673822575569105669203776138783195,
  "confiabilidade_total": 0.97593898462404917673822575569105669203776138783195
  "peso": 113.78999999999999,
  "custo": 83.07
}
 
Individuo 10:
{
  "solucao": [3 8 5 0 8]
                [1 1 2 1 2],
  "funcao_objetivo": 0.97564572754574997085311823927069204544283600782491,
  "confiabilidade_total": 0.97564572754574997085311823927069204544283600782491
  "peso": 115.61999999999999,
  "custo": 88.76
}
 
Individuo 11:
{
  "solucao": [0 0 0 0 7]
                [1 1 1 2 1],
  "funcao_objetivo": 0.98477878973321109443416353280836494571964904727312,
  "confiabilidade_total": 0.98477878973321109443416353280836494571964904727312
  "peso": 115.5,
  "custo": 95.39
}
 
Individuo 12:
{
  "solucao": [0 0 7 2 8]
                [2 1 1 1 1],
  "funcao_objetivo": 0.97994349562229598626893050680172644708328339243974,
  "confiabilidade_total": 0.97994349562229598626893050680172644708328339243974
  "peso": 112.27000000000001,
  "custo": 86.00999999999999
}
 
Individuo 13:
{
  "solucao": [4 9 0 7 5]
                [1 1 1 2 1],
  "funcao_objetivo": 0.97384951415517409319485150085324333443699874990085,
  "confiabilidade_total": 0.97384951415517409319485150085324333443699874990085
  "peso": 105.46,
  "custo": 87.93
}
 
Individuo 14:
{
  "solucao": [8 1 1 0 9]
                [2 1 1 1 1],
  "funcao_objetivo": 0.97886218147790813727354777723866539375007568371970,
  "confiabilidade_total": 0.97886218147790813727354777723866539375007568371970
  "peso": 104.04,
  "custo": 90.1
}
 
Individuo 15:
{
  "solucao": [8 7 5 2 2]
                [1 1 3 1 1],
  "funcao_objetivo": 0.97273299731035290095620699612256308413537854655702,
  "confiabilidade_total": 0.97273299731035290095620699612256308413537854655702
  "peso": 118.38000000000001,
  "custo": 78.1
}
 
Individuo 16:
{
  "solucao": [8 5 3 8 8]
                [1 2 1 2 1],
  "funcao_objetivo": 0.97033984643712026317320353890262145499623346325764,
  "confiabilidade_total": 0.97033984643712026317320353890262145499623346325764
  "peso": 109.92999999999999,
  "custo": 86.0
}
 
Individuo 17:
{
  "solucao": [7 6 7 3 1]
                [1 1 3 1 1],
  "funcao_objetivo": 0.97013166652609817975920384740268917514581664626180,
  "confiabilidade_total": 0.97013166652609817975920384740268917514581664626180
  "peso": 116.87,
  "custo": 98.46
}
 
Individuo 18:
{
  "solucao": [4 0 3 5 5]
                [1 1 1 2 1],
  "funcao_objetivo": 0.96978730416799348699943757964022430787019516740051,
  "confiabilidade_total": 0.96978730416799348699943757964022430787019516740051
  "peso": 110.36,
  "custo": 73.06
}
 
Individuo 19:
{
  "solucao": [0 0 5 0 4]
                [2 1 1 1 1],
  "funcao_objetivo": 0.98331588432946957688747428079658090020942734634356,
  "confiabilidade_total": 0.98331588432946957688747428079658090020942734634356
  "peso": 119.56,
  "custo": 88.78999999999999
}
 
Individuo 20:
{
  "solucao": [3 5 4 7 8]
                [1 2 1 2 1],
  "funcao_objetivo": 0.97362737678066964850585778451773043484515677707678,
  "confiabilidade_total": 0.97362737678066964850585778451773043484515677707678
  "peso": 118.24,
  "custo": 89.66999999999999
}
 
Individuo 21:
{
  "solucao": [0 5 4 1 9]
                [1 2 1 1 1],
  "funcao_objetivo": 0.97630534106819065247884836351368825604820361062546,
  "confiabilidade_total": 0.97630534106819065247884836351368825604820361062546
  "peso": 109.99000000000001,
  "custo": 83.31
}
 
Individuo 22:
{
  "solucao": [0 7 0 0 5]
                [2 1 1 1 1],
  "funcao_objetivo": 0.97690738023383967205613787509973161630283254007141,
  "confiabilidade_total": 0.97690738023383967205613787509973161630283254007141
  "peso": 109.96,
  "custo": 89.59
}
 
Individuo 23:
{
  "solucao": [8 8 6 2 4]
                [1 1 2 1 1],
  "funcao_objetivo": 0.96696310315497920078777062820584140163301964023423,
  "confiabilidade_total": 0.96696310315497920078777062820584140163301964023423
  "peso": 115.68,
  "custo": 74.97
}
 
Individuo 24:
{
  "solucao": [1 5 2 5 9]
                [1 1 1 3 1],
  "funcao_objetivo": 0.97776995577416057540569758292799168873470404373378,
  "confiabilidade_total": 0.97776995577416057540569758292799168873470404373378
  "peso": 118.16,
  "custo": 83.27000000000001
}
 
Individuo 25:
{
  "solucao": [5 6 1 0 9]
                [1 1 1 2 1],
  "funcao_objetivo": 0.97258755064393614556074238926363875468367945847742,
  "confiabilidade_total": 0.97258755064393614556074238926363875468367945847742
  "peso": 111.8,
  "custo": 87.44
}
 
Individuo 26:
{
  "solucao": [0 0 5 0 9]
                [2 1 1 1 1],
  "funcao_objetivo": 0.98279083038896993577379506222009501713505911593806,
  "confiabilidade_total": 0.98279083038896993577379506222009501713505911593806
  "peso": 114.22,
  "custo": 92.53999999999999
}
 
Individuo 27:
{
  "solucao": [5 5 7 1 5]
                [3 1 1 1 1],
  "funcao_objetivo": 0.97297839435386607133942175461271601500099022242691,
  "confiabilidade_total": 0.97297839435386607133942175461271601500099022242691
  "peso": 105.90000000000002,
  "custo": 81.14
}
 
Individuo 28:
{
  "solucao": [3 5 3 0 3]
                [1 2 1 1 1],
  "funcao_objetivo": 0.97072185583703159756492679142765111022040167773322,
  "confiabilidade_total": 0.97072185583703159756492679142765111022040167773322
  "peso": 116.17999999999998,
  "custo": 72.67
}
 
Individuo 29:
{
  "solucao": [0 5 0 1 4]
                [2 1 1 1 1],
  "funcao_objetivo": 0.97423161365886395658813730973771147056185022994131,
  "confiabilidade_total": 0.97423161365886395658813730973771147056185022994131
  "peso": 117.38999999999999,
  "custo": 87.43
}
 
Individuo 30:
{
  "solucao": [0 0 6 0 7]
                [1 1 2 1 1],
  "funcao_objetivo": 0.98271317280085572605962552441215963543979306215656,
  "confiabilidade_total": 0.98271317280085572605962552441215963543979306215656
  "peso": 115.0,
  "custo": 87.91
}
 
Individuo 31:
{
  "solucao": [7 5 5 1 4]
                [2 1 2 1 1],
  "funcao_objetivo": 0.97623171568448983400901074075818037690655497268365,
  "confiabilidade_total": 0.97623171568448983400901074075818037690655497268365
  "peso": 114.34,
  "custo": 89.4
}
 
Individuo 32:
{
  "solucao": [0 9 0 0 9]
                [1 1 2 1 1],
  "funcao_objetivo": 0.97584263396885846366142281628200686600865116797976,
  "confiabilidade_total": 0.97604263396885856599258719180625968465863513284020
  "peso": 117.89999999999999,
  "custo": 100.02000000000001
}
 
Individuo 33:
{
  "solucao": [2 0 5 0 5]
                [1 1 2 1 1],
  "funcao_objetivo": 0.98152404338645201943775031922776540736140834445761,
  "confiabilidade_total": 0.98152404338645201943775031922776540736140834445761
  "peso": 107.46000000000001,
  "custo": 72.64
}
 
Individuo 34:
{
  "solucao": [5 7 7 8 6]
                [1 2 1 2 1],
  "funcao_objetivo": 0.96832734557119494487593049693154858283153590519174,
  "confiabilidade_total": 0.96832734557119494487593049693154858283153590519174
  "peso": 106.36,
  "custo": 93.9
}
 
Individuo 35:
{
  "solucao": [0 1 2 2 5]
                [2 1 1 1 1],
  "funcao_objetivo": 0.97812055396341765824755764610920043181456289676371,
  "confiabilidade_total": 0.97812055396341765824755764610920043181456289676371
  "peso": 118.83000000000001,
  "custo": 76.26
}
 
Individuo 36:
{
  "solucao": [0 0 7 2 9]
                [2 1 1 1 1],
  "funcao_objetivo": 0.97977048294680360144016282740220205449876352063936,
  "confiabilidade_total": 0.97977048294680360144016282740220205449876352063936
  "peso": 116.10000000000001,
  "custo": 90.44999999999999
}
 
Individuo 37:
{
  "solucao": [5 9 7 5 3]
                [2 2 1 1 1],
  "funcao_objetivo": 0.98766792609938143019703026780984722135041045320464,
  "confiabilidade_total": 0.98766792609938143019703026780984722135041045320464
  "peso": 117.31,
  "custo": 93.33000000000001
}
 
Individuo 38:
{
  "solucao": [0 0 0 0 7]
                [1 1 2 1 1],
  "funcao_objetivo": 0.98477878973321109443416353280836494571964904727312,
  "confiabilidade_total": 0.98477878973321109443416353280836494571964904727312
  "peso": 115.5,
  "custo": 95.39
}
 
Individuo 39:
{
  "solucao": [2 8 0 0 7]
                [2 1 1 1 1],
  "funcao_objetivo": 0.97535787138936099050557235405427193391057147090477,
  "confiabilidade_total": 0.97535787138936099050557235405427193391057147090477
  "peso": 114.73,
  "custo": 79.39
}
 
Individuo 40:
{
  "solucao": [9 8 5 5 3]
                [1 2 2 1 1],
  "funcao_objetivo": 0.98448193657912540610564563240054209092017223099951,
  "confiabilidade_total": 0.98448193657912540610564563240054209092017223099951
  "peso": 113.91,
  "custo": 87.4
}
 
Individuo 41:
{
  "solucao": [1 7 5 1 7]
                [1 1 1 1 2],
  "funcao_objetivo": 0.95564335300193229591850506032387850104340196575511,
  "confiabilidade_total": 0.95564335300193229591850506032387850104340196575511
  "peso": 93.38000000000001,
  "custo": 84.33
}
 
Individuo 42:
{
  "solucao": [0 5 0 0 9]
                [2 1 1 1 1],
  "funcao_objetivo": 0.97686147805959386853007792795624195751143687736768,
  "confiabilidade_total": 0.97686147805959386853007792795624195751143687736768
  "peso": 114.21999999999998,
  "custo": 92.53999999999999
}
 
Individuo 43:
{
  "solucao": [0 1 7 0 9]
                [2 1 1 1 1],
  "funcao_objetivo": 0.98015641030096411936275211837459233110782781861643,
  "confiabilidade_total": 0.98015641030096411936275211837459233110782781861643
  "peso": 111.47,
  "custo": 95.71000000000001
}
 
Individuo 44:
{
  "solucao": [8 2 9 1 5]
                [1 1 1 1 3],
  "funcao_objetivo": 0.94944207019933801665654330947077043986798057795025,
  "confiabilidade_total": 0.94944207019933801665654330947077043986798057795025
  "peso": 118.00999999999999,
  "custo": 86.31
}
 
Individuo 45:
{
  "solucao": [8 7 1 1 2]
                [1 2 2 1 1],
  "funcao_objetivo": 0.99027156027637068739849881091373699061154259699609,
  "confiabilidade_total": 0.99027156027637068739849881091373699061154259699609
  "peso": 119.91000000000001,
  "custo": 96.77
}
 
Individuo 46:
{
  "solucao": [7 8 2 7 9]
                [1 2 2 1 1],
  "funcao_objetivo": 0.97487163218222970913437141647069183926452716540263,
  "confiabilidade_total": 0.98595496551556314714323225487920099220593293856547
  "peso": 121.33000000000001,
  "custo": 93.15
}
 
Individuo 47:
{
  "solucao": [0 6 3 0 8]
                [2 1 1 1 1],
  "funcao_objetivo": 0.97533363419961206871469072110343481895037894522752,
  "confiabilidade_total": 0.97533363419961206871469072110343481895037894522752
  "peso": 117.56,
  "custo": 86.02999999999999
}
 
Individuo 48:
{
  "solucao": [8 0 0 3 8]
                [2 1 1 1 1],
  "funcao_objetivo": 0.97739599287641123251299535508322702468537225305084,
  "confiabilidade_total": 0.97739599287641123251299535508322702468537225305084
  "peso": 106.42999999999999,
  "custo": 84.25
}
 
Individuo 49:
{
  "solucao": [8 4 8 6 1]
                [2 1 1 1 1],
  "funcao_objetivo": 0.96429631646072039305427844963532256248854052840446,
  "confiabilidade_total": 0.96429631646072039305427844963532256248854052840446
  "peso": 105.60999999999999,
  "custo": 81.21
}
 
Individuo 50:
{
  "solucao": [9 0 8 0 2]
                [2 1 1 1 1],
  "funcao_objetivo": 0.97916972778711944778030901810051671792840805819360,
  "confiabilidade_total": 0.97916972778711944778030901810051671792840805819360
  "peso": 114.67,
  "custo": 90.63999999999999
}
 
-----------------------------------------
O algoritmo de evolução diferencial obteve em 10 geracoes o resultado para a funcao objetivo de 0.99027156027637068739849881091373699061154259699609
Com os seguintes valores para cada variavel de decisao:
T1: 8
Q1: 1
T2: 7
Q2: 2
T3: 1
Q3: 2
T4: 1
Q4: 1
T5: 2
Q5: 1


